null_kind,domain,split_regime,layer,perm_idx,null_delta_auc
elasticity_feature_shuffle_within_geodesic_bins,external_lung,source_disjoint,0,0,0.006330905004083176
elasticity_feature_shuffle_within_geodesic_bins,external_lung,source_disjoint,0,1,0.005045318930457121
elasticity_feature_shuffle_within_geodesic_bins,external_lung,source_disjoint,0,2,0.007802456358799947
elasticity_feature_shuffle_within_geodesic_bins,external_lung,source_disjoint,0,3,0.003565682128736536
elasticity_feature_shuffle_within_geodesic_bins,external_lung,source_disjoint,0,4,0.006274306875055591
elasticity_feature_shuffle_within_geodesic_bins,external_lung,source_disjoint,0,5,0.00559512932672479
elasticity_feature_shuffle_within_geodesic_bins,external_lung,source_disjoint,0,6,0.00291076092141751
elasticity_feature_shuffle_within_geodesic_bins,external_lung,source_disjoint,0,7,0.005481933068669842
elasticity_feature_shuffle_within_geodesic_bins,external_lung,source_disjoint,0,8,0.0023286087371340303
elasticity_feature_shuffle_within_geodesic_bins,external_lung,source_disjoint,0,9,0.0030805553085002657
elasticity_feature_shuffle_within_geodesic_bins,external_lung,source_disjoint,0,10,0.007074766128445487
elasticity_feature_shuffle_within_geodesic_bins,external_lung,source_disjoint,0,11,0.006250050534043816
elasticity_feature_shuffle_within_geodesic_bins,external_lung,source_disjoint,0,12,0.006064085252953211
elasticity_feature_shuffle_within_geodesic_bins,external_lung,source_disjoint,0,13,0.002288181502114295
elasticity_feature_shuffle_within_geodesic_bins,external_lung,source_disjoint,0,14,0.0027975646633623397
elasticity_feature_shuffle_within_geodesic_bins,external_lung,source_disjoint,0,15,0.007535636607669871
elasticity_feature_shuffle_within_geodesic_bins,external_lung,source_disjoint,0,16,0.0019000800459253453
elasticity_feature_shuffle_within_geodesic_bins,external_lung,source_disjoint,0,17,0.0035252548937168005
elasticity_feature_shuffle_within_geodesic_bins,external_lung,source_disjoint,0,18,0.0036707929397875594
elasticity_feature_shuffle_within_geodesic_bins,external_lung,source_disjoint,0,19,0.006250050534043816
elasticity_feature_shuffle_within_geodesic_bins,external_lung,source_disjoint,0,20,0.0025954284882639955
elasticity_feature_shuffle_within_geodesic_bins,external_lung,source_disjoint,0,21,0.005805350948827281
elasticity_feature_shuffle_within_geodesic_bins,external_lung,source_disjoint,0,22,0.0049482935664098004
elasticity_feature_shuffle_within_geodesic_bins,external_lung,source_disjoint,0,23,0.003711220174807295
elasticity_feature_shuffle_within_geodesic_bins,external_lung,source_disjoint,3,0,-0.00847354846012649
elasticity_feature_shuffle_within_geodesic_bins,external_lung,source_disjoint,3,1,-0.002417548654177315
elasticity_feature_shuffle_within_geodesic_bins,external_lung,source_disjoint,3,2,-0.00012936715206302019
elasticity_feature_shuffle_within_geodesic_bins,external_lung,source_disjoint,3,3,-0.003129067990523815
elasticity_feature_shuffle_within_geodesic_bins,external_lung,source_disjoint,3,4,0.003048213520484344
elasticity_feature_shuffle_within_geodesic_bins,external_lung,source_disjoint,3,5,0.011335796699520562
elasticity_feature_shuffle_within_geodesic_bins,external_lung,source_disjoint,3,6,-0.0029673590504450953
elasticity_feature_shuffle_within_geodesic_bins,external_lung,source_disjoint,3,7,-0.006840288165331332
elasticity_feature_shuffle_within_geodesic_bins,external_lung,source_disjoint,3,8,0.0007034338893425751
elasticity_feature_shuffle_within_geodesic_bins,external_lung,source_disjoint,3,9,-0.0018758237049134596
elasticity_feature_shuffle_within_geodesic_bins,external_lung,source_disjoint,3,10,-0.010947695243331501
elasticity_feature_shuffle_within_geodesic_bins,external_lung,source_disjoint,3,11,-0.00016170894007871972
elasticity_feature_shuffle_within_geodesic_bins,external_lung,source_disjoint,3,12,0.0003072469861498117
elasticity_feature_shuffle_within_geodesic_bins,external_lung,source_disjoint,3,13,0.002191156138067085
elasticity_feature_shuffle_within_geodesic_bins,external_lung,source_disjoint,3,14,-0.0025064885712207108
elasticity_feature_shuffle_within_geodesic_bins,external_lung,source_disjoint,3,15,-0.0022396688200907455
elasticity_feature_shuffle_within_geodesic_bins,external_lung,source_disjoint,3,16,-0.009152726008457401
elasticity_feature_shuffle_within_geodesic_bins,external_lung,source_disjoint,3,17,0.003937612690917747
elasticity_feature_shuffle_within_geodesic_bins,external_lung,source_disjoint,3,18,0.0003719305621812108
elasticity_feature_shuffle_within_geodesic_bins,external_lung,source_disjoint,3,19,0.0016009185067795695
elasticity_feature_shuffle_within_geodesic_bins,external_lung,source_disjoint,3,20,0.0019485927279490056
elasticity_feature_shuffle_within_geodesic_bins,external_lung,source_disjoint,3,21,0.004406568617145945
elasticity_feature_shuffle_within_geodesic_bins,external_lung,source_disjoint,3,22,0.009937014367839336
elasticity_feature_shuffle_within_geodesic_bins,external_lung,source_disjoint,3,23,0.0036061093637561603
elasticity_feature_shuffle_within_geodesic_bins,external_lung,source_disjoint,7,0,0.00730924409155953
elasticity_feature_shuffle_within_geodesic_bins,external_lung,source_disjoint,7,1,0.0053687368106144495
elasticity_feature_shuffle_within_geodesic_bins,external_lung,source_disjoint,7,2,0.009096127879429816
elasticity_feature_shuffle_within_geodesic_bins,external_lung,source_disjoint,7,3,0.010559593787142552
elasticity_feature_shuffle_within_geodesic_bins,external_lung,source_disjoint,7,4,0.005667898349760225
elasticity_feature_shuffle_within_geodesic_bins,external_lung,source_disjoint,7,5,0.012192854081938043
elasticity_feature_shuffle_within_geodesic_bins,external_lung,source_disjoint,7,6,0.0070747661284453756
elasticity_feature_shuffle_within_geodesic_bins,external_lung,source_disjoint,7,7,0.005611300220732529
elasticity_feature_shuffle_within_geodesic_bins,external_lung,source_disjoint,7,8,0.008028848874909955
elasticity_feature_shuffle_within_geodesic_bins,external_lung,source_disjoint,7,9,0.010794071750256595
elasticity_feature_shuffle_within_geodesic_bins,external_lung,source_disjoint,7,10,0.006993911658405905
elasticity_feature_shuffle_within_geodesic_bins,external_lung,source_disjoint,7,11,0.007980336192886295
elasticity_feature_shuffle_within_geodesic_bins,external_lung,source_disjoint,7,12,0.00671092101326809
elasticity_feature_shuffle_within_geodesic_bins,external_lung,source_disjoint,7,13,0.008061190662925655
elasticity_feature_shuffle_within_geodesic_bins,external_lung,source_disjoint,7,14,0.005975145335909815
elasticity_feature_shuffle_within_geodesic_bins,external_lung,source_disjoint,7,15,0.008368437649075355
elasticity_feature_shuffle_within_geodesic_bins,external_lung,source_disjoint,7,16,0.006460272156146196
elasticity_feature_shuffle_within_geodesic_bins,external_lung,source_disjoint,7,17,0.00790756716985086
elasticity_feature_shuffle_within_geodesic_bins,external_lung,source_disjoint,7,18,0.00785905448782731
elasticity_feature_shuffle_within_geodesic_bins,external_lung,source_disjoint,7,19,0.008352266755067506
elasticity_feature_shuffle_within_geodesic_bins,external_lung,source_disjoint,7,20,0.010777900856248745
elasticity_feature_shuffle_within_geodesic_bins,external_lung,source_disjoint,7,21,0.006444101262138124
elasticity_feature_shuffle_within_geodesic_bins,external_lung,source_disjoint,7,22,0.007592234736697345
elasticity_feature_shuffle_within_geodesic_bins,external_lung,source_disjoint,7,23,0.0063632467920988756
elasticity_feature_shuffle_within_geodesic_bins,external_lung,source_disjoint,11,0,0.007390098561599001
elasticity_feature_shuffle_within_geodesic_bins,external_lung,source_disjoint,11,1,0.004891695437382215
elasticity_feature_shuffle_within_geodesic_bins,external_lung,source_disjoint,11,2,0.00171411476483474
elasticity_feature_shuffle_within_geodesic_bins,external_lung,source_disjoint,11,3,0.007665003759732891
elasticity_feature_shuffle_within_geodesic_bins,external_lung,source_disjoint,11,4,0.006969655317394241
elasticity_feature_shuffle_within_geodesic_bins,external_lung,source_disjoint,11,5,0.0057972655018231345
elasticity_feature_shuffle_within_geodesic_bins,external_lung,source_disjoint,11,6,0.005764923713807546
elasticity_feature_shuffle_within_geodesic_bins,external_lung,source_disjoint,11,7,0.00701816799941779
elasticity_feature_shuffle_within_geodesic_bins,external_lung,source_disjoint,11,8,0.0071475351514808105
elasticity_feature_shuffle_within_geodesic_bins,external_lung,source_disjoint,11,9,0.006969655317394241
elasticity_feature_shuffle_within_geodesic_bins,external_lung,source_disjoint,11,10,0.003969954478933335
elasticity_feature_shuffle_within_geodesic_bins,external_lung,source_disjoint,11,11,0.005578958432716941
elasticity_feature_shuffle_within_geodesic_bins,external_lung,source_disjoint,11,12,0.006452186709142271
elasticity_feature_shuffle_within_geodesic_bins,external_lung,source_disjoint,11,13,0.004503593981193377
elasticity_feature_shuffle_within_geodesic_bins,external_lung,source_disjoint,11,14,0.005312138681587086
elasticity_feature_shuffle_within_geodesic_bins,external_lung,source_disjoint,11,15,0.005700240137776036
elasticity_feature_shuffle_within_geodesic_bins,external_lung,source_disjoint,11,16,0.0043014578060949216
elasticity_feature_shuffle_within_geodesic_bins,external_lung,source_disjoint,11,17,0.009621681934685822
elasticity_feature_shuffle_within_geodesic_bins,external_lung,source_disjoint,11,18,0.005255540552559501
elasticity_feature_shuffle_within_geodesic_bins,external_lung,source_disjoint,11,19,0.01055959378714244
elasticity_feature_shuffle_within_geodesic_bins,external_lung,source_disjoint,11,20,0.009839989003792127
elasticity_feature_shuffle_within_geodesic_bins,external_lung,source_disjoint,11,21,0.009217409584488911
elasticity_feature_shuffle_within_geodesic_bins,external_lung,source_disjoint,11,22,0.006840288165331221
elasticity_feature_shuffle_within_geodesic_bins,external_lung,source_disjoint,11,23,0.007479038478642175
elasticity_feature_shuffle_within_geodesic_bins,external_lung,target_disjoint,0,0,0.0037974738543490316
elasticity_feature_shuffle_within_geodesic_bins,external_lung,target_disjoint,0,1,0.00618718852241773
elasticity_feature_shuffle_within_geodesic_bins,external_lung,target_disjoint,0,2,0.0044883186402087105
elasticity_feature_shuffle_within_geodesic_bins,external_lung,target_disjoint,0,3,0.0065999574196295985
elasticity_feature_shuffle_within_geodesic_bins,external_lung,target_disjoint,0,4,0.005787454432486294
elasticity_feature_shuffle_within_geodesic_bins,external_lung,target_disjoint,0,5,0.0055354481583990145
elasticity_feature_shuffle_within_geodesic_bins,external_lung,target_disjoint,0,6,0.004875017922860048
elasticity_feature_shuffle_within_geodesic_bins,external_lung,target_disjoint,0,7,0.008742010749370976
elasticity_feature_shuffle_within_geodesic_bins,external_lung,target_disjoint,0,8,0.004327556017084344
elasticity_feature_shuffle_within_geodesic_bins,external_lung,target_disjoint,0,9,0.009467615021311881
elasticity_feature_shuffle_within_geodesic_bins,external_lung,target_disjoint,0,10,0.010106320578050276
elasticity_feature_shuffle_within_geodesic_bins,external_lung,target_disjoint,0,11,0.007147419325405302
elasticity_feature_shuffle_within_geodesic_bins,external_lung,target_disjoint,0,12,0.007286457269729318
elasticity_feature_shuffle_within_geodesic_bins,external_lung,target_disjoint,0,13,0.0036627808457851962
elasticity_feature_shuffle_within_geodesic_bins,external_lung,target_disjoint,0,14,0.0034542239292991717
elasticity_feature_shuffle_within_geodesic_bins,external_lung,target_disjoint,0,15,0.0048402584367789325
elasticity_feature_shuffle_within_geodesic_bins,external_lung,target_disjoint,0,16,0.00533123617767306
elasticity_feature_shuffle_within_geodesic_bins,external_lung,target_disjoint,0,17,0.005856973404648191
elasticity_feature_shuffle_within_geodesic_bins,external_lung,target_disjoint,0,18,0.003597606809383369
elasticity_feature_shuffle_within_geodesic_bins,external_lung,target_disjoint,0,19,0.0069866567022806025
elasticity_feature_shuffle_within_geodesic_bins,external_lung,target_disjoint,0,20,0.0033282207922555873
elasticity_feature_shuffle_within_geodesic_bins,external_lung,target_disjoint,0,21,0.005057505224785208
elasticity_feature_shuffle_within_geodesic_bins,external_lung,target_disjoint,0,22,0.010332257237576803
elasticity_feature_shuffle_within_geodesic_bins,external_lung,target_disjoint,0,23,0.008550833575925676
elasticity_feature_shuffle_within_geodesic_bins,external_lung,target_disjoint,3,0,0.0037540244967478875
elasticity_feature_shuffle_within_geodesic_bins,external_lung,target_disjoint,3,1,0.017205945610094253
elasticity_feature_shuffle_within_geodesic_bins,external_lung,target_disjoint,3,2,0.015276794132598859
elasticity_feature_shuffle_within_geodesic_bins,external_lung,target_disjoint,3,3,0.013803860909916477
elasticity_feature_shuffle_within_geodesic_bins,external_lung,target_disjoint,3,4,0.010075906027729564
elasticity_feature_shuffle_within_geodesic_bins,external_lung,target_disjoint,3,5,0.022033169239592976
elasticity_feature_shuffle_within_geodesic_bins,external_lung,target_disjoint,3,6,0.014994373308190867
elasticity_feature_shuffle_within_geodesic_bins,external_lung,target_disjoint,3,7,0.006204568265458343
elasticity_feature_shuffle_within_geodesic_bins,external_lung,target_disjoint,3,8,0.01160097847953323
elasticity_feature_shuffle_within_geodesic_bins,external_lung,target_disjoint,3,9,0.00351070809418097
elasticity_feature_shuffle_within_geodesic_bins,external_lung,target_disjoint,3,10,0.0034281543147385296
elasticity_feature_shuffle_within_geodesic_bins,external_lung,target_disjoint,3,11,0.015363692847801369
elasticity_feature_shuffle_within_geodesic_bins,external_lung,target_disjoint,3,12,0.014355667751452472
elasticity_feature_shuffle_within_geodesic_bins,external_lung,target_disjoint,3,13,0.013434541370305864
elasticity_feature_shuffle_within_geodesic_bins,external_lung,target_disjoint,3,14,0.01503347773003183
elasticity_feature_shuffle_within_geodesic_bins,external_lung,target_disjoint,3,15,0.012483000438838543
elasticity_feature_shuffle_within_geodesic_bins,external_lung,target_disjoint,3,16,0.012930528822131526
elasticity_feature_shuffle_within_geodesic_bins,external_lung,target_disjoint,3,17,0.008120684935673417
elasticity_feature_shuffle_within_geodesic_bins,external_lung,target_disjoint,3,18,0.014590294282499139
elasticity_feature_shuffle_within_geodesic_bins,external_lung,target_disjoint,3,19,0.01340412681998493
elasticity_feature_shuffle_within_geodesic_bins,external_lung,target_disjoint,3,20,0.0041233440363583895
elasticity_feature_shuffle_within_geodesic_bins,external_lung,target_disjoint,3,21,0.004948881830782348
elasticity_feature_shuffle_within_geodesic_bins,external_lung,target_disjoint,3,22,0.011314212719365058
elasticity_feature_shuffle_within_geodesic_bins,external_lung,target_disjoint,3,23,0.006187188522417841
elasticity_feature_shuffle_within_geodesic_bins,external_lung,target_disjoint,7,0,0.012669832676523884
elasticity_feature_shuffle_within_geodesic_bins,external_lung,target_disjoint,7,1,0.009246023297545536
elasticity_feature_shuffle_within_geodesic_bins,external_lung,target_disjoint,7,2,0.012613348511642308
elasticity_feature_shuffle_within_geodesic_bins,external_lung,target_disjoint,7,3,0.008411795631601549
elasticity_feature_shuffle_within_geodesic_bins,external_lung,target_disjoint,7,4,0.013617028672231135
elasticity_feature_shuffle_within_geodesic_bins,external_lung,target_disjoint,7,5,0.012313547944193592
elasticity_feature_shuffle_within_geodesic_bins,external_lung,target_disjoint,7,6,0.008985327151938005
elasticity_feature_shuffle_within_geodesic_bins,external_lung,target_disjoint,7,7,0.010297497751495799
elasticity_feature_shuffle_within_geodesic_bins,external_lung,target_disjoint,7,8,0.00868118164872933
elasticity_feature_shuffle_within_geodesic_bins,external_lung,target_disjoint,7,9,0.010749371070548741
elasticity_feature_shuffle_within_geodesic_bins,external_lung,target_disjoint,7,10,0.01055819389710333
elasticity_feature_shuffle_within_geodesic_bins,external_lung,target_disjoint,7,11,0.012000712569464667
elasticity_feature_shuffle_within_geodesic_bins,external_lung,target_disjoint,7,12,0.013638753351031596
elasticity_feature_shuffle_within_geodesic_bins,external_lung,target_disjoint,7,13,0.010271428136935046
elasticity_feature_shuffle_within_geodesic_bins,external_lung,target_disjoint,7,14,0.008663801905688828
elasticity_feature_shuffle_within_geodesic_bins,external_lung,target_disjoint,7,15,0.013795171038396226
elasticity_feature_shuffle_within_geodesic_bins,external_lung,target_disjoint,7,16,0.010931858372473902
elasticity_feature_shuffle_within_geodesic_bins,external_lung,target_disjoint,7,17,0.012165820128349436
elasticity_feature_shuffle_within_geodesic_bins,external_lung,target_disjoint,7,18,0.008120684935673195
elasticity_feature_shuffle_within_geodesic_bins,external_lung,target_disjoint,7,19,0.011440215856408531
elasticity_feature_shuffle_within_geodesic_bins,external_lung,target_disjoint,7,20,0.010619022997744976
elasticity_feature_shuffle_within_geodesic_bins,external_lung,target_disjoint,7,21,0.010493019860701391
elasticity_feature_shuffle_within_geodesic_bins,external_lung,target_disjoint,7,22,0.011574908864972477
elasticity_feature_shuffle_within_geodesic_bins,external_lung,target_disjoint,7,23,0.011461940535209103
elasticity_feature_shuffle_within_geodesic_bins,external_lung,target_disjoint,11,0,0.01091013369367344
elasticity_feature_shuffle_within_geodesic_bins,external_lung,target_disjoint,11,1,0.008098960256872734
elasticity_feature_shuffle_within_geodesic_bins,external_lung,target_disjoint,11,2,0.012300513136913271
elasticity_feature_shuffle_within_geodesic_bins,external_lung,target_disjoint,11,3,0.013256399004140773
elasticity_feature_shuffle_within_geodesic_bins,external_lung,target_disjoint,11,4,0.010384396466698309
elasticity_feature_shuffle_within_geodesic_bins,external_lung,target_disjoint,11,5,0.012483000438838543
elasticity_feature_shuffle_within_geodesic_bins,external_lung,target_disjoint,11,6,0.012078921413147148
elasticity_feature_shuffle_within_geodesic_bins,external_lung,target_disjoint,11,7,0.011653117708654848
elasticity_feature_shuffle_within_geodesic_bins,external_lung,target_disjoint,11,8,0.0120311271197856
elasticity_feature_shuffle_within_geodesic_bins,external_lung,target_disjoint,11,9,0.010427845824299675
elasticity_feature_shuffle_within_geodesic_bins,external_lung,target_disjoint,11,10,0.012183199871389938
elasticity_feature_shuffle_within_geodesic_bins,external_lung,target_disjoint,11,11,0.010658127419586272
elasticity_feature_shuffle_within_geodesic_bins,external_lung,target_disjoint,11,12,0.014837955620826238
elasticity_feature_shuffle_within_geodesic_bins,external_lung,target_disjoint,11,13,0.013443231241826226
elasticity_feature_shuffle_within_geodesic_bins,external_lung,target_disjoint,11,14,0.01288707946453016
elasticity_feature_shuffle_within_geodesic_bins,external_lung,target_disjoint,11,15,0.008989672087698297
elasticity_feature_shuffle_within_geodesic_bins,external_lung,target_disjoint,11,16,0.013360677462383896
elasticity_feature_shuffle_within_geodesic_bins,external_lung,target_disjoint,11,17,0.015424521948443015
elasticity_feature_shuffle_within_geodesic_bins,external_lung,target_disjoint,11,18,0.011605323415293411
elasticity_feature_shuffle_within_geodesic_bins,external_lung,target_disjoint,11,19,0.010319222430296482
elasticity_feature_shuffle_within_geodesic_bins,external_lung,target_disjoint,11,20,0.013178190160458625
elasticity_feature_shuffle_within_geodesic_bins,external_lung,target_disjoint,11,21,0.006573887805068956
elasticity_feature_shuffle_within_geodesic_bins,external_lung,target_disjoint,11,22,0.005678831038483212
elasticity_feature_shuffle_within_geodesic_bins,external_lung,target_disjoint,11,23,0.013321573040542711
elasticity_feature_shuffle_within_geodesic_bins,immune,source_disjoint,0,0,-0.0036757830762037536
elasticity_feature_shuffle_within_geodesic_bins,immune,source_disjoint,0,1,-0.0021213183730715013
elasticity_feature_shuffle_within_geodesic_bins,immune,source_disjoint,0,2,-0.0051834969611967985
elasticity_feature_shuffle_within_geodesic_bins,immune,source_disjoint,0,3,-0.0032141187470781096
elasticity_feature_shuffle_within_geodesic_bins,immune,source_disjoint,0,4,-0.0003330995792426572
elasticity_feature_shuffle_within_geodesic_bins,immune,source_disjoint,0,5,0.0009408602150536849
elasticity_feature_shuffle_within_geodesic_bins,immune,source_disjoint,0,6,0.0028225806451611657
elasticity_feature_shuffle_within_geodesic_bins,immune,source_disjoint,0,7,0.012435717625058351
elasticity_feature_shuffle_within_geodesic_bins,immune,source_disjoint,0,8,-0.0024368863955118725
elasticity_feature_shuffle_within_geodesic_bins,immune,source_disjoint,0,9,0.0052360916316034345
elasticity_feature_shuffle_within_geodesic_bins,immune,source_disjoint,0,10,-1.1687704534857346e-05
elasticity_feature_shuffle_within_geodesic_bins,immune,source_disjoint,0,11,0.0004850397381953586
elasticity_feature_shuffle_within_geodesic_bins,immune,source_disjoint,0,12,-0.0012272089761571348
elasticity_feature_shuffle_within_geodesic_bins,immune,source_disjoint,0,13,0.007141187470780741
elasticity_feature_shuffle_within_geodesic_bins,immune,source_disjoint,0,14,-0.004400420757363466
elasticity_feature_shuffle_within_geodesic_bins,immune,source_disjoint,0,15,0.0063347358578774715
elasticity_feature_shuffle_within_geodesic_bins,immune,source_disjoint,0,16,0.012219495091164156
elasticity_feature_shuffle_within_geodesic_bins,immune,source_disjoint,0,17,0.003646563814866721
elasticity_feature_shuffle_within_geodesic_bins,immune,source_disjoint,0,18,-0.0007947639083684122
elasticity_feature_shuffle_within_geodesic_bins,immune,source_disjoint,0,19,-0.0007480130902290938
elasticity_feature_shuffle_within_geodesic_bins,immune,source_disjoint,0,20,-0.0010168302945302576
elasticity_feature_shuffle_within_geodesic_bins,immune,source_disjoint,0,21,0.008216456287985063
elasticity_feature_shuffle_within_geodesic_bins,immune,source_disjoint,0,22,0.003617344553529578
elasticity_feature_shuffle_within_geodesic_bins,immune,source_disjoint,0,23,0.008496961196820974
elasticity_feature_shuffle_within_geodesic_bins,immune,source_disjoint,3,0,2.0453482935889333e-05
elasticity_feature_shuffle_within_geodesic_bins,immune,source_disjoint,3,1,0.0041286816269283655
elasticity_feature_shuffle_within_geodesic_bins,immune,source_disjoint,3,2,0.0016801075268815246
elasticity_feature_shuffle_within_geodesic_bins,immune,source_disjoint,3,3,0.0033660589060307
elasticity_feature_shuffle_within_geodesic_bins,immune,source_disjoint,3,4,0.004771505376343965
elasticity_feature_shuffle_within_geodesic_bins,immune,source_disjoint,3,5,0.004321528751753068
elasticity_feature_shuffle_within_geodesic_bins,immune,source_disjoint,3,6,0.0018437353903691944
elasticity_feature_shuffle_within_geodesic_bins,immune,source_disjoint,3,7,0.0013411640953715498
elasticity_feature_shuffle_within_geodesic_bins,immune,source_disjoint,3,8,0.0031176951846655365
elasticity_feature_shuffle_within_geodesic_bins,immune,source_disjoint,3,9,0.004894226273959634
elasticity_feature_shuffle_within_geodesic_bins,immune,source_disjoint,3,10,0.005034478728377589
elasticity_feature_shuffle_within_geodesic_bins,immune,source_disjoint,3,11,0.0019021739130434812
elasticity_feature_shuffle_within_geodesic_bins,immune,source_disjoint,3,12,0.0027027816736791
elasticity_feature_shuffle_within_geodesic_bins,immune,source_disjoint,3,13,0.00355014025245437
elasticity_feature_shuffle_within_geodesic_bins,immune,source_disjoint,3,14,0.004303997194950893
elasticity_feature_shuffle_within_geodesic_bins,immune,source_disjoint,3,15,0.00539679756895739
elasticity_feature_shuffle_within_geodesic_bins,immune,source_disjoint,3,16,0.0038832398316969163
elasticity_feature_shuffle_within_geodesic_bins,immune,source_disjoint,3,17,0.0021417718560073906
elasticity_feature_shuffle_within_geodesic_bins,immune,source_disjoint,3,18,0.004228027115474542
elasticity_feature_shuffle_within_geodesic_bins,immune,source_disjoint,3,19,0.0016801075268815246
elasticity_feature_shuffle_within_geodesic_bins,immune,source_disjoint,3,20,0.003480014025245448
elasticity_feature_shuffle_within_geodesic_bins,immune,source_disjoint,3,21,0.00310600748013079
elasticity_feature_shuffle_within_geodesic_bins,immune,source_disjoint,3,22,0.0031936652641421093
elasticity_feature_shuffle_within_geodesic_bins,immune,source_disjoint,3,23,0.0021826788218791693
elasticity_feature_shuffle_within_geodesic_bins,immune,source_disjoint,7,0,-0.009537166900420835
elasticity_feature_shuffle_within_geodesic_bins,immune,source_disjoint,7,1,0.002974520804113978
elasticity_feature_shuffle_within_geodesic_bins,immune,source_disjoint,7,2,0.002658952781673607
elasticity_feature_shuffle_within_geodesic_bins,immune,source_disjoint,7,3,-0.0021388499298737873
elasticity_feature_shuffle_within_geodesic_bins,immune,source_disjoint,7,4,-0.0007597007947639511
elasticity_feature_shuffle_within_geodesic_bins,immune,source_disjoint,7,5,0.003044647031323122
elasticity_feature_shuffle_within_geodesic_bins,immune,source_disjoint,7,6,-0.0034244974287049867
elasticity_feature_shuffle_within_geodesic_bins,immune,source_disjoint,7,7,0.0027407667134174973
elasticity_feature_shuffle_within_geodesic_bins,immune,source_disjoint,7,8,-0.008292426367461414
elasticity_feature_shuffle_within_geodesic_bins,immune,source_disjoint,7,9,-0.003523842917250941
elasticity_feature_shuffle_within_geodesic_bins,immune,source_disjoint,7,10,0.0015719962599346493
elasticity_feature_shuffle_within_geodesic_bins,immune,source_disjoint,7,11,0.0006428237494155997
elasticity_feature_shuffle_within_geodesic_bins,immune,source_disjoint,7,12,-0.009572230014025185
elasticity_feature_shuffle_within_geodesic_bins,immune,source_disjoint,7,13,0.0063405797101449
elasticity_feature_shuffle_within_geodesic_bins,immune,source_disjoint,7,14,-0.00033894343150997486
elasticity_feature_shuffle_within_geodesic_bins,immune,source_disjoint,7,15,0.0031673679289386802
elasticity_feature_shuffle_within_geodesic_bins,immune,source_disjoint,7,16,-0.0018115942028985588
elasticity_feature_shuffle_within_geodesic_bins,immune,source_disjoint,7,17,0.00046750818139329464
elasticity_feature_shuffle_within_geodesic_bins,immune,source_disjoint,7,18,0.0018641888733053058
elasticity_feature_shuffle_within_geodesic_bins,immune,source_disjoint,7,19,0.002162225338943502
elasticity_feature_shuffle_within_geodesic_bins,immune,source_disjoint,7,20,-0.005259467040673149
elasticity_feature_shuffle_within_geodesic_bins,immune,source_disjoint,7,21,0.005241935483870974
elasticity_feature_shuffle_within_geodesic_bins,immune,source_disjoint,7,22,-0.008333333333333415
elasticity_feature_shuffle_within_geodesic_bins,immune,source_disjoint,7,23,-0.0016947171575500963
elasticity_feature_shuffle_within_geodesic_bins,immune,source_disjoint,11,0,0.003965053763440807
elasticity_feature_shuffle_within_geodesic_bins,immune,source_disjoint,11,1,0.0030125058438522645
elasticity_feature_shuffle_within_geodesic_bins,immune,source_disjoint,11,2,0.0028547218326320234
elasticity_feature_shuffle_within_geodesic_bins,immune,source_disjoint,11,3,0.002878097241701738
elasticity_feature_shuffle_within_geodesic_bins,immune,source_disjoint,11,4,0.0033806685366993827
elasticity_feature_shuffle_within_geodesic_bins,immune,source_disjoint,11,5,0.0034157316503039548
elasticity_feature_shuffle_within_geodesic_bins,immune,source_disjoint,11,6,0.0028722533894341984
elasticity_feature_shuffle_within_geodesic_bins,immune,source_disjoint,11,7,0.003252103786816285
elasticity_feature_shuffle_within_geodesic_bins,immune,source_disjoint,11,8,0.0026969378214118933
elasticity_feature_shuffle_within_geodesic_bins,immune,source_disjoint,11,9,0.001516479663394077
elasticity_feature_shuffle_within_geodesic_bins,immune,source_disjoint,11,10,0.00411699392239373
elasticity_feature_shuffle_within_geodesic_bins,immune,source_disjoint,11,11,0.0017911407199626694
elasticity_feature_shuffle_within_geodesic_bins,immune,source_disjoint,11,12,0.001142473118279641
elasticity_feature_shuffle_within_geodesic_bins,immune,source_disjoint,11,13,0.0027612201963534977
elasticity_feature_shuffle_within_geodesic_bins,immune,source_disjoint,11,14,0.0018846423562410841
elasticity_feature_shuffle_within_geodesic_bins,immune,source_disjoint,11,15,0.0019138616175782275
elasticity_feature_shuffle_within_geodesic_bins,immune,source_disjoint,11,16,0.0009730014025245426
elasticity_feature_shuffle_within_geodesic_bins,immune,source_disjoint,11,17,0.002311243571762489
elasticity_feature_shuffle_within_geodesic_bins,immune,source_disjoint,11,18,0.002685250116877036
elasticity_feature_shuffle_within_geodesic_bins,immune,source_disjoint,11,19,0.002755376344085958
elasticity_feature_shuffle_within_geodesic_bins,immune,source_disjoint,11,20,0.003532608695652195
elasticity_feature_shuffle_within_geodesic_bins,immune,source_disjoint,11,21,0.0029423796166434535
elasticity_feature_shuffle_within_geodesic_bins,immune,source_disjoint,11,22,0.0036202664796635142
elasticity_feature_shuffle_within_geodesic_bins,immune,source_disjoint,11,23,0.0041988078541375096
elasticity_feature_shuffle_within_geodesic_bins,immune,target_disjoint,0,0,0.0002169573895686172
elasticity_feature_shuffle_within_geodesic_bins,immune,target_disjoint,0,1,-0.0006378547253318434
elasticity_feature_shuffle_within_geodesic_bins,immune,target_disjoint,0,2,-0.0011715699036708438
elasticity_feature_shuffle_within_geodesic_bins,immune,target_disjoint,0,3,0.0003905233012236886
elasticity_feature_shuffle_within_geodesic_bins,immune,target_disjoint,0,4,-0.0006986027944110296
elasticity_feature_shuffle_within_geodesic_bins,immune,target_disjoint,0,5,-0.0009719691052675339
elasticity_feature_shuffle_within_geodesic_bins,immune,target_disjoint,0,6,-0.0003558101188925189
elasticity_feature_shuffle_within_geodesic_bins,immune,target_disjoint,0,7,-0.0002690271630650942
elasticity_feature_shuffle_within_geodesic_bins,immune,target_disjoint,0,8,0.0009329167751453982
elasticity_feature_shuffle_within_geodesic_bins,immune,target_disjoint,0,9,-4.339147791365683e-05
elasticity_feature_shuffle_within_geodesic_bins,immune,target_disjoint,0,10,0.00013017443374130355
elasticity_feature_shuffle_within_geodesic_bins,immune,target_disjoint,0,11,0.0012887268940381391
elasticity_feature_shuffle_within_geodesic_bins,immune,target_disjoint,0,12,-0.0018745118458733945
elasticity_feature_shuffle_within_geodesic_bins,immune,target_disjoint,0,13,-0.0003297752321442804
elasticity_feature_shuffle_within_geodesic_bins,immune,target_disjoint,0,14,0.0003948624490149877
elasticity_feature_shuffle_within_geodesic_bins,immune,target_disjoint,0,15,0.0006552113164974838
elasticity_feature_shuffle_within_geodesic_bins,immune,target_disjoint,0,16,0.0013581532587000344
elasticity_feature_shuffle_within_geodesic_bins,immune,target_disjoint,0,17,-0.001284387746246507
elasticity_feature_shuffle_within_geodesic_bins,immune,target_disjoint,0,18,0.00012583528594989346
elasticity_feature_shuffle_within_geodesic_bins,immune,target_disjoint,0,19,0.0002299748329429585
elasticity_feature_shuffle_within_geodesic_bins,immune,target_disjoint,0,20,0.0012713703028727208
elasticity_feature_shuffle_within_geodesic_bins,immune,target_disjoint,0,21,-0.0015794497960598397
elasticity_feature_shuffle_within_geodesic_bins,immune,target_disjoint,0,22,0.00046862796146840413
elasticity_feature_shuffle_within_geodesic_bins,immune,target_disjoint,0,23,0.0014622928056930995
elasticity_feature_shuffle_within_geodesic_bins,immune,target_disjoint,3,0,-0.0014145621799876995
elasticity_feature_shuffle_within_geodesic_bins,immune,target_disjoint,3,1,0.0017790505944632606
elasticity_feature_shuffle_within_geodesic_bins,immune,target_disjoint,3,2,-0.0006421938731231425
elasticity_feature_shuffle_within_geodesic_bins,immune,target_disjoint,3,3,-0.0003384535277271006
elasticity_feature_shuffle_within_geodesic_bins,immune,target_disjoint,3,4,-7.37655124531944e-05
elasticity_feature_shuffle_within_geodesic_bins,immune,target_disjoint,3,5,0.0006552113164974838
elasticity_feature_shuffle_within_geodesic_bins,immune,target_disjoint,3,6,-0.000720298533367969
elasticity_feature_shuffle_within_geodesic_bins,immune,target_disjoint,3,7,0.00021695738956872823
elasticity_feature_shuffle_within_geodesic_bins,immune,target_disjoint,3,8,0.00108044780005212
elasticity_feature_shuffle_within_geodesic_bins,immune,target_disjoint,3,9,-0.00013017443374119253
elasticity_feature_shuffle_within_geodesic_bins,immune,target_disjoint,3,10,-0.00107610865226071
elasticity_feature_shuffle_within_geodesic_bins,immune,target_disjoint,3,11,0.0009546125141022266
elasticity_feature_shuffle_within_geodesic_bins,immune,target_disjoint,3,12,0.0005510717695045297
elasticity_feature_shuffle_within_geodesic_bins,immune,target_disjoint,3,13,-0.0008287772281523331
elasticity_feature_shuffle_within_geodesic_bins,immune,target_disjoint,3,14,-6.508721687059627e-05
elasticity_feature_shuffle_within_geodesic_bins,immune,target_disjoint,3,15,0.00016054846828084113
elasticity_feature_shuffle_within_geodesic_bins,immune,target_disjoint,3,16,-0.0015230408747721746
elasticity_feature_shuffle_within_geodesic_bins,immune,target_disjoint,3,17,0.00036014926668404
elasticity_feature_shuffle_within_geodesic_bins,immune,target_disjoint,3,18,-0.000360149266683929
elasticity_feature_shuffle_within_geodesic_bins,immune,target_disjoint,3,19,-0.00045127137030276376
elasticity_feature_shuffle_within_geodesic_bins,immune,target_disjoint,3,20,0.0006118198385837159
elasticity_feature_shuffle_within_geodesic_bins,immune,target_disjoint,3,21,0.00032977523214450244
elasticity_feature_shuffle_within_geodesic_bins,immune,target_disjoint,3,22,0.0015100234313982774
elasticity_feature_shuffle_within_geodesic_bins,immune,target_disjoint,3,23,-2.6034886748238506e-05
elasticity_feature_shuffle_within_geodesic_bins,immune,target_disjoint,7,0,0.0011715699036708438
elasticity_feature_shuffle_within_geodesic_bins,immune,target_disjoint,7,1,0.0030504208973357594
elasticity_feature_shuffle_within_geodesic_bins,immune,target_disjoint,7,2,-0.00034713182330992076
elasticity_feature_shuffle_within_geodesic_bins,immune,target_disjoint,7,3,0.0004729671092598142
elasticity_feature_shuffle_within_geodesic_bins,immune,target_disjoint,7,4,0.0007506725679076176
elasticity_feature_shuffle_within_geodesic_bins,immune,target_disjoint,7,5,0.000616158986375237
elasticity_feature_shuffle_within_geodesic_bins,immune,target_disjoint,7,6,-0.0018831901414561036
elasticity_feature_shuffle_within_geodesic_bins,immune,target_disjoint,7,7,0.001696606786427246
elasticity_feature_shuffle_within_geodesic_bins,immune,target_disjoint,7,8,0.00023865312852566767
elasticity_feature_shuffle_within_geodesic_bins,immune,target_disjoint,7,9,-3.905233012235776e-05
elasticity_feature_shuffle_within_geodesic_bins,immune,target_disjoint,7,10,-0.000512019439382061
elasticity_feature_shuffle_within_geodesic_bins,immune,target_disjoint,7,11,-0.0010457346177209503
elasticity_feature_shuffle_within_geodesic_bins,immune,target_disjoint,7,12,-0.000512019439382061
elasticity_feature_shuffle_within_geodesic_bins,immune,target_disjoint,7,13,-0.0006291764297491342
elasticity_feature_shuffle_within_geodesic_bins,immune,target_disjoint,7,14,6.074806907940822e-05
elasticity_feature_shuffle_within_geodesic_bins,immune,target_disjoint,7,15,0.00041221904018062805
elasticity_feature_shuffle_within_geodesic_bins,immune,target_disjoint,7,16,0.001536058318146405
elasticity_feature_shuffle_within_geodesic_bins,immune,target_disjoint,7,17,0.0016271804217652397
elasticity_feature_shuffle_within_geodesic_bins,immune,target_disjoint,7,18,0.0021391998611474117
elasticity_feature_shuffle_within_geodesic_bins,immune,target_disjoint,7,19,0.0009589516618937477
elasticity_feature_shuffle_within_geodesic_bins,immune,target_disjoint,7,20,0.000820098932569846
elasticity_feature_shuffle_within_geodesic_bins,immune,target_disjoint,7,21,0.0007853857502386763
elasticity_feature_shuffle_within_geodesic_bins,immune,target_disjoint,7,22,-0.001996007984031878
elasticity_feature_shuffle_within_geodesic_bins,immune,target_disjoint,7,23,0.0008114206369870258
elasticity_feature_shuffle_within_geodesic_bins,immune,target_disjoint,11,0,-0.004174260175301536
elasticity_feature_shuffle_within_geodesic_bins,immune,target_disjoint,11,1,-0.004165581879718827
elasticity_feature_shuffle_within_geodesic_bins,immune,target_disjoint,11,2,-0.0044910179640720305
elasticity_feature_shuffle_within_geodesic_bins,immune,target_disjoint,11,3,-0.0035711186323007515
elasticity_feature_shuffle_within_geodesic_bins,immune,target_disjoint,11,4,-0.003501692267638856
elasticity_feature_shuffle_within_geodesic_bins,immune,target_disjoint,11,5,-0.0017356591165496038
elasticity_feature_shuffle_within_geodesic_bins,immune,target_disjoint,11,6,-0.003597153519049101
elasticity_feature_shuffle_within_geodesic_bins,immune,target_disjoint,11,7,-0.0018311203679598487
elasticity_feature_shuffle_within_geodesic_bins,immune,target_disjoint,11,8,-0.003028725158379042
elasticity_feature_shuffle_within_geodesic_bins,immune,target_disjoint,11,9,-0.0025514189013278177
elasticity_feature_shuffle_within_geodesic_bins,immune,target_disjoint,11,10,-0.005254707975353656
elasticity_feature_shuffle_within_geodesic_bins,immune,target_disjoint,11,11,-0.002373513841881447
elasticity_feature_shuffle_within_geodesic_bins,immune,target_disjoint,11,12,-0.004204634209841296
elasticity_feature_shuffle_within_geodesic_bins,immune,target_disjoint,11,13,-0.002256356851514374
elasticity_feature_shuffle_within_geodesic_bins,immune,target_disjoint,11,14,-0.002304087477219552
elasticity_feature_shuffle_within_geodesic_bins,immune,target_disjoint,11,15,-0.005497700251670734
elasticity_feature_shuffle_within_geodesic_bins,immune,target_disjoint,11,16,-0.0053675258179294305
elasticity_feature_shuffle_within_geodesic_bins,immune,target_disjoint,11,17,-0.0046732621713097
elasticity_feature_shuffle_within_geodesic_bins,immune,target_disjoint,11,18,-0.004261043131129294
elasticity_feature_shuffle_within_geodesic_bins,immune,target_disjoint,11,19,-0.006790766293500061
elasticity_feature_shuffle_within_geodesic_bins,immune,target_disjoint,11,20,-0.003189273626659772
elasticity_feature_shuffle_within_geodesic_bins,immune,target_disjoint,11,21,-0.0039789985246897475
elasticity_feature_shuffle_within_geodesic_bins,immune,target_disjoint,11,22,-0.006131215829211167
elasticity_feature_shuffle_within_geodesic_bins,immune,target_disjoint,11,23,-0.003970320229107038
elasticity_feature_shuffle_within_geodesic_bins,lung,source_disjoint,0,0,-0.001008267795926665
elasticity_feature_shuffle_within_geodesic_bins,lung,source_disjoint,0,1,-0.0006217651408213509
elasticity_feature_shuffle_within_geodesic_bins,lung,source_disjoint,0,2,0.0003865026551050921
elasticity_feature_shuffle_within_geodesic_bins,lung,source_disjoint,0,3,0.0005713517510250732
elasticity_feature_shuffle_within_geodesic_bins,lung,source_disjoint,0,4,-0.003209652483699754
elasticity_feature_shuffle_within_geodesic_bins,lung,source_disjoint,0,5,-0.00043691604490159186
elasticity_feature_shuffle_within_geodesic_bins,lung,source_disjoint,0,6,-0.0029659877663507084
elasticity_feature_shuffle_within_geodesic_bins,lung,source_disjoint,0,7,-6.721785306174066e-05
elasticity_feature_shuffle_within_geodesic_bins,lung,source_disjoint,0,8,-0.000201653559185333
elasticity_feature_shuffle_within_geodesic_bins,lung,source_disjoint,0,9,0.0004201115816360179
elasticity_feature_shuffle_within_geodesic_bins,lung,source_disjoint,0,10,0.0005209383612286844
elasticity_feature_shuffle_within_geodesic_bins,lung,source_disjoint,0,11,0.00036129596020717525
elasticity_feature_shuffle_within_geodesic_bins,lung,source_disjoint,0,12,-0.0007141896887814525
elasticity_feature_shuffle_within_geodesic_bins,lung,source_disjoint,0,13,0.0004873294346978696
elasticity_feature_shuffle_within_geodesic_bins,lung,source_disjoint,0,14,-0.0019409155071585804
elasticity_feature_shuffle_within_geodesic_bins,lung,source_disjoint,0,15,-0.002839954291860014
elasticity_feature_shuffle_within_geodesic_bins,lung,source_disjoint,0,16,0.000201653559185222
elasticity_feature_shuffle_within_geodesic_bins,lung,source_disjoint,0,17,0.003218054715332319
elasticity_feature_shuffle_within_geodesic_bins,lung,source_disjoint,0,18,-0.0018484909591987009
elasticity_feature_shuffle_within_geodesic_bins,lung,source_disjoint,0,19,-0.0029323788398198936
elasticity_feature_shuffle_within_geodesic_bins,lung,source_disjoint,0,20,-0.0025374739530820145
elasticity_feature_shuffle_within_geodesic_bins,lung,source_disjoint,0,21,0.0009830611010284152
elasticity_feature_shuffle_within_geodesic_bins,lung,source_disjoint,0,22,0.0017644686428716083
elasticity_feature_shuffle_within_geodesic_bins,lung,source_disjoint,0,23,-0.0013611615245009423
elasticity_feature_shuffle_within_geodesic_bins,lung,source_disjoint,3,0,-0.0008486253949048228
elasticity_feature_shuffle_within_geodesic_bins,lung,source_disjoint,3,1,-0.0009494521744974893
elasticity_feature_shuffle_within_geodesic_bins,lung,source_disjoint,3,2,0.002831552060227116
elasticity_feature_shuffle_within_geodesic_bins,lung,source_disjoint,3,3,-0.0031424346306379025
elasticity_feature_shuffle_within_geodesic_bins,lung,source_disjoint,3,4,-0.0031508368622705785
elasticity_feature_shuffle_within_geodesic_bins,lung,source_disjoint,3,5,-0.0014955972306244236
elasticity_feature_shuffle_within_geodesic_bins,lung,source_disjoint,3,6,-0.0031676413255360414
elasticity_feature_shuffle_within_geodesic_bins,lung,source_disjoint,3,7,-0.0010922901122537576
elasticity_feature_shuffle_within_geodesic_bins,lung,source_disjoint,3,8,-0.003696981918397624
elasticity_feature_shuffle_within_geodesic_bins,lung,source_disjoint,3,9,-0.0024870605632856257
elasticity_feature_shuffle_within_geodesic_bins,lung,source_disjoint,3,10,-0.0020921556765477467
elasticity_feature_shuffle_within_geodesic_bins,lung,source_disjoint,3,11,0.0009158432479667855
elasticity_feature_shuffle_within_geodesic_bins,lung,source_disjoint,3,12,-0.0015544128520534883
elasticity_feature_shuffle_within_geodesic_bins,lung,source_disjoint,3,13,-5.041338979627774e-05
elasticity_feature_shuffle_within_geodesic_bins,lung,source_disjoint,3,14,0.002192982456140413
elasticity_feature_shuffle_within_geodesic_bins,lung,source_disjoint,3,15,-0.0019661222020569413
elasticity_feature_shuffle_within_geodesic_bins,lung,source_disjoint,3,16,4.201115816360179e-05
elasticity_feature_shuffle_within_geodesic_bins,lung,source_disjoint,3,17,-0.0012939436714392016
elasticity_feature_shuffle_within_geodesic_bins,lung,source_disjoint,3,18,0.0004705249714324067
elasticity_feature_shuffle_within_geodesic_bins,lung,source_disjoint,3,19,-0.0006721785306176287
elasticity_feature_shuffle_within_geodesic_bins,lung,source_disjoint,3,20,-0.0004873294346978696
elasticity_feature_shuffle_within_geodesic_bins,lung,source_disjoint,3,21,-0.001823284264300562
elasticity_feature_shuffle_within_geodesic_bins,lung,source_disjoint,3,22,-0.002831552060227116
elasticity_feature_shuffle_within_geodesic_bins,lung,source_disjoint,3,23,-0.0021257646030784505
elasticity_feature_shuffle_within_geodesic_bins,lung,source_disjoint,7,0,-0.0019829266653224042
elasticity_feature_shuffle_within_geodesic_bins,lung,source_disjoint,7,1,-0.0035877529071721703
elasticity_feature_shuffle_within_geodesic_bins,lung,source_disjoint,7,2,0.0014871949989916367
elasticity_feature_shuffle_within_geodesic_bins,lung,source_disjoint,7,3,-0.0016804463265442937
elasticity_feature_shuffle_within_geodesic_bins,lung,source_disjoint,7,4,-0.0021761779928749503
elasticity_feature_shuffle_within_geodesic_bins,lung,source_disjoint,7,5,-0.0021677757612421633
elasticity_feature_shuffle_within_geodesic_bins,lung,source_disjoint,7,6,-0.0013947704510317571
elasticity_feature_shuffle_within_geodesic_bins,lung,source_disjoint,7,7,1.68044632653519e-05
elasticity_feature_shuffle_within_geodesic_bins,lung,source_disjoint,7,8,-0.001428379377562683
elasticity_feature_shuffle_within_geodesic_bins,lung,source_disjoint,7,9,0.00043691604490148084
elasticity_feature_shuffle_within_geodesic_bins,lung,source_disjoint,7,10,-0.00047892720306508263
elasticity_feature_shuffle_within_geodesic_bins,lung,source_disjoint,7,11,-0.002016535591853108
elasticity_feature_shuffle_within_geodesic_bins,lung,source_disjoint,7,12,-0.002243395845936691
elasticity_feature_shuffle_within_geodesic_bins,lung,source_disjoint,7,13,-0.00017644686428719414
elasticity_feature_shuffle_within_geodesic_bins,lung,source_disjoint,7,14,0.0013611615245008313
elasticity_feature_shuffle_within_geodesic_bins,lung,source_disjoint,7,15,-0.0045792162398333724
elasticity_feature_shuffle_within_geodesic_bins,lung,source_disjoint,7,16,-0.0005881562142904251
elasticity_feature_shuffle_within_geodesic_bins,lung,source_disjoint,7,17,-0.0027391275122672365
elasticity_feature_shuffle_within_geodesic_bins,lung,source_disjoint,7,18,0.0013527592928681553
elasticity_feature_shuffle_within_geodesic_bins,lung,source_disjoint,7,19,-0.00039490488673787905
elasticity_feature_shuffle_within_geodesic_bins,lung,source_disjoint,7,20,-0.00011763124285812943
elasticity_feature_shuffle_within_geodesic_bins,lung,source_disjoint,7,21,-0.0001008267795926665
elasticity_feature_shuffle_within_geodesic_bins,lung,source_disjoint,7,22,1.68044632653519e-05
elasticity_feature_shuffle_within_geodesic_bins,lung,source_disjoint,7,23,0.0007646030785776192
elasticity_feature_shuffle_within_geodesic_bins,lung,source_disjoint,11,0,-0.005259797002083788
elasticity_feature_shuffle_within_geodesic_bins,lung,source_disjoint,11,1,-0.0029491833030853565
elasticity_feature_shuffle_within_geodesic_bins,lung,source_disjoint,11,2,-0.001806479801035099
elasticity_feature_shuffle_within_geodesic_bins,lung,source_disjoint,11,3,-0.0005377428244942584
elasticity_feature_shuffle_within_geodesic_bins,lung,source_disjoint,11,4,-0.0031760435571688284
elasticity_feature_shuffle_within_geodesic_bins,lung,source_disjoint,11,5,-0.001235128050010026
elasticity_feature_shuffle_within_geodesic_bins,lung,source_disjoint,11,6,-0.0019409155071588025
elasticity_feature_shuffle_within_geodesic_bins,lung,source_disjoint,11,7,-0.003251663641863245
elasticity_feature_shuffle_within_geodesic_bins,lung,source_disjoint,11,8,-0.006049606775559768
elasticity_feature_shuffle_within_geodesic_bins,lung,source_disjoint,11,9,-0.003428110506150439
elasticity_feature_shuffle_within_geodesic_bins,lung,source_disjoint,11,10,-0.003486926127579504
elasticity_feature_shuffle_within_geodesic_bins,lung,source_disjoint,11,11,-0.004520400618404197
elasticity_feature_shuffle_within_geodesic_bins,lung,source_disjoint,11,12,-0.0029911944612489583
elasticity_feature_shuffle_within_geodesic_bins,lung,source_disjoint,11,13,-0.007251125899038757
elasticity_feature_shuffle_within_geodesic_bins,lung,source_disjoint,11,14,-0.004352355985749901
elasticity_feature_shuffle_within_geodesic_bins,lung,source_disjoint,11,15,-0.003848222087786568
elasticity_feature_shuffle_within_geodesic_bins,lung,source_disjoint,11,16,-0.004385964912280715
elasticity_feature_shuffle_within_geodesic_bins,lung,source_disjoint,11,17,-0.0008990387847012116
elasticity_feature_shuffle_within_geodesic_bins,lung,source_disjoint,11,18,-0.001218323586744674
elasticity_feature_shuffle_within_geodesic_bins,lung,source_disjoint,11,19,-0.005251394770451112
elasticity_feature_shuffle_within_geodesic_bins,lung,source_disjoint,11,20,-0.0039658533306445864
elasticity_feature_shuffle_within_geodesic_bins,lung,source_disjoint,11,21,-0.0041507024265645676
elasticity_feature_shuffle_within_geodesic_bins,lung,source_disjoint,11,22,-0.0053690260133091305
elasticity_feature_shuffle_within_geodesic_bins,lung,source_disjoint,11,23,-0.004184311353095382
elasticity_feature_shuffle_within_geodesic_bins,lung,target_disjoint,0,0,0.0035314297245486737
elasticity_feature_shuffle_within_geodesic_bins,lung,target_disjoint,0,1,0.0009529254812273846
elasticity_feature_shuffle_within_geodesic_bins,lung,target_disjoint,0,2,0.004882341730288453
elasticity_feature_shuffle_within_geodesic_bins,lung,target_disjoint,0,3,0.0063397571721656165
elasticity_feature_shuffle_within_geodesic_bins,lung,target_disjoint,0,4,0.004389062657653153
elasticity_feature_shuffle_within_geodesic_bins,lung,target_disjoint,0,5,0.0013228847857039705
elasticity_feature_shuffle_within_geodesic_bins,lung,target_disjoint,0,6,0.002371102815054038
elasticity_feature_shuffle_within_geodesic_bins,lung,target_disjoint,0,7,0.004473144317761579
elasticity_feature_shuffle_within_geodesic_bins,lung,target_disjoint,0,8,0.005599838563212667
elasticity_feature_shuffle_within_geodesic_bins,lung,target_disjoint,0,9,0.004321797329566501
elasticity_feature_shuffle_within_geodesic_bins,lung,target_disjoint,0,10,0.004204083005414971
elasticity_feature_shuffle_within_geodesic_bins,lung,target_disjoint,0,11,0.0031894976401082298
elasticity_feature_shuffle_within_geodesic_bins,lung,target_disjoint,0,12,0.007208600993284908
elasticity_feature_shuffle_within_geodesic_bins,lung,target_disjoint,0,13,0.004893552618302932
elasticity_feature_shuffle_within_geodesic_bins,lung,target_disjoint,0,14,0.005386831690938343
elasticity_feature_shuffle_within_geodesic_bins,lung,target_disjoint,0,15,0.005274722810793997
elasticity_feature_shuffle_within_geodesic_bins,lung,target_disjoint,0,16,0.006670478368591692
elasticity_feature_shuffle_within_geodesic_bins,lung,target_disjoint,0,17,0.0007623403849820187
elasticity_feature_shuffle_within_geodesic_bins,lung,target_disjoint,0,18,0.00660321304050504
elasticity_feature_shuffle_within_geodesic_bins,lung,target_disjoint,0,19,0.007847621610107769
elasticity_feature_shuffle_within_geodesic_bins,lung,target_disjoint,0,20,-0.0002130068722742129
elasticity_feature_shuffle_within_geodesic_bins,lung,target_disjoint,0,21,-6.726532808654095e-05
elasticity_feature_shuffle_within_geodesic_bins,lung,target_disjoint,0,22,0.0018834291864259223
elasticity_feature_shuffle_within_geodesic_bins,lung,target_disjoint,0,23,-5.605444007206195e-05
elasticity_feature_shuffle_within_geodesic_bins,lung,target_disjoint,3,0,-0.002303837486967275
elasticity_feature_shuffle_within_geodesic_bins,lung,target_disjoint,3,1,0.010157064541082339
elasticity_feature_shuffle_within_geodesic_bins,lung,target_disjoint,3,2,0.00817273736252655
elasticity_feature_shuffle_within_geodesic_bins,lung,target_disjoint,3,3,0.0064014170562449735
elasticity_feature_shuffle_within_geodesic_bins,lung,target_disjoint,3,4,0.004658123969999761
elasticity_feature_shuffle_within_geodesic_bins,lung,target_disjoint,3,5,0.007808383502057259
elasticity_feature_shuffle_within_geodesic_bins,lung,target_disjoint,3,6,0.0034809807284834626
elasticity_feature_shuffle_within_geodesic_bins,lung,target_disjoint,3,7,0.007987757710288146
elasticity_feature_shuffle_within_geodesic_bins,lung,target_disjoint,3,8,0.011395867666677995
elasticity_feature_shuffle_within_geodesic_bins,lung,target_disjoint,3,9,0.002230966714873439
elasticity_feature_shuffle_within_geodesic_bins,lung,target_disjoint,3,10,0.004495566093790315
elasticity_feature_shuffle_within_geodesic_bins,lung,target_disjoint,3,11,0.005986614199710805
elasticity_feature_shuffle_within_geodesic_bins,lung,target_disjoint,3,12,0.0017769257502887603
elasticity_feature_shuffle_within_geodesic_bins,lung,target_disjoint,3,13,0.005117770378591735
elasticity_feature_shuffle_within_geodesic_bins,lung,target_disjoint,3,14,0.015482236347941103
elasticity_feature_shuffle_within_geodesic_bins,lung,target_disjoint,3,15,0.007057254005089719
elasticity_feature_shuffle_within_geodesic_bins,lung,target_disjoint,3,16,0.007858832498122359
elasticity_feature_shuffle_within_geodesic_bins,lung,target_disjoint,3,17,0.007393580645522979
elasticity_feature_shuffle_within_geodesic_bins,lung,target_disjoint,3,18,0.007657036513862292
elasticity_feature_shuffle_within_geodesic_bins,lung,target_disjoint,3,19,0.0009248982611912426
elasticity_feature_shuffle_within_geodesic_bins,lung,target_disjoint,3,20,0.01076805793786928
elasticity_feature_shuffle_within_geodesic_bins,lung,target_disjoint,3,21,0.012309555039854758
elasticity_feature_shuffle_within_geodesic_bins,lung,target_disjoint,3,22,0.013604412605522476
elasticity_feature_shuffle_within_geodesic_bins,lung,target_disjoint,3,23,0.00454040964584812
elasticity_feature_shuffle_within_geodesic_bins,lung,target_disjoint,7,0,0.007432818753573489
elasticity_feature_shuffle_within_geodesic_bins,lung,target_disjoint,7,1,0.002483211695198273
elasticity_feature_shuffle_within_geodesic_bins,lung,target_disjoint,7,2,0.004624491305956213
elasticity_feature_shuffle_within_geodesic_bins,lung,target_disjoint,7,3,0.004859919954259495
elasticity_feature_shuffle_within_geodesic_bins,lung,target_disjoint,7,4,0.004400273545667521
elasticity_feature_shuffle_within_geodesic_bins,lung,target_disjoint,7,5,0.013010235540757087
elasticity_feature_shuffle_within_geodesic_bins,lung,target_disjoint,7,6,0.002836354667653085
elasticity_feature_shuffle_within_geodesic_bins,lung,target_disjoint,7,7,0.011855514075269857
elasticity_feature_shuffle_within_geodesic_bins,lung,target_disjoint,7,8,0.006115539411876703
elasticity_feature_shuffle_within_geodesic_bins,lung,target_disjoint,7,9,0.005538178679133088
elasticity_feature_shuffle_within_geodesic_bins,lung,target_disjoint,7,10,0.007561743965739387
elasticity_feature_shuffle_within_geodesic_bins,lung,target_disjoint,7,11,0.02157535398378896
elasticity_feature_shuffle_within_geodesic_bins,lung,target_disjoint,7,12,0.009439567708158014
elasticity_feature_shuffle_within_geodesic_bins,lung,target_disjoint,7,13,0.016519243489276803
elasticity_feature_shuffle_within_geodesic_bins,lung,target_disjoint,7,14,0.0062724918440789645
elasticity_feature_shuffle_within_geodesic_bins,lung,target_disjoint,7,15,0.004405878989674705
elasticity_feature_shuffle_within_geodesic_bins,lung,target_disjoint,7,16,0.009630152804403491
elasticity_feature_shuffle_within_geodesic_bins,lung,target_disjoint,7,17,0.007516900413681693
elasticity_feature_shuffle_within_geodesic_bins,lung,target_disjoint,7,18,0.01410329712216496
elasticity_feature_shuffle_within_geodesic_bins,lung,target_disjoint,7,19,0.0122366842677607
elasticity_feature_shuffle_within_geodesic_bins,lung,target_disjoint,7,20,0.012578616352201144
elasticity_feature_shuffle_within_geodesic_bins,lung,target_disjoint,7,21,0.010689581721767927
elasticity_feature_shuffle_within_geodesic_bins,lung,target_disjoint,7,22,0.018200876691442658
elasticity_feature_shuffle_within_geodesic_bins,lung,target_disjoint,7,23,0.007898070606172536
elasticity_feature_shuffle_within_geodesic_bins,lung,target_disjoint,11,0,0.010072982880974024
elasticity_feature_shuffle_within_geodesic_bins,lung,target_disjoint,11,1,0.01056065650960214
elasticity_feature_shuffle_within_geodesic_bins,lung,target_disjoint,11,2,0.007107703001154819
elasticity_feature_shuffle_within_geodesic_bins,lung,target_disjoint,11,3,0.005790423659458033
elasticity_feature_shuffle_within_geodesic_bins,lung,target_disjoint,11,4,0.00412560678931384
elasticity_feature_shuffle_within_geodesic_bins,lung,target_disjoint,11,5,0.0103028060852699
elasticity_feature_shuffle_within_geodesic_bins,lung,target_disjoint,11,6,0.005095348602562666
elasticity_feature_shuffle_within_geodesic_bins,lung,target_disjoint,11,7,0.005448491575017478
elasticity_feature_shuffle_within_geodesic_bins,lung,target_disjoint,11,8,0.007074070337111493
elasticity_feature_shuffle_within_geodesic_bins,lung,target_disjoint,11,9,0.008105472034439898
elasticity_feature_shuffle_within_geodesic_bins,lung,target_disjoint,11,10,0.005739974663393044
elasticity_feature_shuffle_within_geodesic_bins,lung,target_disjoint,11,11,0.007068464893104198
elasticity_feature_shuffle_within_geodesic_bins,lung,target_disjoint,11,12,0.008268029910649233
elasticity_feature_shuffle_within_geodesic_bins,lung,target_disjoint,11,13,0.0049552125023824
elasticity_feature_shuffle_within_geodesic_bins,lung,target_disjoint,11,14,0.00602024686375402
elasticity_feature_shuffle_within_geodesic_bins,lung,target_disjoint,11,15,0.0063677843922016475
elasticity_feature_shuffle_within_geodesic_bins,lung,target_disjoint,11,16,0.00753932218971054
elasticity_feature_shuffle_within_geodesic_bins,lung,target_disjoint,11,17,0.0034585589524546156
elasticity_feature_shuffle_within_geodesic_bins,lung,target_disjoint,11,18,0.005381226246931048
elasticity_feature_shuffle_within_geodesic_bins,lung,target_disjoint,11,19,0.007354342537472469
elasticity_feature_shuffle_within_geodesic_bins,lung,target_disjoint,11,20,0.005981008755703621
elasticity_feature_shuffle_within_geodesic_bins,lung,target_disjoint,11,21,0.006642451148555439
elasticity_feature_shuffle_within_geodesic_bins,lung,target_disjoint,11,22,0.008256819022634754
elasticity_feature_shuffle_within_geodesic_bins,lung,target_disjoint,11,23,0.003043756095920447
endpoint_swap_within_geodesic_bins,external_lung,source_disjoint,0,0,0.009734878192740992
endpoint_swap_within_geodesic_bins,external_lung,source_disjoint,0,1,0.010680875492201647
endpoint_swap_within_geodesic_bins,external_lung,source_disjoint,0,2,0.010632362810178098
endpoint_swap_within_geodesic_bins,external_lung,source_disjoint,0,3,0.009783390874764542
endpoint_swap_within_geodesic_bins,external_lung,source_disjoint,0,4,0.01036554305904791
endpoint_swap_within_geodesic_bins,external_lung,source_disjoint,0,5,0.006751348248287936
endpoint_swap_within_geodesic_bins,external_lung,source_disjoint,0,6,0.01104472060737871
endpoint_swap_within_geodesic_bins,external_lung,source_disjoint,0,7,0.010171492330953602
endpoint_swap_within_geodesic_bins,external_lung,source_disjoint,0,8,0.008877820810323622
endpoint_swap_within_geodesic_bins,external_lung,source_disjoint,0,9,0.006771561865797859
endpoint_swap_within_geodesic_bins,external_lung,source_disjoint,0,10,0.009152726008457401
endpoint_swap_within_geodesic_bins,external_lung,source_disjoint,0,11,0.010389799400059796
endpoint_swap_within_geodesic_bins,external_lung,source_disjoint,0,12,0.011707727261701772
endpoint_swap_within_geodesic_bins,external_lung,source_disjoint,0,13,0.014028250551831767
endpoint_swap_within_geodesic_bins,external_lung,source_disjoint,0,14,0.010179577777957416
endpoint_swap_within_geodesic_bins,external_lung,source_disjoint,0,15,0.01120642954745743
endpoint_swap_within_geodesic_bins,external_lung,source_disjoint,0,16,0.010511081105118891
endpoint_swap_within_geodesic_bins,external_lung,source_disjoint,0,17,0.008999102515382607
endpoint_swap_within_geodesic_bins,external_lung,source_disjoint,0,18,0.011853265307772642
endpoint_swap_within_geodesic_bins,external_lung,source_disjoint,0,19,0.009354862183555857
endpoint_swap_within_geodesic_bins,external_lung,source_disjoint,0,20,0.010341286718036247
endpoint_swap_within_geodesic_bins,external_lung,source_disjoint,0,21,0.013235876745445907
endpoint_swap_within_geodesic_bins,external_lung,source_disjoint,0,22,0.009759134533752767
endpoint_swap_within_geodesic_bins,external_lung,source_disjoint,0,23,0.012455631109565934
endpoint_swap_within_geodesic_bins,external_lung,source_disjoint,3,0,0.004212517889051526
endpoint_swap_within_geodesic_bins,external_lung,source_disjoint,3,1,-0.0014553804607086995
endpoint_swap_within_geodesic_bins,external_lung,source_disjoint,3,2,0.002999700838460906
endpoint_swap_within_geodesic_bins,external_lung,source_disjoint,3,3,-0.0021911561380671962
endpoint_swap_within_geodesic_bins,external_lung,source_disjoint,3,4,0.0049482935664098004
endpoint_swap_within_geodesic_bins,external_lung,source_disjoint,3,5,-0.006023658017933364
endpoint_swap_within_geodesic_bins,external_lung,source_disjoint,3,6,-0.0013906968846773005
endpoint_swap_within_geodesic_bins,external_lung,source_disjoint,3,7,0.00056598129027563
endpoint_swap_within_geodesic_bins,external_lung,source_disjoint,3,8,-0.005223198764543691
endpoint_swap_within_geodesic_bins,external_lung,source_disjoint,3,9,0.002708624746319166
endpoint_swap_within_geodesic_bins,external_lung,source_disjoint,3,10,-0.004479337640181269
endpoint_swap_within_geodesic_bins,external_lung,source_disjoint,3,11,-0.007074766128445487
endpoint_swap_within_geodesic_bins,external_lung,source_disjoint,3,12,0.0013664405436655258
endpoint_swap_within_geodesic_bins,external_lung,source_disjoint,3,13,-0.006233879640035855
endpoint_swap_within_geodesic_bins,external_lung,source_disjoint,3,14,-0.002191156138066974
endpoint_swap_within_geodesic_bins,external_lung,source_disjoint,3,15,-0.006185366958012306
endpoint_swap_within_geodesic_bins,external_lung,source_disjoint,3,16,-0.0023043523961221446
endpoint_swap_within_geodesic_bins,external_lung,source_disjoint,3,17,-0.0035333403407207253
endpoint_swap_within_geodesic_bins,external_lung,source_disjoint,3,18,-0.00548193306866962
endpoint_swap_within_geodesic_bins,external_lung,source_disjoint,3,19,0.0031694952255436615
endpoint_swap_within_geodesic_bins,external_lung,source_disjoint,3,20,-0.011093233289402482
endpoint_swap_within_geodesic_bins,external_lung,source_disjoint,3,21,0.002069874433007879
endpoint_swap_within_geodesic_bins,external_lung,source_disjoint,3,22,-0.009096127879429705
endpoint_swap_within_geodesic_bins,external_lung,source_disjoint,3,23,-0.004269116018079
endpoint_swap_within_geodesic_bins,external_lung,source_disjoint,7,0,0.012354563022016651
endpoint_swap_within_geodesic_bins,external_lung,source_disjoint,7,1,0.015224896708414537
endpoint_swap_within_geodesic_bins,external_lung,source_disjoint,7,2,0.014626573630123096
endpoint_swap_within_geodesic_bins,external_lung,source_disjoint,7,3,0.012306050339993102
endpoint_swap_within_geodesic_bins,external_lung,source_disjoint,7,4,0.011457078404579546
endpoint_swap_within_geodesic_bins,external_lung,source_disjoint,7,5,0.00852206114215015
endpoint_swap_within_geodesic_bins,external_lung,source_disjoint,7,6,0.01122260044146528
endpoint_swap_within_geodesic_bins,external_lung,source_disjoint,7,7,0.014028250551831767
endpoint_swap_within_geodesic_bins,external_lung,source_disjoint,7,8,0.014537633713079812
endpoint_swap_within_geodesic_bins,external_lung,source_disjoint,7,9,0.013591636413618935
endpoint_swap_within_geodesic_bins,external_lung,source_disjoint,7,10,0.014012079657823917
endpoint_swap_within_geodesic_bins,external_lung,source_disjoint,7,11,0.013106509593382887
endpoint_swap_within_geodesic_bins,external_lung,source_disjoint,7,12,0.013163107722410361
endpoint_swap_within_geodesic_bins,external_lung,source_disjoint,7,13,0.014092934127863277
endpoint_swap_within_geodesic_bins,external_lung,source_disjoint,7,14,0.014869137040241176
endpoint_swap_within_geodesic_bins,external_lung,source_disjoint,7,15,0.01347035470855995
endpoint_swap_within_geodesic_bins,external_lung,source_disjoint,7,16,0.012160512293922232
endpoint_swap_within_geodesic_bins,external_lung,source_disjoint,7,17,0.01418187404490645
endpoint_swap_within_geodesic_bins,external_lung,source_disjoint,7,18,0.01290437341828432
endpoint_swap_within_geodesic_bins,external_lung,source_disjoint,7,19,0.01321162040443391
endpoint_swap_within_geodesic_bins,external_lung,source_disjoint,7,20,0.01193411977781178
endpoint_swap_within_geodesic_bins,external_lung,source_disjoint,7,21,0.015006589639308121
endpoint_swap_within_geodesic_bins,external_lung,source_disjoint,7,22,0.012378819363028426
endpoint_swap_within_geodesic_bins,external_lung,source_disjoint,7,23,0.00981573266278013
endpoint_swap_within_geodesic_bins,external_lung,source_disjoint,11,0,0.012168597740926157
endpoint_swap_within_geodesic_bins,external_lung,source_disjoint,11,1,0.010066381519902357
endpoint_swap_within_geodesic_bins,external_lung,source_disjoint,11,2,0.013704832671674105
endpoint_swap_within_geodesic_bins,external_lung,source_disjoint,11,3,0.011028549713370861
endpoint_swap_within_geodesic_bins,external_lung,source_disjoint,11,4,0.012661810008166241
endpoint_swap_within_geodesic_bins,external_lung,source_disjoint,11,5,0.011060891501386672
endpoint_swap_within_geodesic_bins,external_lung,source_disjoint,11,6,0.013114595040386812
endpoint_swap_within_geodesic_bins,external_lung,source_disjoint,11,7,0.012103914164894647
endpoint_swap_within_geodesic_bins,external_lung,source_disjoint,11,8,0.012677980902174202
endpoint_swap_within_geodesic_bins,external_lung,source_disjoint,11,9,0.012730536307699825
endpoint_swap_within_geodesic_bins,external_lung,source_disjoint,11,10,0.011125575077418182
endpoint_swap_within_geodesic_bins,external_lung,source_disjoint,11,11,0.00836035220207143
endpoint_swap_within_geodesic_bins,external_lung,source_disjoint,11,12,0.014068677786851391
endpoint_swap_within_geodesic_bins,external_lung,source_disjoint,11,13,0.015200640367402762
endpoint_swap_within_geodesic_bins,external_lung,source_disjoint,11,14,0.012904373418284432
endpoint_swap_within_geodesic_bins,external_lung,source_disjoint,11,15,0.014949991510280647
endpoint_swap_within_geodesic_bins,external_lung,source_disjoint,11,16,0.014003994210819992
endpoint_swap_within_geodesic_bins,external_lung,source_disjoint,11,17,0.011893692542792267
endpoint_swap_within_geodesic_bins,external_lung,source_disjoint,11,18,0.012597126432134842
endpoint_swap_within_geodesic_bins,external_lung,source_disjoint,11,19,0.015176384026390877
endpoint_swap_within_geodesic_bins,external_lung,source_disjoint,11,20,0.013818028929729276
endpoint_swap_within_geodesic_bins,external_lung,source_disjoint,11,21,0.008546317483162036
endpoint_swap_within_geodesic_bins,external_lung,source_disjoint,11,22,0.014844880699229512
endpoint_swap_within_geodesic_bins,external_lung,source_disjoint,11,23,0.011558146492128829
endpoint_swap_within_geodesic_bins,external_lung,target_disjoint,0,0,0.014012417826402501
endpoint_swap_within_geodesic_bins,external_lung,target_disjoint,0,1,0.010301842687255869
endpoint_swap_within_geodesic_bins,external_lung,target_disjoint,0,2,0.01143152598488828
endpoint_swap_within_geodesic_bins,external_lung,target_disjoint,0,3,0.012973978179732448
endpoint_swap_within_geodesic_bins,external_lung,target_disjoint,0,4,0.010710266648707556
endpoint_swap_within_geodesic_bins,external_lung,target_disjoint,0,5,0.008620352548087573
endpoint_swap_within_geodesic_bins,external_lung,target_disjoint,0,6,0.011218624132642296
endpoint_swap_within_geodesic_bins,external_lung,target_disjoint,0,7,0.014294838650810493
endpoint_swap_within_geodesic_bins,external_lung,target_disjoint,0,8,0.011357662076966202
endpoint_swap_within_geodesic_bins,external_lung,target_disjoint,0,9,0.012826250363888514
endpoint_swap_within_geodesic_bins,external_lung,target_disjoint,0,10,0.011414146241847889
endpoint_swap_within_geodesic_bins,external_lung,target_disjoint,0,11,0.011531459507371
endpoint_swap_within_geodesic_bins,external_lung,target_disjoint,0,12,0.010293152815735729
endpoint_swap_within_geodesic_bins,external_lung,target_disjoint,0,13,0.00945023527827149
endpoint_swap_within_geodesic_bins,external_lung,target_disjoint,0,14,0.012991357922773061
endpoint_swap_within_geodesic_bins,external_lung,target_disjoint,0,15,0.009906453533084392
endpoint_swap_within_geodesic_bins,external_lung,target_disjoint,0,16,0.01048867492494121
endpoint_swap_within_geodesic_bins,external_lung,target_disjoint,0,17,0.010440880631579996
endpoint_swap_within_geodesic_bins,external_lung,target_disjoint,0,18,0.012313547944193592
endpoint_swap_within_geodesic_bins,external_lung,target_disjoint,0,19,0.011635737965614235
endpoint_swap_within_geodesic_bins,external_lung,target_disjoint,0,20,0.012152785321069004
endpoint_swap_within_geodesic_bins,external_lung,target_disjoint,0,21,0.011396766498807498
endpoint_swap_within_geodesic_bins,external_lung,target_disjoint,0,22,0.012070231541626564
endpoint_swap_within_geodesic_bins,external_lung,target_disjoint,0,23,0.010797165363910066
endpoint_swap_within_geodesic_bins,external_lung,target_disjoint,3,0,-0.008255377944236919
endpoint_swap_within_geodesic_bins,external_lung,target_disjoint,3,1,0.0009776105460281848
endpoint_swap_within_geodesic_bins,external_lung,target_disjoint,3,2,0.000343249925049971
endpoint_swap_within_geodesic_bins,external_lung,target_disjoint,3,3,-0.0010080250963488968
endpoint_swap_within_geodesic_bins,external_lung,target_disjoint,3,4,-0.004353625631644986
endpoint_swap_within_geodesic_bins,external_lung,target_disjoint,3,5,0.003549812516022155
endpoint_swap_within_geodesic_bins,external_lung,target_disjoint,3,6,-0.0016206610385264275
endpoint_swap_within_geodesic_bins,external_lung,target_disjoint,3,7,-0.004366660438925307
endpoint_swap_within_geodesic_bins,external_lung,target_disjoint,3,8,-0.0016380407815669296
endpoint_swap_within_geodesic_bins,external_lung,target_disjoint,3,9,-0.0005778764560965266
endpoint_swap_within_geodesic_bins,external_lung,target_disjoint,3,10,-0.004653426199093591
endpoint_swap_within_geodesic_bins,external_lung,target_disjoint,3,11,0.006647751712991035
endpoint_swap_within_geodesic_bins,external_lung,target_disjoint,3,12,-0.002911106959283427
endpoint_swap_within_geodesic_bins,external_lung,target_disjoint,3,13,-0.005565862708719838
endpoint_swap_within_geodesic_bins,external_lung,target_disjoint,3,14,-0.005470274121996965
endpoint_swap_within_geodesic_bins,external_lung,target_disjoint,3,15,-0.006547818190507981
endpoint_swap_within_geodesic_bins,external_lung,target_disjoint,3,16,-0.006013391092012599
endpoint_swap_within_geodesic_bins,external_lung,target_disjoint,3,17,7.820884368225922e-05
endpoint_swap_within_geodesic_bins,external_lung,target_disjoint,3,18,0.00033021511776953894
endpoint_swap_within_geodesic_bins,external_lung,target_disjoint,3,19,0.001029749775149691
endpoint_swap_within_geodesic_bins,external_lung,target_disjoint,3,20,-0.0003997340899313251
endpoint_swap_within_geodesic_bins,external_lung,target_disjoint,3,21,0.0006039460706575017
endpoint_swap_within_geodesic_bins,external_lung,target_disjoint,3,22,-0.0017032148179687567
endpoint_swap_within_geodesic_bins,external_lung,target_disjoint,3,23,0.000330215117769761
endpoint_swap_within_geodesic_bins,external_lung,target_disjoint,7,0,0.01683228113472346
endpoint_swap_within_geodesic_bins,external_lung,target_disjoint,7,1,0.015133411252514661
endpoint_swap_within_geodesic_bins,external_lung,target_disjoint,7,2,0.015502730792125385
endpoint_swap_within_geodesic_bins,external_lung,target_disjoint,7,3,0.015485351049084772
endpoint_swap_within_geodesic_bins,external_lung,target_disjoint,7,4,0.015085616959153225
endpoint_swap_within_geodesic_bins,external_lung,target_disjoint,7,5,0.017822926488031965
endpoint_swap_within_geodesic_bins,external_lung,target_disjoint,7,6,0.012735006712925823
endpoint_swap_within_geodesic_bins,external_lung,target_disjoint,7,7,0.016219645192545817
endpoint_swap_within_geodesic_bins,external_lung,target_disjoint,7,8,0.013438886306065934
endpoint_swap_within_geodesic_bins,external_lung,target_disjoint,7,9,0.013225984453819839
endpoint_swap_within_geodesic_bins,external_lung,target_disjoint,7,10,0.01658027486063607
endpoint_swap_within_geodesic_bins,external_lung,target_disjoint,7,11,0.01650641095271399
endpoint_swap_within_geodesic_bins,external_lung,target_disjoint,7,12,0.01768388854370795
endpoint_swap_within_geodesic_bins,external_lung,target_disjoint,7,13,0.015785151616533266
endpoint_swap_within_geodesic_bins,external_lung,target_disjoint,7,14,0.017927204946274866
endpoint_swap_within_geodesic_bins,external_lung,target_disjoint,7,15,0.016037157890620546
endpoint_swap_within_geodesic_bins,external_lung,target_disjoint,7,16,0.018105347312440068
endpoint_swap_within_geodesic_bins,external_lung,target_disjoint,7,17,0.014064557055524007
endpoint_swap_within_geodesic_bins,external_lung,target_disjoint,7,18,0.015793841488053628
endpoint_swap_within_geodesic_bins,external_lung,target_disjoint,7,19,0.015693907965570797
endpoint_swap_within_geodesic_bins,external_lung,target_disjoint,7,20,0.015163825802835595
endpoint_swap_within_geodesic_bins,external_lung,target_disjoint,7,21,0.01683662607048353
endpoint_swap_within_geodesic_bins,external_lung,target_disjoint,7,22,0.01452077531033702
endpoint_swap_within_geodesic_bins,external_lung,target_disjoint,7,23,0.018153141605801393
endpoint_swap_within_geodesic_bins,external_lung,target_disjoint,11,0,0.020929555556521207
endpoint_swap_within_geodesic_bins,external_lung,target_disjoint,11,1,0.020942590363801528
endpoint_swap_within_geodesic_bins,external_lung,target_disjoint,11,2,0.021950615460150535
endpoint_swap_within_geodesic_bins,external_lung,target_disjoint,11,3,0.021668194635742433
endpoint_swap_within_geodesic_bins,external_lung,target_disjoint,11,4,0.022571941273848317
endpoint_swap_within_geodesic_bins,external_lung,target_disjoint,11,5,0.017983689111156664
endpoint_swap_within_geodesic_bins,external_lung,target_disjoint,11,6,0.020121397505138083
endpoint_swap_within_geodesic_bins,external_lung,target_disjoint,11,7,0.020847001777078766
endpoint_swap_within_geodesic_bins,external_lung,target_disjoint,11,8,0.023501757526515066
endpoint_swap_within_geodesic_bins,external_lung,target_disjoint,11,9,0.02104686882204454
endpoint_swap_within_geodesic_bins,external_lung,target_disjoint,11,10,0.020299539871303063
endpoint_swap_within_geodesic_bins,external_lung,target_disjoint,11,11,0.0243099155778983
endpoint_swap_within_geodesic_bins,external_lung,target_disjoint,11,12,0.022037514175352935
endpoint_swap_within_geodesic_bins,external_lung,target_disjoint,11,13,0.018683223768536594
endpoint_swap_within_geodesic_bins,external_lung,target_disjoint,11,14,0.023484377783474564
endpoint_swap_within_geodesic_bins,external_lung,target_disjoint,11,15,0.017922860010514907
endpoint_swap_within_geodesic_bins,external_lung,target_disjoint,11,16,0.019352343875595923
endpoint_swap_within_geodesic_bins,external_lung,target_disjoint,11,17,0.018574600374533512
endpoint_swap_within_geodesic_bins,external_lung,target_disjoint,11,18,0.02062106511755235
endpoint_swap_within_geodesic_bins,external_lung,target_disjoint,11,19,0.02312809305114427
endpoint_swap_within_geodesic_bins,external_lung,target_disjoint,11,20,0.018096657440919817
endpoint_swap_within_geodesic_bins,external_lung,target_disjoint,11,21,0.021868061680708095
endpoint_swap_within_geodesic_bins,external_lung,target_disjoint,11,22,0.020994729592923145
endpoint_swap_within_geodesic_bins,external_lung,target_disjoint,11,23,0.017657818929147195
endpoint_swap_within_geodesic_bins,immune,source_disjoint,0,0,-0.003027115474520725
endpoint_swap_within_geodesic_bins,immune,source_disjoint,0,1,0.0019109396914445131
endpoint_swap_within_geodesic_bins,immune,source_disjoint,0,2,-0.0028284244974287054
endpoint_swap_within_geodesic_bins,immune,source_disjoint,0,3,-0.00022498831229555982
endpoint_swap_within_geodesic_bins,immune,source_disjoint,0,4,0.0008327489481064765
endpoint_swap_within_geodesic_bins,immune,source_disjoint,0,5,0.005016947171575414
endpoint_swap_within_geodesic_bins,immune,source_disjoint,0,6,-0.000993454885460432
endpoint_swap_within_geodesic_bins,immune,source_disjoint,0,7,-0.0008385928003741272
endpoint_swap_within_geodesic_bins,immune,source_disjoint,0,8,0.004014726507713839
endpoint_swap_within_geodesic_bins,immune,source_disjoint,0,9,-0.0021856007480132167
endpoint_swap_within_geodesic_bins,immune,source_disjoint,0,10,0.0009467040673211136
endpoint_swap_within_geodesic_bins,immune,source_disjoint,0,11,-0.0012155212716222774
endpoint_swap_within_geodesic_bins,immune,source_disjoint,0,12,-0.002486559139784905
endpoint_swap_within_geodesic_bins,immune,source_disjoint,0,13,-0.0014726507713884729
endpoint_swap_within_geodesic_bins,immune,source_disjoint,0,14,-0.005943197755960861
endpoint_swap_within_geodesic_bins,immune,source_disjoint,0,15,0.004450093501636165
endpoint_swap_within_geodesic_bins,immune,source_disjoint,0,16,-0.0003856942496492932
endpoint_swap_within_geodesic_bins,immune,source_disjoint,0,17,-0.0023667601683029504
endpoint_swap_within_geodesic_bins,immune,source_disjoint,0,18,-0.004727676484338583
endpoint_swap_within_geodesic_bins,immune,source_disjoint,0,19,-0.0029686769518466605
endpoint_swap_within_geodesic_bins,immune,source_disjoint,0,20,-0.0029014726507714528
endpoint_swap_within_geodesic_bins,immune,source_disjoint,0,21,0.003652407667134039
endpoint_swap_within_geodesic_bins,immune,source_disjoint,0,22,-0.004225105189340939
endpoint_swap_within_geodesic_bins,immune,source_disjoint,0,23,-0.0035705937353903705
endpoint_swap_within_geodesic_bins,immune,source_disjoint,3,0,0.008128798503973633
endpoint_swap_within_geodesic_bins,immune,source_disjoint,3,1,0.007205469845722234
endpoint_swap_within_geodesic_bins,immune,source_disjoint,3,2,0.009969611968209335
endpoint_swap_within_geodesic_bins,immune,source_disjoint,3,3,0.00822230014025227
endpoint_swap_within_geodesic_bins,immune,source_disjoint,3,4,0.006930808789153753
endpoint_swap_within_geodesic_bins,immune,source_disjoint,3,5,0.004990649836371985
endpoint_swap_within_geodesic_bins,immune,source_disjoint,3,6,0.011167601683029438
endpoint_swap_within_geodesic_bins,immune,source_disjoint,3,7,0.00978845254791938
endpoint_swap_within_geodesic_bins,immune,source_disjoint,3,8,0.006965871902758214
endpoint_swap_within_geodesic_bins,immune,source_disjoint,3,9,0.008225222066385984
endpoint_swap_within_geodesic_bins,immune,source_disjoint,3,10,0.004575736325385438
endpoint_swap_within_geodesic_bins,immune,source_disjoint,3,11,0.009817671809256523
endpoint_swap_within_geodesic_bins,immune,source_disjoint,3,12,0.00890603085553987
endpoint_swap_within_geodesic_bins,immune,source_disjoint,3,13,0.008350864890135479
endpoint_swap_within_geodesic_bins,immune,source_disjoint,3,14,0.008461898083216401
endpoint_swap_within_geodesic_bins,immune,source_disjoint,3,15,0.008616760168302817
endpoint_swap_within_geodesic_bins,immune,source_disjoint,3,16,0.009735857877512855
endpoint_swap_within_geodesic_bins,immune,source_disjoint,3,17,0.008274894810659128
endpoint_swap_within_geodesic_bins,immune,source_disjoint,3,18,0.008233987844787016
endpoint_swap_within_geodesic_bins,immune,source_disjoint,3,19,0.008812529219261234
endpoint_swap_within_geodesic_bins,immune,source_disjoint,3,20,0.007152875175315487
endpoint_swap_within_geodesic_bins,immune,source_disjoint,3,21,0.008602150537634357
endpoint_swap_within_geodesic_bins,immune,source_disjoint,3,22,0.010016362786348654
endpoint_swap_within_geodesic_bins,immune,source_disjoint,3,23,0.00887096774193541
endpoint_swap_within_geodesic_bins,immune,source_disjoint,7,0,-0.005957807386629321
endpoint_swap_within_geodesic_bins,immune,source_disjoint,7,1,-0.008754090696587058
endpoint_swap_within_geodesic_bins,immune,source_disjoint,7,2,0.0031790556334736486
endpoint_swap_within_geodesic_bins,immune,source_disjoint,7,3,-0.0046692379616642965
endpoint_swap_within_geodesic_bins,immune,source_disjoint,7,4,0.00026297335203362415
endpoint_swap_within_geodesic_bins,immune,source_disjoint,7,5,-0.0036845488546047855
endpoint_swap_within_geodesic_bins,immune,source_disjoint,7,6,-0.009706638616175933
endpoint_swap_within_geodesic_bins,immune,source_disjoint,7,7,-0.0045991117344552634
endpoint_swap_within_geodesic_bins,immune,source_disjoint,7,8,0.0005434782608694233
endpoint_swap_within_geodesic_bins,immune,source_disjoint,7,9,-0.012079242636746201
endpoint_swap_within_geodesic_bins,immune,source_disjoint,7,10,-6.136044880777902e-05
endpoint_swap_within_geodesic_bins,immune,source_disjoint,7,11,-0.004236792893875574
endpoint_swap_within_geodesic_bins,immune,source_disjoint,7,12,0.0018115942028985588
endpoint_swap_within_geodesic_bins,immune,source_disjoint,7,13,-0.00967741935483879
endpoint_swap_within_geodesic_bins,immune,source_disjoint,7,14,-0.0027232351566152113
endpoint_swap_within_geodesic_bins,immune,source_disjoint,7,15,0.0011921458625525627
endpoint_swap_within_geodesic_bins,immune,source_disjoint,7,16,-0.006410705937353933
endpoint_swap_within_geodesic_bins,immune,source_disjoint,7,17,0.002197288452547963
endpoint_swap_within_geodesic_bins,immune,source_disjoint,7,18,-0.010887096774193528
endpoint_swap_within_geodesic_bins,immune,source_disjoint,7,19,-0.00530621785881269
endpoint_swap_within_geodesic_bins,immune,source_disjoint,7,20,-0.005569191210846203
endpoint_swap_within_geodesic_bins,immune,source_disjoint,7,21,-0.00040322580645169026
endpoint_swap_within_geodesic_bins,immune,source_disjoint,7,22,-0.012149368863955012
endpoint_swap_within_geodesic_bins,immune,source_disjoint,7,23,-0.011009817671809086
endpoint_swap_within_geodesic_bins,immune,source_disjoint,11,0,0.004406264609630672
endpoint_swap_within_geodesic_bins,immune,source_disjoint,11,1,0.005265310892940689
endpoint_swap_within_geodesic_bins,immune,source_disjoint,11,2,0.006013323983169783
endpoint_swap_within_geodesic_bins,immune,source_disjoint,11,3,0.004201729780271113
endpoint_swap_within_geodesic_bins,immune,source_disjoint,11,4,0.006153576437587627
endpoint_swap_within_geodesic_bins,immune,source_disjoint,11,5,0.005493221131369741
endpoint_swap_within_geodesic_bins,immune,source_disjoint,11,6,0.00489714820009346
endpoint_swap_within_geodesic_bins,immune,source_disjoint,11,7,0.005639317438055125
endpoint_swap_within_geodesic_bins,immune,source_disjoint,11,8,0.006416549789621251
endpoint_swap_within_geodesic_bins,immune,source_disjoint,11,9,0.005399719495091104
endpoint_swap_within_geodesic_bins,immune,source_disjoint,11,10,0.00549906498363717
endpoint_swap_within_geodesic_bins,immune,source_disjoint,11,11,0.008120032725572712
endpoint_swap_within_geodesic_bins,immune,source_disjoint,11,12,0.005510752688172027
endpoint_swap_within_geodesic_bins,immune,source_disjoint,11,13,0.00662108461898081
endpoint_swap_within_geodesic_bins,immune,source_disjoint,11,14,0.005943197755960528
endpoint_swap_within_geodesic_bins,immune,source_disjoint,11,15,0.004961430575035175
endpoint_swap_within_geodesic_bins,immune,source_disjoint,11,16,0.005954885460495718
endpoint_swap_within_geodesic_bins,immune,source_disjoint,11,17,0.005195184665731545
endpoint_swap_within_geodesic_bins,immune,source_disjoint,11,18,0.0046517064048620105
endpoint_swap_within_geodesic_bins,immune,source_disjoint,11,19,0.006007480130902354
endpoint_swap_within_geodesic_bins,immune,source_disjoint,11,20,0.00810542309490414
endpoint_swap_within_geodesic_bins,immune,source_disjoint,11,21,0.004914679756895746
endpoint_swap_within_geodesic_bins,immune,source_disjoint,11,22,0.006323048153342614
endpoint_swap_within_geodesic_bins,immune,source_disjoint,11,23,0.0051659654043946235
endpoint_swap_within_geodesic_bins,immune,target_disjoint,0,0,0.0051592467239435225
endpoint_swap_within_geodesic_bins,immune,target_disjoint,0,1,0.006161589863750927
endpoint_swap_within_geodesic_bins,immune,target_disjoint,0,2,0.008005727675084673
endpoint_swap_within_geodesic_bins,immune,target_disjoint,0,3,0.006092163499088921
endpoint_swap_within_geodesic_bins,immune,target_disjoint,0,4,0.006027076282218435
endpoint_swap_within_geodesic_bins,immune,target_disjoint,0,5,0.006578148051722743
endpoint_swap_within_geodesic_bins,immune,target_disjoint,0,6,0.005341490931181192
endpoint_swap_within_geodesic_bins,immune,target_disjoint,0,7,0.0052069773496487
endpoint_swap_within_geodesic_bins,immune,target_disjoint,0,8,0.007172611299140819
endpoint_swap_within_geodesic_bins,immune,target_disjoint,0,9,0.003913911307819373
endpoint_swap_within_geodesic_bins,immune,target_disjoint,0,10,0.002360496398507439
endpoint_swap_within_geodesic_bins,immune,target_disjoint,0,11,0.007242037663802825
endpoint_swap_within_geodesic_bins,immune,target_disjoint,0,12,0.006682287598715697
endpoint_swap_within_geodesic_bins,immune,target_disjoint,0,13,0.0055497700251671
endpoint_swap_within_geodesic_bins,immune,target_disjoint,0,14,0.00662587867742781
endpoint_swap_within_geodesic_bins,immune,target_disjoint,0,15,0.007046776013191147
endpoint_swap_within_geodesic_bins,immune,target_disjoint,0,16,0.006799444589082881
endpoint_swap_within_geodesic_bins,immune,target_disjoint,0,17,0.007055454308773856
endpoint_swap_within_geodesic_bins,immune,target_disjoint,0,18,0.0033715178338975527
endpoint_swap_within_geodesic_bins,immune,target_disjoint,0,19,0.005836153779397724
endpoint_swap_within_geodesic_bins,immune,target_disjoint,0,20,0.0031155081142064667
endpoint_swap_within_geodesic_bins,immune,target_disjoint,0,21,0.00483814978738184
endpoint_swap_within_geodesic_bins,immune,target_disjoint,0,22,0.0035233880065956846
endpoint_swap_within_geodesic_bins,immune,target_disjoint,0,23,0.006556452312765804
endpoint_swap_within_geodesic_bins,immune,target_disjoint,3,0,0.0036101709624229983
endpoint_swap_within_geodesic_bins,immune,target_disjoint,3,1,0.0053675258179294305
endpoint_swap_within_geodesic_bins,immune,target_disjoint,3,2,0.0050073765512455015
endpoint_swap_within_geodesic_bins,immune,target_disjoint,3,3,0.0059836848043045565
endpoint_swap_within_geodesic_bins,immune,target_disjoint,3,4,0.0042870780178773105
endpoint_swap_within_geodesic_bins,immune,target_disjoint,3,5,0.003961641933524329
endpoint_swap_within_geodesic_bins,immune,target_disjoint,3,6,0.00839625097630825
endpoint_swap_within_geodesic_bins,immune,target_disjoint,3,7,0.005033411437993518
endpoint_swap_within_geodesic_bins,immune,target_disjoint,3,8,0.007463334201162852
endpoint_swap_within_geodesic_bins,immune,target_disjoint,3,9,0.007081489195522095
endpoint_swap_within_geodesic_bins,immune,target_disjoint,3,10,0.0022476785559316648
endpoint_swap_within_geodesic_bins,immune,target_disjoint,3,11,0.005753709971361709
endpoint_swap_within_geodesic_bins,immune,target_disjoint,3,12,0.006894905840493015
endpoint_swap_within_geodesic_bins,immune,target_disjoint,3,13,0.006621539529636289
endpoint_swap_within_geodesic_bins,immune,target_disjoint,3,14,0.004538748589776986
endpoint_swap_within_geodesic_bins,immune,target_disjoint,3,15,0.0042870780178773105
endpoint_swap_within_geodesic_bins,immune,target_disjoint,3,16,0.0058274754838151255
endpoint_swap_within_geodesic_bins,immune,target_disjoint,3,17,0.004360843530330616
endpoint_swap_within_geodesic_bins,immune,target_disjoint,3,18,0.002920246463594567
endpoint_swap_within_geodesic_bins,immune,target_disjoint,3,19,0.0055237351384188615
endpoint_swap_within_geodesic_bins,immune,target_disjoint,3,20,0.0029983511238392824
endpoint_swap_within_geodesic_bins,immune,target_disjoint,3,21,0.006222337932830002
endpoint_swap_within_geodesic_bins,immune,target_disjoint,3,22,0.005666927015534173
endpoint_swap_within_geodesic_bins,immune,target_disjoint,3,23,0.00252104486678828
endpoint_swap_within_geodesic_bins,immune,target_disjoint,7,0,0.00467760131910111
endpoint_swap_within_geodesic_bins,immune,target_disjoint,7,1,0.0038791981254882035
endpoint_swap_within_geodesic_bins,immune,target_disjoint,7,2,0.005224333940814008
endpoint_swap_within_geodesic_bins,immune,target_disjoint,7,3,0.0049032370042523254
endpoint_swap_within_geodesic_bins,immune,target_disjoint,7,4,0.0031979519222425923
endpoint_swap_within_geodesic_bins,immune,target_disjoint,7,5,0.005137550984986472
endpoint_swap_within_geodesic_bins,immune,target_disjoint,7,6,0.0030157077150049227
endpoint_swap_within_geodesic_bins,immune,target_disjoint,7,7,0.005970667360930326
endpoint_swap_within_geodesic_bins,immune,target_disjoint,7,8,0.005393560704677558
endpoint_swap_within_geodesic_bins,immune,target_disjoint,7,9,0.006014058838843983
endpoint_swap_within_geodesic_bins,immune,target_disjoint,7,10,0.003792415169660779
endpoint_swap_within_geodesic_bins,immune,target_disjoint,7,11,0.0031502212965375254
endpoint_swap_within_geodesic_bins,immune,target_disjoint,7,12,0.0044910179640720305
endpoint_swap_within_geodesic_bins,immune,target_disjoint,7,13,0.0042914171656687206
endpoint_swap_within_geodesic_bins,immune,target_disjoint,7,14,0.004169921027510348
endpoint_swap_within_geodesic_bins,immune,target_disjoint,7,15,0.0036275275535886387
endpoint_swap_within_geodesic_bins,immune,target_disjoint,7,16,0.0032022910700338914
endpoint_swap_within_geodesic_bins,immune,target_disjoint,7,17,0.0032586999913218895
endpoint_swap_within_geodesic_bins,immune,target_disjoint,7,18,0.006413260435650492
endpoint_swap_within_geodesic_bins,immune,target_disjoint,7,19,0.0051592467239435225
endpoint_swap_within_geodesic_bins,immune,target_disjoint,7,20,0.0019916688362405788
endpoint_swap_within_geodesic_bins,immune,target_disjoint,7,21,0.004972663368914332
endpoint_swap_within_geodesic_bins,immune,target_disjoint,7,22,0.005089820359281627
endpoint_swap_within_geodesic_bins,immune,target_disjoint,7,23,0.003380196129480262
endpoint_swap_within_geodesic_bins,immune,target_disjoint,11,0,0.0004165581879717051
endpoint_swap_within_geodesic_bins,immune,target_disjoint,11,1,-0.0007636900112818479
endpoint_swap_within_geodesic_bins,immune,target_disjoint,11,2,-0.0005684283606699481
endpoint_swap_within_geodesic_bins,immune,target_disjoint,11,3,0.00025600971969097497
endpoint_swap_within_geodesic_bins,immune,target_disjoint,11,4,-0.0006986027944112516
endpoint_swap_within_geodesic_bins,immune,target_disjoint,11,5,-0.002009025427406219
endpoint_swap_within_geodesic_bins,immune,target_disjoint,11,6,-0.0012019439382106034
endpoint_swap_within_geodesic_bins,immune,target_disjoint,11,7,-0.0018311203679597376
endpoint_swap_within_geodesic_bins,immune,target_disjoint,11,8,0.00010847869478436412
endpoint_swap_within_geodesic_bins,immune,target_disjoint,11,9,-0.0008070814891956157
endpoint_swap_within_geodesic_bins,immune,target_disjoint,11,10,0.001692267638635725
endpoint_swap_within_geodesic_bins,immune,target_disjoint,11,11,-4.339147791632136e-06
endpoint_swap_within_geodesic_bins,immune,target_disjoint,11,12,-0.00010847869478436412
endpoint_swap_within_geodesic_bins,immune,target_disjoint,11,13,-0.0008331163759438542
endpoint_swap_within_geodesic_bins,immune,target_disjoint,11,14,3.0374034539648598e-05
endpoint_swap_within_geodesic_bins,immune,target_disjoint,11,15,-0.0012062830860019025
endpoint_swap_within_geodesic_bins,immune,target_disjoint,11,16,0.0008114206369866928
endpoint_swap_within_geodesic_bins,immune,target_disjoint,11,17,0.00159680638722548
endpoint_swap_within_geodesic_bins,immune,target_disjoint,11,18,0.00014319187711520076
endpoint_swap_within_geodesic_bins,immune,target_disjoint,11,19,-0.001388527293239683
endpoint_swap_within_geodesic_bins,immune,target_disjoint,11,20,0.00023431398073414655
endpoint_swap_within_geodesic_bins,immune,target_disjoint,11,21,0.0011672307558794337
endpoint_swap_within_geodesic_bins,immune,target_disjoint,11,22,0.0007072810899938498
endpoint_swap_within_geodesic_bins,immune,target_disjoint,11,23,-0.00021695738956883925
endpoint_swap_within_geodesic_bins,lung,source_disjoint,0,0,0.0019073065806277656
endpoint_swap_within_geodesic_bins,lung,source_disjoint,0,1,0.0010922901122538686
endpoint_swap_within_geodesic_bins,lung,source_disjoint,0,2,0.003419708274517763
endpoint_swap_within_geodesic_bins,lung,source_disjoint,0,3,0.002008133360220432
endpoint_swap_within_geodesic_bins,lung,source_disjoint,0,4,0.00047052497143229566
endpoint_swap_within_geodesic_bins,lung,source_disjoint,0,5,0.002453451636754811
endpoint_swap_within_geodesic_bins,lung,source_disjoint,0,6,0.001235128050010026
endpoint_swap_within_geodesic_bins,lung,source_disjoint,0,7,0.002797943133696301
endpoint_swap_within_geodesic_bins,lung,source_disjoint,0,8,-0.0005377428244941473
endpoint_swap_within_geodesic_bins,lung,source_disjoint,0,9,0.002814747596961653
endpoint_swap_within_geodesic_bins,lung,source_disjoint,0,10,0.002050144518384034
endpoint_swap_within_geodesic_bins,lung,source_disjoint,0,11,0.0015208039255226735
endpoint_swap_within_geodesic_bins,lung,source_disjoint,0,12,-0.0004201115816360179
endpoint_swap_within_geodesic_bins,lung,source_disjoint,0,13,0.0009662566377628412
endpoint_swap_within_geodesic_bins,lung,source_disjoint,0,14,-0.0010502789540902668
endpoint_swap_within_geodesic_bins,lung,source_disjoint,0,15,0.002428244941856561
endpoint_swap_within_geodesic_bins,lung,source_disjoint,0,16,0.001243530281642924
endpoint_swap_within_geodesic_bins,lung,source_disjoint,0,17,0.0017392619479733584
endpoint_swap_within_geodesic_bins,lung,source_disjoint,0,18,0.0015628150836862753
endpoint_swap_within_geodesic_bins,lung,source_disjoint,0,19,0.0028903676816561807
endpoint_swap_within_geodesic_bins,lung,source_disjoint,0,20,0.002596289574510857
endpoint_swap_within_geodesic_bins,lung,source_disjoint,0,21,0.002848356523492579
endpoint_swap_within_geodesic_bins,lung,source_disjoint,0,22,0.0033524904214559115
endpoint_swap_within_geodesic_bins,lung,source_disjoint,0,23,-0.002268602540834941
endpoint_swap_within_geodesic_bins,lung,source_disjoint,3,0,-0.0027811386704308383
endpoint_swap_within_geodesic_bins,lung,source_disjoint,3,1,0.00046212273979984175
endpoint_swap_within_geodesic_bins,lung,source_disjoint,3,2,0.0006637762989850637
endpoint_swap_within_geodesic_bins,lung,source_disjoint,3,3,0.0013695637561336182
endpoint_swap_within_geodesic_bins,lung,source_disjoint,3,4,0.0005125361295961195
endpoint_swap_within_geodesic_bins,lung,source_disjoint,3,5,0.0003444914969416013
endpoint_swap_within_geodesic_bins,lung,source_disjoint,3,6,-0.0007730053102104062
endpoint_swap_within_geodesic_bins,lung,source_disjoint,3,7,-0.0024534516367547
endpoint_swap_within_geodesic_bins,lung,source_disjoint,3,8,-0.0018484909591987009
endpoint_swap_within_geodesic_bins,lung,source_disjoint,3,9,0.0023610270887947093
endpoint_swap_within_geodesic_bins,lung,source_disjoint,3,10,-0.0007814075418431932
endpoint_swap_within_geodesic_bins,lung,source_disjoint,3,11,0.00025206694898161075
endpoint_swap_within_geodesic_bins,lung,source_disjoint,3,12,-0.00026887141224707367
endpoint_swap_within_geodesic_bins,lung,source_disjoint,3,13,0.0027055185857363107
endpoint_swap_within_geodesic_bins,lung,source_disjoint,3,14,0.00015964240102173122
endpoint_swap_within_geodesic_bins,lung,source_disjoint,3,15,0.001840088727566025
endpoint_swap_within_geodesic_bins,lung,source_disjoint,3,16,0.000613362909188675
endpoint_swap_within_geodesic_bins,lung,source_disjoint,3,17,0.001428379377562683
endpoint_swap_within_geodesic_bins,lung,source_disjoint,3,18,0.0025710828796128293
endpoint_swap_within_geodesic_bins,lung,source_disjoint,3,19,-0.0008822343214357486
endpoint_swap_within_geodesic_bins,lung,source_disjoint,3,20,-0.00016804463265440717
endpoint_swap_within_geodesic_bins,lung,source_disjoint,3,21,0.0012603347449082758
endpoint_swap_within_geodesic_bins,lung,source_disjoint,3,22,0.0013779659877664052
endpoint_swap_within_geodesic_bins,lung,source_disjoint,3,23,0.0018905021173623027
endpoint_swap_within_geodesic_bins,lung,source_disjoint,7,0,0.0010586811857230538
endpoint_swap_within_geodesic_bins,lung,source_disjoint,7,1,5.881562142906471e-05
endpoint_swap_within_geodesic_bins,lung,source_disjoint,7,2,0.0011258990387845724
endpoint_swap_within_geodesic_bins,lung,source_disjoint,7,3,0.0007477986153122673
endpoint_swap_within_geodesic_bins,lung,source_disjoint,7,4,0.0014619883040936088
endpoint_swap_within_geodesic_bins,lung,source_disjoint,7,5,0.0022938092357329687
endpoint_swap_within_geodesic_bins,lung,source_disjoint,7,6,0.0006721785306178507
endpoint_swap_within_geodesic_bins,lung,source_disjoint,7,7,0.0016552396316461548
endpoint_swap_within_geodesic_bins,lung,source_disjoint,7,8,0.0010418767224573688
endpoint_swap_within_geodesic_bins,lung,source_disjoint,7,9,0.001630032936747905
endpoint_swap_within_geodesic_bins,lung,source_disjoint,7,10,0.0004705249714324067
endpoint_swap_within_geodesic_bins,lung,source_disjoint,7,11,0.00043691604490148084
endpoint_swap_within_geodesic_bins,lung,source_disjoint,7,12,0.0012435302816427019
endpoint_swap_within_geodesic_bins,lung,source_disjoint,7,13,0.00010922901122545348
endpoint_swap_within_geodesic_bins,lung,source_disjoint,7,14,-0.0009746588693957392
endpoint_swap_within_geodesic_bins,lung,source_disjoint,7,15,0.0001680446326545182
endpoint_swap_within_geodesic_bins,lung,source_disjoint,7,16,0.0015376083887880254
endpoint_swap_within_geodesic_bins,lung,source_disjoint,7,17,-0.000815016468374119
endpoint_swap_within_geodesic_bins,lung,source_disjoint,7,18,0.0003276870336761384
endpoint_swap_within_geodesic_bins,lung,source_disjoint,7,19,0.0001008267795926665
endpoint_swap_within_geodesic_bins,lung,source_disjoint,7,20,0.001848490959198812
endpoint_swap_within_geodesic_bins,lung,source_disjoint,7,21,0.0002436647173489348
endpoint_swap_within_geodesic_bins,lung,source_disjoint,7,22,0.0012519325132755998
endpoint_swap_within_geodesic_bins,lung,source_disjoint,7,23,0.0007141896887814525
endpoint_swap_within_geodesic_bins,lung,source_disjoint,11,0,-0.004923707736774974
endpoint_swap_within_geodesic_bins,lung,source_disjoint,11,1,-0.007528399542918618
endpoint_swap_within_geodesic_bins,lung,source_disjoint,11,2,-0.005621092962290852
endpoint_swap_within_geodesic_bins,lung,source_disjoint,11,3,-0.0012855414398064147
endpoint_swap_within_geodesic_bins,lung,source_disjoint,11,4,-0.004671640787793363
endpoint_swap_within_geodesic_bins,lung,source_disjoint,11,5,-0.00606641123882512
endpoint_swap_within_geodesic_bins,lung,source_disjoint,11,6,-0.003260065873496032
endpoint_swap_within_geodesic_bins,lung,source_disjoint,11,7,-0.004722054177589641
endpoint_swap_within_geodesic_bins,lung,source_disjoint,11,8,-0.0037221886132957627
endpoint_swap_within_geodesic_bins,lung,source_disjoint,11,9,-0.0016468374000133679
endpoint_swap_within_geodesic_bins,lung,source_disjoint,11,10,-0.004335551522484438
endpoint_swap_within_geodesic_bins,lung,source_disjoint,11,11,-0.005158970222491233
endpoint_swap_within_geodesic_bins,lung,source_disjoint,11,12,-0.004133897963299105
endpoint_swap_within_geodesic_bins,lung,source_disjoint,11,13,-0.004243126974524558
endpoint_swap_within_geodesic_bins,lung,source_disjoint,11,14,-0.004898501041876835
endpoint_swap_within_geodesic_bins,lung,source_disjoint,11,15,-0.003066814545943486
endpoint_swap_within_geodesic_bins,lung,source_disjoint,11,16,-0.0049657188949384645
endpoint_swap_within_geodesic_bins,lung,source_disjoint,11,17,-0.004646434092895113
endpoint_swap_within_geodesic_bins,lung,source_disjoint,11,18,-0.004890098810244048
endpoint_swap_within_geodesic_bins,lung,source_disjoint,11,19,-0.004940512200040326
endpoint_swap_within_geodesic_bins,lung,source_disjoint,11,20,-0.0076040196276132566
endpoint_swap_within_geodesic_bins,lung,source_disjoint,11,21,-0.004301942595953512
endpoint_swap_within_geodesic_bins,lung,source_disjoint,11,22,-0.00446998722860803
endpoint_swap_within_geodesic_bins,lung,source_disjoint,11,23,-0.007183908045977128
endpoint_swap_within_geodesic_bins,lung,target_disjoint,0,0,0.008475431338916484
endpoint_swap_within_geodesic_bins,lung,target_disjoint,0,1,0.0065135259363895415
endpoint_swap_within_geodesic_bins,lung,target_disjoint,0,2,0.008116682922454266
endpoint_swap_within_geodesic_bins,lung,target_disjoint,0,3,0.00862677832711134
endpoint_swap_within_geodesic_bins,lung,target_disjoint,0,4,0.011502371102815157
endpoint_swap_within_geodesic_bins,lung,target_disjoint,0,5,0.00936669693606429
endpoint_swap_within_geodesic_bins,lung,target_disjoint,0,6,0.00830166257469267
endpoint_swap_within_geodesic_bins,lung,target_disjoint,0,7,0.010756847049854912
endpoint_swap_within_geodesic_bins,lung,target_disjoint,0,8,0.008957499523537304
endpoint_swap_within_geodesic_bins,lung,target_disjoint,0,9,0.007651431069855108
endpoint_swap_within_geodesic_bins,lung,target_disjoint,0,10,0.00919853361584777
endpoint_swap_within_geodesic_bins,lung,target_disjoint,0,11,0.00975347257256265
endpoint_swap_within_geodesic_bins,lung,target_disjoint,0,12,0.009490016704223225
endpoint_swap_within_geodesic_bins,lung,target_disjoint,0,13,0.00928822071996327
endpoint_swap_within_geodesic_bins,lung,target_disjoint,0,14,0.010773663381876464
endpoint_swap_within_geodesic_bins,lung,target_disjoint,0,15,0.008828574311371296
endpoint_swap_within_geodesic_bins,lung,target_disjoint,0,16,0.010532629289566109
endpoint_swap_within_geodesic_bins,lung,target_disjoint,0,17,0.01284207222054079
endpoint_swap_within_geodesic_bins,lung,target_disjoint,0,18,0.00764022018184074
endpoint_swap_within_geodesic_bins,lung,target_disjoint,0,19,0.008150315586497703
endpoint_swap_within_geodesic_bins,lung,target_disjoint,0,20,0.010571867397616619
endpoint_swap_within_geodesic_bins,lung,target_disjoint,0,21,0.009551676588302693
endpoint_swap_within_geodesic_bins,lung,target_disjoint,0,22,0.0062444646240429336
endpoint_swap_within_geodesic_bins,lung,target_disjoint,0,23,0.009411540488122094
endpoint_swap_within_geodesic_bins,lung,target_disjoint,3,0,-0.00293164721577599
endpoint_swap_within_geodesic_bins,lung,target_disjoint,3,1,-0.0013509120057398905
endpoint_swap_within_geodesic_bins,lung,target_disjoint,3,2,-0.0064518660523098514
endpoint_swap_within_geodesic_bins,lung,target_disjoint,3,3,-0.005325171806858875
endpoint_swap_within_geodesic_bins,lung,target_disjoint,3,4,0.0004764627406136368
endpoint_swap_within_geodesic_bins,lung,target_disjoint,3,5,-0.005078532270541114
endpoint_swap_within_geodesic_bins,lung,target_disjoint,3,6,-0.0029708853238265
endpoint_swap_within_geodesic_bins,lung,target_disjoint,3,7,-0.0019002455184475853
endpoint_swap_within_geodesic_bins,lung,target_disjoint,3,8,-0.004501171537797499
endpoint_swap_within_geodesic_bins,lung,target_disjoint,3,9,-0.01062792183768868
endpoint_swap_within_geodesic_bins,lung,target_disjoint,3,10,-0.0016480005381226404
endpoint_swap_within_geodesic_bins,lung,target_disjoint,3,11,-0.004529198757833641
endpoint_swap_within_geodesic_bins,lung,target_disjoint,3,12,0.0010033744772924846
endpoint_swap_within_geodesic_bins,lung,target_disjoint,3,13,-0.005526967791118609
endpoint_swap_within_geodesic_bins,lung,target_disjoint,3,14,-0.0014742317738988264
endpoint_swap_within_geodesic_bins,lung,target_disjoint,3,15,-0.0008240002690612647
endpoint_swap_within_geodesic_bins,lung,target_disjoint,3,16,-0.004327402773573685
endpoint_swap_within_geodesic_bins,lung,target_disjoint,3,17,0.0004708572966064528
endpoint_swap_within_geodesic_bins,lung,target_disjoint,3,18,-0.0005829661767507988
endpoint_swap_within_geodesic_bins,lung,target_disjoint,3,19,-0.002584109687328251
endpoint_swap_within_geodesic_bins,lung,target_disjoint,3,20,0.00021300687227443493
endpoint_swap_within_geodesic_bins,lung,target_disjoint,3,21,-0.003026939763898673
endpoint_swap_within_geodesic_bins,lung,target_disjoint,3,22,-0.011317391450576642
endpoint_swap_within_geodesic_bins,lung,target_disjoint,3,23,0.005981008755703621
endpoint_swap_within_geodesic_bins,lung,target_disjoint,7,0,-0.005347593582887833
endpoint_swap_within_geodesic_bins,lung,target_disjoint,7,1,-0.0006446260608303778
endpoint_swap_within_geodesic_bins,lung,target_disjoint,7,2,-0.0003867756364983599
endpoint_swap_within_geodesic_bins,lung,target_disjoint,7,3,0.0006670478368590027
endpoint_swap_within_geodesic_bins,lung,target_disjoint,7,4,-0.003060572427941999
endpoint_swap_within_geodesic_bins,lung,target_disjoint,7,5,-0.0032960010762453917
endpoint_swap_within_geodesic_bins,lung,target_disjoint,7,6,-0.002561687911299626
endpoint_swap_within_geodesic_bins,lung,target_disjoint,7,7,-0.00033632664043314886
endpoint_swap_within_geodesic_bins,lung,target_disjoint,7,8,-0.005162613930649429
endpoint_swap_within_geodesic_bins,lung,target_disjoint,7,9,0.0004316191885557208
endpoint_swap_within_geodesic_bins,lung,target_disjoint,7,10,-0.006154777519927435
endpoint_swap_within_geodesic_bins,lung,target_disjoint,7,11,-0.005840872655523022
endpoint_swap_within_geodesic_bins,lung,target_disjoint,7,12,0.0010762452493860986
endpoint_swap_within_geodesic_bins,lung,target_disjoint,7,13,0.00201235439859182
endpoint_swap_within_geodesic_bins,lung,target_disjoint,7,14,-0.004344219105595459
endpoint_swap_within_geodesic_bins,lung,target_disjoint,7,15,-0.0012275922375811765
endpoint_swap_within_geodesic_bins,lung,target_disjoint,7,16,-0.004843103622238054
endpoint_swap_within_geodesic_bins,lung,target_disjoint,7,17,-0.010005717552887483
endpoint_swap_within_geodesic_bins,lung,target_disjoint,7,18,-0.0034865861724907576
endpoint_swap_within_geodesic_bins,lung,target_disjoint,7,19,0.0010930615814078726
endpoint_swap_within_geodesic_bins,lung,target_disjoint,7,20,0.002371102815053927
endpoint_swap_within_geodesic_bins,lung,target_disjoint,7,21,-0.0017601094182669863
endpoint_swap_within_geodesic_bins,lung,target_disjoint,7,22,0.00218051771880845
endpoint_swap_within_geodesic_bins,lung,target_disjoint,7,23,-0.0015134698819494474
endpoint_swap_within_geodesic_bins,lung,target_disjoint,11,0,0.014305093106424915
endpoint_swap_within_geodesic_bins,lung,target_disjoint,11,1,0.01310552808887988
endpoint_swap_within_geodesic_bins,lung,target_disjoint,11,2,0.011311786006569569
endpoint_swap_within_geodesic_bins,lung,target_disjoint,11,3,0.010616710949674424
endpoint_swap_within_geodesic_bins,lung,target_disjoint,11,4,0.011070751914259214
endpoint_swap_within_geodesic_bins,lung,target_disjoint,11,5,0.01359880716151518
endpoint_swap_within_geodesic_bins,lung,target_disjoint,11,6,0.012836466776533495
endpoint_swap_within_geodesic_bins,lung,target_disjoint,11,7,0.013823024921804206
endpoint_swap_within_geodesic_bins,lung,target_disjoint,11,8,0.012511351024114603
endpoint_swap_within_geodesic_bins,lung,target_disjoint,11,9,0.015117882487471812
endpoint_swap_within_geodesic_bins,lung,target_disjoint,11,10,0.013150371640937686
endpoint_swap_within_geodesic_bins,lung,target_disjoint,11,11,0.010044955660937882
endpoint_swap_within_geodesic_bins,lung,target_disjoint,11,12,0.011855514075269857
endpoint_swap_within_geodesic_bins,lung,target_disjoint,11,13,0.012920548436641699
endpoint_swap_within_geodesic_bins,lung,target_disjoint,11,14,0.012466507472056909
endpoint_swap_within_geodesic_bins,lung,target_disjoint,11,15,0.014394780210540414
endpoint_swap_within_geodesic_bins,lung,target_disjoint,11,16,0.012018071951479303
endpoint_swap_within_geodesic_bins,lung,target_disjoint,11,17,0.01229834415184028
endpoint_swap_within_geodesic_bins,lung,target_disjoint,11,18,0.009674996356461296
endpoint_swap_within_geodesic_bins,lung,target_disjoint,11,19,0.015302862139709994
endpoint_swap_within_geodesic_bins,lung,target_disjoint,11,20,0.014366752990504272
endpoint_swap_within_geodesic_bins,lung,target_disjoint,11,21,0.009529254812273735
endpoint_swap_within_geodesic_bins,lung,target_disjoint,11,22,0.010476574849493936
endpoint_swap_within_geodesic_bins,lung,target_disjoint,11,23,0.012578616352201255
label_shuffle_within_geodesic_bins,external_lung,source_disjoint,0,0,-0.00257117214725211
label_shuffle_within_geodesic_bins,external_lung,source_disjoint,0,1,0.0009702536404724293
label_shuffle_within_geodesic_bins,external_lung,source_disjoint,0,2,-0.003484827658697065
label_shuffle_within_geodesic_bins,external_lung,source_disjoint,0,3,-0.003630365704768046
label_shuffle_within_geodesic_bins,external_lung,source_disjoint,0,4,8.085447003924884e-06
label_shuffle_within_geodesic_bins,external_lung,source_disjoint,0,5,-0.0024013777601694652
label_shuffle_within_geodesic_bins,external_lung,source_disjoint,0,6,-0.0027490519813389014
label_shuffle_within_geodesic_bins,external_lung,source_disjoint,0,7,0.0002344779631141547
label_shuffle_within_geodesic_bins,external_lung,source_disjoint,0,8,0.0007681174653739742
label_shuffle_within_geodesic_bins,external_lung,source_disjoint,0,9,-0.0010430226635078643
label_shuffle_within_geodesic_bins,external_lung,source_disjoint,0,10,-0.0023043523961221446
label_shuffle_within_geodesic_bins,external_lung,source_disjoint,0,11,-0.0004770413732323453
label_shuffle_within_geodesic_bins,external_lung,source_disjoint,0,12,-0.00012128170505898428
label_shuffle_within_geodesic_bins,external_lung,source_disjoint,0,13,-0.0019566781749529305
label_shuffle_within_geodesic_bins,external_lung,source_disjoint,0,14,-0.0010349372165039394
label_shuffle_within_geodesic_bins,external_lung,source_disjoint,0,15,-0.0017626274468584002
label_shuffle_within_geodesic_bins,external_lung,source_disjoint,0,16,-0.00038001600918513567
label_shuffle_within_geodesic_bins,external_lung,source_disjoint,0,17,-0.0017302856588427007
label_shuffle_within_geodesic_bins,external_lung,source_disjoint,0,18,-0.0011643043685670706
label_shuffle_within_geodesic_bins,external_lung,source_disjoint,0,19,-0.0012936715206300908
label_shuffle_within_geodesic_bins,external_lung,source_disjoint,0,20,-0.002433719548185276
label_shuffle_within_geodesic_bins,external_lung,source_disjoint,0,21,-0.00184348191689776
label_shuffle_within_geodesic_bins,external_lung,source_disjoint,0,22,-0.00046087047922449553
label_shuffle_within_geodesic_bins,external_lung,source_disjoint,0,23,-0.0014472950137047746
label_shuffle_within_geodesic_bins,external_lung,source_disjoint,3,0,-0.009864245344803901
label_shuffle_within_geodesic_bins,external_lung,source_disjoint,3,1,-0.007871182658333198
label_shuffle_within_geodesic_bins,external_lung,source_disjoint,3,2,-0.02151941720097994
label_shuffle_within_geodesic_bins,external_lung,source_disjoint,3,3,-0.002918846368421435
label_shuffle_within_geodesic_bins,external_lung,source_disjoint,3,4,-0.00039618690319298544
label_shuffle_within_geodesic_bins,external_lung,source_disjoint,3,5,-0.01401612238132588
label_shuffle_within_geodesic_bins,external_lung,source_disjoint,3,6,-0.006585596584707143
label_shuffle_within_geodesic_bins,external_lung,source_disjoint,3,7,-0.01390292612327082
label_shuffle_within_geodesic_bins,external_lung,source_disjoint,3,8,-0.0054051213221324446
label_shuffle_within_geodesic_bins,external_lung,source_disjoint,3,9,-0.014881265210747063
label_shuffle_within_geodesic_bins,external_lung,source_disjoint,3,10,-0.008865692639817624
label_shuffle_within_geodesic_bins,external_lung,source_disjoint,3,11,-0.014929777892770835
label_shuffle_within_geodesic_bins,external_lung,source_disjoint,3,12,-0.004980635354425611
label_shuffle_within_geodesic_bins,external_lung,source_disjoint,3,13,-0.010680875492201536
label_shuffle_within_geodesic_bins,external_lung,source_disjoint,3,14,-0.004936165395903913
label_shuffle_within_geodesic_bins,external_lung,source_disjoint,3,15,-0.005384907704622521
label_shuffle_within_geodesic_bins,external_lung,source_disjoint,3,16,-0.018822920625166772
label_shuffle_within_geodesic_bins,external_lung,source_disjoint,3,17,-0.013300560321477417
label_shuffle_within_geodesic_bins,external_lung,source_disjoint,3,18,-0.002191156138067085
label_shuffle_within_geodesic_bins,external_lung,source_disjoint,3,19,-0.009160811455461326
label_shuffle_within_geodesic_bins,external_lung,source_disjoint,3,20,-0.0027571374283427152
label_shuffle_within_geodesic_bins,external_lung,source_disjoint,3,21,-0.012411161151044237
label_shuffle_within_geodesic_bins,external_lung,source_disjoint,3,22,-0.012843732565754884
label_shuffle_within_geodesic_bins,external_lung,source_disjoint,3,23,-0.008768667275770414
label_shuffle_within_geodesic_bins,external_lung,source_disjoint,7,0,-0.0011885607095788453
label_shuffle_within_geodesic_bins,external_lung,source_disjoint,7,1,-0.0032180079075672108
label_shuffle_within_geodesic_bins,external_lung,source_disjoint,7,2,-0.002902675474413585
label_shuffle_within_geodesic_bins,external_lung,source_disjoint,7,3,-0.0012613297326141693
label_shuffle_within_geodesic_bins,external_lung,source_disjoint,7,4,-0.003355460506634045
label_shuffle_within_geodesic_bins,external_lung,source_disjoint,7,5,-0.0010187663224962007
label_shuffle_within_geodesic_bins,external_lung,source_disjoint,7,6,-0.0019081654929293812
label_shuffle_within_geodesic_bins,external_lung,source_disjoint,7,7,-0.0037516474098269192
label_shuffle_within_geodesic_bins,external_lung,source_disjoint,7,8,-0.0022234979260828958
label_shuffle_within_geodesic_bins,external_lung,source_disjoint,7,9,-0.0030401280734805303
label_shuffle_within_geodesic_bins,external_lung,source_disjoint,7,10,-0.006557297520193406
label_shuffle_within_geodesic_bins,external_lung,source_disjoint,7,11,-0.003565682128736536
label_shuffle_within_geodesic_bins,external_lung,source_disjoint,7,12,-0.004867439096370441
label_shuffle_within_geodesic_bins,external_lung,source_disjoint,7,13,-0.0025226594652285605
label_shuffle_within_geodesic_bins,external_lung,source_disjoint,7,14,-0.00438231227613417
label_shuffle_within_geodesic_bins,external_lung,source_disjoint,7,15,0.0009055700644410303
label_shuffle_within_geodesic_bins,external_lung,source_disjoint,7,16,-0.0028784191334018105
label_shuffle_within_geodesic_bins,external_lung,source_disjoint,7,17,-0.0012451588386064305
label_shuffle_within_geodesic_bins,external_lung,source_disjoint,7,18,-0.0023286087371340303
label_shuffle_within_geodesic_bins,external_lung,source_disjoint,7,19,-0.004139748866016091
label_shuffle_within_geodesic_bins,external_lung,source_disjoint,7,20,-0.0039456981379215605
label_shuffle_within_geodesic_bins,external_lung,source_disjoint,7,21,6.468357603151009e-05
label_shuffle_within_geodesic_bins,external_lung,source_disjoint,7,22,-0.003937612690917747
label_shuffle_within_geodesic_bins,external_lung,source_disjoint,7,23,-0.0003719305621812108
label_shuffle_within_geodesic_bins,external_lung,source_disjoint,11,0,-0.00425294512407115
label_shuffle_within_geodesic_bins,external_lung,source_disjoint,11,1,-0.000784288359381935
label_shuffle_within_geodesic_bins,external_lung,source_disjoint,11,2,-0.004843182755358666
label_shuffle_within_geodesic_bins,external_lung,source_disjoint,11,3,-0.005029148036449271
label_shuffle_within_geodesic_bins,external_lung,source_disjoint,11,4,-0.005207027870535841
label_shuffle_within_geodesic_bins,external_lung,source_disjoint,11,5,-0.0030320426264766054
label_shuffle_within_geodesic_bins,external_lung,source_disjoint,11,6,-0.0018839091519173845
label_shuffle_within_geodesic_bins,external_lung,source_disjoint,11,7,-0.0028622482393939608
label_shuffle_within_geodesic_bins,external_lung,source_disjoint,11,8,-0.002352865078145805
label_shuffle_within_geodesic_bins,external_lung,source_disjoint,11,9,-0.003638451151771971
label_shuffle_within_geodesic_bins,external_lung,source_disjoint,11,10,-0.004996806248433572
label_shuffle_within_geodesic_bins,external_lung,source_disjoint,11,11,-0.0028865045804056244
label_shuffle_within_geodesic_bins,external_lung,source_disjoint,11,12,-0.003969954478933335
label_shuffle_within_geodesic_bins,external_lung,source_disjoint,11,13,-0.005021062589445235
label_shuffle_within_geodesic_bins,external_lung,source_disjoint,11,14,-0.0073658422205872265
label_shuffle_within_geodesic_bins,external_lung,source_disjoint,11,15,-0.0021103016680277253
label_shuffle_within_geodesic_bins,external_lung,source_disjoint,11,16,-0.0036465365987758958
label_shuffle_within_geodesic_bins,external_lung,source_disjoint,11,17,-0.006670493778248465
label_shuffle_within_geodesic_bins,external_lung,source_disjoint,11,18,-0.003703134727803481
label_shuffle_within_geodesic_bins,external_lung,source_disjoint,11,19,-0.004002296266949146
label_shuffle_within_geodesic_bins,external_lung,source_disjoint,11,20,-0.003185666119551289
label_shuffle_within_geodesic_bins,external_lung,source_disjoint,11,21,0.0013906968846773005
label_shuffle_within_geodesic_bins,external_lung,source_disjoint,11,22,-0.0012289879445985807
label_shuffle_within_geodesic_bins,external_lung,source_disjoint,11,23,-0.00456019211022074
label_shuffle_within_geodesic_bins,external_lung,target_disjoint,0,0,0.00023028159528648562
label_shuffle_within_geodesic_bins,external_lung,target_disjoint,0,1,-0.0015772116809253944
label_shuffle_within_geodesic_bins,external_lung,target_disjoint,0,2,-0.0010471295181901374
label_shuffle_within_geodesic_bins,external_lung,target_disjoint,0,3,-0.001086233940031267
label_shuffle_within_geodesic_bins,external_lung,target_disjoint,0,4,-0.0002824208244081028
label_shuffle_within_geodesic_bins,external_lung,target_disjoint,0,5,-0.001781423661651127
label_shuffle_within_geodesic_bins,external_lung,target_disjoint,0,6,-0.0018987369271745713
label_shuffle_within_geodesic_bins,external_lung,target_disjoint,0,7,-0.00048228786937387635
label_shuffle_within_geodesic_bins,external_lung,target_disjoint,0,8,-0.00047794293361380635
label_shuffle_within_geodesic_bins,external_lung,target_disjoint,0,9,-0.0006734650428192879
label_shuffle_within_geodesic_bins,external_lung,target_disjoint,0,10,-0.001781423661651238
label_shuffle_within_geodesic_bins,external_lung,target_disjoint,0,11,-0.002498338062071892
label_shuffle_within_geodesic_bins,external_lung,target_disjoint,0,12,-0.0004909777408941274
label_shuffle_within_geodesic_bins,external_lung,target_disjoint,0,13,0.001777078725891057
label_shuffle_within_geodesic_bins,external_lung,target_disjoint,0,14,-0.0012469965631559665
label_shuffle_within_geodesic_bins,external_lung,target_disjoint,0,15,0.00034759486080992996
label_shuffle_within_geodesic_bins,external_lung,target_disjoint,0,16,-0.0006734650428192879
label_shuffle_within_geodesic_bins,external_lung,target_disjoint,0,17,-0.002037774871498532
label_shuffle_within_geodesic_bins,external_lung,target_disjoint,0,18,-0.0015207275160435962
label_shuffle_within_geodesic_bins,external_lung,target_disjoint,0,19,-0.002328885567426775
label_shuffle_within_geodesic_bins,external_lung,target_disjoint,0,20,0.0008776770235453535
label_shuffle_within_geodesic_bins,external_lung,target_disjoint,0,21,-0.0035367777087416674
label_shuffle_within_geodesic_bins,external_lung,target_disjoint,0,22,-0.0015859015524455344
label_shuffle_within_geodesic_bins,external_lung,target_disjoint,0,23,-0.0014946579014829542
label_shuffle_within_geodesic_bins,external_lung,target_disjoint,3,0,-0.0013447576177586518
label_shuffle_within_geodesic_bins,external_lung,target_disjoint,3,1,-0.001060164325470403
label_shuffle_within_geodesic_bins,external_lung,target_disjoint,3,2,-0.0034216369110982026
label_shuffle_within_geodesic_bins,external_lung,target_disjoint,3,3,0.006115497082375576
label_shuffle_within_geodesic_bins,external_lung,target_disjoint,3,4,-0.00023679899892681266
label_shuffle_within_geodesic_bins,external_lung,target_disjoint,3,5,-0.002063844486059341
label_shuffle_within_geodesic_bins,external_lung,target_disjoint,3,6,0.007201731022406954
label_shuffle_within_geodesic_bins,external_lung,target_disjoint,3,7,-0.007918645422827497
label_shuffle_within_geodesic_bins,external_lung,target_disjoint,3,8,-0.007455909764374047
label_shuffle_within_geodesic_bins,external_lung,target_disjoint,3,9,-0.0015859015524456455
label_shuffle_within_geodesic_bins,external_lung,target_disjoint,3,10,0.006048150578093714
label_shuffle_within_geodesic_bins,external_lung,target_disjoint,3,11,-0.002120328650940917
label_shuffle_within_geodesic_bins,external_lung,target_disjoint,3,12,-0.0004323211081324052
label_shuffle_within_geodesic_bins,external_lung,target_disjoint,3,13,-0.00785129891854558
label_shuffle_within_geodesic_bins,external_lung,target_disjoint,3,14,0.006445712200145115
label_shuffle_within_geodesic_bins,external_lung,target_disjoint,3,15,0.00145989841540195
label_shuffle_within_geodesic_bins,external_lung,target_disjoint,3,16,0.0009602308029874607
label_shuffle_within_geodesic_bins,external_lung,target_disjoint,3,17,0.005368168131634099
label_shuffle_within_geodesic_bins,external_lung,target_disjoint,3,18,0.0015511420663645303
label_shuffle_within_geodesic_bins,external_lung,target_disjoint,3,19,0.0012556864346761065
label_shuffle_within_geodesic_bins,external_lung,target_disjoint,3,20,0.0006843273822196849
label_shuffle_within_geodesic_bins,external_lung,target_disjoint,3,21,0.005713590524564105
label_shuffle_within_geodesic_bins,external_lung,target_disjoint,3,22,-0.0008385726017041684
label_shuffle_within_geodesic_bins,external_lung,target_disjoint,3,23,-0.009760898185120381
label_shuffle_within_geodesic_bins,external_lung,target_disjoint,7,0,-0.0008038131156230532
label_shuffle_within_geodesic_bins,external_lung,target_disjoint,7,1,0.0012252718843551724
label_shuffle_within_geodesic_bins,external_lung,target_disjoint,7,2,-0.0007516738865016581
label_shuffle_within_geodesic_bins,external_lung,target_disjoint,7,3,0.00181183821197195
label_shuffle_within_geodesic_bins,external_lung,target_disjoint,7,4,0.0023506102462274026
label_shuffle_within_geodesic_bins,external_lung,target_disjoint,7,5,0.0010340947109096499
label_shuffle_within_geodesic_bins,external_lung,target_disjoint,7,6,-0.004145068715158962
label_shuffle_within_geodesic_bins,external_lung,target_disjoint,7,7,0.0009254713169066786
label_shuffle_within_geodesic_bins,external_lung,target_disjoint,7,8,-0.0024201292183895218
label_shuffle_within_geodesic_bins,external_lung,target_disjoint,7,9,-0.0007647086937818681
label_shuffle_within_geodesic_bins,external_lung,target_disjoint,7,10,-0.0012774111134766786
label_shuffle_within_geodesic_bins,external_lung,target_disjoint,7,11,-0.0012774111134766786
label_shuffle_within_geodesic_bins,external_lung,target_disjoint,7,12,0.0006604302355389668
label_shuffle_within_geodesic_bins,external_lung,target_disjoint,7,13,-0.0015424521948442793
label_shuffle_within_geodesic_bins,external_lung,target_disjoint,7,14,-0.0033151859849751553
label_shuffle_within_geodesic_bins,external_lung,target_disjoint,7,15,-0.0027416544646386987
label_shuffle_within_geodesic_bins,external_lung,target_disjoint,7,16,-0.0013729997001993288
label_shuffle_within_geodesic_bins,external_lung,target_disjoint,7,17,0.0009819554817881437
label_shuffle_within_geodesic_bins,external_lung,target_disjoint,7,18,-0.0007647086937819236
label_shuffle_within_geodesic_bins,external_lung,target_disjoint,7,19,0.00019986704496582908
label_shuffle_within_geodesic_bins,external_lung,target_disjoint,7,20,-0.002450543768710345
label_shuffle_within_geodesic_bins,external_lung,target_disjoint,7,21,-0.005396410214074887
label_shuffle_within_geodesic_bins,external_lung,target_disjoint,7,22,0.002850277858641892
label_shuffle_within_geodesic_bins,external_lung,target_disjoint,7,23,-0.0022376419164642503
label_shuffle_within_geodesic_bins,external_lung,target_disjoint,11,0,0.003988651027794554
label_shuffle_within_geodesic_bins,external_lung,target_disjoint,11,1,-0.0029719360599254063
label_shuffle_within_geodesic_bins,external_lung,target_disjoint,11,2,-0.001790113533171489
label_shuffle_within_geodesic_bins,external_lung,target_disjoint,11,3,-0.0025982715845546123
label_shuffle_within_geodesic_bins,external_lung,target_disjoint,11,4,0.0015772116809252834
label_shuffle_within_geodesic_bins,external_lung,target_disjoint,11,5,0.0008038131156230532
label_shuffle_within_geodesic_bins,external_lung,target_disjoint,11,6,0.0022246071091839292
label_shuffle_within_geodesic_bins,external_lung,target_disjoint,11,7,-0.0003302151177694279
label_shuffle_within_geodesic_bins,external_lung,target_disjoint,11,8,0.002433164025669954
label_shuffle_within_geodesic_bins,external_lung,target_disjoint,11,9,-0.0031326986830499948
label_shuffle_within_geodesic_bins,external_lung,target_disjoint,11,10,0.002780758886479884
label_shuffle_within_geodesic_bins,external_lung,target_disjoint,11,11,-0.0026895152355173035
label_shuffle_within_geodesic_bins,external_lung,target_disjoint,11,12,-0.00029980056744860484
label_shuffle_within_geodesic_bins,external_lung,target_disjoint,11,13,-0.0018943919914143903
label_shuffle_within_geodesic_bins,external_lung,target_disjoint,11,14,-0.006152429036336671
label_shuffle_within_geodesic_bins,external_lung,target_disjoint,11,15,-0.0030066955460062994
label_shuffle_within_geodesic_bins,external_lung,target_disjoint,11,16,-0.0008038131156230532
label_shuffle_within_geodesic_bins,external_lung,target_disjoint,11,17,-0.0019161166702150734
label_shuffle_within_geodesic_bins,external_lung,target_disjoint,11,18,-0.0020030153854174726
label_shuffle_within_geodesic_bins,external_lung,target_disjoint,11,19,-0.0026764804282368715
label_shuffle_within_geodesic_bins,external_lung,target_disjoint,11,20,-0.0015120376445233452
label_shuffle_within_geodesic_bins,external_lung,target_disjoint,11,21,-0.0023940596038287687
label_shuffle_within_geodesic_bins,external_lung,target_disjoint,11,22,-0.0022810912740655054
label_shuffle_within_geodesic_bins,external_lung,target_disjoint,11,23,0.002020395128457919
label_shuffle_within_geodesic_bins,immune,source_disjoint,0,0,-0.01204417952314174
label_shuffle_within_geodesic_bins,immune,source_disjoint,0,1,-0.0006954184198224578
label_shuffle_within_geodesic_bins,immune,source_disjoint,0,2,-0.011331229546517108
label_shuffle_within_geodesic_bins,immune,source_disjoint,0,3,-0.0025771388499298276
label_shuffle_within_geodesic_bins,immune,source_disjoint,0,4,-0.007111968209443598
label_shuffle_within_geodesic_bins,immune,source_disjoint,0,5,-0.015001168770453432
label_shuffle_within_geodesic_bins,immune,source_disjoint,0,6,0.00010518934081349407
label_shuffle_within_geodesic_bins,immune,source_disjoint,0,7,-0.018560074801309057
label_shuffle_within_geodesic_bins,immune,source_disjoint,0,8,-0.008689808321645787
label_shuffle_within_geodesic_bins,immune,source_disjoint,0,9,-0.007006778868630326
label_shuffle_within_geodesic_bins,immune,source_disjoint,0,10,-0.010857877512856384
label_shuffle_within_geodesic_bins,immune,source_disjoint,0,11,-0.01032024310425439
label_shuffle_within_geodesic_bins,immune,source_disjoint,0,12,-0.011611734455352907
label_shuffle_within_geodesic_bins,immune,source_disjoint,0,13,0.002162225338943391
label_shuffle_within_geodesic_bins,immune,source_disjoint,0,14,-0.015708274894810748
label_shuffle_within_geodesic_bins,immune,source_disjoint,0,15,-0.024035764375876623
label_shuffle_within_geodesic_bins,immune,source_disjoint,0,16,-0.010063113604487972
label_shuffle_within_geodesic_bins,immune,source_disjoint,0,17,-0.0026122019635343996
label_shuffle_within_geodesic_bins,immune,source_disjoint,0,18,-0.0014200561009818369
label_shuffle_within_geodesic_bins,immune,source_disjoint,0,19,-0.004435483870967816
label_shuffle_within_geodesic_bins,immune,source_disjoint,0,20,-0.021341748480598333
label_shuffle_within_geodesic_bins,immune,source_disjoint,0,21,-0.013014258999532347
label_shuffle_within_geodesic_bins,immune,source_disjoint,0,22,-0.004143291257597159
label_shuffle_within_geodesic_bins,immune,source_disjoint,0,23,-0.007462599345488652
label_shuffle_within_geodesic_bins,immune,source_disjoint,3,0,0.0003389434315100859
label_shuffle_within_geodesic_bins,immune,source_disjoint,3,1,-0.0014668069191210442
label_shuffle_within_geodesic_bins,immune,source_disjoint,3,2,-0.0020511921458626903
label_shuffle_within_geodesic_bins,immune,source_disjoint,3,3,-0.0011103319308087833
label_shuffle_within_geodesic_bins,immune,source_disjoint,3,4,0.00024544179523144916
label_shuffle_within_geodesic_bins,immune,source_disjoint,3,5,0.0004324450677887226
label_shuffle_within_geodesic_bins,immune,source_disjoint,3,6,-0.002197288452548074
label_shuffle_within_geodesic_bins,immune,source_disjoint,3,7,-0.0022031323048153917
label_shuffle_within_geodesic_bins,immune,source_disjoint,3,8,-0.0016245909303412853
label_shuffle_within_geodesic_bins,immune,source_disjoint,3,9,0.0001168770453482404
label_shuffle_within_geodesic_bins,immune,source_disjoint,3,10,-0.0014025245441795509
label_shuffle_within_geodesic_bins,immune,source_disjoint,3,11,0.0
label_shuffle_within_geodesic_bins,immune,source_disjoint,3,12,0.0011979897148198804
label_shuffle_within_geodesic_bins,immune,source_disjoint,3,13,-0.002512856474988223
label_shuffle_within_geodesic_bins,immune,source_disjoint,3,14,0.0013966806919122332
label_shuffle_within_geodesic_bins,immune,source_disjoint,3,15,-0.0013557737260403435
label_shuffle_within_geodesic_bins,immune,source_disjoint,3,16,-0.00021037868162687712
label_shuffle_within_geodesic_bins,immune,source_disjoint,3,17,-0.0001577840112202411
label_shuffle_within_geodesic_bins,immune,source_disjoint,3,18,0.0012914913510986281
label_shuffle_within_geodesic_bins,immune,source_disjoint,3,19,0.0019693782141188
label_shuffle_within_geodesic_bins,immune,source_disjoint,3,20,0.0004850397381953586
label_shuffle_within_geodesic_bins,immune,source_disjoint,3,21,0.0010869565217390686
label_shuffle_within_geodesic_bins,immune,source_disjoint,3,22,-0.0004324450677886116
label_shuffle_within_geodesic_bins,immune,source_disjoint,3,23,-0.0005726975222066777
label_shuffle_within_geodesic_bins,immune,source_disjoint,7,0,0.003564749883123053
label_shuffle_within_geodesic_bins,immune,source_disjoint,7,1,-0.003573515661524085
label_shuffle_within_geodesic_bins,immune,source_disjoint,7,2,0.008067438055165965
label_shuffle_within_geodesic_bins,immune,source_disjoint,7,3,0.0023930575035063795
label_shuffle_within_geodesic_bins,immune,source_disjoint,7,4,-0.0068051659654043695
label_shuffle_within_geodesic_bins,immune,source_disjoint,7,5,0.0034507947639084158
label_shuffle_within_geodesic_bins,immune,source_disjoint,7,6,-0.014592099111734536
label_shuffle_within_geodesic_bins,immune,source_disjoint,7,7,0.007696353436185133
label_shuffle_within_geodesic_bins,immune,source_disjoint,7,8,-0.007369097709209904
label_shuffle_within_geodesic_bins,immune,source_disjoint,7,9,-0.011152992052360977
label_shuffle_within_geodesic_bins,immune,source_disjoint,7,10,-0.0004499766245908976
label_shuffle_within_geodesic_bins,immune,source_disjoint,7,11,0.007579476390836781
label_shuffle_within_geodesic_bins,immune,source_disjoint,7,12,-0.0007567788686301258
label_shuffle_within_geodesic_bins,immune,source_disjoint,7,13,0.007702197288452672
label_shuffle_within_geodesic_bins,immune,source_disjoint,7,14,-0.008239831697054667
label_shuffle_within_geodesic_bins,immune,source_disjoint,7,15,-0.012085086489013519
label_shuffle_within_geodesic_bins,immune,source_disjoint,7,16,-0.0074859747545582556
label_shuffle_within_geodesic_bins,immune,source_disjoint,7,17,-0.00044413277232346893
label_shuffle_within_geodesic_bins,immune,source_disjoint,7,18,0.009244974287050067
label_shuffle_within_geodesic_bins,immune,source_disjoint,7,19,-0.0006077606358110277
label_shuffle_within_geodesic_bins,immune,source_disjoint,7,20,-0.0011044880785414657
label_shuffle_within_geodesic_bins,immune,source_disjoint,7,21,0.0014258999532491545
label_shuffle_within_geodesic_bins,immune,source_disjoint,7,22,-0.0086313697989715
label_shuffle_within_geodesic_bins,immune,source_disjoint,7,23,0.0008970313230481919
label_shuffle_within_geodesic_bins,immune,source_disjoint,11,0,-0.005592566619915917
label_shuffle_within_geodesic_bins,immune,source_disjoint,11,1,-0.00497896213183735
label_shuffle_within_geodesic_bins,immune,source_disjoint,11,2,6.428237494160438e-05
label_shuffle_within_geodesic_bins,immune,source_disjoint,11,3,-7.597007947646173e-05
label_shuffle_within_geodesic_bins,immune,source_disjoint,11,4,-0.0018817204301074808
label_shuffle_within_geodesic_bins,immune,source_disjoint,11,5,-0.003471248246844194
label_shuffle_within_geodesic_bins,immune,source_disjoint,11,6,-0.0023959794296399828
label_shuffle_within_geodesic_bins,immune,source_disjoint,11,7,-0.0006895745675550291
label_shuffle_within_geodesic_bins,immune,source_disjoint,11,8,-0.0021154745208041836
label_shuffle_within_geodesic_bins,immune,source_disjoint,11,9,-0.009455352968676944
label_shuffle_within_geodesic_bins,immune,source_disjoint,11,10,-0.003880317905563202
label_shuffle_within_geodesic_bins,immune,source_disjoint,11,11,-0.005066619915848558
label_shuffle_within_geodesic_bins,immune,source_disjoint,11,12,-0.0018934081346423381
label_shuffle_within_geodesic_bins,immune,source_disjoint,11,13,-0.008175549322112952
label_shuffle_within_geodesic_bins,immune,source_disjoint,11,14,0.002016129032258007
label_shuffle_within_geodesic_bins,immune,source_disjoint,11,15,-0.006048387096774133
label_shuffle_within_geodesic_bins,immune,source_disjoint,11,16,-0.0011453950444133554
label_shuffle_within_geodesic_bins,immune,source_disjoint,11,17,-0.003564749883122942
label_shuffle_within_geodesic_bins,immune,source_disjoint,11,18,-0.00018700327255727345
label_shuffle_within_geodesic_bins,immune,source_disjoint,11,19,-0.0035179990649836235
label_shuffle_within_geodesic_bins,immune,source_disjoint,11,20,0.0004324450677887226
label_shuffle_within_geodesic_bins,immune,source_disjoint,11,21,-0.003687470780738722
label_shuffle_within_geodesic_bins,immune,source_disjoint,11,22,-0.004821178120617109
label_shuffle_within_geodesic_bins,immune,source_disjoint,11,23,-0.004593267882187835
label_shuffle_within_geodesic_bins,immune,target_disjoint,0,0,-0.00032109693656168226
label_shuffle_within_geodesic_bins,immune,target_disjoint,0,1,0.0012019439382104924
label_shuffle_within_geodesic_bins,immune,target_disjoint,0,2,-0.0017096242298012543
label_shuffle_within_geodesic_bins,immune,target_disjoint,0,3,-0.0006508721687060737
label_shuffle_within_geodesic_bins,immune,target_disjoint,0,4,0.00043825392692886656
label_shuffle_within_geodesic_bins,immune,target_disjoint,0,5,0.0019504469322225715
label_shuffle_within_geodesic_bins,immune,target_disjoint,0,6,0.0008634904104835028
label_shuffle_within_geodesic_bins,immune,target_disjoint,0,7,-0.0006204981341665361
label_shuffle_within_geodesic_bins,immune,target_disjoint,0,8,-0.0023257832161763803
label_shuffle_within_geodesic_bins,immune,target_disjoint,0,9,-0.0010934652434262393
label_shuffle_within_geodesic_bins,immune,target_disjoint,0,10,-0.0006204981341664251
label_shuffle_within_geodesic_bins,immune,target_disjoint,0,11,-0.0004035407445975858
label_shuffle_within_geodesic_bins,immune,target_disjoint,0,12,0.0014492753623188692
label_shuffle_within_geodesic_bins,immune,target_disjoint,0,13,0.0015751106482687627
label_shuffle_within_geodesic_bins,immune,target_disjoint,0,14,-0.0014536145101101683
label_shuffle_within_geodesic_bins,immune,target_disjoint,0,15,-0.00046211923978112246
label_shuffle_within_geodesic_bins,immune,target_disjoint,0,16,-0.0015577540571031223
label_shuffle_within_geodesic_bins,immune,target_disjoint,0,17,-0.00195695565390952
label_shuffle_within_geodesic_bins,immune,target_disjoint,0,18,0.00013017443374119253
label_shuffle_within_geodesic_bins,immune,target_disjoint,0,19,0.002288900459949672
label_shuffle_within_geodesic_bins,immune,target_disjoint,0,20,0.0008504729671091615
label_shuffle_within_geodesic_bins,immune,target_disjoint,0,21,0.00033194480603992993
label_shuffle_within_geodesic_bins,immune,target_disjoint,0,22,-0.0013494749631172143
label_shuffle_within_geodesic_bins,immune,target_disjoint,0,23,-0.002013364575197518
label_shuffle_within_geodesic_bins,immune,target_disjoint,3,0,-0.00014102230321966225
label_shuffle_within_geodesic_bins,immune,target_disjoint,3,1,0.000980647400850465
label_shuffle_within_geodesic_bins,immune,target_disjoint,3,2,6.074806907918617e-05
label_shuffle_within_geodesic_bins,immune,target_disjoint,3,3,3.0374034539537575e-05
label_shuffle_within_geodesic_bins,immune,target_disjoint,3,4,-0.002256356851514374
label_shuffle_within_geodesic_bins,immune,target_disjoint,3,5,-0.0007658595851774974
label_shuffle_within_geodesic_bins,immune,target_disjoint,3,6,0.0009285776273539881
label_shuffle_within_geodesic_bins,immune,target_disjoint,3,7,-0.0011477045908183658
label_shuffle_within_geodesic_bins,immune,target_disjoint,3,8,-0.0006552113164974838
label_shuffle_within_geodesic_bins,immune,target_disjoint,3,9,0.0011542133125053144
label_shuffle_within_geodesic_bins,immune,target_disjoint,3,10,-6.074806907918617e-05
label_shuffle_within_geodesic_bins,immune,target_disjoint,3,11,0.0013234400763688647
label_shuffle_within_geodesic_bins,immune,target_disjoint,3,12,0.0004317452052415849
label_shuffle_within_geodesic_bins,immune,target_disjoint,3,13,-0.0023496485290289693
label_shuffle_within_geodesic_bins,immune,target_disjoint,3,14,-0.0013017443374122584
label_shuffle_within_geodesic_bins,immune,target_disjoint,3,15,-0.0003406231016227501
label_shuffle_within_geodesic_bins,immune,target_disjoint,3,16,0.00030590991929191347
label_shuffle_within_geodesic_bins,immune,target_disjoint,3,17,-0.0009329167751453982
label_shuffle_within_geodesic_bins,immune,target_disjoint,3,18,-0.0004274060574502858
label_shuffle_within_geodesic_bins,immune,target_disjoint,3,19,0.0016423674390350085
label_shuffle_within_geodesic_bins,immune,target_disjoint,3,20,0.001596806387225369
label_shuffle_within_geodesic_bins,immune,target_disjoint,3,21,0.0006638896120801929
label_shuffle_within_geodesic_bins,immune,target_disjoint,3,22,4.1221904018007294e-05
label_shuffle_within_geodesic_bins,immune,target_disjoint,3,23,-0.0008895252972316303
label_shuffle_within_geodesic_bins,immune,target_disjoint,7,0,-0.0007636900112817369
label_shuffle_within_geodesic_bins,immune,target_disjoint,7,1,-0.0006508721687059627
label_shuffle_within_geodesic_bins,immune,target_disjoint,7,2,-0.00018658335502907963
label_shuffle_within_geodesic_bins,immune,target_disjoint,7,3,-0.0011108218345916576
label_shuffle_within_geodesic_bins,immune,target_disjoint,7,4,-0.001896207584830334
label_shuffle_within_geodesic_bins,immune,target_disjoint,7,5,0.0012800485984550969
label_shuffle_within_geodesic_bins,immune,target_disjoint,7,6,0.0002212965373600273
label_shuffle_within_geodesic_bins,immune,target_disjoint,7,7,-0.002104486678816242
label_shuffle_within_geodesic_bins,immune,target_disjoint,7,8,0.0004252364835546363
label_shuffle_within_geodesic_bins,immune,target_disjoint,7,9,0.00032109693656168226
label_shuffle_within_geodesic_bins,immune,target_disjoint,7,10,-0.0009589516618936367
label_shuffle_within_geodesic_bins,immune,target_disjoint,7,11,-0.0017096242298013653
label_shuffle_within_geodesic_bins,immune,target_disjoint,7,12,-0.002100147531024943
label_shuffle_within_geodesic_bins,immune,target_disjoint,7,13,-4.339147791365683e-05
label_shuffle_within_geodesic_bins,immune,target_disjoint,7,14,-8.678295582709161e-06
label_shuffle_within_geodesic_bins,immune,target_disjoint,7,15,0.0009719691052676449
label_shuffle_within_geodesic_bins,immune,target_disjoint,7,16,-0.0012583528594983795
label_shuffle_within_geodesic_bins,immune,target_disjoint,7,17,-0.00020393994619449796
label_shuffle_within_geodesic_bins,immune,target_disjoint,7,18,0.00038184500564086843
label_shuffle_within_geodesic_bins,immune,target_disjoint,7,19,-0.0006552113164974838
label_shuffle_within_geodesic_bins,immune,target_disjoint,7,20,-0.00123665712054144
label_shuffle_within_geodesic_bins,immune,target_disjoint,7,21,-0.0006595504642888939
label_shuffle_within_geodesic_bins,immune,target_disjoint,7,22,-0.0016054846828084113
label_shuffle_within_geodesic_bins,immune,target_disjoint,7,23,-0.0010023431398074045
label_shuffle_within_geodesic_bins,immune,target_disjoint,11,0,-0.0012496745639155593
label_shuffle_within_geodesic_bins,immune,target_disjoint,11,1,0.00042306690965909777
label_shuffle_within_geodesic_bins,immune,target_disjoint,11,2,-0.004894558708669616
label_shuffle_within_geodesic_bins,immune,target_disjoint,11,3,-0.0019591252278052806
label_shuffle_within_geodesic_bins,immune,target_disjoint,11,4,0.0008873557233357587
label_shuffle_within_geodesic_bins,immune,target_disjoint,11,5,-0.002664236743903481
label_shuffle_within_geodesic_bins,immune,target_disjoint,11,6,-0.002460296797708872
label_shuffle_within_geodesic_bins,immune,target_disjoint,11,7,-0.004395556712661675
label_shuffle_within_geodesic_bins,immune,target_disjoint,11,8,0.0030634383407097676
label_shuffle_within_geodesic_bins,immune,target_disjoint,11,9,0.0003536405449969804
label_shuffle_within_geodesic_bins,immune,target_disjoint,11,10,-0.0004773062570512243
label_shuffle_within_geodesic_bins,immune,target_disjoint,11,11,0.0003493013972056813
label_shuffle_within_geodesic_bins,immune,target_disjoint,11,12,-0.002777054586479366
label_shuffle_within_geodesic_bins,immune,target_disjoint,11,13,-0.0032022910700338914
label_shuffle_within_geodesic_bins,immune,target_disjoint,11,14,0.0006313460036448948
label_shuffle_within_geodesic_bins,immune,target_disjoint,11,15,-0.00374468454395549
label_shuffle_within_geodesic_bins,immune,target_disjoint,11,16,-0.002792241603749024
label_shuffle_within_geodesic_bins,immune,target_disjoint,11,17,-0.0017378286904451423
label_shuffle_within_geodesic_bins,immune,target_disjoint,11,18,-0.0031545604443287134
label_shuffle_within_geodesic_bins,immune,target_disjoint,11,19,0.001872342271977745
label_shuffle_within_geodesic_bins,immune,target_disjoint,11,20,-0.0009198993317712789
label_shuffle_within_geodesic_bins,immune,target_disjoint,11,21,-0.003536405449969804
label_shuffle_within_geodesic_bins,immune,target_disjoint,11,22,0.00040354074459780787
label_shuffle_within_geodesic_bins,immune,target_disjoint,11,23,0.000744163846220558
label_shuffle_within_geodesic_bins,lung,source_disjoint,0,0,-0.0005041338979633325
label_shuffle_within_geodesic_bins,lung,source_disjoint,0,1,0.0013443570612354794
label_shuffle_within_geodesic_bins,lung,source_disjoint,0,2,-0.0009326477112320264
label_shuffle_within_geodesic_bins,lung,source_disjoint,0,3,-0.0001008267795926665
label_shuffle_within_geodesic_bins,lung,source_disjoint,0,4,-0.0013863682193990812
label_shuffle_within_geodesic_bins,lung,source_disjoint,0,5,-0.0016888485581770807
label_shuffle_within_geodesic_bins,lung,source_disjoint,0,6,-0.0009074410163338875
label_shuffle_within_geodesic_bins,lung,source_disjoint,0,7,0.00010922901122534245
label_shuffle_within_geodesic_bins,lung,source_disjoint,0,8,-0.0001596424010216757
label_shuffle_within_geodesic_bins,lung,source_disjoint,0,9,-8.402231632786972e-06
label_shuffle_within_geodesic_bins,lung,source_disjoint,0,10,0.0007141896887814525
label_shuffle_within_geodesic_bins,lung,source_disjoint,0,11,-0.0012855414398064147
label_shuffle_within_geodesic_bins,lung,source_disjoint,0,12,-0.0007730053102102952
label_shuffle_within_geodesic_bins,lung,source_disjoint,0,13,0.0010838878806211927
label_shuffle_within_geodesic_bins,lung,source_disjoint,0,14,0.00282314982859444
label_shuffle_within_geodesic_bins,lung,source_disjoint,0,15,0.001008267795926665
label_shuffle_within_geodesic_bins,lung,source_disjoint,0,16,0.00030248033877811054
label_shuffle_within_geodesic_bins,lung,source_disjoint,0,17,0.001403172682664544
label_shuffle_within_geodesic_bins,lung,source_disjoint,0,18,0.0016720440949116178
label_shuffle_within_geodesic_bins,lung,source_disjoint,0,19,-0.0006889829938832026
label_shuffle_within_geodesic_bins,lung,source_disjoint,0,20,0.00025206694898161075
label_shuffle_within_geodesic_bins,lung,source_disjoint,0,21,-0.002436647173489237
label_shuffle_within_geodesic_bins,lung,source_disjoint,0,22,-0.0023526248571620334
label_shuffle_within_geodesic_bins,lung,source_disjoint,0,23,-0.0012603347449081648
label_shuffle_within_geodesic_bins,lung,source_disjoint,3,0,0.0021005579081804227
label_shuffle_within_geodesic_bins,lung,source_disjoint,3,1,0.00015124016938894425
label_shuffle_within_geodesic_bins,lung,source_disjoint,3,2,0.001831686495933349
label_shuffle_within_geodesic_bins,lung,source_disjoint,3,3,-0.001638435168380692
label_shuffle_within_geodesic_bins,lung,source_disjoint,3,4,0.000411709350003453
label_shuffle_within_geodesic_bins,lung,source_disjoint,3,5,0.0017140552530752196
label_shuffle_within_geodesic_bins,lung,source_disjoint,3,6,0.0016972507898098677
label_shuffle_within_geodesic_bins,lung,source_disjoint,3,7,-0.0006469718357196008
label_shuffle_within_geodesic_bins,lung,source_disjoint,3,8,-5.041338979638876e-05
label_shuffle_within_geodesic_bins,lung,source_disjoint,3,9,0.001201519123479211
label_shuffle_within_geodesic_bins,lung,source_disjoint,3,10,0.0007393963836794804
label_shuffle_within_geodesic_bins,lung,source_disjoint,3,11,-0.0002604691806142867
label_shuffle_within_geodesic_bins,lung,source_disjoint,3,12,-0.001033474490824804
label_shuffle_within_geodesic_bins,lung,source_disjoint,3,13,0.0017980775694023121
label_shuffle_within_geodesic_bins,lung,source_disjoint,3,14,-0.000596558445923101
label_shuffle_within_geodesic_bins,lung,source_disjoint,3,15,-0.0008990387847012116
label_shuffle_within_geodesic_bins,lung,source_disjoint,3,16,-0.0006805807622504156
label_shuffle_within_geodesic_bins,lung,source_disjoint,3,17,0.001428379377562683
label_shuffle_within_geodesic_bins,lung,source_disjoint,3,18,-0.0015376083887880254
label_shuffle_within_geodesic_bins,lung,source_disjoint,3,19,-0.0005041338979632215
label_shuffle_within_geodesic_bins,lung,source_disjoint,3,20,-0.0013863682193990812
label_shuffle_within_geodesic_bins,lung,source_disjoint,3,21,-0.0014451838408281459
label_shuffle_within_geodesic_bins,lung,source_disjoint,3,22,-0.0002856758755125366
label_shuffle_within_geodesic_bins,lung,source_disjoint,3,23,0.0008486253949049338
label_shuffle_within_geodesic_bins,lung,source_disjoint,7,0,-0.0017392619479733584
label_shuffle_within_geodesic_bins,lung,source_disjoint,7,1,0.0035961551388048463
label_shuffle_within_geodesic_bins,lung,source_disjoint,7,2,0.0012603347449082758
label_shuffle_within_geodesic_bins,lung,source_disjoint,7,3,0.0002772736438797496
label_shuffle_within_geodesic_bins,lung,source_disjoint,7,4,-0.0014451838408280349
label_shuffle_within_geodesic_bins,lung,source_disjoint,7,5,-0.001730859716340627
label_shuffle_within_geodesic_bins,lung,source_disjoint,7,6,0.00021845802245057389
label_shuffle_within_geodesic_bins,lung,source_disjoint,7,7,-0.0011343012704173594
label_shuffle_within_geodesic_bins,lung,source_disjoint,7,8,-0.0017560664112389324
label_shuffle_within_geodesic_bins,lung,source_disjoint,7,9,0.0009578544061302763
label_shuffle_within_geodesic_bins,lung,source_disjoint,7,10,0.002655105195940033
label_shuffle_within_geodesic_bins,lung,source_disjoint,7,11,-0.0009746588693957392
label_shuffle_within_geodesic_bins,lung,source_disjoint,7,12,0.0021341668347113485
label_shuffle_within_geodesic_bins,lung,source_disjoint,7,13,-0.0005965584459232121
label_shuffle_within_geodesic_bins,lung,source_disjoint,7,14,0.0005881562142906471
label_shuffle_within_geodesic_bins,lung,source_disjoint,7,15,-0.0005125361295960085
label_shuffle_within_geodesic_bins,lung,source_disjoint,7,16,-0.0028903676816562918
label_shuffle_within_geodesic_bins,lung,source_disjoint,7,17,0.0016804463265444047
label_shuffle_within_geodesic_bins,lung,source_disjoint,7,18,-0.0017560664112387103
label_shuffle_within_geodesic_bins,lung,source_disjoint,7,19,0.0010670834173556187
label_shuffle_within_geodesic_bins,lung,source_disjoint,7,20,-0.0004537205081670548
label_shuffle_within_geodesic_bins,lung,source_disjoint,7,21,0.0013779659877662942
label_shuffle_within_geodesic_bins,lung,source_disjoint,7,22,4.201115816360179e-05
label_shuffle_within_geodesic_bins,lung,source_disjoint,7,23,-0.0013947704510318681
label_shuffle_within_geodesic_bins,lung,source_disjoint,11,0,-0.003075216777576162
label_shuffle_within_geodesic_bins,lung,source_disjoint,11,1,-4.201115816360179e-05
label_shuffle_within_geodesic_bins,lung,source_disjoint,11,2,0.005545472877596214
label_shuffle_within_geodesic_bins,lung,source_disjoint,11,3,0.0011511057336828223
label_shuffle_within_geodesic_bins,lung,source_disjoint,11,4,-0.00010082677959255548
label_shuffle_within_geodesic_bins,lung,source_disjoint,11,5,0.004293540364320836
label_shuffle_within_geodesic_bins,lung,source_disjoint,11,6,-0.00033608926530881433
label_shuffle_within_geodesic_bins,lung,source_disjoint,11,7,-0.00842743832761994
label_shuffle_within_geodesic_bins,lung,source_disjoint,11,8,0.0027727364387980513
label_shuffle_within_geodesic_bins,lung,source_disjoint,11,9,-0.0027895409020636253
label_shuffle_within_geodesic_bins,lung,source_disjoint,11,10,-0.0027895409020637363
label_shuffle_within_geodesic_bins,lung,source_disjoint,11,11,0.0011595079653156093
label_shuffle_within_geodesic_bins,lung,source_disjoint,11,12,0.0033440881898233465
label_shuffle_within_geodesic_bins,lung,source_disjoint,11,13,0.0016804463265442937
label_shuffle_within_geodesic_bins,lung,source_disjoint,11,14,0.002150971297976756
label_shuffle_within_geodesic_bins,lung,source_disjoint,11,15,-0.0005209383612286844
label_shuffle_within_geodesic_bins,lung,source_disjoint,11,16,-0.004083484573502605
label_shuffle_within_geodesic_bins,lung,source_disjoint,11,17,-0.0033945015796195133
label_shuffle_within_geodesic_bins,lung,source_disjoint,11,18,-8.402231632786972e-06
label_shuffle_within_geodesic_bins,lung,source_disjoint,11,19,0.0012435302816428129
label_shuffle_within_geodesic_bins,lung,source_disjoint,11,20,0.0023106136989984316
label_shuffle_within_geodesic_bins,lung,source_disjoint,11,21,0.007562008469449544
label_shuffle_within_geodesic_bins,lung,source_disjoint,11,22,-0.007772064260267553
label_shuffle_within_geodesic_bins,lung,source_disjoint,11,23,-0.0021677757612421633
label_shuffle_within_geodesic_bins,lung,target_disjoint,0,0,0.0013901501137905115
label_shuffle_within_geodesic_bins,lung,target_disjoint,0,1,-0.0013509120057400015
label_shuffle_within_geodesic_bins,lung,target_disjoint,0,2,-0.0016648168701443034
label_shuffle_within_geodesic_bins,lung,target_disjoint,0,3,-0.0004932790726355218
label_shuffle_within_geodesic_bins,lung,target_disjoint,0,4,0.0008520274890974067
label_shuffle_within_geodesic_bins,lung,target_disjoint,0,5,0.00016816332021662994
label_shuffle_within_geodesic_bins,lung,target_disjoint,0,6,-0.002640164127400535
label_shuffle_within_geodesic_bins,lung,target_disjoint,0,7,-0.0007959730490252337
label_shuffle_within_geodesic_bins,lung,target_disjoint,0,8,-0.0016199733180864984
label_shuffle_within_geodesic_bins,lung,target_disjoint,0,9,-0.0019899326225630842
label_shuffle_within_geodesic_bins,lung,target_disjoint,0,10,-0.0011771432415160765
label_shuffle_within_geodesic_bins,lung,target_disjoint,0,11,-0.0005661498447292468
label_shuffle_within_geodesic_bins,lung,target_disjoint,0,12,-0.002230966714873439
label_shuffle_within_geodesic_bins,lung,target_disjoint,0,13,0.0006558369488447457
label_shuffle_within_geodesic_bins,lung,target_disjoint,0,14,-0.0004428300765703108
label_shuffle_within_geodesic_bins,lung,target_disjoint,0,15,-0.002774694783573839
label_shuffle_within_geodesic_bins,lung,target_disjoint,0,16,-0.0015751297660289154
label_shuffle_within_geodesic_bins,lung,target_disjoint,0,17,0.0014405991098555004
label_shuffle_within_geodesic_bins,lung,target_disjoint,0,18,0.00016816332021674096
label_shuffle_within_geodesic_bins,lung,target_disjoint,0,19,-0.0002634558683393129
label_shuffle_within_geodesic_bins,lung,target_disjoint,0,20,-0.0030829942039708458
label_shuffle_within_geodesic_bins,lung,target_disjoint,0,21,-0.0009529254812273846
label_shuffle_within_geodesic_bins,lung,target_disjoint,0,22,-0.0016872386461732614
label_shuffle_within_geodesic_bins,lung,target_disjoint,0,23,-0.0018666128544042593
label_shuffle_within_geodesic_bins,lung,target_disjoint,3,0,-0.0038397291449455695
label_shuffle_within_geodesic_bins,lung,target_disjoint,3,1,-0.006987185954999475
label_shuffle_within_geodesic_bins,lung,target_disjoint,3,2,-0.007315104429421848
label_shuffle_within_geodesic_bins,lung,target_disjoint,3,3,-0.0017573066962632833
label_shuffle_within_geodesic_bins,lung,target_disjoint,3,4,-0.007920492382201716
label_shuffle_within_geodesic_bins,lung,target_disjoint,3,5,0.007334723483447103
label_shuffle_within_geodesic_bins,lung,target_disjoint,3,6,-0.0018946400744402903
label_shuffle_within_geodesic_bins,lung,target_disjoint,3,7,-0.0033828854583570767
label_shuffle_within_geodesic_bins,lung,target_disjoint,3,8,0.0036379331606857246
label_shuffle_within_geodesic_bins,lung,target_disjoint,3,9,-0.00712171661117289
label_shuffle_within_geodesic_bins,lung,target_disjoint,3,10,2.5224498032550002e-05
label_shuffle_within_geodesic_bins,lung,target_disjoint,3,11,0.009840356954674445
label_shuffle_within_geodesic_bins,lung,target_disjoint,3,12,0.012449691140035135
label_shuffle_within_geodesic_bins,lung,target_disjoint,3,13,-0.012895323938609149
label_shuffle_within_geodesic_bins,lung,target_disjoint,3,14,0.007323512595432735
label_shuffle_within_geodesic_bins,lung,target_disjoint,3,15,0.0008856601531407327
label_shuffle_within_geodesic_bins,lung,target_disjoint,3,16,-0.009361091492057105
label_shuffle_within_geodesic_bins,lung,target_disjoint,3,17,-0.011362235002634447
label_shuffle_within_geodesic_bins,lung,target_disjoint,3,18,-0.005896927095595195
label_shuffle_within_geodesic_bins,lung,target_disjoint,3,19,-0.012516956468121898
label_shuffle_within_geodesic_bins,lung,target_disjoint,3,20,0.002797116559602686
label_shuffle_within_geodesic_bins,lung,target_disjoint,3,21,-0.008993934909584222
label_shuffle_within_geodesic_bins,lung,target_disjoint,3,22,-0.004520790591822865
label_shuffle_within_geodesic_bins,lung,target_disjoint,3,23,-0.007029226785053577
label_shuffle_within_geodesic_bins,lung,target_disjoint,7,0,0.0014434018318590924
label_shuffle_within_geodesic_bins,lung,target_disjoint,7,1,0.008469825894909189
label_shuffle_within_geodesic_bins,lung,target_disjoint,7,2,0.005372818080920272
label_shuffle_within_geodesic_bins,lung,target_disjoint,7,3,0.004873933564277566
label_shuffle_within_geodesic_bins,lung,target_disjoint,7,4,0.0013368983957219305
label_shuffle_within_geodesic_bins,lung,target_disjoint,7,5,-0.0024776062511912
label_shuffle_within_geodesic_bins,lung,target_disjoint,7,6,-0.0011603269094944135
label_shuffle_within_geodesic_bins,lung,target_disjoint,7,7,0.005367212636913088
label_shuffle_within_geodesic_bins,lung,target_disjoint,7,8,-0.0004540409645846788
label_shuffle_within_geodesic_bins,lung,target_disjoint,7,9,-0.01239083397795937
label_shuffle_within_geodesic_bins,lung,target_disjoint,7,10,-0.005302750030829917
label_shuffle_within_geodesic_bins,lung,target_disjoint,7,11,-0.002214150382851776
label_shuffle_within_geodesic_bins,lung,target_disjoint,7,12,0.007438424197580784
label_shuffle_within_geodesic_bins,lung,target_disjoint,7,13,0.006051076805793865
label_shuffle_within_geodesic_bins,lung,target_disjoint,7,14,0.0002270204822923949
label_shuffle_within_geodesic_bins,lung,target_disjoint,7,15,-0.0033800827363534847
label_shuffle_within_geodesic_bins,lung,target_disjoint,7,16,-0.00238791914707559
label_shuffle_within_geodesic_bins,lung,target_disjoint,7,17,-0.009669390912454112
label_shuffle_within_geodesic_bins,lung,target_disjoint,7,18,-0.0006418233388267858
label_shuffle_within_geodesic_bins,lung,target_disjoint,7,19,-0.011861119519277152
label_shuffle_within_geodesic_bins,lung,target_disjoint,7,20,0.005765199161425594
label_shuffle_within_geodesic_bins,lung,target_disjoint,7,21,-0.002564490633303218
label_shuffle_within_geodesic_bins,lung,target_disjoint,7,22,0.006729335530667346
label_shuffle_within_geodesic_bins,lung,target_disjoint,7,23,-0.0003391293624368519
label_shuffle_within_geodesic_bins,lung,target_disjoint,11,0,0.0010986670254150566
label_shuffle_within_geodesic_bins,lung,target_disjoint,11,1,0.0013845446697833275
label_shuffle_within_geodesic_bins,lung,target_disjoint,11,2,0.005958586979674774
label_shuffle_within_geodesic_bins,lung,target_disjoint,11,3,-9.529254812268295e-05
label_shuffle_within_geodesic_bins,lung,target_disjoint,11,4,0.0006222042848014198
label_shuffle_within_geodesic_bins,lung,target_disjoint,11,5,0.0015078644379421524
label_shuffle_within_geodesic_bins,lung,target_disjoint,11,6,0.0004708572966064528
label_shuffle_within_geodesic_bins,lung,target_disjoint,11,7,0.0017320821982309553
label_shuffle_within_geodesic_bins,lung,target_disjoint,11,8,-0.0006950750568952557
label_shuffle_within_geodesic_bins,lung,target_disjoint,11,9,-0.0007511294969673177
label_shuffle_within_geodesic_bins,lung,target_disjoint,11,10,0.00021300687227443493
label_shuffle_within_geodesic_bins,lung,target_disjoint,11,11,0.0035034025045124206
label_shuffle_within_geodesic_bins,lung,target_disjoint,11,12,0.004176055785378718
label_shuffle_within_geodesic_bins,lung,target_disjoint,11,13,-0.00039238108050543286
label_shuffle_within_geodesic_bins,lung,target_disjoint,11,14,0.002371102815054038
label_shuffle_within_geodesic_bins,lung,target_disjoint,11,15,0.0013228847857039705
label_shuffle_within_geodesic_bins,lung,target_disjoint,11,16,-0.003004517987869715
label_shuffle_within_geodesic_bins,lung,target_disjoint,11,17,-0.0013845446697833275
label_shuffle_within_geodesic_bins,lung,target_disjoint,11,18,0.0014798372179058994
label_shuffle_within_geodesic_bins,lung,target_disjoint,11,19,0.002516844359241599
label_shuffle_within_geodesic_bins,lung,target_disjoint,11,20,0.0012444085696028395
label_shuffle_within_geodesic_bins,lung,target_disjoint,11,21,-0.004865525398266679
label_shuffle_within_geodesic_bins,lung,target_disjoint,11,22,0.0011322996894583826
label_shuffle_within_geodesic_bins,lung,target_disjoint,11,23,-0.0017937420823103123
