null_kind,domain,seed_tag,split_regime,layer,perm_idx,null_delta_auc
curvature_shuffle_within_degree_bins,external_lung,seed42_main,source_disjoint,7,0,-0.027921332184898118
curvature_shuffle_within_degree_bins,external_lung,seed42_main,source_disjoint,7,1,-0.029379306632213664
curvature_shuffle_within_degree_bins,external_lung,seed42_main,source_disjoint,7,2,-0.02131782945736438
curvature_shuffle_within_degree_bins,external_lung,seed42_main,source_disjoint,7,3,-0.007877548090726383
curvature_shuffle_within_degree_bins,external_lung,seed42_main,source_disjoint,7,4,-0.008496626471432678
curvature_shuffle_within_degree_bins,external_lung,seed42_main,source_disjoint,7,5,0.011349770312948593
curvature_shuffle_within_degree_bins,external_lung,seed42_main,source_disjoint,7,6,-0.007496231696813127
curvature_shuffle_within_degree_bins,external_lung,seed42_main,source_disjoint,7,7,-0.022775803904679925
curvature_shuffle_within_degree_bins,external_lung,seed42_main,source_disjoint,7,8,-0.01695287826586278
curvature_shuffle_within_degree_bins,external_lung,seed42_main,source_disjoint,7,9,-0.04240686907838065
curvature_shuffle_within_degree_bins,external_lung,seed42_main,source_disjoint,7,10,-0.00760838357737581
curvature_shuffle_within_degree_bins,external_lung,seed42_main,source_disjoint,7,11,-0.03124102784955496
curvature_shuffle_within_degree_bins,external_lung,seed42_main,source_disjoint,7,12,-0.02263673557278212
curvature_shuffle_within_degree_bins,external_lung,seed42_main,source_disjoint,7,13,-0.02819498277347121
curvature_shuffle_within_degree_bins,external_lung,seed42_main,source_disjoint,7,14,-0.013319157335630272
curvature_shuffle_within_degree_bins,external_lung,seed42_main,source_disjoint,7,15,-0.012031653746770066
curvature_shuffle_within_degree_bins,external_lung,seed42_main,source_disjoint,7,16,-0.012229041056560419
curvature_shuffle_within_degree_bins,external_lung,seed42_main,source_disjoint,7,17,-0.001502835199540642
curvature_shuffle_within_degree_bins,external_lung,seed42_main,source_disjoint,7,18,-0.026719064025265582
curvature_shuffle_within_degree_bins,external_lung,seed42_main,source_disjoint,7,19,-0.014045901521676729
curvature_shuffle_within_degree_bins,external_lung,seed42_main,source_disjoint,7,20,-0.0073392190640252375
curvature_shuffle_within_degree_bins,external_lung,seed42_main,source_disjoint,7,21,-0.016836240310077577
curvature_shuffle_within_degree_bins,external_lung,seed42_main,source_disjoint,7,22,-0.027661139821992586
curvature_shuffle_within_degree_bins,external_lung,seed42_main,source_disjoint,7,23,-0.009775157909847842
curvature_shuffle_within_degree_bins,external_lung,seed42_main,source_disjoint,11,0,0.0029966982486362426
curvature_shuffle_within_degree_bins,external_lung,seed42_main,source_disjoint,11,1,-0.02796170686190058
curvature_shuffle_within_degree_bins,external_lung,seed42_main,source_disjoint,11,2,-0.02379862905541197
curvature_shuffle_within_degree_bins,external_lung,seed42_main,source_disjoint,11,3,-0.009218884582256504
curvature_shuffle_within_degree_bins,external_lung,seed42_main,source_disjoint,11,4,0.008904859316681057
curvature_shuffle_within_degree_bins,external_lung,seed42_main,source_disjoint,11,5,-0.012888494114269289
curvature_shuffle_within_degree_bins,external_lung,seed42_main,source_disjoint,11,6,-0.012341192937123102
curvature_shuffle_within_degree_bins,external_lung,seed42_main,source_disjoint,11,7,-0.02967538759689914
curvature_shuffle_within_degree_bins,external_lung,seed42_main,source_disjoint,11,8,-0.023363479758828576
curvature_shuffle_within_degree_bins,external_lung,seed42_main,source_disjoint,11,9,-0.015427612690209536
curvature_shuffle_within_degree_bins,external_lung,seed42_main,source_disjoint,11,10,-0.00877476313522818
curvature_shuffle_within_degree_bins,external_lung,seed42_main,source_disjoint,11,11,-0.002853143841515804
curvature_shuffle_within_degree_bins,external_lung,seed42_main,source_disjoint,11,12,-0.01811925782371515
curvature_shuffle_within_degree_bins,external_lung,seed42_main,source_disjoint,11,13,-0.027916846109675486
curvature_shuffle_within_degree_bins,external_lung,seed42_main,source_disjoint,11,14,-0.003826622164800453
curvature_shuffle_within_degree_bins,external_lung,seed42_main,source_disjoint,11,15,-0.006513781223083548
curvature_shuffle_within_degree_bins,external_lung,seed42_main,source_disjoint,11,16,-0.021551105368934786
curvature_shuffle_within_degree_bins,external_lung,seed42_main,source_disjoint,11,17,-0.04433588142405964
curvature_shuffle_within_degree_bins,external_lung,seed42_main,source_disjoint,11,18,-0.01281671691070907
curvature_shuffle_within_degree_bins,external_lung,seed42_main,source_disjoint,11,19,-0.01207202842377253
curvature_shuffle_within_degree_bins,external_lung,seed42_main,source_disjoint,11,20,-0.019985465116279078
curvature_shuffle_within_degree_bins,external_lung,seed42_main,source_disjoint,11,21,-0.005473011771461311
curvature_shuffle_within_degree_bins,external_lung,seed42_main,source_disjoint,11,22,-0.027185615848406508
curvature_shuffle_within_degree_bins,external_lung,seed42_main,source_disjoint,11,23,-0.008290267011197172
curvature_shuffle_within_degree_bins,external_lung,seed42_main,target_disjoint,7,0,0.03148560500877584
curvature_shuffle_within_degree_bins,external_lung,seed42_main,target_disjoint,7,1,0.011167579179000908
curvature_shuffle_within_degree_bins,external_lung,seed42_main,target_disjoint,7,2,0.02277787965315803
curvature_shuffle_within_degree_bins,external_lung,seed42_main,target_disjoint,7,3,0.010706520315406198
curvature_shuffle_within_degree_bins,external_lung,seed42_main,target_disjoint,7,4,-9.168784219215631e-05
curvature_shuffle_within_degree_bins,external_lung,seed42_main,target_disjoint,7,5,0.027574463626123147
curvature_shuffle_within_degree_bins,external_lung,seed42_main,target_disjoint,7,6,-0.012490503759201577
curvature_shuffle_within_degree_bins,external_lung,seed42_main,target_disjoint,7,7,0.006811096848557963
curvature_shuffle_within_degree_bins,external_lung,seed42_main,target_disjoint,7,8,0.028973358132711624
curvature_shuffle_within_degree_bins,external_lung,seed42_main,target_disjoint,7,9,-0.009878710083043085
curvature_shuffle_within_degree_bins,external_lung,seed42_main,target_disjoint,7,10,0.015725774762266442
curvature_shuffle_within_degree_bins,external_lung,seed42_main,target_disjoint,7,11,-0.001236476043276702
curvature_shuffle_within_degree_bins,external_lung,seed42_main,target_disjoint,7,12,-0.01601393655201322
curvature_shuffle_within_degree_bins,external_lung,seed42_main,target_disjoint,7,13,0.023917428548974384
curvature_shuffle_within_degree_bins,external_lung,seed42_main,target_disjoint,7,14,0.008301679197338485
curvature_shuffle_within_degree_bins,external_lung,seed42_main,target_disjoint,7,15,0.013692924318235322
curvature_shuffle_within_degree_bins,external_lung,seed42_main,target_disjoint,7,16,0.007002331490844282
curvature_shuffle_within_degree_bins,external_lung,seed42_main,target_disjoint,7,17,0.008749639797762665
curvature_shuffle_within_degree_bins,external_lung,seed42_main,target_disjoint,7,18,0.033154323736672486
curvature_shuffle_within_degree_bins,external_lung,seed42_main,target_disjoint,7,19,0.01711942996358684
curvature_shuffle_within_degree_bins,external_lung,seed42_main,target_disjoint,7,20,0.001249574306446899
curvature_shuffle_within_degree_bins,external_lung,seed42_main,target_disjoint,7,21,0.007245959185811945
curvature_shuffle_within_degree_bins,external_lung,seed42_main,target_disjoint,7,22,-0.0015298771382915577
curvature_shuffle_within_degree_bins,external_lung,seed42_main,target_disjoint,7,23,0.00845885835538207
curvature_shuffle_within_degree_bins,external_lung,seed42_main,target_disjoint,11,0,-0.023110575537683697
curvature_shuffle_within_degree_bins,external_lung,seed42_main,target_disjoint,11,1,-0.027370130720666408
curvature_shuffle_within_degree_bins,external_lung,seed42_main,target_disjoint,11,2,-0.051277080659104524
curvature_shuffle_within_degree_bins,external_lung,seed42_main,target_disjoint,11,3,-0.03248107300971881
curvature_shuffle_within_degree_bins,external_lung,seed42_main,target_disjoint,11,4,-0.0544206638199774
curvature_shuffle_within_degree_bins,external_lung,seed42_main,target_disjoint,11,5,-0.047735310297854494
curvature_shuffle_within_degree_bins,external_lung,seed42_main,target_disjoint,11,6,-0.040672726796426695
curvature_shuffle_within_degree_bins,external_lung,seed42_main,target_disjoint,11,7,-0.05464071464123854
curvature_shuffle_within_degree_bins,external_lung,seed42_main,target_disjoint,11,8,-0.04732664448694096
curvature_shuffle_within_degree_bins,external_lung,seed42_main,target_disjoint,11,9,-0.030181017997013504
curvature_shuffle_within_degree_bins,external_lung,seed42_main,target_disjoint,11,10,-0.07776700809472653
curvature_shuffle_within_degree_bins,external_lung,seed42_main,target_disjoint,11,11,-0.004319807193566061
curvature_shuffle_within_degree_bins,external_lung,seed42_main,target_disjoint,11,12,-0.04629974065438924
curvature_shuffle_within_degree_bins,external_lung,seed42_main,target_disjoint,11,13,-0.05485028685196336
curvature_shuffle_within_degree_bins,external_lung,seed42_main,target_disjoint,11,14,-0.04983365205773704
curvature_shuffle_within_degree_bins,external_lung,seed42_main,target_disjoint,11,15,-0.05925392292981935
curvature_shuffle_within_degree_bins,external_lung,seed42_main,target_disjoint,11,16,-0.018463311764859824
curvature_shuffle_within_degree_bins,external_lung,seed42_main,target_disjoint,11,17,-0.06160899064783998
curvature_shuffle_within_degree_bins,external_lung,seed42_main,target_disjoint,11,18,-0.030573965892122634
curvature_shuffle_within_degree_bins,external_lung,seed42_main,target_disjoint,11,19,-0.048049668613941776
curvature_shuffle_within_degree_bins,external_lung,seed42_main,target_disjoint,11,20,-0.0009954680009430783
curvature_shuffle_within_degree_bins,external_lung,seed42_main,target_disjoint,11,21,-0.044906085453068956
curvature_shuffle_within_degree_bins,external_lung,seed42_main,target_disjoint,11,22,-0.020118932229586273
curvature_shuffle_within_degree_bins,external_lung,seed42_main,target_disjoint,11,23,-0.047664579676734764
curvature_shuffle_within_degree_bins,external_lung,seed43,source_disjoint,7,0,0.00041104637241595743
curvature_shuffle_within_degree_bins,external_lung,seed43,source_disjoint,7,1,-0.0118285577460292
curvature_shuffle_within_degree_bins,external_lung,seed43,source_disjoint,7,2,-0.015919067762790395
curvature_shuffle_within_degree_bins,external_lung,seed43,source_disjoint,7,3,-0.0036754729028652955
curvature_shuffle_within_degree_bins,external_lung,seed43,source_disjoint,7,4,-0.013309122835022724
curvature_shuffle_within_degree_bins,external_lung,seed43,source_disjoint,7,5,-0.022970707957538417
curvature_shuffle_within_degree_bins,external_lung,seed43,source_disjoint,7,6,0.006524862319418845
curvature_shuffle_within_degree_bins,external_lung,seed43,source_disjoint,7,7,-0.0037752414398595224
curvature_shuffle_within_degree_bins,external_lung,seed43,source_disjoint,7,8,-0.010866789049405301
curvature_shuffle_within_degree_bins,external_lung,seed43,source_disjoint,7,9,-0.01984196663740112
curvature_shuffle_within_degree_bins,external_lung,seed43,source_disjoint,7,10,-0.015723521430281773
curvature_shuffle_within_degree_bins,external_lung,seed43,source_disjoint,7,11,-0.022846994971665757
curvature_shuffle_within_degree_bins,external_lung,seed43,source_disjoint,7,12,-0.010423816745151249
curvature_shuffle_within_degree_bins,external_lung,seed43,source_disjoint,7,13,0.001025620560300089
curvature_shuffle_within_degree_bins,external_lung,seed43,source_disjoint,7,14,-0.0026019634448080087
curvature_shuffle_within_degree_bins,external_lung,seed43,source_disjoint,7,15,0.0018038151488547483
curvature_shuffle_within_degree_bins,external_lung,seed43,source_disjoint,7,16,-0.014342724878282365
curvature_shuffle_within_degree_bins,external_lung,seed43,source_disjoint,7,17,-0.00836459414159152
curvature_shuffle_within_degree_bins,external_lung,seed43,source_disjoint,7,18,-0.01388778034958893
curvature_shuffle_within_degree_bins,external_lung,seed43,source_disjoint,7,19,-0.005990102961130117
curvature_shuffle_within_degree_bins,external_lung,seed43,source_disjoint,7,20,-0.005152047250379099
curvature_shuffle_within_degree_bins,external_lung,seed43,source_disjoint,7,21,-0.007590390294516691
curvature_shuffle_within_degree_bins,external_lung,seed43,source_disjoint,7,22,-0.01747545693989938
curvature_shuffle_within_degree_bins,external_lung,seed43,source_disjoint,7,23,-0.010028733338654283
curvature_shuffle_within_degree_bins,external_lung,seed43,source_disjoint,11,0,0.005618964003511917
curvature_shuffle_within_degree_bins,external_lung,seed43,source_disjoint,11,1,-0.004138398914518282
curvature_shuffle_within_degree_bins,external_lung,seed43,source_disjoint,11,2,0.028394125628541822
curvature_shuffle_within_degree_bins,external_lung,seed43,source_disjoint,11,3,0.005008380557107506
curvature_shuffle_within_degree_bins,external_lung,seed43,source_disjoint,11,4,0.012275520791763084
curvature_shuffle_within_degree_bins,external_lung,seed43,source_disjoint,11,5,-0.0037233618006224933
curvature_shuffle_within_degree_bins,external_lung,seed43,source_disjoint,11,6,0.003914917391651285
curvature_shuffle_within_degree_bins,external_lung,seed43,source_disjoint,11,7,-0.0015404262111899936
curvature_shuffle_within_degree_bins,external_lung,seed43,source_disjoint,11,8,-0.023784819219411002
curvature_shuffle_within_degree_bins,external_lung,seed43,source_disjoint,11,9,-0.015607789927368443
curvature_shuffle_within_degree_bins,external_lung,seed43,source_disjoint,11,10,9.976853699422694e-05
curvature_shuffle_within_degree_bins,external_lung,seed43,source_disjoint,11,11,-0.0031566765104956707
curvature_shuffle_within_degree_bins,external_lung,seed43,source_disjoint,11,12,0.010160427807486716
curvature_shuffle_within_degree_bins,external_lung,seed43,source_disjoint,11,13,-0.0036555191954665833
curvature_shuffle_within_degree_bins,external_lung,seed43,source_disjoint,11,14,-0.013744113656317336
curvature_shuffle_within_degree_bins,external_lung,seed43,source_disjoint,11,15,-0.016054752973102437
curvature_shuffle_within_degree_bins,external_lung,seed43,source_disjoint,11,16,0.000235453747306269
curvature_shuffle_within_degree_bins,external_lung,seed43,source_disjoint,11,17,0.0038271210790965515
curvature_shuffle_within_degree_bins,external_lung,seed43,source_disjoint,11,18,-0.005503232500598587
curvature_shuffle_within_degree_bins,external_lung,seed43,source_disjoint,11,19,0.007534519913799942
curvature_shuffle_within_degree_bins,external_lung,seed43,source_disjoint,11,20,0.011333705802538119
curvature_shuffle_within_degree_bins,external_lung,seed43,source_disjoint,11,21,0.012574826402745654
curvature_shuffle_within_degree_bins,external_lung,seed43,source_disjoint,11,22,0.006604677149014249
curvature_shuffle_within_degree_bins,external_lung,seed43,source_disjoint,11,23,0.004904621278633559
curvature_shuffle_within_degree_bins,external_lung,seed43,target_disjoint,7,0,-0.017300216192110474
curvature_shuffle_within_degree_bins,external_lung,seed43,target_disjoint,7,1,0.0014566306992796485
curvature_shuffle_within_degree_bins,external_lung,seed43,target_disjoint,7,2,-0.01167243502118298
curvature_shuffle_within_degree_bins,external_lung,seed43,target_disjoint,7,3,-0.01386344026602293
curvature_shuffle_within_degree_bins,external_lung,seed43,target_disjoint,7,4,-0.016124732183540325
curvature_shuffle_within_degree_bins,external_lung,seed43,target_disjoint,7,5,-0.005043674684194754
curvature_shuffle_within_degree_bins,external_lung,seed43,target_disjoint,7,6,-0.004408670951729976
curvature_shuffle_within_degree_bins,external_lung,seed43,target_disjoint,7,7,-0.020048667461633196
curvature_shuffle_within_degree_bins,external_lung,seed43,target_disjoint,7,8,-0.01573451996626235
curvature_shuffle_within_degree_bins,external_lung,seed43,target_disjoint,7,9,-0.009117878021115078
curvature_shuffle_within_degree_bins,external_lung,seed43,target_disjoint,7,10,-0.010249735819057859
curvature_shuffle_within_degree_bins,external_lung,seed43,target_disjoint,7,11,-0.002964158644291226
curvature_shuffle_within_degree_bins,external_lung,seed43,target_disjoint,7,12,0.0064906106700016175
curvature_shuffle_within_degree_bins,external_lung,seed43,target_disjoint,7,13,-0.0007537639725058165
curvature_shuffle_within_degree_bins,external_lung,seed43,target_disjoint,7,14,0.0061076694878283155
curvature_shuffle_within_degree_bins,external_lung,seed43,target_disjoint,7,15,0.005797438656700571
curvature_shuffle_within_degree_bins,external_lung,seed43,target_disjoint,7,16,-0.012801869140757538
curvature_shuffle_within_degree_bins,external_lung,seed43,target_disjoint,7,17,0.00034900968501877516
curvature_shuffle_within_degree_bins,external_lung,seed43,target_disjoint,7,18,0.001456630699279704
curvature_shuffle_within_degree_bins,external_lung,seed43,target_disjoint,7,19,0.006025264423309973
curvature_shuffle_within_degree_bins,external_lung,seed43,target_disjoint,7,20,-0.007927851942335862
curvature_shuffle_within_degree_bins,external_lung,seed43,target_disjoint,7,21,-0.005707762557077667
curvature_shuffle_within_degree_bins,external_lung,seed43,target_disjoint,7,22,-0.004692241320807755
curvature_shuffle_within_degree_bins,external_lung,seed43,target_disjoint,7,23,0.0017668615304074486
curvature_shuffle_within_degree_bins,external_lung,seed43,target_disjoint,11,0,-0.012343793929170399
curvature_shuffle_within_degree_bins,external_lung,seed43,target_disjoint,11,1,-0.015923566878980944
curvature_shuffle_within_degree_bins,external_lung,seed43,target_disjoint,11,2,-0.028710893949529304
curvature_shuffle_within_degree_bins,external_lung,seed43,target_disjoint,11,3,-0.04221562981706073
curvature_shuffle_within_degree_bins,external_lung,seed43,target_disjoint,11,4,-0.007392219022966828
curvature_shuffle_within_degree_bins,external_lung,seed43,target_disjoint,11,5,-0.010276396281107936
curvature_shuffle_within_degree_bins,external_lung,seed43,target_disjoint,11,6,-0.04104499316522703
curvature_shuffle_within_degree_bins,external_lung,seed43,target_disjoint,11,7,-0.0015729672609526846
curvature_shuffle_within_degree_bins,external_lung,seed43,target_disjoint,11,8,-0.0017086932495710139
curvature_shuffle_within_degree_bins,external_lung,seed43,target_disjoint,11,9,-0.0106544901065449
curvature_shuffle_within_degree_bins,external_lung,seed43,target_disjoint,11,10,-0.013567751505104253
curvature_shuffle_within_degree_bins,external_lung,seed43,target_disjoint,11,11,-0.026977963916276493
curvature_shuffle_within_degree_bins,external_lung,seed43,target_disjoint,11,12,-0.017559549777506345
curvature_shuffle_within_degree_bins,external_lung,seed43,target_disjoint,11,13,-0.032079806881307626
curvature_shuffle_within_degree_bins,external_lung,seed43,target_disjoint,11,14,-0.014256076161669018
curvature_shuffle_within_degree_bins,external_lung,seed43,target_disjoint,11,15,-0.03802993727520387
curvature_shuffle_within_degree_bins,external_lung,seed43,target_disjoint,11,16,-0.009670476689061458
curvature_shuffle_within_degree_bins,external_lung,seed43,target_disjoint,11,17,-0.023558153738766296
curvature_shuffle_within_degree_bins,external_lung,seed43,target_disjoint,11,18,-0.02344424085546154
curvature_shuffle_within_degree_bins,external_lung,seed43,target_disjoint,11,19,-0.03697806086341121
curvature_shuffle_within_degree_bins,external_lung,seed43,target_disjoint,11,20,-0.011318577979427868
curvature_shuffle_within_degree_bins,external_lung,seed43,target_disjoint,11,21,-0.02465608003955444
curvature_shuffle_within_degree_bins,external_lung,seed43,target_disjoint,11,22,-0.022828626549942332
curvature_shuffle_within_degree_bins,external_lung,seed43,target_disjoint,11,23,-0.011640927202396623
curvature_shuffle_within_degree_bins,external_lung,seed44,source_disjoint,7,0,-0.02401227647512494
curvature_shuffle_within_degree_bins,external_lung,seed44,source_disjoint,7,1,-0.03952484316484983
curvature_shuffle_within_degree_bins,external_lung,seed44,source_disjoint,7,2,-0.03747346325406098
curvature_shuffle_within_degree_bins,external_lung,seed44,source_disjoint,7,3,-0.008642829314059908
curvature_shuffle_within_degree_bins,external_lung,seed44,source_disjoint,7,4,-0.019818079176903702
curvature_shuffle_within_degree_bins,external_lung,seed44,source_disjoint,7,5,-0.0351199421161017
curvature_shuffle_within_degree_bins,external_lung,seed44,source_disjoint,7,6,-0.0288226828550755
curvature_shuffle_within_degree_bins,external_lung,seed44,source_disjoint,7,7,-0.025483227186349544
curvature_shuffle_within_degree_bins,external_lung,seed44,source_disjoint,7,8,0.0005645270297132132
curvature_shuffle_within_degree_bins,external_lung,seed44,source_disjoint,7,9,-0.0481795991062981
curvature_shuffle_within_degree_bins,external_lung,seed44,source_disjoint,7,10,-0.011914700760918828
curvature_shuffle_within_degree_bins,external_lung,seed44,source_disjoint,7,11,-0.03752116976361425
curvature_shuffle_within_degree_bins,external_lung,seed44,source_disjoint,7,12,-0.01936486733614806
curvature_shuffle_within_degree_bins,external_lung,seed44,source_disjoint,7,13,-0.009020505848022942
curvature_shuffle_within_degree_bins,external_lung,seed44,source_disjoint,7,14,-0.03019424500473089
curvature_shuffle_within_degree_bins,external_lung,seed44,source_disjoint,7,15,-0.010193290874539795
curvature_shuffle_within_degree_bins,external_lung,seed44,source_disjoint,7,16,-0.029407087597102533
curvature_shuffle_within_degree_bins,external_lung,seed44,source_disjoint,7,17,-0.03519945296535709
curvature_shuffle_within_degree_bins,external_lung,seed44,source_disjoint,7,18,-0.02505386860037051
curvature_shuffle_within_degree_bins,external_lung,seed44,source_disjoint,7,19,-0.043043198244400394
curvature_shuffle_within_degree_bins,external_lung,seed44,source_disjoint,7,20,-0.023873132488928084
curvature_shuffle_within_degree_bins,external_lung,seed44,source_disjoint,7,21,-0.02163887762485195
curvature_shuffle_within_degree_bins,external_lung,seed44,source_disjoint,7,22,-0.01618840890839557
curvature_shuffle_within_degree_bins,external_lung,seed44,source_disjoint,7,23,-0.023336434256454264
curvature_shuffle_within_degree_bins,external_lung,seed44,source_disjoint,11,0,0.018641318607924062
curvature_shuffle_within_degree_bins,external_lung,seed44,source_disjoint,11,1,-0.00040550533120253807
curvature_shuffle_within_degree_bins,external_lung,seed44,source_disjoint,11,2,0.009270965023177369
curvature_shuffle_within_degree_bins,external_lung,seed44,source_disjoint,11,3,0.008110106624048763
curvature_shuffle_within_degree_bins,external_lung,seed44,source_disjoint,11,4,0.008611024974357617
curvature_shuffle_within_degree_bins,external_lung,seed44,source_disjoint,11,5,0.018915631037854985
curvature_shuffle_within_degree_bins,external_lung,seed44,source_disjoint,11,6,0.012113477884057255
curvature_shuffle_within_degree_bins,external_lung,seed44,source_disjoint,11,7,0.02200860307388941
curvature_shuffle_within_degree_bins,external_lung,seed44,source_disjoint,11,8,0.0035461838767899545
curvature_shuffle_within_degree_bins,external_lung,seed44,source_disjoint,11,9,-0.0032678959043962452
curvature_shuffle_within_degree_bins,external_lung,seed44,source_disjoint,11,10,0.009127845494517617
curvature_shuffle_within_degree_bins,external_lung,seed44,source_disjoint,11,11,0.01536944716106503
curvature_shuffle_within_degree_bins,external_lung,seed44,source_disjoint,11,12,0.009477693231241369
curvature_shuffle_within_degree_bins,external_lung,seed44,source_disjoint,11,13,0.008066375656958225
curvature_shuffle_within_degree_bins,external_lung,seed44,source_disjoint,11,14,0.010586869578353864
curvature_shuffle_within_degree_bins,external_lung,seed44,source_disjoint,11,15,0.02868751441134132
curvature_shuffle_within_degree_bins,external_lung,seed44,source_disjoint,11,16,0.002731197671922203
curvature_shuffle_within_degree_bins,external_lung,seed44,source_disjoint,11,17,-0.004396949963822672
curvature_shuffle_within_degree_bins,external_lung,seed44,source_disjoint,11,18,0.019615326511302378
curvature_shuffle_within_degree_bins,external_lung,seed44,source_disjoint,11,19,0.029220237101352464
curvature_shuffle_within_degree_bins,external_lung,seed44,source_disjoint,11,20,-0.0047348710731579535
curvature_shuffle_within_degree_bins,external_lung,seed44,source_disjoint,11,21,0.02062511429684577
curvature_shuffle_within_degree_bins,external_lung,seed44,source_disjoint,11,22,0.015011648339415817
curvature_shuffle_within_degree_bins,external_lung,seed44,source_disjoint,11,23,0.007171878602835302
curvature_shuffle_within_degree_bins,external_lung,seed44,target_disjoint,7,0,0.032043750970949136
curvature_shuffle_within_degree_bins,external_lung,seed44,target_disjoint,7,1,0.06337628165294384
curvature_shuffle_within_degree_bins,external_lung,seed44,target_disjoint,7,2,0.024098959142457632
curvature_shuffle_within_degree_bins,external_lung,seed44,target_disjoint,7,3,0.04152264253534255
curvature_shuffle_within_degree_bins,external_lung,seed44,target_disjoint,7,4,0.04752310859095843
curvature_shuffle_within_degree_bins,external_lung,seed44,target_disjoint,7,5,0.02862843716016772
curvature_shuffle_within_degree_bins,external_lung,seed44,target_disjoint,7,6,0.03880641214851621
curvature_shuffle_within_degree_bins,external_lung,seed44,target_disjoint,7,7,0.048246465744912204
curvature_shuffle_within_degree_bins,external_lung,seed44,target_disjoint,7,8,0.027645351095230586
curvature_shuffle_within_degree_bins,external_lung,seed44,target_disjoint,7,9,0.04851590414789497
curvature_shuffle_within_degree_bins,external_lung,seed44,target_disjoint,7,10,0.05836375640826463
curvature_shuffle_within_degree_bins,external_lung,seed44,target_disjoint,7,11,0.024827171042411056
curvature_shuffle_within_degree_bins,external_lung,seed44,target_disjoint,7,12,0.033648244523846405
curvature_shuffle_within_degree_bins,external_lung,seed44,target_disjoint,7,13,0.0390224483455025
curvature_shuffle_within_degree_bins,external_lung,seed44,target_disjoint,7,14,0.03492261534876495
curvature_shuffle_within_degree_bins,external_lung,seed44,target_disjoint,7,15,0.04516612940810938
curvature_shuffle_within_degree_bins,external_lung,seed44,target_disjoint,7,16,0.05158410361969856
curvature_shuffle_within_degree_bins,external_lung,seed44,target_disjoint,7,17,0.026295731707317027
curvature_shuffle_within_degree_bins,external_lung,seed44,target_disjoint,7,18,0.041153681839366074
curvature_shuffle_within_degree_bins,external_lung,seed44,target_disjoint,7,19,0.02832987028118672
curvature_shuffle_within_degree_bins,external_lung,seed44,target_disjoint,7,20,0.032264641913934966
curvature_shuffle_within_degree_bins,external_lung,seed44,target_disjoint,7,21,0.02773516389622488
curvature_shuffle_within_degree_bins,external_lung,seed44,target_disjoint,7,22,0.037114533167624586
curvature_shuffle_within_degree_bins,external_lung,seed44,target_disjoint,7,23,0.03694461705763552
curvature_shuffle_within_degree_bins,external_lung,seed44,target_disjoint,11,0,0.01971026875873838
curvature_shuffle_within_degree_bins,external_lung,seed44,target_disjoint,11,1,0.016605658691937197
curvature_shuffle_within_degree_bins,external_lung,seed44,target_disjoint,11,2,0.036653332297654106
curvature_shuffle_within_degree_bins,external_lung,seed44,target_disjoint,11,3,0.0527856532546217
curvature_shuffle_within_degree_bins,external_lung,seed44,target_disjoint,11,4,0.044212171819170365
curvature_shuffle_within_degree_bins,external_lung,seed44,target_disjoint,11,5,0.021523516389622466
curvature_shuffle_within_degree_bins,external_lung,seed44,target_disjoint,11,6,0.040491009010408474
curvature_shuffle_within_degree_bins,external_lung,seed44,target_disjoint,11,7,0.02005252835171656
curvature_shuffle_within_degree_bins,external_lung,seed44,target_disjoint,11,8,0.029310528973124028
curvature_shuffle_within_degree_bins,external_lung,seed44,target_disjoint,11,9,0.0047819248096938605
curvature_shuffle_within_degree_bins,external_lung,seed44,target_disjoint,11,10,0.029577540003106972
curvature_shuffle_within_degree_bins,external_lung,seed44,target_disjoint,11,11,0.01867378048780477
curvature_shuffle_within_degree_bins,external_lung,seed44,target_disjoint,11,12,0.04426800139816678
curvature_shuffle_within_degree_bins,external_lung,seed44,target_disjoint,11,13,0.04698180441199307
curvature_shuffle_within_degree_bins,external_lung,seed44,target_disjoint,11,14,0.01771254077986628
curvature_shuffle_within_degree_bins,external_lung,seed44,target_disjoint,11,15,0.055458190927450635
curvature_shuffle_within_degree_bins,external_lung,seed44,target_disjoint,11,16,0.05672285226036966
curvature_shuffle_within_degree_bins,external_lung,seed44,target_disjoint,11,17,0.02991979959608504
curvature_shuffle_within_degree_bins,external_lung,seed44,target_disjoint,11,18,0.023089171974522316
curvature_shuffle_within_degree_bins,external_lung,seed44,target_disjoint,11,19,0.022319694733571427
curvature_shuffle_within_degree_bins,external_lung,seed44,target_disjoint,11,20,0.0383136554295479
curvature_shuffle_within_degree_bins,external_lung,seed44,target_disjoint,11,21,0.049867950908808356
curvature_shuffle_within_degree_bins,external_lung,seed44,target_disjoint,11,22,0.03082278235202729
curvature_shuffle_within_degree_bins,external_lung,seed44,target_disjoint,11,23,0.05180013981668474
curvature_shuffle_within_degree_bins,immune,seed42_main,source_disjoint,7,0,-0.022099698080935037
curvature_shuffle_within_degree_bins,immune,seed42_main,source_disjoint,7,1,0.004418643826208601
curvature_shuffle_within_degree_bins,immune,seed42_main,source_disjoint,7,2,-0.02489536495924738
curvature_shuffle_within_degree_bins,immune,seed42_main,source_disjoint,7,3,-0.02135137936843201
curvature_shuffle_within_degree_bins,immune,seed42_main,source_disjoint,7,4,0.016064556256721874
curvature_shuffle_within_degree_bins,immune,seed42_main,source_disjoint,7,5,0.016440335350446422
curvature_shuffle_within_degree_bins,immune,seed42_main,source_disjoint,7,6,-0.007901079393052068
curvature_shuffle_within_degree_bins,immune,seed42_main,source_disjoint,7,7,-0.029407953558887145
curvature_shuffle_within_degree_bins,immune,seed42_main,source_disjoint,7,8,-0.00656641571534089
curvature_shuffle_within_degree_bins,immune,seed42_main,source_disjoint,7,9,-0.017175696163165832
curvature_shuffle_within_degree_bins,immune,seed42_main,source_disjoint,7,10,-0.034315758101926885
curvature_shuffle_within_degree_bins,immune,seed42_main,source_disjoint,7,11,0.0003919764684539029
curvature_shuffle_within_degree_bins,immune,seed42_main,source_disjoint,7,12,-0.0070717738069013825
curvature_shuffle_within_degree_bins,immune,seed42_main,source_disjoint,7,13,-0.020311507910797832
curvature_shuffle_within_degree_bins,immune,seed42_main,source_disjoint,7,14,-0.01865613621344253
curvature_shuffle_within_degree_bins,immune,seed42_main,source_disjoint,7,15,-0.05053256968110609
curvature_shuffle_within_degree_bins,immune,seed42_main,source_disjoint,7,16,-0.017969367524911517
curvature_shuffle_within_degree_bins,immune,seed42_main,source_disjoint,7,17,-0.024023946198800106
curvature_shuffle_within_degree_bins,immune,seed42_main,source_disjoint,7,18,-0.0004535264924261373
curvature_shuffle_within_degree_bins,immune,seed42_main,source_disjoint,7,19,0.000670571313801327
curvature_shuffle_within_degree_bins,immune,seed42_main,source_disjoint,7,20,-0.02839723737576627
curvature_shuffle_within_degree_bins,immune,seed42_main,source_disjoint,7,21,0.006695994713176834
curvature_shuffle_within_degree_bins,immune,seed42_main,source_disjoint,7,22,0.01319762092959964
curvature_shuffle_within_degree_bins,immune,seed42_main,source_disjoint,7,23,-0.014616510955904327
curvature_shuffle_within_degree_bins,immune,seed42_main,source_disjoint,11,0,-0.04207754007230513
curvature_shuffle_within_degree_bins,immune,seed42_main,source_disjoint,11,1,-0.03796016741606523
curvature_shuffle_within_degree_bins,immune,seed42_main,source_disjoint,11,2,-0.047076049913829965
curvature_shuffle_within_degree_bins,immune,seed42_main,source_disjoint,11,3,-0.07108055926295476
curvature_shuffle_within_degree_bins,immune,seed42_main,source_disjoint,11,4,-0.04337980900055716
curvature_shuffle_within_degree_bins,immune,seed42_main,source_disjoint,11,5,-0.056924053749368264
curvature_shuffle_within_degree_bins,immune,seed42_main,source_disjoint,11,6,-0.029702745778964257
curvature_shuffle_within_degree_bins,immune,seed42_main,source_disjoint,11,7,-0.04163049252977069
curvature_shuffle_within_degree_bins,immune,seed42_main,source_disjoint,11,8,-0.04713436046285624
curvature_shuffle_within_degree_bins,immune,seed42_main,source_disjoint,11,9,-0.04279022456040327
curvature_shuffle_within_degree_bins,immune,seed42_main,source_disjoint,11,10,-0.04174711362782324
curvature_shuffle_within_degree_bins,immune,seed42_main,source_disjoint,11,11,-0.07448524743109641
curvature_shuffle_within_degree_bins,immune,seed42_main,source_disjoint,11,12,-0.06818122918637348
curvature_shuffle_within_degree_bins,immune,seed42_main,source_disjoint,11,13,-0.061686081919842484
curvature_shuffle_within_degree_bins,immune,seed42_main,source_disjoint,11,14,-0.04664196027107925
curvature_shuffle_within_degree_bins,immune,seed42_main,source_disjoint,11,15,-0.03662550373835405
curvature_shuffle_within_degree_bins,immune,seed42_main,source_disjoint,11,16,-0.03035064076814442
curvature_shuffle_within_degree_bins,immune,seed42_main,source_disjoint,11,17,-0.05517797675352787
curvature_shuffle_within_degree_bins,immune,seed42_main,source_disjoint,11,18,-0.038446088657950295
curvature_shuffle_within_degree_bins,immune,seed42_main,source_disjoint,11,19,-0.05176680963549418
curvature_shuffle_within_degree_bins,immune,seed42_main,source_disjoint,11,20,-0.04883508480945409
curvature_shuffle_within_degree_bins,immune,seed42_main,source_disjoint,11,21,-0.08008629961255875
curvature_shuffle_within_degree_bins,immune,seed42_main,source_disjoint,11,22,-0.05893252821582684
curvature_shuffle_within_degree_bins,immune,seed42_main,source_disjoint,11,23,-0.05538206367511955
curvature_shuffle_within_degree_bins,immune,seed42_main,target_disjoint,7,0,0.008984550924262535
curvature_shuffle_within_degree_bins,immune,seed42_main,target_disjoint,7,1,0.012860735665453982
curvature_shuffle_within_degree_bins,immune,seed42_main,target_disjoint,7,2,0.007873816523882082
curvature_shuffle_within_degree_bins,immune,seed42_main,target_disjoint,7,3,0.010768304346286062
curvature_shuffle_within_degree_bins,immune,seed42_main,target_disjoint,7,4,-0.004060885450138274
curvature_shuffle_within_degree_bins,immune,seed42_main,target_disjoint,7,5,-0.007294412930061611
curvature_shuffle_within_degree_bins,immune,seed42_main,target_disjoint,7,6,0.009452628063375101
curvature_shuffle_within_degree_bins,immune,seed42_main,target_disjoint,7,7,0.003997631782690747
curvature_shuffle_within_degree_bins,immune,seed42_main,target_disjoint,7,8,-0.006849107111230213
curvature_shuffle_within_degree_bins,immune,seed42_main,target_disjoint,7,9,0.006985735032917217
curvature_shuffle_within_degree_bins,immune,seed42_main,target_disjoint,7,10,0.017759099672599143
curvature_shuffle_within_degree_bins,immune,seed42_main,target_disjoint,7,11,-0.006234281463639135
curvature_shuffle_within_degree_bins,immune,seed42_main,target_disjoint,7,12,0.0014270027376187544
curvature_shuffle_within_degree_bins,immune,seed42_main,target_disjoint,7,13,0.014108097987521329
curvature_shuffle_within_degree_bins,immune,seed42_main,target_disjoint,7,14,0.010044682390685011
curvature_shuffle_within_degree_bins,immune,seed42_main,target_disjoint,7,15,0.0102926367670797
curvature_shuffle_within_degree_bins,immune,seed42_main,target_disjoint,7,16,0.013541345127190518
curvature_shuffle_within_degree_bins,immune,seed42_main,target_disjoint,7,17,0.011183248404742496
curvature_shuffle_within_degree_bins,immune,seed42_main,target_disjoint,7,18,0.009723353760051068
curvature_shuffle_within_degree_bins,immune,seed42_main,target_disjoint,7,19,0.015524980138348576
curvature_shuffle_within_degree_bins,immune,seed42_main,target_disjoint,7,20,0.020213341969567478
curvature_shuffle_within_degree_bins,immune,seed42_main,target_disjoint,7,21,0.005945844740077977
curvature_shuffle_within_degree_bins,immune,seed42_main,target_disjoint,7,22,0.010285046326986125
curvature_shuffle_within_degree_bins,immune,seed42_main,target_disjoint,7,23,0.0011891689480156842
curvature_shuffle_within_degree_bins,immune,seed42_main,target_disjoint,11,0,-0.015522449991650533
curvature_shuffle_within_degree_bins,immune,seed42_main,target_disjoint,11,1,-0.010234443393027925
curvature_shuffle_within_degree_bins,immune,seed42_main,target_disjoint,11,2,0.004169681758148358
curvature_shuffle_within_degree_bins,immune,seed42_main,target_disjoint,11,3,-0.0040836567704194415
curvature_shuffle_within_degree_bins,immune,seed42_main,target_disjoint,11,4,-0.006388620412211443
curvature_shuffle_within_degree_bins,immune,seed42_main,target_disjoint,11,5,-0.02777089015621126
curvature_shuffle_within_degree_bins,immune,seed42_main,target_disjoint,11,6,-0.035859769149415244
curvature_shuffle_within_degree_bins,immune,seed42_main,target_disjoint,11,7,-0.02550893900828366
curvature_shuffle_within_degree_bins,immune,seed42_main,target_disjoint,11,8,-0.007663814347955822
curvature_shuffle_within_degree_bins,immune,seed42_main,target_disjoint,11,9,-0.03997378768020976
curvature_shuffle_within_degree_bins,immune,seed42_main,target_disjoint,11,10,0.007365257037603046
curvature_shuffle_within_degree_bins,immune,seed42_main,target_disjoint,11,11,-0.024886522920599008
curvature_shuffle_within_degree_bins,immune,seed42_main,target_disjoint,11,12,-0.026801843970913453
curvature_shuffle_within_degree_bins,immune,seed42_main,target_disjoint,11,13,-0.019345501652185737
curvature_shuffle_within_degree_bins,immune,seed42_main,target_disjoint,11,14,-0.021313955783156313
curvature_shuffle_within_degree_bins,immune,seed42_main,target_disjoint,11,15,-0.04134765733717238
curvature_shuffle_within_degree_bins,immune,seed42_main,target_disjoint,11,16,-0.004612457430281713
curvature_shuffle_within_degree_bins,immune,seed42_main,target_disjoint,11,17,-0.036573270518224676
curvature_shuffle_within_degree_bins,immune,seed42_main,target_disjoint,11,18,-0.013257968697025002
curvature_shuffle_within_degree_bins,immune,seed42_main,target_disjoint,11,19,-0.019621287642257457
curvature_shuffle_within_degree_bins,immune,seed42_main,target_disjoint,11,20,0.011787953465541956
curvature_shuffle_within_degree_bins,immune,seed42_main,target_disjoint,11,21,-0.038215335725165334
curvature_shuffle_within_degree_bins,immune,seed42_main,target_disjoint,11,22,-0.005384152173143031
curvature_shuffle_within_degree_bins,immune,seed42_main,target_disjoint,11,23,-0.029822839128212708
curvature_shuffle_within_degree_bins,immune,seed43,source_disjoint,7,0,-0.01986146984468462
curvature_shuffle_within_degree_bins,immune,seed43,source_disjoint,7,1,-0.026575592110221202
curvature_shuffle_within_degree_bins,immune,seed43,source_disjoint,7,2,-0.00397708977055522
curvature_shuffle_within_degree_bins,immune,seed43,source_disjoint,7,3,-0.002353368365522246
curvature_shuffle_within_degree_bins,immune,seed43,source_disjoint,7,4,-0.02882961887079427
curvature_shuffle_within_degree_bins,immune,seed43,source_disjoint,7,5,-0.01458951363720451
curvature_shuffle_within_degree_bins,immune,seed43,source_disjoint,7,6,-0.006186584087530145
curvature_shuffle_within_degree_bins,immune,seed43,source_disjoint,7,7,-0.028233569241098655
curvature_shuffle_within_degree_bins,immune,seed43,source_disjoint,7,8,0.00031172710518556634
curvature_shuffle_within_degree_bins,immune,seed43,source_disjoint,7,9,-0.00401477106898418
curvature_shuffle_within_degree_bins,immune,seed43,source_disjoint,7,10,-0.020892567192606237
curvature_shuffle_within_degree_bins,immune,seed43,source_disjoint,7,11,-0.015648015565801976
curvature_shuffle_within_degree_bins,immune,seed43,source_disjoint,7,12,-0.006765505854303577
curvature_shuffle_within_degree_bins,immune,seed43,source_disjoint,7,13,0.001298292009509372
curvature_shuffle_within_degree_bins,immune,seed43,source_disjoint,7,14,-0.018655668294955574
curvature_shuffle_within_degree_bins,immune,seed43,source_disjoint,7,15,-0.027757414651859103
curvature_shuffle_within_degree_bins,immune,seed43,source_disjoint,7,16,0.01047197539068645
curvature_shuffle_within_degree_bins,immune,seed43,source_disjoint,7,17,-0.008755763525873372
curvature_shuffle_within_degree_bins,immune,seed43,source_disjoint,7,18,-0.007217681435451984
curvature_shuffle_within_degree_bins,immune,seed43,source_disjoint,7,19,-0.027490219990271347
curvature_shuffle_within_degree_bins,immune,seed43,source_disjoint,7,20,0.017508101479162153
curvature_shuffle_within_degree_bins,immune,seed43,source_disjoint,7,21,-0.02627414172278897
curvature_shuffle_within_degree_bins,immune,seed43,source_disjoint,7,22,-0.003103568761518516
curvature_shuffle_within_degree_bins,immune,seed43,source_disjoint,7,23,0.004785524900487115
curvature_shuffle_within_degree_bins,immune,seed43,source_disjoint,11,0,-0.09586807434862754
curvature_shuffle_within_degree_bins,immune,seed43,source_disjoint,11,1,-0.10688471578024283
curvature_shuffle_within_degree_bins,immune,seed43,source_disjoint,11,2,-0.06145819773775196
curvature_shuffle_within_degree_bins,immune,seed43,source_disjoint,11,3,-0.09307965826487918
curvature_shuffle_within_degree_bins,immune,seed43,source_disjoint,11,4,-0.15841902974082123
curvature_shuffle_within_degree_bins,immune,seed43,source_disjoint,11,5,-0.14463452566096435
curvature_shuffle_within_degree_bins,immune,seed43,source_disjoint,11,6,-0.11253348497201321
curvature_shuffle_within_degree_bins,immune,seed43,source_disjoint,11,7,-0.10545282643993947
curvature_shuffle_within_degree_bins,immune,seed43,source_disjoint,11,8,-0.07745219613458398
curvature_shuffle_within_degree_bins,immune,seed43,source_disjoint,11,9,-0.0604339515349992
curvature_shuffle_within_degree_bins,immune,seed43,source_disjoint,11,10,-0.07720898048108749
curvature_shuffle_within_degree_bins,immune,seed43,source_disjoint,11,11,-0.07494810257534557
curvature_shuffle_within_degree_bins,immune,seed43,source_disjoint,11,12,-0.047447605867320886
curvature_shuffle_within_degree_bins,immune,seed43,source_disjoint,11,13,-0.0992217099088113
curvature_shuffle_within_degree_bins,immune,seed43,source_disjoint,11,14,-0.0625201252389338
curvature_shuffle_within_degree_bins,immune,seed43,source_disjoint,11,15,-0.05769006789484865
curvature_shuffle_within_degree_bins,immune,seed43,source_disjoint,11,16,-0.10807681503963396
curvature_shuffle_within_degree_bins,immune,seed43,source_disjoint,11,17,-0.07616418084282794
curvature_shuffle_within_degree_bins,immune,seed43,source_disjoint,11,18,-0.08952048834962778
curvature_shuffle_within_degree_bins,immune,seed43,source_disjoint,11,19,-0.1182439144703038
curvature_shuffle_within_degree_bins,immune,seed43,source_disjoint,11,20,-0.14635416309836202
curvature_shuffle_within_degree_bins,immune,seed43,source_disjoint,11,21,-0.09434712012112834
curvature_shuffle_within_degree_bins,immune,seed43,source_disjoint,11,22,-0.07887038318454942
curvature_shuffle_within_degree_bins,immune,seed43,source_disjoint,11,23,-0.06816889443070417
curvature_shuffle_within_degree_bins,immune,seed43,target_disjoint,7,0,0.0187851683115553
curvature_shuffle_within_degree_bins,immune,seed43,target_disjoint,7,1,0.008855753104738184
curvature_shuffle_within_degree_bins,immune,seed43,target_disjoint,7,2,-0.0014367741025387293
curvature_shuffle_within_degree_bins,immune,seed43,target_disjoint,7,3,0.011324392244554504
curvature_shuffle_within_degree_bins,immune,seed43,target_disjoint,7,4,0.02862837707221999
curvature_shuffle_within_degree_bins,immune,seed43,target_disjoint,7,5,0.021413158760925866
curvature_shuffle_within_degree_bins,immune,seed43,target_disjoint,7,6,0.011601297798861987
curvature_shuffle_within_degree_bins,immune,seed43,target_disjoint,7,7,0.0029597546512295514
curvature_shuffle_within_degree_bins,immune,seed43,target_disjoint,7,8,0.015227193170359588
curvature_shuffle_within_degree_bins,immune,seed43,target_disjoint,7,9,0.016165014811834855
curvature_shuffle_within_degree_bins,immune,seed43,target_disjoint,7,10,0.009205803522447598
curvature_shuffle_within_degree_bins,immune,seed43,target_disjoint,7,11,0.010825439783491153
curvature_shuffle_within_degree_bins,immune,seed43,target_disjoint,7,12,0.01719426753256248
curvature_shuffle_within_degree_bins,immune,seed43,target_disjoint,7,13,-0.002257041499260759
curvature_shuffle_within_degree_bins,immune,seed43,target_disjoint,7,14,0.008061608873516701
curvature_shuffle_within_degree_bins,immune,seed43,target_disjoint,7,15,-0.003424746997142236
curvature_shuffle_within_degree_bins,immune,seed43,target_disjoint,7,16,0.01235364496528224
curvature_shuffle_within_degree_bins,immune,seed43,target_disjoint,7,17,0.012390217396983205
curvature_shuffle_within_degree_bins,immune,seed43,target_disjoint,7,18,0.012481648476235785
curvature_shuffle_within_degree_bins,immune,seed43,target_disjoint,7,19,0.01884263927565677
curvature_shuffle_within_degree_bins,immune,seed43,target_disjoint,7,20,0.004344282422766854
curvature_shuffle_within_degree_bins,immune,seed43,target_disjoint,7,21,0.01049890021473232
curvature_shuffle_within_degree_bins,immune,seed43,target_disjoint,7,22,0.003471768695043287
curvature_shuffle_within_degree_bins,immune,seed43,target_disjoint,7,23,-0.011713627410515182
curvature_shuffle_within_degree_bins,immune,seed43,target_disjoint,11,0,0.009158781824546547
curvature_shuffle_within_degree_bins,immune,seed43,target_disjoint,11,1,5.224633100153753e-05
curvature_shuffle_within_degree_bins,immune,seed43,target_disjoint,11,2,-0.03245803313462292
curvature_shuffle_within_degree_bins,immune,seed43,target_disjoint,11,3,-0.010543309596083517
curvature_shuffle_within_degree_bins,immune,seed43,target_disjoint,11,4,-0.008453456356027234
curvature_shuffle_within_degree_bins,immune,seed43,target_disjoint,11,5,-0.017883919101780887
curvature_shuffle_within_degree_bins,immune,seed43,target_disjoint,11,6,-0.014754363874796672
curvature_shuffle_within_degree_bins,immune,seed43,target_disjoint,11,7,-0.027680106164544416
curvature_shuffle_within_degree_bins,immune,seed43,target_disjoint,11,8,-0.026097042335201825
curvature_shuffle_within_degree_bins,immune,seed43,target_disjoint,11,9,-0.03247631935047346
curvature_shuffle_within_degree_bins,immune,seed43,target_disjoint,11,10,-0.026026509788349972
curvature_shuffle_within_degree_bins,immune,seed43,target_disjoint,11,11,0.0016980057575458618
curvature_shuffle_within_degree_bins,immune,seed43,target_disjoint,11,12,-0.013192198577854697
curvature_shuffle_within_degree_bins,immune,seed43,target_disjoint,11,13,-0.003615446105297071
curvature_shuffle_within_degree_bins,immune,seed43,target_disjoint,11,14,-0.009937252156467125
curvature_shuffle_within_degree_bins,immune,seed43,target_disjoint,11,15,-0.0033385405509895882
curvature_shuffle_within_degree_bins,immune,seed43,target_disjoint,11,16,-0.02340374397207945
curvature_shuffle_within_degree_bins,immune,seed43,target_disjoint,11,17,0.006363603115971284
curvature_shuffle_within_degree_bins,immune,seed43,target_disjoint,11,18,-0.02010438816934068
curvature_shuffle_within_degree_bins,immune,seed43,target_disjoint,11,19,0.00221524443445964
curvature_shuffle_within_degree_bins,immune,seed43,target_disjoint,11,20,0.005146263603638568
curvature_shuffle_within_degree_bins,immune,seed43,target_disjoint,11,21,-4.702169790105071e-05
curvature_shuffle_within_degree_bins,immune,seed43,target_disjoint,11,22,-0.0005198509934638551
curvature_shuffle_within_degree_bins,immune,seed43,target_disjoint,11,23,0.012852597426345924
curvature_shuffle_within_degree_bins,immune,seed44,source_disjoint,7,0,-0.01738805485149797
curvature_shuffle_within_degree_bins,immune,seed44,source_disjoint,7,1,-0.029118736595827643
curvature_shuffle_within_degree_bins,immune,seed44,source_disjoint,7,2,-0.03251121076233188
curvature_shuffle_within_degree_bins,immune,seed44,source_disjoint,7,3,-0.023851303048027628
curvature_shuffle_within_degree_bins,immune,seed44,source_disjoint,7,4,-0.024845648924416763
curvature_shuffle_within_degree_bins,immune,seed44,source_disjoint,7,5,-0.035910183921492145
curvature_shuffle_within_degree_bins,immune,seed44,source_disjoint,7,6,-0.01829141483070129
curvature_shuffle_within_degree_bins,immune,seed44,source_disjoint,7,7,-0.01596477545980368
curvature_shuffle_within_degree_bins,immune,seed44,source_disjoint,7,8,-0.021254955481900262
curvature_shuffle_within_degree_bins,immune,seed44,source_disjoint,7,9,-0.017215831546110394
curvature_shuffle_within_degree_bins,immune,seed44,source_disjoint,7,10,-0.012409826476896035
curvature_shuffle_within_degree_bins,immune,seed44,source_disjoint,7,11,-0.036482095275232274
curvature_shuffle_within_degree_bins,immune,seed44,source_disjoint,7,12,-0.019012803015532542
curvature_shuffle_within_degree_bins,immune,seed44,source_disjoint,7,13,-0.03224150256710201
curvature_shuffle_within_degree_bins,immune,seed44,source_disjoint,7,14,-0.019639955806849962
curvature_shuffle_within_degree_bins,immune,seed44,source_disjoint,7,15,-0.02798141288100342
curvature_shuffle_within_degree_bins,immune,seed44,source_disjoint,7,16,-0.01821017742249953
curvature_shuffle_within_degree_bins,immune,seed44,source_disjoint,7,17,-0.021115227139793302
curvature_shuffle_within_degree_bins,immune,seed44,source_disjoint,7,18,-0.023022681484369922
curvature_shuffle_within_degree_bins,immune,seed44,source_disjoint,7,19,-0.0363098719698447
curvature_shuffle_within_degree_bins,immune,seed44,source_disjoint,7,20,-0.03147462143367785
curvature_shuffle_within_degree_bins,immune,seed44,source_disjoint,7,21,-0.02731201663742122
curvature_shuffle_within_degree_bins,immune,seed44,source_disjoint,7,22,-0.03297913823357379
curvature_shuffle_within_degree_bins,immune,seed44,source_disjoint,7,23,-0.015789302658087978
curvature_shuffle_within_degree_bins,immune,seed44,source_disjoint,11,0,-0.04701696237083253
curvature_shuffle_within_degree_bins,immune,seed44,source_disjoint,11,1,-0.03626762851757981
curvature_shuffle_within_degree_bins,immune,seed44,source_disjoint,11,2,-0.06841489569116788
curvature_shuffle_within_degree_bins,immune,seed44,source_disjoint,11,3,-0.061412231104178705
curvature_shuffle_within_degree_bins,immune,seed44,source_disjoint,11,4,-0.04065444856047318
curvature_shuffle_within_degree_bins,immune,seed44,source_disjoint,11,5,-0.05731786573081177
curvature_shuffle_within_degree_bins,immune,seed44,source_disjoint,11,6,-0.05350945603431467
curvature_shuffle_within_degree_bins,immune,seed44,source_disjoint,11,7,-0.056596477545980406
curvature_shuffle_within_degree_bins,immune,seed44,source_disjoint,11,8,-0.032663937089751016
curvature_shuffle_within_degree_bins,immune,seed44,source_disjoint,11,9,-0.05592383180606997
curvature_shuffle_within_degree_bins,immune,seed44,source_disjoint,11,10,-0.047228179632156975
curvature_shuffle_within_degree_bins,immune,seed44,source_disjoint,11,11,-0.03105868590368488
curvature_shuffle_within_degree_bins,immune,seed44,source_disjoint,11,12,-0.038500032494963254
curvature_shuffle_within_degree_bins,immune,seed44,source_disjoint,11,13,-0.06201663742119967
curvature_shuffle_within_degree_bins,immune,seed44,source_disjoint,11,14,-0.030691492818613053
curvature_shuffle_within_degree_bins,immune,seed44,source_disjoint,11,15,-0.05287580425034122
curvature_shuffle_within_degree_bins,immune,seed44,source_disjoint,11,16,-0.023718073698576703
curvature_shuffle_within_degree_bins,immune,seed44,source_disjoint,11,17,-0.04478780788977699
curvature_shuffle_within_degree_bins,immune,seed44,source_disjoint,11,18,-0.03704425813998824
curvature_shuffle_within_degree_bins,immune,seed44,source_disjoint,11,19,-0.03957886527588228
curvature_shuffle_within_degree_bins,immune,seed44,source_disjoint,11,20,-0.03913693377526495
curvature_shuffle_within_degree_bins,immune,seed44,source_disjoint,11,21,-0.045349970754533064
curvature_shuffle_within_degree_bins,immune,seed44,source_disjoint,11,22,-0.04355624878143893
curvature_shuffle_within_degree_bins,immune,seed44,source_disjoint,11,23,-0.03062975238837984
curvature_shuffle_within_degree_bins,immune,seed44,target_disjoint,7,0,0.006519621625964089
curvature_shuffle_within_degree_bins,immune,seed44,target_disjoint,7,1,-0.0044434848971722785
curvature_shuffle_within_degree_bins,immune,seed44,target_disjoint,7,2,0.02413540327763497
curvature_shuffle_within_degree_bins,immune,seed44,target_disjoint,7,3,0.0024828285668381245
curvature_shuffle_within_degree_bins,immune,seed44,target_disjoint,7,4,0.007945553502570757
curvature_shuffle_within_degree_bins,immune,seed44,target_disjoint,7,5,-0.006722967544987135
curvature_shuffle_within_degree_bins,immune,seed44,target_disjoint,7,6,0.016491102988431927
curvature_shuffle_within_degree_bins,immune,seed44,target_disjoint,7,7,0.007466058804627362
curvature_shuffle_within_degree_bins,immune,seed44,target_disjoint,7,8,-0.012193223811053922
curvature_shuffle_within_degree_bins,immune,seed44,target_disjoint,7,9,0.0015288600578405864
curvature_shuffle_within_degree_bins,immune,seed44,target_disjoint,7,10,0.0006150586439588324
curvature_shuffle_within_degree_bins,immune,seed44,target_disjoint,7,11,0.03295710154241649
curvature_shuffle_within_degree_bins,immune,seed44,target_disjoint,7,12,0.014836720758354738
curvature_shuffle_within_degree_bins,immune,seed44,target_disjoint,7,13,0.003785748714652981
curvature_shuffle_within_degree_bins,immune,seed44,target_disjoint,7,14,-0.009002450192802103
curvature_shuffle_within_degree_bins,immune,seed44,target_disjoint,7,15,0.01225849534061696
curvature_shuffle_within_degree_bins,immune,seed44,target_disjoint,7,16,0.0006125482005141514
curvature_shuffle_within_degree_bins,immune,seed44,target_disjoint,7,17,0.0054125160668380135
curvature_shuffle_within_degree_bins,immune,seed44,target_disjoint,7,18,0.01156059206298199
curvature_shuffle_within_degree_bins,immune,seed44,target_disjoint,7,19,-0.012717906491002573
curvature_shuffle_within_degree_bins,immune,seed44,target_disjoint,7,20,-0.0062911712724935676
curvature_shuffle_within_degree_bins,immune,seed44,target_disjoint,7,21,0.01544926895886889
curvature_shuffle_within_degree_bins,immune,seed44,target_disjoint,7,22,-0.004674445694087481
curvature_shuffle_within_degree_bins,immune,seed44,target_disjoint,7,23,0.0023547959511568406
curvature_shuffle_within_degree_bins,immune,seed44,target_disjoint,11,0,-0.007237608451156841
curvature_shuffle_within_degree_bins,immune,seed44,target_disjoint,11,1,-0.01707352586760924
curvature_shuffle_within_degree_bins,immune,seed44,target_disjoint,11,2,0.004531350417737778
curvature_shuffle_within_degree_bins,immune,seed44,target_disjoint,11,3,0.0018175610539846732
curvature_shuffle_within_degree_bins,immune,seed44,target_disjoint,11,4,-0.01871033499357322
curvature_shuffle_within_degree_bins,immune,seed44,target_disjoint,11,5,-0.004242649421593803
curvature_shuffle_within_degree_bins,immune,seed44,target_disjoint,11,6,0.014942159383033338
curvature_shuffle_within_degree_bins,immune,seed44,target_disjoint,11,7,-0.015617468669665735
curvature_shuffle_within_degree_bins,immune,seed44,target_disjoint,11,8,0.0013656812339332136
curvature_shuffle_within_degree_bins,immune,seed44,target_disjoint,11,9,0.00107949068123403
curvature_shuffle_within_degree_bins,immune,seed44,target_disjoint,11,10,-0.011339673039845732
curvature_shuffle_within_degree_bins,immune,seed44,target_disjoint,11,11,0.018145485218509005
curvature_shuffle_within_degree_bins,immune,seed44,target_disjoint,11,12,0.0024376405848328675
curvature_shuffle_within_degree_bins,immune,seed44,target_disjoint,11,13,-0.005118794183804676
curvature_shuffle_within_degree_bins,immune,seed44,target_disjoint,11,14,-0.0013230036953727486
curvature_shuffle_within_degree_bins,immune,seed44,target_disjoint,11,15,-0.004684487467866316
curvature_shuffle_within_degree_bins,immune,seed44,target_disjoint,11,16,-0.0044334431233934435
curvature_shuffle_within_degree_bins,immune,seed44,target_disjoint,11,17,-0.011814146850899654
curvature_shuffle_within_degree_bins,immune,seed44,target_disjoint,11,18,-0.0032008153920308757
curvature_shuffle_within_degree_bins,immune,seed44,target_disjoint,11,19,-0.01832874758997427
curvature_shuffle_within_degree_bins,immune,seed44,target_disjoint,11,20,0.002794123553984562
curvature_shuffle_within_degree_bins,immune,seed44,target_disjoint,11,21,0.015037556233933214
curvature_shuffle_within_degree_bins,immune,seed44,target_disjoint,11,22,0.0014811616323907595
curvature_shuffle_within_degree_bins,immune,seed44,target_disjoint,11,23,0.012371465295629713
curvature_shuffle_within_degree_bins,lung,seed42_main,source_disjoint,7,0,-0.015190067150045006
curvature_shuffle_within_degree_bins,lung,seed42_main,source_disjoint,7,1,-0.02561649863212867
curvature_shuffle_within_degree_bins,lung,seed42_main,source_disjoint,7,2,-0.03299152493734575
curvature_shuffle_within_degree_bins,lung,seed42_main,source_disjoint,7,3,-0.026319565342159068
curvature_shuffle_within_degree_bins,lung,seed42_main,source_disjoint,7,4,-0.0006552390426812771
curvature_shuffle_within_degree_bins,lung,seed42_main,source_disjoint,7,5,-2.86966004093836e-05
curvature_shuffle_within_degree_bins,lung,seed42_main,source_disjoint,7,6,-0.0356411777084808
curvature_shuffle_within_degree_bins,lung,seed42_main,source_disjoint,7,7,-0.004180138126303357
curvature_shuffle_within_degree_bins,lung,seed42_main,source_disjoint,7,8,-0.01752884008341138
curvature_shuffle_within_degree_bins,lung,seed42_main,source_disjoint,7,9,-0.0249325629890379
curvature_shuffle_within_degree_bins,lung,seed42_main,source_disjoint,7,10,-0.0030274913431922457
curvature_shuffle_within_degree_bins,lung,seed42_main,source_disjoint,7,11,-0.014266993170209075
curvature_shuffle_within_degree_bins,lung,seed42_main,source_disjoint,7,12,-0.009862065007365417
curvature_shuffle_within_degree_bins,lung,seed42_main,source_disjoint,7,13,-0.002831397907061328
curvature_shuffle_within_degree_bins,lung,seed42_main,source_disjoint,7,14,-0.028184844368770445
curvature_shuffle_within_degree_bins,lung,seed42_main,source_disjoint,7,15,-0.0230720667291614
curvature_shuffle_within_degree_bins,lung,seed42_main,source_disjoint,7,16,-0.03141321191482849
curvature_shuffle_within_degree_bins,lung,seed42_main,source_disjoint,7,17,-0.0012913470184232612
curvature_shuffle_within_degree_bins,lung,seed42_main,source_disjoint,7,18,-0.03085362820684512
curvature_shuffle_within_degree_bins,lung,seed42_main,source_disjoint,7,19,-0.03856344818350521
curvature_shuffle_within_degree_bins,lung,seed42_main,source_disjoint,7,20,-0.03284325916856379
curvature_shuffle_within_degree_bins,lung,seed42_main,source_disjoint,7,21,-0.011665168066423037
curvature_shuffle_within_degree_bins,lung,seed42_main,source_disjoint,7,22,-0.022493351954238516
curvature_shuffle_within_degree_bins,lung,seed42_main,source_disjoint,7,23,-0.02145070880603006
curvature_shuffle_within_degree_bins,lung,seed42_main,source_disjoint,11,0,-0.02950488798760309
curvature_shuffle_within_degree_bins,lung,seed42_main,source_disjoint,11,1,0.01590748216028004
curvature_shuffle_within_degree_bins,lung,seed42_main,source_disjoint,11,2,-0.042064433433452564
curvature_shuffle_within_degree_bins,lung,seed42_main,source_disjoint,11,3,-0.016079661762736563
curvature_shuffle_within_degree_bins,lung,seed42_main,source_disjoint,11,4,-0.04544584951502739
curvature_shuffle_within_degree_bins,lung,seed42_main,source_disjoint,11,5,-0.03339806010981233
curvature_shuffle_within_degree_bins,lung,seed42_main,source_disjoint,11,6,-0.013755237129574716
curvature_shuffle_within_degree_bins,lung,seed42_main,source_disjoint,11,7,0.010053375676761567
curvature_shuffle_within_degree_bins,lung,seed42_main,source_disjoint,11,8,-0.021202004935815255
curvature_shuffle_within_degree_bins,lung,seed42_main,source_disjoint,11,9,-0.012009527271335863
curvature_shuffle_within_degree_bins,lung,seed42_main,source_disjoint,11,10,-0.029327925618411688
curvature_shuffle_within_degree_bins,lung,seed42_main,source_disjoint,11,11,-0.0146113523751219
curvature_shuffle_within_degree_bins,lung,seed42_main,source_disjoint,11,12,-0.02011631688699278
curvature_shuffle_within_degree_bins,lung,seed42_main,source_disjoint,11,13,-0.019088022038989072
curvature_shuffle_within_degree_bins,lung,seed42_main,source_disjoint,11,14,-0.0036492510187292604
curvature_shuffle_within_degree_bins,lung,seed42_main,source_disjoint,11,15,-0.01655793843622655
curvature_shuffle_within_degree_bins,lung,seed42_main,source_disjoint,11,16,-0.012789118249124765
curvature_shuffle_within_degree_bins,lung,seed42_main,source_disjoint,11,17,-1.913106693951505e-05
curvature_shuffle_within_degree_bins,lung,seed42_main,source_disjoint,11,18,-0.03293891450326186
curvature_shuffle_within_degree_bins,lung,seed42_main,source_disjoint,11,19,-0.01779667502056581
curvature_shuffle_within_degree_bins,lung,seed42_main,source_disjoint,11,20,-0.025678674599682427
curvature_shuffle_within_degree_bins,lung,seed42_main,source_disjoint,11,21,-0.021532015840523444
curvature_shuffle_within_degree_bins,lung,seed42_main,source_disjoint,11,22,-0.030322741099271133
curvature_shuffle_within_degree_bins,lung,seed42_main,source_disjoint,11,23,-0.01993935451780149
curvature_shuffle_within_degree_bins,lung,seed42_main,target_disjoint,7,0,0.02734024293636128
curvature_shuffle_within_degree_bins,lung,seed42_main,target_disjoint,7,1,0.019418405069976163
curvature_shuffle_within_degree_bins,lung,seed42_main,target_disjoint,7,2,0.03251254290995509
curvature_shuffle_within_degree_bins,lung,seed42_main,target_disjoint,7,3,0.020874042777924484
curvature_shuffle_within_degree_bins,lung,seed42_main,target_disjoint,7,4,0.01817071560602057
curvature_shuffle_within_degree_bins,lung,seed42_main,target_disjoint,7,5,0.030650911011354642
curvature_shuffle_within_degree_bins,lung,seed42_main,target_disjoint,7,6,-0.0032017428043306095
curvature_shuffle_within_degree_bins,lung,seed42_main,target_disjoint,7,7,0.04534922101927641
curvature_shuffle_within_degree_bins,lung,seed42_main,target_disjoint,7,8,0.03393187219434912
curvature_shuffle_within_degree_bins,lung,seed42_main,target_disjoint,7,9,0.007472933720623298
curvature_shuffle_within_degree_bins,lung,seed42_main,target_disjoint,7,10,0.014777528386585637
curvature_shuffle_within_degree_bins,lung,seed42_main,target_disjoint,7,11,0.024356350673356286
curvature_shuffle_within_degree_bins,lung,seed42_main,target_disjoint,7,12,0.03530499075785587
curvature_shuffle_within_degree_bins,lung,seed42_main,target_disjoint,7,13,0.019052020068656028
curvature_shuffle_within_degree_bins,lung,seed42_main,target_disjoint,7,14,0.024306839186691298
curvature_shuffle_within_degree_bins,lung,seed42_main,target_disjoint,7,15,0.009360971745444924
curvature_shuffle_within_degree_bins,lung,seed42_main,target_disjoint,7,16,0.010648270398732507
curvature_shuffle_within_degree_bins,lung,seed42_main,target_disjoint,7,17,0.037721151307103296
curvature_shuffle_within_degree_bins,lung,seed42_main,target_disjoint,7,18,0.036480063374703
curvature_shuffle_within_degree_bins,lung,seed42_main,target_disjoint,7,19,0.03817335621864282
curvature_shuffle_within_degree_bins,lung,seed42_main,target_disjoint,7,20,0.027095986268814376
curvature_shuffle_within_degree_bins,lung,seed42_main,target_disjoint,7,21,0.05525811988381302
curvature_shuffle_within_degree_bins,lung,seed42_main,target_disjoint,7,22,0.019920121468180674
curvature_shuffle_within_degree_bins,lung,seed42_main,target_disjoint,7,23,0.021210720887245738
curvature_shuffle_within_degree_bins,lung,seed42_main,target_disjoint,11,0,0.07496039081066808
curvature_shuffle_within_degree_bins,lung,seed42_main,target_disjoint,11,1,0.0669659360971745
curvature_shuffle_within_degree_bins,lung,seed42_main,target_disjoint,11,2,0.06278386585687878
curvature_shuffle_within_degree_bins,lung,seed42_main,target_disjoint,11,3,0.07683522577237922
curvature_shuffle_within_degree_bins,lung,seed42_main,target_disjoint,11,4,0.06511090573012945
curvature_shuffle_within_degree_bins,lung,seed42_main,target_disjoint,11,5,0.07183456561922374
curvature_shuffle_within_degree_bins,lung,seed42_main,target_disjoint,11,6,0.06628597834697647
curvature_shuffle_within_degree_bins,lung,seed42_main,target_disjoint,11,7,0.06538486928967524
curvature_shuffle_within_degree_bins,lung,seed42_main,target_disjoint,11,8,0.05282215473989971
curvature_shuffle_within_degree_bins,lung,seed42_main,target_disjoint,11,9,0.052795748613678306
curvature_shuffle_within_degree_bins,lung,seed42_main,target_disjoint,11,10,0.06881106416688665
curvature_shuffle_within_degree_bins,lung,seed42_main,target_disjoint,11,11,0.07644573541061517
curvature_shuffle_within_degree_bins,lung,seed42_main,target_disjoint,11,12,0.07918867177185107
curvature_shuffle_within_degree_bins,lung,seed42_main,target_disjoint,11,13,0.07500660153155536
curvature_shuffle_within_degree_bins,lung,seed42_main,target_disjoint,11,14,0.07112160021124903
curvature_shuffle_within_degree_bins,lung,seed42_main,target_disjoint,11,15,0.08002046474782143
curvature_shuffle_within_degree_bins,lung,seed42_main,target_disjoint,11,16,0.07573277000264056
curvature_shuffle_within_degree_bins,lung,seed42_main,target_disjoint,11,17,0.06255281225244258
curvature_shuffle_within_degree_bins,lung,seed42_main,target_disjoint,11,18,0.06904211777132296
curvature_shuffle_within_degree_bins,lung,seed42_main,target_disjoint,11,19,0.07725772379191975
curvature_shuffle_within_degree_bins,lung,seed42_main,target_disjoint,11,20,0.0555683918669132
curvature_shuffle_within_degree_bins,lung,seed42_main,target_disjoint,11,21,0.07206891998943754
curvature_shuffle_within_degree_bins,lung,seed42_main,target_disjoint,11,22,0.06165500396091894
curvature_shuffle_within_degree_bins,lung,seed42_main,target_disjoint,11,23,0.07693094797993139
curvature_shuffle_within_degree_bins,lung,seed43,source_disjoint,7,0,-0.0012224425325984
curvature_shuffle_within_degree_bins,lung,seed43,source_disjoint,7,1,-0.019445658018550915
curvature_shuffle_within_degree_bins,lung,seed43,source_disjoint,7,2,-0.015152406237397442
curvature_shuffle_within_degree_bins,lung,seed43,source_disjoint,7,3,-0.011140610297082909
curvature_shuffle_within_degree_bins,lung,seed43,source_disjoint,7,4,0.021096585562575654
curvature_shuffle_within_degree_bins,lung,seed43,source_disjoint,7,5,0.006154220997446003
curvature_shuffle_within_degree_bins,lung,seed43,source_disjoint,7,6,-0.014316440381771711
curvature_shuffle_within_degree_bins,lung,seed43,source_disjoint,7,7,0.02246185643231624
curvature_shuffle_within_degree_bins,lung,seed43,source_disjoint,7,8,0.01656388627503702
curvature_shuffle_within_degree_bins,lung,seed43,source_disjoint,7,9,-0.005561903481650754
curvature_shuffle_within_degree_bins,lung,seed43,source_disjoint,7,10,-0.02259628310256745
curvature_shuffle_within_degree_bins,lung,seed43,source_disjoint,7,11,-0.008498286059954285
curvature_shuffle_within_degree_bins,lung,seed43,source_disjoint,7,12,-0.0013442667025136412
curvature_shuffle_within_degree_bins,lung,seed43,source_disjoint,7,13,-0.0033060559214946883
curvature_shuffle_within_degree_bins,lung,seed43,source_disjoint,7,14,-0.011959772818927128
curvature_shuffle_within_degree_bins,lung,seed43,source_disjoint,7,15,0.008880561903481743
curvature_shuffle_within_degree_bins,lung,seed43,source_disjoint,7,16,-0.0063054510014786125
curvature_shuffle_within_degree_bins,lung,seed43,source_disjoint,7,17,-0.02495295066541192
curvature_shuffle_within_degree_bins,lung,seed43,source_disjoint,7,18,0.0012308441994892672
curvature_shuffle_within_degree_bins,lung,seed43,source_disjoint,7,19,-0.005242640139803689
curvature_shuffle_within_degree_bins,lung,seed43,source_disjoint,7,20,-0.01348047452614587
curvature_shuffle_within_degree_bins,lung,seed43,source_disjoint,7,21,0.004499092619975831
curvature_shuffle_within_degree_bins,lung,seed43,source_disjoint,7,22,-0.0019281825514181339
curvature_shuffle_within_degree_bins,lung,seed43,source_disjoint,7,23,-0.02423880897970143
curvature_shuffle_within_degree_bins,lung,seed43,source_disjoint,11,0,0.014047587041269072
curvature_shuffle_within_degree_bins,lung,seed43,source_disjoint,11,1,-0.0005671125151230916
curvature_shuffle_within_degree_bins,lung,seed43,source_disjoint,11,2,0.013631704530178701
curvature_shuffle_within_degree_bins,lung,seed43,source_disjoint,11,3,0.005960982658959502
curvature_shuffle_within_degree_bins,lung,seed43,source_disjoint,11,4,0.006423074337948642
curvature_shuffle_within_degree_bins,lung,seed43,source_disjoint,11,5,0.05661463234305686
curvature_shuffle_within_degree_bins,lung,seed43,source_disjoint,11,6,-0.0005965183492405712
curvature_shuffle_within_degree_bins,lung,seed43,source_disjoint,11,7,0.004851962629385587
curvature_shuffle_within_degree_bins,lung,seed43,source_disjoint,11,8,0.014371051216561348
curvature_shuffle_within_degree_bins,lung,seed43,source_disjoint,11,9,0.019000369673343176
curvature_shuffle_within_degree_bins,lung,seed43,source_disjoint,11,10,0.0075068893668504
curvature_shuffle_within_degree_bins,lung,seed43,source_disjoint,11,11,0.04775087377335663
curvature_shuffle_within_degree_bins,lung,seed43,source_disjoint,11,12,0.006607911009544276
curvature_shuffle_within_degree_bins,lung,seed43,source_disjoint,11,13,-0.005658522650893838
curvature_shuffle_within_degree_bins,lung,seed43,source_disjoint,11,14,0.019025574674015333
curvature_shuffle_within_degree_bins,lung,seed43,source_disjoint,11,15,0.019248218846619203
curvature_shuffle_within_degree_bins,lung,seed43,source_disjoint,11,16,0.016093392929157124
curvature_shuffle_within_degree_bins,lung,seed43,source_disjoint,11,17,0.018088788815701085
curvature_shuffle_within_degree_bins,lung,seed43,source_disjoint,11,18,0.021289823901061933
curvature_shuffle_within_degree_bins,lung,seed43,source_disjoint,11,19,0.026566070708428535
curvature_shuffle_within_degree_bins,lung,seed43,source_disjoint,11,20,0.033119370883183175
curvature_shuffle_within_degree_bins,lung,seed43,source_disjoint,11,21,0.018391248823766637
curvature_shuffle_within_degree_bins,lung,seed43,source_disjoint,11,22,0.0009703925258771617
curvature_shuffle_within_degree_bins,lung,seed43,source_disjoint,11,23,0.0005419075144508234
curvature_shuffle_within_degree_bins,lung,seed43,target_disjoint,7,0,0.01778093883357046
curvature_shuffle_within_degree_bins,lung,seed43,target_disjoint,7,1,0.016431038987430036
curvature_shuffle_within_degree_bins,lung,seed43,target_disjoint,7,2,0.0024784451476181912
curvature_shuffle_within_degree_bins,lung,seed43,target_disjoint,7,3,0.006582576131448414
curvature_shuffle_within_degree_bins,lung,seed43,target_disjoint,7,4,0.0027034284553082433
curvature_shuffle_within_degree_bins,lung,seed43,target_disjoint,7,5,0.00032295990942610153
curvature_shuffle_within_degree_bins,lung,seed43,target_disjoint,7,6,0.01555287833483332
curvature_shuffle_within_degree_bins,lung,seed43,target_disjoint,7,7,0.01994368159781701
curvature_shuffle_within_degree_bins,lung,seed43,target_disjoint,7,8,0.009198914274102243
curvature_shuffle_within_degree_bins,lung,seed43,target_disjoint,7,9,0.007830870612825502
curvature_shuffle_within_degree_bins,lung,seed43,target_disjoint,7,10,0.013658664034604029
curvature_shuffle_within_degree_bins,lung,seed43,target_disjoint,7,11,0.021649200220628773
curvature_shuffle_within_degree_bins,lung,seed43,target_disjoint,7,12,-0.0071958370830550455
curvature_shuffle_within_degree_bins,lung,seed43,target_disjoint,7,13,0.012998229163642683
curvature_shuffle_within_degree_bins,lung,seed43,target_disjoint,7,14,0.008469532905623134
curvature_shuffle_within_degree_bins,lung,seed43,target_disjoint,7,15,0.015806891746741436
curvature_shuffle_within_degree_bins,lung,seed43,target_disjoint,7,16,-0.007471623073126765
curvature_shuffle_within_degree_bins,lung,seed43,target_disjoint,7,17,-0.007126890585537171
curvature_shuffle_within_degree_bins,lung,seed43,target_disjoint,7,18,-0.021536708566783802
curvature_shuffle_within_degree_bins,lung,seed43,target_disjoint,7,19,-0.004525067494992263
curvature_shuffle_within_degree_bins,lung,seed43,target_disjoint,7,20,0.005682642900688095
curvature_shuffle_within_degree_bins,lung,seed43,target_disjoint,7,21,-0.0011684616947774673
curvature_shuffle_within_degree_bins,lung,seed43,target_disjoint,7,22,-0.01005893111156253
curvature_shuffle_within_degree_bins,lung,seed43,target_disjoint,7,23,0.011256422910558395
curvature_shuffle_within_degree_bins,lung,seed43,target_disjoint,11,0,0.014711005312509129
curvature_shuffle_within_degree_bins,lung,seed43,target_disjoint,11,1,0.029425639388045433
curvature_shuffle_within_degree_bins,lung,seed43,target_disjoint,11,2,-0.0006640636339884098
curvature_shuffle_within_degree_bins,lung,seed43,target_disjoint,11,3,0.032524603013324827
curvature_shuffle_within_degree_bins,lung,seed43,target_disjoint,11,4,0.017842627805033873
curvature_shuffle_within_degree_bins,lung,seed43,target_disjoint,11,5,0.004434348419310896
curvature_shuffle_within_degree_bins,lung,seed43,target_disjoint,11,6,0.021718146718146758
curvature_shuffle_within_degree_bins,lung,seed43,target_disjoint,11,7,0.034995790634888446
curvature_shuffle_within_degree_bins,lung,seed43,target_disjoint,11,8,0.023859116904229816
curvature_shuffle_within_degree_bins,lung,seed43,target_disjoint,11,9,0.02341640781490406
curvature_shuffle_within_degree_bins,lung,seed43,target_disjoint,11,10,0.033878131622492536
curvature_shuffle_within_degree_bins,lung,seed43,target_disjoint,11,11,-0.003795686126513209
curvature_shuffle_within_degree_bins,lung,seed43,target_disjoint,11,12,-0.0001306354689812883
curvature_shuffle_within_degree_bins,lung,seed43,target_disjoint,11,13,0.006422910558248951
curvature_shuffle_within_degree_bins,lung,seed43,target_disjoint,11,14,0.03174441896246405
curvature_shuffle_within_degree_bins,lung,seed43,target_disjoint,11,15,0.0115757540569571
curvature_shuffle_within_degree_bins,lung,seed43,target_disjoint,11,16,0.03475629227508925
curvature_shuffle_within_degree_bins,lung,seed43,target_disjoint,11,17,0.01757772810404401
curvature_shuffle_within_degree_bins,lung,seed43,target_disjoint,11,18,0.03881687810259238
curvature_shuffle_within_degree_bins,lung,seed43,target_disjoint,11,19,0.02064766162510523
curvature_shuffle_within_degree_bins,lung,seed43,target_disjoint,11,20,0.012254332743054652
curvature_shuffle_within_degree_bins,lung,seed43,target_disjoint,11,21,-0.0054213719627252965
curvature_shuffle_within_degree_bins,lung,seed43,target_disjoint,11,22,0.00693456614509258
curvature_shuffle_within_degree_bins,lung,seed43,target_disjoint,11,23,0.009006589833657541
curvature_shuffle_within_degree_bins,lung,seed44,source_disjoint,7,0,0.0025828322369749745
curvature_shuffle_within_degree_bins,lung,seed44,source_disjoint,7,1,-0.005411840671536328
curvature_shuffle_within_degree_bins,lung,seed44,source_disjoint,7,2,-0.016380806327939035
curvature_shuffle_within_degree_bins,lung,seed44,source_disjoint,7,3,0.005407804996166221
curvature_shuffle_within_degree_bins,lung,seed44,source_disjoint,7,4,0.0058799790144881126
curvature_shuffle_within_degree_bins,lung,seed44,source_disjoint,7,5,0.004293958593970859
curvature_shuffle_within_degree_bins,lung,seed44,source_disjoint,7,6,-0.010508898664191357
curvature_shuffle_within_degree_bins,lung,seed44,source_disjoint,7,7,-0.007873602647403
curvature_shuffle_within_degree_bins,lung,seed44,source_disjoint,7,8,-0.010593647846967147
curvature_shuffle_within_degree_bins,lung,seed44,source_disjoint,7,9,0.002235764155131492
curvature_shuffle_within_degree_bins,lung,seed44,source_disjoint,7,10,-0.013931151378183126
curvature_shuffle_within_degree_bins,lung,seed44,source_disjoint,7,11,0.0014528431332984093
curvature_shuffle_within_degree_bins,lung,seed44,source_disjoint,7,12,-0.019298599620646395
curvature_shuffle_within_degree_bins,lung,seed44,source_disjoint,7,13,-0.00277654465474797
curvature_shuffle_within_degree_bins,lung,seed44,source_disjoint,7,14,-0.005742766051898718
curvature_shuffle_within_degree_bins,lung,seed44,source_disjoint,7,15,0.01527099560111389
curvature_shuffle_within_degree_bins,lung,seed44,source_disjoint,7,16,-0.012345130957665762
curvature_shuffle_within_degree_bins,lung,seed44,source_disjoint,7,17,-0.01485532103797571
curvature_shuffle_within_degree_bins,lung,seed44,source_disjoint,7,18,-0.013668832479115323
curvature_shuffle_within_degree_bins,lung,seed44,source_disjoint,7,19,0.014052221639291429
curvature_shuffle_within_degree_bins,lung,seed44,source_disjoint,7,20,-0.0024456192743854688
curvature_shuffle_within_degree_bins,lung,seed44,source_disjoint,7,21,-0.013757617337261219
curvature_shuffle_within_degree_bins,lung,seed44,source_disjoint,7,22,-0.015440493966665247
curvature_shuffle_within_degree_bins,lung,seed44,source_disjoint,7,23,-0.0035554300012107243
curvature_shuffle_within_degree_bins,lung,seed44,source_disjoint,11,0,0.013656725453004559
curvature_shuffle_within_degree_bins,lung,seed44,source_disjoint,11,1,-0.009604907381250305
curvature_shuffle_within_degree_bins,lung,seed44,source_disjoint,11,2,0.004794382339884495
curvature_shuffle_within_degree_bins,lung,seed44,source_disjoint,11,3,-0.02105008273134512
curvature_shuffle_within_degree_bins,lung,seed44,source_disjoint,11,4,-0.00393881916138672
curvature_shuffle_within_degree_bins,lung,seed44,source_disjoint,11,5,0.010032688970499137
curvature_shuffle_within_degree_bins,lung,seed44,source_disjoint,11,6,-0.005419912022276985
curvature_shuffle_within_degree_bins,lung,seed44,source_disjoint,11,7,0.02069494329876098
curvature_shuffle_within_degree_bins,lung,seed44,source_disjoint,11,8,-0.005722587675047408
curvature_shuffle_within_degree_bins,lung,seed44,source_disjoint,11,9,0.010113402477904598
curvature_shuffle_within_degree_bins,lung,seed44,source_disjoint,11,10,-0.01717583437588288
curvature_shuffle_within_degree_bins,lung,seed44,source_disjoint,11,11,-0.016937729529036716
curvature_shuffle_within_degree_bins,lung,seed44,source_disjoint,11,12,0.00493159530247389
curvature_shuffle_within_degree_bins,lung,seed44,source_disjoint,11,13,0.02620767585455419
curvature_shuffle_within_degree_bins,lung,seed44,source_disjoint,11,14,-0.013067516848944805
curvature_shuffle_within_degree_bins,lung,seed44,source_disjoint,11,15,0.0016949836555147924
curvature_shuffle_within_degree_bins,lung,seed44,source_disjoint,11,16,-0.002514225755680388
curvature_shuffle_within_degree_bins,lung,seed44,source_disjoint,11,17,0.0021510149723555916
curvature_shuffle_within_degree_bins,lung,seed44,source_disjoint,11,18,-0.01798700512530771
curvature_shuffle_within_degree_bins,lung,seed44,source_disjoint,11,19,-0.009786512772912537
curvature_shuffle_within_degree_bins,lung,seed44,source_disjoint,11,20,0.016703660357560768
curvature_shuffle_within_degree_bins,lung,seed44,source_disjoint,11,21,-0.017131441946809822
curvature_shuffle_within_degree_bins,lung,seed44,source_disjoint,11,22,-0.01025465111586421
curvature_shuffle_within_degree_bins,lung,seed44,source_disjoint,11,23,0.006259332499293779
curvature_shuffle_within_degree_bins,lung,seed44,target_disjoint,7,0,-0.05025468111055309
curvature_shuffle_within_degree_bins,lung,seed44,target_disjoint,7,1,-0.01722505201233948
curvature_shuffle_within_degree_bins,lung,seed44,target_disjoint,7,2,-0.030134873376856275
curvature_shuffle_within_degree_bins,lung,seed44,target_disjoint,7,3,-0.04456560728890169
curvature_shuffle_within_degree_bins,lung,seed44,target_disjoint,7,4,-0.035856230719563786
curvature_shuffle_within_degree_bins,lung,seed44,target_disjoint,7,5,-0.032706793887653296
curvature_shuffle_within_degree_bins,lung,seed44,target_disjoint,7,6,-0.04368319104670343
curvature_shuffle_within_degree_bins,lung,seed44,target_disjoint,7,7,-0.045343998852141465
curvature_shuffle_within_degree_bins,lung,seed44,target_disjoint,7,8,-0.02853504555563524
curvature_shuffle_within_degree_bins,lung,seed44,target_disjoint,7,9,-0.046441638568046506
curvature_shuffle_within_degree_bins,lung,seed44,target_disjoint,7,10,-0.0443539708730899
curvature_shuffle_within_degree_bins,lung,seed44,target_disjoint,7,11,-0.04185737857809019
curvature_shuffle_within_degree_bins,lung,seed44,target_disjoint,7,12,-0.028804074897768872
curvature_shuffle_within_degree_bins,lung,seed44,target_disjoint,7,13,-0.03937872157256622
curvature_shuffle_within_degree_bins,lung,seed44,target_disjoint,7,14,-0.05392424133725521
curvature_shuffle_within_degree_bins,lung,seed44,target_disjoint,7,15,-0.026461726092259108
curvature_shuffle_within_degree_bins,lung,seed44,target_disjoint,7,16,-0.04995336824736352
curvature_shuffle_within_degree_bins,lung,seed44,target_disjoint,7,17,-0.05177200660018649
curvature_shuffle_within_degree_bins,lung,seed44,target_disjoint,7,18,-0.0337183442140756
curvature_shuffle_within_degree_bins,lung,seed44,target_disjoint,7,19,-0.0346330439773298
curvature_shuffle_within_degree_bins,lung,seed44,target_disjoint,7,20,-0.02806872802927035
curvature_shuffle_within_degree_bins,lung,seed44,target_disjoint,7,21,-0.05522634335318177
curvature_shuffle_within_degree_bins,lung,seed44,target_disjoint,7,22,-0.04212640792022376
curvature_shuffle_within_degree_bins,lung,seed44,target_disjoint,7,23,-0.020091111270535866
curvature_shuffle_within_degree_bins,lung,seed44,target_disjoint,11,0,0.01850563168089525
curvature_shuffle_within_degree_bins,lung,seed44,target_disjoint,11,1,0.008045770858741585
curvature_shuffle_within_degree_bins,lung,seed44,target_disjoint,11,2,0.03937872157256617
curvature_shuffle_within_degree_bins,lung,seed44,target_disjoint,11,3,0.019714470191548816
curvature_shuffle_within_degree_bins,lung,seed44,target_disjoint,11,4,0.03620417533538989
curvature_shuffle_within_degree_bins,lung,seed44,target_disjoint,11,5,0.02542506636057107
curvature_shuffle_within_degree_bins,lung,seed44,target_disjoint,11,6,0.04725590071023744
curvature_shuffle_within_degree_bins,lung,seed44,target_disjoint,11,7,0.027415883492359572
curvature_shuffle_within_degree_bins,lung,seed44,target_disjoint,11,8,0.0512088385106535
curvature_shuffle_within_degree_bins,lung,seed44,target_disjoint,11,9,0.03417748762465023
curvature_shuffle_within_degree_bins,lung,seed44,target_disjoint,11,10,0.030464882703206797
curvature_shuffle_within_degree_bins,lung,seed44,target_disjoint,11,11,0.03826673362508071
curvature_shuffle_within_degree_bins,lung,seed44,target_disjoint,11,12,0.028219384460865138
curvature_shuffle_within_degree_bins,lung,seed44,target_disjoint,11,13,0.013637994117224994
curvature_shuffle_within_degree_bins,lung,seed44,target_disjoint,11,14,0.04769710883133649
curvature_shuffle_within_degree_bins,lung,seed44,target_disjoint,11,15,0.03575579309850063
curvature_shuffle_within_degree_bins,lung,seed44,target_disjoint,11,16,0.03590644953009536
curvature_shuffle_within_degree_bins,lung,seed44,target_disjoint,11,17,0.03095272257694237
curvature_shuffle_within_degree_bins,lung,seed44,target_disjoint,11,18,0.047015567831264815
curvature_shuffle_within_degree_bins,lung,seed44,target_disjoint,11,19,0.017128201449171376
curvature_shuffle_within_degree_bins,lung,seed44,target_disjoint,11,20,0.03563742018796179
curvature_shuffle_within_degree_bins,lung,seed44,target_disjoint,11,21,0.019599684338905243
curvature_shuffle_within_degree_bins,lung,seed44,target_disjoint,11,22,0.023509577444579932
curvature_shuffle_within_degree_bins,lung,seed44,target_disjoint,11,23,0.03877250878829186
label_permutation,external_lung,seed42_main,source_disjoint,7,0,-0.0174059718633362
label_permutation,external_lung,seed42_main,source_disjoint,7,1,-0.00453542204995705
label_permutation,external_lung,seed42_main,source_disjoint,7,2,-0.023282730404823426
label_permutation,external_lung,seed42_main,source_disjoint,7,3,-0.01301859029572211
label_permutation,external_lung,seed42_main,source_disjoint,7,4,-0.015472473442434631
label_permutation,external_lung,seed42_main,source_disjoint,7,5,-0.00645097616996837
label_permutation,external_lung,seed42_main,source_disjoint,7,6,0.005302540913006026
label_permutation,external_lung,seed42_main,source_disjoint,7,7,0.0008119796152741277
label_permutation,external_lung,seed42_main,source_disjoint,7,8,0.006231158484065524
label_permutation,external_lung,seed42_main,source_disjoint,7,9,0.006576586276198615
label_permutation,external_lung,seed42_main,source_disjoint,7,10,-0.006522753373528534
label_permutation,external_lung,seed42_main,source_disjoint,7,11,-0.023520492391616354
label_permutation,external_lung,seed42_main,source_disjoint,7,12,0.015144989951191512
label_permutation,external_lung,seed42_main,source_disjoint,7,13,-0.015916594889463065
label_permutation,external_lung,seed42_main,source_disjoint,7,14,0.016136412575366077
label_permutation,external_lung,seed42_main,source_disjoint,7,15,-0.002121913580246826
label_permutation,external_lung,seed42_main,source_disjoint,7,16,0.01814617427505022
label_permutation,external_lung,seed42_main,source_disjoint,7,17,0.019160027275337388
label_permutation,external_lung,seed42_main,source_disjoint,7,18,0.009523937697387241
label_permutation,external_lung,seed42_main,source_disjoint,7,19,0.005858814240597199
label_permutation,external_lung,seed42_main,source_disjoint,7,20,0.016966336491530287
label_permutation,external_lung,seed42_main,source_disjoint,7,21,0.014144595176571961
label_permutation,external_lung,seed42_main,source_disjoint,7,22,0.003543999425782429
label_permutation,external_lung,seed42_main,source_disjoint,7,23,-0.011134438702268157
label_permutation,external_lung,seed42_main,source_disjoint,11,0,0.03190945305770887
label_permutation,external_lung,seed42_main,source_disjoint,11,1,-0.006410601492965795
label_permutation,external_lung,seed42_main,source_disjoint,11,2,0.0059261053689347865
label_permutation,external_lung,seed42_main,source_disjoint,11,3,0.010578165374676984
label_permutation,external_lung,seed42_main,source_disjoint,11,4,0.010021892047085812
label_permutation,external_lung,seed42_main,source_disjoint,11,5,0.011811836060866998
label_permutation,external_lung,seed42_main,source_disjoint,11,6,0.002700617283950546
label_permutation,external_lung,seed42_main,source_disjoint,11,7,-0.029500430663221333
label_permutation,external_lung,seed42_main,source_disjoint,11,8,0.017885981912144744
label_permutation,external_lung,seed42_main,source_disjoint,11,9,0.011717628481194287
label_permutation,external_lung,seed42_main,source_disjoint,11,10,0.0031626830318690624
label_permutation,external_lung,seed42_main,source_disjoint,11,11,0.05180968274476033
label_permutation,external_lung,seed42_main,source_disjoint,11,12,0.008559431524547745
label_permutation,external_lung,seed42_main,source_disjoint,11,13,-0.02856732701693937
label_permutation,external_lung,seed42_main,source_disjoint,11,14,0.016975308641975273
label_permutation,external_lung,seed42_main,source_disjoint,11,15,-0.0017495693367787224
label_permutation,external_lung,seed42_main,source_disjoint,11,16,0.0026243540051679726
label_permutation,external_lung,seed42_main,source_disjoint,11,17,-0.02934790410565602
label_permutation,external_lung,seed42_main,source_disjoint,11,18,0.03180627332759123
label_permutation,external_lung,seed42_main,source_disjoint,11,19,0.018617212173413722
label_permutation,external_lung,seed42_main,source_disjoint,11,20,0.028235357450473675
label_permutation,external_lung,seed42_main,source_disjoint,11,21,0.0046879486075221966
label_permutation,external_lung,seed42_main,source_disjoint,11,22,0.010479471719781808
label_permutation,external_lung,seed42_main,source_disjoint,11,23,0.015153962101636553
label_permutation,external_lung,seed42_main,target_disjoint,7,0,-0.003942577214261389
label_permutation,external_lung,seed42_main,target_disjoint,7,1,0.014284965813533113
label_permutation,external_lung,seed42_main,target_disjoint,7,2,-0.024965289602598695
label_permutation,external_lung,seed42_main,target_disjoint,7,3,-0.019333036439368123
label_permutation,external_lung,seed42_main,target_disjoint,7,4,-0.019946035155738395
label_permutation,external_lung,seed42_main,target_disjoint,7,5,-0.013792471118329708
label_permutation,external_lung,seed42_main,target_disjoint,7,6,0.00439577711995387
label_permutation,external_lung,seed42_main,target_disjoint,7,7,-0.0004820160846671917
label_permutation,external_lung,seed42_main,target_disjoint,7,8,-0.0015377360961935649
label_permutation,external_lung,seed42_main,target_disjoint,7,9,-0.0068425326801666575
label_permutation,external_lung,seed42_main,target_disjoint,7,10,-0.011757001021664437
label_permutation,external_lung,seed42_main,target_disjoint,7,11,-0.01121473292641395
label_permutation,external_lung,seed42_main,target_disjoint,7,12,-0.0009561732114320987
label_permutation,external_lung,seed42_main,target_disjoint,7,13,-0.010258559714981796
label_permutation,external_lung,seed42_main,target_disjoint,7,14,-0.020805281219710203
label_permutation,external_lung,seed42_main,target_disjoint,7,15,-0.023000550127053043
label_permutation,external_lung,seed42_main,target_disjoint,7,16,-0.002352448065386481
label_permutation,external_lung,seed42_main,target_disjoint,7,17,-0.029934770649411913
label_permutation,external_lung,seed42_main,target_disjoint,7,18,-0.01932779713409999
label_permutation,external_lung,seed42_main,target_disjoint,7,19,-0.010926571136667285
label_permutation,external_lung,seed42_main,target_disjoint,7,20,0.0017289707384802178
label_permutation,external_lung,seed42_main,target_disjoint,7,21,-0.02447541456002933
label_permutation,external_lung,seed42_main,target_disjoint,7,22,-0.00800565844968959
label_permutation,external_lung,seed42_main,target_disjoint,7,23,0.004306708930395864
label_permutation,external_lung,seed42_main,target_disjoint,11,0,-0.04668482959159609
label_permutation,external_lung,seed42_main,target_disjoint,11,1,-0.022733345558379026
label_permutation,external_lung,seed42_main,target_disjoint,11,2,-0.03754486155135833
label_permutation,external_lung,seed42_main,target_disjoint,11,3,-0.016747439289550248
label_permutation,external_lung,seed42_main,target_disjoint,11,4,-0.050551436879469835
label_permutation,external_lung,seed42_main,target_disjoint,11,5,-0.04150577633405805
label_permutation,external_lung,seed42_main,target_disjoint,11,6,-0.02866685877452646
label_permutation,external_lung,seed42_main,target_disjoint,11,7,-0.045616011316899296
label_permutation,external_lung,seed42_main,target_disjoint,11,8,-0.03573992088649047
label_permutation,external_lung,seed42_main,target_disjoint,11,9,-0.03415503104288364
label_permutation,external_lung,seed42_main,target_disjoint,11,10,-0.015387839572472584
label_permutation,external_lung,seed42_main,target_disjoint,11,11,-0.008998506797998518
label_permutation,external_lung,seed42_main,target_disjoint,11,12,-0.05368192177717235
label_permutation,external_lung,seed42_main,target_disjoint,11,13,-0.028224137479370193
label_permutation,external_lung,seed42_main,target_disjoint,11,14,-0.03493568752783377
label_permutation,external_lung,seed42_main,target_disjoint,11,15,-0.004636785162287493
label_permutation,external_lung,seed42_main,target_disjoint,11,16,-0.005213108741780825
label_permutation,external_lung,seed42_main,target_disjoint,11,17,-0.005328373457679503
label_permutation,external_lung,seed42_main,target_disjoint,11,18,-0.035239567233384894
label_permutation,external_lung,seed42_main,target_disjoint,11,19,-0.017108951353050683
label_permutation,external_lung,seed42_main,target_disjoint,11,20,-0.060094831425352935
label_permutation,external_lung,seed42_main,target_disjoint,11,21,-0.021048908914677922
label_permutation,external_lung,seed42_main,target_disjoint,11,22,-0.03412097555864091
label_permutation,external_lung,seed42_main,target_disjoint,11,23,-0.02493647342362404
label_permutation,external_lung,seed43,source_disjoint,7,0,-0.0009617686966237882
label_permutation,external_lung,seed43,source_disjoint,7,1,0.004290047090749538
label_permutation,external_lung,seed43,source_disjoint,7,2,0.015244632452709739
label_permutation,external_lung,seed43,source_disjoint,7,3,0.02517359725436985
label_permutation,external_lung,seed43,source_disjoint,7,4,0.026095458536195992
label_permutation,external_lung,seed43,source_disjoint,7,5,0.02095538351025622
label_permutation,external_lung,seed43,source_disjoint,7,6,0.014993215739484478
label_permutation,external_lung,seed43,source_disjoint,7,7,0.0016880836459413628
label_permutation,external_lung,seed43,source_disjoint,7,8,-0.004178306329316039
label_permutation,external_lung,seed43,source_disjoint,7,9,-0.004976454625269355
label_permutation,external_lung,seed43,source_disjoint,7,10,0.019542661026418662
label_permutation,external_lung,seed43,source_disjoint,7,11,-0.007969510735094554
label_permutation,external_lung,seed43,source_disjoint,7,12,0.008947242397637445
label_permutation,external_lung,seed43,source_disjoint,7,13,0.004553436028414015
label_permutation,external_lung,seed43,source_disjoint,7,14,0.0008979168329476539
label_permutation,external_lung,seed43,source_disjoint,7,15,0.009869103679463698
label_permutation,external_lung,seed43,source_disjoint,7,16,0.0005706760316066539
label_permutation,external_lung,seed43,source_disjoint,7,17,-0.00230664857530527
label_permutation,external_lung,seed43,source_disjoint,7,18,0.00251815787373294
label_permutation,external_lung,seed43,source_disjoint,7,19,0.030892329794875995
label_permutation,external_lung,seed43,source_disjoint,7,20,0.015527975097773095
label_permutation,external_lung,seed43,source_disjoint,7,21,-0.0023944448878601143
label_permutation,external_lung,seed43,source_disjoint,7,22,0.0040785377923218125
label_permutation,external_lung,seed43,source_disjoint,7,23,0.02534519913799982
label_permutation,external_lung,seed43,source_disjoint,11,0,0.021729587357330993
label_permutation,external_lung,seed43,source_disjoint,11,1,-0.004070556309362261
label_permutation,external_lung,seed43,source_disjoint,11,2,0.033789608109186686
label_permutation,external_lung,seed43,source_disjoint,11,3,0.045494452869343116
label_permutation,external_lung,seed43,source_disjoint,11,4,0.02255567084364274
label_permutation,external_lung,seed43,source_disjoint,11,5,-0.0038271210790965515
label_permutation,external_lung,seed43,source_disjoint,11,6,0.019686327719690366
label_permutation,external_lung,seed43,source_disjoint,11,7,0.014083326682097608
label_permutation,external_lung,seed43,source_disjoint,11,8,0.025776199217814655
label_permutation,external_lung,seed43,source_disjoint,11,9,0.010284140793359375
label_permutation,external_lung,seed43,source_disjoint,11,10,-0.009936946284619719
label_permutation,external_lung,seed43,source_disjoint,11,11,-0.008927288690238622
label_permutation,external_lung,seed43,source_disjoint,11,12,0.021881235533562138
label_permutation,external_lung,seed43,source_disjoint,11,13,-0.00804533482321007
label_permutation,external_lung,seed43,source_disjoint,11,14,0.011253890972942826
label_permutation,external_lung,seed43,source_disjoint,11,15,0.04941735174395401
label_permutation,external_lung,seed43,source_disjoint,11,16,0.03716976614254924
label_permutation,external_lung,seed43,source_disjoint,11,17,0.007267140234655578
label_permutation,external_lung,seed43,source_disjoint,11,18,0.037840210711150235
label_permutation,external_lung,seed43,source_disjoint,11,19,0.019542661026418662
label_permutation,external_lung,seed43,source_disjoint,11,20,0.03407694149572993
label_permutation,external_lung,seed43,source_disjoint,11,21,0.022998643147896902
label_permutation,external_lung,seed43,source_disjoint,11,22,-0.0030728709394205467
label_permutation,external_lung,seed43,source_disjoint,11,23,0.0009497964721845165
label_permutation,external_lung,seed43,target_disjoint,7,0,-0.0013693782780249686
label_permutation,external_lung,seed43,target_disjoint,7,1,-0.0034319285693510393
label_permutation,external_lung,seed43,target_disjoint,7,2,-0.022113641431327435
label_permutation,external_lung,seed43,target_disjoint,7,3,-0.02907929306149365
label_permutation,external_lung,seed43,target_disjoint,7,4,0.003095037276173329
label_permutation,external_lung,seed43,target_disjoint,7,5,-0.007334050742130227
label_permutation,external_lung,seed43,target_disjoint,7,6,-0.0053926843692135296
label_permutation,external_lung,seed43,target_disjoint,7,7,-0.015133447730952376
label_permutation,external_lung,seed43,target_disjoint,7,8,-0.018635662972980804
label_permutation,external_lung,seed43,target_disjoint,7,9,-0.01627015288563144
label_permutation,external_lung,seed43,target_disjoint,7,10,-0.009197859407265196
label_permutation,external_lung,seed43,target_disjoint,7,11,8.725242125467991e-05
label_permutation,external_lung,seed43,target_disjoint,7,12,-0.02324792290763844
label_permutation,external_lung,seed43,target_disjoint,7,13,-0.03154175028357031
label_permutation,external_lung,seed43,target_disjoint,7,14,-0.003931206313197433
label_permutation,external_lung,seed43,target_disjoint,7,15,0.012588585444357148
label_permutation,external_lung,seed43,target_disjoint,7,16,-0.007239527285771041
label_permutation,external_lung,seed43,target_disjoint,7,17,0.003555536166128581
label_permutation,external_lung,seed43,target_disjoint,7,18,-0.003524028347342112
label_permutation,external_lung,seed43,target_disjoint,7,19,-0.009127572734587808
label_permutation,external_lung,seed43,target_disjoint,7,20,-0.0077557707781946705
label_permutation,external_lung,seed43,target_disjoint,7,21,-0.006345189967910447
label_permutation,external_lung,seed43,target_disjoint,7,22,-0.009479006097974807
label_permutation,external_lung,seed43,target_disjoint,7,23,-0.003834259178469912
label_permutation,external_lung,seed43,target_disjoint,11,0,-0.026362349610757285
label_permutation,external_lung,seed43,target_disjoint,11,1,-0.050078042443455595
label_permutation,external_lung,seed43,target_disjoint,11,2,-0.031224248417338007
label_permutation,external_lung,seed43,target_disjoint,11,3,-0.051241408060184734
label_permutation,external_lung,seed43,target_disjoint,11,4,-0.05464182881074947
label_permutation,external_lung,seed43,target_disjoint,11,5,-0.04846629632861199
label_permutation,external_lung,seed43,target_disjoint,11,6,-0.08508322911516353
label_permutation,external_lung,seed43,target_disjoint,11,7,-0.04406004905525007
label_permutation,external_lung,seed43,target_disjoint,11,8,-0.027479665338490833
label_permutation,external_lung,seed43,target_disjoint,11,9,-0.035475380275136026
label_permutation,external_lung,seed43,target_disjoint,11,10,-0.0420677854366015
label_permutation,external_lung,seed43,target_disjoint,11,11,-0.04772949810468352
label_permutation,external_lung,seed43,target_disjoint,11,12,-0.0364109201252556
label_permutation,external_lung,seed43,target_disjoint,11,13,-0.06194437173409345
label_permutation,external_lung,seed43,target_disjoint,11,14,-0.06055318035075463
label_permutation,external_lung,seed43,target_disjoint,11,15,-0.05869421904235622
label_permutation,external_lung,seed43,target_disjoint,11,16,-0.054741199623845105
label_permutation,external_lung,seed43,target_disjoint,11,17,-0.038635856867250296
label_permutation,external_lung,seed43,target_disjoint,11,18,-0.05180854879834024
label_permutation,external_lung,seed43,target_disjoint,11,19,-0.05886872388486558
label_permutation,external_lung,seed43,target_disjoint,11,20,-0.023761742721693846
label_permutation,external_lung,seed43,target_disjoint,11,21,-0.05045128891215622
label_permutation,external_lung,seed43,target_disjoint,11,22,-0.006168261447032974
label_permutation,external_lung,seed43,target_disjoint,11,23,-0.04944788606772721
label_permutation,external_lung,seed44,source_disjoint,7,0,0.007788087684564737
label_permutation,external_lung,seed44,source_disjoint,7,1,-0.017854161200295815
label_permutation,external_lung,seed44,source_disjoint,7,2,-0.004301536944716133
label_permutation,external_lung,seed44,source_disjoint,7,3,-0.0023137657133315837
label_permutation,external_lung,seed44,source_disjoint,7,4,0.004762699870397236
label_permutation,external_lung,seed44,source_disjoint,7,5,0.021436124959250624
label_permutation,external_lung,seed44,source_disjoint,7,6,-9.938856156921361e-05
label_permutation,external_lung,seed44,source_disjoint,7,7,0.021010741915734377
label_permutation,external_lung,seed44,source_disjoint,7,8,-0.006094506595424876
label_permutation,external_lung,seed44,source_disjoint,7,9,0.010372190285364402
label_permutation,external_lung,seed44,source_disjoint,7,10,0.019209821180100006
label_permutation,external_lung,seed44,source_disjoint,7,11,0.002087159792953708
label_permutation,external_lung,seed44,source_disjoint,7,12,0.024958455581264083
label_permutation,external_lung,seed44,source_disjoint,7,13,-0.0026993933322201347
label_permutation,external_lung,seed44,source_disjoint,7,14,0.01880431584889758
label_permutation,external_lung,seed44,source_disjoint,7,15,-0.014586265295899625
label_permutation,external_lung,seed44,source_disjoint,7,16,0.011513170972179076
label_permutation,external_lung,seed44,source_disjoint,7,17,0.00042140750105346125
label_permutation,external_lung,seed44,source_disjoint,7,18,0.007788087684564571
label_permutation,external_lung,seed44,source_disjoint,7,19,0.014141004540069502
label_permutation,external_lung,seed44,source_disjoint,7,20,0.0030333388990926857
label_permutation,external_lung,seed44,source_disjoint,7,21,-0.0016737033768258747
label_permutation,external_lung,seed44,source_disjoint,7,22,-0.006229675039159166
label_permutation,external_lung,seed44,source_disjoint,7,23,0.021074350595138736
label_permutation,external_lung,seed44,source_disjoint,11,0,0.015739172610102603
label_permutation,external_lung,seed44,source_disjoint,11,1,0.034877434025872844
label_permutation,external_lung,seed44,source_disjoint,11,2,0.014745286994410411
label_permutation,external_lung,seed44,source_disjoint,11,3,0.012650176116531187
label_permutation,external_lung,seed44,source_disjoint,11,4,-0.006917443885218089
label_permutation,external_lung,seed44,source_disjoint,11,5,0.007450166575229233
label_permutation,external_lung,seed44,source_disjoint,11,6,-0.00812998433636275
label_permutation,external_lung,seed44,source_disjoint,11,7,0.024759678458125545
label_permutation,external_lung,seed44,source_disjoint,11,8,0.009704299151619189
label_permutation,external_lung,seed44,source_disjoint,11,9,0.0036097925561943134
label_permutation,external_lung,seed44,source_disjoint,11,10,0.006201846241919662
label_permutation,external_lung,seed44,source_disjoint,11,11,-0.00791928058583602
label_permutation,external_lung,seed44,source_disjoint,11,12,0.02572971081904124
label_permutation,external_lung,seed44,source_disjoint,11,13,0.020935206608941825
label_permutation,external_lung,seed44,source_disjoint,11,14,0.012876782036908896
label_permutation,external_lung,seed44,source_disjoint,11,15,0.014952015202474245
label_permutation,external_lung,seed44,source_disjoint,11,16,0.01735324284998685
label_permutation,external_lung,seed44,source_disjoint,11,17,-0.011632437246062277
label_permutation,external_lung,seed44,source_disjoint,11,18,-0.020811964792596005
label_permutation,external_lung,seed44,source_disjoint,11,19,0.015079232561283018
label_permutation,external_lung,seed44,source_disjoint,11,20,0.02036272849430304
label_permutation,external_lung,seed44,source_disjoint,11,21,-0.02698598223727633
label_permutation,external_lung,seed44,source_disjoint,11,22,0.011044056961572402
label_permutation,external_lung,seed44,source_disjoint,11,23,0.03729853938569916
label_permutation,external_lung,seed44,target_disjoint,7,0,0.027621077365232283
label_permutation,external_lung,seed44,target_disjoint,7,1,0.01864707938480653
label_permutation,external_lung,seed44,target_disjoint,7,2,0.025504408109367716
label_permutation,external_lung,seed44,target_disjoint,7,3,0.01383845347211432
label_permutation,external_lung,seed44,target_disjoint,7,4,-0.020654516855678096
label_permutation,external_lung,seed44,target_disjoint,7,5,0.00765350706851009
label_permutation,external_lung,seed44,target_disjoint,7,6,0.0054858629796489256
label_permutation,external_lung,seed44,target_disjoint,7,7,0.0005097483299673078
label_permutation,external_lung,seed44,target_disjoint,7,8,0.01537012583501629
label_permutation,external_lung,seed44,target_disjoint,7,9,-0.005437315519651931
label_permutation,external_lung,seed44,target_disjoint,7,10,0.019673858163740787
label_permutation,external_lung,seed44,target_disjoint,7,11,-0.012595638496193884
label_permutation,external_lung,seed44,target_disjoint,7,12,-0.003255107192791762
label_permutation,external_lung,seed44,target_disjoint,7,13,0.011360105639272922
label_permutation,external_lung,seed44,target_disjoint,7,14,-0.004260039614727373
label_permutation,external_lung,seed44,target_disjoint,7,15,0.015508486096007523
label_permutation,external_lung,seed44,target_disjoint,7,16,-0.016877524467919902
label_permutation,external_lung,seed44,target_disjoint,7,17,-0.02004767360571691
label_permutation,external_lung,seed44,target_disjoint,7,18,0.013738931179120673
label_permutation,external_lung,seed44,target_disjoint,7,19,0.042966929470250104
label_permutation,external_lung,seed44,target_disjoint,7,20,0.01806693723784375
label_permutation,external_lung,seed44,target_disjoint,7,21,-0.005221279322665862
label_permutation,external_lung,seed44,target_disjoint,7,22,-0.020372941587696203
label_permutation,external_lung,seed44,target_disjoint,7,23,0.0034541517787789466
label_permutation,external_lung,seed44,target_disjoint,11,0,0.03759272564859406
label_permutation,external_lung,seed44,target_disjoint,11,1,0.03623582414168092
label_permutation,external_lung,seed44,target_disjoint,11,2,0.03420654031381076
label_permutation,external_lung,seed44,target_disjoint,11,3,0.02141913935062917
label_permutation,external_lung,seed44,target_disjoint,11,4,0.001813247630884085
label_permutation,external_lung,seed44,target_disjoint,11,5,-0.011377097250271806
label_permutation,external_lung,seed44,target_disjoint,11,6,-0.00835501786546533
label_permutation,external_lung,seed44,target_disjoint,11,7,-0.0002985668789809992
label_permutation,external_lung,seed44,target_disjoint,11,8,0.011129505204287682
label_permutation,external_lung,seed44,target_disjoint,11,9,0.01277769147118224
label_permutation,external_lung,seed44,target_disjoint,11,10,0.025776273885350365
label_permutation,external_lung,seed44,target_disjoint,11,11,-0.0006772370669567152
label_permutation,external_lung,seed44,target_disjoint,11,12,0.031737901972968774
label_permutation,external_lung,seed44,target_disjoint,11,13,0.03902487571850233
label_permutation,external_lung,seed44,target_disjoint,11,14,0.009039537051421465
label_permutation,external_lung,seed44,target_disjoint,11,15,0.025667042100357307
label_permutation,external_lung,seed44,target_disjoint,11,16,0.016770720055926613
label_permutation,external_lung,seed44,target_disjoint,11,17,0.02571316218735431
label_permutation,external_lung,seed44,target_disjoint,11,18,0.02954598415410903
label_permutation,external_lung,seed44,target_disjoint,11,19,0.012920906478173011
label_permutation,external_lung,seed44,target_disjoint,11,20,0.00926285536740723
label_permutation,external_lung,seed44,target_disjoint,11,21,0.003410459064781768
label_permutation,external_lung,seed44,target_disjoint,11,22,0.04245232639428309
label_permutation,external_lung,seed44,target_disjoint,11,23,0.0047091036196986735
label_permutation,immune,seed42_main,source_disjoint,7,0,-0.007314734427843916
label_permutation,immune,seed42_main,source_disjoint,7,1,-0.006219791896129423
label_permutation,immune,seed42_main,source_disjoint,7,2,0.04884156375934573
label_permutation,immune,seed42_main,source_disjoint,7,3,0.03416026330452371
label_permutation,immune,seed42_main,source_disjoint,7,4,0.014001010716183093
label_permutation,immune,seed42_main,source_disjoint,7,5,0.03846228603267987
label_permutation,immune,seed42_main,source_disjoint,7,6,0.04115428971272339
label_permutation,immune,seed42_main,source_disjoint,7,7,0.023793943477641077
label_permutation,immune,seed42_main,source_disjoint,7,8,0.004266388503751328
label_permutation,immune,seed42_main,source_disjoint,7,9,0.029126119238593873
label_permutation,immune,seed42_main,source_disjoint,7,10,0.030765293561219487
label_permutation,immune,seed42_main,source_disjoint,7,11,0.01972840242053575
label_permutation,immune,seed42_main,source_disjoint,7,12,0.026709470928951873
label_permutation,immune,seed42_main,source_disjoint,7,13,0.024153525196636105
label_permutation,immune,seed42_main,source_disjoint,7,14,0.04516152022080255
label_permutation,immune,seed42_main,source_disjoint,7,15,0.03676156168608202
label_permutation,immune,seed42_main,source_disjoint,7,16,0.045521101939797526
label_permutation,immune,seed42_main,source_disjoint,7,17,0.04061329739675801
label_permutation,immune,seed42_main,source_disjoint,7,18,0.019890376167830737
label_permutation,immune,seed42_main,source_disjoint,7,19,0.019206846954245682
label_permutation,immune,seed42_main,source_disjoint,7,20,0.01899304160781612
label_permutation,immune,seed42_main,source_disjoint,7,21,0.026505384007359967
label_permutation,immune,seed42_main,source_disjoint,7,22,0.044241509336166884
label_permutation,immune,seed42_main,source_disjoint,7,23,0.03441294235030384
label_permutation,immune,seed42_main,source_disjoint,11,0,0.004904565068093725
label_permutation,immune,seed42_main,source_disjoint,11,1,-0.024211835745662325
label_permutation,immune,seed42_main,source_disjoint,11,2,-0.006044860249050821
label_permutation,immune,seed42_main,source_disjoint,11,3,-0.041675845179013404
label_permutation,immune,seed42_main,source_disjoint,11,4,-0.020347142135202723
label_permutation,immune,seed42_main,source_disjoint,11,5,-0.03902919414821254
label_permutation,immune,seed42_main,source_disjoint,11,6,-0.02262449302217101
label_permutation,immune,seed42_main,source_disjoint,11,7,-0.027405958042320433
label_permutation,immune,seed42_main,source_disjoint,11,8,-0.024590854314332666
label_permutation,immune,seed42_main,source_disjoint,11,9,-0.02433493579360657
label_permutation,immune,seed42_main,source_disjoint,11,10,-0.02721482902051242
label_permutation,immune,seed42_main,source_disjoint,11,11,-0.01913233903048983
label_permutation,immune,seed42_main,source_disjoint,11,12,-0.038264678060979884
label_permutation,immune,seed42_main,source_disjoint,11,13,-0.0183710624182033
label_permutation,immune,seed42_main,source_disjoint,11,14,-0.017541756832052613
label_permutation,immune,seed42_main,source_disjoint,11,15,-0.027875681909476202
label_permutation,immune,seed42_main,source_disjoint,11,16,-0.034610550322003775
label_permutation,immune,seed42_main,source_disjoint,11,17,-0.03837805968408642
label_permutation,immune,seed42_main,source_disjoint,11,18,-0.009835045935754738
label_permutation,immune,seed42_main,source_disjoint,11,19,-0.05348373135682161
label_permutation,immune,seed42_main,source_disjoint,11,20,-0.014402705609474875
label_permutation,immune,seed42_main,source_disjoint,11,21,-0.031847278193150474
label_permutation,immune,seed42_main,source_disjoint,11,22,-0.03245306000803383
label_permutation,immune,seed42_main,source_disjoint,11,23,-0.01430876083604371
label_permutation,immune,seed42_main,target_disjoint,7,0,0.02399338113623828
label_permutation,immune,seed42_main,target_disjoint,7,1,0.01540606324354682
label_permutation,immune,seed42_main,target_disjoint,7,2,0.04652686762778507
label_permutation,immune,seed42_main,target_disjoint,7,3,0.012984712853651215
label_permutation,immune,seed42_main,target_disjoint,7,4,0.003360034814818613
label_permutation,immune,seed42_main,target_disjoint,7,5,0.015046782412444282
label_permutation,immune,seed42_main,target_disjoint,7,6,0.018095609183420347
label_permutation,immune,seed42_main,target_disjoint,7,7,0.007355136450811373
label_permutation,immune,seed42_main,target_disjoint,7,8,0.02138986018409339
label_permutation,immune,seed42_main,target_disjoint,7,9,0.03260094020251303
label_permutation,immune,seed42_main,target_disjoint,7,10,0.023568316490990227
label_permutation,immune,seed42_main,target_disjoint,7,11,0.034045653967016976
label_permutation,immune,seed42_main,target_disjoint,7,12,0.012759529797537583
label_permutation,immune,seed42_main,target_disjoint,7,13,0.025749302944584773
label_permutation,immune,seed42_main,target_disjoint,7,14,0.0024593025903641985
label_permutation,immune,seed42_main,target_disjoint,7,15,0.0060976535419523525
label_permutation,immune,seed42_main,target_disjoint,7,16,0.012840494491870635
label_permutation,immune,seed42_main,target_disjoint,7,17,0.009983958869935194
label_permutation,immune,seed42_main,target_disjoint,7,18,0.026278103604447045
label_permutation,immune,seed42_main,target_disjoint,7,19,0.015034131678954843
label_permutation,immune,seed42_main,target_disjoint,7,20,0.011848676986291717
label_permutation,immune,seed42_main,target_disjoint,7,21,0.024937125854557096
label_permutation,immune,seed42_main,target_disjoint,7,22,0.018556095882439227
label_permutation,immune,seed42_main,target_disjoint,7,23,0.021253232262406663
label_permutation,immune,seed42_main,target_disjoint,11,0,-0.008716355374284612
label_permutation,immune,seed42_main,target_disjoint,11,1,-0.021855407176508135
label_permutation,immune,seed42_main,target_disjoint,11,2,-0.005796566084901533
label_permutation,immune,seed42_main,target_disjoint,11,3,-0.004612457430281824
label_permutation,immune,seed42_main,target_disjoint,11,4,-0.03051103903004293
label_permutation,immune,seed42_main,target_disjoint,11,5,0.005538491121715117
label_permutation,immune,seed42_main,target_disjoint,11,6,-0.007122362954604111
label_permutation,immune,seed42_main,target_disjoint,11,7,-0.00168507770080506
label_permutation,immune,seed42_main,target_disjoint,11,8,0.008407677477140107
label_permutation,immune,seed42_main,target_disjoint,11,9,-0.010290106620381989
label_permutation,immune,seed42_main,target_disjoint,11,10,-0.009612027305343274
label_permutation,immune,seed42_main,target_disjoint,11,11,-0.0019406225172935443
label_permutation,immune,seed42_main,target_disjoint,11,12,-0.012154824736738234
label_permutation,immune,seed42_main,target_disjoint,11,13,-0.020633346321419777
label_permutation,immune,seed42_main,target_disjoint,11,14,0.0011916990947135053
label_permutation,immune,seed42_main,target_disjoint,11,15,-0.025726531624303606
label_permutation,immune,seed42_main,target_disjoint,11,16,-0.0006806094617366476
label_permutation,immune,seed42_main,target_disjoint,11,17,0.0012372417352759513
label_permutation,immune,seed42_main,target_disjoint,11,18,-0.005070413982602773
label_permutation,immune,seed42_main,target_disjoint,11,19,-0.01899381126117694
label_permutation,immune,seed42_main,target_disjoint,11,20,0.007623332000789462
label_permutation,immune,seed42_main,target_disjoint,11,21,-0.020605514707742745
label_permutation,immune,seed42_main,target_disjoint,11,22,0.02997717807678496
label_permutation,immune,seed42_main,target_disjoint,11,23,0.0015712210993993336
label_permutation,immune,seed43,source_disjoint,7,0,0.015456183501072251
label_permutation,immune,seed43,source_disjoint,7,1,-0.011061173875213215
label_permutation,immune,seed43,source_disjoint,7,2,-0.023944752365357758
label_permutation,immune,seed43,source_disjoint,7,3,-0.02069045841012329
label_permutation,immune,seed43,source_disjoint,7,4,-0.008402929549674254
label_permutation,immune,seed43,source_disjoint,7,5,-0.01667226176855474
label_permutation,immune,seed43,source_disjoint,7,6,-0.010331526914723832
label_permutation,immune,seed43,source_disjoint,7,7,0.0008975000171278502
label_permutation,immune,seed43,source_disjoint,7,8,0.014712834250244944
label_permutation,immune,seed43,source_disjoint,7,9,0.0006337309281245762
label_permutation,immune,seed43,source_disjoint,7,10,-0.014346297983708012
label_permutation,immune,seed43,source_disjoint,7,11,0.006501736765300414
label_permutation,immune,seed43,source_disjoint,7,12,0.018265153020327385
label_permutation,immune,seed43,source_disjoint,7,13,0.0020450668329210497
label_permutation,immune,seed43,source_disjoint,7,14,-0.005241126054219891
label_permutation,immune,seed43,source_disjoint,7,15,-0.002987099293646822
label_permutation,immune,seed43,source_disjoint,7,16,0.009951288357848975
label_permutation,immune,seed43,source_disjoint,7,17,-0.010838511657223382
label_permutation,immune,seed43,source_disjoint,7,18,-0.023180849679023896
label_permutation,immune,seed43,source_disjoint,7,19,0.005823473393577805
label_permutation,immune,seed43,source_disjoint,7,20,-0.004107261528764616
label_permutation,immune,seed43,source_disjoint,7,21,0.001829255760100179
label_permutation,immune,seed43,source_disjoint,7,22,0.018206918286391538
label_permutation,immune,seed43,source_disjoint,7,23,-0.004871164215098589
label_permutation,immune,seed43,source_disjoint,11,0,-0.045375134453723986
label_permutation,immune,seed43,source_disjoint,11,1,-0.04126787292495937
label_permutation,immune,seed43,source_disjoint,11,2,-0.03919540151136258
label_permutation,immune,seed43,source_disjoint,11,3,-0.03426942813491268
label_permutation,immune,seed43,source_disjoint,11,4,-0.02476346421304315
label_permutation,immune,seed43,source_disjoint,11,5,-0.05883763471064196
label_permutation,immune,seed43,source_disjoint,11,6,-0.03878775837381221
label_permutation,immune,seed43,source_disjoint,11,7,-0.035711594192969376
label_permutation,immune,seed43,source_disjoint,11,8,-0.05251745329231783
label_permutation,immune,seed43,source_disjoint,11,9,-0.027682052055001016
label_permutation,immune,seed43,source_disjoint,11,10,-0.01856660340775962
label_permutation,immune,seed43,source_disjoint,11,11,-0.04861230054603627
label_permutation,immune,seed43,source_disjoint,11,12,-0.05507635601290756
label_permutation,immune,seed43,source_disjoint,11,13,-0.03077876967135057
label_permutation,immune,seed43,source_disjoint,11,14,-0.038414370962106315
label_permutation,immune,seed43,source_disjoint,11,15,-0.021827748508163214
label_permutation,immune,seed43,source_disjoint,11,16,-0.045412815752152946
label_permutation,immune,seed43,source_disjoint,11,17,-0.060248970615438435
label_permutation,immune,seed43,source_disjoint,11,18,-0.027582710450051562
label_permutation,immune,seed43,source_disjoint,11,19,-0.04075061146470638
label_permutation,immune,seed43,source_disjoint,11,20,-0.03991819732668317
label_permutation,immune,seed43,source_disjoint,11,21,-0.04542651804249087
label_permutation,immune,seed43,source_disjoint,11,22,-0.03591712854803686
label_permutation,immune,seed43,source_disjoint,11,23,-0.02484225238248572
label_permutation,immune,seed43,target_disjoint,7,0,0.0063845016483716766
label_permutation,immune,seed43,target_disjoint,7,1,-0.005300390280092548
label_permutation,immune,seed43,target_disjoint,7,2,-0.008610195349031569
label_permutation,immune,seed43,target_disjoint,7,3,-0.012782064879493737
label_permutation,immune,seed43,target_disjoint,7,4,0.01337244841980978
label_permutation,immune,seed43,target_disjoint,7,5,0.0009770063897263093
label_permutation,immune,seed43,target_disjoint,7,6,0.0027847294423748448
label_permutation,immune,seed43,target_disjoint,7,7,-0.005825465906656779
label_permutation,immune,seed43,target_disjoint,7,8,0.012591365771338792
label_permutation,immune,seed43,target_disjoint,7,9,-0.004386079487567973
label_permutation,immune,seed43,target_disjoint,7,10,0.022400614416852704
label_permutation,immune,seed43,target_disjoint,7,11,0.011397537107956546
label_permutation,immune,seed43,target_disjoint,7,12,-0.0013218321743354577
label_permutation,immune,seed43,target_disjoint,7,13,0.00015412667645420264
label_permutation,immune,seed43,target_disjoint,7,14,-0.00014890204335404889
label_permutation,immune,seed43,target_disjoint,7,15,-0.012267438519129925
label_permutation,immune,seed43,target_disjoint,7,16,0.008234021765821553
label_permutation,immune,seed43,target_disjoint,7,17,0.005511987920648331
label_permutation,immune,seed43,target_disjoint,7,18,-0.0027089722624228374
label_permutation,immune,seed43,target_disjoint,7,19,-0.022949200892367405
label_permutation,immune,seed43,target_disjoint,7,20,0.014401701140537515
label_permutation,immune,seed43,target_disjoint,7,21,0.00010710497855292989
label_permutation,immune,seed43,target_disjoint,7,22,0.0008803506773736869
label_permutation,immune,seed43,target_disjoint,7,23,-0.0033098050689390757
label_permutation,immune,seed43,target_disjoint,11,0,-0.0063818893318216
label_permutation,immune,seed43,target_disjoint,11,1,0.001110234533779897
label_permutation,immune,seed43,target_disjoint,11,2,-0.007816051117810252
label_permutation,immune,seed43,target_disjoint,11,3,-0.005509375604098143
label_permutation,immune,seed43,target_disjoint,11,4,-0.002993714766380551
label_permutation,immune,seed43,target_disjoint,11,5,-0.0049529521789331565
label_permutation,immune,seed43,target_disjoint,11,6,-0.00807989508936735
label_permutation,immune,seed43,target_disjoint,11,7,-0.017170756683611788
label_permutation,immune,seed43,target_disjoint,11,8,-0.02106833297631666
label_permutation,immune,seed43,target_disjoint,11,9,0.01066347615738683
label_permutation,immune,seed43,target_disjoint,11,10,0.004075213818109713
label_permutation,immune,seed43,target_disjoint,11,11,0.02870413425217222
label_permutation,immune,seed43,target_disjoint,11,12,-0.005668726913652389
label_permutation,immune,seed43,target_disjoint,11,13,-0.0010736621020788761
label_permutation,immune,seed43,target_disjoint,11,14,-0.0009534955407755619
label_permutation,immune,seed43,target_disjoint,11,15,0.0010788867351790299
label_permutation,immune,seed43,target_disjoint,11,16,-0.007442489851150147
label_permutation,immune,seed43,target_disjoint,11,17,0.0018129476857486893
label_permutation,immune,seed43,target_disjoint,11,18,-0.005483252438597486
label_permutation,immune,seed43,target_disjoint,11,19,0.011551663784410637
label_permutation,immune,seed43,target_disjoint,11,20,0.010794091984890342
label_permutation,immune,seed43,target_disjoint,11,21,-0.017463336137219843
label_permutation,immune,seed43,target_disjoint,11,22,0.003618058421847259
label_permutation,immune,seed43,target_disjoint,11,23,-0.0088766516371388
label_permutation,immune,seed44,source_disjoint,7,0,0.008529927861181563
label_permutation,immune,seed44,source_disjoint,7,1,0.0153701176317671
label_permutation,immune,seed44,source_disjoint,7,2,0.013940339247416667
label_permutation,immune,seed44,source_disjoint,7,3,0.02493338532527456
label_permutation,immune,seed44,source_disjoint,7,4,0.0018977058555923465
label_permutation,immune,seed44,source_disjoint,7,5,0.01804770260609606
label_permutation,immune,seed44,source_disjoint,7,6,0.012952492363683676
label_permutation,immune,seed44,source_disjoint,7,7,0.03133489309157084
label_permutation,immune,seed44,source_disjoint,7,8,0.020819522973939075
label_permutation,immune,seed44,source_disjoint,7,9,0.014193799961006004
label_permutation,immune,seed44,source_disjoint,7,10,0.01801195814648726
label_permutation,immune,seed44,source_disjoint,7,11,0.007870280106583527
label_permutation,immune,seed44,source_disjoint,7,12,0.005501397283421139
label_permutation,immune,seed44,source_disjoint,7,13,-0.0052479365698318015
label_permutation,immune,seed44,source_disjoint,7,14,0.03434392669136288
label_permutation,immune,seed44,source_disjoint,7,15,0.0197016962370834
label_permutation,immune,seed44,source_disjoint,7,16,-0.006323519854422477
label_permutation,immune,seed44,source_disjoint,7,17,0.007360109183076724
label_permutation,immune,seed44,source_disjoint,7,18,0.026197439396893563
label_permutation,immune,seed44,source_disjoint,7,19,0.006352765321375187
label_permutation,immune,seed44,source_disjoint,7,20,0.023529602911548708
label_permutation,immune,seed44,source_disjoint,7,21,0.019042048482485252
label_permutation,immune,seed44,source_disjoint,7,22,6.174043023321474e-05
label_permutation,immune,seed44,source_disjoint,7,23,0.014034574640930664
label_permutation,immune,seed44,source_disjoint,11,0,-0.0467440046792747
label_permutation,immune,seed44,source_disjoint,11,1,-0.04439136933775256
label_permutation,immune,seed44,source_disjoint,11,2,-0.03818483135114059
label_permutation,immune,seed44,source_disjoint,11,3,-0.014625982972639229
label_permutation,immune,seed44,source_disjoint,11,4,-0.023926041463573133
label_permutation,immune,seed44,source_disjoint,11,5,-0.054481055436407355
label_permutation,immune,seed44,source_disjoint,11,6,-0.05520244362123872
label_permutation,immune,seed44,source_disjoint,11,7,-0.04870020146877241
label_permutation,immune,seed44,source_disjoint,11,8,-0.04593812958991361
label_permutation,immune,seed44,source_disjoint,11,9,-0.05558588418795096
label_permutation,immune,seed44,source_disjoint,11,10,-0.051744979528173196
label_permutation,immune,seed44,source_disjoint,11,11,-0.0502209657503086
label_permutation,immune,seed44,source_disjoint,11,12,-0.010404887242477456
label_permutation,immune,seed44,source_disjoint,11,13,-0.02635991421329692
label_permutation,immune,seed44,source_disjoint,11,14,-0.046896731006694004
label_permutation,immune,seed44,source_disjoint,11,15,-0.04165204393319033
label_permutation,immune,seed44,source_disjoint,11,16,-0.03923441866510691
label_permutation,immune,seed44,source_disjoint,11,17,-0.03672255800350954
label_permutation,immune,seed44,source_disjoint,11,18,-0.05255085461753428
label_permutation,immune,seed44,source_disjoint,11,19,-0.05104958731396625
label_permutation,immune,seed44,source_disjoint,11,20,-0.03530902710079947
label_permutation,immune,seed44,source_disjoint,11,21,-0.035923181906804436
label_permutation,immune,seed44,source_disjoint,11,22,-0.020153376226684894
label_permutation,immune,seed44,source_disjoint,11,23,-0.04002079677649961
label_permutation,immune,seed44,target_disjoint,7,0,0.007076940070694038
label_permutation,immune,seed44,target_disjoint,7,1,-0.0031380543059125188
label_permutation,immune,seed44,target_disjoint,7,2,0.005568163560411454
label_permutation,immune,seed44,target_disjoint,7,3,-0.0033238271208226866
label_permutation,immune,seed44,target_disjoint,7,4,-0.005733852827763619
label_permutation,immune,seed44,target_disjoint,7,5,0.017136286953727486
label_permutation,immune,seed44,target_disjoint,7,6,0.0008736343187659701
label_permutation,immune,seed44,target_disjoint,7,7,0.015215797718509005
label_permutation,immune,seed44,target_disjoint,7,8,0.004591601060411232
label_permutation,immune,seed44,target_disjoint,7,9,0.01421413078406164
label_permutation,immune,seed44,target_disjoint,7,10,0.01325263094473006
label_permutation,immune,seed44,target_disjoint,7,11,-0.005610841098971697
label_permutation,immune,seed44,target_disjoint,7,12,0.0043807238110540325
label_permutation,immune,seed44,target_disjoint,7,13,-0.01895635845115684
label_permutation,immune,seed44,target_disjoint,7,14,0.02312118412596398
label_permutation,immune,seed44,target_disjoint,7,15,0.0015188182840616404
label_permutation,immune,seed44,target_disjoint,7,16,0.002826759318766081
label_permutation,immune,seed44,target_disjoint,7,17,0.0136367287917738
label_permutation,immune,seed44,target_disjoint,7,18,0.004215034543701868
label_permutation,immune,seed44,target_disjoint,7,19,0.022927879980719768
label_permutation,immune,seed44,target_disjoint,7,20,0.017103651188945967
label_permutation,immune,seed44,target_disjoint,7,21,-0.0031983049485860837
label_permutation,immune,seed44,target_disjoint,7,22,0.012690291613110638
label_permutation,immune,seed44,target_disjoint,7,23,-0.012961419505141514
label_permutation,immune,seed44,target_disjoint,11,0,0.01649612387532129
label_permutation,immune,seed44,target_disjoint,11,1,0.012614978309768765
label_permutation,immune,seed44,target_disjoint,11,2,0.018838367609254614
label_permutation,immune,seed44,target_disjoint,11,3,0.014721240359897081
label_permutation,immune,seed44,target_disjoint,11,4,0.014010784865038595
label_permutation,immune,seed44,target_disjoint,11,5,-0.005146409061696722
label_permutation,immune,seed44,target_disjoint,11,6,0.012662676735218481
label_permutation,immune,seed44,target_disjoint,11,7,0.010220015263496085
label_permutation,immune,seed44,target_disjoint,11,8,0.0015338809447300594
label_permutation,immune,seed44,target_disjoint,11,9,-0.007142211600257076
label_permutation,immune,seed44,target_disjoint,11,10,0.027840817802056494
label_permutation,immune,seed44,target_disjoint,11,11,0.008417516870179886
label_permutation,immune,seed44,target_disjoint,11,12,0.007174847365038595
label_permutation,immune,seed44,target_disjoint,11,13,0.01619236021850906
label_permutation,immune,seed44,target_disjoint,11,14,-0.0034719432840617515
label_permutation,immune,seed44,target_disjoint,11,15,-0.001973208547557892
label_permutation,immune,seed44,target_disjoint,11,16,0.00953968508997427
label_permutation,immune,seed44,target_disjoint,11,17,0.022626626767352165
label_permutation,immune,seed44,target_disjoint,11,18,-0.004526329530848361
label_permutation,immune,seed44,target_disjoint,11,19,-0.0114375803341904
label_permutation,immune,seed44,target_disjoint,11,20,0.0073706619537274864
label_permutation,immune,seed44,target_disjoint,11,21,0.013310371143958832
label_permutation,immune,seed44,target_disjoint,11,22,-0.011028378052699184
label_permutation,immune,seed44,target_disjoint,11,23,0.012185692480719823
label_permutation,lung,seed42_main,source_disjoint,7,0,0.009144649997130383
label_permutation,lung,seed42_main,source_disjoint,7,1,-0.00025348663694968465
label_permutation,lung,seed42_main,source_disjoint,7,2,0.0105460006504563
label_permutation,lung,seed42_main,source_disjoint,7,3,0.004505366264276667
label_permutation,lung,seed42_main,source_disjoint,7,4,-0.013200436188326226
label_permutation,lung,seed42_main,source_disjoint,7,5,0.004677545866732968
label_permutation,lung,seed42_main,source_disjoint,7,6,-0.01678272847276685
label_permutation,lung,seed42_main,source_disjoint,7,7,-0.001583095789252198
label_permutation,lung,seed42_main,source_disjoint,7,8,-0.0023292073998967266
label_permutation,lung,seed42_main,source_disjoint,7,9,-0.002587476803581179
label_permutation,lung,seed42_main,source_disjoint,7,10,0.006891966864992272
label_permutation,lung,seed42_main,source_disjoint,7,11,0.01188517533622857
label_permutation,lung,seed42_main,source_disjoint,7,12,0.0010043810143292031
label_permutation,lung,seed42_main,source_disjoint,7,13,0.009431616001224385
label_permutation,lung,seed42_main,source_disjoint,7,14,0.012549979912379716
label_permutation,lung,seed42_main,source_disjoint,7,15,0.012640852480342746
label_permutation,lung,seed42_main,source_disjoint,7,16,-0.0032857607468768646
label_permutation,lung,seed42_main,source_disjoint,7,17,-0.005820627116374322
label_permutation,lung,seed42_main,source_disjoint,7,18,-0.00568670964779705
label_permutation,lung,seed42_main,source_disjoint,7,19,-0.009498574735512855
label_permutation,lung,seed42_main,source_disjoint,7,20,0.009005949761818177
label_permutation,lung,seed42_main,source_disjoint,7,21,0.013549578159973985
label_permutation,lung,seed42_main,source_disjoint,7,22,0.008240707084234078
label_permutation,lung,seed42_main,source_disjoint,7,23,-0.009512923035717713
label_permutation,lung,seed42_main,source_disjoint,11,0,-0.02148418817317438
label_permutation,lung,seed42_main,source_disjoint,11,1,0.00513190870654856
label_permutation,lung,seed42_main,source_disjoint,11,2,-0.016620114403780306
label_permutation,lung,seed42_main,source_disjoint,11,3,-0.01054121788372131
label_permutation,lung,seed42_main,source_disjoint,11,4,-0.009455529834898946
label_permutation,lung,seed42_main,source_disjoint,11,5,0.0144487383061353
label_permutation,lung,seed42_main,source_disjoint,11,6,-0.023182070364064278
label_permutation,lung,seed42_main,source_disjoint,11,7,-0.006231945055575783
label_permutation,lung,seed42_main,source_disjoint,11,8,0.01692621147481399
label_permutation,lung,seed42_main,source_disjoint,11,9,0.007987220447284282
label_permutation,lung,seed42_main,source_disjoint,11,10,-0.026113906372558393
label_permutation,lung,seed42_main,source_disjoint,11,11,0.009144649997130383
label_permutation,lung,seed42_main,source_disjoint,11,12,-0.0022957280327524643
label_permutation,lung,seed42_main,source_disjoint,11,13,0.01642402096764939
label_permutation,lung,seed42_main,source_disjoint,11,14,-0.009627709437355247
label_permutation,lung,seed42_main,source_disjoint,11,15,-0.01724665684605231
label_permutation,lung,seed42_main,source_disjoint,11,16,0.015620516156186037
label_permutation,lung,seed42_main,source_disjoint,11,17,0.016940559775018627
label_permutation,lung,seed42_main,source_disjoint,11,18,-0.01618488263090423
label_permutation,lung,seed42_main,source_disjoint,11,19,-0.027046545885864193
label_permutation,lung,seed42_main,source_disjoint,11,20,0.023416425934074392
label_permutation,lung,seed42_main,source_disjoint,11,21,-0.025119090891699003
label_permutation,lung,seed42_main,source_disjoint,11,22,-0.03165235025157348
label_permutation,lung,seed42_main,source_disjoint,11,23,-0.014238296569799691
label_permutation,lung,seed42_main,target_disjoint,7,0,0.0002277528386586125
label_permutation,lung,seed42_main,target_disjoint,7,1,0.005845656192236648
label_permutation,lung,seed42_main,target_disjoint,7,2,-0.012136915764457412
label_permutation,lung,seed42_main,target_disjoint,7,3,0.0019375495114866137
label_permutation,lung,seed42_main,target_disjoint,7,4,-0.004350409294956448
label_permutation,lung,seed42_main,target_disjoint,7,5,0.004904937945603427
label_permutation,lung,seed42_main,target_disjoint,7,6,0.009248745709004469
label_permutation,lung,seed42_main,target_disjoint,7,7,0.010681278056509091
label_permutation,lung,seed42_main,target_disjoint,7,8,0.006925006601531614
label_permutation,lung,seed42_main,target_disjoint,7,9,0.027719831000792228
label_permutation,lung,seed42_main,target_disjoint,7,10,-0.0013995246897280378
label_permutation,lung,seed42_main,target_disjoint,7,11,0.0007459730657511932
label_permutation,lung,seed42_main,target_disjoint,7,12,-0.016292579878531832
label_permutation,lung,seed42_main,target_disjoint,7,13,0.02599353049907588
label_permutation,lung,seed42_main,target_disjoint,7,14,0.027327039873250525
label_permutation,lung,seed42_main,target_disjoint,7,15,0.02259374174808565
label_permutation,lung,seed42_main,target_disjoint,7,16,0.00928835489833646
label_permutation,lung,seed42_main,target_disjoint,7,17,0.007360707684182732
label_permutation,lung,seed42_main,target_disjoint,7,18,-0.00586216002112494
label_permutation,lung,seed42_main,target_disjoint,7,19,0.011057565355162446
label_permutation,lung,seed42_main,target_disjoint,7,20,0.007690784261948802
label_permutation,lung,seed42_main,target_disjoint,7,21,0.03795550567731709
label_permutation,lung,seed42_main,target_disjoint,7,22,-0.01253300765777654
label_permutation,lung,seed42_main,target_disjoint,7,23,0.0019969632954845995
label_permutation,lung,seed42_main,target_disjoint,11,0,0.013873118563506703
label_permutation,lung,seed42_main,target_disjoint,11,1,0.02921837866385002
label_permutation,lung,seed42_main,target_disjoint,11,2,0.002168603115922929
label_permutation,lung,seed42_main,target_disjoint,11,3,0.014800633747029446
label_permutation,lung,seed42_main,target_disjoint,11,4,-0.008836149986796826
label_permutation,lung,seed42_main,target_disjoint,11,5,0.005102983892263047
label_permutation,lung,seed42_main,target_disjoint,11,6,-0.009126617375231127
label_permutation,lung,seed42_main,target_disjoint,11,7,-0.013513335093741752
label_permutation,lung,seed42_main,target_disjoint,11,8,0.05471019276472133
label_permutation,lung,seed42_main,target_disjoint,11,9,-0.0136189595986268
label_permutation,lung,seed42_main,target_disjoint,11,10,0.02097306575125435
label_permutation,lung,seed42_main,target_disjoint,11,11,0.019005809347768687
label_permutation,lung,seed42_main,target_disjoint,11,12,0.00696131502508579
label_permutation,lung,seed42_main,target_disjoint,11,13,0.021946791655664155
label_permutation,lung,seed42_main,target_disjoint,11,14,0.03378663850013197
label_permutation,lung,seed42_main,target_disjoint,11,15,0.0059611829944545836
label_permutation,lung,seed42_main,target_disjoint,11,16,0.009965011882756836
label_permutation,lung,seed42_main,target_disjoint,11,17,0.028409691048323138
label_permutation,lung,seed42_main,target_disjoint,11,18,0.014265909691048462
label_permutation,lung,seed42_main,target_disjoint,11,19,0.022148138368101367
label_permutation,lung,seed42_main,target_disjoint,11,20,0.028617639292315866
label_permutation,lung,seed42_main,target_disjoint,11,21,0.002891470821230535
label_permutation,lung,seed42_main,target_disjoint,11,22,-0.010011222603644065
label_permutation,lung,seed42_main,target_disjoint,11,23,0.028554924742540178
label_permutation,lung,seed43,source_disjoint,7,0,-0.00996437693238339
label_permutation,lung,seed43,source_disjoint,7,1,0.010825547788681278
label_permutation,lung,seed43,source_disjoint,7,2,-0.01088015862347086
label_permutation,lung,seed43,source_disjoint,7,3,-0.004805753461486706
label_permutation,lung,seed43,source_disjoint,7,4,-0.0014114800376395231
label_permutation,lung,seed43,source_disjoint,7,5,-0.0017979567146122477
label_permutation,lung,seed43,source_disjoint,7,6,0.004436080118295382
label_permutation,lung,seed43,source_disjoint,7,7,-0.002940583411748965
label_permutation,lung,seed43,source_disjoint,7,8,-0.023873336469955708
label_permutation,lung,seed43,source_disjoint,7,9,0.003406875924183428
label_permutation,lung,seed43,source_disjoint,7,10,-0.006087007662320287
label_permutation,lung,seed43,source_disjoint,7,11,-0.012535287000941031
label_permutation,lung,seed43,source_disjoint,7,12,-0.0019827933862077707
label_permutation,lung,seed43,source_disjoint,7,13,-0.010056795268181151
label_permutation,lung,seed43,source_disjoint,7,14,0.014660908724290822
label_permutation,lung,seed43,source_disjoint,7,15,-0.00530145180803876
label_permutation,lung,seed43,source_disjoint,7,16,0.005897970157279164
label_permutation,lung,seed43,source_disjoint,7,17,0.00665832101088859
label_permutation,lung,seed43,source_disjoint,7,18,0.0031128175830084093
label_permutation,lung,seed43,source_disjoint,7,19,-0.017811533808307578
label_permutation,lung,seed43,source_disjoint,7,20,0.005330857642156239
label_permutation,lung,seed43,source_disjoint,7,21,-0.0032850517542681867
label_permutation,lung,seed43,source_disjoint,7,22,-0.016836940448985205
label_permutation,lung,seed43,source_disjoint,7,23,8.401666890756054e-06
label_permutation,lung,seed43,source_disjoint,11,0,0.015173410404624277
label_permutation,lung,seed43,source_disjoint,11,1,0.0015711117085630555
label_permutation,lung,seed43,source_disjoint,11,2,0.01011560693641611
label_permutation,lung,seed43,source_disjoint,11,3,0.024150591477349104
label_permutation,lung,seed43,source_disjoint,11,4,-0.03348904422637444
label_permutation,lung,seed43,source_disjoint,11,5,-0.012514282833714252
label_permutation,lung,seed43,source_disjoint,11,6,-0.013669512031186937
label_permutation,lung,seed43,source_disjoint,11,7,-0.021886342250302504
label_permutation,lung,seed43,source_disjoint,11,8,-0.0019869942196532042
label_permutation,lung,seed43,source_disjoint,11,9,0.0011552291974727957
label_permutation,lung,seed43,source_disjoint,11,10,-0.0009619908589864057
label_permutation,lung,seed43,source_disjoint,11,11,-0.02449505981986816
label_permutation,lung,seed43,source_disjoint,11,12,0.0018147600483936488
label_permutation,lung,seed43,source_disjoint,11,13,0.01484994622933189
label_permutation,lung,seed43,source_disjoint,11,14,-0.022184601424922734
label_permutation,lung,seed43,source_disjoint,11,15,0.01529943540798484
label_permutation,lung,seed43,source_disjoint,11,16,0.0037345409329211376
label_permutation,lung,seed43,source_disjoint,11,17,-0.0014492875386477033
label_permutation,lung,seed43,source_disjoint,11,18,-0.012358851996236098
label_permutation,lung,seed43,source_disjoint,11,19,0.015438062911681594
label_permutation,lung,seed43,source_disjoint,11,20,-0.013190617018416506
label_permutation,lung,seed43,source_disjoint,11,21,0.004142021777120641
label_permutation,lung,seed43,source_disjoint,11,22,-0.014547486221266226
label_permutation,lung,seed43,source_disjoint,11,23,0.011144811130528343
label_permutation,lung,seed43,target_disjoint,7,0,-0.015062995326153239
label_permutation,lung,seed43,target_disjoint,7,1,0.019769500972508514
label_permutation,lung,seed43,target_disjoint,7,2,-0.0022280604987371944
label_permutation,lung,seed43,target_disjoint,7,3,-0.012635352860916715
label_permutation,lung,seed43,target_disjoint,7,4,0.006753127993729513
label_permutation,lung,seed43,target_disjoint,7,5,0.01566536998867818
label_permutation,lung,seed43,target_disjoint,7,6,0.024312712282637094
label_permutation,lung,seed43,target_disjoint,7,7,0.0077691816413620884
label_permutation,lung,seed43,target_disjoint,7,8,-0.01499767759166254
label_permutation,lung,seed43,target_disjoint,7,9,0.005141957209626402
label_permutation,lung,seed43,target_disjoint,7,10,0.01423200859291085
label_permutation,lung,seed43,target_disjoint,7,11,0.0042565390309751705
label_permutation,lung,seed43,target_disjoint,7,12,0.006847475832438277
label_permutation,lung,seed43,target_disjoint,7,13,0.016674166110256405
label_permutation,lung,seed43,target_disjoint,7,14,0.011140302493685916
label_permutation,lung,seed43,target_disjoint,7,15,-0.002119197607919343
label_permutation,lung,seed43,target_disjoint,7,16,-0.0241494179464104
label_permutation,lung,seed43,target_disjoint,7,17,-0.02490057189305306
label_permutation,lung,seed43,target_disjoint,7,18,0.01909092228641096
label_permutation,lung,seed43,target_disjoint,7,19,-0.011270937962667427
label_permutation,lung,seed43,target_disjoint,7,20,0.004448863471419873
label_permutation,lung,seed43,target_disjoint,7,21,0.013342961651232388
label_permutation,lung,seed43,target_disjoint,7,22,-0.008709031265422218
label_permutation,lung,seed43,target_disjoint,7,23,-0.01071573721949659
label_permutation,lung,seed43,target_disjoint,11,0,-0.008070368972624642
label_permutation,lung,seed43,target_disjoint,11,1,0.0006568061079338383
label_permutation,lung,seed43,target_disjoint,11,2,0.03507199465846089
label_permutation,lung,seed43,target_disjoint,11,3,0.034502278863181135
label_permutation,lung,seed43,target_disjoint,11,4,-0.007504281940372115
label_permutation,lung,seed43,target_disjoint,11,5,0.009133596539611655
label_permutation,lung,seed43,target_disjoint,11,6,-0.011074984759195328
label_permutation,lung,seed43,target_disjoint,11,7,0.0019159868783928946
label_permutation,lung,seed43,target_disjoint,11,8,-0.00899207478154851
label_permutation,lung,seed43,target_disjoint,11,9,-0.0037412546811042557
label_permutation,lung,seed43,target_disjoint,11,10,0.021710889192092242
label_permutation,lung,seed43,target_disjoint,11,11,-0.04383908613231913
label_permutation,lung,seed43,target_disjoint,11,12,-0.009521874183528234
label_permutation,lung,seed43,target_disjoint,11,13,-0.006586204894475589
label_permutation,lung,seed43,target_disjoint,11,14,0.02995543879002527
label_permutation,lung,seed43,target_disjoint,11,15,0.010795570006096322
label_permutation,lung,seed43,target_disjoint,11,16,0.02324222718959562
label_permutation,lung,seed43,target_disjoint,11,17,0.00540685691061632
label_permutation,lung,seed43,target_disjoint,11,18,-0.0013970737654948051
label_permutation,lung,seed43,target_disjoint,11,19,-0.02201570528638197
label_permutation,lung,seed43,target_disjoint,11,20,0.009612593259209712
label_permutation,lung,seed43,target_disjoint,11,21,0.009670653467645951
label_permutation,lung,seed43,target_disjoint,11,22,-0.012080152117746157
label_permutation,lung,seed43,target_disjoint,11,23,0.010207710395680358
label_permutation,lung,seed44,source_disjoint,7,0,0.01713951329755037
label_permutation,lung,seed44,source_disjoint,7,1,0.012510593647847013
label_permutation,lung,seed44,source_disjoint,7,2,0.002974292747891405
label_permutation,lung,seed44,source_disjoint,7,3,0.005928407118931278
label_permutation,lung,seed44,source_disjoint,7,4,-0.01453650268372414
label_permutation,lung,seed44,source_disjoint,7,5,0.006965575689091619
label_permutation,lung,seed44,source_disjoint,7,6,0.005823479559304234
label_permutation,lung,seed44,source_disjoint,7,7,-0.002425440897534159
label_permutation,lung,seed44,source_disjoint,7,8,0.0359013680939505
label_permutation,lung,seed44,source_disjoint,7,9,0.007893781024254365
label_permutation,lung,seed44,source_disjoint,7,10,-0.006380402760401971
label_permutation,lung,seed44,source_disjoint,7,11,0.001977480931433795
label_permutation,lung,seed44,source_disjoint,7,12,0.0065095443722508195
label_permutation,lung,seed44,source_disjoint,7,13,0.010864038096775441
label_permutation,lung,seed44,source_disjoint,7,14,0.013011017393760815
label_permutation,lung,seed44,source_disjoint,7,15,0.010597683522337586
label_permutation,lung,seed44,source_disjoint,7,16,0.007348964849267503
label_permutation,lung,seed44,source_disjoint,7,17,0.014209612978732022
label_permutation,lung,seed44,source_disjoint,7,18,0.010504862988821362
label_permutation,lung,seed44,source_disjoint,7,19,0.03634529238468054
label_permutation,lung,seed44,source_disjoint,7,20,0.016957907905888137
label_permutation,lung,seed44,source_disjoint,7,21,0.001303523144598251
label_permutation,lung,seed44,source_disjoint,7,22,-0.008277170184430416
label_permutation,lung,seed44,source_disjoint,7,23,0.03318939424512679
label_permutation,lung,seed44,source_disjoint,11,0,0.04100246176197586
label_permutation,lung,seed44,source_disjoint,11,1,0.016861051697001472
label_permutation,lung,seed44,source_disjoint,11,2,-0.02397191169942292
label_permutation,lung,seed44,source_disjoint,11,3,0.008321562613503364
label_permutation,lung,seed44,source_disjoint,11,4,0.03951733322571538
label_permutation,lung,seed44,source_disjoint,11,5,0.0007667783203518796
label_permutation,lung,seed44,source_disjoint,11,6,0.008474918277573795
label_permutation,lung,seed44,source_disjoint,11,7,0.024496549497558417
label_permutation,lung,seed44,source_disjoint,11,8,0.010872109447515932
label_permutation,lung,seed44,source_disjoint,11,9,-0.017313047338472054
label_permutation,lung,seed44,source_disjoint,11,10,0.00439081480285719
label_permutation,lung,seed44,source_disjoint,11,11,-0.004733847209330455
label_permutation,lung,seed44,source_disjoint,11,12,0.006638685984099335
label_permutation,lung,seed44,source_disjoint,11,13,-0.0009927761410871705
label_permutation,lung,seed44,source_disjoint,11,14,-0.006013156301707179
label_permutation,lung,seed44,source_disjoint,11,15,0.020190483877476906
label_permutation,lung,seed44,source_disjoint,11,16,0.001779732838290471
label_permutation,lung,seed44,source_disjoint,11,17,0.017559223536058766
label_permutation,lung,seed44,source_disjoint,11,18,0.011703458573792347
label_permutation,lung,seed44,source_disjoint,11,19,0.0005972799548005225
label_permutation,lung,seed44,source_disjoint,11,20,-0.006622543282618354
label_permutation,lung,seed44,source_disjoint,11,21,0.023814520359982216
label_permutation,lung,seed44,source_disjoint,11,22,-0.014931998870010954
label_permutation,lung,seed44,source_disjoint,11,23,-0.006719399491504907
label_permutation,lung,seed44,target_disjoint,7,0,-0.03359279718774666
label_permutation,lung,seed44,target_disjoint,7,1,-0.022978692876103046
label_permutation,lung,seed44,target_disjoint,7,2,-0.026928043618623998
label_permutation,lung,seed44,target_disjoint,7,3,-0.013386900064566998
label_permutation,lung,seed44,target_disjoint,7,4,-0.006984001721787814
label_permutation,lung,seed44,target_disjoint,7,5,-0.01860606930195846
label_permutation,lung,seed44,target_disjoint,7,6,-0.02189898844967364
label_permutation,lung,seed44,target_disjoint,7,7,-0.023061195207690677
label_permutation,lung,seed44,target_disjoint,7,8,-0.025912906234306643
label_permutation,lung,seed44,target_disjoint,7,9,0.010549537269531506
label_permutation,lung,seed44,target_disjoint,7,10,-0.027649042255541934
label_permutation,lung,seed44,target_disjoint,7,11,-0.02086232871798538
label_permutation,lung,seed44,target_disjoint,7,12,-0.019682186670492874
label_permutation,lung,seed44,target_disjoint,7,13,-0.020919721644307332
label_permutation,lung,seed44,target_disjoint,7,14,-0.0333632254824594
label_permutation,lung,seed44,target_disjoint,7,15,-0.016780256833345275
label_permutation,lung,seed44,target_disjoint,7,16,-0.010258985580027358
label_permutation,lung,seed44,target_disjoint,7,17,-0.027928832771360934
label_permutation,lung,seed44,target_disjoint,7,18,-0.02150082502331585
label_permutation,lung,seed44,target_disjoint,7,19,-0.018842815123035983
label_permutation,lung,seed44,target_disjoint,7,20,-0.030142047492646595
label_permutation,lung,seed44,target_disjoint,7,21,-0.009329937585192627
label_permutation,lung,seed44,target_disjoint,7,22,-0.0013056890738216698
label_permutation,lung,seed44,target_disjoint,7,23,0.012730468469761114
label_permutation,lung,seed44,target_disjoint,11,0,0.05935504699045846
label_permutation,lung,seed44,target_disjoint,11,1,0.014430733912045413
label_permutation,lung,seed44,target_disjoint,11,2,0.01621350168591723
label_permutation,lung,seed44,target_disjoint,11,3,0.02694597890809952
label_permutation,lung,seed44,target_disjoint,11,4,0.01447736566468183
label_permutation,lung,seed44,target_disjoint,11,5,0.048758877968290315
label_permutation,lung,seed44,target_disjoint,11,6,0.010176483248439616
label_permutation,lung,seed44,target_disjoint,11,7,0.03589927541430521
label_permutation,lung,seed44,target_disjoint,11,8,0.026020517971160118
label_permutation,lung,seed44,target_disjoint,11,9,0.045318889446875676
label_permutation,lung,seed44,target_disjoint,11,10,0.05222038883707586
label_permutation,lung,seed44,target_disjoint,11,11,0.0047564387689217336
label_permutation,lung,seed44,target_disjoint,11,12,0.024894181792094072
label_permutation,lung,seed44,target_disjoint,11,13,0.033467250161417605
label_permutation,lung,seed44,target_disjoint,11,14,0.03153741301384605
label_permutation,lung,seed44,target_disjoint,11,15,0.04060190831480015
label_permutation,lung,seed44,target_disjoint,11,16,0.015836860606930236
label_permutation,lung,seed44,target_disjoint,11,17,0.04579955520482093
label_permutation,lung,seed44,target_disjoint,11,18,0.0348518545089318
label_permutation,lung,seed44,target_disjoint,11,19,0.04474854724155236
label_permutation,lung,seed44,target_disjoint,11,20,0.023735562091972195
label_permutation,lung,seed44,target_disjoint,11,21,0.023541860965635986
label_permutation,lung,seed44,target_disjoint,11,22,0.03354616543511019
label_permutation,lung,seed44,target_disjoint,11,23,0.028761030203027504
topology_feature_shuffle_within_degree_bins,external_lung,seed42_main,source_disjoint,7,0,-0.027809180304335435
topology_feature_shuffle_within_degree_bins,external_lung,seed42_main,source_disjoint,7,1,-0.01671063020384722
topology_feature_shuffle_within_degree_bins,external_lung,seed42_main,source_disjoint,7,2,-0.012897466264714441
topology_feature_shuffle_within_degree_bins,external_lung,seed42_main,source_disjoint,7,3,-0.019447136089577932
topology_feature_shuffle_within_degree_bins,external_lung,seed42_main,source_disjoint,7,4,-0.011031258972150515
topology_feature_shuffle_within_degree_bins,external_lung,seed42_main,source_disjoint,7,5,-0.006365740740740811
topology_feature_shuffle_within_degree_bins,external_lung,seed42_main,source_disjoint,7,6,-0.011856696813092205
topology_feature_shuffle_within_degree_bins,external_lung,seed42_main,source_disjoint,7,7,-0.01951891329313815
topology_feature_shuffle_within_degree_bins,external_lung,seed42_main,source_disjoint,7,8,-0.017912898363479757
topology_feature_shuffle_within_degree_bins,external_lung,seed42_main,source_disjoint,7,9,-0.012179694229112914
topology_feature_shuffle_within_degree_bins,external_lung,seed42_main,source_disjoint,7,10,-0.004409811943726694
topology_feature_shuffle_within_degree_bins,external_lung,seed42_main,source_disjoint,7,11,-0.0110761197243755
topology_feature_shuffle_within_degree_bins,external_lung,seed42_main,source_disjoint,7,12,0.01372290410565602
topology_feature_shuffle_within_degree_bins,external_lung,seed42_main,source_disjoint,7,13,-0.002687159058283095
topology_feature_shuffle_within_degree_bins,external_lung,seed42_main,source_disjoint,7,14,-0.012695592879701456
topology_feature_shuffle_within_degree_bins,external_lung,seed42_main,source_disjoint,7,15,0.0032972652885442377
topology_feature_shuffle_within_degree_bins,external_lung,seed42_main,source_disjoint,7,16,-0.02381657335630205
topology_feature_shuffle_within_degree_bins,external_lung,seed42_main,source_disjoint,7,17,-0.011874641113982176
topology_feature_shuffle_within_degree_bins,external_lung,seed42_main,source_disjoint,7,18,-0.02843723083548666
topology_feature_shuffle_within_degree_bins,external_lung,seed42_main,source_disjoint,7,19,-0.010169932529428771
topology_feature_shuffle_within_degree_bins,external_lung,seed42_main,source_disjoint,7,20,-0.020407156187194908
topology_feature_shuffle_within_degree_bins,external_lung,seed42_main,source_disjoint,7,21,0.0033241817398793616
topology_feature_shuffle_within_degree_bins,external_lung,seed42_main,source_disjoint,7,22,-0.034278100775193776
topology_feature_shuffle_within_degree_bins,external_lung,seed42_main,source_disjoint,7,23,-0.017428402239448748
topology_feature_shuffle_within_degree_bins,external_lung,seed42_main,source_disjoint,11,0,-0.01942021963824292
topology_feature_shuffle_within_degree_bins,external_lung,seed42_main,source_disjoint,11,1,-0.022677110249784693
topology_feature_shuffle_within_degree_bins,external_lung,seed42_main,source_disjoint,11,2,-0.010842843812805092
topology_feature_shuffle_within_degree_bins,external_lung,seed42_main,source_disjoint,11,3,-0.016719602354292262
topology_feature_shuffle_within_degree_bins,external_lung,seed42_main,source_disjoint,11,4,-0.010466013494114135
topology_feature_shuffle_within_degree_bins,external_lung,seed42_main,source_disjoint,11,5,-0.022102892621303383
topology_feature_shuffle_within_degree_bins,external_lung,seed42_main,source_disjoint,11,6,-0.029783053402239412
topology_feature_shuffle_within_degree_bins,external_lung,seed42_main,source_disjoint,11,7,-0.015073212747631293
topology_feature_shuffle_within_degree_bins,external_lung,seed42_main,source_disjoint,11,8,-0.026571023542922734
topology_feature_shuffle_within_degree_bins,external_lung,seed42_main,source_disjoint,11,9,-0.017679622451909238
topology_feature_shuffle_within_degree_bins,external_lung,seed42_main,source_disjoint,11,10,-0.02719907407407396
topology_feature_shuffle_within_degree_bins,external_lung,seed42_main,source_disjoint,11,11,-0.036592915590008546
topology_feature_shuffle_within_degree_bins,external_lung,seed42_main,source_disjoint,11,12,-0.02406779356876254
topology_feature_shuffle_within_degree_bins,external_lung,seed42_main,source_disjoint,11,13,-0.0042842018374964486
topology_feature_shuffle_within_degree_bins,external_lung,seed42_main,source_disjoint,11,14,-0.028571813092161835
topology_feature_shuffle_within_degree_bins,external_lung,seed42_main,source_disjoint,11,15,-0.03771443439563593
topology_feature_shuffle_within_degree_bins,external_lung,seed42_main,source_disjoint,11,16,-0.03911857594028123
topology_feature_shuffle_within_degree_bins,external_lung,seed42_main,source_disjoint,11,17,-0.03533681452770587
topology_feature_shuffle_within_degree_bins,external_lung,seed42_main,source_disjoint,11,18,-0.03853090008613258
topology_feature_shuffle_within_degree_bins,external_lung,seed42_main,source_disjoint,11,19,-0.02570969710020088
topology_feature_shuffle_within_degree_bins,external_lung,seed42_main,source_disjoint,11,20,-0.027212532299741632
topology_feature_shuffle_within_degree_bins,external_lung,seed42_main,source_disjoint,11,21,-0.027405433534309465
topology_feature_shuffle_within_degree_bins,external_lung,seed42_main,source_disjoint,11,22,-0.026983742463393634
topology_feature_shuffle_within_degree_bins,external_lung,seed42_main,source_disjoint,11,23,-0.02573212747631337
topology_feature_shuffle_within_degree_bins,external_lung,seed42_main,target_disjoint,7,0,-0.023215361643046162
topology_feature_shuffle_within_degree_bins,external_lung,seed42_main,target_disjoint,7,1,-0.009420270872082415
topology_feature_shuffle_within_degree_bins,external_lung,seed42_main,target_disjoint,7,2,-0.010855840515547666
topology_feature_shuffle_within_degree_bins,external_lung,seed42_main,target_disjoint,7,3,-0.01240667487491165
topology_feature_shuffle_within_degree_bins,external_lung,seed42_main,target_disjoint,7,4,-0.015099677782726029
topology_feature_shuffle_within_degree_bins,external_lung,seed42_main,target_disjoint,7,5,-0.006570088806224339
topology_feature_shuffle_within_degree_bins,external_lung,seed42_main,target_disjoint,7,6,-0.016089906478401028
topology_feature_shuffle_within_degree_bins,external_lung,seed42_main,target_disjoint,7,7,-0.021347549314960856
topology_feature_shuffle_within_degree_bins,external_lung,seed42_main,target_disjoint,7,8,-0.010748434757551162
topology_feature_shuffle_within_degree_bins,external_lung,seed42_main,target_disjoint,7,9,0.0101642522201556
topology_feature_shuffle_within_degree_bins,external_lung,seed42_main,target_disjoint,7,10,-0.023927907159510653
topology_feature_shuffle_within_degree_bins,external_lung,seed42_main,target_disjoint,7,11,-0.008487674534356726
topology_feature_shuffle_within_degree_bins,external_lung,seed42_main,target_disjoint,7,12,0.003237890655699127
topology_feature_shuffle_within_degree_bins,external_lung,seed42_main,target_disjoint,7,13,-0.01673958033164802
topology_feature_shuffle_within_degree_bins,external_lung,seed42_main,target_disjoint,7,14,0.006989233227673974
topology_feature_shuffle_within_degree_bins,external_lung,seed42_main,target_disjoint,7,15,-0.017370916616456622
topology_feature_shuffle_within_degree_bins,external_lung,seed42_main,target_disjoint,7,16,-0.006014722447803433
topology_feature_shuffle_within_degree_bins,external_lung,seed42_main,target_disjoint,7,17,-0.010795588504964204
topology_feature_shuffle_within_degree_bins,external_lung,seed42_main,target_disjoint,7,18,-0.016236607025908345
topology_feature_shuffle_within_degree_bins,external_lung,seed42_main,target_disjoint,7,19,-0.008403845650066799
topology_feature_shuffle_within_degree_bins,external_lung,seed42_main,target_disjoint,7,20,-0.008225709270950676
topology_feature_shuffle_within_degree_bins,external_lung,seed42_main,target_disjoint,7,21,-0.010871558431352013
topology_feature_shuffle_within_degree_bins,external_lung,seed42_main,target_disjoint,7,22,0.0017289707384799957
topology_feature_shuffle_within_degree_bins,external_lung,seed42_main,target_disjoint,7,23,0.0035548686244203376
topology_feature_shuffle_within_degree_bins,external_lung,seed42_main,target_disjoint,11,0,-0.029824745238781314
topology_feature_shuffle_within_degree_bins,external_lung,seed42_main,target_disjoint,11,1,-0.010483849841510962
topology_feature_shuffle_within_degree_bins,external_lung,seed42_main,target_disjoint,11,2,-0.013525266549655468
topology_feature_shuffle_within_degree_bins,external_lung,seed42_main,target_disjoint,11,3,-0.013475493149608275
topology_feature_shuffle_within_degree_bins,external_lung,seed42_main,target_disjoint,11,4,-0.01783983443795356
topology_feature_shuffle_within_degree_bins,external_lung,seed42_main,target_disjoint,11,5,-0.04183585256594963
topology_feature_shuffle_within_degree_bins,external_lung,seed42_main,target_disjoint,11,6,-0.034867576559348246
topology_feature_shuffle_within_degree_bins,external_lung,seed42_main,target_disjoint,11,7,-0.018982002986403956
topology_feature_shuffle_within_degree_bins,external_lung,seed42_main,target_disjoint,11,8,-0.01423781206612007
topology_feature_shuffle_within_degree_bins,external_lung,seed42_main,target_disjoint,11,9,-0.014250910329290267
topology_feature_shuffle_within_degree_bins,external_lung,seed42_main,target_disjoint,11,10,-0.03383019411626015
topology_feature_shuffle_within_degree_bins,external_lung,seed42_main,target_disjoint,11,11,-0.03536269090718558
topology_feature_shuffle_within_degree_bins,external_lung,seed42_main,target_disjoint,11,12,-0.027626856678804323
topology_feature_shuffle_within_degree_bins,external_lung,seed42_main,target_disjoint,11,13,-0.021853142273334514
topology_feature_shuffle_within_degree_bins,external_lung,seed42_main,target_disjoint,11,14,-0.03193618526183423
topology_feature_shuffle_within_degree_bins,external_lung,seed42_main,target_disjoint,11,15,-0.02224609016844359
topology_feature_shuffle_within_degree_bins,external_lung,seed42_main,target_disjoint,11,16,-0.017279228774264466
topology_feature_shuffle_within_degree_bins,external_lung,seed42_main,target_disjoint,11,17,-0.03724622115107534
topology_feature_shuffle_within_degree_bins,external_lung,seed42_main,target_disjoint,11,18,-0.03123149870327191
topology_feature_shuffle_within_degree_bins,external_lung,seed42_main,target_disjoint,11,19,-0.021976265947135365
topology_feature_shuffle_within_degree_bins,external_lung,seed42_main,target_disjoint,11,20,-0.03786445917271358
topology_feature_shuffle_within_degree_bins,external_lung,seed42_main,target_disjoint,11,21,-0.02607602231944034
topology_feature_shuffle_within_degree_bins,external_lung,seed42_main,target_disjoint,11,22,-0.031352002724438666
topology_feature_shuffle_within_degree_bins,external_lung,seed42_main,target_disjoint,11,23,-0.029010033269588398
topology_feature_shuffle_within_degree_bins,external_lung,seed43,source_disjoint,7,0,-0.014654002713704206
topology_feature_shuffle_within_degree_bins,external_lung,seed43,source_disjoint,7,1,-0.012115891132572387
topology_feature_shuffle_within_degree_bins,external_lung,seed43,source_disjoint,7,2,-0.014993215739484422
topology_feature_shuffle_within_degree_bins,external_lung,seed43,source_disjoint,7,3,-0.011776678106792282
topology_feature_shuffle_within_degree_bins,external_lung,seed43,source_disjoint,7,4,-0.016844919786096257
topology_feature_shuffle_within_degree_bins,external_lung,seed43,source_disjoint,7,5,-0.018971984994812008
topology_feature_shuffle_within_degree_bins,external_lung,seed43,source_disjoint,7,6,-0.02032484635645304
topology_feature_shuffle_within_degree_bins,external_lung,seed43,source_disjoint,7,7,-0.011712826243115981
topology_feature_shuffle_within_degree_bins,external_lung,seed43,source_disjoint,7,8,-0.031004070556309382
topology_feature_shuffle_within_degree_bins,external_lung,seed43,source_disjoint,7,9,-0.013875808125149769
topology_feature_shuffle_within_degree_bins,external_lung,seed43,source_disjoint,7,10,-0.01747146619841966
topology_feature_shuffle_within_degree_bins,external_lung,seed43,source_disjoint,7,11,-0.02334583765663667
topology_feature_shuffle_within_degree_bins,external_lung,seed43,source_disjoint,7,12,-0.012802298667092371
topology_feature_shuffle_within_degree_bins,external_lung,seed43,source_disjoint,7,13,-0.02462287493016202
topology_feature_shuffle_within_degree_bins,external_lung,seed43,source_disjoint,7,14,-0.013923697022906967
topology_feature_shuffle_within_degree_bins,external_lung,seed43,source_disjoint,7,15,-0.025448958416473766
topology_feature_shuffle_within_degree_bins,external_lung,seed43,source_disjoint,7,16,-0.015240641711229963
topology_feature_shuffle_within_degree_bins,external_lung,seed43,source_disjoint,7,17,-0.014989224998004702
topology_feature_shuffle_within_degree_bins,external_lung,seed43,source_disjoint,7,18,-0.007817862558863409
topology_feature_shuffle_within_degree_bins,external_lung,seed43,source_disjoint,7,19,-0.016278234495969324
topology_feature_shuffle_within_degree_bins,external_lung,seed43,source_disjoint,7,20,-0.02008141112618722
topology_feature_shuffle_within_degree_bins,external_lung,seed43,source_disjoint,7,21,-0.013337058025381099
topology_feature_shuffle_within_degree_bins,external_lung,seed43,source_disjoint,7,22,-0.02401229148375772
topology_feature_shuffle_within_degree_bins,external_lung,seed43,source_disjoint,7,23,-0.019446883230904377
topology_feature_shuffle_within_degree_bins,external_lung,seed43,source_disjoint,11,0,-0.03463564530289731
topology_feature_shuffle_within_degree_bins,external_lung,seed43,source_disjoint,11,1,-0.024483198978370146
topology_feature_shuffle_within_degree_bins,external_lung,seed43,source_disjoint,11,2,-0.022160587437145773
topology_feature_shuffle_within_degree_bins,external_lung,seed43,source_disjoint,11,3,-0.03213744113656314
topology_feature_shuffle_within_degree_bins,external_lung,seed43,source_disjoint,11,4,-0.019271290605794467
topology_feature_shuffle_within_degree_bins,external_lung,seed43,source_disjoint,11,5,-0.033689839572192515
topology_feature_shuffle_within_degree_bins,external_lung,seed43,source_disjoint,11,6,-0.03457977492218045
topology_feature_shuffle_within_degree_bins,external_lung,seed43,source_disjoint,11,7,-0.046360443770452564
topology_feature_shuffle_within_degree_bins,external_lung,seed43,source_disjoint,11,8,-0.03804772926809796
topology_feature_shuffle_within_degree_bins,external_lung,seed43,source_disjoint,11,9,-0.016713225317263936
topology_feature_shuffle_within_degree_bins,external_lung,seed43,source_disjoint,11,10,-0.04440498044536667
topology_feature_shuffle_within_degree_bins,external_lung,seed43,source_disjoint,11,11,-0.03614015484076938
topology_feature_shuffle_within_degree_bins,external_lung,seed43,source_disjoint,11,12,-0.014693910128501964
topology_feature_shuffle_within_degree_bins,external_lung,seed43,source_disjoint,11,13,-0.040414238965599814
topology_feature_shuffle_within_degree_bins,external_lung,seed43,source_disjoint,11,14,-0.007195306888019837
topology_feature_shuffle_within_degree_bins,external_lung,seed43,source_disjoint,11,15,-0.02317423577300659
topology_feature_shuffle_within_degree_bins,external_lung,seed43,source_disjoint,11,16,-0.03360603400111739
topology_feature_shuffle_within_degree_bins,external_lung,seed43,source_disjoint,11,17,-0.02524143985952576
topology_feature_shuffle_within_degree_bins,external_lung,seed43,source_disjoint,11,18,-0.04207039667970314
topology_feature_shuffle_within_degree_bins,external_lung,seed43,source_disjoint,11,19,-0.027703727352542118
topology_feature_shuffle_within_degree_bins,external_lung,seed43,source_disjoint,11,20,-0.03076063532604356
topology_feature_shuffle_within_degree_bins,external_lung,seed43,source_disjoint,11,21,-0.05147258360603402
topology_feature_shuffle_within_degree_bins,external_lung,seed43,source_disjoint,11,22,-0.021801420703966734
topology_feature_shuffle_within_degree_bins,external_lung,seed43,source_disjoint,11,23,-0.018840290525979686
topology_feature_shuffle_within_degree_bins,external_lung,seed43,target_disjoint,7,0,-0.013618648750836237
topology_feature_shuffle_within_degree_bins,external_lung,seed43,target_disjoint,7,1,-0.01614412161048584
topology_feature_shuffle_within_degree_bins,external_lung,seed43,target_disjoint,7,2,-0.026929490348912788
topology_feature_shuffle_within_degree_bins,external_lung,seed43,target_disjoint,7,3,-0.014355446974764652
topology_feature_shuffle_within_degree_bins,external_lung,seed43,target_disjoint,7,4,-0.028121940106060173
topology_feature_shuffle_within_degree_bins,external_lung,seed43,target_disjoint,7,5,-0.02525715227486447
topology_feature_shuffle_within_degree_bins,external_lung,seed43,target_disjoint,7,6,-0.02813890585463752
topology_feature_shuffle_within_degree_bins,external_lung,seed43,target_disjoint,7,7,-0.007855141591290304
topology_feature_shuffle_within_degree_bins,external_lung,seed43,target_disjoint,7,8,-0.019423358442641203
topology_feature_shuffle_within_degree_bins,external_lung,seed43,target_disjoint,7,9,-0.031483582002733934
topology_feature_shuffle_within_degree_bins,external_lung,seed43,target_disjoint,7,10,-0.02262746124538295
topology_feature_shuffle_within_degree_bins,external_lung,seed43,target_disjoint,7,11,-0.008814918225091839
topology_feature_shuffle_within_degree_bins,external_lung,seed43,target_disjoint,7,12,-0.015964769411240087
topology_feature_shuffle_within_degree_bins,external_lung,seed43,target_disjoint,7,13,-0.02696342184606737
topology_feature_shuffle_within_degree_bins,external_lung,seed43,target_disjoint,7,14,-0.01967784467130068
topology_feature_shuffle_within_degree_bins,external_lung,seed43,target_disjoint,7,15,-0.010230346392112344
topology_feature_shuffle_within_degree_bins,external_lung,seed43,target_disjoint,7,16,-0.020361321971129165
topology_feature_shuffle_within_degree_bins,external_lung,seed43,target_disjoint,7,17,-0.010593898147340242
topology_feature_shuffle_within_degree_bins,external_lung,seed43,target_disjoint,7,18,-0.0175716681693473
topology_feature_shuffle_within_degree_bins,external_lung,seed43,target_disjoint,7,19,-0.01619017149948132
topology_feature_shuffle_within_degree_bins,external_lung,seed43,target_disjoint,7,20,-0.01626045817215882
topology_feature_shuffle_within_degree_bins,external_lung,seed43,target_disjoint,7,21,-0.017976422456834285
topology_feature_shuffle_within_degree_bins,external_lung,seed43,target_disjoint,7,22,-0.007336474420498507
topology_feature_shuffle_within_degree_bins,external_lung,seed43,target_disjoint,7,23,-0.010613287574285701
topology_feature_shuffle_within_degree_bins,external_lung,seed43,target_disjoint,11,0,-0.020957546849702913
topology_feature_shuffle_within_degree_bins,external_lung,seed43,target_disjoint,11,1,-0.030230540286381835
topology_feature_shuffle_within_degree_bins,external_lung,seed43,target_disjoint,11,2,-0.027516020514013695
topology_feature_shuffle_within_degree_bins,external_lung,seed43,target_disjoint,11,3,-0.0330613966204229
topology_feature_shuffle_within_degree_bins,external_lung,seed43,target_disjoint,11,4,-0.029447692173457884
topology_feature_shuffle_within_degree_bins,external_lung,seed43,target_disjoint,11,5,-0.02047523485443392
topology_feature_shuffle_within_degree_bins,external_lung,seed43,target_disjoint,11,6,-0.027472394303386327
topology_feature_shuffle_within_degree_bins,external_lung,seed43,target_disjoint,11,7,-0.030613481468555248
topology_feature_shuffle_within_degree_bins,external_lung,seed43,target_disjoint,11,8,-0.027579036151586522
topology_feature_shuffle_within_degree_bins,external_lung,seed43,target_disjoint,11,9,-0.03823837361486787
topology_feature_shuffle_within_degree_bins,external_lung,seed43,target_disjoint,11,10,-0.01919795635439997
topology_feature_shuffle_within_degree_bins,external_lung,seed43,target_disjoint,11,11,-0.030715275960018995
topology_feature_shuffle_within_degree_bins,external_lung,seed43,target_disjoint,11,12,-0.02826251345141495
topology_feature_shuffle_within_degree_bins,external_lung,seed43,target_disjoint,11,13,-0.011822703080010433
topology_feature_shuffle_within_degree_bins,external_lung,seed43,target_disjoint,11,14,-0.0349954919582352
topology_feature_shuffle_within_degree_bins,external_lung,seed43,target_disjoint,11,15,-0.031032777826251357
topology_feature_shuffle_within_degree_bins,external_lung,seed43,target_disjoint,11,16,-0.031129724960978766
topology_feature_shuffle_within_degree_bins,external_lung,seed43,target_disjoint,11,17,-0.03457861927890726
topology_feature_shuffle_within_degree_bins,external_lung,seed43,target_disjoint,11,18,-0.033662468855732985
topology_feature_shuffle_within_degree_bins,external_lung,seed43,target_disjoint,11,19,-0.040909267176608644
topology_feature_shuffle_within_degree_bins,external_lung,seed43,target_disjoint,11,20,-0.02928045836605303
topology_feature_shuffle_within_degree_bins,external_lung,seed43,target_disjoint,11,21,-0.018941046447372267
topology_feature_shuffle_within_degree_bins,external_lung,seed43,target_disjoint,11,22,-0.04679395825456378
topology_feature_shuffle_within_degree_bins,external_lung,seed43,target_disjoint,11,23,-0.033168038468623096
topology_feature_shuffle_within_degree_bins,external_lung,seed44,source_disjoint,7,0,-0.03089791602064096
topology_feature_shuffle_within_degree_bins,external_lung,seed44,source_disjoint,7,1,-0.04045512010113783
topology_feature_shuffle_within_degree_bins,external_lung,seed44,source_disjoint,7,2,-0.03734624589525237
topology_feature_shuffle_within_degree_bins,external_lung,seed44,source_disjoint,7,3,-0.03664655042180498
topology_feature_shuffle_within_degree_bins,external_lung,seed44,source_disjoint,7,4,-0.03674991452583698
topology_feature_shuffle_within_degree_bins,external_lung,seed44,source_disjoint,7,5,-0.02986427498032107
topology_feature_shuffle_within_degree_bins,external_lung,seed44,source_disjoint,7,6,-0.04093218519667008
topology_feature_shuffle_within_degree_bins,external_lung,seed44,source_disjoint,7,7,-0.03639211570418788
topology_feature_shuffle_within_degree_bins,external_lung,seed44,source_disjoint,7,8,-0.03948906328268492
topology_feature_shuffle_within_degree_bins,external_lung,seed44,source_disjoint,7,9,-0.0398190333070948
topology_feature_shuffle_within_degree_bins,external_lung,seed44,source_disjoint,7,10,-0.0503462697485072
topology_feature_shuffle_within_degree_bins,external_lung,seed44,source_disjoint,7,11,-0.04315053789089529
topology_feature_shuffle_within_degree_bins,external_lung,seed44,source_disjoint,7,12,-0.06099277246380269
topology_feature_shuffle_within_degree_bins,external_lung,seed44,source_disjoint,7,13,-0.053502850463945706
topology_feature_shuffle_within_degree_bins,external_lung,seed44,source_disjoint,7,14,-0.03616948532627273
topology_feature_shuffle_within_degree_bins,external_lung,seed44,source_disjoint,7,15,-0.04658540657872767
topology_feature_shuffle_within_degree_bins,external_lung,seed44,source_disjoint,7,16,-0.050847188098816054
topology_feature_shuffle_within_degree_bins,external_lung,seed44,source_disjoint,7,17,-0.05156278574211448
topology_feature_shuffle_within_degree_bins,external_lung,seed44,source_disjoint,7,18,-0.034742265582138665
topology_feature_shuffle_within_degree_bins,external_lung,seed44,source_disjoint,7,19,-0.03824471849183819
topology_feature_shuffle_within_degree_bins,external_lung,seed44,source_disjoint,7,20,-0.04163983175504299
topology_feature_shuffle_within_degree_bins,external_lung,seed44,source_disjoint,7,21,-0.02837742209924532
topology_feature_shuffle_within_degree_bins,external_lung,seed44,source_disjoint,7,22,-0.025491178271275117
topology_feature_shuffle_within_degree_bins,external_lung,seed44,source_disjoint,7,23,-0.033378654517408846
topology_feature_shuffle_within_degree_bins,external_lung,seed44,source_disjoint,11,0,-0.02166273087962861
topology_feature_shuffle_within_degree_bins,external_lung,seed44,source_disjoint,11,1,-0.024091787324380443
topology_feature_shuffle_within_degree_bins,external_lung,seed44,source_disjoint,11,2,-0.024783531712902263
topology_feature_shuffle_within_degree_bins,external_lung,seed44,source_disjoint,11,3,-0.0411230112348831
topology_feature_shuffle_within_degree_bins,external_lung,seed44,source_disjoint,11,4,-0.007466068745080379
topology_feature_shuffle_within_degree_bins,external_lung,seed44,source_disjoint,11,5,-0.0174446803266306
topology_feature_shuffle_within_degree_bins,external_lung,seed44,source_disjoint,11,6,-0.009068212357576266
topology_feature_shuffle_within_degree_bins,external_lung,seed44,source_disjoint,11,7,-0.04827103658294185
topology_feature_shuffle_within_degree_bins,external_lung,seed44,source_disjoint,11,8,-0.022310744301059948
topology_feature_shuffle_within_degree_bins,external_lung,seed44,source_disjoint,11,9,-0.020784135995356612
topology_feature_shuffle_within_degree_bins,external_lung,seed44,source_disjoint,11,10,-0.03362513815010065
topology_feature_shuffle_within_degree_bins,external_lung,seed44,source_disjoint,11,11,-0.02102266854312279
topology_feature_shuffle_within_degree_bins,external_lung,seed44,source_disjoint,11,12,-0.0317804864473758
topology_feature_shuffle_within_degree_bins,external_lung,seed44,source_disjoint,11,13,-0.04660130874857882
topology_feature_shuffle_within_degree_bins,external_lung,seed44,source_disjoint,11,14,-0.020303095357361634
topology_feature_shuffle_within_degree_bins,external_lung,seed44,source_disjoint,11,15,-0.02732787888907451
topology_feature_shuffle_within_degree_bins,external_lung,seed44,source_disjoint,11,16,-0.018446517027248477
topology_feature_shuffle_within_degree_bins,external_lung,seed44,source_disjoint,11,17,-0.037767653396306
topology_feature_shuffle_within_degree_bins,external_lung,seed44,source_disjoint,11,18,-0.0480245529502501
topology_feature_shuffle_within_degree_bins,external_lung,seed44,source_disjoint,11,19,-0.027602191319005598
topology_feature_shuffle_within_degree_bins,external_lung,seed44,source_disjoint,11,20,-0.03461107268086738
topology_feature_shuffle_within_degree_bins,external_lung,seed44,source_disjoint,11,21,-0.03713951768718854
topology_feature_shuffle_within_degree_bins,external_lung,seed44,source_disjoint,11,22,-0.01740492490200296
topology_feature_shuffle_within_degree_bins,external_lung,seed44,source_disjoint,11,23,0.004794504210099415
topology_feature_shuffle_within_degree_bins,external_lung,seed44,target_disjoint,7,0,0.036226114649681396
topology_feature_shuffle_within_degree_bins,external_lung,seed44,target_disjoint,7,1,0.0015316723629019147
topology_feature_shuffle_within_degree_bins,external_lung,seed44,target_disjoint,7,2,0.023882922945471452
topology_feature_shuffle_within_degree_bins,external_lung,seed44,target_disjoint,7,3,0.01559587152400177
topology_feature_shuffle_within_degree_bins,external_lung,seed44,target_disjoint,7,4,0.0155715977940033
topology_feature_shuffle_within_degree_bins,external_lung,seed44,target_disjoint,7,5,-8.981280099429334e-05
topology_feature_shuffle_within_degree_bins,external_lung,seed44,target_disjoint,7,6,-0.001114164206928725
topology_feature_shuffle_within_degree_bins,external_lung,seed44,target_disjoint,7,7,0.02351396224949509
topology_feature_shuffle_within_degree_bins,external_lung,seed44,target_disjoint,7,8,0.017498931955880037
topology_feature_shuffle_within_degree_bins,external_lung,seed44,target_disjoint,7,9,0.019809791051732195
topology_feature_shuffle_within_degree_bins,external_lung,seed44,target_disjoint,7,10,0.013289867174149483
topology_feature_shuffle_within_degree_bins,external_lung,seed44,target_disjoint,7,11,0.0221352143855833
topology_feature_shuffle_within_degree_bins,external_lung,seed44,target_disjoint,7,12,-0.00418236367873237
topology_feature_shuffle_within_degree_bins,external_lung,seed44,target_disjoint,7,13,0.02035352260369727
topology_feature_shuffle_within_degree_bins,external_lung,seed44,target_disjoint,7,14,0.024057693801460278
topology_feature_shuffle_within_degree_bins,external_lung,seed44,target_disjoint,7,15,0.0042843133447256765
topology_feature_shuffle_within_degree_bins,external_lung,seed44,target_disjoint,7,16,0.021326899176634995
topology_feature_shuffle_within_degree_bins,external_lung,seed44,target_disjoint,7,17,0.00634272564859395
topology_feature_shuffle_within_degree_bins,external_lung,seed44,target_disjoint,7,18,0.008818646108435635
topology_feature_shuffle_within_degree_bins,external_lung,seed44,target_disjoint,7,19,0.023756699549479565
topology_feature_shuffle_within_degree_bins,external_lung,seed44,target_disjoint,7,20,0.014814257418051868
topology_feature_shuffle_within_degree_bins,external_lung,seed44,target_disjoint,7,21,0.02165944927761365
topology_feature_shuffle_within_degree_bins,external_lung,seed44,target_disjoint,7,22,0.018681062606804355
topology_feature_shuffle_within_degree_bins,external_lung,seed44,target_disjoint,7,23,0.03007272409507533
topology_feature_shuffle_within_degree_bins,external_lung,seed44,target_disjoint,11,0,0.004060995028740022
topology_feature_shuffle_within_degree_bins,external_lung,seed44,target_disjoint,11,1,0.004473648438713673
topology_feature_shuffle_within_degree_bins,external_lung,seed44,target_disjoint,11,2,-0.0039371990057481265
topology_feature_shuffle_within_degree_bins,external_lung,seed44,target_disjoint,11,3,-0.0033910400807830587
topology_feature_shuffle_within_degree_bins,external_lung,seed44,target_disjoint,11,4,-0.012459705608202643
topology_feature_shuffle_within_degree_bins,external_lung,seed44,target_disjoint,11,5,-0.012328627466211106
topology_feature_shuffle_within_degree_bins,external_lung,seed44,target_disjoint,11,6,-0.018566976075811814
topology_feature_shuffle_within_degree_bins,external_lung,seed44,target_disjoint,11,7,-0.017037731085909724
topology_feature_shuffle_within_degree_bins,external_lung,seed44,target_disjoint,11,8,0.006036876650613532
topology_feature_shuffle_within_degree_bins,external_lung,seed44,target_disjoint,11,9,-0.008085579462482617
topology_feature_shuffle_within_degree_bins,external_lung,seed44,target_disjoint,11,10,-0.009454617834394996
topology_feature_shuffle_within_degree_bins,external_lung,seed44,target_disjoint,11,11,-0.011559150225260217
topology_feature_shuffle_within_degree_bins,external_lung,seed44,target_disjoint,11,12,-0.006143681062606876
topology_feature_shuffle_within_degree_bins,external_lung,seed44,target_disjoint,11,13,-0.003420168556781178
topology_feature_shuffle_within_degree_bins,external_lung,seed44,target_disjoint,11,14,-0.011066393506291905
topology_feature_shuffle_within_degree_bins,external_lung,seed44,target_disjoint,11,15,-0.005653351716638277
topology_feature_shuffle_within_degree_bins,external_lung,seed44,target_disjoint,11,16,-0.010323617368339422
topology_feature_shuffle_within_degree_bins,external_lung,seed44,target_disjoint,11,17,-0.016443024700947717
topology_feature_shuffle_within_degree_bins,external_lung,seed44,target_disjoint,11,18,-0.0035755204287712394
topology_feature_shuffle_within_degree_bins,external_lung,seed44,target_disjoint,11,19,-0.01017312024234901
topology_feature_shuffle_within_degree_bins,external_lung,seed44,target_disjoint,11,20,-0.012950034954171241
topology_feature_shuffle_within_degree_bins,external_lung,seed44,target_disjoint,11,21,-0.006604881932577411
topology_feature_shuffle_within_degree_bins,external_lung,seed44,target_disjoint,11,22,-0.028310451297188233
topology_feature_shuffle_within_degree_bins,external_lung,seed44,target_disjoint,11,23,-0.01724648516389632
topology_feature_shuffle_within_degree_bins,immune,seed42_main,source_disjoint,7,0,0.002717919479610753
topology_feature_shuffle_within_degree_bins,immune,seed42_main,source_disjoint,7,1,-0.008471226983530533
topology_feature_shuffle_within_degree_bins,immune,seed42_main,source_disjoint,7,2,-0.012203102121208231
topology_feature_shuffle_within_degree_bins,immune,seed42_main,source_disjoint,7,3,-0.002850737952392768
topology_feature_shuffle_within_degree_bins,immune,seed42_main,source_disjoint,7,4,-0.0214291267671336
topology_feature_shuffle_within_degree_bins,immune,seed42_main,source_disjoint,7,5,0.005999507599808163
topology_feature_shuffle_within_degree_bins,immune,seed42_main,source_disjoint,7,6,-0.009245461495600793
topology_feature_shuffle_within_degree_bins,immune,seed42_main,source_disjoint,7,7,-0.01799528332447886
topology_feature_shuffle_within_degree_bins,immune,seed42_main,source_disjoint,7,8,-0.016388503751311956
topology_feature_shuffle_within_degree_bins,immune,seed42_main,source_disjoint,7,9,-0.002076503440322397
topology_feature_shuffle_within_degree_bins,immune,seed42_main,source_disjoint,7,10,-0.01630751687766452
topology_feature_shuffle_within_degree_bins,immune,seed42_main,source_disjoint,7,11,-0.004344135902452972
topology_feature_shuffle_within_degree_bins,immune,seed42_main,source_disjoint,7,12,0.009598564264704068
topology_feature_shuffle_within_degree_bins,immune,seed42_main,source_disjoint,7,13,-0.00046972386715560255
topology_feature_shuffle_within_degree_bins,immune,seed42_main,source_disjoint,7,14,-0.027098207922459983
topology_feature_shuffle_within_degree_bins,immune,seed42_main,source_disjoint,7,15,-0.0002364816710507256
topology_feature_shuffle_within_degree_bins,immune,seed42_main,source_disjoint,7,16,-0.011231259637437985
topology_feature_shuffle_within_degree_bins,immune,seed42_main,source_disjoint,7,17,0.010683788371580683
topology_feature_shuffle_within_degree_bins,immune,seed42_main,source_disjoint,7,18,-0.015627227139025424
topology_feature_shuffle_within_degree_bins,immune,seed42_main,source_disjoint,7,19,-0.00948194316665163
topology_feature_shuffle_within_degree_bins,immune,seed42_main,source_disjoint,7,20,0.0010204346079587534
topology_feature_shuffle_within_degree_bins,immune,seed42_main,source_disjoint,7,21,-0.008548974382232122
topology_feature_shuffle_within_degree_bins,immune,seed42_main,source_disjoint,7,22,-0.02042488953390431
topology_feature_shuffle_within_degree_bins,immune,seed42_main,source_disjoint,7,23,-0.00027535537040157543
topology_feature_shuffle_within_degree_bins,immune,seed42_main,source_disjoint,11,0,-0.04970326409495551
topology_feature_shuffle_within_degree_bins,immune,seed42_main,source_disjoint,11,1,-0.04350938799839321
topology_feature_shuffle_within_degree_bins,immune,seed42_main,source_disjoint,11,2,-0.05602671918935376
topology_feature_shuffle_within_degree_bins,immune,seed42_main,source_disjoint,11,3,-0.05425148691900017
topology_feature_shuffle_within_degree_bins,immune,seed42_main,source_disjoint,11,4,-0.0614884739481425
topology_feature_shuffle_within_degree_bins,immune,seed42_main,source_disjoint,11,5,-0.04878001373537377
topology_feature_shuffle_within_degree_bins,immune,seed42_main,source_disjoint,11,6,-0.05036411698391918
topology_feature_shuffle_within_degree_bins,immune,seed42_main,source_disjoint,11,7,-0.048886916408588554
topology_feature_shuffle_within_degree_bins,immune,seed42_main,source_disjoint,11,8,-0.04314008785456058
topology_feature_shuffle_within_degree_bins,immune,seed42_main,source_disjoint,11,9,-0.06484456999209565
topology_feature_shuffle_within_degree_bins,immune,seed42_main,source_disjoint,11,10,-0.05697588534850273
topology_feature_shuffle_within_degree_bins,immune,seed42_main,source_disjoint,11,11,-0.0556023479714407
topology_feature_shuffle_within_degree_bins,immune,seed42_main,source_disjoint,11,12,-0.035417179583533076
topology_feature_shuffle_within_degree_bins,immune,seed42_main,source_disjoint,11,13,-0.0642938592512926
topology_feature_shuffle_within_degree_bins,immune,seed42_main,source_disjoint,11,14,-0.04584504943438772
topology_feature_shuffle_within_degree_bins,immune,seed42_main,source_disjoint,11,15,-0.06121635805268688
topology_feature_shuffle_within_degree_bins,immune,seed42_main,source_disjoint,11,16,-0.04798958184857405
topology_feature_shuffle_within_degree_bins,immune,seed42_main,source_disjoint,11,17,-0.05971972062768072
topology_feature_shuffle_within_degree_bins,immune,seed42_main,source_disjoint,11,18,-0.05495121350731469
topology_feature_shuffle_within_degree_bins,immune,seed42_main,source_disjoint,11,19,-0.04609772848016802
topology_feature_shuffle_within_degree_bins,immune,seed42_main,source_disjoint,11,20,-0.0416304925297708
topology_feature_shuffle_within_degree_bins,immune,seed42_main,source_disjoint,11,21,-0.044746867427727266
topology_feature_shuffle_within_degree_bins,immune,seed42_main,source_disjoint,11,22,-0.05004664843922102
topology_feature_shuffle_within_degree_bins,immune,seed42_main,source_disjoint,11,23,-0.05892928874088088
topology_feature_shuffle_within_degree_bins,immune,seed42_main,target_disjoint,7,0,0.018050066542858234
topology_feature_shuffle_within_degree_bins,immune,seed42_main,target_disjoint,7,1,0.0050501728090195375
topology_feature_shuffle_within_degree_bins,immune,seed42_main,target_disjoint,7,2,0.011689277744323712
topology_feature_shuffle_within_degree_bins,immune,seed42_main,target_disjoint,7,3,-0.004534022882646704
topology_feature_shuffle_within_degree_bins,immune,seed42_main,target_disjoint,7,4,0.02087624040441871
topology_feature_shuffle_within_degree_bins,immune,seed42_main,target_disjoint,7,5,0.012888567279130902
topology_feature_shuffle_within_degree_bins,immune,seed42_main,target_disjoint,7,6,0.00845068997100451
topology_feature_shuffle_within_degree_bins,immune,seed42_main,target_disjoint,7,7,0.03228214171857691
topology_feature_shuffle_within_degree_bins,immune,seed42_main,target_disjoint,7,8,0.0045820956699069715
topology_feature_shuffle_within_degree_bins,immune,seed42_main,target_disjoint,7,9,0.006666936548981095
topology_feature_shuffle_within_degree_bins,immune,seed42_main,target_disjoint,7,10,0.012493864394257703
topology_feature_shuffle_within_degree_bins,immune,seed42_main,target_disjoint,7,11,0.008878284762950606
topology_feature_shuffle_within_degree_bins,immune,seed42_main,target_disjoint,7,12,0.02986585162207711
topology_feature_shuffle_within_degree_bins,immune,seed42_main,target_disjoint,7,13,0.0012929049626296818
topology_feature_shuffle_within_degree_bins,immune,seed42_main,target_disjoint,7,14,0.009847330948248412
topology_feature_shuffle_within_degree_bins,immune,seed42_main,target_disjoint,7,15,0.023497472383448903
topology_feature_shuffle_within_degree_bins,immune,seed42_main,target_disjoint,7,16,0.025739182357793156
topology_feature_shuffle_within_degree_bins,immune,seed42_main,target_disjoint,7,17,0.014108097987521329
topology_feature_shuffle_within_degree_bins,immune,seed42_main,target_disjoint,7,18,-0.0016167637399616686
topology_feature_shuffle_within_degree_bins,immune,seed42_main,target_disjoint,7,19,0.01854597529564772
topology_feature_shuffle_within_degree_bins,immune,seed42_main,target_disjoint,7,20,0.019383453852654386
topology_feature_shuffle_within_degree_bins,immune,seed42_main,target_disjoint,7,21,0.0014270027376188654
topology_feature_shuffle_within_degree_bins,immune,seed42_main,target_disjoint,7,22,0.0045669147897196005
topology_feature_shuffle_within_degree_bins,immune,seed42_main,target_disjoint,7,23,0.00621151014335819
topology_feature_shuffle_within_degree_bins,immune,seed42_main,target_disjoint,11,0,-0.018300551065950743
topology_feature_shuffle_within_degree_bins,immune,seed42_main,target_disjoint,11,1,-0.006411391732492611
topology_feature_shuffle_within_degree_bins,immune,seed42_main,target_disjoint,11,2,-0.010469747035933175
topology_feature_shuffle_within_degree_bins,immune,seed42_main,target_disjoint,11,3,-0.019983098620057982
topology_feature_shuffle_within_degree_bins,immune,seed42_main,target_disjoint,11,4,-0.01545160588410921
topology_feature_shuffle_within_degree_bins,immune,seed42_main,target_disjoint,11,5,-0.017450421775454528
topology_feature_shuffle_within_degree_bins,immune,seed42_main,target_disjoint,11,6,-0.03472120313535776
topology_feature_shuffle_within_degree_bins,immune,seed42_main,target_disjoint,11,7,-0.03204683807567166
topology_feature_shuffle_within_degree_bins,immune,seed42_main,target_disjoint,11,8,-0.03473638401554524
topology_feature_shuffle_within_degree_bins,immune,seed42_main,target_disjoint,11,9,-0.021857937323205956
topology_feature_shuffle_within_degree_bins,immune,seed42_main,target_disjoint,11,10,-0.029000541451393413
topology_feature_shuffle_within_degree_bins,immune,seed42_main,target_disjoint,11,11,-0.02228553211515194
topology_feature_shuffle_within_degree_bins,immune,seed42_main,target_disjoint,11,12,-0.03224671966480619
topology_feature_shuffle_within_degree_bins,immune,seed42_main,target_disjoint,11,13,-0.02283710409529538
topology_feature_shuffle_within_degree_bins,immune,seed42_main,target_disjoint,11,14,-0.027965711451949926
topology_feature_shuffle_within_degree_bins,immune,seed42_main,target_disjoint,11,15,-0.01924176563757163
topology_feature_shuffle_within_degree_bins,immune,seed42_main,target_disjoint,11,16,-0.02191613069725784
topology_feature_shuffle_within_degree_bins,immune,seed42_main,target_disjoint,11,17,-0.01611197417226251
topology_feature_shuffle_within_degree_bins,immune,seed42_main,target_disjoint,11,18,-0.015046782412444282
topology_feature_shuffle_within_degree_bins,immune,seed42_main,target_disjoint,11,19,-0.008038276059245897
topology_feature_shuffle_within_degree_bins,immune,seed42_main,target_disjoint,11,20,-0.01254193718151786
topology_feature_shuffle_within_degree_bins,immune,seed42_main,target_disjoint,11,21,-0.025802436025240683
topology_feature_shuffle_within_degree_bins,immune,seed42_main,target_disjoint,11,22,-0.01621571018687651
topology_feature_shuffle_within_degree_bins,immune,seed42_main,target_disjoint,11,23,-0.03299564308738623
topology_feature_shuffle_within_degree_bins,immune,seed43,source_disjoint,7,0,-0.004648501997108867
topology_feature_shuffle_within_degree_bins,immune,seed43,source_disjoint,7,1,-0.004850610779591813
topology_feature_shuffle_within_degree_bins,immune,seed43,source_disjoint,7,2,-0.006011879885722937
topology_feature_shuffle_within_degree_bins,immune,seed43,source_disjoint,7,3,-0.011571584190297357
topology_feature_shuffle_within_degree_bins,immune,seed43,source_disjoint,7,4,0.01660375031686545
topology_feature_shuffle_within_degree_bins,immune,seed43,source_disjoint,7,5,-0.009358664300737951
topology_feature_shuffle_within_degree_bins,immune,seed43,source_disjoint,7,6,-0.001055076356012985
topology_feature_shuffle_within_degree_bins,immune,seed43,source_disjoint,7,7,-0.006049561184152119
topology_feature_shuffle_within_degree_bins,immune,seed43,source_disjoint,7,8,0.020378731304937614
topology_feature_shuffle_within_degree_bins,immune,seed43,source_disjoint,7,9,0.016093340001781198
topology_feature_shuffle_within_degree_bins,immune,seed43,source_disjoint,7,10,0.003795534423578939
topology_feature_shuffle_within_degree_bins,immune,seed43,source_disjoint,7,11,-0.0005754961941888403
topology_feature_shuffle_within_degree_bins,immune,seed43,source_disjoint,7,12,-0.0008426908557765955
topology_feature_shuffle_within_degree_bins,immune,seed43,source_disjoint,7,13,-0.007536259685806512
topology_feature_shuffle_within_degree_bins,immune,seed43,source_disjoint,7,14,-0.005049293989490278
topology_feature_shuffle_within_degree_bins,immune,seed43,source_disjoint,7,15,0.012773960167442033
topology_feature_shuffle_within_degree_bins,immune,seed43,source_disjoint,7,16,0.007772624194134048
topology_feature_shuffle_within_degree_bins,immune,seed43,source_disjoint,7,17,1.0276717753332498e-05
topology_feature_shuffle_within_degree_bins,immune,seed43,source_disjoint,7,18,0.0031960592212987304
topology_feature_shuffle_within_degree_bins,immune,seed43,source_disjoint,7,19,-0.0036824905282919485
topology_feature_shuffle_within_degree_bins,immune,seed43,source_disjoint,7,20,-0.015692548009399787
topology_feature_shuffle_within_degree_bins,immune,seed43,source_disjoint,7,21,-0.017470420180733304
topology_feature_shuffle_within_degree_bins,immune,seed43,source_disjoint,7,22,0.002740458067565954
topology_feature_shuffle_within_degree_bins,immune,seed43,source_disjoint,7,23,-0.00842348298518103
topology_feature_shuffle_within_degree_bins,immune,seed43,source_disjoint,11,0,-0.055048951432232096
topology_feature_shuffle_within_degree_bins,immune,seed43,source_disjoint,11,1,-0.06273593631175467
topology_feature_shuffle_within_degree_bins,immune,seed43,source_disjoint,11,2,-0.05235302580826395
topology_feature_shuffle_within_degree_bins,immune,seed43,source_disjoint,11,3,-0.04168579278026341
topology_feature_shuffle_within_degree_bins,immune,seed43,source_disjoint,11,4,-0.048348531457033106
topology_feature_shuffle_within_degree_bins,immune,seed43,source_disjoint,11,5,-0.04753324518193225
topology_feature_shuffle_within_degree_bins,immune,seed43,source_disjoint,11,6,-0.06579497262967515
topology_feature_shuffle_within_degree_bins,immune,seed43,source_disjoint,11,7,-0.043497920677441404
topology_feature_shuffle_within_degree_bins,immune,seed43,source_disjoint,11,8,-0.031737929994998804
topology_feature_shuffle_within_degree_bins,immune,seed43,source_disjoint,11,9,-0.04174060194161466
topology_feature_shuffle_within_degree_bins,immune,seed43,source_disjoint,11,10,-0.06616150889621208
topology_feature_shuffle_within_degree_bins,immune,seed43,source_disjoint,11,11,-0.047704523811155086
topology_feature_shuffle_within_degree_bins,immune,seed43,source_disjoint,11,12,-0.0532333979624694
topology_feature_shuffle_within_degree_bins,immune,seed43,source_disjoint,11,13,-0.06411301649070655
topology_feature_shuffle_within_degree_bins,immune,seed43,source_disjoint,11,14,-0.049026794828755715
topology_feature_shuffle_within_degree_bins,immune,seed43,source_disjoint,11,15,-0.06762080281719096
topology_feature_shuffle_within_degree_bins,immune,seed43,source_disjoint,11,16,-0.05226053534848352
topology_feature_shuffle_within_degree_bins,immune,seed43,source_disjoint,11,17,-0.05778598392721346
topology_feature_shuffle_within_degree_bins,immune,seed43,source_disjoint,11,18,-0.07115599372435111
topology_feature_shuffle_within_degree_bins,immune,seed43,source_disjoint,11,19,-0.05315803536561148
topology_feature_shuffle_within_degree_bins,immune,seed43,source_disjoint,11,20,-0.06742554517987687
topology_feature_shuffle_within_degree_bins,immune,seed43,source_disjoint,11,21,-0.062359123327464294
topology_feature_shuffle_within_degree_bins,immune,seed43,source_disjoint,11,22,-0.04573481957509218
topology_feature_shuffle_within_degree_bins,immune,seed43,source_disjoint,11,23,-0.06175964812518431
topology_feature_shuffle_within_degree_bins,immune,seed43,target_disjoint,7,0,-0.0035684244073961313
topology_feature_shuffle_within_degree_bins,immune,seed43,target_disjoint,7,1,0.0011650931813312893
topology_feature_shuffle_within_degree_bins,immune,seed43,target_disjoint,7,2,0.0045663293295227225
topology_feature_shuffle_within_degree_bins,immune,seed43,target_disjoint,7,3,-0.006400175547672249
topology_feature_shuffle_within_degree_bins,immune,seed43,target_disjoint,7,4,0.011170265568100413
topology_feature_shuffle_within_degree_bins,immune,seed43,target_disjoint,7,5,0.028691072669421724
topology_feature_shuffle_within_degree_bins,immune,seed43,target_disjoint,7,6,-1.8286215850538134e-05
topology_feature_shuffle_within_degree_bins,immune,seed43,target_disjoint,7,7,0.02279768653246317
topology_feature_shuffle_within_degree_bins,immune,seed43,target_disjoint,7,8,0.011865141770419196
topology_feature_shuffle_within_degree_bins,immune,seed43,target_disjoint,7,9,0.016057909833281814
topology_feature_shuffle_within_degree_bins,immune,seed43,target_disjoint,7,10,0.00125391194403357
topology_feature_shuffle_within_degree_bins,immune,seed43,target_disjoint,7,11,-0.002591418017669822
topology_feature_shuffle_within_degree_bins,immune,seed43,target_disjoint,7,12,0.006491606626924495
topology_feature_shuffle_within_degree_bins,immune,seed43,target_disjoint,7,13,0.008975919666041388
topology_feature_shuffle_within_degree_bins,immune,seed43,target_disjoint,7,14,0.003113881327683754
topology_feature_shuffle_within_degree_bins,immune,seed43,target_disjoint,7,15,-0.013072032016551605
topology_feature_shuffle_within_degree_bins,immune,seed43,target_disjoint,7,16,0.0014341617859885414
topology_feature_shuffle_within_degree_bins,immune,seed43,target_disjoint,7,17,0.016392286351690877
topology_feature_shuffle_within_degree_bins,immune,seed43,target_disjoint,7,18,0.006909577274935796
topology_feature_shuffle_within_degree_bins,immune,seed43,target_disjoint,7,19,0.011128468503299294
topology_feature_shuffle_within_degree_bins,immune,seed43,target_disjoint,7,20,0.007121174915491468
topology_feature_shuffle_within_degree_bins,immune,seed43,target_disjoint,7,21,0.020117449752091066
topology_feature_shuffle_within_degree_bins,immune,seed43,target_disjoint,7,22,0.0008672890946233025
topology_feature_shuffle_within_degree_bins,immune,seed43,target_disjoint,7,23,0.008354188327124756
topology_feature_shuffle_within_degree_bins,immune,seed43,target_disjoint,11,0,-0.009500995292605396
topology_feature_shuffle_within_degree_bins,immune,seed43,target_disjoint,11,1,-0.016645681057047668
topology_feature_shuffle_within_degree_bins,immune,seed43,target_disjoint,11,2,-0.020569380515253144
topology_feature_shuffle_within_degree_bins,immune,seed43,target_disjoint,11,3,-0.019098646297563526
topology_feature_shuffle_within_degree_bins,immune,seed43,target_disjoint,11,4,-0.02875899289972339
topology_feature_shuffle_within_degree_bins,immune,seed43,target_disjoint,11,5,-0.0041483586815114215
topology_feature_shuffle_within_degree_bins,immune,seed43,target_disjoint,11,6,-0.01745549918756939
topology_feature_shuffle_within_degree_bins,immune,seed43,target_disjoint,11,7,-0.011705790460864729
topology_feature_shuffle_within_degree_bins,immune,seed43,target_disjoint,11,8,-0.015373482897163337
topology_feature_shuffle_within_degree_bins,immune,seed43,target_disjoint,11,9,-0.004999973876834374
topology_feature_shuffle_within_degree_bins,immune,seed43,target_disjoint,11,10,-0.018550059822048826
topology_feature_shuffle_within_degree_bins,immune,seed43,target_disjoint,11,11,0.0019514004629026527
topology_feature_shuffle_within_degree_bins,immune,seed43,target_disjoint,11,12,-0.004171869530462113
topology_feature_shuffle_within_degree_bins,immune,seed43,target_disjoint,11,13,-0.013881850147073216
topology_feature_shuffle_within_degree_bins,immune,seed43,target_disjoint,11,14,-0.01369898798856839
topology_feature_shuffle_within_degree_bins,immune,seed43,target_disjoint,11,15,-0.018351523764243538
topology_feature_shuffle_within_degree_bins,immune,seed43,target_disjoint,11,16,-0.009796187062763417
topology_feature_shuffle_within_degree_bins,immune,seed43,target_disjoint,11,17,-0.027920439287150933
topology_feature_shuffle_within_degree_bins,immune,seed43,target_disjoint,11,18,-0.01774285400807718
topology_feature_shuffle_within_degree_bins,immune,seed43,target_disjoint,11,19,-0.028495148928166403
topology_feature_shuffle_within_degree_bins,immune,seed43,target_disjoint,11,20,-0.01322354637645562
topology_feature_shuffle_within_degree_bins,immune,seed43,target_disjoint,11,21,-0.01225437693637954
topology_feature_shuffle_within_degree_bins,immune,seed43,target_disjoint,11,22,-0.019438247449072854
topology_feature_shuffle_within_degree_bins,immune,seed43,target_disjoint,11,23,-0.018774719045354882
topology_feature_shuffle_within_degree_bins,immune,seed44,source_disjoint,7,0,-0.04159680249561326
topology_feature_shuffle_within_degree_bins,immune,seed44,source_disjoint,7,1,-0.025427308767141166
topology_feature_shuffle_within_degree_bins,immune,seed44,source_disjoint,7,2,-0.023321635146552278
topology_feature_shuffle_within_degree_bins,immune,seed44,source_disjoint,7,3,-0.028098394748813926
topology_feature_shuffle_within_degree_bins,immune,seed44,source_disjoint,7,4,-0.025186846038864008
topology_feature_shuffle_within_degree_bins,immune,seed44,source_disjoint,7,5,-0.019565217391304346
topology_feature_shuffle_within_degree_bins,immune,seed44,source_disjoint,7,6,-0.019968154935984916
topology_feature_shuffle_within_degree_bins,immune,seed44,source_disjoint,7,7,-0.02340287255475404
topology_feature_shuffle_within_degree_bins,immune,seed44,source_disjoint,7,8,-0.023295639175927807
topology_feature_shuffle_within_degree_bins,immune,seed44,source_disjoint,7,9,-0.021436927276272222
topology_feature_shuffle_within_degree_bins,immune,seed44,source_disjoint,7,10,-0.014807954767011022
topology_feature_shuffle_within_degree_bins,immune,seed44,source_disjoint,7,11,-0.03533177357509587
topology_feature_shuffle_within_degree_bins,immune,seed44,source_disjoint,7,12,-0.025118606615974426
topology_feature_shuffle_within_degree_bins,immune,seed44,source_disjoint,7,13,-0.028215376616624432
topology_feature_shuffle_within_degree_bins,immune,seed44,source_disjoint,7,14,-0.02365308377201525
topology_feature_shuffle_within_degree_bins,immune,seed44,source_disjoint,7,15,-0.016214986677065002
topology_feature_shuffle_within_degree_bins,immune,seed44,source_disjoint,7,16,-0.0143530252810814
topology_feature_shuffle_within_degree_bins,immune,seed44,source_disjoint,7,17,0.008780139078442883
topology_feature_shuffle_within_degree_bins,immune,seed44,source_disjoint,7,18,-0.023812309092090755
topology_feature_shuffle_within_degree_bins,immune,seed44,source_disjoint,7,19,-0.030805225190095542
topology_feature_shuffle_within_degree_bins,immune,seed44,source_disjoint,7,20,-0.00641775524793653
topology_feature_shuffle_within_degree_bins,immune,seed44,source_disjoint,7,21,-0.029950607655813366
topology_feature_shuffle_within_degree_bins,immune,seed44,source_disjoint,7,22,-0.011642945343471878
topology_feature_shuffle_within_degree_bins,immune,seed44,source_disjoint,7,23,-0.022684733866250806
topology_feature_shuffle_within_degree_bins,immune,seed44,source_disjoint,11,0,-0.052892051731981526
topology_feature_shuffle_within_degree_bins,immune,seed44,source_disjoint,11,1,-0.0466920127380257
topology_feature_shuffle_within_degree_bins,immune,seed44,source_disjoint,11,2,-0.04826801845713913
topology_feature_shuffle_within_degree_bins,immune,seed44,source_disjoint,11,3,-0.0503574445960876
topology_feature_shuffle_within_degree_bins,immune,seed44,source_disjoint,11,4,-0.032196009618509214
topology_feature_shuffle_within_degree_bins,immune,seed44,source_disjoint,11,5,-0.05415285630727229
topology_feature_shuffle_within_degree_bins,immune,seed44,source_disjoint,11,6,-0.048534477156040756
topology_feature_shuffle_within_degree_bins,immune,seed44,source_disjoint,11,7,-0.05194969779684144
topology_feature_shuffle_within_degree_bins,immune,seed44,source_disjoint,11,8,-0.03462338337557669
topology_feature_shuffle_within_degree_bins,immune,seed44,source_disjoint,11,9,-0.05390264509001108
topology_feature_shuffle_within_degree_bins,immune,seed44,source_disjoint,11,10,-0.055244687073503496
topology_feature_shuffle_within_degree_bins,immune,seed44,source_disjoint,11,11,-0.05043543250796123
topology_feature_shuffle_within_degree_bins,immune,seed44,source_disjoint,11,12,-0.050432183011633214
topology_feature_shuffle_within_degree_bins,immune,seed44,source_disjoint,11,13,-0.04416715409111582
topology_feature_shuffle_within_degree_bins,immune,seed44,source_disjoint,11,14,-0.050916357964515435
topology_feature_shuffle_within_degree_bins,immune,seed44,source_disjoint,11,15,-0.04434912588548767
topology_feature_shuffle_within_degree_bins,immune,seed44,source_disjoint,11,16,-0.04632806914928178
topology_feature_shuffle_within_degree_bins,immune,seed44,source_disjoint,11,17,-0.05397413400922857
topology_feature_shuffle_within_degree_bins,immune,seed44,source_disjoint,11,18,-0.04275362318840581
topology_feature_shuffle_within_degree_bins,immune,seed44,source_disjoint,11,19,-0.03367453044778057
topology_feature_shuffle_within_degree_bins,immune,seed44,source_disjoint,11,20,-0.03112692532657435
topology_feature_shuffle_within_degree_bins,immune,seed44,source_disjoint,11,21,-0.033570546565282355
topology_feature_shuffle_within_degree_bins,immune,seed44,source_disjoint,11,22,-0.03918567622018587
topology_feature_shuffle_within_degree_bins,immune,seed44,source_disjoint,11,23,-0.041021641645545004
topology_feature_shuffle_within_degree_bins,immune,seed44,target_disjoint,7,0,0.01016478550771216
topology_feature_shuffle_within_degree_bins,immune,seed44,target_disjoint,7,1,-0.0024652554627249135
topology_feature_shuffle_within_degree_bins,immune,seed44,target_disjoint,7,2,-0.007579028759640116
topology_feature_shuffle_within_degree_bins,immune,seed44,target_disjoint,7,3,0.005148919505141403
topology_feature_shuffle_within_degree_bins,immune,seed44,target_disjoint,7,4,-4.7698425449937965e-05
topology_feature_shuffle_within_degree_bins,immune,seed44,target_disjoint,7,5,0.009720437017994854
topology_feature_shuffle_within_degree_bins,immune,seed44,target_disjoint,7,6,-0.007558945212082224
topology_feature_shuffle_within_degree_bins,immune,seed44,target_disjoint,7,7,-0.014259318766066897
topology_feature_shuffle_within_degree_bins,immune,seed44,target_disjoint,7,8,0.0019882712082262
topology_feature_shuffle_within_degree_bins,immune,seed44,target_disjoint,7,9,0.0015991524742929863
topology_feature_shuffle_within_degree_bins,immune,seed44,target_disjoint,7,10,0.0004694529241644485
topology_feature_shuffle_within_degree_bins,immune,seed44,target_disjoint,7,11,-0.006687821336760935
topology_feature_shuffle_within_degree_bins,immune,seed44,target_disjoint,7,12,0.0053597967544987135
topology_feature_shuffle_within_degree_bins,immune,seed44,target_disjoint,7,13,0.006253514620822687
topology_feature_shuffle_within_degree_bins,immune,seed44,target_disjoint,7,14,0.005040970437018011
topology_feature_shuffle_within_degree_bins,immune,seed44,target_disjoint,7,15,0.0031907736182519297
topology_feature_shuffle_within_degree_bins,immune,seed44,target_disjoint,7,16,0.020196517512853562
topology_feature_shuffle_within_degree_bins,immune,seed44,target_disjoint,7,17,0.00646941275706947
topology_feature_shuffle_within_degree_bins,immune,seed44,target_disjoint,7,18,0.01719402715295626
topology_feature_shuffle_within_degree_bins,immune,seed44,target_disjoint,7,19,0.00917316034704374
topology_feature_shuffle_within_degree_bins,immune,seed44,target_disjoint,7,20,0.01415890102827766
topology_feature_shuffle_within_degree_bins,immune,seed44,target_disjoint,7,21,0.00390625
topology_feature_shuffle_within_degree_bins,immune,seed44,target_disjoint,7,22,-0.0097831981041131
topology_feature_shuffle_within_degree_bins,immune,seed44,target_disjoint,7,23,-0.005766488592544916
topology_feature_shuffle_within_degree_bins,immune,seed44,target_disjoint,11,0,0.0023899421593831516
topology_feature_shuffle_within_degree_bins,immune,seed44,target_disjoint,11,1,-0.012675228952442108
topology_feature_shuffle_within_degree_bins,immune,seed44,target_disjoint,11,2,-0.021037516066838013
topology_feature_shuffle_within_degree_bins,immune,seed44,target_disjoint,11,3,-0.02303582904884316
topology_feature_shuffle_within_degree_bins,immune,seed44,target_disjoint,11,4,-0.007732165809768654
topology_feature_shuffle_within_degree_bins,immune,seed44,target_disjoint,11,5,0.012524602345758362
topology_feature_shuffle_within_degree_bins,immune,seed44,target_disjoint,11,6,0.009908720276349703
topology_feature_shuffle_within_degree_bins,immune,seed44,target_disjoint,11,7,-0.006933844794344557
topology_feature_shuffle_within_degree_bins,immune,seed44,target_disjoint,11,8,0.007463548361182459
topology_feature_shuffle_within_degree_bins,immune,seed44,target_disjoint,11,9,-0.0012351381748072487
topology_feature_shuffle_within_degree_bins,immune,seed44,target_disjoint,11,10,0.01215556715938304
topology_feature_shuffle_within_degree_bins,immune,seed44,target_disjoint,11,11,-0.009145545469151584
topology_feature_shuffle_within_degree_bins,immune,seed44,target_disjoint,11,12,-0.000928864074550062
topology_feature_shuffle_within_degree_bins,immune,seed44,target_disjoint,11,13,-0.003092866323907484
topology_feature_shuffle_within_degree_bins,immune,seed44,target_disjoint,11,14,0.01395053422236514
topology_feature_shuffle_within_degree_bins,immune,seed44,target_disjoint,11,15,0.009326297397172278
topology_feature_shuffle_within_degree_bins,immune,seed44,target_disjoint,11,16,-0.0002786592223650297
topology_feature_shuffle_within_degree_bins,immune,seed44,target_disjoint,11,17,0.013071879016709587
topology_feature_shuffle_within_degree_bins,immune,seed44,target_disjoint,11,18,0.0022041693444729837
topology_feature_shuffle_within_degree_bins,immune,seed44,target_disjoint,11,19,-0.0009062700835476001
topology_feature_shuffle_within_degree_bins,immune,seed44,target_disjoint,11,20,-0.012640082744215908
topology_feature_shuffle_within_degree_bins,immune,seed44,target_disjoint,11,21,-0.0017799044023135702
topology_feature_shuffle_within_degree_bins,immune,seed44,target_disjoint,11,22,-0.0022895244215938026
topology_feature_shuffle_within_degree_bins,immune,seed44,target_disjoint,11,23,0.009753072782776373
topology_feature_shuffle_within_degree_bins,lung,seed42_main,source_disjoint,7,0,-0.01683533890685074
topology_feature_shuffle_within_degree_bins,lung,seed42_main,source_disjoint,7,1,-0.01980065428248934
topology_feature_shuffle_within_degree_bins,lung,seed42_main,source_disjoint,7,2,-0.03454114135945363
topology_feature_shuffle_within_degree_bins,lung,seed42_main,source_disjoint,7,3,-0.029863595492720663
topology_feature_shuffle_within_degree_bins,lung,seed42_main,source_disjoint,7,4,-0.0304805724015228
topology_feature_shuffle_within_degree_bins,lung,seed42_main,source_disjoint,7,5,-0.021948116546459895
topology_feature_shuffle_within_degree_bins,lung,seed42_main,source_disjoint,7,6,-0.017371008781159714
topology_feature_shuffle_within_degree_bins,lung,seed42_main,source_disjoint,7,7,-0.031934533488932715
topology_feature_shuffle_within_degree_bins,lung,seed42_main,source_disjoint,7,8,-0.018337127661609665
topology_feature_shuffle_within_degree_bins,lung,seed42_main,source_disjoint,7,9,-0.017136653211149544
topology_feature_shuffle_within_degree_bins,lung,seed42_main,source_disjoint,7,10,-0.018839318168774266
topology_feature_shuffle_within_degree_bins,lung,seed42_main,source_disjoint,7,11,-0.022722924757513696
topology_feature_shuffle_within_degree_bins,lung,seed42_main,source_disjoint,7,12,-0.017366226014424835
topology_feature_shuffle_within_degree_bins,lung,seed42_main,source_disjoint,7,13,-0.029614891622505857
topology_feature_shuffle_within_degree_bins,lung,seed42_main,source_disjoint,7,14,-0.028333110137552464
topology_feature_shuffle_within_degree_bins,lung,seed42_main,source_disjoint,7,15,-0.017442750282183228
topology_feature_shuffle_within_degree_bins,lung,seed42_main,source_disjoint,7,16,-0.025219528993131957
topology_feature_shuffle_within_degree_bins,lung,seed42_main,source_disjoint,7,17,-0.015041801381262987
topology_feature_shuffle_within_degree_bins,lung,seed42_main,source_disjoint,7,18,-0.03625815461728299
topology_feature_shuffle_within_degree_bins,lung,seed42_main,source_disjoint,7,19,-0.023134242696715157
topology_feature_shuffle_within_degree_bins,lung,seed42_main,source_disjoint,7,20,-0.012124313672973397
topology_feature_shuffle_within_degree_bins,lung,seed42_main,source_disjoint,7,21,-0.029098352815136508
topology_feature_shuffle_within_degree_bins,lung,seed42_main,source_disjoint,7,22,-0.017146218744619413
topology_feature_shuffle_within_degree_bins,lung,seed42_main,source_disjoint,7,23,-0.017968854623022334
topology_feature_shuffle_within_degree_bins,lung,seed42_main,source_disjoint,11,0,-0.01863365919917348
topology_feature_shuffle_within_degree_bins,lung,seed42_main,source_disjoint,11,1,-0.03656903445505155
topology_feature_shuffle_within_degree_bins,lung,seed42_main,source_disjoint,11,2,-0.025229094526601714
topology_feature_shuffle_within_degree_bins,lung,seed42_main,source_disjoint,11,3,-0.03097798014195252
topology_feature_shuffle_within_degree_bins,lung,seed42_main,source_disjoint,11,4,-0.021211570469285013
topology_feature_shuffle_within_degree_bins,lung,seed42_main,source_disjoint,11,5,-0.020058923686174013
topology_feature_shuffle_within_degree_bins,lung,seed42_main,source_disjoint,11,6,-0.0332306632740908
topology_feature_shuffle_within_degree_bins,lung,seed42_main,source_disjoint,11,7,-0.039285645960475235
topology_feature_shuffle_within_degree_bins,lung,seed42_main,source_disjoint,11,8,-0.008216793250559684
topology_feature_shuffle_within_degree_bins,lung,seed42_main,source_disjoint,11,9,-0.03179105048688563
topology_feature_shuffle_within_degree_bins,lung,seed42_main,source_disjoint,11,10,-0.012291710508695042
topology_feature_shuffle_within_degree_bins,lung,seed42_main,source_disjoint,11,11,-0.0023913833674504836
topology_feature_shuffle_within_degree_bins,lung,seed42_main,source_disjoint,11,12,-0.032073233724244754
topology_feature_shuffle_within_degree_bins,lung,seed42_main,source_disjoint,11,13,-0.01567790935700486
topology_feature_shuffle_within_degree_bins,lung,seed42_main,source_disjoint,11,14,-0.03741558416712909
topology_feature_shuffle_within_degree_bins,lung,seed42_main,source_disjoint,11,15,-0.02127374643683877
topology_feature_shuffle_within_degree_bins,lung,seed42_main,source_disjoint,11,16,0.0007365460771747712
topology_feature_shuffle_within_degree_bins,lung,seed42_main,source_disjoint,11,17,-0.05421266094010058
topology_feature_shuffle_within_degree_bins,lung,seed42_main,source_disjoint,11,18,-0.028409634405310746
topology_feature_shuffle_within_degree_bins,lung,seed42_main,source_disjoint,11,19,-0.03533508063744717
topology_feature_shuffle_within_degree_bins,lung,seed42_main,source_disjoint,11,20,-0.024119492644104734
topology_feature_shuffle_within_degree_bins,lung,seed42_main,source_disjoint,11,21,-0.0378603814734747
topology_feature_shuffle_within_degree_bins,lung,seed42_main,source_disjoint,11,22,-0.004165789826098498
topology_feature_shuffle_within_degree_bins,lung,seed42_main,source_disjoint,11,23,-0.025970423370511364
topology_feature_shuffle_within_degree_bins,lung,seed42_main,target_disjoint,7,0,0.03167744916820714
topology_feature_shuffle_within_degree_bins,lung,seed42_main,target_disjoint,7,1,0.028327171903881676
topology_feature_shuffle_within_degree_bins,lung,seed42_main,target_disjoint,7,2,0.027871666226564673
topology_feature_shuffle_within_degree_bins,lung,seed42_main,target_disjoint,7,3,0.029796012674940697
topology_feature_shuffle_within_degree_bins,lung,seed42_main,target_disjoint,7,4,0.02436295220491158
topology_feature_shuffle_within_degree_bins,lung,seed42_main,target_disjoint,7,5,0.01892329020332706
topology_feature_shuffle_within_degree_bins,lung,seed42_main,target_disjoint,7,6,0.020834433588592605
topology_feature_shuffle_within_degree_bins,lung,seed42_main,target_disjoint,7,7,0.009060602059677847
topology_feature_shuffle_within_degree_bins,lung,seed42_main,target_disjoint,7,8,0.03626881436493268
topology_feature_shuffle_within_degree_bins,lung,seed42_main,target_disjoint,7,9,0.03317929759704252
topology_feature_shuffle_within_degree_bins,lung,seed42_main,target_disjoint,7,10,0.016754687087404352
topology_feature_shuffle_within_degree_bins,lung,seed42_main,target_disjoint,7,11,0.020715606020596744
topology_feature_shuffle_within_degree_bins,lung,seed42_main,target_disjoint,7,12,0.02147478214945875
topology_feature_shuffle_within_degree_bins,lung,seed42_main,target_disjoint,7,13,0.021114998679693686
topology_feature_shuffle_within_degree_bins,lung,seed42_main,target_disjoint,7,14,0.00846976498547658
topology_feature_shuffle_within_degree_bins,lung,seed42_main,target_disjoint,7,15,0.01925336678109313
topology_feature_shuffle_within_degree_bins,lung,seed42_main,target_disjoint,7,16,0.028102719831000766
topology_feature_shuffle_within_degree_bins,lung,seed42_main,target_disjoint,7,17,0.03207684182730397
topology_feature_shuffle_within_degree_bins,lung,seed42_main,target_disjoint,7,18,0.022606944811196183
topology_feature_shuffle_within_degree_bins,lung,seed42_main,target_disjoint,7,19,0.02546210720887243
topology_feature_shuffle_within_degree_bins,lung,seed42_main,target_disjoint,7,20,0.013189860047530977
topology_feature_shuffle_within_degree_bins,lung,seed42_main,target_disjoint,7,21,0.015487193028782653
topology_feature_shuffle_within_degree_bins,lung,seed42_main,target_disjoint,7,22,0.026224584103511916
topology_feature_shuffle_within_degree_bins,lung,seed42_main,target_disjoint,7,23,0.027135595458146367
topology_feature_shuffle_within_degree_bins,lung,seed42_main,target_disjoint,11,0,0.04950158436757324
topology_feature_shuffle_within_degree_bins,lung,seed42_main,target_disjoint,11,1,0.06116318986004754
topology_feature_shuffle_within_degree_bins,lung,seed42_main,target_disjoint,11,2,0.05040599419065228
topology_feature_shuffle_within_degree_bins,lung,seed42_main,target_disjoint,11,3,0.05184512806971209
topology_feature_shuffle_within_degree_bins,lung,seed42_main,target_disjoint,11,4,0.04501914444151045
topology_feature_shuffle_within_degree_bins,lung,seed42_main,target_disjoint,11,5,0.040579614470557135
topology_feature_shuffle_within_degree_bins,lung,seed42_main,target_disjoint,11,6,0.0357373910747294
topology_feature_shuffle_within_degree_bins,lung,seed42_main,target_disjoint,11,7,0.044537232637972046
topology_feature_shuffle_within_degree_bins,lung,seed42_main,target_disjoint,11,8,0.039889754423026114
topology_feature_shuffle_within_degree_bins,lung,seed42_main,target_disjoint,11,9,0.03985674676524953
topology_feature_shuffle_within_degree_bins,lung,seed42_main,target_disjoint,11,10,0.029957750198045918
topology_feature_shuffle_within_degree_bins,lung,seed42_main,target_disjoint,11,11,0.0362160021124901
topology_feature_shuffle_within_degree_bins,lung,seed42_main,target_disjoint,11,12,0.0352422762080804
topology_feature_shuffle_within_degree_bins,lung,seed42_main,target_disjoint,11,13,0.03215275944019014
topology_feature_shuffle_within_degree_bins,lung,seed42_main,target_disjoint,11,14,0.05101663585951943
topology_feature_shuffle_within_degree_bins,lung,seed42_main,target_disjoint,11,15,0.039625693160813324
topology_feature_shuffle_within_degree_bins,lung,seed42_main,target_disjoint,11,16,0.041295880644309446
topology_feature_shuffle_within_degree_bins,lung,seed42_main,target_disjoint,11,17,0.03470095062054401
topology_feature_shuffle_within_degree_bins,lung,seed42_main,target_disjoint,11,18,0.0436658304726697
topology_feature_shuffle_within_degree_bins,lung,seed42_main,target_disjoint,11,19,0.044682466332189086
topology_feature_shuffle_within_degree_bins,lung,seed42_main,target_disjoint,11,20,0.037097306575125444
topology_feature_shuffle_within_degree_bins,lung,seed42_main,target_disjoint,11,21,0.04717454449432268
topology_feature_shuffle_within_degree_bins,lung,seed42_main,target_disjoint,11,22,0.04451742804330605
topology_feature_shuffle_within_degree_bins,lung,seed42_main,target_disjoint,11,23,0.036648402429363625
topology_feature_shuffle_within_degree_bins,lung,seed43,source_disjoint,7,0,-0.024789118161043122
topology_feature_shuffle_within_degree_bins,lung,seed43,source_disjoint,7,1,-0.00414202177712053
topology_feature_shuffle_within_degree_bins,lung,seed43,source_disjoint,7,2,-0.0023356633956176376
topology_feature_shuffle_within_degree_bins,lung,seed43,source_disjoint,7,3,-0.03513997177039929
topology_feature_shuffle_within_degree_bins,lung,seed43,source_disjoint,7,4,-0.0019113792176367328
topology_feature_shuffle_within_degree_bins,lung,seed43,source_disjoint,7,5,-0.005902170990724542
topology_feature_shuffle_within_degree_bins,lung,seed43,source_disjoint,7,6,-0.004982188466191584
topology_feature_shuffle_within_degree_bins,lung,seed43,source_disjoint,7,7,-0.006276045167361133
topology_feature_shuffle_within_degree_bins,lung,seed43,source_disjoint,7,8,-0.011980776986153963
topology_feature_shuffle_within_degree_bins,lung,seed43,source_disjoint,7,9,0.0028901734104046506
topology_feature_shuffle_within_degree_bins,lung,seed43,source_disjoint,7,10,0.010039991934399861
topology_feature_shuffle_within_degree_bins,lung,seed43,source_disjoint,7,11,0.008993984406506339
topology_feature_shuffle_within_degree_bins,lung,seed43,source_disjoint,7,12,0.012879755343460197
topology_feature_shuffle_within_degree_bins,lung,seed43,source_disjoint,7,13,0.010733129452883516
topology_feature_shuffle_within_degree_bins,lung,seed43,source_disjoint,7,14,-0.004797351794596061
topology_feature_shuffle_within_degree_bins,lung,seed43,source_disjoint,7,15,0.0013946767038580665
topology_feature_shuffle_within_degree_bins,lung,seed43,source_disjoint,7,16,-0.00908640274230399
topology_feature_shuffle_within_degree_bins,lung,seed43,source_disjoint,7,17,-0.008002587713402232
topology_feature_shuffle_within_degree_bins,lung,seed43,source_disjoint,7,18,-0.009783741094233078
topology_feature_shuffle_within_degree_bins,lung,seed43,source_disjoint,7,19,-0.01254368866783162
topology_feature_shuffle_within_degree_bins,lung,seed43,source_disjoint,7,20,-0.0036463234305685877
topology_feature_shuffle_within_degree_bins,lung,seed43,source_disjoint,7,21,-0.007183425191558013
topology_feature_shuffle_within_degree_bins,lung,seed43,source_disjoint,7,22,-0.02312978895012774
topology_feature_shuffle_within_degree_bins,lung,seed43,source_disjoint,7,23,-0.0008527691894071321
topology_feature_shuffle_within_degree_bins,lung,seed43,source_disjoint,11,0,0.0006343258502486959
topology_feature_shuffle_within_degree_bins,lung,seed43,source_disjoint,11,1,0.00901078774028774
topology_feature_shuffle_within_degree_bins,lung,seed43,source_disjoint,11,2,0.016261426266971357
topology_feature_shuffle_within_degree_bins,lung,seed43,source_disjoint,11,3,0.003028800914101404
topology_feature_shuffle_within_degree_bins,lung,seed43,source_disjoint,11,4,-0.0018609692162925295
topology_feature_shuffle_within_degree_bins,lung,seed43,source_disjoint,11,5,0.027023961553972242
topology_feature_shuffle_within_degree_bins,lung,seed43,source_disjoint,11,6,0.011921965317919114
topology_feature_shuffle_within_degree_bins,lung,seed43,source_disjoint,11,7,0.01051468611372497
topology_feature_shuffle_within_degree_bins,lung,seed43,source_disjoint,11,8,0.019504469686785875
topology_feature_shuffle_within_degree_bins,lung,seed43,source_disjoint,11,9,0.028288412421024423
topology_feature_shuffle_within_degree_bins,lung,seed43,source_disjoint,11,10,0.004053804274768091
topology_feature_shuffle_within_degree_bins,lung,seed43,source_disjoint,11,11,-0.004935979298292703
topology_feature_shuffle_within_degree_bins,lung,seed43,source_disjoint,11,12,0.0017181408791504538
topology_feature_shuffle_within_degree_bins,lung,seed43,source_disjoint,11,13,0.008926771071380513
topology_feature_shuffle_within_degree_bins,lung,seed43,source_disjoint,11,14,0.004700732625352866
topology_feature_shuffle_within_degree_bins,lung,seed43,source_disjoint,11,15,0.02425141148003762
topology_feature_shuffle_within_degree_bins,lung,seed43,source_disjoint,11,16,0.022474458932652208
topology_feature_shuffle_within_degree_bins,lung,seed43,source_disjoint,11,17,0.012850349509342718
topology_feature_shuffle_within_degree_bins,lung,seed43,source_disjoint,11,18,0.019277624680736682
topology_feature_shuffle_within_degree_bins,lung,seed43,source_disjoint,11,19,0.021100786396020976
topology_feature_shuffle_within_degree_bins,lung,seed43,source_disjoint,11,20,-0.007418671864497961
topology_feature_shuffle_within_degree_bins,lung,seed43,source_disjoint,11,21,0.008099206882645538
topology_feature_shuffle_within_degree_bins,lung,seed43,source_disjoint,11,22,0.00795217771205814
topology_feature_shuffle_within_degree_bins,lung,seed43,source_disjoint,11,23,0.006158421830891214
topology_feature_shuffle_within_degree_bins,lung,seed43,target_disjoint,7,0,0.03381644265102912
topology_feature_shuffle_within_degree_bins,lung,seed43,target_disjoint,7,1,0.022498330769007535
topology_feature_shuffle_within_degree_bins,lung,seed43,target_disjoint,7,2,0.03670856678375478
topology_feature_shuffle_within_degree_bins,lung,seed43,target_disjoint,7,3,0.045446628153395174
topology_feature_shuffle_within_degree_bins,lung,seed43,target_disjoint,7,4,0.01646732661770256
topology_feature_shuffle_within_degree_bins,lung,seed43,target_disjoint,7,5,0.029487328359508846
topology_feature_shuffle_within_degree_bins,lung,seed43,target_disjoint,7,6,0.03593201149592129
topology_feature_shuffle_within_degree_bins,lung,seed43,target_disjoint,7,7,0.027462478590298156
topology_feature_shuffle_within_degree_bins,lung,seed43,target_disjoint,7,8,0.03339550613986708
topology_feature_shuffle_within_degree_bins,lung,seed43,target_disjoint,7,9,0.02498766220570736
topology_feature_shuffle_within_degree_bins,lung,seed43,target_disjoint,7,10,0.02477719395012634
topology_feature_shuffle_within_degree_bins,lung,seed43,target_disjoint,7,11,0.02874706070194799
topology_feature_shuffle_within_degree_bins,lung,seed43,target_disjoint,7,12,0.03890396841524668
topology_feature_shuffle_within_degree_bins,lung,seed43,target_disjoint,7,13,0.01771562109907976
topology_feature_shuffle_within_degree_bins,lung,seed43,target_disjoint,7,14,0.020604116468778133
topology_feature_shuffle_within_degree_bins,lung,seed43,target_disjoint,7,15,0.016674166110256405
topology_feature_shuffle_within_degree_bins,lung,seed43,target_disjoint,7,16,0.0272157227044445
topology_feature_shuffle_within_degree_bins,lung,seed43,target_disjoint,7,17,0.02421110691787387
topology_feature_shuffle_within_degree_bins,lung,seed43,target_disjoint,7,18,0.03461477051702622
topology_feature_shuffle_within_degree_bins,lung,seed43,target_disjoint,7,19,0.03261169332597902
topology_feature_shuffle_within_degree_bins,lung,seed43,target_disjoint,7,20,0.01500130635468988
topology_feature_shuffle_within_degree_bins,lung,seed43,target_disjoint,7,21,0.0327895027143148
topology_feature_shuffle_within_degree_bins,lung,seed43,target_disjoint,7,22,0.023024501407960085
topology_feature_shuffle_within_degree_bins,lung,seed43,target_disjoint,7,23,0.0249150869451622
topology_feature_shuffle_within_degree_bins,lung,seed43,target_disjoint,11,0,0.0345530815455628
topology_feature_shuffle_within_degree_bins,lung,seed43,target_disjoint,11,1,0.02753142508781603
topology_feature_shuffle_within_degree_bins,lung,seed43,target_disjoint,11,2,0.028442244607658207
topology_feature_shuffle_within_degree_bins,lung,seed43,target_disjoint,11,3,0.03855923592765709
topology_feature_shuffle_within_degree_bins,lung,seed43,target_disjoint,11,4,0.04097599210381164
topology_feature_shuffle_within_degree_bins,lung,seed43,target_disjoint,11,5,0.04386085871048273
topology_feature_shuffle_within_degree_bins,lung,seed43,target_disjoint,11,6,0.046611461085145356
topology_feature_shuffle_within_degree_bins,lung,seed43,target_disjoint,11,7,0.03834513890904878
topology_feature_shuffle_within_degree_bins,lung,seed43,target_disjoint,11,8,0.03382370017708369
topology_feature_shuffle_within_degree_bins,lung,seed43,target_disjoint,11,9,0.040544169303567856
topology_feature_shuffle_within_degree_bins,lung,seed43,target_disjoint,11,10,0.030543298400441232
topology_feature_shuffle_within_degree_bins,lung,seed43,target_disjoint,11,11,0.0297994019798532
topology_feature_shuffle_within_degree_bins,lung,seed43,target_disjoint,11,12,0.039832931750225065
topology_feature_shuffle_within_degree_bins,lung,seed43,target_disjoint,11,13,0.0342736667924638
topology_feature_shuffle_within_degree_bins,lung,seed43,target_disjoint,11,14,0.03946642668447187
topology_feature_shuffle_within_degree_bins,lung,seed43,target_disjoint,11,15,0.03755406856910626
topology_feature_shuffle_within_degree_bins,lung,seed43,target_disjoint,11,16,0.040642145905303906
topology_feature_shuffle_within_degree_bins,lung,seed43,target_disjoint,11,17,0.0466658925305542
topology_feature_shuffle_within_degree_bins,lung,seed43,target_disjoint,11,18,0.041128400150956645
topology_feature_shuffle_within_degree_bins,lung,seed43,target_disjoint,11,19,0.02565172583969577
topology_feature_shuffle_within_degree_bins,lung,seed43,target_disjoint,11,20,0.02127180886579383
topology_feature_shuffle_within_degree_bins,lung,seed43,target_disjoint,11,21,0.04717391935437054
topology_feature_shuffle_within_degree_bins,lung,seed43,target_disjoint,11,22,0.043138734868058304
topology_feature_shuffle_within_degree_bins,lung,seed43,target_disjoint,11,23,0.04284843382587744
topology_feature_shuffle_within_degree_bins,lung,seed44,source_disjoint,7,0,-0.0069131119092779025
topology_feature_shuffle_within_degree_bins,lung,seed44,source_disjoint,7,1,-0.0013398442229306529
topology_feature_shuffle_within_degree_bins,lung,seed44,source_disjoint,7,2,-0.01118689212639723
topology_feature_shuffle_within_degree_bins,lung,seed44,source_disjoint,7,3,-0.017018443036442066
topology_feature_shuffle_within_degree_bins,lung,seed44,source_disjoint,7,4,-0.01127164130917302
topology_feature_shuffle_within_degree_bins,lung,seed44,source_disjoint,7,5,-0.021126760563380254
topology_feature_shuffle_within_degree_bins,lung,seed44,source_disjoint,7,6,-0.011142499697324282
topology_feature_shuffle_within_degree_bins,lung,seed44,source_disjoint,7,7,-0.012692199039509133
topology_feature_shuffle_within_degree_bins,lung,seed44,source_disjoint,7,8,-0.006053513055409687
topology_feature_shuffle_within_degree_bins,lung,seed44,source_disjoint,7,9,0.0013277371968200002
topology_feature_shuffle_within_degree_bins,lung,seed44,source_disjoint,7,10,-0.02486379595625332
topology_feature_shuffle_within_degree_bins,lung,seed44,source_disjoint,7,11,-0.01601355986924402
topology_feature_shuffle_within_degree_bins,lung,seed44,source_disjoint,7,12,-0.012377416360627946
topology_feature_shuffle_within_degree_bins,lung,seed44,source_disjoint,7,13,-0.01525081722426247
topology_feature_shuffle_within_degree_bins,lung,seed44,source_disjoint,7,14,0.005500625529682446
topology_feature_shuffle_within_degree_bins,lung,seed44,source_disjoint,7,15,-0.008115743169619383
topology_feature_shuffle_within_degree_bins,lung,seed44,source_disjoint,7,16,-0.006025263327817831
topology_feature_shuffle_within_degree_bins,lung,seed44,source_disjoint,7,17,-0.008341740990354674
topology_feature_shuffle_within_degree_bins,lung,seed44,source_disjoint,7,18,-0.010553291093264416
topology_feature_shuffle_within_degree_bins,lung,seed44,source_disjoint,7,19,-0.016130594454981995
topology_feature_shuffle_within_degree_bins,lung,seed44,source_disjoint,7,20,-0.009475765769401456
topology_feature_shuffle_within_degree_bins,lung,seed44,source_disjoint,7,21,0.0008030993986843926
topology_feature_shuffle_within_degree_bins,lung,seed44,source_disjoint,7,22,-0.022676459905565105
topology_feature_shuffle_within_degree_bins,lung,seed44,source_disjoint,7,23,-0.015170103716857009
topology_feature_shuffle_within_degree_bins,lung,seed44,source_disjoint,11,0,-0.038883732192582454
topology_feature_shuffle_within_degree_bins,lung,seed44,source_disjoint,11,1,-0.04740707857459947
topology_feature_shuffle_within_degree_bins,lung,seed44,source_disjoint,11,2,-0.040001614270148145
topology_feature_shuffle_within_degree_bins,lung,seed44,source_disjoint,11,3,-0.04009039912829404
topology_feature_shuffle_within_degree_bins,lung,seed44,source_disjoint,11,4,-0.04521974252391148
topology_feature_shuffle_within_degree_bins,lung,seed44,source_disjoint,11,5,-0.029290931837443024
topology_feature_shuffle_within_degree_bins,lung,seed44,source_disjoint,11,6,-0.04175713305621698
topology_feature_shuffle_within_degree_bins,lung,seed44,source_disjoint,11,7,-0.04521167117317082
topology_feature_shuffle_within_degree_bins,lung,seed44,source_disjoint,11,8,-0.024980830541991184
topology_feature_shuffle_within_degree_bins,lung,seed44,source_disjoint,11,9,-0.05060333346785584
topology_feature_shuffle_within_degree_bins,lung,seed44,source_disjoint,11,10,-0.031466160862020254
topology_feature_shuffle_within_degree_bins,lung,seed44,source_disjoint,11,11,-0.04216473626861461
topology_feature_shuffle_within_degree_bins,lung,seed44,source_disjoint,11,12,-0.05209653335485692
topology_feature_shuffle_within_degree_bins,lung,seed44,source_disjoint,11,13,-0.035090197344525675
topology_feature_shuffle_within_degree_bins,lung,seed44,source_disjoint,11,14,-0.01931070664675738
topology_feature_shuffle_within_degree_bins,lung,seed44,source_disjoint,11,15,-0.048415997417167844
topology_feature_shuffle_within_degree_bins,lung,seed44,source_disjoint,11,16,-0.029169861576334832
topology_feature_shuffle_within_degree_bins,lung,seed44,source_disjoint,11,17,-0.035651156220993574
topology_feature_shuffle_within_degree_bins,lung,seed44,source_disjoint,11,18,-0.05279066951854394
topology_feature_shuffle_within_degree_bins,lung,seed44,source_disjoint,11,19,-0.03974333104645067
topology_feature_shuffle_within_degree_bins,lung,seed44,source_disjoint,11,20,-0.03960208240849117
topology_feature_shuffle_within_degree_bins,lung,seed44,source_disjoint,11,21,-0.03958190403163975
topology_feature_shuffle_within_degree_bins,lung,seed44,source_disjoint,11,22,-0.037725493361314144
topology_feature_shuffle_within_degree_bins,lung,seed44,source_disjoint,11,23,-0.030392671213527733
topology_feature_shuffle_within_degree_bins,lung,seed44,target_disjoint,7,0,-0.009498529306262937
topology_feature_shuffle_within_degree_bins,lung,seed44,target_disjoint,7,1,-0.0048532893320898385
topology_feature_shuffle_within_degree_bins,lung,seed44,target_disjoint,7,2,0.0005667551474280996
topology_feature_shuffle_within_degree_bins,lung,seed44,target_disjoint,7,3,-0.01568620417533534
topology_feature_shuffle_within_degree_bins,lung,seed44,target_disjoint,7,4,-0.012719707296075744
topology_feature_shuffle_within_degree_bins,lung,seed44,target_disjoint,7,5,-0.009416026974675362
topology_feature_shuffle_within_degree_bins,lung,seed44,target_disjoint,7,6,-0.012691010832914795
topology_feature_shuffle_within_degree_bins,lung,seed44,target_disjoint,7,7,-0.0031386756582251207
topology_feature_shuffle_within_degree_bins,lung,seed44,target_disjoint,7,8,-0.020636344070593282
topology_feature_shuffle_within_degree_bins,lung,seed44,target_disjoint,7,9,-0.0035727096635339572
topology_feature_shuffle_within_degree_bins,lung,seed44,target_disjoint,7,10,-0.01251165793815906
topology_feature_shuffle_within_degree_bins,lung,seed44,target_disjoint,7,11,-0.02269531530238894
topology_feature_shuffle_within_degree_bins,lung,seed44,target_disjoint,7,12,-0.014950857306836873
topology_feature_shuffle_within_degree_bins,lung,seed44,target_disjoint,7,13,-0.015499677164789505
topology_feature_shuffle_within_degree_bins,lung,seed44,target_disjoint,7,14,-0.014301599827821199
topology_feature_shuffle_within_degree_bins,lung,seed44,target_disjoint,7,15,-0.020801348733768488
topology_feature_shuffle_within_degree_bins,lung,seed44,target_disjoint,7,16,0.009179281153597785
topology_feature_shuffle_within_degree_bins,lung,seed44,target_disjoint,7,17,-0.019402396154673873
topology_feature_shuffle_within_degree_bins,lung,seed44,target_disjoint,7,18,-0.0005739292632183091
topology_feature_shuffle_within_degree_bins,lung,seed44,target_disjoint,7,19,-0.020722433460076073
topology_feature_shuffle_within_degree_bins,lung,seed44,target_disjoint,7,20,-0.011467824090680812
topology_feature_shuffle_within_degree_bins,lung,seed44,target_disjoint,7,21,-0.024556998349953396
topology_feature_shuffle_within_degree_bins,lung,seed44,target_disjoint,7,22,-0.003963698974101426
topology_feature_shuffle_within_degree_bins,lung,seed44,target_disjoint,7,23,-0.00945548461152157
topology_feature_shuffle_within_degree_bins,lung,seed44,target_disjoint,11,0,0.00993256331157183
topology_feature_shuffle_within_degree_bins,lung,seed44,target_disjoint,11,1,0.02320826458139036
topology_feature_shuffle_within_degree_bins,lung,seed44,target_disjoint,11,2,0.02355620919721646
topology_feature_shuffle_within_degree_bins,lung,seed44,target_disjoint,11,3,0.027946768060836513
topology_feature_shuffle_within_degree_bins,lung,seed44,target_disjoint,11,4,0.02244780830762605
topology_feature_shuffle_within_degree_bins,lung,seed44,target_disjoint,11,5,0.0320754716981132
topology_feature_shuffle_within_degree_bins,lung,seed44,target_disjoint,11,6,0.020855154602195225
topology_feature_shuffle_within_degree_bins,lung,seed44,target_disjoint,11,7,0.022322261281296996
topology_feature_shuffle_within_degree_bins,lung,seed44,target_disjoint,11,8,0.016217088743812225
topology_feature_shuffle_within_degree_bins,lung,seed44,target_disjoint,11,9,0.03151589066647531
topology_feature_shuffle_within_degree_bins,lung,seed44,target_disjoint,11,10,0.0470729607575866
topology_feature_shuffle_within_degree_bins,lung,seed44,target_disjoint,11,11,0.03480880981419032
topology_feature_shuffle_within_degree_bins,lung,seed44,target_disjoint,11,12,0.02743023172393999
topology_feature_shuffle_within_degree_bins,lung,seed44,target_disjoint,11,13,0.038661309993543336
topology_feature_shuffle_within_degree_bins,lung,seed44,target_disjoint,11,14,0.030274768634765747
topology_feature_shuffle_within_degree_bins,lung,seed44,target_disjoint,11,15,0.03858598177774586
topology_feature_shuffle_within_degree_bins,lung,seed44,target_disjoint,11,16,0.02594877681325769
topology_feature_shuffle_within_degree_bins,lung,seed44,target_disjoint,11,17,0.02783198220819283
topology_feature_shuffle_within_degree_bins,lung,seed44,target_disjoint,11,18,0.031074682545376264
topology_feature_shuffle_within_degree_bins,lung,seed44,target_disjoint,11,19,0.022311500107611737
topology_feature_shuffle_within_degree_bins,lung,seed44,target_disjoint,11,20,0.015783054738503388
topology_feature_shuffle_within_degree_bins,lung,seed44,target_disjoint,11,21,0.031071095487481104
topology_feature_shuffle_within_degree_bins,lung,seed44,target_disjoint,11,22,0.021091900423272802
topology_feature_shuffle_within_degree_bins,lung,seed44,target_disjoint,11,23,0.020109046560011556
