null_kind,domain,seed_tag,split_regime,layer,perm_idx,null_delta_auc,null_spearman
layer_placebo,external_lung,all,all,-1,0,,0.1185705886540465
layer_placebo,external_lung,all,all,-1,1,,0.14298218043576197
layer_placebo,external_lung,all,all,-1,2,,0.06626003483608481
layer_placebo,external_lung,all,all,-1,3,,0.12380164403584266
layer_placebo,external_lung,all,all,-1,4,,0.14298218043576197
layer_placebo,external_lung,all,all,-1,5,,0.09590268199959644
layer_placebo,external_lung,all,all,-1,6,,0.04882318356343092
layer_placebo,external_lung,all,all,-1,7,,0.17436851272653897
layer_placebo,external_lung,all,all,-1,8,,0.2388848624353584
layer_placebo,external_lung,all,all,-1,9,,0.1534442911993543
layer_placebo,external_lung,all,all,-1,10,,0.16041903170841587
layer_placebo,external_lung,all,all,-1,11,,0.1761121978538044
layer_placebo,external_lung,all,all,-1,12,,0.23191012192629684
layer_placebo,external_lung,all,all,-1,13,,0.1795995681083351
layer_placebo,external_lung,all,all,-1,14,,0.16739377221747742
layer_placebo,external_lung,all,all,-1,15,,0.19878010450825442
layer_placebo,external_lung,all,all,-1,16,,0.10985216301771954
layer_placebo,external_lung,all,all,-1,17,,0.19006167887192746
layer_placebo,external_lung,all,all,-1,18,,0.205754845017316
layer_placebo,external_lung,all,all,-1,19,,0.03487370254530779
layer_placebo,external_lung,all,all,-1,20,,0.1203142737813119
layer_placebo,external_lung,all,all,-1,21,,0.3243254336713625
layer_placebo,external_lung,all,all,-1,22,,0.10810847789045416
layer_placebo,external_lung,all,all,-1,23,,0.102877422508658
layer_placebo,external_lung,all,all,-1,24,,0.2423722326898892
layer_placebo,external_lung,all,all,-1,25,,0.06974740509061558
layer_placebo,external_lung,all,all,-1,26,,0.14646955069029274
layer_placebo,external_lung,all,all,-1,27,,0.1795995681083351
layer_placebo,external_lung,all,all,-1,28,,0.027898962036246235
layer_placebo,external_lung,all,all,-1,29,,0.1185705886540465
layer_placebo,external_lung,all,all,-1,30,,0.17436851272653897
layer_placebo,external_lung,all,all,-1,31,,0.14821323581755813
layer_placebo,external_lung,all,all,-1,32,,0.10462110763592339
layer_placebo,external_lung,all,all,-1,33,,0.09590268199959644
layer_placebo,external_lung,all,all,-1,34,,0.19006167887192746
layer_placebo,external_lung,all,all,-1,35,,0.20226747476278523
layer_placebo,external_lung,all,all,-1,36,,0.21796064090817371
layer_placebo,external_lung,all,all,-1,37,,0.25632171370801227
layer_placebo,external_lung,all,all,-1,38,,0.12380164403584266
layer_placebo,external_lung,all,all,-1,39,,0.27201487985340084
layer_placebo,external_lung,all,all,-1,40,,0.09241531174506565
layer_placebo,external_lung,all,all,-1,41,,0.27550225010793156
layer_placebo,external_lung,all,all,-1,42,,0.11159584814498494
layer_placebo,external_lung,all,all,-1,43,,0.14646955069029274
layer_placebo,external_lung,all,all,-1,44,,0.29119541625332007
layer_placebo,external_lung,all,all,-1,45,,0.16216271683568126
layer_placebo,external_lung,all,all,-1,46,,0.1865743086173967
layer_placebo,external_lung,all,all,-1,47,,0.20226747476278523
layer_placebo,external_lung,all,all,-1,48,,0.29119541625332007
layer_placebo,external_lung,all,all,-1,49,,0.11159584814498494
layer_placebo,external_lung,all,all,-1,50,,0.11333953327225034
layer_placebo,external_lung,all,all,-1,51,,0.2388848624353584
layer_placebo,external_lung,all,all,-1,52,,0.27550225010793156
layer_placebo,external_lung,all,all,-1,53,,0.28073330548972775
layer_placebo,external_lung,all,all,-1,54,,0.08195320098147331
layer_placebo,external_lung,all,all,-1,55,,0.17785588298106977
layer_placebo,external_lung,all,all,-1,56,,0.12903269941763884
layer_placebo,external_lung,all,all,-1,57,,0.19180536399919287
layer_placebo,external_lung,all,all,-1,58,,0.19529273425372368
layer_placebo,external_lung,all,all,-1,59,,0.19703641938098904
layer_placebo,external_lung,all,all,-1,60,,0.13252006967216962
layer_placebo,external_lung,all,all,-1,61,,0.020924221527184678
layer_placebo,external_lung,all,all,-1,62,,0.16565008709021203
layer_placebo,external_lung,all,all,-1,63,,0.04359212818163474
layer_placebo,external_lung,all,all,-1,64,,0.12728901429037345
layer_placebo,external_lung,all,all,-1,65,,0.23016643679903145
layer_placebo,external_lung,all,all,-1,66,,0.1203142737813119
layer_placebo,external_lung,all,all,-1,67,,0.1830869383628659
layer_placebo,external_lung,all,all,-1,68,,0.10985216301771954
layer_placebo,external_lung,all,all,-1,69,,0.08369688610873871
layer_placebo,external_lung,all,all,-1,70,,0.041848443054369355
layer_placebo,external_lung,all,all,-1,71,,0.14821323581755813
layer_placebo,external_lung,all,all,-1,72,,0.17436851272653897
layer_placebo,external_lung,all,all,-1,73,,0.13252006967216962
layer_placebo,external_lung,all,all,-1,74,,0.13949481018123117
layer_placebo,external_lung,all,all,-1,75,,0.2580653988352777
layer_placebo,external_lung,all,all,-1,76,,0.26852750959887
layer_placebo,external_lung,all,all,-1,77,,0.26504013934433923
layer_placebo,external_lung,all,all,-1,78,,0.1499569209448235
layer_placebo,external_lung,all,all,-1,79,,0.13949481018123117
layer_placebo,external_lung,all,all,-1,80,,0.16216271683568126
layer_placebo,external_lung,all,all,-1,81,,0.10636479276318876
layer_placebo,external_lung,all,all,-1,82,,0.23365380705356223
layer_placebo,external_lung,all,all,-1,83,,0.14298218043576197
layer_placebo,external_lung,all,all,-1,84,,0.16041903170841587
layer_placebo,external_lung,all,all,-1,85,,0.2040111598900506
layer_placebo,external_lung,all,all,-1,86,,0.14821323581755813
layer_placebo,external_lung,all,all,-1,87,,0.12903269941763884
layer_placebo,external_lung,all,all,-1,88,,0.19006167887192746
layer_placebo,external_lung,all,all,-1,89,,0.13600743992670042
layer_placebo,external_lung,all,all,-1,90,,0.07672214559967715
layer_placebo,external_lung,all,all,-1,91,,0.10113373738139261
layer_placebo,external_lung,all,all,-1,92,,0.06800371996335021
layer_placebo,external_lung,all,all,-1,93,,0.22319169628996988
layer_placebo,external_lung,all,all,-1,94,,0.06451634970881942
layer_placebo,external_lung,all,all,-1,95,,0.03836107279983857
layer_placebo,external_lung,all,all,-1,96,,0.1848306234901313
layer_placebo,external_lung,all,all,-1,97,,0.21970432603543907
layer_placebo,external_lung,all,all,-1,98,,0.12554532916310804
layer_placebo,external_lung,all,all,-1,99,,0.18831799374466207
layer_placebo,external_lung,all,all,-1,100,,0.12380164403584266
layer_placebo,external_lung,all,all,-1,101,,0.04533581330890013
layer_placebo,external_lung,all,all,-1,102,,0.13775112505396578
layer_placebo,external_lung,all,all,-1,103,,0.08892794149053489
layer_placebo,external_lung,all,all,-1,104,,0.15867534658115046
layer_placebo,external_lung,all,all,-1,105,,0.19006167887192746
layer_placebo,external_lung,all,all,-1,106,,0.23016643679903145
layer_placebo,external_lung,all,all,-1,107,,0.14123849530849658
layer_placebo,external_lung,all,all,-1,108,,0.14298218043576197
layer_placebo,external_lung,all,all,-1,109,,0.1569316614538851
layer_placebo,external_lung,all,all,-1,110,,0.05928529432702325
layer_placebo,external_lung,all,all,-1,111,,0.11159584814498494
layer_placebo,external_lung,all,all,-1,112,,0.11159584814498494
layer_placebo,external_lung,all,all,-1,113,,0.16216271683568126
layer_placebo,external_lung,all,all,-1,114,,0.21970432603543907
layer_placebo,external_lung,all,all,-1,115,,0.19354904912645826
layer_placebo,external_lung,all,all,-1,116,,0.09764636712686184
layer_placebo,external_lung,all,all,-1,117,,0.25980908396254304
layer_placebo,external_lung,all,all,-1,118,,0.09067162661780026
layer_placebo,external_lung,all,all,-1,119,,0.09764636712686184
layer_placebo,external_lung,all,all,-1,120,,0.3243254336713625
layer_placebo,external_lung,all,all,-1,121,,0.19529273425372368
layer_placebo,external_lung,all,all,-1,122,,0.2109859003991122
layer_placebo,external_lung,all,all,-1,123,,0.18831799374466207
layer_placebo,external_lung,all,all,-1,124,,0.10113373738139261
layer_placebo,external_lung,all,all,-1,125,,0.1848306234901313
layer_placebo,external_lung,all,all,-1,126,,0.06974740509061558
layer_placebo,external_lung,all,all,-1,127,,0.1865743086173967
layer_placebo,external_lung,all,all,-1,128,,0.14123849530849658
layer_placebo,external_lung,all,all,-1,129,,0.14646955069029274
layer_placebo,external_lung,all,all,-1,130,,0.10985216301771954
layer_placebo,external_lung,all,all,-1,131,,0.11508321839951573
layer_placebo,external_lung,all,all,-1,132,,0.26329645421707387
layer_placebo,external_lung,all,all,-1,133,,0.06277266458155402
layer_placebo,external_lung,all,all,-1,134,,0.12554532916310804
layer_placebo,external_lung,all,all,-1,135,,0.16739377221747742
layer_placebo,external_lung,all,all,-1,136,,0.11159584814498494
layer_placebo,external_lung,all,all,-1,137,,0.19529273425372368
layer_placebo,external_lung,all,all,-1,138,,0.10113373738139261
layer_placebo,external_lung,all,all,-1,139,,0.12380164403584266
layer_placebo,external_lung,all,all,-1,140,,0.1534442911993543
layer_placebo,external_lung,all,all,-1,141,,0.1499569209448235
layer_placebo,external_lung,all,all,-1,142,,0.15518797632661968
layer_placebo,external_lung,all,all,-1,143,,0.24411591781715453
layer_placebo,external_lung,all,all,-1,144,,0.08195320098147331
layer_placebo,external_lung,all,all,-1,145,,0.19180536399919287
layer_placebo,external_lung,all,all,-1,146,,0.19180536399919287
layer_placebo,external_lung,all,all,-1,147,,0.14123849530849658
layer_placebo,external_lung,all,all,-1,148,,0.102877422508658
layer_placebo,external_lung,all,all,-1,149,,0.1499569209448235
layer_placebo,external_lung,all,all,-1,150,,0.0
layer_placebo,external_lung,all,all,-1,151,,0.28247699061699316
layer_placebo,external_lung,all,all,-1,152,,0.04882318356343092
layer_placebo,external_lung,all,all,-1,153,,0.17088114247200822
layer_placebo,external_lung,all,all,-1,154,,0.2545780285807469
layer_placebo,external_lung,all,all,-1,155,,0.20226747476278523
layer_placebo,external_lung,all,all,-1,156,,0.1795995681083351
layer_placebo,external_lung,all,all,-1,157,,0.13949481018123117
layer_placebo,external_lung,all,all,-1,158,,0.05579792407249247
layer_placebo,external_lung,all,all,-1,159,,0.1203142737813119
layer_placebo,external_lung,all,all,-1,160,,0.18831799374466207
layer_placebo,external_lung,all,all,-1,161,,0.23539749218082762
layer_placebo,external_lung,all,all,-1,162,,0.17785588298106977
layer_placebo,external_lung,all,all,-1,163,,0.13775112505396578
layer_placebo,external_lung,all,all,-1,164,,0.10462110763592339
layer_placebo,external_lung,all,all,-1,165,,0.19529273425372368
layer_placebo,external_lung,all,all,-1,166,,0.08369688610873871
layer_placebo,external_lung,all,all,-1,167,,0.1499569209448235
layer_placebo,external_lung,all,all,-1,168,,0.19529273425372368
layer_placebo,external_lung,all,all,-1,169,,0.1830869383628659
layer_placebo,external_lung,all,all,-1,170,,0.13949481018123117
layer_placebo,external_lung,all,all,-1,171,,0.10636479276318876
layer_placebo,external_lung,all,all,-1,172,,0.12205795890857726
layer_placebo,external_lung,all,all,-1,173,,0.13949481018123117
layer_placebo,external_lung,all,all,-1,174,,0.13949481018123117
layer_placebo,external_lung,all,all,-1,175,,0.1185705886540465
layer_placebo,external_lung,all,all,-1,176,,0.08369688610873871
layer_placebo,external_lung,all,all,-1,177,,0.14123849530849658
layer_placebo,external_lung,all,all,-1,178,,0.23191012192629684
layer_placebo,external_lung,all,all,-1,179,,0.17436851272653897
layer_placebo,external_lung,all,all,-1,180,,0.04359212818163474
layer_placebo,external_lung,all,all,-1,181,,0.2842206757442585
layer_placebo,external_lung,all,all,-1,182,,0.134263754799435
layer_placebo,external_lung,all,all,-1,183,,0.09415899687233104
layer_placebo,external_lung,all,all,-1,184,,0.102877422508658
layer_placebo,external_lung,all,all,-1,185,,0.0017436851272653897
layer_placebo,external_lung,all,all,-1,186,,0.12903269941763884
layer_placebo,external_lung,all,all,-1,187,,0.11682690352678111
layer_placebo,external_lung,all,all,-1,188,,0.2388848624353584
layer_placebo,external_lung,all,all,-1,189,,0.1534442911993543
layer_placebo,external_lung,all,all,-1,190,,0.14646955069029274
layer_placebo,external_lung,all,all,-1,191,,0.20226747476278523
layer_placebo,external_lung,all,all,-1,192,,0.14821323581755813
layer_placebo,external_lung,all,all,-1,193,,0.2528343434534815
layer_placebo,external_lung,all,all,-1,194,,0.013949481018123117
layer_placebo,external_lung,all,all,-1,195,,0.04707949843616552
layer_placebo,external_lung,all,all,-1,196,,0.11508321839951573
layer_placebo,external_lung,all,all,-1,197,,0.2249353814172353
layer_placebo,external_lung,all,all,-1,198,,0.1517006060720889
layer_placebo,external_lung,all,all,-1,199,,0.16041903170841587
layer_placebo,immune,all,all,-1,0,,-0.19878010450825442
layer_placebo,immune,all,all,-1,1,,-0.041848443054369355
layer_placebo,immune,all,all,-1,2,,-0.019180536399919287
layer_placebo,immune,all,all,-1,3,,-0.20924221527184678
layer_placebo,immune,all,all,-1,4,,-0.022667906654450065
layer_placebo,immune,all,all,-1,5,,-0.3156070080350355
layer_placebo,immune,all,all,-1,6,,-0.05579792407249247
layer_placebo,immune,all,all,-1,7,,-0.18134325323560052
layer_placebo,immune,all,all,-1,8,,-0.34350597007128175
layer_placebo,immune,all,all,-1,9,,-0.22842275167176604
layer_placebo,immune,all,all,-1,10,,0.052310553817961694
layer_placebo,immune,all,all,-1,11,,-0.07323477534514637
layer_placebo,immune,all,all,-1,12,,-0.26678382447160465
layer_placebo,immune,all,all,-1,13,,-0.1795995681083351
layer_placebo,immune,all,all,-1,14,,0.09590268199959644
layer_placebo,immune,all,all,-1,15,,-0.2423722326898892
layer_placebo,immune,all,all,-1,16,,-0.033130017418042404
layer_placebo,immune,all,all,-1,17,,-0.11508321839951573
layer_placebo,immune,all,all,-1,18,,-0.30514489727144317
layer_placebo,immune,all,all,-1,19,,-0.07149109021788098
layer_placebo,immune,all,all,-1,20,,-0.12205795890857726
layer_placebo,immune,all,all,-1,21,,-0.12205795890857726
layer_placebo,immune,all,all,-1,22,,-0.20052378963551984
layer_placebo,immune,all,all,-1,23,,-0.08020951585420794
layer_placebo,immune,all,all,-1,24,,-0.1830869383628659
layer_placebo,immune,all,all,-1,25,,0.10462110763592339
layer_placebo,immune,all,all,-1,26,,-0.25980908396254304
layer_placebo,immune,all,all,-1,27,,0.029642647163511626
layer_placebo,immune,all,all,-1,28,,-0.1185705886540465
layer_placebo,immune,all,all,-1,29,,-0.14646955069029274
layer_placebo,immune,all,all,-1,30,,-0.11159584814498494
layer_placebo,immune,all,all,-1,31,,-0.20226747476278523
layer_placebo,immune,all,all,-1,32,,-0.22319169628996988
layer_placebo,immune,all,all,-1,33,,-0.04010475792710397
layer_placebo,immune,all,all,-1,34,,-0.13252006967216962
layer_placebo,immune,all,all,-1,35,,-0.08892794149053489
layer_placebo,immune,all,all,-1,36,,0.01220579589085773
layer_placebo,immune,all,all,-1,37,,-0.13600743992670042
layer_placebo,immune,all,all,-1,38,,-0.05405423894522708
layer_placebo,immune,all,all,-1,39,,-0.08195320098147331
layer_placebo,immune,all,all,-1,40,,-0.08020951585420794
layer_placebo,immune,all,all,-1,41,,-0.10810847789045416
layer_placebo,immune,all,all,-1,42,,-0.31037595265323936
layer_placebo,immune,all,all,-1,43,,-0.2388848624353584
layer_placebo,immune,all,all,-1,44,,-0.04359212818163474
layer_placebo,immune,all,all,-1,45,,-0.05579792407249247
layer_placebo,immune,all,all,-1,46,,-0.07672214559967715
layer_placebo,immune,all,all,-1,47,,0.029642647163511626
layer_placebo,immune,all,all,-1,48,,0.06626003483608481
layer_placebo,immune,all,all,-1,49,,-0.04882318356343092
layer_placebo,immune,all,all,-1,50,,0.015693166145388505
layer_placebo,immune,all,all,-1,51,,0.03836107279983857
layer_placebo,immune,all,all,-1,52,,-0.2528343434534815
layer_placebo,immune,all,all,-1,53,,-0.2580653988352777
layer_placebo,immune,all,all,-1,54,,-0.0017436851272653897
layer_placebo,immune,all,all,-1,55,,-0.09241531174506565
layer_placebo,immune,all,all,-1,56,,-0.052310553817961694
layer_placebo,immune,all,all,-1,57,,-0.1185705886540465
layer_placebo,immune,all,all,-1,58,,-0.2702711947261354
layer_placebo,immune,all,all,-1,59,,-0.12554532916310804
layer_placebo,immune,all,all,-1,60,,-0.12205795890857726
layer_placebo,immune,all,all,-1,61,,-0.07323477534514637
layer_placebo,immune,all,all,-1,62,,-0.09590268199959644
layer_placebo,immune,all,all,-1,63,,-0.2528343434534815
layer_placebo,immune,all,all,-1,64,,-0.23016643679903145
layer_placebo,immune,all,all,-1,65,,-0.2894517311260547
layer_placebo,immune,all,all,-1,66,,-0.1517006060720889
layer_placebo,immune,all,all,-1,67,,-0.26852750959887
layer_placebo,immune,all,all,-1,68,,0.08195320098147331
layer_placebo,immune,all,all,-1,69,,-0.2214480111627045
layer_placebo,immune,all,all,-1,70,,-0.12728901429037345
layer_placebo,immune,all,all,-1,71,,-0.015693166145388505
layer_placebo,immune,all,all,-1,72,,-0.04010475792710397
layer_placebo,immune,all,all,-1,73,,-0.2737585649806662
layer_placebo,immune,all,all,-1,74,,-0.03487370254530779
layer_placebo,immune,all,all,-1,75,,-0.08544057123600411
layer_placebo,immune,all,all,-1,76,,0.11159584814498494
layer_placebo,immune,all,all,-1,77,,-0.14821323581755813
layer_placebo,immune,all,all,-1,78,,-0.07149109021788098
layer_placebo,immune,all,all,-1,79,,0.06626003483608481
layer_placebo,immune,all,all,-1,80,,-0.1185705886540465
layer_placebo,immune,all,all,-1,81,,0.17436851272653897
layer_placebo,immune,all,all,-1,82,,-0.1203142737813119
layer_placebo,immune,all,all,-1,83,,-0.11508321839951573
layer_placebo,immune,all,all,-1,84,,-0.34524965519854717
layer_placebo,immune,all,all,-1,85,,-0.2528343434534815
layer_placebo,immune,all,all,-1,86,,-0.13775112505396578
layer_placebo,immune,all,all,-1,87,,-0.13775112505396578
layer_placebo,immune,all,all,-1,88,,-0.13252006967216962
layer_placebo,immune,all,all,-1,89,,-0.010462110763592339
layer_placebo,immune,all,all,-1,90,,-0.015693166145388505
layer_placebo,immune,all,all,-1,91,,-0.12205795890857726
layer_placebo,immune,all,all,-1,92,,-0.2249353814172353
layer_placebo,immune,all,all,-1,93,,-0.07672214559967715
layer_placebo,immune,all,all,-1,94,,0.052310553817961694
layer_placebo,immune,all,all,-1,95,,-0.2702711947261354
layer_placebo,immune,all,all,-1,96,,-0.033130017418042404
layer_placebo,immune,all,all,-1,97,,-0.08369688610873871
layer_placebo,immune,all,all,-1,98,,-0.12728901429037345
layer_placebo,immune,all,all,-1,99,,-0.37489230236205884
layer_placebo,immune,all,all,-1,100,,-0.06974740509061558
layer_placebo,immune,all,all,-1,101,,-0.16041903170841587
layer_placebo,immune,all,all,-1,102,,-0.27201487985340084
layer_placebo,immune,all,all,-1,103,,-0.13949481018123117
layer_placebo,immune,all,all,-1,104,,-0.19354904912645826
layer_placebo,immune,all,all,-1,105,,-0.07846583072694255
layer_placebo,immune,all,all,-1,106,,-0.3330438593076894
layer_placebo,immune,all,all,-1,107,,0.1203142737813119
layer_placebo,immune,all,all,-1,108,,-0.13252006967216962
layer_placebo,immune,all,all,-1,109,,-0.10636479276318876
layer_placebo,immune,all,all,-1,110,,-0.19878010450825442
layer_placebo,immune,all,all,-1,111,,-0.05928529432702325
layer_placebo,immune,all,all,-1,112,,-0.1517006060720889
layer_placebo,immune,all,all,-1,113,,0.1569316614538851
layer_placebo,immune,all,all,-1,114,,-0.32955648905315865
layer_placebo,immune,all,all,-1,115,,-0.036617387672573186
layer_placebo,immune,all,all,-1,116,,-0.2214480111627045
layer_placebo,immune,all,all,-1,117,,-0.027898962036246235
layer_placebo,immune,all,all,-1,118,,0.022667906654450065
layer_placebo,immune,all,all,-1,119,,-0.13949481018123117
layer_placebo,immune,all,all,-1,120,,-0.2528343434534815
layer_placebo,immune,all,all,-1,121,,-0.1203142737813119
layer_placebo,immune,all,all,-1,122,,-0.1517006060720889
layer_placebo,immune,all,all,-1,123,,-0.08718425636326949
layer_placebo,immune,all,all,-1,124,,-0.12380164403584266
layer_placebo,immune,all,all,-1,125,,-0.04533581330890013
layer_placebo,immune,all,all,-1,126,,-0.1865743086173967
layer_placebo,immune,all,all,-1,127,,0.0017436851272653897
layer_placebo,immune,all,all,-1,128,,0.07672214559967715
layer_placebo,immune,all,all,-1,129,,-0.06800371996335021
layer_placebo,immune,all,all,-1,130,,-0.05405423894522708
layer_placebo,immune,all,all,-1,131,,-0.3609428213439357
layer_placebo,immune,all,all,-1,132,,-0.39756020901650885
layer_placebo,immune,all,all,-1,133,,-0.237141177308093
layer_placebo,immune,all,all,-1,134,,-0.18831799374466207
layer_placebo,immune,all,all,-1,135,,-0.09415899687233104
layer_placebo,immune,all,all,-1,136,,-0.06626003483608481
layer_placebo,immune,all,all,-1,137,,-0.16565008709021203
layer_placebo,immune,all,all,-1,138,,-0.15518797632661968
layer_placebo,immune,all,all,-1,139,,-0.06974740509061558
layer_placebo,immune,all,all,-1,140,,-0.1534442911993543
layer_placebo,immune,all,all,-1,141,,-0.23539749218082762
layer_placebo,immune,all,all,-1,142,,-0.13949481018123117
layer_placebo,immune,all,all,-1,143,,-0.1499569209448235
layer_placebo,immune,all,all,-1,144,,-0.10810847789045416
layer_placebo,immune,all,all,-1,145,,-0.21272958552637752
layer_placebo,immune,all,all,-1,146,,-0.22842275167176604
layer_placebo,immune,all,all,-1,147,,-0.18831799374466207
layer_placebo,immune,all,all,-1,148,,-0.102877422508658
layer_placebo,immune,all,all,-1,149,,-0.1185705886540465
layer_placebo,immune,all,all,-1,150,,-0.3190943782895663
layer_placebo,immune,all,all,-1,151,,0.036617387672573186
layer_placebo,immune,all,all,-1,152,,-0.04010475792710397
layer_placebo,immune,all,all,-1,153,,0.08718425636326949
layer_placebo,immune,all,all,-1,154,,-0.09939005225412721
layer_placebo,immune,all,all,-1,155,,0.04707949843616552
layer_placebo,immune,all,all,-1,156,,0.026155276908980847
layer_placebo,immune,all,all,-1,157,,-0.06451634970881942
layer_placebo,immune,all,all,-1,158,,-0.371404932107528
layer_placebo,immune,all,all,-1,159,,-0.13949481018123117
layer_placebo,immune,all,all,-1,160,,-0.14472586556302736
layer_placebo,immune,all,all,-1,161,,-0.17436851272653897
layer_placebo,immune,all,all,-1,162,,-0.08718425636326949
layer_placebo,immune,all,all,-1,163,,-0.17088114247200822
layer_placebo,immune,all,all,-1,164,,-0.03138633229077701
layer_placebo,immune,all,all,-1,165,,-0.23191012192629684
layer_placebo,immune,all,all,-1,166,,-0.1761121978538044
layer_placebo,immune,all,all,-1,167,,-0.28247699061699316
layer_placebo,immune,all,all,-1,168,,-0.033130017418042404
layer_placebo,immune,all,all,-1,169,,-0.13600743992670042
layer_placebo,immune,all,all,-1,170,,-0.23191012192629684
layer_placebo,immune,all,all,-1,171,,-0.14646955069029274
layer_placebo,immune,all,all,-1,172,,-0.02441159178171546
layer_placebo,immune,all,all,-1,173,,0.17785588298106977
layer_placebo,immune,all,all,-1,174,,-0.22319169628996988
layer_placebo,immune,all,all,-1,175,,0.07497846047241175
layer_placebo,immune,all,all,-1,176,,-0.19006167887192746
layer_placebo,immune,all,all,-1,177,,-0.005231055381796169
layer_placebo,immune,all,all,-1,178,,-0.10462110763592339
layer_placebo,immune,all,all,-1,179,,-0.17785588298106977
layer_placebo,immune,all,all,-1,180,,-0.14646955069029274
layer_placebo,immune,all,all,-1,181,,-0.05579792407249247
layer_placebo,immune,all,all,-1,182,,-0.08195320098147331
layer_placebo,immune,all,all,-1,183,,0.04707949843616552
layer_placebo,immune,all,all,-1,184,,-0.12903269941763884
layer_placebo,immune,all,all,-1,185,,-0.1830869383628659
layer_placebo,immune,all,all,-1,186,,-0.1865743086173967
layer_placebo,immune,all,all,-1,187,,0.1203142737813119
layer_placebo,immune,all,all,-1,188,,-0.09939005225412721
layer_placebo,immune,all,all,-1,189,,-0.06277266458155402
layer_placebo,immune,all,all,-1,190,,0.0
layer_placebo,immune,all,all,-1,191,,-0.17436851272653897
layer_placebo,immune,all,all,-1,192,,-0.020924221527184678
layer_placebo,immune,all,all,-1,193,,-0.08020951585420794
layer_placebo,immune,all,all,-1,194,,-0.28770804599878935
layer_placebo,immune,all,all,-1,195,,-0.11508321839951573
layer_placebo,immune,all,all,-1,196,,-0.19180536399919287
layer_placebo,immune,all,all,-1,197,,-0.015693166145388505
layer_placebo,immune,all,all,-1,198,,-0.2214480111627045
layer_placebo,immune,all,all,-1,199,,-0.06626003483608481
layer_placebo,lung,all,all,-1,0,,-0.4638202438525937
layer_placebo,lung,all,all,-1,1,,-0.434177596689082
layer_placebo,lung,all,all,-1,2,,-0.40453494952557045
layer_placebo,lung,all,all,-1,3,,-0.4080223197801012
layer_placebo,lung,all,all,-1,4,,-0.41848443054369355
layer_placebo,lung,all,all,-1,5,,-0.4498707628344706
layer_placebo,lung,all,all,-1,6,,-0.3870980982529165
layer_placebo,lung,all,all,-1,7,,-0.5196181679250861
layer_placebo,lung,all,all,-1,8,,-0.3888417833801819
layer_placebo,lung,all,all,-1,9,,-0.371404932107528
layer_placebo,lung,all,all,-1,10,,-0.4272028561800205
layer_placebo,lung,all,all,-1,11,,-0.3801233577438549
layer_placebo,lung,all,all,-1,12,,-0.5004376315251668
layer_placebo,lung,all,all,-1,13,,-0.3696612469802626
layer_placebo,lung,all,all,-1,14,,-0.4969502612706361
layer_placebo,lung,all,all,-1,15,,-0.3382749146894856
layer_placebo,lung,all,all,-1,16,,-0.299913841889647
layer_placebo,lung,all,all,-1,17,,-0.33130017418042407
layer_placebo,lung,all,all,-1,18,,-0.37663598748932414
layer_placebo,lung,all,all,-1,19,,-0.39058546850744735
layer_placebo,lung,all,all,-1,20,,-0.38535441312565116
layer_placebo,lung,all,all,-1,21,,-0.46207655872532827
layer_placebo,lung,all,all,-1,22,,-0.38535441312565116
layer_placebo,lung,all,all,-1,23,,-0.3801233577438549
layer_placebo,lung,all,all,-1,24,,-0.39232915363471266
layer_placebo,lung,all,all,-1,25,,-0.47079498436165523
layer_placebo,lung,all,all,-1,26,,-0.46207655872532827
layer_placebo,lung,all,all,-1,27,,-0.46730761410712446
layer_placebo,lung,all,all,-1,28,,-0.3940728387619781
layer_placebo,lung,all,all,-1,29,,-0.3818670428711204
layer_placebo,lung,all,all,-1,30,,-0.36791756185299723
layer_placebo,lung,all,all,-1,31,,-0.35048071058034336
layer_placebo,lung,all,all,-1,32,,-0.31037595265323936
layer_placebo,lung,all,all,-1,33,,-0.30514489727144317
layer_placebo,lung,all,all,-1,34,,-0.3661738767257318
layer_placebo,lung,all,all,-1,35,,-0.4551018182162667
layer_placebo,lung,all,all,-1,36,,-0.5021813166524322
layer_placebo,lung,all,all,-1,37,,-0.3801233577438549
layer_placebo,lung,all,all,-1,38,,-0.434177596689082
layer_placebo,lung,all,all,-1,39,,-0.41325337516189736
layer_placebo,lung,all,all,-1,40,,-0.3801233577438549
layer_placebo,lung,all,all,-1,41,,-0.3121196377805048
layer_placebo,lung,all,all,-1,42,,-0.4097660049073666
layer_placebo,lung,all,all,-1,43,,-0.39756020901650885
layer_placebo,lung,all,all,-1,44,,-0.568441351488517
layer_placebo,lung,all,all,-1,45,,-0.4690512992343898
layer_placebo,lung,all,all,-1,46,,-0.5318239638159439
layer_placebo,lung,all,all,-1,47,,-0.38361072799838575
layer_placebo,lung,all,all,-1,48,,-0.4202281156709589
layer_placebo,lung,all,all,-1,49,,-0.40453494952557045
layer_placebo,lung,all,all,-1,50,,-0.45335813308900136
layer_placebo,lung,all,all,-1,51,,-0.41848443054369355
layer_placebo,lung,all,all,-1,52,,-0.38535441312565116
layer_placebo,lung,all,all,-1,53,,-0.38361072799838575
layer_placebo,lung,all,all,-1,54,,-0.44812707770720517
layer_placebo,lung,all,all,-1,55,,-0.3888417833801819
layer_placebo,lung,all,all,-1,56,,-0.3818670428711204
layer_placebo,lung,all,all,-1,57,,-0.44638339257993975
layer_placebo,lung,all,all,-1,58,,-0.4219718007982244
layer_placebo,lung,all,all,-1,59,,-0.30514489727144317
layer_placebo,lung,all,all,-1,60,,-0.4551018182162667
layer_placebo,lung,all,all,-1,61,,-0.47079498436165523
layer_placebo,lung,all,all,-1,62,,-0.41674074541642814
layer_placebo,lung,all,all,-1,63,,-0.4272028561800205
layer_placebo,lung,all,all,-1,64,,-0.43592128181634743
layer_placebo,lung,all,all,-1,65,,-0.402791264398305
layer_placebo,lung,all,all,-1,66,,-0.35571176596213955
layer_placebo,lung,all,all,-1,67,,-0.442896022325409
layer_placebo,lung,all,all,-1,68,,-0.37663598748932414
layer_placebo,lung,all,all,-1,69,,-0.3888417833801819
layer_placebo,lung,all,all,-1,70,,-0.41674074541642814
layer_placebo,lung,all,all,-1,71,,-0.34350597007128175
layer_placebo,lung,all,all,-1,72,,-0.37489230236205884
layer_placebo,lung,all,all,-1,73,,-0.4219718007982244
layer_placebo,lung,all,all,-1,74,,-0.3696612469802626
layer_placebo,lung,all,all,-1,75,,-0.3783796726165896
layer_placebo,lung,all,all,-1,76,,-0.3888417833801819
layer_placebo,lung,all,all,-1,77,,-0.47079498436165523
layer_placebo,lung,all,all,-1,78,,-0.43243391156181665
layer_placebo,lung,all,all,-1,79,,-0.5265929084341477
layer_placebo,lung,all,all,-1,80,,-0.33478754443495484
layer_placebo,lung,all,all,-1,81,,-0.4725386694889206
layer_placebo,lung,all,all,-1,82,,-0.43069022643455124
layer_placebo,lung,all,all,-1,83,,-0.40453494952557045
layer_placebo,lung,all,all,-1,84,,-0.43592128181634743
layer_placebo,lung,all,all,-1,85,,-0.42545917105275505
layer_placebo,lung,all,all,-1,86,,-0.5196181679250861
layer_placebo,lung,all,all,-1,87,,-0.4411523371981436
layer_placebo,lung,all,all,-1,88,,-0.4812570951252476
layer_placebo,lung,all,all,-1,89,,-0.43766496694361284
layer_placebo,lung,all,all,-1,90,,-0.3260691187986278
layer_placebo,lung,all,all,-1,91,,-0.41325337516189736
layer_placebo,lung,all,all,-1,92,,-0.37663598748932414
layer_placebo,lung,all,all,-1,93,,-0.32955648905315865
layer_placebo,lung,all,all,-1,94,,-0.4289465413072858
layer_placebo,lung,all,all,-1,95,,-0.402791264398305
layer_placebo,lung,all,all,-1,96,,-0.3993038941437742
layer_placebo,lung,all,all,-1,97,,-0.3696612469802626
layer_placebo,lung,all,all,-1,98,,-0.4289465413072858
layer_placebo,lung,all,all,-1,99,,-0.5108997422887592
layer_placebo,lung,all,all,-1,100,,-0.34524965519854717
layer_placebo,lung,all,all,-1,101,,-0.29468278650785085
layer_placebo,lung,all,all,-1,102,,-0.3993038941437742
layer_placebo,lung,all,all,-1,103,,-0.48648815050704375
layer_placebo,lung,all,all,-1,104,,-0.4760260397434514
layer_placebo,lung,all,all,-1,105,,-0.3696612469802626
layer_placebo,lung,all,all,-1,106,,-0.44638339257993975
layer_placebo,lung,all,all,-1,107,,-0.474282354616186
layer_placebo,lung,all,all,-1,108,,-0.4411523371981436
layer_placebo,lung,all,all,-1,109,,-0.33478754443495484
layer_placebo,lung,all,all,-1,110,,-0.4202281156709589
layer_placebo,lung,all,all,-1,111,,-0.46207655872532827
layer_placebo,lung,all,all,-1,112,,-0.3522243957076088
layer_placebo,lung,all,all,-1,113,,-0.4568455033435321
layer_placebo,lung,all,all,-1,114,,-0.37489230236205884
layer_placebo,lung,all,all,-1,115,,-0.33130017418042407
layer_placebo,lung,all,all,-1,116,,-0.4272028561800205
layer_placebo,lung,all,all,-1,117,,-0.42545917105275505
layer_placebo,lung,all,all,-1,118,,-0.45161444796173594
layer_placebo,lung,all,all,-1,119,,-0.4899755207615745
layer_placebo,lung,all,all,-1,120,,-0.37663598748932414
layer_placebo,lung,all,all,-1,121,,-0.4149970602891628
layer_placebo,lung,all,all,-1,122,,-0.4097660049073666
layer_placebo,lung,all,all,-1,123,,-0.4830007802525129
layer_placebo,lung,all,all,-1,124,,-0.34524965519854717
layer_placebo,lung,all,all,-1,125,,-0.474282354616186
layer_placebo,lung,all,all,-1,126,,-0.4777697248707168
layer_placebo,lung,all,all,-1,127,,-0.34350597007128175
layer_placebo,lung,all,all,-1,128,,-0.5178744827978208
layer_placebo,lung,all,all,-1,129,,-0.46207655872532827
layer_placebo,lung,all,all,-1,130,,-0.37663598748932414
layer_placebo,lung,all,all,-1,131,,-0.49520657614337066
layer_placebo,lung,all,all,-1,132,,-0.4062786346528358
layer_placebo,lung,all,all,-1,133,,-0.4498707628344706
layer_placebo,lung,all,all,-1,134,,-0.30514489727144317
layer_placebo,lung,all,all,-1,135,,-0.46207655872532827
layer_placebo,lung,all,all,-1,136,,-0.35571176596213955
layer_placebo,lung,all,all,-1,137,,-0.4202281156709589
layer_placebo,lung,all,all,-1,138,,-0.3870980982529165
layer_placebo,lung,all,all,-1,139,,-0.4237154859254897
layer_placebo,lung,all,all,-1,140,,-0.48648815050704375
layer_placebo,lung,all,all,-1,141,,-0.34176228494401645
layer_placebo,lung,all,all,-1,142,,-0.4725386694889206
layer_placebo,lung,all,all,-1,143,,-0.3661738767257318
layer_placebo,lung,all,all,-1,144,,-0.4202281156709589
layer_placebo,lung,all,all,-1,145,,-0.4080223197801012
layer_placebo,lung,all,all,-1,146,,-0.4149970602891628
layer_placebo,lung,all,all,-1,147,,-0.53705501919774
layer_placebo,lung,all,all,-1,148,,-0.4010475792710397
layer_placebo,lung,all,all,-1,149,,-0.4219718007982244
layer_placebo,lung,all,all,-1,150,,-0.44638339257993975
layer_placebo,lung,all,all,-1,151,,-0.371404932107528
layer_placebo,lung,all,all,-1,152,,-0.3173506931623009
layer_placebo,lung,all,all,-1,153,,-0.44812707770720517
layer_placebo,lung,all,all,-1,154,,-0.43766496694361284
layer_placebo,lung,all,all,-1,155,,-0.37663598748932414
layer_placebo,lung,all,all,-1,156,,-0.3574554510894049
layer_placebo,lung,all,all,-1,157,,-0.4149970602891628
layer_placebo,lung,all,all,-1,158,,-0.4219718007982244
layer_placebo,lung,all,all,-1,159,,-0.3190943782895663
layer_placebo,lung,all,all,-1,160,,-0.36791756185299723
layer_placebo,lung,all,all,-1,161,,-0.43592128181634743
layer_placebo,lung,all,all,-1,162,,-0.4202281156709589
layer_placebo,lung,all,all,-1,163,,-0.5492608150885978
layer_placebo,lung,all,all,-1,164,,-0.3818670428711204
layer_placebo,lung,all,all,-1,165,,-0.37489230236205884
layer_placebo,lung,all,all,-1,166,,-0.46730761410712446
layer_placebo,lung,all,all,-1,167,,-0.44638339257993975
layer_placebo,lung,all,all,-1,168,,-0.434177596689082
layer_placebo,lung,all,all,-1,169,,-0.3522243957076088
layer_placebo,lung,all,all,-1,170,,-0.34873702545307794
layer_placebo,lung,all,all,-1,171,,-0.37489230236205884
layer_placebo,lung,all,all,-1,172,,-0.46207655872532827
layer_placebo,lung,all,all,-1,173,,-0.442896022325409
layer_placebo,lung,all,all,-1,174,,-0.37663598748932414
layer_placebo,lung,all,all,-1,175,,-0.3382749146894856
layer_placebo,lung,all,all,-1,176,,-0.4411523371981436
layer_placebo,lung,all,all,-1,177,,-0.33130017418042407
layer_placebo,lung,all,all,-1,178,,-0.402791264398305
layer_placebo,lung,all,all,-1,179,,-0.3940728387619781
layer_placebo,lung,all,all,-1,180,,-0.3330438593076894
layer_placebo,lung,all,all,-1,181,,-0.4272028561800205
layer_placebo,lung,all,all,-1,182,,-0.4411523371981436
layer_placebo,lung,all,all,-1,183,,-0.41674074541642814
layer_placebo,lung,all,all,-1,184,,-0.5039250017796977
layer_placebo,lung,all,all,-1,185,,-0.28770804599878935
layer_placebo,lung,all,all,-1,186,,-0.3260691187986278
layer_placebo,lung,all,all,-1,187,,-0.43940865207087815
layer_placebo,lung,all,all,-1,188,,-0.5091560571614938
layer_placebo,lung,all,all,-1,189,,-0.505668686906963
layer_placebo,lung,all,all,-1,190,,-0.39058546850744735
layer_placebo,lung,all,all,-1,191,,-0.47079498436165523
layer_placebo,lung,all,all,-1,192,,-0.4812570951252476
layer_placebo,lung,all,all,-1,193,,-0.38535441312565116
layer_placebo,lung,all,all,-1,194,,-0.44463970745267445
layer_placebo,lung,all,all,-1,195,,-0.39756020901650885
layer_placebo,lung,all,all,-1,196,,-0.340018599816751
layer_placebo,lung,all,all,-1,197,,-0.37663598748932414
layer_placebo,lung,all,all,-1,198,,-0.4219718007982244
layer_placebo,lung,all,all,-1,199,,-0.299913841889647
support_shuffle,external_lung,seed42_main,source_disjoint,0,0,-0.007679146402252535,
support_shuffle,external_lung,seed42_main,source_disjoint,0,1,-0.0049847090681289785,
support_shuffle,external_lung,seed42_main,source_disjoint,0,2,0.000673609333530778,
support_shuffle,external_lung,seed42_main,source_disjoint,0,3,-0.011144866423269284,
support_shuffle,external_lung,seed42_main,source_disjoint,0,4,-0.009457475042774277,
support_shuffle,external_lung,seed42_main,source_disjoint,0,5,-0.005045333908146765,
support_shuffle,external_lung,seed42_main,source_disjoint,0,6,-0.004742209708057721,
support_shuffle,external_lung,seed42_main,source_disjoint,0,7,0.0013606908537324713,
support_shuffle,external_lung,seed42_main,source_disjoint,0,8,-0.013101701537176602,
support_shuffle,external_lung,seed42_main,source_disjoint,0,9,0.0029133603675212116,
support_shuffle,external_lung,seed42_main,source_disjoint,0,10,0.00023239522006812674,
support_shuffle,external_lung,seed42_main,source_disjoint,0,11,-0.009117302329341048,
support_shuffle,external_lung,seed42_main,source_disjoint,0,12,0.0009598933002814558,
support_shuffle,external_lung,seed42_main,source_disjoint,0,13,-0.0032838455009632783,
support_shuffle,external_lung,seed42_main,source_disjoint,0,14,-0.004274051221253794,
support_shuffle,external_lung,seed42_main,source_disjoint,0,15,-0.0034050951809988517,
support_shuffle,external_lung,seed42_main,source_disjoint,0,16,-0.010538618023091417,
support_shuffle,external_lung,seed42_main,source_disjoint,0,17,-0.0018726339472160403,
support_shuffle,external_lung,seed42_main,source_disjoint,0,18,-0.002563083514085296,
support_shuffle,external_lung,seed42_main,source_disjoint,0,19,-0.0038429412477939406,
support_shuffle,external_lung,seed42_main,source_disjoint,3,0,-0.005742519568351145,
support_shuffle,external_lung,seed42_main,source_disjoint,3,1,-0.0074635914155225525,
support_shuffle,external_lung,seed42_main,source_disjoint,3,2,-0.0007443383135516957,
support_shuffle,external_lung,seed42_main,source_disjoint,3,3,0.0005995123068425201,
support_shuffle,external_lung,seed42_main,source_disjoint,3,4,-0.002020828000592667,
support_shuffle,external_lung,seed42_main,source_disjoint,3,5,-0.0044289813679657675,
support_shuffle,external_lung,seed42_main,source_disjoint,3,6,0.0046209600280222585,
support_shuffle,external_lung,seed42_main,source_disjoint,3,7,-0.00647675374189971,
support_shuffle,external_lung,seed42_main,source_disjoint,3,8,-0.006230886335161112,
support_shuffle,external_lung,seed42_main,source_disjoint,3,9,-0.0008588519002519224,
support_shuffle,external_lung,seed42_main,source_disjoint,3,10,-0.005809880501704168,
support_shuffle,external_lung,seed42_main,source_disjoint,3,11,-0.015247147264472516,
support_shuffle,external_lung,seed42_main,source_disjoint,3,12,-0.011754482870114602,
support_shuffle,external_lung,seed42_main,source_disjoint,3,13,-0.005496652161612325,
support_shuffle,external_lung,seed42_main,source_disjoint,3,14,-0.003970927021164861,
support_shuffle,external_lung,seed42_main,source_disjoint,3,15,-0.011138130329933826,
support_shuffle,external_lung,seed42_main,source_disjoint,3,16,-0.00577956808169533,
support_shuffle,external_lung,seed42_main,source_disjoint,3,17,-0.007547792582214052,
support_shuffle,external_lung,seed42_main,source_disjoint,3,18,0.0028695757608419026,
support_shuffle,external_lung,seed42_main,source_disjoint,3,19,-0.010454416856400028,
support_shuffle,external_lung,seed42_main,source_disjoint,7,0,-0.003034610047556785,
support_shuffle,external_lung,seed42_main,source_disjoint,7,1,0.00023576326673580006,
support_shuffle,external_lung,seed42_main,source_disjoint,7,2,-0.006432969135220401,
support_shuffle,external_lung,seed42_main,source_disjoint,7,3,-0.0013910032737414202,
support_shuffle,external_lung,seed42_main,source_disjoint,7,4,-0.00832581136244226,
support_shuffle,external_lung,seed42_main,source_disjoint,7,5,0.00023239522006823776,
support_shuffle,external_lung,seed42_main,source_disjoint,7,6,-0.013970657577431433,
support_shuffle,external_lung,seed42_main,source_disjoint,7,7,-0.016917698411629156,
support_shuffle,external_lung,seed42_main,source_disjoint,7,8,-0.004287523407924376,
support_shuffle,external_lung,seed42_main,source_disjoint,7,9,-0.012684063750387331,
support_shuffle,external_lung,seed42_main,source_disjoint,7,10,-0.0017042316138333735,
support_shuffle,external_lung,seed42_main,source_disjoint,7,11,-0.0025462432807468183,
support_shuffle,external_lung,seed42_main,source_disjoint,7,12,-0.007315397362145926,
support_shuffle,external_lung,seed42_main,source_disjoint,7,13,-0.0075174801622051035,
support_shuffle,external_lung,seed42_main,source_disjoint,7,14,-0.018062834278631756,
support_shuffle,external_lung,seed42_main,source_disjoint,7,15,-0.007194147682110241,
support_shuffle,external_lung,seed42_main,source_disjoint,7,16,-0.013404825737265424,
support_shuffle,external_lung,seed42_main,source_disjoint,7,17,-0.0010238861869671378,
support_shuffle,external_lung,seed42_main,source_disjoint,7,18,-0.0050924865614937476,
support_shuffle,external_lung,seed42_main,source_disjoint,7,19,-0.0049746049281259586,
support_shuffle,external_lung,seed42_main,source_disjoint,11,0,0.0004984709068128756,
support_shuffle,external_lung,seed42_main,source_disjoint,11,1,0.003536449001037334,
support_shuffle,external_lung,seed42_main,source_disjoint,11,2,-0.002778638500815056,
support_shuffle,external_lung,seed42_main,source_disjoint,11,3,-0.00019534670672394228,
support_shuffle,external_lung,seed42_main,source_disjoint,11,4,0.005095854608161421,
support_shuffle,external_lung,seed42_main,source_disjoint,11,5,0.002105029167284278,
support_shuffle,external_lung,seed42_main,source_disjoint,11,6,-0.0038092607811173185,
support_shuffle,external_lung,seed42_main,source_disjoint,11,7,-0.00032670052676242456,
support_shuffle,external_lung,seed42_main,source_disjoint,11,8,-0.003994503347838352,
support_shuffle,external_lung,seed42_main,source_disjoint,11,9,0.0010407264203053934,
support_shuffle,external_lung,seed42_main,source_disjoint,11,10,0.006065852048446008,
support_shuffle,external_lung,seed42_main,source_disjoint,11,11,0.002340792434019967,
support_shuffle,external_lung,seed42_main,source_disjoint,11,12,-0.0021757581473048626,
support_shuffle,external_lung,seed42_main,source_disjoint,11,13,-0.0005658318401658979,
support_shuffle,external_lung,seed42_main,source_disjoint,11,14,-0.005681894728333248,
support_shuffle,external_lung,seed42_main,source_disjoint,11,15,-0.007423174855510806,
support_shuffle,external_lung,seed42_main,source_disjoint,11,16,0.0019298907405661536,
support_shuffle,external_lung,seed42_main,source_disjoint,11,17,-0.0016065582604711803,
support_shuffle,external_lung,seed42_main,source_disjoint,11,18,-0.00451655058132483,
support_shuffle,external_lung,seed42_main,source_disjoint,11,19,0.0010306222803023735,
support_shuffle,external_lung,seed42_main,target_disjoint,0,0,-0.003989010989010944,
support_shuffle,external_lung,seed42_main,target_disjoint,0,1,-0.0021923076923076046,
support_shuffle,external_lung,seed42_main,target_disjoint,0,2,0.0026996336996336634,
support_shuffle,external_lung,seed42_main,target_disjoint,0,3,-0.007179487179487132,
support_shuffle,external_lung,seed42_main,target_disjoint,0,4,0.006080586080586037,
support_shuffle,external_lung,seed42_main,target_disjoint,0,5,-0.0010567765567763843,
support_shuffle,external_lung,seed42_main,target_disjoint,0,6,-0.004521978021978068,
support_shuffle,external_lung,seed42_main,target_disjoint,0,7,-0.004276556776556695,
support_shuffle,external_lung,seed42_main,target_disjoint,0,8,-0.0035677655677653908,
support_shuffle,external_lung,seed42_main,target_disjoint,0,9,-2.3809523809537048e-05,
support_shuffle,external_lung,seed42_main,target_disjoint,0,10,-0.003040293040293074,
support_shuffle,external_lung,seed42_main,target_disjoint,0,11,-0.003426739926739808,
support_shuffle,external_lung,seed42_main,target_disjoint,0,12,-0.0022912087912086987,
support_shuffle,external_lung,seed42_main,target_disjoint,0,13,-0.0020787545787545048,
support_shuffle,external_lung,seed42_main,target_disjoint,0,14,-0.012919413919413869,
support_shuffle,external_lung,seed42_main,target_disjoint,0,15,-0.0003974358974359049,
support_shuffle,external_lung,seed42_main,target_disjoint,0,16,-0.005710622710622726,
support_shuffle,external_lung,seed42_main,target_disjoint,0,17,-0.004245421245421266,
support_shuffle,external_lung,seed42_main,target_disjoint,0,18,-0.0025897435897435095,
support_shuffle,external_lung,seed42_main,target_disjoint,0,19,-0.00034798534798541336,
support_shuffle,external_lung,seed42_main,target_disjoint,3,0,0.0006923076923076588,
support_shuffle,external_lung,seed42_main,target_disjoint,3,1,-0.0017637362637363263,
support_shuffle,external_lung,seed42_main,target_disjoint,3,2,0.002554945054944968,
support_shuffle,external_lung,seed42_main,target_disjoint,3,3,-0.0028644688644688943,
support_shuffle,external_lung,seed42_main,target_disjoint,3,4,-0.0071428571428571175,
support_shuffle,external_lung,seed42_main,target_disjoint,3,5,-0.001549450549450604,
support_shuffle,external_lung,seed42_main,target_disjoint,3,6,0.0016556776556775898,
support_shuffle,external_lung,seed42_main,target_disjoint,3,7,-0.0014029304029304357,
support_shuffle,external_lung,seed42_main,target_disjoint,3,8,-0.008117216117216053,
support_shuffle,external_lung,seed42_main,target_disjoint,3,9,0.0020531135531134947,
support_shuffle,external_lung,seed42_main,target_disjoint,3,10,-0.0023736263736263696,
support_shuffle,external_lung,seed42_main,target_disjoint,3,11,-0.004309523809523874,
support_shuffle,external_lung,seed42_main,target_disjoint,3,12,-0.0022619047619047428,
support_shuffle,external_lung,seed42_main,target_disjoint,3,13,0.010032967032966966,
support_shuffle,external_lung,seed42_main,target_disjoint,3,14,-0.001622710622710688,
support_shuffle,external_lung,seed42_main,target_disjoint,3,15,0.004064102564102556,
support_shuffle,external_lung,seed42_main,target_disjoint,3,16,-0.0013021978021978131,
support_shuffle,external_lung,seed42_main,target_disjoint,3,17,-0.0028589743589743644,
support_shuffle,external_lung,seed42_main,target_disjoint,3,18,0.0004652014652014036,
support_shuffle,external_lung,seed42_main,target_disjoint,3,19,0.0002875457875456955,
support_shuffle,external_lung,seed42_main,target_disjoint,7,0,-0.0034853479853479974,
support_shuffle,external_lung,seed42_main,target_disjoint,7,1,-0.003201465201465248,
support_shuffle,external_lung,seed42_main,target_disjoint,7,2,-0.005800366300366289,
support_shuffle,external_lung,seed42_main,target_disjoint,7,3,0.0006849816849817669,
support_shuffle,external_lung,seed42_main,target_disjoint,7,4,-0.0024725274725274637,
support_shuffle,external_lung,seed42_main,target_disjoint,7,5,0.004353479853479891,
support_shuffle,external_lung,seed42_main,target_disjoint,7,6,0.00019230769230771383,
support_shuffle,external_lung,seed42_main,target_disjoint,7,7,0.00033882783882788203,
support_shuffle,external_lung,seed42_main,target_disjoint,7,8,-0.0014725274725275739,
support_shuffle,external_lung,seed42_main,target_disjoint,7,9,-0.0012820512820513885,
support_shuffle,external_lung,seed42_main,target_disjoint,7,10,-0.00511355311355316,
support_shuffle,external_lung,seed42_main,target_disjoint,7,11,-0.004018315018315066,
support_shuffle,external_lung,seed42_main,target_disjoint,7,12,0.0007875457875456959,
support_shuffle,external_lung,seed42_main,target_disjoint,7,13,0.004086080586080509,
support_shuffle,external_lung,seed42_main,target_disjoint,7,14,-0.0014157509157508574,
support_shuffle,external_lung,seed42_main,target_disjoint,7,15,-0.003608058608058573,
support_shuffle,external_lung,seed42_main,target_disjoint,7,16,-0.00708424908424915,
support_shuffle,external_lung,seed42_main,target_disjoint,7,17,-0.0003772893772894248,
support_shuffle,external_lung,seed42_main,target_disjoint,7,18,-0.001886446886446902,
support_shuffle,external_lung,seed42_main,target_disjoint,7,19,-0.005487179487179528,
support_shuffle,external_lung,seed42_main,target_disjoint,11,0,0.001954212454212345,
support_shuffle,external_lung,seed42_main,target_disjoint,11,1,-0.0006318681318681074,
support_shuffle,external_lung,seed42_main,target_disjoint,11,2,-0.009007326007326066,
support_shuffle,external_lung,seed42_main,target_disjoint,11,3,-0.0044175824175825,
support_shuffle,external_lung,seed42_main,target_disjoint,11,4,0.0027472527472527375,
support_shuffle,external_lung,seed42_main,target_disjoint,11,5,-0.002386446886446958,
support_shuffle,external_lung,seed42_main,target_disjoint,11,6,0.005630036630036583,
support_shuffle,external_lung,seed42_main,target_disjoint,11,7,-0.006626373626373694,
support_shuffle,external_lung,seed42_main,target_disjoint,11,8,-0.006349816849816892,
support_shuffle,external_lung,seed42_main,target_disjoint,11,9,-0.006073260073260089,
support_shuffle,external_lung,seed42_main,target_disjoint,11,10,0.002108058608058627,
support_shuffle,external_lung,seed42_main,target_disjoint,11,11,-0.0019597069597070416,
support_shuffle,external_lung,seed42_main,target_disjoint,11,12,0.0004065934065933252,
support_shuffle,external_lung,seed42_main,target_disjoint,11,13,-0.00254029304029324,
support_shuffle,external_lung,seed42_main,target_disjoint,11,14,-0.0010549450549450778,
support_shuffle,external_lung,seed42_main,target_disjoint,11,15,-0.0027509157509156834,
support_shuffle,external_lung,seed42_main,target_disjoint,11,16,-0.004749084249084268,
support_shuffle,external_lung,seed42_main,target_disjoint,11,17,-0.0033901098901099047,
support_shuffle,external_lung,seed42_main,target_disjoint,11,18,-0.0070384615384616045,
support_shuffle,external_lung,seed42_main,target_disjoint,11,19,-0.0016410256410257507,
support_shuffle,external_lung,seed43,source_disjoint,0,0,-0.0025434631227353455,
support_shuffle,external_lung,seed43,source_disjoint,0,1,-0.017937021256506203,
support_shuffle,external_lung,seed43,source_disjoint,0,2,-0.010595795909214223,
support_shuffle,external_lung,seed43,source_disjoint,0,3,-0.0025877229218549402,
support_shuffle,external_lung,seed43,source_disjoint,0,4,-0.00034227577985768143,
support_shuffle,external_lung,seed43,source_disjoint,0,5,0.003924368855264482,
support_shuffle,external_lung,seed43,source_disjoint,0,6,-0.0054114981056806455,
support_shuffle,external_lung,seed43,source_disjoint,0,7,-0.0014458201045711716,
support_shuffle,external_lung,seed43,source_disjoint,0,8,-0.001416313571824812,
support_shuffle,external_lung,seed43,source_disjoint,0,9,0.0043315590071640875,
support_shuffle,external_lung,seed43,source_disjoint,0,10,-0.008571647762814716,
support_shuffle,external_lung,seed43,source_disjoint,0,11,-0.0012304224155227361,
support_shuffle,external_lung,seed43,source_disjoint,0,12,-0.014605733709443292,
support_shuffle,external_lung,seed43,source_disjoint,0,13,-0.0011684586967555255,
support_shuffle,external_lung,seed43,source_disjoint,0,14,-0.010380398220165787,
support_shuffle,external_lung,seed43,source_disjoint,0,15,-0.007592030875635869,
support_shuffle,external_lung,seed43,source_disjoint,0,16,0.004346312273537323,
support_shuffle,external_lung,seed43,source_disjoint,0,17,-0.0035732411155829924,
support_shuffle,external_lung,seed43,source_disjoint,0,18,-0.0010976430181641739,
support_shuffle,external_lung,seed43,source_disjoint,0,19,-0.009604376408936854,
support_shuffle,external_lung,seed43,source_disjoint,3,0,0.0011330508574598497,
support_shuffle,external_lung,seed43,source_disjoint,3,1,0.0026880451331925403,
support_shuffle,external_lung,seed43,source_disjoint,3,2,-0.0020890625184416534,
support_shuffle,external_lung,seed43,source_disjoint,3,3,-0.0020182468398501907,
support_shuffle,external_lung,seed43,source_disjoint,3,4,-0.006205223836557416,
support_shuffle,external_lung,seed43,source_disjoint,3,5,-0.00137500442597982,
support_shuffle,external_lung,seed43,source_disjoint,3,6,-0.00668027901377366,
support_shuffle,external_lung,seed43,source_disjoint,3,7,0.00038358492570256253,
support_shuffle,external_lung,seed43,source_disjoint,3,8,-0.008350348767216964,
support_shuffle,external_lung,seed43,source_disjoint,3,9,-0.004071901518996168,
support_shuffle,external_lung,seed43,source_disjoint,3,10,-0.00544690594497621,
support_shuffle,external_lung,seed43,source_disjoint,3,11,-0.00971059992682366,
support_shuffle,external_lung,seed43,source_disjoint,3,12,0.0007347126653841629,
support_shuffle,external_lung,seed43,source_disjoint,3,13,-0.007922504042394807,
support_shuffle,external_lung,seed43,source_disjoint,3,14,-0.008645414094680559,
support_shuffle,external_lung,seed43,source_disjoint,3,15,0.0012451756818959714,
support_shuffle,external_lung,seed43,source_disjoint,3,16,-0.004948245541562812,
support_shuffle,external_lung,seed43,source_disjoint,3,17,-0.014186740944445053,
support_shuffle,external_lung,seed43,source_disjoint,3,18,-0.0058481947903265,
support_shuffle,external_lung,seed43,source_disjoint,3,19,-0.00945979439847966,
support_shuffle,external_lung,seed43,source_disjoint,7,0,-0.004169273077059166,
support_shuffle,external_lung,seed43,source_disjoint,7,1,-0.008775242838764408,
support_shuffle,external_lung,seed43,source_disjoint,7,2,-0.004284348554770001,
support_shuffle,external_lung,seed43,source_disjoint,7,3,-0.002717551665938789,
support_shuffle,external_lung,seed43,source_disjoint,7,4,-0.003611599608153271,
support_shuffle,external_lung,seed43,source_disjoint,7,5,-0.0038181453373775653,
support_shuffle,external_lung,seed43,source_disjoint,7,6,-0.0028237751838257052,
support_shuffle,external_lung,seed43,source_disjoint,7,7,-0.0019326778948858259,
support_shuffle,external_lung,seed43,source_disjoint,7,8,0.004057148252623266,
support_shuffle,external_lung,seed43,source_disjoint,7,9,-0.0030391728728740297,
support_shuffle,external_lung,seed43,source_disjoint,7,10,0.0023251147804124184,
support_shuffle,external_lung,seed43,source_disjoint,7,11,-0.012693710387479684,
support_shuffle,external_lung,seed43,source_disjoint,7,12,-0.007314669467820112,
support_shuffle,external_lung,seed43,source_disjoint,7,13,-0.0036883165932936057,
support_shuffle,external_lung,seed43,source_disjoint,7,14,-0.009955504148618455,
support_shuffle,external_lung,seed43,source_disjoint,7,15,-0.007170087457363028,
support_shuffle,external_lung,seed43,source_disjoint,7,16,6.196371876743267e-05,
support_shuffle,external_lung,seed43,source_disjoint,7,17,0.0006963541728138845,
support_shuffle,external_lung,seed43,source_disjoint,7,18,7.966763841515956e-05,
support_shuffle,external_lung,seed43,source_disjoint,7,19,-0.008840157210806332,
support_shuffle,external_lung,seed43,source_disjoint,11,0,-0.007235001829405063,
support_shuffle,external_lung,seed43,source_disjoint,11,1,-0.006037036599903067,
support_shuffle,external_lung,seed43,source_disjoint,11,2,-0.008627710175032721,
support_shuffle,external_lung,seed43,source_disjoint,11,3,-0.013643820741912172,
support_shuffle,external_lung,seed43,source_disjoint,11,4,-0.005806885644481619,
support_shuffle,external_lung,seed43,source_disjoint,11,5,-0.009064406859678686,
support_shuffle,external_lung,seed43,source_disjoint,11,6,0.0007317620121095603,
support_shuffle,external_lung,seed43,source_disjoint,11,7,-0.005980974187685062,
support_shuffle,external_lung,seed43,source_disjoint,11,8,-0.004588265842057293,
support_shuffle,external_lung,seed43,source_disjoint,11,9,-0.00447319036434668,
support_shuffle,external_lung,seed43,source_disjoint,11,10,-0.0023988811122781506,
support_shuffle,external_lung,seed43,source_disjoint,11,11,0.0010592845255941175,
support_shuffle,external_lung,seed43,source_disjoint,11,12,-0.0008055283439751815,
support_shuffle,external_lung,seed43,source_disjoint,11,13,-0.006072444439198743,
support_shuffle,external_lung,seed43,source_disjoint,11,14,-0.0006845515597151408,
support_shuffle,external_lung,seed43,source_disjoint,11,15,-0.005514770970292737,
support_shuffle,external_lung,seed43,source_disjoint,11,16,-0.004638426947726204,
support_shuffle,external_lung,seed43,source_disjoint,11,17,-0.00019769376940037553,
support_shuffle,external_lung,seed43,source_disjoint,11,18,-0.001206817189325582,
support_shuffle,external_lung,seed43,source_disjoint,11,19,-0.0036971685531175247,
support_shuffle,external_lung,seed43,target_disjoint,0,0,-0.004306645735216996,
support_shuffle,external_lung,seed43,target_disjoint,0,1,-0.0060108145822429515,
support_shuffle,external_lung,seed43,target_disjoint,0,2,-0.00636490493633346,
support_shuffle,external_lung,seed43,target_disjoint,0,3,-0.0014512471655326875,
support_shuffle,external_lung,seed43,target_disjoint,0,4,-0.005409035409035257,
support_shuffle,external_lung,seed43,target_disjoint,0,5,-0.009965114250828355,
support_shuffle,external_lung,seed43,target_disjoint,0,6,-0.0038077795220651245,
support_shuffle,external_lung,seed43,target_disjoint,0,7,-0.0008110936682363956,
support_shuffle,external_lung,seed43,target_disjoint,0,8,-0.008076050933193746,
support_shuffle,external_lung,seed43,target_disjoint,0,9,0.002077446363160651,
support_shuffle,external_lung,seed43,target_disjoint,0,10,-0.0016186987615557369,
support_shuffle,external_lung,seed43,target_disjoint,0,11,0.002246642246642394,
support_shuffle,external_lung,seed43,target_disjoint,0,12,-0.005478806907378231,
support_shuffle,external_lung,seed43,target_disjoint,0,13,-0.000743066457352004,
support_shuffle,external_lung,seed43,target_disjoint,0,14,-0.004547357404500185,
support_shuffle,external_lung,seed43,target_disjoint,0,15,-0.0028501657073084496,
support_shuffle,external_lung,seed43,target_disjoint,0,16,-0.00942961800104647,
support_shuffle,external_lung,seed43,target_disjoint,0,17,-0.0018123146694574155,
support_shuffle,external_lung,seed43,target_disjoint,0,18,-0.0049171463457176046,
support_shuffle,external_lung,seed43,target_disjoint,0,19,-0.005314843886272236,
support_shuffle,external_lung,seed43,target_disjoint,3,0,0.00463457177742882,
support_shuffle,external_lung,seed43,target_disjoint,3,1,0.004475841618698795,
support_shuffle,external_lung,seed43,target_disjoint,3,2,0.002480376766091086,
support_shuffle,external_lung,seed43,target_disjoint,3,3,0.006244549101691976,
support_shuffle,external_lung,seed43,target_disjoint,3,4,0.007078318506889947,
support_shuffle,external_lung,seed43,target_disjoint,3,5,0.0022885051456479344,
support_shuffle,external_lung,seed43,target_disjoint,3,6,0.0067381824524681,
support_shuffle,external_lung,seed43,target_disjoint,3,7,0.0026391069248212218,
support_shuffle,external_lung,seed43,target_disjoint,3,8,0.007034711320425491,
support_shuffle,external_lung,seed43,target_disjoint,3,9,-0.003532182103610615,
support_shuffle,external_lung,seed43,target_disjoint,3,10,0.002963544392115769,
support_shuffle,external_lung,seed43,target_disjoint,3,11,-0.0008163265306122547,
support_shuffle,external_lung,seed43,target_disjoint,3,12,0.004735740450026171,
support_shuffle,external_lung,seed43,target_disjoint,3,13,-0.0015611372754229524,
support_shuffle,external_lung,seed43,target_disjoint,3,14,0.00223094365951515,
support_shuffle,external_lung,seed43,target_disjoint,3,15,-0.0011163439734868108,
support_shuffle,external_lung,seed43,target_disjoint,3,16,0.0009663352520495327,
support_shuffle,external_lung,seed43,target_disjoint,3,17,0.00028955171812317104,
support_shuffle,external_lung,seed43,target_disjoint,3,18,0.0022466422466422276,
support_shuffle,external_lung,seed43,target_disjoint,3,19,0.002323390894819477,
support_shuffle,external_lung,seed43,target_disjoint,7,0,0.0026548055119484104,
support_shuffle,external_lung,seed43,target_disjoint,7,1,-0.0011250654107797242,
support_shuffle,external_lung,seed43,target_disjoint,7,2,0.0013082155939299067,
support_shuffle,external_lung,seed43,target_disjoint,7,3,-0.0003383917669631531,
support_shuffle,external_lung,seed43,target_disjoint,7,4,-0.0030420373277516566,
support_shuffle,external_lung,seed43,target_disjoint,7,5,-0.0009384266527122653,
support_shuffle,external_lung,seed43,target_disjoint,7,6,-0.0014878772021628128,
support_shuffle,external_lung,seed43,target_disjoint,7,7,-0.007013779870922721,
support_shuffle,external_lung,seed43,target_disjoint,7,8,0.0015890458747601643,
support_shuffle,external_lung,seed43,target_disjoint,7,9,-0.00671725100296533,
support_shuffle,external_lung,seed43,target_disjoint,7,10,-0.0032129774986917603,
support_shuffle,external_lung,seed43,target_disjoint,7,11,0.0001482644339787509,
support_shuffle,external_lung,seed43,target_disjoint,7,12,-0.011826268969126086,
support_shuffle,external_lung,seed43,target_disjoint,7,13,0.0009506366649223441,
support_shuffle,external_lung,seed43,target_disjoint,7,14,-0.0029216814931101176,
support_shuffle,external_lung,seed43,target_disjoint,7,15,0.004039769754055622,
support_shuffle,external_lung,seed43,target_disjoint,7,16,-0.000327926042211768,
support_shuffle,external_lung,seed43,target_disjoint,7,17,0.002136752136752129,
support_shuffle,external_lung,seed43,target_disjoint,7,18,-0.002415838130123804,
support_shuffle,external_lung,seed43,target_disjoint,7,19,0.0050654107796964665,
support_shuffle,external_lung,seed43,target_disjoint,11,0,-0.0010518053375196956,
support_shuffle,external_lung,seed43,target_disjoint,11,1,-0.0007413221698936434,
support_shuffle,external_lung,seed43,target_disjoint,11,2,-0.00010465724751440586,
support_shuffle,external_lung,seed43,target_disjoint,11,3,-0.006016047444618922,
support_shuffle,external_lung,seed43,target_disjoint,11,4,-0.005049712192569333,
support_shuffle,external_lung,seed43,target_disjoint,11,5,0.0027786499215071148,
support_shuffle,external_lung,seed43,target_disjoint,11,6,-0.0018192918192918572,
support_shuffle,external_lung,seed43,target_disjoint,11,7,-0.0005982905982906406,
support_shuffle,external_lung,seed43,target_disjoint,11,8,0.002748997034711209,
support_shuffle,external_lung,seed43,target_disjoint,11,9,-0.008655154369440088,
support_shuffle,external_lung,seed43,target_disjoint,11,10,-0.0001360544217686721,
support_shuffle,external_lung,seed43,target_disjoint,11,11,-0.0036647479504622327,
support_shuffle,external_lung,seed43,target_disjoint,11,12,-0.0034693877551020824,
support_shuffle,external_lung,seed43,target_disjoint,11,13,-0.0015698587127158659,
support_shuffle,external_lung,seed43,target_disjoint,11,14,-0.005743938601081466,
support_shuffle,external_lung,seed43,target_disjoint,11,15,-0.004367695796267168,
support_shuffle,external_lung,seed43,target_disjoint,11,16,-0.006514913657770793,
support_shuffle,external_lung,seed43,target_disjoint,11,17,-0.004196755625326953,
support_shuffle,external_lung,seed43,target_disjoint,11,18,-0.008063840920983778,
support_shuffle,external_lung,seed43,target_disjoint,11,19,-0.006614338042909451,
support_shuffle,external_lung,seed44,source_disjoint,0,0,-0.005087065903709553,
support_shuffle,external_lung,seed44,source_disjoint,0,1,-0.010528684885556472,
support_shuffle,external_lung,seed44,source_disjoint,0,2,-0.003002910418310911,
support_shuffle,external_lung,seed44,source_disjoint,0,3,-0.006286380228887056,
support_shuffle,external_lung,seed44,source_disjoint,0,4,-0.0067118439226518944,
support_shuffle,external_lung,seed44,source_disjoint,0,5,-0.0028795876085241368,
support_shuffle,external_lung,seed44,source_disjoint,0,6,-0.002602111286503672,
support_shuffle,external_lung,seed44,source_disjoint,0,7,-0.006141475927387452,
support_shuffle,external_lung,seed44,source_disjoint,0,8,-0.0048065065114442085,
support_shuffle,external_lung,seed44,source_disjoint,0,9,-0.003798342541436517,
support_shuffle,external_lung,seed44,source_disjoint,0,10,-0.007898825966850875,
support_shuffle,external_lung,seed44,source_disjoint,0,11,-0.007701509471191859,
support_shuffle,external_lung,seed44,source_disjoint,0,12,-0.005543360299921085,
support_shuffle,external_lung,seed44,source_disjoint,0,13,0.005601938634569814,
support_shuffle,external_lung,seed44,source_disjoint,0,14,-0.0034869524467245894,
support_shuffle,external_lung,seed44,source_disjoint,0,15,0.000776933701657434,
support_shuffle,external_lung,seed44,source_disjoint,0,16,0.0006289463299131715,
support_shuffle,external_lung,seed44,source_disjoint,0,17,-0.011243957182320408,
support_shuffle,external_lung,seed44,source_disjoint,0,18,-4.0079913180779414e-05,
support_shuffle,external_lung,seed44,source_disjoint,0,19,-0.005632769337016508,
support_shuffle,external_lung,seed44,source_disjoint,3,0,-0.0029813289265984144,
support_shuffle,external_lung,seed44,source_disjoint,3,1,6.782754538270375e-05,
support_shuffle,external_lung,seed44,source_disjoint,3,2,-0.0019731649565903897,
support_shuffle,external_lung,seed44,source_disjoint,3,3,-0.0065361089187057075,
support_shuffle,external_lung,seed44,source_disjoint,3,4,-0.00507781669297569,
support_shuffle,external_lung,seed44,source_disjoint,3,5,0.00013257202052097128,
support_shuffle,external_lung,seed44,source_disjoint,3,6,-0.003527032359905369,
support_shuffle,external_lung,seed44,source_disjoint,3,7,-0.005272050118389826,
support_shuffle,external_lung,seed44,source_disjoint,3,8,0.006573105761641718,
support_shuffle,external_lung,seed44,source_disjoint,3,9,-0.0022999704025257195,
support_shuffle,external_lung,seed44,source_disjoint,3,10,0.004109732636148444,
support_shuffle,external_lung,seed44,source_disjoint,3,11,0.004683183701657434,
support_shuffle,external_lung,seed44,source_disjoint,3,12,-0.008681925808997626,
support_shuffle,external_lung,seed44,source_disjoint,3,13,0.004905164759273828,
support_shuffle,external_lung,seed44,source_disjoint,3,14,0.006690262430939176,
support_shuffle,external_lung,seed44,source_disjoint,3,15,-0.00164635951065506,
support_shuffle,external_lung,seed44,source_disjoint,3,16,-0.005685181531176031,
support_shuffle,external_lung,seed44,source_disjoint,3,17,0.0019700818863457314,
support_shuffle,external_lung,seed44,source_disjoint,3,18,-0.008247212904498924,
support_shuffle,external_lung,seed44,source_disjoint,3,19,0.001775848460931373,
support_shuffle,external_lung,seed44,source_disjoint,7,0,-0.0032988851617994364,
support_shuffle,external_lung,seed44,source_disjoint,7,1,-0.0038507547355959293,
support_shuffle,external_lung,seed44,source_disjoint,7,2,-0.0072883780584056534,
support_shuffle,external_lung,seed44,source_disjoint,7,3,-0.01455209155485393,
support_shuffle,external_lung,seed44,source_disjoint,7,4,-0.013617921270718147,
support_shuffle,external_lung,seed44,source_disjoint,7,5,-0.006684096290449859,
support_shuffle,external_lung,seed44,source_disjoint,7,6,-0.013941643646408819,
support_shuffle,external_lung,seed44,source_disjoint,7,7,-0.00823488062352018,
support_shuffle,external_lung,seed44,source_disjoint,7,8,-0.0031724792817677816,
support_shuffle,external_lung,seed44,source_disjoint,7,9,0.00545703433307021,
support_shuffle,external_lung,seed44,source_disjoint,7,10,-0.011077471389108084,
support_shuffle,external_lung,seed44,source_disjoint,7,11,-0.0019854972375690227,
support_shuffle,external_lung,seed44,source_disjoint,7,12,-0.011018893054459244,
support_shuffle,external_lung,seed44,source_disjoint,7,13,-0.0009495856353590737,
support_shuffle,external_lung,seed44,source_disjoint,7,14,-0.004895915548539853,
support_shuffle,external_lung,seed44,source_disjoint,7,15,0.0008324289660617268,
support_shuffle,external_lung,seed44,source_disjoint,7,16,0.003564029202841379,
support_shuffle,external_lung,seed44,source_disjoint,7,17,-0.014869647790055285,
support_shuffle,external_lung,seed44,source_disjoint,7,18,-0.004328630623520069,
support_shuffle,external_lung,seed44,source_disjoint,7,19,-0.007106476913969928,
support_shuffle,external_lung,seed44,source_disjoint,11,0,-0.0008385951065509323,
support_shuffle,external_lung,seed44,source_disjoint,11,1,-0.005198056432517806,
support_shuffle,external_lung,seed44,source_disjoint,11,2,-0.00314164857932131,
support_shuffle,external_lung,seed44,source_disjoint,11,3,-0.0013966308208367417,
support_shuffle,external_lung,seed44,source_disjoint,11,4,-0.006474447513812209,
support_shuffle,external_lung,seed44,source_disjoint,11,5,-0.007895742896606217,
support_shuffle,external_lung,seed44,source_disjoint,11,6,-0.00051795580110503,
support_shuffle,external_lung,seed44,source_disjoint,11,7,0.0014675414364641037,
support_shuffle,external_lung,seed44,source_disjoint,11,8,-0.0028086769928967747,
support_shuffle,external_lung,seed44,source_disjoint,11,9,-0.0038415055248618435,
support_shuffle,external_lung,seed44,source_disjoint,11,10,-0.000835512036306274,
support_shuffle,external_lung,seed44,source_disjoint,11,11,-0.006061316101026115,
support_shuffle,external_lung,seed44,source_disjoint,11,12,-0.00011407359905279968,
support_shuffle,external_lung,seed44,source_disjoint,11,13,-0.006933824980268399,
support_shuffle,external_lung,seed44,source_disjoint,11,14,-0.00603356846882408,
support_shuffle,external_lung,seed44,source_disjoint,11,15,-0.0010729084451459592,
support_shuffle,external_lung,seed44,source_disjoint,11,16,0.00017265193370163967,
support_shuffle,external_lung,seed44,source_disjoint,11,17,-0.002256807419100282,
support_shuffle,external_lung,seed44,source_disjoint,11,18,-0.003141648579321421,
support_shuffle,external_lung,seed44,source_disjoint,11,19,-0.006381955406472017,
support_shuffle,external_lung,seed44,target_disjoint,0,0,-0.0012745767459775847,
support_shuffle,external_lung,seed44,target_disjoint,0,1,0.008645412048952084,
support_shuffle,external_lung,seed44,target_disjoint,0,2,0.007913580895355155,
support_shuffle,external_lung,seed44,target_disjoint,0,3,0.0015091829052646943,
support_shuffle,external_lung,seed44,target_disjoint,0,4,0.007850552374949638,
support_shuffle,external_lung,seed44,target_disjoint,0,5,0.008247982211950888,
support_shuffle,external_lung,seed44,target_disjoint,0,6,0.005266383038324773,
support_shuffle,external_lung,seed44,target_disjoint,0,7,0.0062310695589753995,
support_shuffle,external_lung,seed44,target_disjoint,0,8,0.0019048619500323105,
support_shuffle,external_lung,seed44,target_disjoint,0,9,0.0018663445208956797,
support_shuffle,external_lung,seed44,target_disjoint,0,10,0.004597580405133306,
support_shuffle,external_lung,seed44,target_disjoint,0,11,0.0010172102876552236,
support_shuffle,external_lung,seed44,target_disjoint,0,12,0.008403802720731102,
support_shuffle,external_lung,seed44,target_disjoint,0,13,0.006518199485267107,
support_shuffle,external_lung,seed44,target_disjoint,0,14,0.003953288863210558,
support_shuffle,external_lung,seed44,target_disjoint,0,15,0.006649508902778434,
support_shuffle,external_lung,seed44,target_disjoint,0,16,-0.004611586743001217,
support_shuffle,external_lung,seed44,target_disjoint,0,17,0.007535409772922219,
support_shuffle,external_lung,seed44,target_disjoint,0,18,0.0075231542272878316,
support_shuffle,external_lung,seed44,target_disjoint,0,19,-0.0008701437400424061,
support_shuffle,external_lung,seed44,target_disjoint,3,0,-0.0030096118493617707,
support_shuffle,external_lung,seed44,target_disjoint,3,1,0.0034893289213369094,
support_shuffle,external_lung,seed44,target_disjoint,3,2,-0.001652747868410409,
support_shuffle,external_lung,seed44,target_disjoint,3,3,0.003744944587425858,
support_shuffle,external_lung,seed44,target_disjoint,3,4,0.004529299508027329,
support_shuffle,external_lung,seed44,target_disjoint,3,5,0.010711346884465234,
support_shuffle,external_lung,seed44,target_disjoint,3,6,-0.002769753313374257,
support_shuffle,external_lung,seed44,target_disjoint,3,7,-0.0015547035033351975,
support_shuffle,external_lung,seed44,target_disjoint,3,8,-1.7507922334791814e-05,
support_shuffle,external_lung,seed44,target_disjoint,3,9,0.00067755659435903,
support_shuffle,external_lung,seed44,target_disjoint,3,10,0.004068841150620617,
support_shuffle,external_lung,seed44,target_disjoint,3,11,-0.005408197209237187,
support_shuffle,external_lung,seed44,target_disjoint,3,12,0.00240909011327628,
support_shuffle,external_lung,seed44,target_disjoint,3,13,-0.0004937234098429388,
support_shuffle,external_lung,seed44,target_disjoint,3,14,-0.0014233940858238148,
support_shuffle,external_lung,seed44,target_disjoint,3,15,0.007621198592363154,
support_shuffle,external_lung,seed44,target_disjoint,3,16,-0.004870703993556991,
support_shuffle,external_lung,seed44,target_disjoint,3,17,-0.002468617049214694,
support_shuffle,external_lung,seed44,target_disjoint,3,18,0.0024878757637831206,
support_shuffle,external_lung,seed44,target_disjoint,3,19,0.005502739989845407,
support_shuffle,external_lung,seed44,target_disjoint,7,0,0.0015949717247054074,
support_shuffle,external_lung,seed44,target_disjoint,7,1,-0.002878302431850388,
support_shuffle,external_lung,seed44,target_disjoint,7,2,0.002475620218148622,
support_shuffle,external_lung,seed44,target_disjoint,7,3,-0.0003956790447677272,
support_shuffle,external_lung,seed44,target_disjoint,7,4,0.001174781588668905,
support_shuffle,external_lung,seed44,target_disjoint,7,5,-0.0009664373128840942,
support_shuffle,external_lung,seed44,target_disjoint,7,6,-0.00296584204352468,
support_shuffle,external_lung,seed44,target_disjoint,7,7,-0.0023653203074391893,
support_shuffle,external_lung,seed44,target_disjoint,7,8,-0.002549153491955114,
support_shuffle,external_lung,seed44,target_disjoint,7,9,0.0001523189243132217,
support_shuffle,external_lung,seed44,target_disjoint,7,10,-0.00644991858816113,
support_shuffle,external_lung,seed44,target_disjoint,7,11,-0.002484374179316129,
support_shuffle,external_lung,seed44,target_disjoint,7,12,0.006206558467706735,
support_shuffle,external_lung,seed44,target_disjoint,7,13,-0.003907768265139944,
support_shuffle,external_lung,seed44,target_disjoint,7,14,0.007771766724442741,
support_shuffle,external_lung,seed44,target_disjoint,7,15,0.001246564070241818,
support_shuffle,external_lung,seed44,target_disjoint,7,16,0.0022270077209937122,
support_shuffle,external_lung,seed44,target_disjoint,7,17,0.00019608873015042327,
support_shuffle,external_lung,seed44,target_disjoint,7,18,-0.005676068420960467,
support_shuffle,external_lung,seed44,target_disjoint,7,19,0.005331162350963814,
support_shuffle,external_lung,seed44,target_disjoint,11,0,0.0011170054449637368,
support_shuffle,external_lung,seed44,target_disjoint,11,1,-0.005070294308174517,
support_shuffle,external_lung,seed44,target_disjoint,11,2,0.0035978780398129295,
support_shuffle,external_lung,seed44,target_disjoint,11,3,0.002207749006425397,
support_shuffle,external_lung,seed44,target_disjoint,11,4,0.0004692123185742192,
support_shuffle,external_lung,seed44,target_disjoint,11,5,-0.004447012273053608,
support_shuffle,external_lung,seed44,target_disjoint,11,6,0.00024160932822103742,
support_shuffle,external_lung,seed44,target_disjoint,11,7,0.0027539961832728777,
support_shuffle,external_lung,seed44,target_disjoint,11,8,-0.0016124796470403102,
support_shuffle,external_lung,seed44,target_disjoint,11,9,-0.004142374424427053,
support_shuffle,external_lung,seed44,target_disjoint,11,10,-0.005227865609188143,
support_shuffle,external_lung,seed44,target_disjoint,11,11,0.0023653203074390783,
support_shuffle,external_lung,seed44,target_disjoint,11,12,-0.0033265052436228237,
support_shuffle,external_lung,seed44,target_disjoint,11,13,-0.0013288513052155948,
support_shuffle,external_lung,seed44,target_disjoint,11,14,-0.0023005409948001487,
support_shuffle,external_lung,seed44,target_disjoint,11,15,-0.0006635502564911189,
support_shuffle,external_lung,seed44,target_disjoint,11,16,0.00152318924313255,
support_shuffle,external_lung,seed44,target_disjoint,11,17,-0.009426265385086785,
support_shuffle,external_lung,seed44,target_disjoint,11,18,0.0011082514837964519,
support_shuffle,external_lung,seed44,target_disjoint,11,19,-0.007603690670028196,
support_shuffle,immune,seed42_main,source_disjoint,0,0,-0.007193975646229589,
support_shuffle,immune,seed42_main,source_disjoint,0,1,-0.005594424268318798,
support_shuffle,immune,seed42_main,source_disjoint,0,2,-0.00480933561204866,
support_shuffle,immune,seed42_main,source_disjoint,0,3,-0.007218008972441958,
support_shuffle,immune,seed42_main,source_disjoint,0,4,-0.006681264687032784,
support_shuffle,immune,seed42_main,source_disjoint,0,5,-0.005458235419781965,
support_shuffle,immune,seed42_main,source_disjoint,0,6,-0.006726660969878395,
support_shuffle,immune,seed42_main,source_disjoint,0,7,-0.0068174535355692845,
support_shuffle,immune,seed42_main,source_disjoint,0,8,-0.0023873104037598347,
support_shuffle,immune,seed42_main,source_disjoint,0,9,-0.008601260414441425,
support_shuffle,immune,seed42_main,source_disjoint,0,10,-0.019603183080538433,
support_shuffle,immune,seed42_main,source_disjoint,0,11,0.0007396923734244165,
support_shuffle,immune,seed42_main,source_disjoint,0,12,-0.007161931211279726,
support_shuffle,immune,seed42_main,source_disjoint,0,13,-0.011495941038239699,
support_shuffle,immune,seed42_main,source_disjoint,0,14,-0.00409634693441574,
support_shuffle,immune,seed42_main,source_disjoint,0,15,-0.0034287545396284314,
support_shuffle,immune,seed42_main,source_disjoint,0,16,-0.011012604144413629,
support_shuffle,immune,seed42_main,source_disjoint,0,17,-0.0004886776329843245,
support_shuffle,immune,seed42_main,source_disjoint,0,18,-0.008224738303781343,
support_shuffle,immune,seed42_main,source_disjoint,0,19,-0.008494445631275438,
support_shuffle,immune,seed42_main,source_disjoint,3,0,-0.0012176885280923422,
support_shuffle,immune,seed42_main,source_disjoint,3,1,-0.009338282418286825,
support_shuffle,immune,seed42_main,source_disjoint,3,2,-0.011191518906216613,
support_shuffle,immune,seed42_main,source_disjoint,3,3,-0.005503631702627687,
support_shuffle,immune,seed42_main,source_disjoint,3,4,-0.005594424268318687,
support_shuffle,immune,seed42_main,source_disjoint,3,5,-0.01215018158513137,
support_shuffle,immune,seed42_main,source_disjoint,3,6,-0.010203482161931232,
support_shuffle,immune,seed42_main,source_disjoint,3,7,-0.009709463789788542,
support_shuffle,immune,seed42_main,source_disjoint,3,8,-0.009124652851954518,
support_shuffle,immune,seed42_main,source_disjoint,3,9,-0.0010174108096560053,
support_shuffle,immune,seed42_main,source_disjoint,3,10,-0.009891048921170653,
support_shuffle,immune,seed42_main,source_disjoint,3,11,-0.0032845545823541045,
support_shuffle,immune,seed42_main,source_disjoint,3,12,0.0005954924161504227,
support_shuffle,immune,seed42_main,source_disjoint,3,13,-0.004358043153172453,
support_shuffle,immune,seed42_main,source_disjoint,3,14,-0.005375453962828458,
support_shuffle,immune,seed42_main,source_disjoint,3,15,0.0014313180944243165,
support_shuffle,immune,seed42_main,source_disjoint,3,16,-0.00645428327280495,
support_shuffle,immune,seed42_main,source_disjoint,3,17,-0.003645054475539422,
support_shuffle,immune,seed42_main,source_disjoint,3,18,-0.008510467848750314,
support_shuffle,immune,seed42_main,source_disjoint,3,19,-0.003487502670369569,
support_shuffle,immune,seed42_main,source_disjoint,7,0,-0.010379726554155089,
support_shuffle,immune,seed42_main,source_disjoint,7,1,-0.008187353129673114,
support_shuffle,immune,seed42_main,source_disjoint,7,2,-0.0021469771416364747,
support_shuffle,immune,seed42_main,source_disjoint,7,3,-0.0064382610553299635,
support_shuffle,immune,seed42_main,source_disjoint,7,4,-0.008411664174321709,
support_shuffle,immune,seed42_main,source_disjoint,7,5,-0.0012604144413586038,
support_shuffle,immune,seed42_main,source_disjoint,7,6,-0.00377323221533854,
support_shuffle,immune,seed42_main,source_disjoint,7,7,0.0020001068147832424,
support_shuffle,immune,seed42_main,source_disjoint,7,8,-0.008433027130955062,
support_shuffle,immune,seed42_main,source_disjoint,7,9,0.005530335398419073,
support_shuffle,immune,seed42_main,source_disjoint,7,10,0.0023472548600724785,
support_shuffle,immune,seed42_main,source_disjoint,7,11,0.0006916257209997889,
support_shuffle,immune,seed42_main,source_disjoint,7,12,-0.011442533646656594,
support_shuffle,immune,seed42_main,source_disjoint,7,13,0.0023071993163854554,
support_shuffle,immune,seed42_main,source_disjoint,7,14,-0.002008117923520625,
support_shuffle,immune,seed42_main,source_disjoint,7,15,-0.012016663106173886,
support_shuffle,immune,seed42_main,source_disjoint,7,16,8.81221961119838e-05,
support_shuffle,immune,seed42_main,source_disjoint,7,17,-0.00027771843623147774,
support_shuffle,immune,seed42_main,source_disjoint,7,18,-0.008473082674642085,
support_shuffle,immune,seed42_main,source_disjoint,7,19,-0.0022751548814355926,
support_shuffle,immune,seed42_main,source_disjoint,11,0,0.0016529587694935621,
support_shuffle,immune,seed42_main,source_disjoint,11,1,-0.0016769920957062645,
support_shuffle,immune,seed42_main,source_disjoint,11,2,-0.0003471480452894582,
support_shuffle,immune,seed42_main,source_disjoint,11,3,-0.008708075197607523,
support_shuffle,immune,seed42_main,source_disjoint,11,4,0.0034688100833154545,
support_shuffle,immune,seed42_main,source_disjoint,11,5,-0.0017944883571887615,
support_shuffle,immune,seed42_main,source_disjoint,11,6,-0.005642490920743648,
support_shuffle,immune,seed42_main,source_disjoint,11,7,-0.005607776116214547,
support_shuffle,immune,seed42_main,source_disjoint,11,8,-0.006168553727835979,
support_shuffle,immune,seed42_main,source_disjoint,11,9,-0.004480880153813427,
support_shuffle,immune,seed42_main,source_disjoint,11,10,-0.003143024994659349,
support_shuffle,immune,seed42_main,source_disjoint,11,11,0.003030869472334996,
support_shuffle,immune,seed42_main,source_disjoint,11,12,0.0010040589617602569,
support_shuffle,immune,seed42_main,source_disjoint,11,13,-0.00451025421918394,
support_shuffle,immune,seed42_main,source_disjoint,11,14,-0.0010788293099767143,
support_shuffle,immune,seed42_main,source_disjoint,11,15,0.0007530442213201649,
support_shuffle,immune,seed42_main,source_disjoint,11,16,-0.00455565050202944,
support_shuffle,immune,seed42_main,source_disjoint,11,17,-0.005759987182226034,
support_shuffle,immune,seed42_main,source_disjoint,11,18,-0.007135227515488229,
support_shuffle,immune,seed42_main,source_disjoint,11,19,-0.0031884212775048493,
support_shuffle,immune,seed42_main,target_disjoint,0,0,-0.012889235045280167,
support_shuffle,immune,seed42_main,target_disjoint,0,1,-0.0025866281822205517,
support_shuffle,immune,seed42_main,target_disjoint,0,2,-0.0028958781936744282,
support_shuffle,immune,seed42_main,target_disjoint,0,3,-0.0014947083886928114,
support_shuffle,immune,seed42_main,target_disjoint,0,4,-0.0019184954414256383,
support_shuffle,immune,seed42_main,target_disjoint,0,5,-0.007763702448038257,
support_shuffle,immune,seed42_main,target_disjoint,0,6,-0.002766069546891514,
support_shuffle,immune,seed42_main,target_disjoint,0,7,-0.010176616117652415,
support_shuffle,immune,seed42_main,target_disjoint,0,8,-0.0014622562269970274,
support_shuffle,immune,seed42_main,target_disjoint,0,9,-0.0016359707396037537,
support_shuffle,immune,seed42_main,target_disjoint,0,10,-0.012755608497121207,
support_shuffle,immune,seed42_main,target_disjoint,0,11,-0.001803958400146577,
support_shuffle,immune,seed42_main,target_disjoint,0,12,-0.008204670056962904,
support_shuffle,immune,seed42_main,target_disjoint,0,13,-0.009027427803484867,
support_shuffle,immune,seed42_main,target_disjoint,0,14,-0.0033158473450313197,
support_shuffle,immune,seed42_main,target_disjoint,0,15,-0.0062021807852660205,
support_shuffle,immune,seed42_main,target_disjoint,0,16,-0.0024243673737419646,
support_shuffle,immune,seed42_main,target_disjoint,0,17,-0.007429636077640689,
support_shuffle,immune,seed42_main,target_disjoint,0,18,-0.006112460102930539,
support_shuffle,immune,seed42_main,target_disjoint,0,19,-0.009233594477787266,
support_shuffle,immune,seed42_main,target_disjoint,3,0,-0.0056447671843739,
support_shuffle,immune,seed42_main,target_disjoint,3,1,-0.0096516546784563,
support_shuffle,immune,seed42_main,target_disjoint,3,2,-0.0042550510835204225,
support_shuffle,immune,seed42_main,target_disjoint,3,3,-0.002363280951726332,
support_shuffle,immune,seed42_main,target_disjoint,3,4,-0.003886623600739103,
support_shuffle,immune,seed42_main,target_disjoint,3,5,-0.003911439959682905,
support_shuffle,immune,seed42_main,target_disjoint,3,6,0.0029321482567462587,
support_shuffle,immune,seed42_main,target_disjoint,3,7,-0.0016741497533634409,
support_shuffle,immune,seed42_main,target_disjoint,3,8,-0.01156251431713018,
support_shuffle,immune,seed42_main,target_disjoint,3,9,-0.008607458652127975,
support_shuffle,immune,seed42_main,target_disjoint,3,10,-0.0013572639391578045,
support_shuffle,immune,seed42_main,target_disjoint,3,11,-0.0023976420641101948,
support_shuffle,immune,seed42_main,target_disjoint,3,12,-0.0036021899482291397,
support_shuffle,immune,seed42_main,target_disjoint,3,13,-0.0029016050457382203,
support_shuffle,immune,seed42_main,target_disjoint,3,14,-0.009653563629144268,
support_shuffle,immune,seed42_main,target_disjoint,3,15,-0.002687802568683839,
support_shuffle,immune,seed42_main,target_disjoint,3,16,-0.009224049724347427,
support_shuffle,immune,seed42_main,target_disjoint,3,17,-0.011575876971946064,
support_shuffle,immune,seed42_main,target_disjoint,3,18,-0.01003726271742944,
support_shuffle,immune,seed42_main,target_disjoint,3,19,-0.014729463508498464,
support_shuffle,immune,seed42_main,target_disjoint,7,0,-0.0069180372932606815,
support_shuffle,immune,seed42_main,target_disjoint,7,1,-0.0015023441914447933,
support_shuffle,immune,seed42_main,target_disjoint,7,2,0.003184129747560327,
support_shuffle,immune,seed42_main,target_disjoint,7,3,0.002533177562957234,
support_shuffle,immune,seed42_main,target_disjoint,7,4,-0.006971487912524443,
support_shuffle,immune,seed42_main,target_disjoint,7,5,-0.003731998595012276,
support_shuffle,immune,seed42_main,target_disjoint,7,6,-0.00301995998839355,
support_shuffle,immune,seed42_main,target_disjoint,7,7,-0.001901314885233818,
support_shuffle,immune,seed42_main,target_disjoint,7,8,-0.010604221071761288,
support_shuffle,immune,seed42_main,target_disjoint,7,9,-0.007013484827660066,
support_shuffle,immune,seed42_main,target_disjoint,7,10,0.0038388998335395774,
support_shuffle,immune,seed42_main,target_disjoint,7,11,-0.004896458514683677,
support_shuffle,immune,seed42_main,target_disjoint,7,12,-0.006549609810479362,
support_shuffle,immune,seed42_main,target_disjoint,7,13,0.003943892121378689,
support_shuffle,immune,seed42_main,target_disjoint,7,14,-0.01005635222430934,
support_shuffle,immune,seed42_main,target_disjoint,7,15,-0.002844336525098967,
support_shuffle,immune,seed42_main,target_disjoint,7,16,-0.005660038789878197,
support_shuffle,immune,seed42_main,target_disjoint,7,17,-0.004216872069760735,
support_shuffle,immune,seed42_main,target_disjoint,7,18,-0.00549396008002323,
support_shuffle,immune,seed42_main,target_disjoint,7,19,-0.004537575785342418,
support_shuffle,immune,seed42_main,target_disjoint,11,0,-0.0022105648966874725,
support_shuffle,immune,seed42_main,target_disjoint,11,1,-0.0034914708083260138,
support_shuffle,immune,seed42_main,target_disjoint,11,2,0.00022143827980647401,
support_shuffle,immune,seed42_main,target_disjoint,11,3,-0.008248575922786827,
support_shuffle,immune,seed42_main,target_disjoint,11,4,0.0010651944838963034,
support_shuffle,immune,seed42_main,target_disjoint,11,5,-0.0028157022647790075,
support_shuffle,immune,seed42_main,target_disjoint,11,6,-0.0023422824941584652,
support_shuffle,immune,seed42_main,target_disjoint,11,7,-0.005182801117881497,
support_shuffle,immune,seed42_main,target_disjoint,11,8,-0.004228325773888542,
support_shuffle,immune,seed42_main,target_disjoint,11,9,-0.0020215787785768935,
support_shuffle,immune,seed42_main,target_disjoint,11,10,0.0019967624196332023,
support_shuffle,immune,seed42_main,target_disjoint,11,11,-0.006179273377009964,
support_shuffle,immune,seed42_main,target_disjoint,11,12,-0.0071719277347627175,
support_shuffle,immune,seed42_main,target_disjoint,11,13,-0.0062670851086573665,
support_shuffle,immune,seed42_main,target_disjoint,11,14,-0.008216123761090821,
support_shuffle,immune,seed42_main,target_disjoint,11,15,-0.003132588078984644,
support_shuffle,immune,seed42_main,target_disjoint,11,16,-0.0005574136008917874,
support_shuffle,immune,seed42_main,target_disjoint,11,17,-0.00333302790122314,
support_shuffle,immune,seed42_main,target_disjoint,11,18,-0.005020540309402577,
support_shuffle,immune,seed42_main,target_disjoint,11,19,0.0024988164505734822,
support_shuffle,immune,seed43,source_disjoint,0,0,-0.012999473568020004,
support_shuffle,immune,seed43,source_disjoint,0,1,-0.01157301271927591,
support_shuffle,immune,seed43,source_disjoint,0,2,-0.006928524122471913,
support_shuffle,immune,seed43,source_disjoint,0,3,-0.005652068085202688,
support_shuffle,immune,seed43,source_disjoint,0,4,-0.005286962034631304,
support_shuffle,immune,seed43,source_disjoint,0,5,-0.011592824675508595,
support_shuffle,immune,seed43,source_disjoint,0,6,-0.011629618308511835,
support_shuffle,immune,seed43,source_disjoint,0,7,-0.010423919257787628,
support_shuffle,immune,seed43,source_disjoint,0,8,-0.007398350513129759,
support_shuffle,immune,seed43,source_disjoint,0,9,-0.004553919654026517,
support_shuffle,immune,seed43,source_disjoint,0,10,-0.005886981280531667,
support_shuffle,immune,seed43,source_disjoint,0,11,-0.014827834100339055,
support_shuffle,immune,seed43,source_disjoint,0,12,-0.0066058722638274725,
support_shuffle,immune,seed43,source_disjoint,0,13,-0.008595558725468466,
support_shuffle,immune,seed43,source_disjoint,0,14,-0.001477405879056537,
support_shuffle,immune,seed43,source_disjoint,0,15,-0.00727664849627252,
support_shuffle,immune,seed43,source_disjoint,0,16,-0.00948143619701014,
support_shuffle,immune,seed43,source_disjoint,0,17,0.0011632448587973743,
support_shuffle,immune,seed43,source_disjoint,0,18,-0.009167275176750977,
support_shuffle,immune,seed43,source_disjoint,0,19,-0.0079389338903324,
support_shuffle,immune,seed43,source_disjoint,3,0,-0.007169097876724373,
support_shuffle,immune,seed43,source_disjoint,3,1,-0.015699560174571747,
support_shuffle,immune,seed43,source_disjoint,3,2,-0.004870910953747587,
support_shuffle,immune,seed43,source_disjoint,3,3,-0.014219324016053414,
support_shuffle,immune,seed43,source_disjoint,3,4,-0.015054256457282533,
support_shuffle,immune,seed43,source_disjoint,3,5,-0.0064303949371961044,
support_shuffle,immune,seed43,source_disjoint,3,6,-0.013811763773554975,
support_shuffle,immune,seed43,source_disjoint,3,7,-0.014165548706279285,
support_shuffle,immune,seed43,source_disjoint,3,8,-0.02249223088287733,
support_shuffle,immune,seed43,source_disjoint,3,9,-0.009334261664996846,
support_shuffle,immune,seed43,source_disjoint,3,10,-0.010667323291501773,
support_shuffle,immune,seed43,source_disjoint,3,11,-0.011190924991933637,
support_shuffle,immune,seed43,source_disjoint,3,12,-0.005858678485913704,
support_shuffle,immune,seed43,source_disjoint,3,13,-0.010214478577614816,
support_shuffle,immune,seed43,source_disjoint,3,14,-0.0003594454916476808,
support_shuffle,immune,seed43,source_disjoint,3,15,-0.017159984376857396,
support_shuffle,immune,seed43,source_disjoint,3,16,-0.005015255206298974,
support_shuffle,immune,seed43,source_disjoint,3,17,-0.016398639201634757,
support_shuffle,immune,seed43,source_disjoint,3,18,-0.007848364947554809,
support_shuffle,immune,seed43,source_disjoint,3,19,-0.004324667017621353,
support_shuffle,immune,seed43,source_disjoint,7,0,-0.0017745852225449221,
support_shuffle,immune,seed43,source_disjoint,7,1,-0.0016104290137609611,
support_shuffle,immune,seed43,source_disjoint,7,2,-0.0004698263906578459,
support_shuffle,immune,seed43,source_disjoint,7,3,-0.0029265089634950003,
support_shuffle,immune,seed43,source_disjoint,7,4,-0.00046133555227245715,
support_shuffle,immune,seed43,source_disjoint,7,5,-0.0024991367647642093,
support_shuffle,immune,seed43,source_disjoint,7,6,0.0027198985627842065,
support_shuffle,immune,seed43,source_disjoint,7,7,-0.007370047718511796,
support_shuffle,immune,seed43,source_disjoint,7,8,-0.007842704388631438,
support_shuffle,immune,seed43,source_disjoint,7,9,-0.0026095176637741524,
support_shuffle,immune,seed43,source_disjoint,7,10,-0.002397246704139544,
support_shuffle,immune,seed43,source_disjoint,7,11,-0.0006198312021329366,
support_shuffle,immune,seed43,source_disjoint,7,12,-0.008632352358471929,
support_shuffle,immune,seed43,source_disjoint,7,13,-0.009792766937807507,
support_shuffle,immune,seed43,source_disjoint,7,14,-0.001828360532319051,
support_shuffle,immune,seed43,source_disjoint,7,15,-0.010443731214020091,
support_shuffle,immune,seed43,source_disjoint,7,16,-0.009724840230724396,
support_shuffle,immune,seed43,source_disjoint,7,17,-0.0006537945556744917,
support_shuffle,immune,seed43,source_disjoint,7,18,0.002176484906119547,
support_shuffle,immune,seed43,source_disjoint,7,19,-0.006393601304192864,
support_shuffle,immune,seed43,source_disjoint,11,0,-0.00074436349845175,
support_shuffle,immune,seed43,source_disjoint,11,1,-0.0008773866331561742,
support_shuffle,immune,seed43,source_disjoint,11,2,-0.008974816173348943,
support_shuffle,immune,seed43,source_disjoint,11,3,0.007582318678146294,
support_shuffle,immune,seed43,source_disjoint,11,4,0.0008575746769237114,
support_shuffle,immune,seed43,source_disjoint,11,5,-0.007316272408737556,
support_shuffle,immune,seed43,source_disjoint,11,6,-0.00912765126428583,
support_shuffle,immune,seed43,source_disjoint,11,7,0.0025217790004585794,
support_shuffle,immune,seed43,source_disjoint,11,8,-0.0042312677953820765,
support_shuffle,immune,seed43,source_disjoint,11,9,-0.008722921301249187,
support_shuffle,immune,seed43,source_disjoint,11,10,-0.0015085389531361848,
support_shuffle,immune,seed43,source_disjoint,11,11,-0.005185071974006528,
support_shuffle,immune,seed43,source_disjoint,11,12,-0.0016359015289169054,
support_shuffle,immune,seed43,source_disjoint,11,13,-0.0024340403371428954,
support_shuffle,immune,seed43,source_disjoint,11,14,-0.006351147112265698,
support_shuffle,immune,seed43,source_disjoint,11,15,-0.004248249472152743,
support_shuffle,immune,seed43,source_disjoint,11,16,-0.006588890587056473,
support_shuffle,immune,seed43,source_disjoint,11,17,0.0003990694041130505,
support_shuffle,immune,seed43,source_disjoint,11,18,-0.0037925744788039895,
support_shuffle,immune,seed43,source_disjoint,11,19,0.002934999801880611,
support_shuffle,immune,seed43,target_disjoint,0,0,-0.003555333594929877,
support_shuffle,immune,seed43,target_disjoint,0,1,-0.00675592654688717,
support_shuffle,immune,seed43,target_disjoint,0,2,-0.003662350325212005,
support_shuffle,immune,seed43,target_disjoint,0,3,-0.00586213866990104,
support_shuffle,immune,seed43,target_disjoint,0,4,-0.0065537838341320764,
support_shuffle,immune,seed43,target_disjoint,0,5,-0.00019421554754928128,
support_shuffle,immune,seed43,target_disjoint,0,6,-0.0077606947367587775,
support_shuffle,immune,seed43,target_disjoint,0,7,-0.002334550153192616,
support_shuffle,immune,seed43,target_disjoint,0,8,-0.0011890747809131241,
support_shuffle,immune,seed43,target_disjoint,0,9,-0.008816989500469719,
support_shuffle,immune,seed43,target_disjoint,0,10,-0.0011177302940583722,
support_shuffle,immune,seed43,target_disjoint,0,11,-0.003501825229788813,
support_shuffle,immune,seed43,target_disjoint,0,12,-0.0013436545024317903,
support_shuffle,immune,seed43,target_disjoint,0,13,-0.011133703531948536,
support_shuffle,immune,seed43,target_disjoint,0,14,-0.004617573732545344,
support_shuffle,immune,seed43,target_disjoint,0,15,-0.009843557394658031,
support_shuffle,immune,seed43,target_disjoint,0,16,-0.00900922325671727,
support_shuffle,immune,seed43,target_disjoint,0,17,0.0008759517552724416,
support_shuffle,immune,seed43,target_disjoint,0,18,-0.006763853712093315,
support_shuffle,immune,seed43,target_disjoint,0,19,-0.004034927089898166,
support_shuffle,immune,seed43,target_disjoint,3,0,0.0024613847964899405,
support_shuffle,immune,seed43,target_disjoint,3,1,-0.002778471404733307,
support_shuffle,immune,seed43,target_disjoint,3,2,-0.001500216015251854,
support_shuffle,immune,seed43,target_disjoint,3,3,0.00025763286919788797,
support_shuffle,immune,seed43,target_disjoint,3,4,-0.017186094166795396,
support_shuffle,immune,seed43,target_disjoint,3,5,-0.003598933003563287,
support_shuffle,immune,seed43,target_disjoint,3,6,-0.002881524552412418,
support_shuffle,immune,seed43,target_disjoint,3,7,-0.004359940863347567,
support_shuffle,immune,seed43,target_disjoint,3,8,-0.0031986111606557843,
support_shuffle,immune,seed43,target_disjoint,3,9,-0.0053904723401387855,
support_shuffle,immune,seed43,target_disjoint,3,10,-0.0024475122573791586,
support_shuffle,immune,seed43,target_disjoint,3,11,-0.0005846284339487973,
support_shuffle,immune,seed43,target_disjoint,3,12,0.0027150540830845893,
support_shuffle,immune,seed43,target_disjoint,3,13,0.0005925555991549425,
support_shuffle,immune,seed43,target_disjoint,3,14,-0.0017162312671176183,
support_shuffle,immune,seed43,target_disjoint,3,15,-0.002956832621870187,
support_shuffle,immune,seed43,target_disjoint,3,16,-0.005247783366429171,
support_shuffle,immune,seed43,target_disjoint,3,17,-0.005422181000963144,
support_shuffle,immune,seed43,target_disjoint,3,18,0.0028656702220003494,
support_shuffle,immune,seed43,target_disjoint,3,19,-0.001793521127877118,
support_shuffle,immune,seed43,target_disjoint,7,0,-0.000128816434599055,
support_shuffle,immune,seed43,target_disjoint,7,1,0.0005509379818229299,
support_shuffle,immune,seed43,target_disjoint,7,2,0.0019005378581590238,
support_shuffle,immune,seed43,target_disjoint,7,3,0.0004895024514757207,
support_shuffle,immune,seed43,target_disjoint,7,4,-0.008422613031466963,
support_shuffle,immune,seed43,target_disjoint,7,5,-0.0027190176656877174,
support_shuffle,immune,seed43,target_disjoint,7,6,-0.003991327681264645,
support_shuffle,immune,seed43,target_disjoint,7,7,-0.0011652932852947995,
support_shuffle,immune,seed43,target_disjoint,7,8,-0.0033095914735411514,
support_shuffle,immune,seed43,target_disjoint,7,9,-0.0007074994946432156,
support_shuffle,immune,seed43,target_disjoint,7,10,-0.004126089489768114,
support_shuffle,immune,seed43,target_disjoint,7,11,-0.00041617617331968226,
support_shuffle,immune,seed43,target_disjoint,7,12,-0.004195452185321358,
support_shuffle,immune,seed43,target_disjoint,7,13,-0.004938623923391949,
support_shuffle,immune,seed43,target_disjoint,7,14,-0.003951691855234252,
support_shuffle,immune,seed43,target_disjoint,7,15,-0.004070599333325431,
support_shuffle,immune,seed43,target_disjoint,7,16,-0.006845107155455721,
support_shuffle,immune,seed43,target_disjoint,7,17,-0.006799525955520802,
support_shuffle,immune,seed43,target_disjoint,7,18,-0.008028236562464208,
support_shuffle,immune,seed43,target_disjoint,7,19,-0.005231929036017213,
support_shuffle,immune,seed43,target_disjoint,11,0,-0.0006203006773762842,
support_shuffle,immune,seed43,target_disjoint,11,1,0.001522015719568559,
support_shuffle,immune,seed43,target_disjoint,11,2,0.000723353825055506,
support_shuffle,immune,seed43,target_disjoint,11,3,-0.0031133941346904725,
support_shuffle,immune,seed43,target_disjoint,11,4,-0.006448748895151235,
support_shuffle,immune,seed43,target_disjoint,11,5,-0.0010642219289170862,
support_shuffle,immune,seed43,target_disjoint,11,6,-0.003182756830243716,
support_shuffle,immune,seed43,target_disjoint,11,7,-0.005047622444975586,
support_shuffle,immune,seed43,target_disjoint,11,8,-0.0021462799795478604,
support_shuffle,immune,seed43,target_disjoint,11,9,5.549015644257249e-05,
support_shuffle,immune,seed43,target_disjoint,11,10,0.0005073385731895197,
support_shuffle,immune,seed43,target_disjoint,11,11,-0.0033274275952548393,
support_shuffle,immune,seed43,target_disjoint,11,12,-0.007380190806866471,
support_shuffle,immune,seed43,target_disjoint,11,13,-0.006254533347602287,
support_shuffle,immune,seed43,target_disjoint,11,14,-0.007086885694241207,
support_shuffle,immune,seed43,target_disjoint,11,15,-0.005398399505344931,
support_shuffle,immune,seed43,target_disjoint,11,16,-0.0015854330412172768,
support_shuffle,immune,seed43,target_disjoint,11,17,-0.0001327800172019611,
support_shuffle,immune,seed43,target_disjoint,11,18,-0.0024158035965547997,
support_shuffle,immune,seed43,target_disjoint,11,19,-0.004413449228488631,
support_shuffle,immune,seed44,source_disjoint,0,0,-0.016452498451152486,
support_shuffle,immune,seed44,source_disjoint,0,1,-0.014868935461129218,
support_shuffle,immune,seed44,source_disjoint,0,2,-0.011231814394667694,
support_shuffle,immune,seed44,source_disjoint,0,3,-0.004491657587216036,
support_shuffle,immune,seed44,source_disjoint,0,4,-0.0038988228759425647,
support_shuffle,immune,seed44,source_disjoint,0,5,-0.01030517635497441,
support_shuffle,immune,seed44,source_disjoint,0,6,-0.012134418594714536,
support_shuffle,immune,seed44,source_disjoint,0,7,-0.004432908201414176,
support_shuffle,immune,seed44,source_disjoint,0,8,-0.011432096391719493,
support_shuffle,immune,seed44,source_disjoint,0,9,-0.015224102202567757,
support_shuffle,immune,seed44,source_disjoint,0,10,-0.007762930205729601,
support_shuffle,immune,seed44,source_disjoint,0,11,-0.0096776260975453,
support_shuffle,immune,seed44,source_disjoint,0,12,0.0020028199705185434,
support_shuffle,immune,seed44,source_disjoint,0,13,-0.009367856608771707,
support_shuffle,immune,seed44,source_disjoint,0,14,-0.00881507829690864,
support_shuffle,immune,seed44,source_disjoint,0,15,-0.005105855711508345,
support_shuffle,immune,seed44,source_disjoint,0,16,-0.008796385310517185,
support_shuffle,immune,seed44,source_disjoint,0,17,-0.010297165075092374,
support_shuffle,immune,seed44,source_disjoint,0,18,-0.003933538422098204,
support_shuffle,immune,seed44,source_disjoint,0,19,-0.009463991967356589,
support_shuffle,immune,seed44,source_disjoint,3,0,-0.004371488388985045,
support_shuffle,immune,seed44,source_disjoint,3,1,-0.006232775748253538,
support_shuffle,immune,seed44,source_disjoint,3,2,-0.008823089576790788,
support_shuffle,immune,seed44,source_disjoint,3,3,-0.01881048516310957,
support_shuffle,immune,seed44,source_disjoint,3,4,-0.006537204383772477,
support_shuffle,immune,seed44,source_disjoint,3,5,-0.01188873934499779,
support_shuffle,immune,seed44,source_disjoint,3,6,-0.009018030720587933,
support_shuffle,immune,seed44,source_disjoint,3,7,-0.011100963489927063,
support_shuffle,immune,seed44,source_disjoint,3,8,-0.0008625478006366594,
support_shuffle,immune,seed44,source_disjoint,3,9,-0.006064538870729996,
support_shuffle,immune,seed44,source_disjoint,3,10,-0.0205863188703026,
support_shuffle,immune,seed44,source_disjoint,3,11,-0.007089982695635433,
support_shuffle,immune,seed44,source_disjoint,3,12,-0.00841184387617766,
support_shuffle,immune,seed44,source_disjoint,3,13,-0.012115725608323191,
support_shuffle,immune,seed44,source_disjoint,3,14,-0.01013960990407825,
support_shuffle,immune,seed44,source_disjoint,3,15,-0.01382746907645982,
support_shuffle,immune,seed44,source_disjoint,3,16,-0.0001201691982311015,
support_shuffle,immune,seed44,source_disjoint,3,17,-0.006945779657758111,
support_shuffle,immune,seed44,source_disjoint,3,18,-0.017411181610374027,
support_shuffle,immune,seed44,source_disjoint,3,19,-0.009012689867333279,
support_shuffle,immune,seed44,source_disjoint,7,0,-0.020402059433014985,
support_shuffle,immune,seed44,source_disjoint,7,1,-0.006539874810399637,
support_shuffle,immune,seed44,source_disjoint,7,2,0.00034448503492923166,
support_shuffle,immune,seed44,source_disjoint,7,3,-0.01024642696917255,
support_shuffle,immune,seed44,source_disjoint,7,4,-0.013709970304855879,
support_shuffle,immune,seed44,source_disjoint,7,5,-0.013237304791813398,
support_shuffle,immune,seed44,source_disjoint,7,6,-0.009658933111153734,
support_shuffle,immune,seed44,source_disjoint,7,7,-0.0048975624345745095,
support_shuffle,immune,seed44,source_disjoint,7,8,-0.012072998782285405,
support_shuffle,immune,seed44,source_disjoint,7,9,-0.01944871712704821,
support_shuffle,immune,seed44,source_disjoint,7,10,-0.015742164968275296,
support_shuffle,immune,seed44,source_disjoint,7,11,-0.006251468734644994,
support_shuffle,immune,seed44,source_disjoint,7,12,-0.011955500010681686,
support_shuffle,immune,seed44,source_disjoint,7,13,-0.01125050738105915,
support_shuffle,immune,seed44,source_disjoint,7,14,-0.00220043154094296,
support_shuffle,immune,seed44,source_disjoint,7,15,-0.002072251062829822,
support_shuffle,immune,seed44,source_disjoint,7,16,-0.010003418146082965,
support_shuffle,immune,seed44,source_disjoint,7,17,-0.011186417142002525,
support_shuffle,immune,seed44,source_disjoint,7,18,-0.006053857164220577,
support_shuffle,immune,seed44,source_disjoint,7,19,-0.012892819756884277,
support_shuffle,immune,seed44,source_disjoint,11,0,-0.018530090367236962,
support_shuffle,immune,seed44,source_disjoint,11,1,-0.008315708517592668,
support_shuffle,immune,seed44,source_disjoint,11,2,-0.01013960990407814,
support_shuffle,immune,seed44,source_disjoint,11,3,-0.011944818304172156,
support_shuffle,immune,seed44,source_disjoint,11,4,-0.007068619282616484,
support_shuffle,immune,seed44,source_disjoint,11,5,-0.004408874361767956,
support_shuffle,immune,seed44,source_disjoint,11,6,-0.004296716443418891,
support_shuffle,immune,seed44,source_disjoint,11,7,-0.004264671323890634,
support_shuffle,immune,seed44,source_disjoint,11,8,-0.010286483368582955,
support_shuffle,immune,seed44,source_disjoint,11,9,-0.01177124057339396,
support_shuffle,immune,seed44,source_disjoint,11,10,-0.013544403853959608,
support_shuffle,immune,seed44,source_disjoint,11,11,-0.01652727039671842,
support_shuffle,immune,seed44,source_disjoint,11,12,-0.012094362195304131,
support_shuffle,immune,seed44,source_disjoint,11,13,-0.020530239911128123,
support_shuffle,immune,seed44,source_disjoint,11,14,-0.019082868679099918,
support_shuffle,immune,seed44,source_disjoint,11,15,0.0032365570723579262,
support_shuffle,immune,seed44,source_disjoint,11,16,-0.011554936016577866,
support_shuffle,immune,seed44,source_disjoint,11,17,-0.005979085218654534,
support_shuffle,immune,seed44,source_disjoint,11,18,-0.009386549595163274,
support_shuffle,immune,seed44,source_disjoint,11,19,-0.01591307227242611,
support_shuffle,immune,seed44,target_disjoint,0,0,-0.001677852348993425,
support_shuffle,immune,seed44,target_disjoint,0,1,-0.0009424614693884781,
support_shuffle,immune,seed44,target_disjoint,0,2,-0.002958980670831335,
support_shuffle,immune,seed44,target_disjoint,0,3,-0.0005573488771742907,
support_shuffle,immune,seed44,target_disjoint,0,4,0.0048593855228628025,
support_shuffle,immune,seed44,target_disjoint,0,5,-0.0008360233157613806,
support_shuffle,immune,seed44,target_disjoint,0,6,-0.012931268046105227,
support_shuffle,immune,seed44,target_disjoint,0,7,0.003046066432889627,
support_shuffle,immune,seed44,target_disjoint,0,8,0.0007237794446636192,
support_shuffle,immune,seed44,target_disjoint,0,9,0.002250683139422227,
support_shuffle,immune,seed44,target_disjoint,0,10,0.001004389122407634,
support_shuffle,immune,seed44,target_disjoint,0,11,-0.0005089678982530543,
support_shuffle,immune,seed44,target_disjoint,0,12,-0.0014378826935433908,
support_shuffle,immune,seed44,target_disjoint,0,13,0.0045226539095699625,
support_shuffle,immune,seed44,target_disjoint,0,14,-0.00538770581268444,
support_shuffle,immune,seed44,target_disjoint,0,15,0.004942600806607578,
support_shuffle,immune,seed44,target_disjoint,0,16,0.0017455857194831337,
support_shuffle,immune,seed44,target_disjoint,0,17,0.002624184296695198,
support_shuffle,immune,seed44,target_disjoint,0,18,-0.004077548903493544,
support_shuffle,immune,seed44,target_disjoint,0,19,-0.0005960536603114575,
support_shuffle,immune,seed44,target_disjoint,3,0,0.0029028587352825097,
support_shuffle,immune,seed44,target_disjoint,3,1,-0.00790932243406628,
support_shuffle,immune,seed44,target_disjoint,3,2,0.0006386289217622521,
support_shuffle,immune,seed44,target_disjoint,3,3,-0.00395949931492523,
support_shuffle,immune,seed44,target_disjoint,3,4,-0.004069807946866066,
support_shuffle,immune,seed44,target_disjoint,3,5,-0.012199747644813907,
support_shuffle,immune,seed44,target_disjoint,3,6,-0.00032705541750843725,
support_shuffle,immune,seed44,target_disjoint,3,7,-0.0038530611612982435,
support_shuffle,immune,seed44,target_disjoint,3,8,0.004251720427610461,
support_shuffle,immune,seed44,target_disjoint,3,9,-0.002926081605164721,
support_shuffle,immune,seed44,target_disjoint,3,10,-0.0011437263417012344,
support_shuffle,immune,seed44,target_disjoint,3,11,0.0014862636724646272,
support_shuffle,immune,seed44,target_disjoint,3,12,-0.00793641578226223,
support_shuffle,immune,seed44,target_disjoint,3,13,0.0009695548175845392,
support_shuffle,immune,seed44,target_disjoint,3,14,-0.008933063948042497,
support_shuffle,immune,seed44,target_disjoint,3,15,-0.006285656781464977,
support_shuffle,immune,seed44,target_disjoint,3,16,-0.003322805632320014,
support_shuffle,immune,seed44,target_disjoint,3,17,-0.0017165571321302586,
support_shuffle,immune,seed44,target_disjoint,3,18,-0.0004141411795668404,
support_shuffle,immune,seed44,target_disjoint,3,19,-0.005778624122369069,
support_shuffle,immune,seed44,target_disjoint,7,0,-0.006353390151954907,
support_shuffle,immune,seed44,target_disjoint,7,1,0.00021481154641089795,
support_shuffle,immune,seed44,target_disjoint,7,2,0.002531292817166464,
support_shuffle,immune,seed44,target_disjoint,7,3,0.0006928156181540412,
support_shuffle,immune,seed44,target_disjoint,7,4,0.003448596177515695,
support_shuffle,immune,seed44,target_disjoint,7,5,0.0006444346392328049,
support_shuffle,immune,seed44,target_disjoint,7,6,0.0013004807134066043,
support_shuffle,immune,seed44,target_disjoint,7,7,-0.008209284503378877,
support_shuffle,immune,seed44,target_disjoint,7,8,0.0048264864571964106,
support_shuffle,immune,seed44,target_disjoint,7,9,0.00023416393797948132,
support_shuffle,immune,seed44,target_disjoint,7,10,0.0017223628496011445,
support_shuffle,immune,seed44,target_disjoint,7,11,0.0027596510376751704,
support_shuffle,immune,seed44,target_disjoint,7,12,0.0015617379995820357,
support_shuffle,immune,seed44,target_disjoint,7,13,-0.0008244118808201639,
support_shuffle,immune,seed44,target_disjoint,7,14,0.0012404882995441513,
support_shuffle,immune,seed44,target_disjoint,7,15,0.003137022673262102,
support_shuffle,immune,seed44,target_disjoint,7,16,8.321528374477527e-05,
support_shuffle,immune,seed44,target_disjoint,7,17,4.257526145090562e-05,
support_shuffle,immune,seed44,target_disjoint,7,18,-0.002068770658678054,
support_shuffle,immune,seed44,target_disjoint,7,19,-0.008195737829280847,
support_shuffle,immune,seed44,target_disjoint,11,0,0.005008398937940917,
support_shuffle,immune,seed44,target_disjoint,11,1,0.0053470657903904595,
support_shuffle,immune,seed44,target_disjoint,11,2,-0.0030944474118110854,
support_shuffle,immune,seed44,target_disjoint,11,3,0.002800291059969262,
support_shuffle,immune,seed44,target_disjoint,11,4,0.000456716441017857,
support_shuffle,immune,seed44,target_disjoint,11,5,0.008470541789554531,
support_shuffle,immune,seed44,target_disjoint,11,6,0.0033421580238888193,
support_shuffle,immune,seed44,target_disjoint,11,7,-0.006394030174248777,
support_shuffle,immune,seed44,target_disjoint,11,8,-0.0033944094811235725,
support_shuffle,immune,seed44,target_disjoint,11,9,-0.004042714598670005,
support_shuffle,immune,seed44,target_disjoint,11,10,-0.00274610436357714,
support_shuffle,immune,seed44,target_disjoint,11,11,0.0028196434515378455,
support_shuffle,immune,seed44,target_disjoint,11,12,0.00014514293676426426,
support_shuffle,immune,seed44,target_disjoint,11,13,0.0011166329935055064,
support_shuffle,immune,seed44,target_disjoint,11,14,0.003135087434105288,
support_shuffle,immune,seed44,target_disjoint,11,15,-0.0005205793331938269,
support_shuffle,immune,seed44,target_disjoint,11,16,0.0018965343737179507,
support_shuffle,immune,seed44,target_disjoint,11,17,-0.011878497944775801,
support_shuffle,immune,seed44,target_disjoint,11,18,-0.0034331142642606283,
support_shuffle,immune,seed44,target_disjoint,11,19,0.0008592461856437028,
support_shuffle,lung,seed42_main,source_disjoint,0,0,-0.009309034670949456,
support_shuffle,lung,seed42_main,source_disjoint,0,1,-0.011944859583770229,
support_shuffle,lung,seed42_main,source_disjoint,0,2,-0.0020409984162746975,
support_shuffle,lung,seed42_main,source_disjoint,0,3,-0.0025094242823048285,
support_shuffle,lung,seed42_main,source_disjoint,0,4,-0.008119381677856863,
support_shuffle,lung,seed42_main,source_disjoint,0,5,0.004743741309956584,
support_shuffle,lung,seed42_main,source_disjoint,0,6,-0.001762173496018371,
support_shuffle,lung,seed42_main,source_disjoint,0,7,-0.002669283903251607,
support_shuffle,lung,seed42_main,source_disjoint,0,8,-0.0006394384837873357,
support_shuffle,lung,seed42_main,source_disjoint,0,9,-0.009283011011725573,
support_shuffle,lung,seed42_main,source_disjoint,0,10,-0.006349772850631652,
support_shuffle,lung,seed42_main,source_disjoint,0,11,-0.013565761786858865,
support_shuffle,lung,seed42_main,source_disjoint,0,12,-0.0049965425709889155,
support_shuffle,lung,seed42_main,source_disjoint,0,13,0.0018922917921376792,
support_shuffle,lung,seed42_main,source_disjoint,0,14,-0.0026953075624753797,
support_shuffle,lung,seed42_main,source_disjoint,0,15,-0.015127181340292895,
support_shuffle,lung,seed42_main,source_disjoint,0,16,-0.0022417523588589283,
support_shuffle,lung,seed42_main,source_disjoint,0,17,-0.002412764976616022,
support_shuffle,lung,seed42_main,source_disjoint,0,18,-0.0036098533009153444,
support_shuffle,lung,seed42_main,source_disjoint,0,19,-0.00398905519246362,
support_shuffle,lung,seed42_main,source_disjoint,3,0,-0.004148914813410287,
support_shuffle,lung,seed42_main,source_disjoint,3,1,-0.013651268095737468,
support_shuffle,lung,seed42_main,source_disjoint,3,2,-0.008610113537507513,
support_shuffle,lung,seed42_main,source_disjoint,3,3,-0.001275159301970974,
support_shuffle,lung,seed42_main,source_disjoint,3,4,-0.009045080413107032,
support_shuffle,lung,seed42_main,source_disjoint,3,5,-0.006725257076576563,
support_shuffle,lung,seed42_main,source_disjoint,3,6,-0.006948317012781424,
support_shuffle,lung,seed42_main,source_disjoint,3,7,0.001550266556623714,
support_shuffle,lung,seed42_main,source_disjoint,3,8,-0.003632159294535753,
support_shuffle,lung,seed42_main,source_disjoint,3,9,-6.691798086144729e-05,
support_shuffle,lung,seed42_main,source_disjoint,3,10,-0.01098198419248586,
support_shuffle,lung,seed42_main,source_disjoint,3,11,-0.009792331199393267,
support_shuffle,lung,seed42_main,source_disjoint,3,12,-0.009613883250429445,
support_shuffle,lung,seed42_main,source_disjoint,3,13,-0.0009256987352500579,
support_shuffle,lung,seed42_main,source_disjoint,3,14,-0.015168075661930458,
support_shuffle,lung,seed42_main,source_disjoint,3,15,-0.007018952659246236,
support_shuffle,lung,seed42_main,source_disjoint,3,16,-0.006781022060627806,
support_shuffle,lung,seed42_main,source_disjoint,3,17,-0.004137761816600083,
support_shuffle,lung,seed42_main,source_disjoint,3,18,-0.0039779021956533045,
support_shuffle,lung,seed42_main,source_disjoint,3,19,0.0030559211260065,
support_shuffle,lung,seed42_main,source_disjoint,7,0,-0.005948264965462857,
support_shuffle,lung,seed42_main,source_disjoint,7,1,-0.0037585599250518076,
support_shuffle,lung,seed42_main,source_disjoint,7,2,-0.0007732744455102303,
support_shuffle,lung,seed42_main,source_disjoint,7,3,-0.00041266088197888795,
support_shuffle,lung,seed42_main,source_disjoint,7,4,-0.0039035488835850174,
support_shuffle,lung,seed42_main,source_disjoint,7,5,-0.007892604076048637,
support_shuffle,lung,seed42_main,source_disjoint,7,6,-0.009264422683708307,
support_shuffle,lung,seed42_main,source_disjoint,7,7,-0.009680801231290892,
support_shuffle,lung,seed42_main,source_disjoint,7,8,-0.006535656130802425,
support_shuffle,lung,seed42_main,source_disjoint,7,9,-0.004825529953231711,
support_shuffle,lung,seed42_main,source_disjoint,7,10,-0.005063460551850252,
support_shuffle,lung,seed42_main,source_disjoint,7,11,-0.007959522056910084,
support_shuffle,lung,seed42_main,source_disjoint,7,12,-0.0016023138750713706,
support_shuffle,lung,seed42_main,source_disjoint,7,13,-0.005892499981411614,
support_shuffle,lung,seed42_main,source_disjoint,7,14,-0.007944651394496405,
support_shuffle,lung,seed42_main,source_disjoint,7,15,0.0033235930494524,
support_shuffle,lung,seed42_main,source_disjoint,7,16,-0.0036842066129835205,
support_shuffle,lung,seed42_main,source_disjoint,7,17,-0.003632159294535753,
support_shuffle,lung,seed42_main,source_disjoint,7,18,-0.00254288327273533,
support_shuffle,lung,seed42_main,source_disjoint,7,19,-0.008275523633200166,
support_shuffle,lung,seed42_main,source_disjoint,11,0,0.004275315443926342,
support_shuffle,lung,seed42_main,source_disjoint,11,1,-0.006215936888908868,
support_shuffle,lung,seed42_main,source_disjoint,11,2,-0.002461094629460314,
support_shuffle,lung,seed42_main,source_disjoint,11,3,-0.0008885220792159698,
support_shuffle,lung,seed42_main,source_disjoint,11,4,-0.0050337192270230036,
support_shuffle,lung,seed42_main,source_disjoint,11,5,-0.010926219208434729,
support_shuffle,lung,seed42_main,source_disjoint,11,6,-0.008632419531128144,
support_shuffle,lung,seed42_main,source_disjoint,11,7,-0.006100689255203018,
support_shuffle,lung,seed42_main,source_disjoint,11,8,0.000724944792665716,
support_shuffle,lung,seed42_main,source_disjoint,11,9,-0.0038663722275509294,
support_shuffle,lung,seed42_main,source_disjoint,11,10,0.0029332381610939207,
support_shuffle,lung,seed42_main,source_disjoint,11,11,-8.922397448196673e-05,
support_shuffle,lung,seed42_main,source_disjoint,11,12,-0.0028031198649743905,
support_shuffle,lung,seed42_main,source_disjoint,11,13,-0.004148914813410398,
support_shuffle,lung,seed42_main,source_disjoint,11,14,-0.0021711167123941166,
support_shuffle,lung,seed42_main,source_disjoint,11,15,-0.002594930591183209,
support_shuffle,lung,seed42_main,source_disjoint,11,16,0.002074457406705088,
support_shuffle,lung,seed42_main,source_disjoint,11,17,-0.0028663201802324734,
support_shuffle,lung,seed42_main,source_disjoint,11,18,-0.0048589889436625455,
support_shuffle,lung,seed42_main,source_disjoint,11,19,0.0024127649766158,
support_shuffle,lung,seed42_main,target_disjoint,0,0,-0.003733175678575118,
support_shuffle,lung,seed42_main,target_disjoint,0,1,-0.005468649429534622,
support_shuffle,lung,seed42_main,target_disjoint,0,2,0.00039811005001411104,
support_shuffle,lung,seed42_main,target_disjoint,0,3,-0.005981186320271337,
support_shuffle,lung,seed42_main,target_disjoint,0,4,-0.0005816697736732435,
support_shuffle,lung,seed42_main,target_disjoint,0,5,-0.004152740761224627,
support_shuffle,lung,seed42_main,target_disjoint,0,6,-0.002388660300084333,
support_shuffle,lung,seed42_main,target_disjoint,0,7,-7.628456048169863e-05,
support_shuffle,lung,seed42_main,target_disjoint,0,8,-0.0017926871713209724,
support_shuffle,lung,seed42_main,target_disjoint,0,9,-0.003594909912701949,
support_shuffle,lung,seed42_main,target_disjoint,0,10,0.0030656857743598387,
support_shuffle,lung,seed42_main,target_disjoint,0,11,0.00343518911419316,
support_shuffle,lung,seed42_main,target_disjoint,0,12,-0.005351838696296962,
support_shuffle,lung,seed42_main,target_disjoint,0,13,0.003928654864809311,
support_shuffle,lung,seed42_main,target_disjoint,0,14,-0.0032158710028082904,
support_shuffle,lung,seed42_main,target_disjoint,0,15,-0.004152740761224627,
support_shuffle,lung,seed42_main,target_disjoint,0,16,0.003711720645939387,
support_shuffle,lung,seed42_main,target_disjoint,0,17,0.0038571380893578366,
support_shuffle,lung,seed42_main,target_disjoint,0,18,-0.010915843826433569,
support_shuffle,lung,seed42_main,target_disjoint,0,19,-0.001215785182677731,
support_shuffle,lung,seed42_main,target_disjoint,3,0,-0.003041846849209162,
support_shuffle,lung,seed42_main,target_disjoint,3,1,0.0016425019428724097,
support_shuffle,lung,seed42_main,target_disjoint,3,2,-0.0016043596626315049,
support_shuffle,lung,seed42_main,target_disjoint,3,3,-0.007800096309257487,
support_shuffle,lung,seed42_main,target_disjoint,3,4,-0.001375505981186409,
support_shuffle,lung,seed42_main,target_disjoint,3,5,-0.004352987732489044,
support_shuffle,lung,seed42_main,target_disjoint,3,6,-0.00616951382896036,
support_shuffle,lung,seed42_main,target_disjoint,3,7,-4.767785030113103e-06,
support_shuffle,lung,seed42_main,target_disjoint,3,8,0.000722319432061469,
support_shuffle,lung,seed42_main,target_disjoint,3,9,0.00240534754768984,
support_shuffle,lung,seed42_main,target_disjoint,3,10,-0.0033851273713769725,
support_shuffle,lung,seed42_main,target_disjoint,3,11,-0.0063006279172882484,
support_shuffle,lung,seed42_main,target_disjoint,3,12,-0.007785792954167259,
support_shuffle,lung,seed42_main,target_disjoint,3,13,-0.0009392536509312821,
support_shuffle,lung,seed42_main,target_disjoint,3,14,0.0027152535746468587,
support_shuffle,lung,seed42_main,target_disjoint,3,15,-0.0022289395015756552,
support_shuffle,lung,seed42_main,target_disjoint,3,16,-0.0032516293905340277,
support_shuffle,lung,seed42_main,target_disjoint,3,17,-0.002677111294405843,
support_shuffle,lung,seed42_main,target_disjoint,3,18,-0.004460262895666478,
support_shuffle,lung,seed42_main,target_disjoint,3,19,-0.002538845528532785,
support_shuffle,lung,seed42_main,target_disjoint,7,0,-0.0016854120081434276,
support_shuffle,lung,seed42_main,target_disjoint,7,1,-0.002314759632117691,
support_shuffle,lung,seed42_main,target_disjoint,7,2,-0.01012200761892057,
support_shuffle,lung,seed42_main,target_disjoint,7,3,0.00268664686446618,
support_shuffle,lung,seed42_main,target_disjoint,7,4,-0.002553148883623124,
support_shuffle,lung,seed42_main,target_disjoint,7,5,-0.0015805207374810504,
support_shuffle,lung,seed42_main,target_disjoint,7,6,-0.006241030604412057,
support_shuffle,lung,seed42_main,target_disjoint,7,7,-0.001752160998565011,
support_shuffle,lung,seed42_main,target_disjoint,7,8,-0.003916735402234139,
support_shuffle,lung,seed42_main,target_disjoint,7,9,0.0037236401085146698,
support_shuffle,lung,seed42_main,target_disjoint,7,10,-0.00016687247605384758,
support_shuffle,lung,seed42_main,target_disjoint,7,11,0.0002836832092916186,
support_shuffle,lung,seed42_main,target_disjoint,7,12,9.773959311720759e-05,
support_shuffle,lung,seed42_main,target_disjoint,7,13,-0.003706952860909385,
support_shuffle,lung,seed42_main,target_disjoint,7,14,-0.005878678942123905,
support_shuffle,lung,seed42_main,target_disjoint,7,15,-0.004648590404355835,
support_shuffle,lung,seed42_main,target_disjoint,7,16,-0.006620069514305715,
support_shuffle,lung,seed42_main,target_disjoint,7,17,0.0012300885377679593,
support_shuffle,lung,seed42_main,target_disjoint,7,18,-0.0015495301347854262,
support_shuffle,lung,seed42_main,target_disjoint,7,19,-0.0008081395626033938,
support_shuffle,lung,seed42_main,target_disjoint,11,0,-0.002431570365355351,
support_shuffle,lung,seed42_main,target_disjoint,11,1,0.0016425019428722987,
support_shuffle,lung,seed42_main,target_disjoint,11,2,-0.0034852508570094587,
support_shuffle,lung,seed42_main,target_disjoint,11,3,0.004078840093257874,
support_shuffle,lung,seed42_main,target_disjoint,11,4,-0.0069991084241994295,
support_shuffle,lung,seed42_main,target_disjoint,11,5,-0.000605508698823809,
support_shuffle,lung,seed42_main,target_disjoint,11,6,-0.004066920630682591,
support_shuffle,lung,seed42_main,target_disjoint,11,7,-0.004722491072322477,
support_shuffle,lung,seed42_main,target_disjoint,11,8,0.002867822695610367,
support_shuffle,lung,seed42_main,target_disjoint,11,9,0.0009464053284765628,
support_shuffle,lung,seed42_main,target_disjoint,11,10,-0.007015795671804825,
support_shuffle,lung,seed42_main,target_disjoint,11,11,0.0028058414902190076,
support_shuffle,lung,seed42_main,target_disjoint,11,12,-0.001189562365012109,
support_shuffle,lung,seed42_main,target_disjoint,11,13,0.004031162242956854,
support_shuffle,lung,seed42_main,target_disjoint,11,14,0.003096676377055463,
support_shuffle,lung,seed42_main,target_disjoint,11,15,0.0023862764075691656,
support_shuffle,lung,seed42_main,target_disjoint,11,16,-0.004438807863031191,
support_shuffle,lung,seed42_main,target_disjoint,11,17,0.001582904629996107,
support_shuffle,lung,seed42_main,target_disjoint,11,18,-0.0019571757548596525,
support_shuffle,lung,seed42_main,target_disjoint,11,19,-0.0005244563533121083,
support_shuffle,lung,seed43,source_disjoint,0,0,-0.00937452986309617,
support_shuffle,lung,seed43,source_disjoint,0,1,-0.0021187503134246777,
support_shuffle,lung,seed43,source_disjoint,0,2,-0.0063531166942480954,
support_shuffle,lung,seed43,source_disjoint,0,3,-0.0010531066646608522,
support_shuffle,lung,seed43,source_disjoint,0,4,-0.008697532721528511,
support_shuffle,lung,seed43,source_disjoint,0,5,-0.0006863998796450277,
support_shuffle,lung,seed43,source_disjoint,0,6,-0.002886640589739753,
support_shuffle,lung,seed43,source_disjoint,0,7,-0.006299834511809932,
support_shuffle,lung,seed43,source_disjoint,0,8,-0.007973521889574231,
support_shuffle,lung,seed43,source_disjoint,0,9,-0.0016423449175066995,
support_shuffle,lung,seed43,source_disjoint,0,10,-0.012562058071310389,
support_shuffle,lung,seed43,source_disjoint,0,11,-0.0020497969008576034,
support_shuffle,lung,seed43,source_disjoint,0,12,-0.0015044380923725509,
support_shuffle,lung,seed43,source_disjoint,0,13,-0.00418421844441097,
support_shuffle,lung,seed43,source_disjoint,0,14,-0.0034790130886114268,
support_shuffle,lung,seed43,source_disjoint,0,15,-0.005240459355097649,
support_shuffle,lung,seed43,source_disjoint,0,16,-0.0029305200341005477,
support_shuffle,lung,seed43,source_disjoint,0,17,-0.008728875181786333,
support_shuffle,lung,seed43,source_disjoint,0,18,-0.007503384985707906,
support_shuffle,lung,seed43,source_disjoint,0,19,0.0017927887267438214,
support_shuffle,lung,seed43,source_disjoint,3,0,-0.021591820871571132,
support_shuffle,lung,seed43,source_disjoint,3,1,-0.012718770372599164,
support_shuffle,lung,seed43,source_disjoint,3,2,-9.402738077479711e-06,
support_shuffle,lung,seed43,source_disjoint,3,3,0.004077654079534532,
support_shuffle,lung,seed43,source_disjoint,3,4,-0.0015263778145528928,
support_shuffle,lung,seed43,source_disjoint,3,5,-0.008920064189358645,
support_shuffle,lung,seed43,source_disjoint,3,6,-0.008967077879745378,
support_shuffle,lung,seed43,source_disjoint,3,7,0.0011283285692793577,
support_shuffle,lung,seed43,source_disjoint,3,8,-0.008945138157564814,
support_shuffle,lung,seed43,source_disjoint,3,9,-0.00491763201444273,
support_shuffle,lung,seed43,source_disjoint,3,10,-0.000548493054510879,
support_shuffle,lung,seed43,source_disjoint,3,11,-0.0030402186450028124,
support_shuffle,lung,seed43,source_disjoint,3,12,-0.0010719121408153676,
support_shuffle,lung,seed43,source_disjoint,3,13,0.003754826738879724,
support_shuffle,lung,seed43,source_disjoint,3,14,-0.008888721729100935,
support_shuffle,lung,seed43,source_disjoint,3,15,-0.0037015445564415606,
support_shuffle,lung,seed43,source_disjoint,3,16,-0.0060177523694899815,
support_shuffle,lung,seed43,source_disjoint,3,17,-0.004876886816107651,
support_shuffle,lung,seed43,source_disjoint,3,18,-0.003400656937967095,
support_shuffle,lung,seed43,source_disjoint,3,19,-0.011546562358959012,
support_shuffle,lung,seed43,source_disjoint,7,0,-0.002877237851662384,
support_shuffle,lung,seed43,source_disjoint,7,1,-0.01594077528709692,
support_shuffle,lung,seed43,source_disjoint,7,2,-0.003670202096183739,
support_shuffle,lung,seed43,source_disjoint,7,3,-0.0060961085201344245,
support_shuffle,lung,seed43,source_disjoint,7,4,-0.002523068050749755,
support_shuffle,lung,seed43,source_disjoint,7,5,-0.01357441953763594,
support_shuffle,lung,seed43,source_disjoint,7,6,-0.010393159821473374,
support_shuffle,lung,seed43,source_disjoint,7,7,0.0027111228122963515,
support_shuffle,lung,seed43,source_disjoint,7,8,-0.0012348929341559067,
support_shuffle,lung,seed43,source_disjoint,7,9,-0.007227571335439609,
support_shuffle,lung,seed43,source_disjoint,7,10,-0.008500075221904657,
support_shuffle,lung,seed43,source_disjoint,7,11,-0.010368085853267095,
support_shuffle,lung,seed43,source_disjoint,7,12,-0.010706584424050924,
support_shuffle,lung,seed43,source_disjoint,7,13,0.0007741587683667284,
support_shuffle,lung,seed43,source_disjoint,7,14,-0.007729050699563755,
support_shuffle,lung,seed43,source_disjoint,7,15,-0.006353116694247873,
support_shuffle,lung,seed43,source_disjoint,7,16,-0.002886640589739753,
support_shuffle,lung,seed43,source_disjoint,7,17,0.0012160874580010583,
support_shuffle,lung,seed43,source_disjoint,7,18,-0.005591494909984562,
support_shuffle,lung,seed43,source_disjoint,7,19,-0.0073999548668572945,
support_shuffle,lung,seed43,source_disjoint,11,0,-0.0019463667820068808,
support_shuffle,lung,seed43,source_disjoint,11,1,-0.0035793089614362117,
support_shuffle,lung,seed43,source_disjoint,11,2,-0.002673511859986988,
support_shuffle,lung,seed43,source_disjoint,11,3,-0.006227746853217142,
support_shuffle,lung,seed43,source_disjoint,11,4,-0.00799859585778051,
support_shuffle,lung,seed43,source_disjoint,11,5,-0.0016736873777644101,
support_shuffle,lung,seed43,source_disjoint,11,6,-0.0056259716162680995,
support_shuffle,lung,seed43,source_disjoint,11,7,-0.002993204954616191,
support_shuffle,lung,seed43,source_disjoint,11,8,0.0004168547214282725,
support_shuffle,lung,seed43,source_disjoint,11,9,0.003284689835013288,
support_shuffle,lung,seed43,source_disjoint,11,10,-0.012994584022867461,
support_shuffle,lung,seed43,source_disjoint,11,11,-0.009199012085652658,
support_shuffle,lung,seed43,source_disjoint,11,12,-0.0013696655132642288,
support_shuffle,lung,seed43,source_disjoint,11,13,-0.0030684268592348074,
support_shuffle,lung,seed43,source_disjoint,11,14,0.0009465422997843032,
support_shuffle,lung,seed43,source_disjoint,11,15,-0.0009653477759390405,
support_shuffle,lung,seed43,source_disjoint,11,16,-0.004315856777493576,
support_shuffle,lung,seed43,source_disjoint,11,17,0.0018147284489242743,
support_shuffle,lung,seed43,source_disjoint,11,18,0.0010499724186350257,
support_shuffle,lung,seed43,source_disjoint,11,19,-0.008487538237801573,
support_shuffle,lung,seed43,target_disjoint,0,0,0.0070118966462836,
support_shuffle,lung,seed43,target_disjoint,0,1,0.00670948297513535,
support_shuffle,lung,seed43,target_disjoint,0,2,-0.0025730790324813846,
support_shuffle,lung,seed43,target_disjoint,0,3,-0.0004023639522905409,
support_shuffle,lung,seed43,target_disjoint,0,4,-0.007270742246164752,
support_shuffle,lung,seed43,target_disjoint,0,5,0.009707991409401318,
support_shuffle,lung,seed43,target_disjoint,0,6,0.005581838777633685,
support_shuffle,lung,seed43,target_disjoint,0,7,0.0006227671363475129,
support_shuffle,lung,seed43,target_disjoint,0,8,-0.00131216779345672,
support_shuffle,lung,seed43,target_disjoint,0,9,0.0026294612423563013,
support_shuffle,lung,seed43,target_disjoint,0,10,0.005781739339918046,
support_shuffle,lung,seed43,target_disjoint,0,11,-0.0023219219157650794,
support_shuffle,lung,seed43,target_disjoint,0,12,-0.003659717986437605,
support_shuffle,lung,seed43,target_disjoint,0,13,0.004892438120524645,
support_shuffle,lung,seed43,target_disjoint,0,14,0.0004254294017847493,
support_shuffle,lung,seed43,target_disjoint,0,15,0.002921623602618162,
support_shuffle,lung,seed43,target_disjoint,0,16,0.0002614084276026385,
support_shuffle,lung,seed43,target_disjoint,0,17,0.0027832309056520232,
support_shuffle,lung,seed43,target_disjoint,0,18,-0.0038109248220116743,
support_shuffle,lung,seed43,target_disjoint,0,19,-0.0007765367996433459,
support_shuffle,lung,seed43,target_disjoint,3,0,0.0011686494410473869,
support_shuffle,lung,seed43,target_disjoint,3,1,-0.0028088591828679954,
support_shuffle,lung,seed43,target_disjoint,3,2,0.004892438120524756,
support_shuffle,lung,seed43,target_disjoint,3,3,0.002291167983105913,
support_shuffle,lung,seed43,target_disjoint,3,4,0.0020425736941111494,
support_shuffle,lung,seed43,target_disjoint,3,5,0.004059519111006438,
support_shuffle,lung,seed43,target_disjoint,3,6,0.005018016678882853,
support_shuffle,lung,seed43,target_disjoint,3,7,0.004054393455563243,
support_shuffle,lung,seed43,target_disjoint,3,8,0.010417894688283247,
support_shuffle,lung,seed43,target_disjoint,3,9,0.0018631757535995663,
support_shuffle,lung,seed43,target_disjoint,3,10,-0.004415752164308007,
support_shuffle,lung,seed43,target_disjoint,3,11,0.005745859751815852,
support_shuffle,lung,seed43,target_disjoint,3,12,0.0015402594606786502,
support_shuffle,lung,seed43,target_disjoint,3,13,0.004654095142416326,
support_shuffle,lung,seed43,target_disjoint,3,14,0.0014992542171330392,
support_shuffle,lung,seed43,target_disjoint,3,15,-0.0007175917620464989,
support_shuffle,lung,seed43,target_disjoint,3,16,0.003477757218204258,
support_shuffle,lung,seed43,target_disjoint,3,17,0.0009995028114220816,
support_shuffle,lung,seed43,target_disjoint,3,18,0.0016632751913150945,
support_shuffle,lung,seed43,target_disjoint,3,19,0.005076961716479422,
support_shuffle,lung,seed43,target_disjoint,7,0,0.009643920716361776,
support_shuffle,lung,seed43,target_disjoint,7,1,0.0010302567440813037,
support_shuffle,lung,seed43,target_disjoint,7,2,-0.00029216236026169407,
support_shuffle,lung,seed43,target_disjoint,7,3,-0.006847875672101433,
support_shuffle,lung,seed43,target_disjoint,7,4,0.0011789007519337202,
support_shuffle,lung,seed43,target_disjoint,7,5,0.004044142144676854,
support_shuffle,lung,seed43,target_disjoint,7,6,0.0022065946682933157,
support_shuffle,lung,seed43,target_disjoint,7,7,0.0022117203237365657,
support_shuffle,lung,seed43,target_disjoint,7,8,0.0036802206082104383,
support_shuffle,lung,seed43,target_disjoint,7,9,0.0001742722850685552,
support_shuffle,lung,seed43,target_disjoint,7,10,0.007837127172637404,
support_shuffle,lung,seed43,target_disjoint,7,11,0.00043055505722805476,
support_shuffle,lung,seed43,target_disjoint,7,12,0.0033162990717439667,
support_shuffle,lung,seed43,target_disjoint,7,13,0.0034059980419997027,
support_shuffle,lung,seed43,target_disjoint,7,14,0.005599778571684921,
support_shuffle,lung,seed43,target_disjoint,7,15,0.0005868875482453184,
support_shuffle,lung,seed43,target_disjoint,7,16,-0.0005510079601428464,
support_shuffle,lung,seed43,target_disjoint,7,17,0.009092912756218818,
support_shuffle,lung,seed43,target_disjoint,7,18,-0.0058099304448555045,
support_shuffle,lung,seed43,target_disjoint,7,19,0.0022168459791797046,
support_shuffle,lung,seed43,target_disjoint,11,0,0.009567035884713804,
support_shuffle,lung,seed43,target_disjoint,11,1,-0.0012634740667463173,
support_shuffle,lung,seed43,target_disjoint,11,2,0.0007432200392625821,
support_shuffle,lung,seed43,target_disjoint,11,3,-0.0023859926088048433,
support_shuffle,lung,seed43,target_disjoint,11,4,0.0010712619876266372,
support_shuffle,lung,seed43,target_disjoint,11,5,0.0008841755639502624,
support_shuffle,lung,seed43,target_disjoint,11,6,0.0038980609645458686,
support_shuffle,lung,seed43,target_disjoint,11,7,0.0022424742563955657,
support_shuffle,lung,seed43,target_disjoint,11,8,-0.0010712619876266372,
support_shuffle,lung,seed43,target_disjoint,11,9,0.002903683808567037,
support_shuffle,lung,seed43,target_disjoint,11,10,-0.0005740734096372213,
support_shuffle,lung,seed43,target_disjoint,11,11,-0.004946257502678075,
support_shuffle,lung,seed43,target_disjoint,11,12,0.00634556143866899,
support_shuffle,lung,seed43,target_disjoint,11,13,-0.001473625939917067,
support_shuffle,lung,seed43,target_disjoint,11,14,-0.0024885057176686765,
support_shuffle,lung,seed43,target_disjoint,11,15,0.0009790001896493594,
support_shuffle,lung,seed43,target_disjoint,11,16,-0.0014761887676386642,
support_shuffle,lung,seed43,target_disjoint,11,17,-0.004167157875313243,
support_shuffle,lung,seed43,target_disjoint,11,18,0.006847875672101711,
support_shuffle,lung,seed43,target_disjoint,11,19,0.002573079032481218,
support_shuffle,lung,seed44,source_disjoint,0,0,-0.002506430767300394,
support_shuffle,lung,seed44,source_disjoint,0,1,-0.0014806449589058746,
support_shuffle,lung,seed44,source_disjoint,0,2,-0.0035761340109167206,
support_shuffle,lung,seed44,source_disjoint,0,3,-0.0036420101637494318,
support_shuffle,lung,seed44,source_disjoint,0,4,-0.00223665223665237,
support_shuffle,lung,seed44,source_disjoint,0,5,0.0025346634042285876,
support_shuffle,lung,seed44,source_disjoint,0,6,0.005009724574941865,
support_shuffle,lung,seed44,source_disjoint,0,7,0.003202835811531357,
support_shuffle,lung,seed44,source_disjoint,0,8,-0.001094798920885931,
support_shuffle,lung,seed44,source_disjoint,0,9,-0.00623941276115203,
support_shuffle,lung,seed44,source_disjoint,0,10,-0.01315954576824152,
support_shuffle,lung,seed44,source_disjoint,0,11,-0.0017974778844345174,
support_shuffle,lung,seed44,source_disjoint,0,12,0.0003638873204089288,
support_shuffle,lung,seed44,source_disjoint,0,13,0.000718363761841978,
support_shuffle,lung,seed44,source_disjoint,0,14,-0.008259614781354063,
support_shuffle,lung,seed44,source_disjoint,0,15,-0.003585544889892822,
support_shuffle,lung,seed44,source_disjoint,0,16,-0.001988832423615139,
support_shuffle,lung,seed44,source_disjoint,0,17,-0.00642135642135655,
support_shuffle,lung,seed44,source_disjoint,0,18,-0.008698789133571805,
support_shuffle,lung,seed44,source_disjoint,0,19,0.001000690131124804,
support_shuffle,lung,seed44,source_disjoint,3,0,-0.0029769747161051408,
support_shuffle,lung,seed44,source_disjoint,3,1,-0.008450969320534574,
support_shuffle,lung,seed44,source_disjoint,3,2,-0.007393813915552938,
support_shuffle,lung,seed44,source_disjoint,3,3,-0.007321663843402937,
support_shuffle,lung,seed44,source_disjoint,3,4,-0.00020703933747412417,
support_shuffle,lung,seed44,source_disjoint,3,5,-0.007801618671183896,
support_shuffle,lung,seed44,source_disjoint,3,6,-0.007268335529205028,
support_shuffle,lung,seed44,source_disjoint,3,7,-0.003014618232009436,
support_shuffle,lung,seed44,source_disjoint,3,8,0.00035761340109174977,
support_shuffle,lung,seed44,source_disjoint,3,9,0.0004579961101700558,
support_shuffle,lung,seed44,source_disjoint,3,10,0.01176359872012045,
support_shuffle,lung,seed44,source_disjoint,3,11,-0.0005489679402722603,
support_shuffle,lung,seed44,source_disjoint,3,12,-0.00673191542756757,
support_shuffle,lung,seed44,source_disjoint,3,13,-0.005185394315829095,
support_shuffle,lung,seed44,source_disjoint,3,14,0.0008752117447770047,
support_shuffle,lung,seed44,source_disjoint,3,15,-0.0036953384779471188,
support_shuffle,lung,seed44,source_disjoint,3,16,0.0037392559131689262,
support_shuffle,lung,seed44,source_disjoint,3,17,-0.005577514273166551,
support_shuffle,lung,seed44,source_disjoint,3,18,-0.004636426375556835,
support_shuffle,lung,seed44,source_disjoint,3,19,0.009962983876027343,
support_shuffle,lung,seed44,source_disjoint,7,0,-0.0048058221971265525,
support_shuffle,lung,seed44,source_disjoint,7,1,-0.0036576949620430455,
support_shuffle,lung,seed44,source_disjoint,7,2,-0.010267268962921183,
support_shuffle,lung,seed44,source_disjoint,7,3,-0.008479201957462879,
support_shuffle,lung,seed44,source_disjoint,7,4,-0.004871698349959264,
support_shuffle,lung,seed44,source_disjoint,7,5,-0.0018508061986323154,
support_shuffle,lung,seed44,source_disjoint,7,6,0.0032875337223162715,
support_shuffle,lung,seed44,source_disjoint,7,7,-0.002788757136583331,
support_shuffle,lung,seed44,source_disjoint,7,8,-0.003867871259175648,
support_shuffle,lung,seed44,source_disjoint,7,9,-0.005025409373235368,
support_shuffle,lung,seed44,source_disjoint,7,10,-0.006496643453165252,
support_shuffle,lung,seed44,source_disjoint,7,11,-0.004012171403475762,
support_shuffle,lung,seed44,source_disjoint,7,12,-0.0020798042537173433,
support_shuffle,lung,seed44,source_disjoint,7,13,-0.008134136395005931,
support_shuffle,lung,seed44,source_disjoint,7,14,-0.008761528326745815,
support_shuffle,lung,seed44,source_disjoint,7,15,-0.0035008469791079078,
support_shuffle,lung,seed44,source_disjoint,7,16,-0.003773762469414743,
support_shuffle,lung,seed44,source_disjoint,7,17,-0.00014430014430022453,
support_shuffle,lung,seed44,source_disjoint,7,18,0.0010697032436161047,
support_shuffle,lung,seed44,source_disjoint,7,19,-0.006750737185519773,
support_shuffle,lung,seed44,source_disjoint,11,0,-0.0015339732731036726,
support_shuffle,lung,seed44,source_disjoint,11,1,-0.009859464207290336,
support_shuffle,lung,seed44,source_disjoint,11,2,-0.008300395256916837,
support_shuffle,lung,seed44,source_disjoint,11,3,-0.0024562394127612963,
support_shuffle,lung,seed44,source_disjoint,11,4,-0.0036984754376058193,
support_shuffle,lung,seed44,source_disjoint,11,5,-0.008943471986950335,
support_shuffle,lung,seed44,source_disjoint,11,6,-0.00435723696593282,
support_shuffle,lung,seed44,source_disjoint,11,7,-0.0016218081435471765,
support_shuffle,lung,seed44,source_disjoint,11,8,-0.0026758265888701116,
support_shuffle,lung,seed44,source_disjoint,11,9,-0.00673505238722627,
support_shuffle,lung,seed44,source_disjoint,11,10,-0.001725327812284294,
support_shuffle,lung,seed44,source_disjoint,11,11,-0.003714160235899322,
support_shuffle,lung,seed44,source_disjoint,11,12,-0.003318903318903388,
support_shuffle,lung,seed44,source_disjoint,11,13,-0.016268272790011973,
support_shuffle,lung,seed44,source_disjoint,11,14,-0.009630466152205308,
support_shuffle,lung,seed44,source_disjoint,11,15,-0.005251270468661806,
support_shuffle,lung,seed44,source_disjoint,11,16,-0.0087301587301587,
support_shuffle,lung,seed44,source_disjoint,11,17,-0.0034161490683229934,
support_shuffle,lung,seed44,source_disjoint,11,18,-0.0010916619612271194,
support_shuffle,lung,seed44,source_disjoint,11,19,-0.003466340422862091,
support_shuffle,lung,seed44,target_disjoint,0,0,-0.009691406547151171,
support_shuffle,lung,seed44,target_disjoint,0,1,-0.007340822070644237,
support_shuffle,lung,seed44,target_disjoint,0,2,-0.0005933514212541624,
support_shuffle,lung,seed44,target_disjoint,0,3,-0.0041661383979512134,
support_shuffle,lung,seed44,target_disjoint,0,4,-0.00900930598169225,
support_shuffle,lung,seed44,target_disjoint,0,5,0.0018966959961458363,
support_shuffle,lung,seed44,target_disjoint,0,6,-0.01023911555138568,
support_shuffle,lung,seed44,target_disjoint,0,7,-0.007860638486700267,
support_shuffle,lung,seed44,target_disjoint,0,8,-0.0023150848188249196,
support_shuffle,lung,seed44,target_disjoint,0,9,-0.001366736820752057,
support_shuffle,lung,seed44,target_disjoint,0,10,-0.006950325836143856,
support_shuffle,lung,seed44,target_disjoint,0,11,-0.0020970154930649576,
support_shuffle,lung,seed44,target_disjoint,0,12,0.0029642214164363745,
support_shuffle,lung,seed44,target_disjoint,0,13,-0.004865988792250975,
support_shuffle,lung,seed44,target_disjoint,0,14,-0.006389938382736937,
support_shuffle,lung,seed44,target_disjoint,0,15,0.0005324948652281059,
support_shuffle,lung,seed44,target_disjoint,0,16,-0.005089129497679812,
support_shuffle,lung,seed44,target_disjoint,0,17,-0.004490706696756774,
support_shuffle,lung,seed44,target_disjoint,0,18,-0.006118619570454009,
support_shuffle,lung,seed44,target_disjoint,0,19,-0.008560488881000028,
support_shuffle,lung,seed44,target_disjoint,3,0,-0.00017496259857507912,
support_shuffle,lung,seed44,target_disjoint,3,1,-0.005193092780890973,
support_shuffle,lung,seed44,target_disjoint,3,2,-0.0012247381900246657,
support_shuffle,lung,seed44,target_disjoint,3,3,0.0016735552907167772,
support_shuffle,lung,seed44,target_disjoint,3,4,-0.00413063874026931,
support_shuffle,lung,seed44,target_disjoint,3,5,-0.00532241296244651,
support_shuffle,lung,seed44,target_disjoint,3,6,5.8320866191619025e-05,
support_shuffle,lung,seed44,target_disjoint,3,7,-0.002457083449552644,
support_shuffle,lung,seed44,target_disjoint,3,8,-0.003073256079316522,
support_shuffle,lung,seed44,target_disjoint,3,9,-0.0020564444557142902,
support_shuffle,lung,seed44,target_disjoint,3,10,0.0017978040926033279,
support_shuffle,lung,seed44,target_disjoint,3,11,0.0010751324897937398,
support_shuffle,lung,seed44,target_disjoint,3,12,-0.005492304181352381,
support_shuffle,lung,seed44,target_disjoint,3,13,0.00036260364632179076,
support_shuffle,lung,seed44,target_disjoint,3,14,-0.006803255825747367,
support_shuffle,lung,seed44,target_disjoint,3,15,-0.006853969622435785,
support_shuffle,lung,seed44,target_disjoint,3,16,-0.009435301873874757,
support_shuffle,lung,seed44,target_disjoint,3,17,-0.0017749828840936122,
support_shuffle,lung,seed44,target_disjoint,3,18,-0.002743616400841975,
support_shuffle,lung,seed44,target_disjoint,3,19,-0.002903364860410318,
support_shuffle,lung,seed44,target_disjoint,7,0,-0.0024646905190557344,
support_shuffle,lung,seed44,target_disjoint,7,1,-0.0038846768263306464,
support_shuffle,lung,seed44,target_disjoint,7,2,-0.006245404062175108,
support_shuffle,lung,seed44,target_disjoint,7,3,-0.003354717650937089,
support_shuffle,lung,seed44,target_disjoint,7,4,0.003164540913355385,
support_shuffle,lung,seed44,target_disjoint,7,5,-0.0043892791033801615,
support_shuffle,lung,seed44,target_disjoint,7,6,-0.003828891649973465,
support_shuffle,lung,seed44,target_disjoint,7,7,-0.0028323655450466223,
support_shuffle,lung,seed44,target_disjoint,7,8,0.0005756015924130997,
support_shuffle,lung,seed44,target_disjoint,7,9,-0.0030504348708066953,
support_shuffle,lung,seed44,target_disjoint,7,10,0.0031772193625274614,
support_shuffle,lung,seed44,target_disjoint,7,11,-0.0032938610949108105,
support_shuffle,lung,seed44,target_disjoint,7,12,-0.000276390191951692,
support_shuffle,lung,seed44,target_disjoint,7,13,0.00630879630803538,
support_shuffle,lung,seed44,target_disjoint,7,14,-0.002492583107234436,
support_shuffle,lung,seed44,target_disjoint,7,15,-0.0068133985850852286,
support_shuffle,lung,seed44,target_disjoint,7,16,-0.007001039632832162,
support_shuffle,lung,seed44,target_disjoint,7,17,-0.0015290209701549484,
support_shuffle,lung,seed44,target_disjoint,7,18,0.00026117605294517787,
support_shuffle,lung,seed44,target_disjoint,7,19,-0.009932297081421126,
support_shuffle,lung,seed44,target_disjoint,11,0,-0.00506123690950111,
support_shuffle,lung,seed44,target_disjoint,11,1,-0.0061490478484671485,
support_shuffle,lung,seed44,target_disjoint,11,2,-0.0067626847883967,
support_shuffle,lung,seed44,target_disjoint,11,3,-0.004863453102416426,
support_shuffle,lung,seed44,target_disjoint,11,4,-0.0008849557522122575,
support_shuffle,lung,seed44,target_disjoint,11,5,-0.0006288510789359547,
support_shuffle,lung,seed44,target_disjoint,11,6,0.003780713543119485,
support_shuffle,lung,seed44,target_disjoint,11,7,0.00013692725105873826,
support_shuffle,lung,seed44,target_disjoint,11,8,-0.0033724674797778187,
support_shuffle,lung,seed44,target_disjoint,11,9,0.00012932018155542568,
support_shuffle,lung,seed44,target_disjoint,11,10,-0.002652331566802779,
support_shuffle,lung,seed44,target_disjoint,11,11,-0.00028399726145489357,
support_shuffle,lung,seed44,target_disjoint,11,12,0.0008976342013844452,
support_shuffle,lung,seed44,target_disjoint,11,13,-0.0029743641757739026,
support_shuffle,lung,seed44,target_disjoint,11,14,-0.005558232117047368,
support_shuffle,lung,seed44,target_disjoint,11,15,-0.005231128128407314,
support_shuffle,lung,seed44,target_disjoint,11,16,-0.000988919035423419,
support_shuffle,lung,seed44,target_disjoint,11,17,-0.010814717143798891,
support_shuffle,lung,seed44,target_disjoint,11,18,0.003349646271268214,
support_shuffle,lung,seed44,target_disjoint,11,19,-0.001371808200420932,
