null_kind,domain,seed_tag,split_regime,layer,perm_idx,null_delta_auc
endpoint_swap_degree_bin,external_lung,seed42_main,source_disjoint,0,0,0.0004816306734746201
endpoint_swap_degree_bin,external_lung,seed42_main,source_disjoint,0,1,-0.013899928597410627
endpoint_swap_degree_bin,external_lung,seed42_main,source_disjoint,0,2,-0.043100893205976265
endpoint_swap_degree_bin,external_lung,seed42_main,source_disjoint,0,3,-0.013556387837309947
endpoint_swap_degree_bin,external_lung,seed42_main,source_disjoint,0,4,-0.011599552723402518
endpoint_swap_degree_bin,external_lung,seed42_main,source_disjoint,0,5,-0.027331698708017216
endpoint_swap_degree_bin,external_lung,seed42_main,source_disjoint,0,6,-0.050096326134694946
endpoint_swap_degree_bin,external_lung,seed42_main,source_disjoint,0,7,-0.028793430961779387
endpoint_swap_degree_bin,external_lung,seed42_main,source_disjoint,0,8,-0.017267975265065294
endpoint_swap_degree_bin,external_lung,seed42_main,source_disjoint,0,9,-0.04228582591240376
endpoint_swap_degree_bin,external_lung,seed42_main,source_disjoint,0,10,-0.044283077586322994
endpoint_swap_degree_bin,external_lung,seed42_main,source_disjoint,0,11,-0.008494213695825037
endpoint_swap_degree_bin,external_lung,seed42_main,source_disjoint,0,12,-0.01894526250555728
endpoint_swap_degree_bin,external_lung,seed42_main,source_disjoint,0,13,-0.030366308755574167
endpoint_swap_degree_bin,external_lung,seed42_main,source_disjoint,0,14,-0.014896870411036378
endpoint_swap_degree_bin,external_lung,seed42_main,source_disjoint,0,15,-0.03627049456397269
endpoint_swap_degree_bin,external_lung,seed42_main,source_disjoint,3,0,0.0005658318401658979
endpoint_swap_degree_bin,external_lung,seed42_main,source_disjoint,3,1,-0.05292211728885715
endpoint_swap_degree_bin,external_lung,seed42_main,source_disjoint,3,2,-0.03819701725787117
endpoint_swap_degree_bin,external_lung,seed42_main,source_disjoint,3,3,-0.0594022390774247
endpoint_swap_degree_bin,external_lung,seed42_main,source_disjoint,3,4,-0.03432713163673595
endpoint_swap_degree_bin,external_lung,seed42_main,source_disjoint,3,5,-0.010835006129845004
endpoint_swap_degree_bin,external_lung,seed42_main,source_disjoint,3,6,-0.0183996389453972
endpoint_swap_degree_bin,external_lung,seed42_main,source_disjoint,3,7,-0.06292858393845913
endpoint_swap_degree_bin,external_lung,seed42_main,source_disjoint,3,8,-0.052753714955474484
endpoint_swap_degree_bin,external_lung,seed42_main,source_disjoint,3,9,-0.0398574642650249
endpoint_swap_degree_bin,external_lung,seed42_main,source_disjoint,3,10,-0.025920487154269978
endpoint_swap_degree_bin,external_lung,seed42_main,source_disjoint,3,11,-0.031504708529241365
endpoint_swap_degree_bin,external_lung,seed42_main,source_disjoint,3,12,-0.03827785037789483
endpoint_swap_degree_bin,external_lung,seed42_main,source_disjoint,3,13,-0.029877941988764256
endpoint_swap_degree_bin,external_lung,seed42_main,source_disjoint,3,14,-0.04373408597949535
endpoint_swap_degree_bin,external_lung,seed42_main,source_disjoint,3,15,-0.0300732886954882
endpoint_swap_degree_bin,external_lung,seed42_main,source_disjoint,7,0,0.024266776240451482
endpoint_swap_degree_bin,external_lung,seed42_main,source_disjoint,7,1,0.015634472631252727
endpoint_swap_degree_bin,external_lung,seed42_main,source_disjoint,7,2,0.011158338609939644
endpoint_swap_degree_bin,external_lung,seed42_main,source_disjoint,7,3,0.024967329947323647
endpoint_swap_degree_bin,external_lung,seed42_main,source_disjoint,7,4,0.03466730435016907
endpoint_swap_degree_bin,external_lung,seed42_main,source_disjoint,7,5,0.01645290797149279
endpoint_swap_degree_bin,external_lung,seed42_main,source_disjoint,7,6,0.01120549126328696
endpoint_swap_degree_bin,external_lung,seed42_main,source_disjoint,7,7,-0.001623398493809547
endpoint_swap_degree_bin,external_lung,seed42_main,source_disjoint,7,8,0.015843291524647363
endpoint_swap_degree_bin,external_lung,seed42_main,source_disjoint,7,9,0.016607838118204876
endpoint_swap_degree_bin,external_lung,seed42_main,source_disjoint,7,10,0.018086410605305248
endpoint_swap_degree_bin,external_lung,seed42_main,source_disjoint,7,11,0.03244439354951689
endpoint_swap_degree_bin,external_lung,seed42_main,source_disjoint,7,12,0.021639699839680837
endpoint_swap_degree_bin,external_lung,seed42_main,source_disjoint,7,13,0.02075390356608775
endpoint_swap_degree_bin,external_lung,seed42_main,source_disjoint,7,14,0.007914909668988335
endpoint_swap_degree_bin,external_lung,seed42_main,source_disjoint,7,15,0.021979872553113955
endpoint_swap_degree_bin,external_lung,seed42_main,source_disjoint,11,0,0.05774516011693859
endpoint_swap_degree_bin,external_lung,seed42_main,source_disjoint,11,1,0.043185094372667654
endpoint_swap_degree_bin,external_lung,seed42_main,source_disjoint,11,2,0.019598663559082297
endpoint_swap_degree_bin,external_lung,seed42_main,source_disjoint,11,3,0.044559257413070597
endpoint_swap_degree_bin,external_lung,seed42_main,source_disjoint,11,4,0.04546863001333751
endpoint_swap_degree_bin,external_lung,seed42_main,source_disjoint,11,5,0.04545852587333449
endpoint_swap_degree_bin,external_lung,seed42_main,source_disjoint,11,6,0.06681194174626476
endpoint_swap_degree_bin,external_lung,seed42_main,source_disjoint,11,7,0.04850997615422953
endpoint_swap_degree_bin,external_lung,seed42_main,source_disjoint,11,8,0.05569401969633686
endpoint_swap_degree_bin,external_lung,seed42_main,source_disjoint,11,9,0.054265967909251256
endpoint_swap_degree_bin,external_lung,seed42_main,source_disjoint,11,10,0.030150753768844185
endpoint_swap_degree_bin,external_lung,seed42_main,source_disjoint,11,11,0.04297964352594069
endpoint_swap_degree_bin,external_lung,seed42_main,source_disjoint,11,12,0.04604119794683875
endpoint_swap_degree_bin,external_lung,seed42_main,source_disjoint,11,13,0.037405526290972324
endpoint_swap_degree_bin,external_lung,seed42_main,source_disjoint,11,14,0.07035849488730511
endpoint_swap_degree_bin,external_lung,seed42_main,source_disjoint,11,15,0.041743570398911356
endpoint_swap_degree_bin,external_lung,seed42_main,target_disjoint,0,0,-0.021117216117216064
endpoint_swap_degree_bin,external_lung,seed42_main,target_disjoint,0,1,-0.014205128205128204
endpoint_swap_degree_bin,external_lung,seed42_main,target_disjoint,0,2,-0.022228937728937692
endpoint_swap_degree_bin,external_lung,seed42_main,target_disjoint,0,3,-0.002146520146520059
endpoint_swap_degree_bin,external_lung,seed42_main,target_disjoint,0,4,0.011796703296703348
endpoint_swap_degree_bin,external_lung,seed42_main,target_disjoint,0,5,-0.011580586080585986
endpoint_swap_degree_bin,external_lung,seed42_main,target_disjoint,0,6,-0.016347985347985428
endpoint_swap_degree_bin,external_lung,seed42_main,target_disjoint,0,7,-0.020042124542124562
endpoint_swap_degree_bin,external_lung,seed42_main,target_disjoint,0,8,-0.011826007326007248
endpoint_swap_degree_bin,external_lung,seed42_main,target_disjoint,0,9,-0.017161172161172245
endpoint_swap_degree_bin,external_lung,seed42_main,target_disjoint,0,10,-0.02499633699633691
endpoint_swap_degree_bin,external_lung,seed42_main,target_disjoint,0,11,-0.013371794871794851
endpoint_swap_degree_bin,external_lung,seed42_main,target_disjoint,0,12,-0.015058608058608092
endpoint_swap_degree_bin,external_lung,seed42_main,target_disjoint,0,13,-0.022450549450549417
endpoint_swap_degree_bin,external_lung,seed42_main,target_disjoint,0,14,-0.009311355311355296
endpoint_swap_degree_bin,external_lung,seed42_main,target_disjoint,0,15,-0.00887362637362632
endpoint_swap_degree_bin,external_lung,seed42_main,target_disjoint,3,0,-0.03184065934065938
endpoint_swap_degree_bin,external_lung,seed42_main,target_disjoint,3,1,-0.052598901098901085
endpoint_swap_degree_bin,external_lung,seed42_main,target_disjoint,3,2,-0.03712087912087908
endpoint_swap_degree_bin,external_lung,seed42_main,target_disjoint,3,3,-0.038494505494505504
endpoint_swap_degree_bin,external_lung,seed42_main,target_disjoint,3,4,-0.04337728937728935
endpoint_swap_degree_bin,external_lung,seed42_main,target_disjoint,3,5,-0.055472527472527455
endpoint_swap_degree_bin,external_lung,seed42_main,target_disjoint,3,6,-0.04298901098901098
endpoint_swap_degree_bin,external_lung,seed42_main,target_disjoint,3,7,-0.05147069597069598
endpoint_swap_degree_bin,external_lung,seed42_main,target_disjoint,3,8,-0.048802197802197744
endpoint_swap_degree_bin,external_lung,seed42_main,target_disjoint,3,9,-0.055329670329670344
endpoint_swap_degree_bin,external_lung,seed42_main,target_disjoint,3,10,-0.03961355311355308
endpoint_swap_degree_bin,external_lung,seed42_main,target_disjoint,3,11,-0.052677655677655644
endpoint_swap_degree_bin,external_lung,seed42_main,target_disjoint,3,12,-0.047615384615384615
endpoint_swap_degree_bin,external_lung,seed42_main,target_disjoint,3,13,-0.03586813186813187
endpoint_swap_degree_bin,external_lung,seed42_main,target_disjoint,3,14,-0.034093406593406594
endpoint_swap_degree_bin,external_lung,seed42_main,target_disjoint,3,15,-0.040536630036629995
endpoint_swap_degree_bin,external_lung,seed42_main,target_disjoint,7,0,-0.04001648351648357
endpoint_swap_degree_bin,external_lung,seed42_main,target_disjoint,7,1,-0.02616849816849831
endpoint_swap_degree_bin,external_lung,seed42_main,target_disjoint,7,2,-0.04507326007326007
endpoint_swap_degree_bin,external_lung,seed42_main,target_disjoint,7,3,-0.0632014652014653
endpoint_swap_degree_bin,external_lung,seed42_main,target_disjoint,7,4,-0.031435897435897475
endpoint_swap_degree_bin,external_lung,seed42_main,target_disjoint,7,5,-0.03742124542124542
endpoint_swap_degree_bin,external_lung,seed42_main,target_disjoint,7,6,-0.04997619047619051
endpoint_swap_degree_bin,external_lung,seed42_main,target_disjoint,7,7,-0.03552747252747246
endpoint_swap_degree_bin,external_lung,seed42_main,target_disjoint,7,8,-0.06272527472527473
endpoint_swap_degree_bin,external_lung,seed42_main,target_disjoint,7,9,-0.05950549450549453
endpoint_swap_degree_bin,external_lung,seed42_main,target_disjoint,7,10,-0.0627234432234432
endpoint_swap_degree_bin,external_lung,seed42_main,target_disjoint,7,11,-0.07483516483516484
endpoint_swap_degree_bin,external_lung,seed42_main,target_disjoint,7,12,-0.05145970695970703
endpoint_swap_degree_bin,external_lung,seed42_main,target_disjoint,7,13,-0.0398278388278388
endpoint_swap_degree_bin,external_lung,seed42_main,target_disjoint,7,14,-0.04745054945054944
endpoint_swap_degree_bin,external_lung,seed42_main,target_disjoint,7,15,-0.05233333333333334
endpoint_swap_degree_bin,external_lung,seed42_main,target_disjoint,11,0,0.0058864468864467945
endpoint_swap_degree_bin,external_lung,seed42_main,target_disjoint,11,1,-0.003987179487179526
endpoint_swap_degree_bin,external_lung,seed42_main,target_disjoint,11,2,-0.011131868131868172
endpoint_swap_degree_bin,external_lung,seed42_main,target_disjoint,11,3,-0.004173992673992766
endpoint_swap_degree_bin,external_lung,seed42_main,target_disjoint,11,4,-0.01600000000000007
endpoint_swap_degree_bin,external_lung,seed42_main,target_disjoint,11,5,-0.016827838827838892
endpoint_swap_degree_bin,external_lung,seed42_main,target_disjoint,11,6,-0.0036208791208791613
endpoint_swap_degree_bin,external_lung,seed42_main,target_disjoint,11,7,-0.006406593406593553
endpoint_swap_degree_bin,external_lung,seed42_main,target_disjoint,11,8,-0.006203296703296779
endpoint_swap_degree_bin,external_lung,seed42_main,target_disjoint,11,9,-0.002989010989011165
endpoint_swap_degree_bin,external_lung,seed42_main,target_disjoint,11,10,0.004507326007325951
endpoint_swap_degree_bin,external_lung,seed42_main,target_disjoint,11,11,-0.01586996336996349
endpoint_swap_degree_bin,external_lung,seed42_main,target_disjoint,11,12,-0.013166666666666771
endpoint_swap_degree_bin,external_lung,seed42_main,target_disjoint,11,13,0.010879120879120796
endpoint_swap_degree_bin,external_lung,seed42_main,target_disjoint,11,14,-0.012188644688644723
endpoint_swap_degree_bin,external_lung,seed42_main,target_disjoint,11,15,-0.00481868131868135
endpoint_swap_degree_bin,external_lung,seed43,source_disjoint,0,0,-0.04321821851357904
endpoint_swap_degree_bin,external_lung,seed43,source_disjoint,0,1,-0.07851393298476272
endpoint_swap_degree_bin,external_lung,seed43,source_disjoint,0,2,-0.044696495804171066
endpoint_swap_degree_bin,external_lung,seed43,source_disjoint,0,3,-0.054439552917015854
endpoint_swap_degree_bin,external_lung,seed43,source_disjoint,0,4,-0.07956141489725826
endpoint_swap_degree_bin,external_lung,seed43,source_disjoint,0,5,-0.06716276983724195
endpoint_swap_degree_bin,external_lung,seed43,source_disjoint,0,6,-0.03391185808538011
endpoint_swap_degree_bin,external_lung,seed43,source_disjoint,0,7,-0.035865190553188486
endpoint_swap_degree_bin,external_lung,seed43,source_disjoint,0,8,-0.0747902085521735
endpoint_swap_degree_bin,external_lung,seed43,source_disjoint,0,9,-0.0552922917133854
endpoint_swap_degree_bin,external_lung,seed43,source_disjoint,0,10,-0.07702090242779747
endpoint_swap_degree_bin,external_lung,seed43,source_disjoint,0,11,-0.0558470145290168
endpoint_swap_degree_bin,external_lung,seed43,source_disjoint,0,12,-0.06414425153729036
endpoint_swap_degree_bin,external_lung,seed43,source_disjoint,0,13,-0.07385485146411419
endpoint_swap_degree_bin,external_lung,seed43,source_disjoint,0,14,-0.05238294758459522
endpoint_swap_degree_bin,external_lung,seed43,source_disjoint,0,15,-0.02422191273147878
endpoint_swap_degree_bin,external_lung,seed43,source_disjoint,3,0,-0.07822476896384861
endpoint_swap_degree_bin,external_lung,seed43,source_disjoint,3,1,-0.07027275838870733
endpoint_swap_degree_bin,external_lung,seed43,source_disjoint,3,2,-0.055770297543876246
endpoint_swap_degree_bin,external_lung,seed43,source_disjoint,3,3,-0.07207560753950931
endpoint_swap_degree_bin,external_lung,seed43,source_disjoint,3,4,-0.06885939547015713
endpoint_swap_degree_bin,external_lung,seed43,source_disjoint,3,5,-0.07069470180698012
endpoint_swap_degree_bin,external_lung,seed43,source_disjoint,3,6,-0.09191875081142964
endpoint_swap_degree_bin,external_lung,seed43,source_disjoint,3,7,-0.07954666163088514
endpoint_swap_degree_bin,external_lung,seed43,source_disjoint,3,8,-0.07870867610088877
endpoint_swap_degree_bin,external_lung,seed43,source_disjoint,3,9,-0.0643891557590851
endpoint_swap_degree_bin,external_lung,seed43,source_disjoint,3,10,-0.07569015780093724
endpoint_swap_degree_bin,external_lung,seed43,source_disjoint,3,11,-0.08397559219611223
endpoint_swap_degree_bin,external_lung,seed43,source_disjoint,3,12,-0.05990711343491456
endpoint_swap_degree_bin,external_lung,seed43,source_disjoint,3,13,-0.06393770580806596
endpoint_swap_degree_bin,external_lung,seed43,source_disjoint,3,14,-0.059541232428859836
endpoint_swap_degree_bin,external_lung,seed43,source_disjoint,3,15,-0.07024325185596098
endpoint_swap_degree_bin,external_lung,seed43,source_disjoint,7,0,0.012071122546531865
endpoint_swap_degree_bin,external_lung,seed43,source_disjoint,7,1,0.015402410093594665
endpoint_swap_degree_bin,external_lung,seed43,source_disjoint,7,2,0.02813742962691934
endpoint_swap_degree_bin,external_lung,seed43,source_disjoint,7,3,0.01346088023888492
endpoint_swap_degree_bin,external_lung,seed43,source_disjoint,7,4,0.008562795802990797
endpoint_swap_degree_bin,external_lung,seed43,source_disjoint,7,5,0.0038919116692436306
endpoint_swap_degree_bin,external_lung,seed43,source_disjoint,7,6,0.014717858533879302
endpoint_swap_degree_bin,external_lung,seed43,source_disjoint,7,7,0.03040353134183904
endpoint_swap_degree_bin,external_lung,seed43,source_disjoint,7,8,0.00971059992682377
endpoint_swap_degree_bin,external_lung,seed43,source_disjoint,7,9,-0.0021362729708357397
endpoint_swap_degree_bin,external_lung,seed43,source_disjoint,7,10,0.004729897199239885
endpoint_swap_degree_bin,external_lung,seed43,source_disjoint,7,11,0.012593388176142195
endpoint_swap_degree_bin,external_lung,seed43,source_disjoint,7,12,0.03554651999952785
endpoint_swap_degree_bin,external_lung,seed43,source_disjoint,7,13,0.01590992245683187
endpoint_swap_degree_bin,external_lung,seed43,source_disjoint,7,14,0.00557673468906017
endpoint_swap_degree_bin,external_lung,seed43,source_disjoint,7,15,0.009837478017633128
endpoint_swap_degree_bin,external_lung,seed43,source_disjoint,11,0,0.03981316463465012
endpoint_swap_degree_bin,external_lung,seed43,source_disjoint,11,1,0.021412890814026198
endpoint_swap_degree_bin,external_lung,seed43,source_disjoint,11,2,0.014490658231732567
endpoint_swap_degree_bin,external_lung,seed43,source_disjoint,11,3,0.009270952588903092
endpoint_swap_degree_bin,external_lung,seed43,source_disjoint,11,4,0.0012363237220720524
endpoint_swap_degree_bin,external_lung,seed43,source_disjoint,11,5,0.026847994145903886
endpoint_swap_degree_bin,external_lung,seed43,source_disjoint,11,6,0.027160763393015208
endpoint_swap_degree_bin,external_lung,seed43,source_disjoint,11,7,0.03159854591806621
endpoint_swap_degree_bin,external_lung,seed43,source_disjoint,11,8,0.011259692896007145
endpoint_swap_degree_bin,external_lung,seed43,source_disjoint,11,9,0.009433238519008125
endpoint_swap_degree_bin,external_lung,seed43,source_disjoint,11,10,0.015794846979121147
endpoint_swap_degree_bin,external_lung,seed43,source_disjoint,11,11,0.01313925903194968
endpoint_swap_degree_bin,external_lung,seed43,source_disjoint,11,12,0.0263493337424906
endpoint_swap_degree_bin,external_lung,seed43,source_disjoint,11,13,0.04434536806448952
endpoint_swap_degree_bin,external_lung,seed43,source_disjoint,11,14,0.015384706173946938
endpoint_swap_degree_bin,external_lung,seed43,source_disjoint,11,15,0.002918196088613989
endpoint_swap_degree_bin,external_lung,seed43,target_disjoint,0,0,-0.014029304029303968
endpoint_swap_degree_bin,external_lung,seed43,target_disjoint,0,1,0.0014407814407814135
endpoint_swap_degree_bin,external_lung,seed43,target_disjoint,0,2,-0.020631432060003452
endpoint_swap_degree_bin,external_lung,seed43,target_disjoint,0,3,-0.016312576312576266
endpoint_swap_degree_bin,external_lung,seed43,target_disjoint,0,4,-0.007432408860980344
endpoint_swap_degree_bin,external_lung,seed43,target_disjoint,0,5,-0.020947148090005197
endpoint_swap_degree_bin,external_lung,seed43,target_disjoint,0,6,-0.02208791208791211
endpoint_swap_degree_bin,external_lung,seed43,target_disjoint,0,7,-0.01669283097854518
endpoint_swap_degree_bin,external_lung,seed43,target_disjoint,0,8,-0.00872667015524159
endpoint_swap_degree_bin,external_lung,seed43,target_disjoint,0,9,-0.0018873190301761378
endpoint_swap_degree_bin,external_lung,seed43,target_disjoint,0,10,-0.019836036978894078
endpoint_swap_degree_bin,external_lung,seed43,target_disjoint,0,11,0.00027908599337173046
endpoint_swap_degree_bin,external_lung,seed43,target_disjoint,0,12,0.007988836560265222
endpoint_swap_degree_bin,external_lung,seed43,target_disjoint,0,13,-0.011552415838130103
endpoint_swap_degree_bin,external_lung,seed43,target_disjoint,0,14,0.01679225536368395
endpoint_swap_degree_bin,external_lung,seed43,target_disjoint,0,15,-0.02369265654979935
endpoint_swap_degree_bin,external_lung,seed43,target_disjoint,3,0,-0.017936507936507917
endpoint_swap_degree_bin,external_lung,seed43,target_disjoint,3,1,-0.016359672073957776
endpoint_swap_degree_bin,external_lung,seed43,target_disjoint,3,2,0.0014320600034885556
endpoint_swap_degree_bin,external_lung,seed43,target_disjoint,3,3,-0.009727891156462554
endpoint_swap_degree_bin,external_lung,seed43,target_disjoint,3,4,-0.012968777254491526
endpoint_swap_degree_bin,external_lung,seed43,target_disjoint,3,5,-0.016764346764346738
endpoint_swap_degree_bin,external_lung,seed43,target_disjoint,3,6,-0.016340484911913533
endpoint_swap_degree_bin,external_lung,seed43,target_disjoint,3,7,-0.022379208093493752
endpoint_swap_degree_bin,external_lung,seed43,target_disjoint,3,8,-0.020155241583813044
endpoint_swap_degree_bin,external_lung,seed43,target_disjoint,3,9,-0.023587999302285056
endpoint_swap_degree_bin,external_lung,seed43,target_disjoint,3,10,-0.010659340659340655
endpoint_swap_degree_bin,external_lung,seed43,target_disjoint,3,11,-0.013485086342229169
endpoint_swap_degree_bin,external_lung,seed43,target_disjoint,3,12,-0.018981336124193282
endpoint_swap_degree_bin,external_lung,seed43,target_disjoint,3,13,-0.021377987092272788
endpoint_swap_degree_bin,external_lung,seed43,target_disjoint,3,14,-0.009433106575963635
endpoint_swap_degree_bin,external_lung,seed43,target_disjoint,3,15,-0.010795395081109382
endpoint_swap_degree_bin,external_lung,seed43,target_disjoint,7,0,0.031343101343101476
endpoint_swap_degree_bin,external_lung,seed43,target_disjoint,7,1,0.04564974707831859
endpoint_swap_degree_bin,external_lung,seed43,target_disjoint,7,2,0.036375370661085094
endpoint_swap_degree_bin,external_lung,seed43,target_disjoint,7,3,0.04979591836734698
endpoint_swap_degree_bin,external_lung,seed43,target_disjoint,7,4,0.02992848421419858
endpoint_swap_degree_bin,external_lung,seed43,target_disjoint,7,5,0.04912087912087926
endpoint_swap_degree_bin,external_lung,seed43,target_disjoint,7,6,0.04879295307866738
endpoint_swap_degree_bin,external_lung,seed43,target_disjoint,7,7,0.04071515785801505
endpoint_swap_degree_bin,external_lung,seed43,target_disjoint,7,8,0.029272632129775045
endpoint_swap_degree_bin,external_lung,seed43,target_disjoint,7,9,0.05126286412000702
endpoint_swap_degree_bin,external_lung,seed43,target_disjoint,7,10,0.04629338915053205
endpoint_swap_degree_bin,external_lung,seed43,target_disjoint,7,11,0.040645386359672186
endpoint_swap_degree_bin,external_lung,seed43,target_disjoint,7,12,0.05226408512122804
endpoint_swap_degree_bin,external_lung,seed43,target_disjoint,7,13,0.0410919239490668
endpoint_swap_degree_bin,external_lung,seed43,target_disjoint,7,14,0.05132565846851567
endpoint_swap_degree_bin,external_lung,seed43,target_disjoint,7,15,0.03457003314146179
endpoint_swap_degree_bin,external_lung,seed43,target_disjoint,11,0,0.053865341008198175
endpoint_swap_degree_bin,external_lung,seed43,target_disjoint,11,1,0.037957439386010816
endpoint_swap_degree_bin,external_lung,seed43,target_disjoint,11,2,0.019952904238618507
endpoint_swap_degree_bin,external_lung,seed43,target_disjoint,11,3,0.07779522065236344
endpoint_swap_degree_bin,external_lung,seed43,target_disjoint,11,4,0.044313622885051474
endpoint_swap_degree_bin,external_lung,seed43,target_disjoint,11,5,0.01961800104657241
endpoint_swap_degree_bin,external_lung,seed43,target_disjoint,11,6,0.029056340484912013
endpoint_swap_degree_bin,external_lung,seed43,target_disjoint,11,7,0.02799930228501657
endpoint_swap_degree_bin,external_lung,seed43,target_disjoint,11,8,0.03520320948892386
endpoint_swap_degree_bin,external_lung,seed43,target_disjoint,11,9,0.04916274201988491
endpoint_swap_degree_bin,external_lung,seed43,target_disjoint,11,10,0.044810744810744874
endpoint_swap_degree_bin,external_lung,seed43,target_disjoint,11,11,0.031995464852607736
endpoint_swap_degree_bin,external_lung,seed43,target_disjoint,11,12,0.040294784580498955
endpoint_swap_degree_bin,external_lung,seed43,target_disjoint,11,13,0.05506541077969651
endpoint_swap_degree_bin,external_lung,seed43,target_disjoint,11,14,0.0423826966684111
endpoint_swap_degree_bin,external_lung,seed43,target_disjoint,11,15,0.044643293214721935
endpoint_swap_degree_bin,external_lung,seed44,source_disjoint,0,0,0.023714976322020465
endpoint_swap_degree_bin,external_lung,seed44,source_disjoint,0,1,-0.004072735793212268
endpoint_swap_degree_bin,external_lung,seed44,source_disjoint,0,2,-0.024710808011049634
endpoint_swap_degree_bin,external_lung,seed44,source_disjoint,0,3,0.014478097868981799
endpoint_swap_degree_bin,external_lung,seed44,source_disjoint,0,4,-0.001112988358326794
endpoint_swap_degree_bin,external_lung,seed44,source_disjoint,0,5,-0.012363111681136463
endpoint_swap_degree_bin,external_lung,seed44,source_disjoint,0,6,-0.021501331886345676
endpoint_swap_degree_bin,external_lung,seed44,source_disjoint,0,7,-0.0009095057221784053
endpoint_swap_degree_bin,external_lung,seed44,source_disjoint,0,8,0.004282384569850084
endpoint_swap_degree_bin,external_lung,seed44,source_disjoint,0,9,-0.007874161404893387
endpoint_swap_degree_bin,external_lung,seed44,source_disjoint,0,10,-0.019457256314127813
endpoint_swap_degree_bin,external_lung,seed44,source_disjoint,0,11,0.004892832478295306
endpoint_swap_degree_bin,external_lung,seed44,source_disjoint,0,12,-0.011179212707182251
endpoint_swap_degree_bin,external_lung,seed44,source_disjoint,0,13,0.00463385457774268
endpoint_swap_degree_bin,external_lung,seed44,source_disjoint,0,14,-0.002913501381215433
endpoint_swap_degree_bin,external_lung,seed44,source_disjoint,0,15,0.019460339384372527
endpoint_swap_degree_bin,external_lung,seed44,source_disjoint,3,0,0.01618920185477507
endpoint_swap_degree_bin,external_lung,seed44,source_disjoint,3,1,0.02250641278610882
endpoint_swap_degree_bin,external_lung,seed44,source_disjoint,3,2,0.011552264206787677
endpoint_swap_degree_bin,external_lung,seed44,source_disjoint,3,3,-0.0034992847277032224
endpoint_swap_degree_bin,external_lung,seed44,source_disjoint,3,4,0.018338101815311758
endpoint_swap_degree_bin,external_lung,seed44,source_disjoint,3,5,0.017783149171270662
endpoint_swap_degree_bin,external_lung,seed44,source_disjoint,3,6,-0.0033420481452249295
endpoint_swap_degree_bin,external_lung,seed44,source_disjoint,3,7,0.04164302979479079
endpoint_swap_degree_bin,external_lung,seed44,source_disjoint,3,8,0.020656570639305427
endpoint_swap_degree_bin,external_lung,seed44,source_disjoint,3,9,0.004165227900552404
endpoint_swap_degree_bin,external_lung,seed44,source_disjoint,3,10,0.010904819455406445
endpoint_swap_degree_bin,external_lung,seed44,source_disjoint,3,11,0.005552609510655004
endpoint_swap_degree_bin,external_lung,seed44,source_disjoint,3,12,0.031021852801894234
endpoint_swap_degree_bin,external_lung,seed44,source_disjoint,3,13,0.007578186661404807
endpoint_swap_degree_bin,external_lung,seed44,source_disjoint,3,14,0.008974817482241493
endpoint_swap_degree_bin,external_lung,seed44,source_disjoint,3,15,0.0044242058011049745
endpoint_swap_degree_bin,external_lung,seed44,source_disjoint,7,0,0.06698278413575381
endpoint_swap_degree_bin,external_lung,seed44,source_disjoint,7,1,0.06254007991318072
endpoint_swap_degree_bin,external_lung,seed44,source_disjoint,7,2,0.038452052091554945
endpoint_swap_degree_bin,external_lung,seed44,source_disjoint,7,3,0.07033099842146812
endpoint_swap_degree_bin,external_lung,seed44,source_disjoint,7,4,0.04220723164956591
endpoint_swap_degree_bin,external_lung,seed44,source_disjoint,7,5,0.07412934096290463
endpoint_swap_degree_bin,external_lung,seed44,source_disjoint,7,6,0.0707441298342541
endpoint_swap_degree_bin,external_lung,seed44,source_disjoint,7,7,0.07455788772691402
endpoint_swap_degree_bin,external_lung,seed44,source_disjoint,7,8,0.08425106057616422
endpoint_swap_degree_bin,external_lung,seed44,source_disjoint,7,9,0.05473066298342538
endpoint_swap_degree_bin,external_lung,seed44,source_disjoint,7,10,0.07483844711917914
endpoint_swap_degree_bin,external_lung,seed44,source_disjoint,7,11,0.06781213003157066
endpoint_swap_degree_bin,external_lung,seed44,source_disjoint,7,12,0.0646211523283346
endpoint_swap_degree_bin,external_lung,seed44,source_disjoint,7,13,0.06364998520126292
endpoint_swap_degree_bin,external_lung,seed44,source_disjoint,7,14,0.06338175808997643
endpoint_swap_degree_bin,external_lung,seed44,source_disjoint,7,15,0.060338767758484624
endpoint_swap_degree_bin,external_lung,seed44,source_disjoint,11,0,0.060459007498026796
endpoint_swap_degree_bin,external_lung,seed44,source_disjoint,11,1,0.052822242501973204
endpoint_swap_degree_bin,external_lung,seed44,source_disjoint,11,2,0.06435292521704816
endpoint_swap_degree_bin,external_lung,seed44,source_disjoint,11,3,0.05382732340173646
endpoint_swap_degree_bin,external_lung,seed44,source_disjoint,11,4,0.04060711819258089
endpoint_swap_degree_bin,external_lung,seed44,source_disjoint,11,5,0.06952323401736382
endpoint_swap_degree_bin,external_lung,seed44,source_disjoint,11,6,0.041177486187845336
endpoint_swap_degree_bin,external_lung,seed44,source_disjoint,11,7,0.060594662588792425
endpoint_swap_degree_bin,external_lung,seed44,source_disjoint,11,8,0.02355465666929757
endpoint_swap_degree_bin,external_lung,seed44,source_disjoint,11,9,0.041353221191791745
endpoint_swap_degree_bin,external_lung,seed44,source_disjoint,11,10,0.023825966850828717
endpoint_swap_degree_bin,external_lung,seed44,source_disjoint,11,11,0.039454049921073375
endpoint_swap_degree_bin,external_lung,seed44,source_disjoint,11,12,0.04796948993685868
endpoint_swap_degree_bin,external_lung,seed44,source_disjoint,11,13,0.029224422849250198
endpoint_swap_degree_bin,external_lung,seed44,source_disjoint,11,14,0.045675685674822386
endpoint_swap_degree_bin,external_lung,seed44,source_disjoint,11,15,0.08134989147592742
endpoint_swap_degree_bin,external_lung,seed44,target_disjoint,0,0,-0.14104382232960422
endpoint_swap_degree_bin,external_lung,seed44,target_disjoint,0,1,-0.12321200343155286
endpoint_swap_degree_bin,external_lung,seed44,target_disjoint,0,2,-0.13321077787698937
endpoint_swap_degree_bin,external_lung,seed44,target_disjoint,0,3,-0.12355515870931594
endpoint_swap_degree_bin,external_lung,seed44,target_disjoint,0,4,-0.14512666981809275
endpoint_swap_degree_bin,external_lung,seed44,target_disjoint,0,5,-0.12769928392597657
endpoint_swap_degree_bin,external_lung,seed44,target_disjoint,0,6,-0.12757847926186605
endpoint_swap_degree_bin,external_lung,seed44,target_disjoint,0,7,-0.12583994257401476
endpoint_swap_degree_bin,external_lung,seed44,target_disjoint,0,8,-0.14229388798431297
endpoint_swap_degree_bin,external_lung,seed44,target_disjoint,0,9,-0.1177267713640423
endpoint_swap_degree_bin,external_lung,seed44,target_disjoint,0,10,-0.12780958383668617
endpoint_swap_degree_bin,external_lung,seed44,target_disjoint,0,11,-0.12433075966875023
endpoint_swap_degree_bin,external_lung,seed44,target_disjoint,0,12,-0.13839487368034048
endpoint_swap_degree_bin,external_lung,seed44,target_disjoint,0,13,-0.12741740637638538
endpoint_swap_degree_bin,external_lung,seed44,target_disjoint,0,14,-0.12566661414289976
endpoint_swap_degree_bin,external_lung,seed44,target_disjoint,0,15,-0.13638496419629892
endpoint_swap_degree_bin,external_lung,seed44,target_disjoint,3,0,-0.04706129523609437
endpoint_swap_degree_bin,external_lung,seed44,target_disjoint,3,1,-0.07451546824938288
endpoint_swap_degree_bin,external_lung,seed44,target_disjoint,3,2,-0.050526113066162504
endpoint_swap_degree_bin,external_lung,seed44,target_disjoint,3,3,-0.04483428751510066
endpoint_swap_degree_bin,external_lung,seed44,target_disjoint,3,4,-0.06331214874730817
endpoint_swap_degree_bin,external_lung,seed44,target_disjoint,3,5,-0.06658788101615987
endpoint_swap_degree_bin,external_lung,seed44,target_disjoint,3,6,-0.05769385647005271
endpoint_swap_degree_bin,external_lung,seed44,target_disjoint,3,7,-0.03326155085176036
endpoint_swap_degree_bin,external_lung,seed44,target_disjoint,3,8,-0.052555281264772324
endpoint_swap_degree_bin,external_lung,seed44,target_disjoint,3,9,-0.04496034455591158
endpoint_swap_degree_bin,external_lung,seed44,target_disjoint,3,10,-0.05616891643468669
endpoint_swap_degree_bin,external_lung,seed44,target_disjoint,3,11,-0.04303447309907732
endpoint_swap_degree_bin,external_lung,seed44,target_disjoint,3,12,-0.06485459670500904
endpoint_swap_degree_bin,external_lung,seed44,target_disjoint,3,13,-0.05304900467461526
endpoint_swap_degree_bin,external_lung,seed44,target_disjoint,3,14,-0.06856627623999861
endpoint_swap_degree_bin,external_lung,seed44,target_disjoint,3,15,-0.06053013988829947
endpoint_swap_degree_bin,external_lung,seed44,target_disjoint,7,0,0.029882521841133047
endpoint_swap_degree_bin,external_lung,seed44,target_disjoint,7,1,0.04478701612479641
endpoint_swap_degree_bin,external_lung,seed44,target_disjoint,7,2,0.05729292504858441
endpoint_swap_degree_bin,external_lung,seed44,target_disjoint,7,3,0.036672094122590426
endpoint_swap_degree_bin,external_lung,seed44,target_disjoint,7,4,0.03257348950400052
endpoint_swap_degree_bin,external_lung,seed44,target_disjoint,7,5,0.056345746450268686
endpoint_swap_degree_bin,external_lung,seed44,target_disjoint,7,6,0.04354395363902164
endpoint_swap_degree_bin,external_lung,seed44,target_disjoint,7,7,0.033862072587846015
endpoint_swap_degree_bin,external_lung,seed44,target_disjoint,7,8,0.05874258101791063
endpoint_swap_degree_bin,external_lung,seed44,target_disjoint,7,9,0.038573454488155856
endpoint_swap_degree_bin,external_lung,seed44,target_disjoint,7,10,0.035520072832956884
endpoint_swap_degree_bin,external_lung,seed44,target_disjoint,7,11,0.03171385051735898
endpoint_swap_degree_bin,external_lung,seed44,target_disjoint,7,12,0.03630617854579199
endpoint_swap_degree_bin,external_lung,seed44,target_disjoint,7,13,0.05867254932857113
endpoint_swap_degree_bin,external_lung,seed44,target_disjoint,7,14,0.045503090148292125
endpoint_swap_degree_bin,external_lung,seed44,target_disjoint,7,15,0.05126319659645995
endpoint_swap_degree_bin,external_lung,seed44,target_disjoint,11,0,0.08334296269061758
endpoint_swap_degree_bin,external_lung,seed44,target_disjoint,11,1,0.036745627396396974
endpoint_swap_degree_bin,external_lung,seed44,target_disjoint,11,2,0.07016124796470402
endpoint_swap_degree_bin,external_lung,seed44,target_disjoint,11,3,0.05192324526848402
endpoint_swap_degree_bin,external_lung,seed44,target_disjoint,11,4,0.07850727454173023
endpoint_swap_degree_bin,external_lung,seed44,target_disjoint,11,5,0.06995465448115279
endpoint_swap_degree_bin,external_lung,seed44,target_disjoint,11,6,0.05601834830260699
endpoint_swap_degree_bin,external_lung,seed44,target_disjoint,11,7,0.05000437698058369
endpoint_swap_degree_bin,external_lung,seed44,target_disjoint,11,8,0.07372060857538043
endpoint_swap_degree_bin,external_lung,seed44,target_disjoint,11,9,0.08749934345291244
endpoint_swap_degree_bin,external_lung,seed44,target_disjoint,11,10,0.050435071870021164
endpoint_swap_degree_bin,external_lung,seed44,target_disjoint,11,11,0.05768860409335219
endpoint_swap_degree_bin,external_lung,seed44,target_disjoint,11,12,0.06183097851777941
endpoint_swap_degree_bin,external_lung,seed44,target_disjoint,11,13,0.058311886128473156
endpoint_swap_degree_bin,external_lung,seed44,target_disjoint,11,14,0.058187579879895646
endpoint_swap_degree_bin,external_lung,seed44,target_disjoint,11,15,0.0718455100933173
endpoint_swap_degree_bin,immune,seed42_main,source_disjoint,0,0,-0.14741775261696222
endpoint_swap_degree_bin,immune,seed42_main,source_disjoint,0,1,-0.12081019013031402
endpoint_swap_degree_bin,immune,seed42_main,source_disjoint,0,2,-0.14054956205938907
endpoint_swap_degree_bin,immune,seed42_main,source_disjoint,0,3,-0.1428167058320871
endpoint_swap_degree_bin,immune,seed42_main,source_disjoint,0,4,-0.1688875240333262
endpoint_swap_degree_bin,immune,seed42_main,source_disjoint,0,5,-0.13082674642170478
endpoint_swap_degree_bin,immune,seed42_main,source_disjoint,0,6,-0.15623264259773562
endpoint_swap_degree_bin,immune,seed42_main,source_disjoint,0,7,-0.13431424909207434
endpoint_swap_degree_bin,immune,seed42_main,source_disjoint,0,8,-0.1220812860499893
endpoint_swap_degree_bin,immune,seed42_main,source_disjoint,0,9,-0.13740653706472972
endpoint_swap_degree_bin,immune,seed42_main,source_disjoint,0,10,-0.16762176885280922
endpoint_swap_degree_bin,immune,seed42_main,source_disjoint,0,11,-0.15924748985259563
endpoint_swap_degree_bin,immune,seed42_main,source_disjoint,0,12,-0.18478423413800465
endpoint_swap_degree_bin,immune,seed42_main,source_disjoint,0,13,-0.18065317239906004
endpoint_swap_degree_bin,immune,seed42_main,source_disjoint,0,14,-0.171362956633198
endpoint_swap_degree_bin,immune,seed42_main,source_disjoint,0,15,-0.1432706686605425
endpoint_swap_degree_bin,immune,seed42_main,source_disjoint,3,0,-0.15467047639393283
endpoint_swap_degree_bin,immune,seed42_main,source_disjoint,3,1,-0.155279320657979
endpoint_swap_degree_bin,immune,seed42_main,source_disjoint,3,2,-0.15506836146122616
endpoint_swap_degree_bin,immune,seed42_main,source_disjoint,3,3,-0.12988944669942304
endpoint_swap_degree_bin,immune,seed42_main,source_disjoint,3,4,-0.1607936338389232
endpoint_swap_degree_bin,immune,seed42_main,source_disjoint,3,5,-0.12057786797692788
endpoint_swap_degree_bin,immune,seed42_main,source_disjoint,3,6,-0.13856280709250157
endpoint_swap_degree_bin,immune,seed42_main,source_disjoint,3,7,-0.1399967955565049
endpoint_swap_degree_bin,immune,seed42_main,source_disjoint,3,8,-0.14273926511429175
endpoint_swap_degree_bin,immune,seed42_main,source_disjoint,3,9,-0.11779534287545385
endpoint_swap_degree_bin,immune,seed42_main,source_disjoint,3,10,-0.13292832728049553
endpoint_swap_degree_bin,immune,seed42_main,source_disjoint,3,11,-0.143243964964751
endpoint_swap_degree_bin,immune,seed42_main,source_disjoint,3,12,-0.1273632770775474
endpoint_swap_degree_bin,immune,seed42_main,source_disjoint,3,13,-0.14993057039094204
endpoint_swap_degree_bin,immune,seed42_main,source_disjoint,3,14,-0.15032044434949787
endpoint_swap_degree_bin,immune,seed42_main,source_disjoint,3,15,-0.14096346934415716
endpoint_swap_degree_bin,immune,seed42_main,source_disjoint,7,0,-0.09393292031617184
endpoint_swap_degree_bin,immune,seed42_main,source_disjoint,7,1,-0.07773178807947023
endpoint_swap_degree_bin,immune,seed42_main,source_disjoint,7,2,-0.07847148045289476
endpoint_swap_degree_bin,immune,seed42_main,source_disjoint,7,3,-0.05748771629993599
endpoint_swap_degree_bin,immune,seed42_main,source_disjoint,7,4,-0.07380634479812004
endpoint_swap_degree_bin,immune,seed42_main,source_disjoint,7,5,-0.08314462721640675
endpoint_swap_degree_bin,immune,seed42_main,source_disjoint,7,6,-0.06676458021790221
endpoint_swap_degree_bin,immune,seed42_main,source_disjoint,7,7,-0.08862689596240125
endpoint_swap_degree_bin,immune,seed42_main,source_disjoint,7,8,-0.063426618243965
endpoint_swap_degree_bin,immune,seed42_main,source_disjoint,7,9,-0.08325678273873105
endpoint_swap_degree_bin,immune,seed42_main,source_disjoint,7,10,-0.08079203161717585
endpoint_swap_degree_bin,immune,seed42_main,source_disjoint,7,11,-0.09720145268105113
endpoint_swap_degree_bin,immune,seed42_main,source_disjoint,7,12,-0.0652291177098911
endpoint_swap_degree_bin,immune,seed42_main,source_disjoint,7,13,-0.08744659260841703
endpoint_swap_degree_bin,immune,seed42_main,source_disjoint,7,14,-0.060328989532151156
endpoint_swap_degree_bin,immune,seed42_main,source_disjoint,7,15,-0.07263939329203162
endpoint_swap_degree_bin,immune,seed42_main,source_disjoint,11,0,-0.032004379406109784
endpoint_swap_degree_bin,immune,seed42_main,source_disjoint,11,1,-0.04869418927579572
endpoint_swap_degree_bin,immune,seed42_main,source_disjoint,11,2,-0.0493484298226875
endpoint_swap_degree_bin,immune,seed42_main,source_disjoint,11,3,-0.018553727835932454
endpoint_swap_degree_bin,immune,seed42_main,source_disjoint,11,4,-0.05038453321939762
endpoint_swap_degree_bin,immune,seed42_main,source_disjoint,11,5,-0.005674535355693178
endpoint_swap_degree_bin,immune,seed42_main,source_disjoint,11,6,-0.055129779961546777
endpoint_swap_degree_bin,immune,seed42_main,source_disjoint,11,7,-0.03876308481093782
endpoint_swap_degree_bin,immune,seed42_main,source_disjoint,11,8,-0.05984298226874596
endpoint_swap_degree_bin,immune,seed42_main,source_disjoint,11,9,-0.059514526810510615
endpoint_swap_degree_bin,immune,seed42_main,source_disjoint,11,10,-0.04403172399060029
endpoint_swap_degree_bin,immune,seed42_main,source_disjoint,11,11,-0.02890408032471692
endpoint_swap_degree_bin,immune,seed42_main,source_disjoint,11,12,-0.039449369792779354
endpoint_swap_degree_bin,immune,seed42_main,source_disjoint,11,13,-0.03417271950437939
endpoint_swap_degree_bin,immune,seed42_main,source_disjoint,11,14,-0.02098643452253801
endpoint_swap_degree_bin,immune,seed42_main,source_disjoint,11,15,-0.03274674214911344
endpoint_swap_degree_bin,immune,seed42_main,target_disjoint,0,0,-0.03464936393763085
endpoint_swap_degree_bin,immune,seed42_main,target_disjoint,0,1,-0.0395725477619463
endpoint_swap_degree_bin,immune,seed42_main,target_disjoint,0,2,-0.011801133153128474
endpoint_swap_degree_bin,immune,seed42_main,target_disjoint,0,3,-0.024923260182343032
endpoint_swap_degree_bin,immune,seed42_main,target_disjoint,0,4,-0.03574319268184678
endpoint_swap_degree_bin,immune,seed42_main,target_disjoint,0,5,-0.054935782898856145
endpoint_swap_degree_bin,immune,seed42_main,target_disjoint,0,6,-0.02031123532016932
endpoint_swap_degree_bin,immune,seed42_main,target_disjoint,0,7,-0.010587040515569468
endpoint_swap_degree_bin,immune,seed42_main,target_disjoint,0,8,-0.03057184526809309
endpoint_swap_degree_bin,immune,seed42_main,target_disjoint,0,9,-0.04305447381683236
endpoint_swap_degree_bin,immune,seed42_main,target_disjoint,0,10,-0.013983063789496208
endpoint_swap_degree_bin,immune,seed42_main,target_disjoint,0,11,-0.04043730242360388
endpoint_swap_degree_bin,immune,seed42_main,target_disjoint,0,12,-0.022014019333852608
endpoint_swap_degree_bin,immune,seed42_main,target_disjoint,0,13,-0.01986263190849269
endpoint_swap_degree_bin,immune,seed42_main,target_disjoint,0,14,-0.03337036697668028
endpoint_swap_degree_bin,immune,seed42_main,target_disjoint,0,15,-0.024677005543592867
endpoint_swap_degree_bin,immune,seed42_main,target_disjoint,3,0,-0.08542936118874178
endpoint_swap_degree_bin,immune,seed42_main,target_disjoint,3,1,-0.06622149936622834
endpoint_swap_degree_bin,immune,seed42_main,target_disjoint,3,2,-0.0863074785052152
endpoint_swap_degree_bin,immune,seed42_main,target_disjoint,3,3,-0.11632763702448035
endpoint_swap_degree_bin,immune,seed42_main,target_disjoint,3,4,-0.09829187092439023
endpoint_swap_degree_bin,immune,seed42_main,target_disjoint,3,5,-0.09035827186512113
endpoint_swap_degree_bin,immune,seed42_main,target_disjoint,3,6,-0.06916128342572658
endpoint_swap_degree_bin,immune,seed42_main,target_disjoint,3,7,-0.08283891510514485
endpoint_swap_degree_bin,immune,seed42_main,target_disjoint,3,8,-0.08028855698599591
endpoint_swap_degree_bin,immune,seed42_main,target_disjoint,3,9,-0.08853140605671872
endpoint_swap_degree_bin,immune,seed42_main,target_disjoint,3,10,-0.06649066141323434
endpoint_swap_degree_bin,immune,seed42_main,target_disjoint,3,11,-0.06744322780653933
endpoint_swap_degree_bin,immune,seed42_main,target_disjoint,3,12,-0.08697942914738616
endpoint_swap_degree_bin,immune,seed42_main,target_disjoint,3,13,-0.0939623707640384
endpoint_swap_degree_bin,immune,seed42_main,target_disjoint,3,14,-0.0927139170140957
endpoint_swap_degree_bin,immune,seed42_main,target_disjoint,3,15,-0.08569470533437173
endpoint_swap_degree_bin,immune,seed42_main,target_disjoint,7,0,-0.15366289458010718
endpoint_swap_degree_bin,immune,seed42_main,target_disjoint,7,1,-0.14646424153571264
endpoint_swap_degree_bin,immune,seed42_main,target_disjoint,7,2,-0.16008842259586747
endpoint_swap_degree_bin,immune,seed42_main,target_disjoint,7,3,-0.14072784471831523
endpoint_swap_degree_bin,immune,seed42_main,target_disjoint,7,4,-0.13250599410516029
endpoint_swap_degree_bin,immune,seed42_main,target_disjoint,7,5,-0.14499434950596357
endpoint_swap_degree_bin,immune,seed42_main,target_disjoint,7,6,-0.12623318214443885
endpoint_swap_degree_bin,immune,seed42_main,target_disjoint,7,7,-0.13253462836548002
endpoint_swap_degree_bin,immune,seed42_main,target_disjoint,7,8,-0.13739481681709198
endpoint_swap_degree_bin,immune,seed42_main,target_disjoint,7,9,-0.15179975870863305
endpoint_swap_degree_bin,immune,seed42_main,target_disjoint,7,10,-0.15140078801484402
endpoint_swap_degree_bin,immune,seed42_main,target_disjoint,7,11,-0.13736618255677213
endpoint_swap_degree_bin,immune,seed42_main,target_disjoint,7,12,-0.13109337059605075
endpoint_swap_degree_bin,immune,seed42_main,target_disjoint,7,13,-0.11576831447290059
endpoint_swap_degree_bin,immune,seed42_main,target_disjoint,7,14,-0.15093118614559953
endpoint_swap_degree_bin,immune,seed42_main,target_disjoint,7,15,-0.14266542966662088
endpoint_swap_degree_bin,immune,seed42_main,target_disjoint,11,0,-0.02297994838197337
endpoint_swap_degree_bin,immune,seed42_main,target_disjoint,11,1,-0.047263710083841115
endpoint_swap_degree_bin,immune,seed42_main,target_disjoint,11,2,-0.04510086895435317
endpoint_swap_degree_bin,immune,seed42_main,target_disjoint,11,3,-0.043167101907423455
endpoint_swap_degree_bin,immune,seed42_main,target_disjoint,11,4,-0.037214993662283646
endpoint_swap_degree_bin,immune,seed42_main,target_disjoint,11,5,-0.05076090774423114
endpoint_swap_degree_bin,immune,seed42_main,target_disjoint,11,6,-0.03324819413264912
endpoint_swap_degree_bin,immune,seed42_main,target_disjoint,11,7,-0.05218880285884453
endpoint_swap_degree_bin,immune,seed42_main,target_disjoint,11,8,-0.031388876162550816
endpoint_swap_degree_bin,immune,seed42_main,target_disjoint,11,9,-0.05507513629907901
endpoint_swap_degree_bin,immune,seed42_main,target_disjoint,11,10,-0.035414853163513005
endpoint_swap_degree_bin,immune,seed42_main,target_disjoint,11,11,-0.022500801759289035
endpoint_swap_degree_bin,immune,seed42_main,target_disjoint,11,12,-0.03593217879995725
endpoint_swap_degree_bin,immune,seed42_main,target_disjoint,11,13,-0.06345924772071287
endpoint_swap_degree_bin,immune,seed42_main,target_disjoint,11,14,-0.0328740397978039
endpoint_swap_degree_bin,immune,seed42_main,target_disjoint,11,15,-0.05267558528428096
endpoint_swap_degree_bin,immune,seed43,source_disjoint,0,0,0.018693995845149747
endpoint_swap_degree_bin,immune,seed43,source_disjoint,0,1,0.033510508827641505
endpoint_swap_degree_bin,immune,seed43,source_disjoint,0,2,0.013387221854285869
endpoint_swap_degree_bin,immune,seed43,source_disjoint,0,3,0.01903645966002676
endpoint_swap_degree_bin,immune,seed43,source_disjoint,0,4,-0.010169194106226076
endpoint_swap_degree_bin,immune,seed43,source_disjoint,0,5,0.01595994588505667
endpoint_swap_degree_bin,immune,seed43,source_disjoint,0,6,0.022390340822252774
endpoint_swap_degree_bin,immune,seed43,source_disjoint,0,7,0.02018272284205347
endpoint_swap_degree_bin,immune,seed43,source_disjoint,0,8,-0.010944690678757585
endpoint_swap_degree_bin,immune,seed43,source_disjoint,0,9,0.01316079949734239
endpoint_swap_degree_bin,immune,seed43,source_disjoint,0,10,-0.004381272606857167
endpoint_swap_degree_bin,immune,seed43,source_disjoint,0,11,0.008403099722066543
endpoint_swap_degree_bin,immune,seed43,source_disjoint,0,12,0.02631310815629928
endpoint_swap_degree_bin,immune,seed43,source_disjoint,0,13,-0.0053039437114020815
endpoint_swap_degree_bin,immune,seed43,source_disjoint,0,14,0.024682867186305968
endpoint_swap_degree_bin,immune,seed43,source_disjoint,0,15,0.007466277220212758
endpoint_swap_degree_bin,immune,seed43,source_disjoint,3,0,-0.11571314551598832
endpoint_swap_degree_bin,immune,seed43,source_disjoint,3,1,-0.11691035372832714
endpoint_swap_degree_bin,immune,seed43,source_disjoint,3,2,-0.1322816014853307
endpoint_swap_degree_bin,immune,seed43,source_disjoint,3,3,-0.12676821709375585
endpoint_swap_degree_bin,immune,seed43,source_disjoint,3,4,-0.12556817860195513
endpoint_swap_degree_bin,immune,seed43,source_disjoint,3,5,-0.1223388297360482
endpoint_swap_degree_bin,immune,seed43,source_disjoint,3,6,-0.135162825977437
endpoint_swap_degree_bin,immune,seed43,source_disjoint,3,7,-0.11389327582205472
endpoint_swap_degree_bin,immune,seed43,source_disjoint,3,8,-0.11887739795427404
endpoint_swap_degree_bin,immune,seed43,source_disjoint,3,9,-0.12115577292101831
endpoint_swap_degree_bin,immune,seed43,source_disjoint,3,10,-0.12278035333208803
endpoint_swap_degree_bin,immune,seed43,source_disjoint,3,11,-0.1285286509189918
endpoint_swap_degree_bin,immune,seed43,source_disjoint,3,12,-0.1385704824494371
endpoint_swap_degree_bin,immune,seed43,source_disjoint,3,13,-0.1368525028161281
endpoint_swap_degree_bin,immune,seed43,source_disjoint,3,14,-0.1306938147072642
endpoint_swap_degree_bin,immune,seed43,source_disjoint,3,15,-0.11919438925399495
endpoint_swap_degree_bin,immune,seed43,source_disjoint,7,0,-0.11102903300671918
endpoint_swap_degree_bin,immune,seed43,source_disjoint,7,1,-0.16049099688103208
endpoint_swap_degree_bin,immune,seed43,source_disjoint,7,2,-0.13390335161693862
endpoint_swap_degree_bin,immune,seed43,source_disjoint,7,3,-0.12979944639733726
endpoint_swap_degree_bin,immune,seed43,source_disjoint,7,4,-0.10581848851755626
endpoint_swap_degree_bin,immune,seed43,source_disjoint,7,5,-0.11277531543464608
endpoint_swap_degree_bin,immune,seed43,source_disjoint,7,6,-0.10866857993558282
endpoint_swap_degree_bin,immune,seed43,source_disjoint,7,7,-0.13328069013534394
endpoint_swap_degree_bin,immune,seed43,source_disjoint,7,8,-0.12154635148674581
endpoint_swap_degree_bin,immune,seed43,source_disjoint,7,9,-0.11054788549821415
endpoint_swap_degree_bin,immune,seed43,source_disjoint,7,10,-0.1318825320812177
endpoint_swap_degree_bin,immune,seed43,source_disjoint,7,11,-0.13277690039114465
endpoint_swap_degree_bin,immune,seed43,source_disjoint,7,12,-0.13280803346522435
endpoint_swap_degree_bin,immune,seed43,source_disjoint,7,13,-0.1332354056639553
endpoint_swap_degree_bin,immune,seed43,source_disjoint,7,14,-0.10672417794533035
endpoint_swap_degree_bin,immune,seed43,source_disjoint,7,15,-0.13457695812884563
endpoint_swap_degree_bin,immune,seed43,source_disjoint,11,0,-0.0942794391518218
endpoint_swap_degree_bin,immune,seed43,source_disjoint,11,1,-0.08810659964564893
endpoint_swap_degree_bin,immune,seed43,source_disjoint,11,2,-0.11573012719275888
endpoint_swap_degree_bin,immune,seed43,source_disjoint,11,3,-0.1057533920899349
endpoint_swap_degree_bin,immune,seed43,source_disjoint,11,4,-0.12277469277316433
endpoint_swap_degree_bin,immune,seed43,source_disjoint,11,5,-0.13042776843785542
endpoint_swap_degree_bin,immune,seed43,source_disjoint,11,6,-0.09764747171135674
endpoint_swap_degree_bin,immune,seed43,source_disjoint,11,7,-0.09969093348277203
endpoint_swap_degree_bin,immune,seed43,source_disjoint,11,8,-0.11767735946247326
endpoint_swap_degree_bin,immune,seed43,source_disjoint,11,9,-0.10779119330242659
endpoint_swap_degree_bin,immune,seed43,source_disjoint,11,10,-0.09414641601711737
endpoint_swap_degree_bin,immune,seed43,source_disjoint,11,11,-0.08451780528809405
endpoint_swap_degree_bin,immune,seed43,source_disjoint,11,12,-0.1291456518416627
endpoint_swap_degree_bin,immune,seed43,source_disjoint,11,13,-0.11309796729329036
endpoint_swap_degree_bin,immune,seed43,source_disjoint,11,14,-0.07856572757994118
endpoint_swap_degree_bin,immune,seed43,source_disjoint,11,15,-0.10303915408607434
endpoint_swap_degree_bin,immune,seed43,target_disjoint,0,0,-0.06398411396092701
endpoint_swap_degree_bin,immune,seed43,target_disjoint,0,1,-0.080351728320194
endpoint_swap_degree_bin,immune,seed43,target_disjoint,0,2,-0.05276122982040998
endpoint_swap_degree_bin,immune,seed43,target_disjoint,0,3,-0.06775942639032573
endpoint_swap_degree_bin,immune,seed43,target_disjoint,0,4,-0.04732913986293941
endpoint_swap_degree_bin,immune,seed43,target_disjoint,0,5,-0.06692311046108351
endpoint_swap_degree_bin,immune,seed43,target_disjoint,0,6,-0.06939044063147792
endpoint_swap_degree_bin,immune,seed43,target_disjoint,0,7,-0.06625921037507376
endpoint_swap_degree_bin,immune,seed43,target_disjoint,0,8,-0.04808222055751754
endpoint_swap_degree_bin,immune,seed43,target_disjoint,0,9,-0.04774333424495736
endpoint_swap_degree_bin,immune,seed43,target_disjoint,0,10,-0.038149482554291125
endpoint_swap_degree_bin,immune,seed43,target_disjoint,0,11,-0.0639999682913392
endpoint_swap_degree_bin,immune,seed43,target_disjoint,0,12,-0.07434491888528205
endpoint_swap_degree_bin,immune,seed43,target_disjoint,0,13,-0.06211330297229056
endpoint_swap_degree_bin,immune,seed43,target_disjoint,0,14,-0.040783283194013364
endpoint_swap_degree_bin,immune,seed43,target_disjoint,0,15,-0.05939230351530145
endpoint_swap_degree_bin,immune,seed43,target_disjoint,3,0,-0.029060987645513014
endpoint_swap_degree_bin,immune,seed43,target_disjoint,3,1,-0.0627316218583654
endpoint_swap_degree_bin,immune,seed43,target_disjoint,3,2,-0.05161377265682909
endpoint_swap_degree_bin,immune,seed43,target_disjoint,3,3,-0.03622318140921221
endpoint_swap_degree_bin,immune,seed43,target_disjoint,3,4,-0.049293095042747315
endpoint_swap_degree_bin,immune,seed43,target_disjoint,3,5,-0.05571409885967732
endpoint_swap_degree_bin,immune,seed43,target_disjoint,3,6,-0.052299472447155604
endpoint_swap_degree_bin,immune,seed43,target_disjoint,3,7,-0.06875428562368957
endpoint_swap_degree_bin,immune,seed43,target_disjoint,3,8,-0.040904172463406274
endpoint_swap_degree_bin,immune,seed43,target_disjoint,3,9,-0.06041887140948965
endpoint_swap_degree_bin,immune,seed43,target_disjoint,3,10,-0.05843509831666649
endpoint_swap_degree_bin,immune,seed43,target_disjoint,3,11,-0.06686365672203798
endpoint_swap_degree_bin,immune,seed43,target_disjoint,3,12,-0.06273360364966685
endpoint_swap_degree_bin,immune,seed43,target_disjoint,3,13,-0.031960348319639176
endpoint_swap_degree_bin,immune,seed43,target_disjoint,3,14,-0.033462546126192594
endpoint_swap_degree_bin,immune,seed43,target_disjoint,3,15,-0.056837774527640106
endpoint_swap_degree_bin,immune,seed43,target_disjoint,7,0,-0.032251671640962876
endpoint_swap_degree_bin,immune,seed43,target_disjoint,7,1,-0.0682588377983091
endpoint_swap_degree_bin,immune,seed43,target_disjoint,7,2,-0.06332219566621888
endpoint_swap_degree_bin,immune,seed43,target_disjoint,7,3,-0.07853838927930179
endpoint_swap_degree_bin,immune,seed43,target_disjoint,7,4,-0.05488571009564125
endpoint_swap_degree_bin,immune,seed43,target_disjoint,7,5,-0.06408518531730456
endpoint_swap_degree_bin,immune,seed43,target_disjoint,7,6,-0.06616804797520381
endpoint_swap_degree_bin,immune,seed43,target_disjoint,7,7,-0.039352429874314865
endpoint_swap_degree_bin,immune,seed43,target_disjoint,7,8,-0.0634272306051995
endpoint_swap_degree_bin,immune,seed43,target_disjoint,7,9,-0.06723821527802554
endpoint_swap_degree_bin,immune,seed43,target_disjoint,7,10,-0.054877782930435215
endpoint_swap_degree_bin,immune,seed43,target_disjoint,7,11,-0.06754341113845985
endpoint_swap_degree_bin,immune,seed43,target_disjoint,7,12,-0.0454999464916348
endpoint_swap_degree_bin,immune,seed43,target_disjoint,7,13,-0.035634589392660176
endpoint_swap_degree_bin,immune,seed43,target_disjoint,7,14,-0.0684589987197628
endpoint_swap_degree_bin,immune,seed43,target_disjoint,7,15,-0.05070809403203369
endpoint_swap_degree_bin,immune,seed43,target_disjoint,11,0,-0.0288330816458382
endpoint_swap_degree_bin,immune,seed43,target_disjoint,11,1,-0.014415549927268345
endpoint_swap_degree_bin,immune,seed43,target_disjoint,11,2,-0.037265603633812594
endpoint_swap_degree_bin,immune,seed43,target_disjoint,11,3,-0.03376972377792853
endpoint_swap_degree_bin,immune,seed43,target_disjoint,11,4,-0.030939725799355555
endpoint_swap_degree_bin,immune,seed43,target_disjoint,11,5,-0.029586162340416333
endpoint_swap_degree_bin,immune,seed43,target_disjoint,11,6,-0.03417995457734335
endpoint_swap_degree_bin,immune,seed43,target_disjoint,11,7,-0.03860925813624427
endpoint_swap_degree_bin,immune,seed43,target_disjoint,11,8,-0.02593570276301349
endpoint_swap_degree_bin,immune,seed43,target_disjoint,11,9,-0.034578294628949346
endpoint_swap_degree_bin,immune,seed43,target_disjoint,11,10,-0.026187390258306742
endpoint_swap_degree_bin,immune,seed43,target_disjoint,11,11,-0.04783251485352591
endpoint_swap_degree_bin,immune,seed43,target_disjoint,11,12,-0.04081102827223482
endpoint_swap_degree_bin,immune,seed43,target_disjoint,11,13,-0.02854968548972059
endpoint_swap_degree_bin,immune,seed43,target_disjoint,11,14,-0.024578175721471363
endpoint_swap_degree_bin,immune,seed43,target_disjoint,11,15,-0.043841187172261376
endpoint_swap_degree_bin,immune,seed44,source_disjoint,0,0,0.006705441261295908
endpoint_swap_degree_bin,immune,seed44,source_disjoint,0,1,-0.0030603089149523477
endpoint_swap_degree_bin,immune,seed44,source_disjoint,0,2,0.024250144203037838
endpoint_swap_degree_bin,immune,seed44,source_disjoint,0,3,0.03123330983357897
endpoint_swap_degree_bin,immune,seed44,source_disjoint,0,4,0.011100963489927063
endpoint_swap_degree_bin,immune,seed44,source_disjoint,0,5,0.024816274648037706
endpoint_swap_degree_bin,immune,seed44,source_disjoint,0,6,0.03985878783994534
endpoint_swap_degree_bin,immune,seed44,source_disjoint,0,7,0.005704031276036692
endpoint_swap_degree_bin,immune,seed44,source_disjoint,0,8,0.006011130338182902
endpoint_swap_degree_bin,immune,seed44,source_disjoint,0,9,0.009082120959644446
endpoint_swap_degree_bin,immune,seed44,source_disjoint,0,10,0.0038988228759426757
endpoint_swap_degree_bin,immune,seed44,source_disjoint,0,11,0.03317203956504078
endpoint_swap_degree_bin,immune,seed44,source_disjoint,0,12,0.011872716785233606
endpoint_swap_degree_bin,immune,seed44,source_disjoint,0,13,0.017467260569548504
endpoint_swap_degree_bin,immune,seed44,source_disjoint,0,14,-0.008134119506932436
endpoint_swap_degree_bin,immune,seed44,source_disjoint,0,15,0.017408511183746755
endpoint_swap_degree_bin,immune,seed44,source_disjoint,3,0,-0.06269360593048345
endpoint_swap_degree_bin,immune,seed44,source_disjoint,3,1,-0.05452477087739538
endpoint_swap_degree_bin,immune,seed44,source_disjoint,3,2,-0.06446676921104916
endpoint_swap_degree_bin,immune,seed44,source_disjoint,3,3,-0.06030891495225271
endpoint_swap_degree_bin,immune,seed44,source_disjoint,3,4,-0.10070712897092438
endpoint_swap_degree_bin,immune,seed44,source_disjoint,3,5,-0.05018799803456597
endpoint_swap_degree_bin,immune,seed44,source_disjoint,3,6,-0.056970881668055307
endpoint_swap_degree_bin,immune,seed44,source_disjoint,3,7,-0.057798713922536216
endpoint_swap_degree_bin,immune,seed44,source_disjoint,3,8,-0.08991860539639818
endpoint_swap_degree_bin,immune,seed44,source_disjoint,3,9,-0.06261616355829003
endpoint_swap_degree_bin,immune,seed44,source_disjoint,3,10,-0.05434585229336236
endpoint_swap_degree_bin,immune,seed44,source_disjoint,3,11,-0.060632036574163106
endpoint_swap_degree_bin,immune,seed44,source_disjoint,3,12,-0.058909611399517225
endpoint_swap_degree_bin,immune,seed44,source_disjoint,3,13,-0.08072699694503194
endpoint_swap_degree_bin,immune,seed44,source_disjoint,3,14,-0.04176013159862413
endpoint_swap_degree_bin,immune,seed44,source_disjoint,3,15,-0.07543421136960843
endpoint_swap_degree_bin,immune,seed44,source_disjoint,7,0,-0.08799856865132782
endpoint_swap_degree_bin,immune,seed44,source_disjoint,7,1,-0.1305144309854943
endpoint_swap_degree_bin,immune,seed44,source_disjoint,7,2,-0.12183020359332608
endpoint_swap_degree_bin,immune,seed44,source_disjoint,7,3,-0.10781046379969667
endpoint_swap_degree_bin,immune,seed44,source_disjoint,7,4,-0.12136821978679319
endpoint_swap_degree_bin,immune,seed44,source_disjoint,7,5,-0.15652171590933373
endpoint_swap_degree_bin,immune,seed44,source_disjoint,7,6,-0.14680136298575064
endpoint_swap_degree_bin,immune,seed44,source_disjoint,7,7,-0.12426563267747659
endpoint_swap_degree_bin,immune,seed44,source_disjoint,7,8,-0.12664231237582518
endpoint_swap_degree_bin,immune,seed44,source_disjoint,7,9,-0.12090890640688767
endpoint_swap_degree_bin,immune,seed44,source_disjoint,7,10,-0.14378378089683613
endpoint_swap_degree_bin,immune,seed44,source_disjoint,7,11,-0.10883857805122948
endpoint_swap_degree_bin,immune,seed44,source_disjoint,7,12,-0.13164936230212143
endpoint_swap_degree_bin,immune,seed44,source_disjoint,7,13,-0.1567273387596403
endpoint_swap_degree_bin,immune,seed44,source_disjoint,7,14,-0.1249198872011793
endpoint_swap_degree_bin,immune,seed44,source_disjoint,7,15,-0.14024279518895943
endpoint_swap_degree_bin,immune,seed44,source_disjoint,11,0,-0.07937576107158884
endpoint_swap_degree_bin,immune,seed44,source_disjoint,11,1,-0.08823089576790799
endpoint_swap_degree_bin,immune,seed44,source_disjoint,11,2,-0.06204736268666289
endpoint_swap_degree_bin,immune,seed44,source_disjoint,11,3,-0.06815729881005805
endpoint_swap_degree_bin,immune,seed44,source_disjoint,11,4,-0.082233117562862
endpoint_swap_degree_bin,immune,seed44,source_disjoint,11,5,-0.07778952765493818
endpoint_swap_degree_bin,immune,seed44,source_disjoint,11,6,-0.08296481445875803
endpoint_swap_degree_bin,immune,seed44,source_disjoint,11,7,-0.09615138114465177
endpoint_swap_degree_bin,immune,seed44,source_disjoint,11,8,-0.07270503535644868
endpoint_swap_degree_bin,immune,seed44,source_disjoint,11,9,-0.07608312504005654
endpoint_swap_degree_bin,immune,seed44,source_disjoint,11,10,-0.07864406417569281
endpoint_swap_degree_bin,immune,seed44,source_disjoint,11,11,-0.10199427460531107
endpoint_swap_degree_bin,immune,seed44,source_disjoint,11,12,-0.0913018863893697
endpoint_swap_degree_bin,immune,seed44,source_disjoint,11,13,-0.09520872054519447
endpoint_swap_degree_bin,immune,seed44,source_disjoint,11,14,-0.06251735777307799
endpoint_swap_degree_bin,immune,seed44,source_disjoint,11,15,-0.1107719669294367
endpoint_swap_degree_bin,immune,seed44,target_disjoint,0,0,-0.13507001695269494
endpoint_swap_degree_bin,immune,seed44,target_disjoint,0,1,-0.114875796350913
endpoint_swap_degree_bin,immune,seed44,target_disjoint,0,2,-0.136778833128198
endpoint_swap_degree_bin,immune,seed44,target_disjoint,0,3,-0.15368895288079687
endpoint_swap_degree_bin,immune,seed44,target_disjoint,0,4,-0.11737612534156966
endpoint_swap_degree_bin,immune,seed44,target_disjoint,0,5,-0.12348761059891777
endpoint_swap_degree_bin,immune,seed44,target_disjoint,0,6,-0.1254034973642042
endpoint_swap_degree_bin,immune,seed44,target_disjoint,0,7,-0.11438037512675825
endpoint_swap_degree_bin,immune,seed44,target_disjoint,0,8,-0.11044990439918556
endpoint_swap_degree_bin,immune,seed44,target_disjoint,0,9,-0.1347274796219317
endpoint_swap_degree_bin,immune,seed44,target_disjoint,0,10,-0.14827415371991665
endpoint_swap_degree_bin,immune,seed44,target_disjoint,0,11,-0.12102018067392756
endpoint_swap_degree_bin,immune,seed44,target_disjoint,0,12,-0.14079251913951524
endpoint_swap_degree_bin,immune,seed44,target_disjoint,0,13,-0.13830573682295655
endpoint_swap_degree_bin,immune,seed44,target_disjoint,0,14,-0.14102861831665153
endpoint_swap_degree_bin,immune,seed44,target_disjoint,0,15,-0.13541448952261514
endpoint_swap_degree_bin,immune,seed44,target_disjoint,3,0,-0.10499252997685449
endpoint_swap_degree_bin,immune,seed44,target_disjoint,3,1,-0.12009707159610783
endpoint_swap_degree_bin,immune,seed44,target_disjoint,3,2,-0.09323014638148985
endpoint_swap_degree_bin,immune,seed44,target_disjoint,3,3,-0.11146009923906397
endpoint_swap_degree_bin,immune,seed44,target_disjoint,3,4,-0.1167510430939055
endpoint_swap_degree_bin,immune,seed44,target_disjoint,3,5,-0.08270825108566904
endpoint_swap_degree_bin,immune,seed44,target_disjoint,3,6,-0.09169356649094695
endpoint_swap_degree_bin,immune,seed44,target_disjoint,3,7,-0.1134030793525464
endpoint_swap_degree_bin,immune,seed44,target_disjoint,3,8,-0.1093235952098961
endpoint_swap_degree_bin,immune,seed44,target_disjoint,3,9,-0.09895845428578065
endpoint_swap_degree_bin,immune,seed44,target_disjoint,3,10,-0.09784956224890273
endpoint_swap_degree_bin,immune,seed44,target_disjoint,3,11,-0.102397374267512
endpoint_swap_degree_bin,immune,seed44,target_disjoint,3,12,-0.10033053884799081
endpoint_swap_degree_bin,immune,seed44,target_disjoint,3,13,-0.09888297995866324
endpoint_swap_degree_bin,immune,seed44,target_disjoint,3,14,-0.11843663639952623
endpoint_swap_degree_bin,immune,seed44,target_disjoint,3,15,-0.11679942407282695
endpoint_swap_degree_bin,immune,seed44,target_disjoint,7,0,-0.09029245334138392
endpoint_swap_degree_bin,immune,seed44,target_disjoint,7,1,-0.11273155136511759
endpoint_swap_degree_bin,immune,seed44,target_disjoint,7,2,-0.10722192548555143
endpoint_swap_degree_bin,immune,seed44,target_disjoint,7,3,-0.10304567938505838
endpoint_swap_degree_bin,immune,seed44,target_disjoint,7,4,-0.09710255993435668
endpoint_swap_degree_bin,immune,seed44,target_disjoint,7,5,-0.10621173064567324
endpoint_swap_degree_bin,immune,seed44,target_disjoint,7,6,-0.09740252200366928
endpoint_swap_degree_bin,immune,seed44,target_disjoint,7,7,-0.10273410588080467
endpoint_swap_degree_bin,immune,seed44,target_disjoint,7,8,-0.08535952873056063
endpoint_swap_degree_bin,immune,seed44,target_disjoint,7,9,-0.11798959615429278
endpoint_swap_degree_bin,immune,seed44,target_disjoint,7,10,-0.10987900884791335
endpoint_swap_degree_bin,immune,seed44,target_disjoint,7,11,-0.0954285780636771
endpoint_swap_degree_bin,immune,seed44,target_disjoint,7,12,-0.1022309437000225
endpoint_swap_degree_bin,immune,seed44,target_disjoint,7,13,-0.10937197618881744
endpoint_swap_degree_bin,immune,seed44,target_disjoint,7,14,-0.07308817723694294
endpoint_swap_degree_bin,immune,seed44,target_disjoint,7,15,-0.10464612216777747
endpoint_swap_degree_bin,immune,seed44,target_disjoint,11,0,-0.04667216274587216
endpoint_swap_degree_bin,immune,seed44,target_disjoint,11,1,-0.023689262519062226
endpoint_swap_degree_bin,immune,seed44,target_disjoint,11,2,-0.04768235758575046
endpoint_swap_degree_bin,immune,seed44,target_disjoint,11,3,-0.011783671226090253
endpoint_swap_degree_bin,immune,seed44,target_disjoint,11,4,-0.0255780559361527
endpoint_swap_degree_bin,immune,seed44,target_disjoint,11,5,-0.028424792735886384
endpoint_swap_degree_bin,immune,seed44,target_disjoint,11,6,-0.05193601325251784
endpoint_swap_degree_bin,immune,seed44,target_disjoint,11,7,-0.020916064807288914
endpoint_swap_degree_bin,immune,seed44,target_disjoint,11,8,-0.027145599653205177
endpoint_swap_degree_bin,immune,seed44,target_disjoint,11,9,-0.034222769249823926
endpoint_swap_degree_bin,immune,seed44,target_disjoint,11,10,-0.02174047668810919
endpoint_swap_degree_bin,immune,seed44,target_disjoint,11,11,-0.027153340609832544
endpoint_swap_degree_bin,immune,seed44,target_disjoint,11,12,-0.04241657183994807
endpoint_swap_degree_bin,immune,seed44,target_disjoint,11,13,-0.030745144484955356
endpoint_swap_degree_bin,immune,seed44,target_disjoint,11,14,-0.04291005782494606
endpoint_swap_degree_bin,immune,seed44,target_disjoint,11,15,-0.037274641400184216
endpoint_swap_degree_bin,lung,seed42_main,source_disjoint,0,0,-0.10903913214814148
endpoint_swap_degree_bin,lung,seed42_main,source_disjoint,0,1,-0.12147100592595894
endpoint_swap_degree_bin,lung,seed42_main,source_disjoint,0,2,-0.11712877250117104
endpoint_swap_degree_bin,lung,seed42_main,source_disjoint,0,3,-0.1294082219892485
endpoint_swap_degree_bin,lung,seed42_main,source_disjoint,0,4,-0.1298097298744172
endpoint_swap_degree_bin,lung,seed42_main,source_disjoint,0,5,-0.11839649647193534
endpoint_swap_degree_bin,lung,seed42_main,source_disjoint,0,6,-0.13110719517000885
endpoint_swap_degree_bin,lung,seed42_main,source_disjoint,0,7,-0.12782449644219396
endpoint_swap_degree_bin,lung,seed42_main,source_disjoint,0,8,-0.09719093187006012
endpoint_swap_degree_bin,lung,seed42_main,source_disjoint,0,9,-0.15225327712222936
endpoint_swap_degree_bin,lung,seed42_main,source_disjoint,0,10,-0.11541492865799707
endpoint_swap_degree_bin,lung,seed42_main,source_disjoint,0,11,-0.10232502806837529
endpoint_swap_degree_bin,lung,seed42_main,source_disjoint,0,12,-0.10023569999925641
endpoint_swap_degree_bin,lung,seed42_main,source_disjoint,0,13,-0.1270995516495282
endpoint_swap_degree_bin,lung,seed42_main,source_disjoint,0,14,-0.11167867472656567
endpoint_swap_degree_bin,lung,seed42_main,source_disjoint,0,15,-0.14505959417962266
endpoint_swap_degree_bin,lung,seed42_main,source_disjoint,3,0,-0.10450729777757961
endpoint_swap_degree_bin,lung,seed42_main,source_disjoint,3,1,-0.11851174410564125
endpoint_swap_degree_bin,lung,seed42_main,source_disjoint,3,2,-0.1013175406898501
endpoint_swap_degree_bin,lung,seed42_main,source_disjoint,3,3,-0.10444037979671811
endpoint_swap_degree_bin,lung,seed42_main,source_disjoint,3,4,-0.12017354063036745
endpoint_swap_degree_bin,lung,seed42_main,source_disjoint,3,5,-0.11910285293658407
endpoint_swap_degree_bin,lung,seed42_main,source_disjoint,3,6,-0.1275716951811619
endpoint_swap_degree_bin,lung,seed42_main,source_disjoint,3,7,-0.11828496650383291
endpoint_swap_degree_bin,lung,seed42_main,source_disjoint,3,8,-0.13283590967559655
endpoint_swap_degree_bin,lung,seed42_main,source_disjoint,3,9,-0.10671930881161107
endpoint_swap_degree_bin,lung,seed42_main,source_disjoint,3,10,-0.1321518592045683
endpoint_swap_degree_bin,lung,seed42_main,source_disjoint,3,11,-0.10420988452930646
endpoint_swap_degree_bin,lung,seed42_main,source_disjoint,3,12,-0.1296870469095046
endpoint_swap_degree_bin,lung,seed42_main,source_disjoint,3,13,-0.12320715576275343
endpoint_swap_degree_bin,lung,seed42_main,source_disjoint,3,14,-0.114507818250764
endpoint_swap_degree_bin,lung,seed42_main,source_disjoint,3,15,-0.08650636092584746
endpoint_swap_degree_bin,lung,seed42_main,source_disjoint,7,0,-0.015885585123389334
endpoint_swap_degree_bin,lung,seed42_main,source_disjoint,7,1,0.009892708170685438
endpoint_swap_degree_bin,lung,seed42_main,source_disjoint,7,2,-0.016722059884157536
endpoint_swap_degree_bin,lung,seed42_main,source_disjoint,7,3,-0.008045028365788576
endpoint_swap_degree_bin,lung,seed42_main,source_disjoint,7,4,-0.01062880596016147
endpoint_swap_degree_bin,lung,seed42_main,source_disjoint,7,5,-0.02765199675819563
endpoint_swap_degree_bin,lung,seed42_main,source_disjoint,7,6,0.0025912129255798444
endpoint_swap_degree_bin,lung,seed42_main,source_disjoint,7,7,-0.01482605042641616
endpoint_swap_degree_bin,lung,seed42_main,source_disjoint,7,8,-0.006316313860200928
endpoint_swap_degree_bin,lung,seed42_main,source_disjoint,7,9,-0.006007747615117576
endpoint_swap_degree_bin,lung,seed42_main,source_disjoint,7,10,0.006461302818734027
endpoint_swap_degree_bin,lung,seed42_main,source_disjoint,7,11,-0.02084495103834394
endpoint_swap_degree_bin,lung,seed42_main,source_disjoint,7,12,0.001974080435413028
endpoint_swap_degree_bin,lung,seed42_main,source_disjoint,7,13,-0.011468998386533147
endpoint_swap_degree_bin,lung,seed42_main,source_disjoint,7,14,-0.025343326418475365
endpoint_swap_degree_bin,lung,seed42_main,source_disjoint,7,15,-0.00047957886284044626
endpoint_swap_degree_bin,lung,seed42_main,source_disjoint,11,0,-0.011342597756017092
endpoint_swap_degree_bin,lung,seed42_main,source_disjoint,11,1,0.004338515759184536
endpoint_swap_degree_bin,lung,seed42_main,source_disjoint,11,2,0.006338619853821337
endpoint_swap_degree_bin,lung,seed42_main,source_disjoint,11,3,0.016294528339764747
endpoint_swap_degree_bin,lung,seed42_main,source_disjoint,11,4,0.035154245945885676
endpoint_swap_degree_bin,lung,seed42_main,source_disjoint,11,5,0.00703754098726328
endpoint_swap_degree_bin,lung,seed42_main,source_disjoint,11,6,0.029774783817745232
endpoint_swap_degree_bin,lung,seed42_main,source_disjoint,11,7,0.023451034626337353
endpoint_swap_degree_bin,lung,seed42_main,source_disjoint,11,8,-0.011383492077654656
endpoint_swap_degree_bin,lung,seed42_main,source_disjoint,11,9,0.008833173473712375
endpoint_swap_degree_bin,lung,seed42_main,source_disjoint,11,10,0.005041154558229843
endpoint_swap_degree_bin,lung,seed42_main,source_disjoint,11,11,0.019744522019733313
endpoint_swap_degree_bin,lung,seed42_main,source_disjoint,11,12,0.0019852334322232323
endpoint_swap_degree_bin,lung,seed42_main,source_disjoint,11,13,0.0248414415620144
endpoint_swap_degree_bin,lung,seed42_main,source_disjoint,11,14,-0.0004200962131858388
endpoint_swap_degree_bin,lung,seed42_main,source_disjoint,11,15,0.006059794933565343
endpoint_swap_degree_bin,lung,seed42_main,target_disjoint,0,0,-0.11290830119051587
endpoint_swap_degree_bin,lung,seed42_main,target_disjoint,0,1,-0.10115094330626812
endpoint_swap_degree_bin,lung,seed42_main,target_disjoint,0,2,-0.11247920053780602
endpoint_swap_degree_bin,lung,seed42_main,target_disjoint,0,3,-0.12204814509323397
endpoint_swap_degree_bin,lung,seed42_main,target_disjoint,0,4,-0.10384474184827952
endpoint_swap_degree_bin,lung,seed42_main,target_disjoint,0,5,-0.10301991503807073
endpoint_swap_degree_bin,lung,seed42_main,target_disjoint,0,6,-0.11889663918833221
endpoint_swap_degree_bin,lung,seed42_main,target_disjoint,0,7,-0.0935677812158805
endpoint_swap_degree_bin,lung,seed42_main,target_disjoint,0,8,-0.11977152774135713
endpoint_swap_degree_bin,lung,seed42_main,target_disjoint,0,9,-0.10728708264001785
endpoint_swap_degree_bin,lung,seed42_main,target_disjoint,0,10,-0.1011819339089639
endpoint_swap_degree_bin,lung,seed42_main,target_disjoint,0,11,-0.1076065242370352
endpoint_swap_degree_bin,lung,seed42_main,target_disjoint,0,12,-0.11126818314015852
endpoint_swap_degree_bin,lung,seed42_main,target_disjoint,0,13,-0.12364058529329025
endpoint_swap_degree_bin,lung,seed42_main,target_disjoint,0,14,-0.1220433773082038
endpoint_swap_degree_bin,lung,seed42_main,target_disjoint,0,15,-0.09403025636380113
endpoint_swap_degree_bin,lung,seed42_main,target_disjoint,3,0,-0.1268230818008878
endpoint_swap_degree_bin,lung,seed42_main,target_disjoint,3,1,-0.13492593245955725
endpoint_swap_degree_bin,lung,seed42_main,target_disjoint,3,2,-0.10166348019700489
endpoint_swap_degree_bin,lung,seed42_main,target_disjoint,3,3,-0.10023076079545729
endpoint_swap_degree_bin,lung,seed42_main,target_disjoint,3,4,-0.10691281151515442
endpoint_swap_degree_bin,lung,seed42_main,target_disjoint,3,5,-0.10275291907638473
endpoint_swap_degree_bin,lung,seed42_main,target_disjoint,3,6,-0.10044054333678198
endpoint_swap_degree_bin,lung,seed42_main,target_disjoint,3,7,-0.1256955006412671
endpoint_swap_degree_bin,lung,seed42_main,target_disjoint,3,8,-0.11904444052426566
endpoint_swap_degree_bin,lung,seed42_main,target_disjoint,3,9,-0.11959273580272811
endpoint_swap_degree_bin,lung,seed42_main,target_disjoint,3,10,-0.12291826586122884
endpoint_swap_degree_bin,lung,seed42_main,target_disjoint,3,11,-0.12219356253665231
endpoint_swap_degree_bin,lung,seed42_main,target_disjoint,3,12,-0.12416980943163236
endpoint_swap_degree_bin,lung,seed42_main,target_disjoint,3,13,-0.10895342350804088
endpoint_swap_degree_bin,lung,seed42_main,target_disjoint,3,14,-0.1127295092518868
endpoint_swap_degree_bin,lung,seed42_main,target_disjoint,3,15,-0.1320652614414921
endpoint_swap_degree_bin,lung,seed42_main,target_disjoint,7,0,-0.0009607086835669021
endpoint_swap_degree_bin,lung,seed42_main,target_disjoint,7,1,0.002097825413247767
endpoint_swap_degree_bin,lung,seed42_main,target_disjoint,7,2,-0.030072804077409754
endpoint_swap_degree_bin,lung,seed42_main,target_disjoint,7,3,-0.0029822495363329704
endpoint_swap_degree_bin,lung,seed42_main,target_disjoint,7,4,0.0050157098516740994
endpoint_swap_degree_bin,lung,seed42_main,target_disjoint,7,5,0.028628165213286816
endpoint_swap_degree_bin,lung,seed42_main,target_disjoint,7,6,0.016022141593679762
endpoint_swap_degree_bin,lung,seed42_main,target_disjoint,7,7,0.012379553830676904
endpoint_swap_degree_bin,lung,seed42_main,target_disjoint,7,8,0.008937213038938463
endpoint_swap_degree_bin,lung,seed42_main,target_disjoint,7,9,0.005528246742410814
endpoint_swap_degree_bin,lung,seed42_main,target_disjoint,7,10,0.023860380183178376
endpoint_swap_degree_bin,lung,seed42_main,target_disjoint,7,11,0.008295945952388806
endpoint_swap_degree_bin,lung,seed42_main,target_disjoint,7,12,-0.0077929446317125395
endpoint_swap_degree_bin,lung,seed42_main,target_disjoint,7,13,-0.020623054147734687
endpoint_swap_degree_bin,lung,seed42_main,target_disjoint,7,14,-0.0028106092752491207
endpoint_swap_degree_bin,lung,seed42_main,target_disjoint,7,15,0.0036878817207889325
endpoint_swap_degree_bin,lung,seed42_main,target_disjoint,11,0,0.017168793893420853
endpoint_swap_degree_bin,lung,seed42_main,target_disjoint,11,1,-0.00812907347633518
endpoint_swap_degree_bin,lung,seed42_main,target_disjoint,11,2,-0.002357669697388709
endpoint_swap_degree_bin,lung,seed42_main,target_disjoint,11,3,-0.0015972079850864462
endpoint_swap_degree_bin,lung,seed42_main,target_disjoint,11,4,0.025324090187421655
endpoint_swap_degree_bin,lung,seed42_main,target_disjoint,11,5,0.015442855712521575
endpoint_swap_degree_bin,lung,seed42_main,target_disjoint,11,6,-6.198120539147034e-05
endpoint_swap_degree_bin,lung,seed42_main,target_disjoint,11,7,0.0031181314096908608
endpoint_swap_degree_bin,lung,seed42_main,target_disjoint,11,8,0.024279945265827774
endpoint_swap_degree_bin,lung,seed42_main,target_disjoint,11,9,-0.009232815710805253
endpoint_swap_degree_bin,lung,seed42_main,target_disjoint,11,10,0.006460348715797148
endpoint_swap_degree_bin,lung,seed42_main,target_disjoint,11,11,0.01284202897859743
endpoint_swap_degree_bin,lung,seed42_main,target_disjoint,11,12,0.011445067964775513
endpoint_swap_degree_bin,lung,seed42_main,target_disjoint,11,13,-0.0069323594337777905
endpoint_swap_degree_bin,lung,seed42_main,target_disjoint,11,14,0.021052154800444423
endpoint_swap_degree_bin,lung,seed42_main,target_disjoint,11,15,0.00706347352210579
endpoint_swap_degree_bin,lung,seed43,source_disjoint,0,0,0.014317235845744958
endpoint_swap_degree_bin,lung,seed43,source_disjoint,0,1,0.003099769319492518
endpoint_swap_degree_bin,lung,seed43,source_disjoint,0,2,0.0206327415876838
endpoint_swap_degree_bin,lung,seed43,source_disjoint,0,3,0.013746803069053848
endpoint_swap_degree_bin,lung,seed43,source_disjoint,0,4,0.03238302993831821
endpoint_swap_degree_bin,lung,seed43,source_disjoint,0,5,0.025077102452234268
endpoint_swap_degree_bin,lung,seed43,source_disjoint,0,6,0.05286532771676444
endpoint_swap_degree_bin,lung,seed43,source_disjoint,0,7,0.0037172157865704714
endpoint_swap_degree_bin,lung,seed43,source_disjoint,0,8,0.014323504337796611
endpoint_swap_degree_bin,lung,seed43,source_disjoint,0,9,0.005857905822175491
endpoint_swap_degree_bin,lung,seed43,source_disjoint,0,10,0.013662178426357752
endpoint_swap_degree_bin,lung,seed43,source_disjoint,0,11,0.025224412015445674
endpoint_swap_degree_bin,lung,seed43,source_disjoint,0,12,0.014408128980492596
endpoint_swap_degree_bin,lung,seed43,source_disjoint,0,13,0.005321949751767807
endpoint_swap_degree_bin,lung,seed43,source_disjoint,0,14,0.008487538237801684
endpoint_swap_degree_bin,lung,seed43,source_disjoint,0,15,0.020472895040369088
endpoint_swap_degree_bin,lung,seed43,source_disjoint,3,0,-0.13552793240058175
endpoint_swap_degree_bin,lung,seed43,source_disjoint,3,1,-0.12484015345268551
endpoint_swap_degree_bin,lung,seed43,source_disjoint,3,2,-0.13932663858382238
endpoint_swap_degree_bin,lung,seed43,source_disjoint,3,3,-0.13451557093425615
endpoint_swap_degree_bin,lung,seed43,source_disjoint,3,4,-0.14312847901308867
endpoint_swap_degree_bin,lung,seed43,source_disjoint,3,5,-0.1410379369138961
endpoint_swap_degree_bin,lung,seed43,source_disjoint,3,6,-0.14767626999648975
endpoint_swap_degree_bin,lung,seed43,source_disjoint,3,7,-0.14606213329321505
endpoint_swap_degree_bin,lung,seed43,source_disjoint,3,8,-0.1370166992628254
endpoint_swap_degree_bin,lung,seed43,source_disjoint,3,9,-0.13377588887217295
endpoint_swap_degree_bin,lung,seed43,source_disjoint,3,10,-0.11921418183641752
endpoint_swap_degree_bin,lung,seed43,source_disjoint,3,11,-0.1443539692091671
endpoint_swap_degree_bin,lung,seed43,source_disjoint,3,12,-0.1541829647460008
endpoint_swap_degree_bin,lung,seed43,source_disjoint,3,13,-0.17806905370843995
endpoint_swap_degree_bin,lung,seed43,source_disjoint,3,14,-0.13366932450729657
endpoint_swap_degree_bin,lung,seed43,source_disjoint,3,15,-0.1350483927586381
endpoint_swap_degree_bin,lung,seed43,source_disjoint,7,0,-0.12148651020510504
endpoint_swap_degree_bin,lung,seed43,source_disjoint,7,1,-0.1316665412968256
endpoint_swap_degree_bin,lung,seed43,source_disjoint,7,2,-0.11549696604984705
endpoint_swap_degree_bin,lung,seed43,source_disjoint,7,3,-0.11300837470538083
endpoint_swap_degree_bin,lung,seed43,source_disjoint,7,4,-0.12552028484027877
endpoint_swap_degree_bin,lung,seed43,source_disjoint,7,5,-0.13809174564966653
endpoint_swap_degree_bin,lung,seed43,source_disjoint,7,6,-0.11508637982047037
endpoint_swap_degree_bin,lung,seed43,source_disjoint,7,7,-0.11666603981746143
endpoint_swap_degree_bin,lung,seed43,source_disjoint,7,8,-0.11641530013539936
endpoint_swap_degree_bin,lung,seed43,source_disjoint,7,9,-0.12402838373200942
endpoint_swap_degree_bin,lung,seed43,source_disjoint,7,10,-0.12728799959881648
endpoint_swap_degree_bin,lung,seed43,source_disjoint,7,11,-0.12654831753673335
endpoint_swap_degree_bin,lung,seed43,source_disjoint,7,12,-0.12833797201745145
endpoint_swap_degree_bin,lung,seed43,source_disjoint,7,13,-0.1267614462664861
endpoint_swap_degree_bin,lung,seed43,source_disjoint,7,14,-0.11278897748357652
endpoint_swap_degree_bin,lung,seed43,source_disjoint,7,15,-0.10728524146231377
endpoint_swap_degree_bin,lung,seed43,source_disjoint,11,0,-0.05732535981144382
endpoint_swap_degree_bin,lung,seed43,source_disjoint,11,1,-0.054808560252745664
endpoint_swap_degree_bin,lung,seed43,source_disjoint,11,2,-0.05448573291209069
endpoint_swap_degree_bin,lung,seed43,source_disjoint,11,3,-0.04655922471290319
endpoint_swap_degree_bin,lung,seed43,source_disjoint,11,4,-0.03193796700265783
endpoint_swap_degree_bin,lung,seed43,source_disjoint,11,5,-0.06541171455794598
endpoint_swap_degree_bin,lung,seed43,source_disjoint,11,6,-0.04707637530715625
endpoint_swap_degree_bin,lung,seed43,source_disjoint,11,7,-0.037002908580311966
endpoint_swap_degree_bin,lung,seed43,source_disjoint,11,8,-0.05605285592497877
endpoint_swap_degree_bin,lung,seed43,source_disjoint,11,9,-0.05906173210972371
endpoint_swap_degree_bin,lung,seed43,source_disjoint,11,10,-0.044164660749210216
endpoint_swap_degree_bin,lung,seed43,source_disjoint,11,11,-0.024653979238754453
endpoint_swap_degree_bin,lung,seed43,source_disjoint,11,12,-0.03229840529562222
endpoint_swap_degree_bin,lung,seed43,source_disjoint,11,13,-0.048358281931698555
endpoint_swap_degree_bin,lung,seed43,source_disjoint,11,14,-0.041591444762048124
endpoint_swap_degree_bin,lung,seed43,source_disjoint,11,15,-0.05750401183491305
endpoint_swap_degree_bin,lung,seed43,target_disjoint,0,0,-0.08972459853303738
endpoint_swap_degree_bin,lung,seed43,target_disjoint,0,1,-0.08862001978502998
endpoint_swap_degree_bin,lung,seed43,target_disjoint,0,2,-0.10768489520597446
endpoint_swap_degree_bin,lung,seed43,target_disjoint,0,3,-0.11090893247974082
endpoint_swap_degree_bin,lung,seed43,target_disjoint,0,4,-0.08835348570198409
endpoint_swap_degree_bin,lung,seed43,target_disjoint,0,5,-0.07960911751590227
endpoint_swap_degree_bin,lung,seed43,target_disjoint,0,6,-0.10305130268533091
endpoint_swap_degree_bin,lung,seed43,target_disjoint,0,7,-0.0968902648426167
endpoint_swap_degree_bin,lung,seed43,target_disjoint,0,8,-0.10155204846819788
endpoint_swap_degree_bin,lung,seed43,target_disjoint,0,9,-0.09533719124333023
endpoint_swap_degree_bin,lung,seed43,target_disjoint,0,10,-0.08567789356063904
endpoint_swap_degree_bin,lung,seed43,target_disjoint,0,11,-0.06936293228496582
endpoint_swap_degree_bin,lung,seed43,target_disjoint,0,12,-0.0966826757971676
endpoint_swap_degree_bin,lung,seed43,target_disjoint,0,13,-0.08705669487485712
endpoint_swap_degree_bin,lung,seed43,target_disjoint,0,14,-0.10722102338836581
endpoint_swap_degree_bin,lung,seed43,target_disjoint,0,15,-0.08971691004987259
endpoint_swap_degree_bin,lung,seed43,target_disjoint,3,0,-0.07819699944130354
endpoint_swap_degree_bin,lung,seed43,target_disjoint,3,1,-0.09421210987355005
endpoint_swap_degree_bin,lung,seed43,target_disjoint,3,2,-0.0920900885200695
endpoint_swap_degree_bin,lung,seed43,target_disjoint,3,3,-0.064921551843442
endpoint_swap_degree_bin,lung,seed43,target_disjoint,3,4,-0.059124435537194264
endpoint_swap_degree_bin,lung,seed43,target_disjoint,3,5,-0.08058299205010844
endpoint_swap_degree_bin,lung,seed43,target_disjoint,3,6,-0.09035761698027134
endpoint_swap_degree_bin,lung,seed43,target_disjoint,3,7,-0.0979538383470786
endpoint_swap_degree_bin,lung,seed43,target_disjoint,3,8,-0.0726279748022779
endpoint_swap_degree_bin,lung,seed43,target_disjoint,3,9,-0.07414004315801881
endpoint_swap_degree_bin,lung,seed43,target_disjoint,3,10,-0.058740011378955126
endpoint_swap_degree_bin,lung,seed43,target_disjoint,3,11,-0.0940429632439248
endpoint_swap_degree_bin,lung,seed43,target_disjoint,3,12,-0.051366756023926596
endpoint_swap_degree_bin,lung,seed43,target_disjoint,3,13,-0.07883514354398069
endpoint_swap_degree_bin,lung,seed43,target_disjoint,3,14,-0.07634407499859042
endpoint_swap_degree_bin,lung,seed43,target_disjoint,3,15,-0.07961936882678872
endpoint_swap_degree_bin,lung,seed43,target_disjoint,7,0,0.04206625422225874
endpoint_swap_degree_bin,lung,seed43,target_disjoint,7,1,0.03255047489197682
endpoint_swap_degree_bin,lung,seed43,target_disjoint,7,2,0.039216389795845186
endpoint_swap_degree_bin,lung,seed43,target_disjoint,7,3,0.04945488654361685
endpoint_swap_degree_bin,lung,seed43,target_disjoint,7,4,0.03351922377073957
endpoint_swap_degree_bin,lung,seed43,target_disjoint,7,5,0.03603079493790273
endpoint_swap_degree_bin,lung,seed43,target_disjoint,7,6,0.027875877127787718
endpoint_swap_degree_bin,lung,seed43,target_disjoint,7,7,0.022709216441052393
endpoint_swap_degree_bin,lung,seed43,target_disjoint,7,8,0.008503462380251903
endpoint_swap_degree_bin,lung,seed43,target_disjoint,7,9,0.02577435839607989
endpoint_swap_degree_bin,lung,seed43,target_disjoint,7,10,0.04308625965545343
endpoint_swap_degree_bin,lung,seed43,target_disjoint,7,11,0.03538496235206079
endpoint_swap_degree_bin,lung,seed43,target_disjoint,7,12,0.06532904145117557
endpoint_swap_degree_bin,lung,seed43,target_disjoint,7,13,0.04800945170863724
endpoint_swap_degree_bin,lung,seed43,target_disjoint,7,14,0.047858244873063116
endpoint_swap_degree_bin,lung,seed43,target_disjoint,7,15,0.02996714454860916
endpoint_swap_degree_bin,lung,seed43,target_disjoint,11,0,0.07348395926129048
endpoint_swap_degree_bin,lung,seed43,target_disjoint,11,1,0.06468577169305523
endpoint_swap_degree_bin,lung,seed43,target_disjoint,11,2,0.054290942454266355
endpoint_swap_degree_bin,lung,seed43,target_disjoint,11,3,0.062497116818813314
endpoint_swap_degree_bin,lung,seed43,target_disjoint,11,4,0.07464492021917313
endpoint_swap_degree_bin,lung,seed43,target_disjoint,11,5,0.07446552227866154
endpoint_swap_degree_bin,lung,seed43,target_disjoint,11,6,0.06715377478895124
endpoint_swap_degree_bin,lung,seed43,target_disjoint,11,7,0.045987380636298814
endpoint_swap_degree_bin,lung,seed43,target_disjoint,11,8,0.05844272336325007
endpoint_swap_degree_bin,lung,seed43,target_disjoint,11,9,0.06305581326212095
endpoint_swap_degree_bin,lung,seed43,target_disjoint,11,10,0.0795066044070386
endpoint_swap_degree_bin,lung,seed43,target_disjoint,11,11,0.06200505389626709
endpoint_swap_degree_bin,lung,seed43,target_disjoint,11,12,0.04369108699774982
endpoint_swap_degree_bin,lung,seed43,target_disjoint,11,13,0.049852124840464085
endpoint_swap_degree_bin,lung,seed43,target_disjoint,11,14,0.06013418965950279
endpoint_swap_degree_bin,lung,seed43,target_disjoint,11,15,0.06058781016622505
endpoint_swap_degree_bin,lung,seed44,source_disjoint,0,0,-0.08989585293933122
endpoint_swap_degree_bin,lung,seed44,source_disjoint,0,1,-0.09152079804253715
endpoint_swap_degree_bin,lung,seed44,source_disjoint,0,2,-0.08260555869251518
endpoint_swap_degree_bin,lung,seed44,source_disjoint,0,3,-0.07660769182508315
endpoint_swap_degree_bin,lung,seed44,source_disjoint,0,4,-0.08822385344124478
endpoint_swap_degree_bin,lung,seed44,source_disjoint,0,5,-0.08781918564527269
endpoint_swap_degree_bin,lung,seed44,source_disjoint,0,6,-0.061954953259301226
endpoint_swap_degree_bin,lung,seed44,source_disjoint,0,7,-0.0940680092854006
endpoint_swap_degree_bin,lung,seed44,source_disjoint,0,8,-0.09157726331639382
endpoint_swap_degree_bin,lung,seed44,source_disjoint,0,9,-0.07789070832549089
endpoint_swap_degree_bin,lung,seed44,source_disjoint,0,10,-0.09037267080745343
endpoint_swap_degree_bin,lung,seed44,source_disjoint,0,11,-0.09710458623502105
endpoint_swap_degree_bin,lung,seed44,source_disjoint,0,12,-0.07923960097873145
endpoint_swap_degree_bin,lung,seed44,source_disjoint,0,13,-0.06407867494824027
endpoint_swap_degree_bin,lung,seed44,source_disjoint,0,14,-0.059159922203400495
endpoint_swap_degree_bin,lung,seed44,source_disjoint,0,15,-0.09027856201769252
endpoint_swap_degree_bin,lung,seed44,source_disjoint,3,0,-0.09850053328314207
endpoint_swap_degree_bin,lung,seed44,source_disjoint,3,1,-0.10810590375807771
endpoint_swap_degree_bin,lung,seed44,source_disjoint,3,2,-0.0892778718865676
endpoint_swap_degree_bin,lung,seed44,source_disjoint,3,3,-0.1018006148440932
endpoint_swap_degree_bin,lung,seed44,source_disjoint,3,4,-0.07892590501286156
endpoint_swap_degree_bin,lung,seed44,source_disjoint,3,5,-0.111873392308175
endpoint_swap_degree_bin,lung,seed44,source_disjoint,3,6,-0.10170650605433218
endpoint_swap_degree_bin,lung,seed44,source_disjoint,3,7,-0.10151201455549286
endpoint_swap_degree_bin,lung,seed44,source_disjoint,3,8,-0.08684986511073473
endpoint_swap_degree_bin,lung,seed44,source_disjoint,3,9,-0.09156785243741777
endpoint_swap_degree_bin,lung,seed44,source_disjoint,3,10,-0.0848516218081436
endpoint_swap_degree_bin,lung,seed44,source_disjoint,3,11,-0.10217077608381964
endpoint_swap_degree_bin,lung,seed44,source_disjoint,3,12,-0.11108601543384161
endpoint_swap_degree_bin,lung,seed44,source_disjoint,3,13,-0.09158040027605252
endpoint_swap_degree_bin,lung,seed44,source_disjoint,3,14,-0.10466152205282653
endpoint_swap_degree_bin,lung,seed44,source_disjoint,3,15,-0.11379634857895732
endpoint_swap_degree_bin,lung,seed44,source_disjoint,7,0,0.024063617541878357
endpoint_swap_degree_bin,lung,seed44,source_disjoint,7,1,0.006553108727021639
endpoint_swap_degree_bin,lung,seed44,source_disjoint,7,2,0.011509504987765817
endpoint_swap_degree_bin,lung,seed44,source_disjoint,7,3,0.021127423301336323
endpoint_swap_degree_bin,lung,seed44,source_disjoint,7,4,0.005652801304975252
endpoint_swap_degree_bin,lung,seed44,source_disjoint,7,5,0.029434092477570672
endpoint_swap_degree_bin,lung,seed44,source_disjoint,7,6,-0.008284710458623556
endpoint_swap_degree_bin,lung,seed44,source_disjoint,7,7,-0.00745027918940977
endpoint_swap_degree_bin,lung,seed44,source_disjoint,7,8,0.022946859903381522
endpoint_swap_degree_bin,lung,seed44,source_disjoint,7,9,0.011660079051383443
endpoint_swap_degree_bin,lung,seed44,source_disjoint,7,10,0.010079051383399151
endpoint_swap_degree_bin,lung,seed44,source_disjoint,7,11,0.02256415082502028
endpoint_swap_degree_bin,lung,seed44,source_disjoint,7,12,0.012485099441621128
endpoint_swap_degree_bin,lung,seed44,source_disjoint,7,13,-0.011716544325240053
endpoint_swap_degree_bin,lung,seed44,source_disjoint,7,14,-0.002631909153648415
endpoint_swap_degree_bin,lung,seed44,source_disjoint,7,15,0.012353347135955817
endpoint_swap_degree_bin,lung,seed44,source_disjoint,11,0,0.01249451032059723
endpoint_swap_degree_bin,lung,seed44,source_disjoint,11,1,0.03695652173913033
endpoint_swap_degree_bin,lung,seed44,source_disjoint,11,2,0.011537737624694122
endpoint_swap_degree_bin,lung,seed44,source_disjoint,11,3,0.03808896417592067
endpoint_swap_degree_bin,lung,seed44,source_disjoint,11,4,0.024603174603174516
endpoint_swap_degree_bin,lung,seed44,source_disjoint,11,5,0.028000501913545306
endpoint_swap_degree_bin,lung,seed44,source_disjoint,11,6,0.026303406738189317
endpoint_swap_degree_bin,lung,seed44,source_disjoint,11,7,0.03856578204404282
endpoint_swap_degree_bin,lung,seed44,source_disjoint,11,8,0.024640818119078922
endpoint_swap_degree_bin,lung,seed44,source_disjoint,11,9,0.027711901624944968
endpoint_swap_degree_bin,lung,seed44,source_disjoint,11,10,0.04650856389986813
endpoint_swap_degree_bin,lung,seed44,source_disjoint,11,11,0.03317648535039841
endpoint_swap_degree_bin,lung,seed44,source_disjoint,11,12,0.04639563335215502
endpoint_swap_degree_bin,lung,seed44,source_disjoint,11,13,0.01970951753560435
endpoint_swap_degree_bin,lung,seed44,source_disjoint,11,14,0.034597528075788864
endpoint_swap_degree_bin,lung,seed44,source_disjoint,11,15,0.042305037957211855
endpoint_swap_degree_bin,lung,seed44,target_disjoint,0,0,-0.10786570986636912
endpoint_swap_degree_bin,lung,seed44,target_disjoint,0,1,-0.12336131044450643
endpoint_swap_degree_bin,lung,seed44,target_disjoint,0,2,-0.10262443897862417
endpoint_swap_degree_bin,lung,seed44,target_disjoint,0,3,-0.11450668154271376
endpoint_swap_degree_bin,lung,seed44,target_disjoint,0,4,-0.12209853690696554
endpoint_swap_degree_bin,lung,seed44,target_disjoint,0,5,-0.09856226386388417
endpoint_swap_degree_bin,lung,seed44,target_disjoint,0,6,-0.10155944924816801
endpoint_swap_degree_bin,lung,seed44,target_disjoint,0,7,-0.09659963993204351
endpoint_swap_degree_bin,lung,seed44,target_disjoint,0,8,-0.1117808149707128
endpoint_swap_degree_bin,lung,seed44,target_disjoint,0,9,-0.11130664097167636
endpoint_swap_degree_bin,lung,seed44,target_disjoint,0,10,-0.09928239977685932
endpoint_swap_degree_bin,lung,seed44,target_disjoint,0,11,-0.11951213327585775
endpoint_swap_degree_bin,lung,seed44,target_disjoint,0,12,-0.12391155513857538
endpoint_swap_degree_bin,lung,seed44,target_disjoint,0,13,-0.1040393539062302
endpoint_swap_degree_bin,lung,seed44,target_disjoint,0,14,-0.12534421989502242
endpoint_swap_degree_bin,lung,seed44,target_disjoint,0,15,-0.09257042878515098
endpoint_swap_degree_bin,lung,seed44,target_disjoint,3,0,-0.03707178537921235
endpoint_swap_degree_bin,lung,seed44,target_disjoint,3,1,-0.04901995587899688
endpoint_swap_degree_bin,lung,seed44,target_disjoint,3,2,-0.03725181935745614
endpoint_swap_degree_bin,lung,seed44,target_disjoint,3,3,-0.05051854857113869
endpoint_swap_degree_bin,lung,seed44,target_disjoint,3,4,-0.05421304865988785
endpoint_swap_degree_bin,lung,seed44,target_disjoint,3,5,-0.043471866521287095
endpoint_swap_degree_bin,lung,seed44,target_disjoint,3,6,-0.04330451099221544
endpoint_swap_degree_bin,lung,seed44,target_disjoint,3,7,-0.04355300859598843
endpoint_swap_degree_bin,lung,seed44,target_disjoint,3,8,-0.061731369018941495
endpoint_swap_degree_bin,lung,seed44,target_disjoint,3,9,-0.041141567563455606
endpoint_swap_degree_bin,lung,seed44,target_disjoint,3,10,-0.05834368740015716
endpoint_swap_degree_bin,lung,seed44,target_disjoint,3,11,-0.03914597966376748
endpoint_swap_degree_bin,lung,seed44,target_disjoint,3,12,-0.03095570149859267
endpoint_swap_degree_bin,lung,seed44,target_disjoint,3,13,-0.062139615082283106
endpoint_swap_degree_bin,lung,seed44,target_disjoint,3,14,-0.0376144230037781
endpoint_swap_degree_bin,lung,seed44,target_disjoint,3,15,-0.0117377082435276
endpoint_swap_degree_bin,lung,seed44,target_disjoint,7,0,-0.010769074726779349
endpoint_swap_degree_bin,lung,seed44,target_disjoint,7,1,-0.0186271775236454
endpoint_swap_degree_bin,lung,seed44,target_disjoint,7,2,-0.010573826609529102
endpoint_swap_degree_bin,lung,seed44,target_disjoint,7,3,-0.010107259679995928
endpoint_swap_degree_bin,lung,seed44,target_disjoint,7,4,-0.001749625985749348
endpoint_swap_degree_bin,lung,seed44,target_disjoint,7,5,-0.005631767122245557
endpoint_swap_degree_bin,lung,seed44,target_disjoint,7,6,-0.010505362983999844
endpoint_swap_degree_bin,lung,seed44,target_disjoint,7,7,-0.02498668762836931
endpoint_swap_degree_bin,lung,seed44,target_disjoint,7,8,-0.015315566599893526
endpoint_swap_degree_bin,lung,seed44,target_disjoint,7,9,-0.017470902959150103
endpoint_swap_degree_bin,lung,seed44,target_disjoint,7,10,-0.0202880543651901
endpoint_swap_degree_bin,lung,seed44,target_disjoint,7,11,0.011309176661510767
endpoint_swap_degree_bin,lung,seed44,target_disjoint,7,12,0.009465730151887786
endpoint_swap_degree_bin,lung,seed44,target_disjoint,7,13,-0.013418870603747801
endpoint_swap_degree_bin,lung,seed44,target_disjoint,7,14,-0.028944899459898088
endpoint_swap_degree_bin,lung,seed44,target_disjoint,7,15,-0.0035398230088495852
endpoint_swap_degree_bin,lung,seed44,target_disjoint,11,0,0.03179501483378555
endpoint_swap_degree_bin,lung,seed44,target_disjoint,11,1,0.03187362121865267
endpoint_swap_degree_bin,lung,seed44,target_disjoint,11,2,0.021533078073890044
endpoint_swap_degree_bin,lung,seed44,target_disjoint,11,3,0.039485762101579835
endpoint_swap_degree_bin,lung,seed44,target_disjoint,11,4,0.0013210944037325145
endpoint_swap_degree_bin,lung,seed44,target_disjoint,11,5,0.0453102416512412
endpoint_swap_degree_bin,lung,seed44,target_disjoint,11,6,0.017498795547328694
endpoint_swap_degree_bin,lung,seed44,target_disjoint,11,7,0.026576565154550313
endpoint_swap_degree_bin,lung,seed44,target_disjoint,11,8,0.031434946877297976
endpoint_swap_degree_bin,lung,seed44,target_disjoint,11,9,0.023840555823211762
endpoint_swap_degree_bin,lung,seed44,target_disjoint,11,10,0.02598574942313059
endpoint_swap_degree_bin,lung,seed44,target_disjoint,11,11,0.02500443745721026
endpoint_swap_degree_bin,lung,seed44,target_disjoint,11,12,0.027038060704414613
endpoint_swap_degree_bin,lung,seed44,target_disjoint,11,13,0.005226056748738495
endpoint_swap_degree_bin,lung,seed44,target_disjoint,11,14,0.014810964322844067
endpoint_swap_degree_bin,lung,seed44,target_disjoint,11,15,0.02345005958871116
label_permutation,external_lung,seed42_main,source_disjoint,0,0,-0.04400352971290772
label_permutation,external_lung,seed42_main,source_disjoint,0,1,-0.05272677058213315
label_permutation,external_lung,seed42_main,source_disjoint,0,2,-0.08721893650558421
label_permutation,external_lung,seed42_main,source_disjoint,0,3,-0.06832756274670942
label_permutation,external_lung,seed42_main,source_disjoint,0,4,-0.032057068182736737
label_permutation,external_lung,seed42_main,source_disjoint,0,5,-0.07102536812750077
label_permutation,external_lung,seed42_main,source_disjoint,0,6,0.012680695703719658
label_permutation,external_lung,seed42_main,source_disjoint,0,7,-0.05039271424144853
label_permutation,external_lung,seed42_main,source_disjoint,0,8,-0.07775809341614243
label_permutation,external_lung,seed42_main,source_disjoint,0,9,-0.06731378069974542
label_permutation,external_lung,seed42_main,source_disjoint,0,10,-0.0086154633758605
label_permutation,external_lung,seed42_main,source_disjoint,0,11,-0.04039971977851731
label_permutation,external_lung,seed42_main,source_disjoint,0,12,-0.061810392444797746
label_permutation,external_lung,seed42_main,source_disjoint,0,13,-0.025856494267584573
label_permutation,external_lung,seed42_main,source_disjoint,0,14,-0.0801022538968299
label_permutation,external_lung,seed42_main,source_disjoint,0,15,-0.03662077141740877
label_permutation,external_lung,seed42_main,source_disjoint,3,0,-0.0406725315585974
label_permutation,external_lung,seed42_main,source_disjoint,3,1,-0.010939415576542322
label_permutation,external_lung,seed42_main,source_disjoint,3,2,0.004156169587885783
label_permutation,external_lung,seed42_main,source_disjoint,3,3,-0.07320112627480574
label_permutation,external_lung,seed42_main,source_disjoint,3,4,-0.03451574225012455
label_permutation,external_lung,seed42_main,source_disjoint,3,5,-0.061769975884785944
label_permutation,external_lung,seed42_main,source_disjoint,3,6,-0.01450280895092071
label_permutation,external_lung,seed42_main,source_disjoint,3,7,0.0020140919072574315
label_permutation,external_lung,seed42_main,source_disjoint,3,8,0.024007436647042302
label_permutation,external_lung,seed42_main,source_disjoint,3,9,-0.010481361229741193
label_permutation,external_lung,seed42_main,source_disjoint,3,10,-0.008783865709243277
label_permutation,external_lung,seed42_main,source_disjoint,3,11,-0.015338084524499251
label_permutation,external_lung,seed42_main,source_disjoint,3,12,0.025866598407587538
label_permutation,external_lung,seed42_main,source_disjoint,3,13,-0.0060422757217724055
label_permutation,external_lung,seed42_main,source_disjoint,3,14,-0.04788688752071346
label_permutation,external_lung,seed42_main,source_disjoint,3,15,-0.029194228515230347
label_permutation,external_lung,seed42_main,source_disjoint,7,0,0.06393226184542011
label_permutation,external_lung,seed42_main,source_disjoint,7,1,0.08178964527732485
label_permutation,external_lung,seed42_main,source_disjoint,7,2,0.019366268339014114
label_permutation,external_lung,seed42_main,source_disjoint,7,3,0.04234308270575393
label_permutation,external_lung,seed42_main,source_disjoint,7,4,0.04925431446778117
label_permutation,external_lung,seed42_main,source_disjoint,7,5,0.061588101364732584
label_permutation,external_lung,seed42_main,source_disjoint,7,6,0.04009322753176059
label_permutation,external_lung,seed42_main,source_disjoint,7,7,0.09109892626672239
label_permutation,external_lung,seed42_main,source_disjoint,7,8,0.05185444649521065
label_permutation,external_lung,seed42_main,source_disjoint,7,9,0.03879989761138136
label_permutation,external_lung,seed42_main,source_disjoint,7,10,0.040483920945208696
label_permutation,external_lung,seed42_main,source_disjoint,7,11,0.0011788163336791113
label_permutation,external_lung,seed42_main,source_disjoint,7,12,0.052144098508629
label_permutation,external_lung,seed42_main,source_disjoint,7,13,0.017608147978498412
label_permutation,external_lung,seed42_main,source_disjoint,7,14,0.041467390572163865
label_permutation,external_lung,seed42_main,source_disjoint,7,15,0.09879154485564567
label_permutation,external_lung,seed42_main,source_disjoint,11,0,0.10107171244964763
label_permutation,external_lung,seed42_main,source_disjoint,11,1,0.07057404987403498
label_permutation,external_lung,seed42_main,source_disjoint,11,2,0.06174303151144467
label_permutation,external_lung,seed42_main,source_disjoint,11,3,0.011434518436687413
label_permutation,external_lung,seed42_main,source_disjoint,11,4,0.06790655691325254
label_permutation,external_lung,seed42_main,source_disjoint,11,5,0.06262209169170252
label_permutation,external_lung,seed42_main,source_disjoint,11,6,0.019858003152491532
label_permutation,external_lung,seed42_main,source_disjoint,11,7,0.0326330041629056
label_permutation,external_lung,seed42_main,source_disjoint,11,8,0.05920689237070065
label_permutation,external_lung,seed42_main,source_disjoint,11,9,0.08138547967720644
label_permutation,external_lung,seed42_main,source_disjoint,11,10,0.025977743947620036
label_permutation,external_lung,seed42_main,source_disjoint,11,11,0.07065488299405875
label_permutation,external_lung,seed42_main,source_disjoint,11,12,0.05677516267665411
label_permutation,external_lung,seed42_main,source_disjoint,11,13,0.0860872728252523
label_permutation,external_lung,seed42_main,source_disjoint,11,14,0.09202513910032739
label_permutation,external_lung,seed42_main,source_disjoint,11,15,0.050567852668166546
label_permutation,external_lung,seed42_main,target_disjoint,0,0,-0.0016813186813187109
label_permutation,external_lung,seed42_main,target_disjoint,0,1,-0.009639194139194118
label_permutation,external_lung,seed42_main,target_disjoint,0,2,-0.003474358974358882
label_permutation,external_lung,seed42_main,target_disjoint,0,3,-0.04045970695970691
label_permutation,external_lung,seed42_main,target_disjoint,0,4,-0.03844322344322337
label_permutation,external_lung,seed42_main,target_disjoint,0,5,-0.013499999999999956
label_permutation,external_lung,seed42_main,target_disjoint,0,6,0.0007747252747254407
label_permutation,external_lung,seed42_main,target_disjoint,0,7,0.006813186813186767
label_permutation,external_lung,seed42_main,target_disjoint,0,8,-0.041234432234432294
label_permutation,external_lung,seed42_main,target_disjoint,0,9,0.0027362637362638997
label_permutation,external_lung,seed42_main,target_disjoint,0,10,-0.03661172161172166
label_permutation,external_lung,seed42_main,target_disjoint,0,11,-0.01881684981684978
label_permutation,external_lung,seed42_main,target_disjoint,0,12,0.05531684981684981
label_permutation,external_lung,seed42_main,target_disjoint,0,13,-0.044778388278388315
label_permutation,external_lung,seed42_main,target_disjoint,0,14,-0.002886446886446792
label_permutation,external_lung,seed42_main,target_disjoint,0,15,0.0173040293040293
label_permutation,external_lung,seed42_main,target_disjoint,3,0,0.01850183150183149
label_permutation,external_lung,seed42_main,target_disjoint,3,1,-0.008923076923076922
label_permutation,external_lung,seed42_main,target_disjoint,3,2,-0.05095970695970703
label_permutation,external_lung,seed42_main,target_disjoint,3,3,-0.05132600732600734
label_permutation,external_lung,seed42_main,target_disjoint,3,4,-0.0131978021978022
label_permutation,external_lung,seed42_main,target_disjoint,3,5,-0.005329670329670355
label_permutation,external_lung,seed42_main,target_disjoint,3,6,0.009827838827838775
label_permutation,external_lung,seed42_main,target_disjoint,3,7,-0.024666666666666615
label_permutation,external_lung,seed42_main,target_disjoint,3,8,-0.003344322344322359
label_permutation,external_lung,seed42_main,target_disjoint,3,9,-0.05646153846153851
label_permutation,external_lung,seed42_main,target_disjoint,3,10,-0.016410256410256507
label_permutation,external_lung,seed42_main,target_disjoint,3,11,0.0037545787545786302
label_permutation,external_lung,seed42_main,target_disjoint,3,12,-0.0015421245421245455
label_permutation,external_lung,seed42_main,target_disjoint,3,13,0.020344322344322374
label_permutation,external_lung,seed42_main,target_disjoint,3,14,-0.07071794871794862
label_permutation,external_lung,seed42_main,target_disjoint,3,15,-0.00219780219780219
label_permutation,external_lung,seed42_main,target_disjoint,7,0,-0.037761904761904774
label_permutation,external_lung,seed42_main,target_disjoint,7,1,-0.05273626373626372
label_permutation,external_lung,seed42_main,target_disjoint,7,2,-0.03923076923076929
label_permutation,external_lung,seed42_main,target_disjoint,7,3,0.00023443223443231354
label_permutation,external_lung,seed42_main,target_disjoint,7,4,0.008827838827838774
label_permutation,external_lung,seed42_main,target_disjoint,7,5,-0.03448351648351644
label_permutation,external_lung,seed42_main,target_disjoint,7,6,-0.049007326007326046
label_permutation,external_lung,seed42_main,target_disjoint,7,7,-0.0663333333333333
label_permutation,external_lung,seed42_main,target_disjoint,7,8,-0.03615384615384626
label_permutation,external_lung,seed42_main,target_disjoint,7,9,-0.03421978021978028
label_permutation,external_lung,seed42_main,target_disjoint,7,10,-0.0436923076923077
label_permutation,external_lung,seed42_main,target_disjoint,7,11,-0.03174725274725276
label_permutation,external_lung,seed42_main,target_disjoint,7,12,-0.038146520146520146
label_permutation,external_lung,seed42_main,target_disjoint,7,13,-0.054633699633699684
label_permutation,external_lung,seed42_main,target_disjoint,7,14,-0.05436996336996325
label_permutation,external_lung,seed42_main,target_disjoint,7,15,-0.06359706959706957
label_permutation,external_lung,seed42_main,target_disjoint,11,0,0.0033260073260074074
label_permutation,external_lung,seed42_main,target_disjoint,11,1,-0.026272893772893824
label_permutation,external_lung,seed42_main,target_disjoint,11,2,-0.027111721611721595
label_permutation,external_lung,seed42_main,target_disjoint,11,3,-0.02434798534798549
label_permutation,external_lung,seed42_main,target_disjoint,11,4,-0.01990476190476198
label_permutation,external_lung,seed42_main,target_disjoint,11,5,-0.016868131868131797
label_permutation,external_lung,seed42_main,target_disjoint,11,6,-0.0316117216117216
label_permutation,external_lung,seed42_main,target_disjoint,11,7,0.008135531135531116
label_permutation,external_lung,seed42_main,target_disjoint,11,8,-0.01631868131868136
label_permutation,external_lung,seed42_main,target_disjoint,11,9,-0.0013333333333334085
label_permutation,external_lung,seed42_main,target_disjoint,11,10,-0.006274725274725279
label_permutation,external_lung,seed42_main,target_disjoint,11,11,-0.07768315018315025
label_permutation,external_lung,seed42_main,target_disjoint,11,12,0.008833333333333304
label_permutation,external_lung,seed42_main,target_disjoint,11,13,-0.05214652014652027
label_permutation,external_lung,seed42_main,target_disjoint,11,14,-0.0018333333333333535
label_permutation,external_lung,seed42_main,target_disjoint,11,15,-0.01059706959706952
label_permutation,external_lung,seed43,source_disjoint,0,0,-0.022681671722119323
label_permutation,external_lung,seed43,source_disjoint,0,1,-0.07395517367545185
label_permutation,external_lung,seed43,source_disjoint,0,2,-0.03033861696979706
label_permutation,external_lung,seed43,source_disjoint,0,3,-0.02337212458838389
label_permutation,external_lung,seed43,source_disjoint,0,4,-0.04275791660273587
label_permutation,external_lung,seed43,source_disjoint,0,5,-0.03530751708428248
label_permutation,external_lung,seed43,source_disjoint,0,6,-0.02649981705949711
label_permutation,external_lung,seed43,source_disjoint,0,7,-0.02752369374579533
label_permutation,external_lung,seed43,source_disjoint,0,8,-0.0772333494635713
label_permutation,external_lung,seed43,source_disjoint,0,9,-0.023493101372643932
label_permutation,external_lung,seed43,source_disjoint,0,10,-0.0034198071453018786
label_permutation,external_lung,seed43,source_disjoint,0,11,-0.004986604034133091
label_permutation,external_lung,seed43,source_disjoint,0,12,-0.018010787588372157
label_permutation,external_lung,seed43,source_disjoint,0,13,-0.07456005759675194
label_permutation,external_lung,seed43,source_disjoint,0,14,0.016727253413905907
label_permutation,external_lung,seed43,source_disjoint,0,15,-0.012932713302725218
label_permutation,external_lung,seed43,source_disjoint,3,0,-0.07787954253071622
label_permutation,external_lung,seed43,source_disjoint,3,1,-0.05453397382180414
label_permutation,external_lung,seed43,source_disjoint,3,2,-0.07243263658574006
label_permutation,external_lung,seed43,source_disjoint,3,3,-0.10357973255278718
label_permutation,external_lung,seed43,source_disjoint,3,4,-0.06092508881466363
label_permutation,external_lung,seed43,source_disjoint,3,5,-0.08901530798918877
label_permutation,external_lung,seed43,source_disjoint,3,6,-0.02240726096757817
label_permutation,external_lung,seed43,source_disjoint,3,7,-0.04072491649651233
label_permutation,external_lung,seed43,source_disjoint,3,8,0.00041309145844892203
label_permutation,external_lung,seed43,source_disjoint,3,9,-0.047127834102470345
label_permutation,external_lung,seed43,source_disjoint,3,10,-0.10719133216094046
label_permutation,external_lung,seed43,source_disjoint,3,11,-0.07846377187909404
label_permutation,external_lung,seed43,source_disjoint,3,12,-0.02230103744969142
label_permutation,external_lung,seed43,source_disjoint,3,13,-0.08181571399907939
label_permutation,external_lung,seed43,source_disjoint,3,14,-0.04678555832261261
label_permutation,external_lung,seed43,source_disjoint,3,15,-0.10219292551370873
label_permutation,external_lung,seed43,source_disjoint,7,0,-0.04774747129014362
label_permutation,external_lung,seed43,source_disjoint,7,1,0.010628253095235296
label_permutation,external_lung,seed43,source_disjoint,7,2,-0.011755402646145996
label_permutation,external_lung,seed43,source_disjoint,7,3,-0.010899713196501737
label_permutation,external_lung,seed43,source_disjoint,7,4,0.004903985742443384
label_permutation,external_lung,seed43,source_disjoint,7,5,0.0254995455993956
label_permutation,external_lung,seed43,source_disjoint,7,6,0.012115382345651293
label_permutation,external_lung,seed43,source_disjoint,7,7,0.024643856149751453
label_permutation,external_lung,seed43,source_disjoint,7,8,0.026968970930163927
label_permutation,external_lung,seed43,source_disjoint,7,9,-0.01449951019155643
label_permutation,external_lung,seed43,source_disjoint,7,10,-0.0034699682509707896
label_permutation,external_lung,seed43,source_disjoint,7,11,0.010492523044602076
label_permutation,external_lung,seed43,source_disjoint,7,12,-0.03201458802978985
label_permutation,external_lung,seed43,source_disjoint,7,13,0.030049452948882893
label_permutation,external_lung,seed43,source_disjoint,7,14,0.010710871386925058
label_permutation,external_lung,seed43,source_disjoint,7,15,0.0222184191580016
label_permutation,external_lung,seed43,source_disjoint,11,0,0.04243924604907534
label_permutation,external_lung,seed43,source_disjoint,11,1,0.0030332715663249354
label_permutation,external_lung,seed43,source_disjoint,11,2,-0.03703659990321867
label_permutation,external_lung,seed43,source_disjoint,11,3,0.036281232664912066
label_permutation,external_lung,seed43,source_disjoint,11,4,0.030908093051801644
label_permutation,external_lung,seed43,source_disjoint,11,5,0.0005429202025328816
label_permutation,external_lung,seed43,source_disjoint,11,6,0.018444533619743297
label_permutation,external_lung,seed43,source_disjoint,11,7,0.0024844500572425154
label_permutation,external_lung,seed43,source_disjoint,11,8,0.005733119312615775
label_permutation,external_lung,seed43,source_disjoint,11,9,0.0023428187000600342
label_permutation,external_lung,seed43,source_disjoint,11,10,0.028500359979699463
label_permutation,external_lung,seed43,source_disjoint,11,11,0.02426322187732366
label_permutation,external_lung,seed43,source_disjoint,11,12,0.020802105586176678
label_permutation,external_lung,seed43,source_disjoint,11,13,-0.007763168765564599
label_permutation,external_lung,seed43,source_disjoint,11,14,-0.0018146517639004989
label_permutation,external_lung,seed43,source_disjoint,11,15,-0.0011123962845374091
label_permutation,external_lung,seed43,target_disjoint,0,0,-0.05689865689865692
label_permutation,external_lung,seed43,target_disjoint,0,1,-0.041754753183324556
label_permutation,external_lung,seed43,target_disjoint,0,2,-0.08190127332984481
label_permutation,external_lung,seed43,target_disjoint,0,3,-0.07373277516134658
label_permutation,external_lung,seed43,target_disjoint,0,4,-0.08304203732775162
label_permutation,external_lung,seed43,target_disjoint,0,5,-0.03940345368916803
label_permutation,external_lung,seed43,target_disjoint,0,6,-0.06407814407814416
label_permutation,external_lung,seed43,target_disjoint,0,7,-0.03146171289028421
label_permutation,external_lung,seed43,target_disjoint,0,8,-0.10342926914355483
label_permutation,external_lung,seed43,target_disjoint,0,9,-0.03771672771672763
label_permutation,external_lung,seed43,target_disjoint,0,10,-0.08374847374847372
label_permutation,external_lung,seed43,target_disjoint,0,11,-0.012614686900401129
label_permutation,external_lung,seed43,target_disjoint,0,12,-0.06864120006977154
label_permutation,external_lung,seed43,target_disjoint,0,13,-0.059375545089830783
label_permutation,external_lung,seed43,target_disjoint,0,14,-0.06796267224838654
label_permutation,external_lung,seed43,target_disjoint,0,15,-0.09829234257805691
label_permutation,external_lung,seed43,target_disjoint,3,0,-0.0242421070992499
label_permutation,external_lung,seed43,target_disjoint,3,1,-0.02926216640502355
label_permutation,external_lung,seed43,target_disjoint,3,2,-0.06476888191173902
label_permutation,external_lung,seed43,target_disjoint,3,3,-0.08069073783359493
label_permutation,external_lung,seed43,target_disjoint,3,4,-0.06136054421768711
label_permutation,external_lung,seed43,target_disjoint,3,5,-0.007430664573521706
label_permutation,external_lung,seed43,target_disjoint,3,6,-0.04904936333507759
label_permutation,external_lung,seed43,target_disjoint,3,7,-0.09391941391941394
label_permutation,external_lung,seed43,target_disjoint,3,8,-0.036619570905285226
label_permutation,external_lung,seed43,target_disjoint,3,9,-0.03920809349380777
label_permutation,external_lung,seed43,target_disjoint,3,10,-0.025264259549973855
label_permutation,external_lung,seed43,target_disjoint,3,11,-0.00933542647828356
label_permutation,external_lung,seed43,target_disjoint,3,12,-0.04795395081109366
label_permutation,external_lung,seed43,target_disjoint,3,13,-0.04522588522588522
label_permutation,external_lung,seed43,target_disjoint,3,14,-0.041929181929181825
label_permutation,external_lung,seed43,target_disjoint,3,15,-0.053472876330019126
label_permutation,external_lung,seed43,target_disjoint,7,0,0.06430839002267574
label_permutation,external_lung,seed43,target_disjoint,7,1,0.03585557299843001
label_permutation,external_lung,seed43,target_disjoint,7,2,0.056916099773242634
label_permutation,external_lung,seed43,target_disjoint,7,3,0.09338217338217347
label_permutation,external_lung,seed43,target_disjoint,7,4,0.03743589743589726
label_permutation,external_lung,seed43,target_disjoint,7,5,0.040784929356358024
label_permutation,external_lung,seed43,target_disjoint,7,6,-0.015611372754229969
label_permutation,external_lung,seed43,target_disjoint,7,7,0.07824175824175833
label_permutation,external_lung,seed43,target_disjoint,7,8,0.030315716030001716
label_permutation,external_lung,seed43,target_disjoint,7,9,0.035792778649921475
label_permutation,external_lung,seed43,target_disjoint,7,10,0.009952904238618498
label_permutation,external_lung,seed43,target_disjoint,7,11,0.032154195011337816
label_permutation,external_lung,seed43,target_disjoint,7,12,0.015974184545613168
label_permutation,external_lung,seed43,target_disjoint,7,13,0.009600558171986795
label_permutation,external_lung,seed43,target_disjoint,7,14,0.0307762079190651
label_permutation,external_lung,seed43,target_disjoint,7,15,-0.011763474620617442
label_permutation,external_lung,seed43,target_disjoint,11,0,0.08012558869701736
label_permutation,external_lung,seed43,target_disjoint,11,1,0.06468515611372738
label_permutation,external_lung,seed43,target_disjoint,11,2,0.0119099947671375
label_permutation,external_lung,seed43,target_disjoint,11,3,0.035845107273678734
label_permutation,external_lung,seed43,target_disjoint,11,4,0.03006977149834278
label_permutation,external_lung,seed43,target_disjoint,11,5,0.060518053375196224
label_permutation,external_lung,seed43,target_disjoint,11,6,0.02208442351299489
label_permutation,external_lung,seed43,target_disjoint,11,7,0.032473399616256726
label_permutation,external_lung,seed43,target_disjoint,11,8,0.04056166056166066
label_permutation,external_lung,seed43,target_disjoint,11,9,0.07237920809349385
label_permutation,external_lung,seed43,target_disjoint,11,10,0.04231466945752649
label_permutation,external_lung,seed43,target_disjoint,11,11,0.05849119134833414
label_permutation,external_lung,seed43,target_disjoint,11,12,0.05446712018140587
label_permutation,external_lung,seed43,target_disjoint,11,13,0.05866562009419157
label_permutation,external_lung,seed43,target_disjoint,11,14,0.026256759113902073
label_permutation,external_lung,seed43,target_disjoint,11,15,0.05963021105878241
label_permutation,external_lung,seed44,source_disjoint,0,0,-0.026946033938437197
label_permutation,external_lung,seed44,source_disjoint,0,1,-0.039241318074190956
label_permutation,external_lung,seed44,source_disjoint,0,2,-0.007282211917916448
label_permutation,external_lung,seed44,source_disjoint,0,3,-0.013346611089187055
label_permutation,external_lung,seed44,source_disjoint,0,4,-0.021883632596685132
label_permutation,external_lung,seed44,source_disjoint,0,5,-0.04154745461720599
label_permutation,external_lung,seed44,source_disjoint,0,6,0.00415597868981854
label_permutation,external_lung,seed44,source_disjoint,0,7,0.0037243488555642745
label_permutation,external_lung,seed44,source_disjoint,0,8,0.021448919692186208
label_permutation,external_lung,seed44,source_disjoint,0,9,-0.025389083464877726
label_permutation,external_lung,seed44,source_disjoint,0,10,-0.03491885359116026
label_permutation,external_lung,seed44,source_disjoint,0,11,-0.010195713299131992
label_permutation,external_lung,seed44,source_disjoint,0,12,0.00434404597474336
label_permutation,external_lung,seed44,source_disjoint,0,13,-0.04419889502762436
label_permutation,external_lung,seed44,source_disjoint,0,14,0.019518917719021256
label_permutation,external_lung,seed44,source_disjoint,0,15,-0.0597868981846883
label_permutation,external_lung,seed44,source_disjoint,3,0,0.03951879439621153
label_permutation,external_lung,seed44,source_disjoint,3,1,0.0006782754538279812
label_permutation,external_lung,seed44,source_disjoint,3,2,-0.0012455603788477099
label_permutation,external_lung,seed44,source_disjoint,3,3,0.038840518942383495
label_permutation,external_lung,seed44,source_disjoint,3,4,0.05779523480662985
label_permutation,external_lung,seed44,source_disjoint,3,5,-0.06127293804262046
label_permutation,external_lung,seed44,source_disjoint,3,6,0.011906817284925042
label_permutation,external_lung,seed44,source_disjoint,3,7,-0.004680100631412831
label_permutation,external_lung,seed44,source_disjoint,3,8,0.046807172454617185
label_permutation,external_lung,seed44,source_disjoint,3,9,-0.015624999999999944
label_permutation,external_lung,seed44,source_disjoint,3,10,0.04701682123125489
label_permutation,external_lung,seed44,source_disjoint,3,11,-0.008768251775848446
label_permutation,external_lung,seed44,source_disjoint,3,12,-0.012270619573796271
label_permutation,external_lung,seed44,source_disjoint,3,13,0.007047898579321199
label_permutation,external_lung,seed44,source_disjoint,3,14,-0.021747977505919502
label_permutation,external_lung,seed44,source_disjoint,3,15,0.030707379636937593
label_permutation,external_lung,seed44,source_disjoint,7,0,0.03890834648776642
label_permutation,external_lung,seed44,source_disjoint,7,1,0.03255105564325167
label_permutation,external_lung,seed44,source_disjoint,7,2,0.018664907261247032
label_permutation,external_lung,seed44,source_disjoint,7,3,0.07095994475138123
label_permutation,external_lung,seed44,source_disjoint,7,4,0.0657495560378848
label_permutation,external_lung,seed44,source_disjoint,7,5,0.054773825966850764
label_permutation,external_lung,seed44,source_disjoint,7,6,0.06476913970007891
label_permutation,external_lung,seed44,source_disjoint,7,7,0.07472745659037094
label_permutation,external_lung,seed44,source_disjoint,7,8,0.0757633681925809
label_permutation,external_lung,seed44,source_disjoint,7,9,0.042231896211523345
label_permutation,external_lung,seed44,source_disjoint,7,10,0.07834698105761645
label_permutation,external_lung,seed44,source_disjoint,7,11,0.061525749802683494
label_permutation,external_lung,seed44,source_disjoint,7,12,0.045037490134175184
label_permutation,external_lung,seed44,source_disjoint,7,13,0.04231205603788474
label_permutation,external_lung,seed44,source_disjoint,7,14,0.049581935674822386
label_permutation,external_lung,seed44,source_disjoint,7,15,0.08390883977900548
label_permutation,external_lung,seed44,source_disjoint,11,0,0.044497952841357546
label_permutation,external_lung,seed44,source_disjoint,11,1,0.06819443074191006
label_permutation,external_lung,seed44,source_disjoint,11,2,0.05985780880031577
label_permutation,external_lung,seed44,source_disjoint,11,3,0.03868328235990537
label_permutation,external_lung,seed44,source_disjoint,11,4,0.006838249802683438
label_permutation,external_lung,seed44,source_disjoint,11,5,0.07524849546172052
label_permutation,external_lung,seed44,source_disjoint,11,6,0.01805445935280192
label_permutation,external_lung,seed44,source_disjoint,11,7,0.05671924329123923
label_permutation,external_lung,seed44,source_disjoint,11,8,0.055368858524072584
label_permutation,external_lung,seed44,source_disjoint,11,9,0.03518091456195732
label_permutation,external_lung,seed44,source_disjoint,11,10,0.019124284727703333
label_permutation,external_lung,seed44,source_disjoint,11,11,0.06286380228887134
label_permutation,external_lung,seed44,source_disjoint,11,12,0.021325596882399434
label_permutation,external_lung,seed44,source_disjoint,11,13,0.06622126578531973
label_permutation,external_lung,seed44,source_disjoint,11,14,0.045429040055248615
label_permutation,external_lung,seed44,source_disjoint,11,15,0.04831787687450673
label_permutation,external_lung,seed44,target_disjoint,0,0,-0.07928987867009823
label_permutation,external_lung,seed44,target_disjoint,0,1,-0.10548348127527712
label_permutation,external_lung,seed44,target_disjoint,0,2,-0.1182572614107884
label_permutation,external_lung,seed44,target_disjoint,0,3,-0.055183220407234224
label_permutation,external_lung,seed44,target_disjoint,0,4,-0.09595041756394762
label_permutation,external_lung,seed44,target_disjoint,0,5,-0.1417441392229985
label_permutation,external_lung,seed44,target_disjoint,0,6,-0.12471943554458392
label_permutation,external_lung,seed44,target_disjoint,0,7,-0.11730132885130529
label_permutation,external_lung,seed44,target_disjoint,0,8,-0.09224223961342509
label_permutation,external_lung,seed44,target_disjoint,0,9,-0.07282770453630272
label_permutation,external_lung,seed44,target_disjoint,0,10,-0.09850132184813642
label_permutation,external_lung,seed44,target_disjoint,0,11,-0.066025876709211
label_permutation,external_lung,seed44,target_disjoint,0,12,-0.12822277080378858
label_permutation,external_lung,seed44,target_disjoint,0,13,-0.11028590437172836
label_permutation,external_lung,seed44,target_disjoint,0,14,-0.0837333893586849
label_permutation,external_lung,seed44,target_disjoint,0,15,-0.10353134793494051
label_permutation,external_lung,seed44,target_disjoint,3,0,-0.0516658788101616
label_permutation,external_lung,seed44,target_disjoint,3,1,-0.07902375825060837
label_permutation,external_lung,seed44,target_disjoint,3,2,-0.04448763065287037
label_permutation,external_lung,seed44,target_disjoint,3,3,-0.011334628919586087
label_permutation,external_lung,seed44,target_disjoint,3,4,-0.08604443510688586
label_permutation,external_lung,seed44,target_disjoint,3,5,-0.040576360803263545
label_permutation,external_lung,seed44,target_disjoint,3,6,-0.08111770576185717
label_permutation,external_lung,seed44,target_disjoint,3,7,-0.07317261060629926
label_permutation,external_lung,seed44,target_disjoint,3,8,-0.03816376910552016
label_permutation,external_lung,seed44,target_disjoint,3,9,-0.045436560043419616
label_permutation,external_lung,seed44,target_disjoint,3,10,-0.07345974053259097
label_permutation,external_lung,seed44,target_disjoint,3,11,-0.04644851795437421
label_permutation,external_lung,seed44,target_disjoint,3,12,-0.0641280179281124
label_permutation,external_lung,seed44,target_disjoint,3,13,-0.06269586988112119
label_permutation,external_lung,seed44,target_disjoint,3,14,-0.08431115079573498
label_permutation,external_lung,seed44,target_disjoint,3,15,-0.04841290684034516
label_permutation,external_lung,seed44,target_disjoint,7,0,0.027368384193847795
label_permutation,external_lung,seed44,target_disjoint,7,1,0.0745137174571493
label_permutation,external_lung,seed44,target_disjoint,7,2,0.07533308822242069
label_permutation,external_lung,seed44,target_disjoint,7,3,0.018607419857485374
label_permutation,external_lung,seed44,target_disjoint,7,4,0.06074198574855122
label_permutation,external_lung,seed44,target_disjoint,7,5,0.057485512194267896
label_permutation,external_lung,seed44,target_disjoint,7,6,0.04211705796873089
label_permutation,external_lung,seed44,target_disjoint,7,7,0.019136159111998174
label_permutation,external_lung,seed44,target_disjoint,7,8,0.05373881681460857
label_permutation,external_lung,seed44,target_disjoint,7,9,0.051585342367421294
label_permutation,external_lung,seed44,target_disjoint,7,10,0.02607629952553525
label_permutation,external_lung,seed44,target_disjoint,7,11,0.053574242344660905
label_permutation,external_lung,seed44,target_disjoint,7,12,0.07725195651032091
label_permutation,external_lung,seed44,target_disjoint,7,13,0.04722937129050886
label_permutation,external_lung,seed44,target_disjoint,7,14,0.020925468774620426
label_permutation,external_lung,seed44,target_disjoint,7,15,0.05201953884132571
label_permutation,external_lung,seed44,target_disjoint,11,0,0.055128945847996214
label_permutation,external_lung,seed44,target_disjoint,11,1,0.050802738239053125
label_permutation,external_lung,seed44,target_disjoint,11,2,0.05307351576588404
label_permutation,external_lung,seed44,target_disjoint,11,3,0.0430642365670465
label_permutation,external_lung,seed44,target_disjoint,11,4,0.033440131659575933
label_permutation,external_lung,seed44,target_disjoint,11,5,0.07755309277448053
label_permutation,external_lung,seed44,target_disjoint,11,6,0.051154647477983706
label_permutation,external_lung,seed44,target_disjoint,11,7,0.012805294395714095
label_permutation,external_lung,seed44,target_disjoint,11,8,0.041215399968485666
label_permutation,external_lung,seed44,target_disjoint,11,9,0.05851497802755745
label_permutation,external_lung,seed44,target_disjoint,11,10,0.0265665213509112
label_permutation,external_lung,seed44,target_disjoint,11,11,0.0616453945410298
label_permutation,external_lung,seed44,target_disjoint,11,12,0.061925521298387576
label_permutation,external_lung,seed44,target_disjoint,11,13,0.06962550554125735
label_permutation,external_lung,seed44,target_disjoint,11,14,0.07930388500796615
label_permutation,external_lung,seed44,target_disjoint,11,15,0.07016299875693743
label_permutation,immune,seed42_main,source_disjoint,0,0,-0.08903546250801109
label_permutation,immune,seed42_main,source_disjoint,0,1,-0.13974044007690667
label_permutation,immune,seed42_main,source_disjoint,0,2,-0.044693975646229456
label_permutation,immune,seed42_main,source_disjoint,0,3,-0.0585318308053836
label_permutation,immune,seed42_main,source_disjoint,0,4,-0.06045983764152968
label_permutation,immune,seed42_main,source_disjoint,0,5,-0.07399861140781888
label_permutation,immune,seed42_main,source_disjoint,0,6,-0.0808320871608631
label_permutation,immune,seed42_main,source_disjoint,0,7,-0.09887043366801962
label_permutation,immune,seed42_main,source_disjoint,0,8,-0.0757503738517411
label_permutation,immune,seed42_main,source_disjoint,0,9,-0.052264473403118905
label_permutation,immune,seed42_main,source_disjoint,0,10,-0.12072740867336046
label_permutation,immune,seed42_main,source_disjoint,0,11,-0.07046304208502463
label_permutation,immune,seed42_main,source_disjoint,0,12,-0.05924214911343728
label_permutation,immune,seed42_main,source_disjoint,0,13,-0.015477462080751847
label_permutation,immune,seed42_main,source_disjoint,0,14,-0.09263245033112566
label_permutation,immune,seed42_main,source_disjoint,0,15,-0.06559228797265537
label_permutation,immune,seed42_main,source_disjoint,3,0,-0.09707861568041021
label_permutation,immune,seed42_main,source_disjoint,3,1,-0.10303888058107241
label_permutation,immune,seed42_main,source_disjoint,3,2,-0.07188100833155309
label_permutation,immune,seed42_main,source_disjoint,3,3,-0.08068788720358899
label_permutation,immune,seed42_main,source_disjoint,3,4,-0.10208288827173684
label_permutation,immune,seed42_main,source_disjoint,3,5,-0.11315958128604997
label_permutation,immune,seed42_main,source_disjoint,3,6,-0.1738891262550737
label_permutation,immune,seed42_main,source_disjoint,3,7,-0.021859645374919856
label_permutation,immune,seed42_main,source_disjoint,3,8,-0.06819055757316816
label_permutation,immune,seed42_main,source_disjoint,3,9,-0.07362208929715863
label_permutation,immune,seed42_main,source_disjoint,3,10,-0.13118991668446917
label_permutation,immune,seed42_main,source_disjoint,3,11,-0.10355159154026916
label_permutation,immune,seed42_main,source_disjoint,3,12,-0.12011856440931429
label_permutation,immune,seed42_main,source_disjoint,3,13,-0.05945844904934844
label_permutation,immune,seed42_main,source_disjoint,3,14,-0.0965338602862636
label_permutation,immune,seed42_main,source_disjoint,3,15,-0.09377269814142286
label_permutation,immune,seed42_main,source_disjoint,7,0,-0.053839991454817326
label_permutation,immune,seed42_main,source_disjoint,7,1,-0.008587908566545566
label_permutation,immune,seed42_main,source_disjoint,7,2,-0.03142490920743435
label_permutation,immune,seed42_main,source_disjoint,7,3,-0.02796945097201453
label_permutation,immune,seed42_main,source_disjoint,7,4,-0.08614612262337107
label_permutation,immune,seed42_main,source_disjoint,7,5,-0.016807306131168653
label_permutation,immune,seed42_main,source_disjoint,7,6,-0.07014526810510574
label_permutation,immune,seed42_main,source_disjoint,7,7,-0.05844904934842993
label_permutation,immune,seed42_main,source_disjoint,7,8,-0.040333262123477875
label_permutation,immune,seed42_main,source_disjoint,7,9,-0.0822527237769708
label_permutation,immune,seed42_main,source_disjoint,7,10,-0.05016556291390728
label_permutation,immune,seed42_main,source_disjoint,7,11,-0.09663533433027138
label_permutation,immune,seed42_main,source_disjoint,7,12,-0.07512817773979918
label_permutation,immune,seed42_main,source_disjoint,7,13,-0.019370860927152345
label_permutation,immune,seed42_main,source_disjoint,7,14,-0.07591860713522758
label_permutation,immune,seed42_main,source_disjoint,7,15,-0.04341486861781674
label_permutation,immune,seed42_main,source_disjoint,11,0,-0.04481681264687021
label_permutation,immune,seed42_main,source_disjoint,11,1,-0.005565050202948063
label_permutation,immune,seed42_main,source_disjoint,11,2,0.0031884212775047382
label_permutation,immune,seed42_main,source_disjoint,11,3,-0.0429074983977783
label_permutation,immune,seed42_main,source_disjoint,11,4,-0.014345225379192472
label_permutation,immune,seed42_main,source_disjoint,11,5,-0.009920422986541277
label_permutation,immune,seed42_main,source_disjoint,11,6,-0.014922025208288892
label_permutation,immune,seed42_main,source_disjoint,11,7,-0.007223349711600102
label_permutation,immune,seed42_main,source_disjoint,11,8,-0.002109591967528135
label_permutation,immune,seed42_main,source_disjoint,11,9,-0.01927205725272374
label_permutation,immune,seed42_main,source_disjoint,11,10,0.000803781243324142
label_permutation,immune,seed42_main,source_disjoint,11,11,-0.06201666310617404
label_permutation,immune,seed42_main,source_disjoint,11,12,-0.03879512924588768
label_permutation,immune,seed42_main,source_disjoint,11,13,-0.03930784020508438
label_permutation,immune,seed42_main,source_disjoint,11,14,0.0022137363811152166
label_permutation,immune,seed42_main,source_disjoint,11,15,-0.004363383892330708
label_permutation,immune,seed42_main,target_disjoint,0,0,0.05724752218200713
label_permutation,immune,seed42_main,target_disjoint,0,1,0.08371512347093046
label_permutation,immune,seed42_main,target_disjoint,0,2,0.028764068966570244
label_permutation,immune,seed42_main,target_disjoint,0,3,0.026778760251065292
label_permutation,immune,seed42_main,target_disjoint,0,4,0.021477604190528465
label_permutation,immune,seed42_main,target_disjoint,0,5,0.05551610390800377
label_permutation,immune,seed42_main,target_disjoint,0,6,0.010348421679571285
label_permutation,immune,seed42_main,target_disjoint,0,7,0.0023098303324627922
label_permutation,immune,seed42_main,target_disjoint,0,8,-0.020418136558696398
label_permutation,immune,seed42_main,target_disjoint,0,9,0.03679884241230291
label_permutation,immune,seed42_main,target_disjoint,0,10,0.021817397412989936
label_permutation,immune,seed42_main,target_disjoint,0,11,0.06231578625860934
label_permutation,immune,seed42_main,target_disjoint,0,12,0.010006719506421735
label_permutation,immune,seed42_main,target_disjoint,0,13,0.06052328156259057
label_permutation,immune,seed42_main,target_disjoint,0,14,-0.02795276492417642
label_permutation,immune,seed42_main,target_disjoint,0,15,0.06848742383286743
label_permutation,immune,seed42_main,target_disjoint,3,0,-0.04656312518135031
label_permutation,immune,seed42_main,target_disjoint,3,1,-0.07033719704952585
label_permutation,immune,seed42_main,target_disjoint,3,2,-0.048353720926681
label_permutation,immune,seed42_main,target_disjoint,3,3,-0.10428979398604166
label_permutation,immune,seed42_main,target_disjoint,3,4,-0.09448924115392249
label_permutation,immune,seed42_main,target_disjoint,3,5,-0.06663383271483336
label_permutation,immune,seed42_main,target_disjoint,3,6,-0.08421526855118278
label_permutation,immune,seed42_main,target_disjoint,3,7,-0.06506085734793299
label_permutation,immune,seed42_main,target_disjoint,3,8,-0.07666727753088676
label_permutation,immune,seed42_main,target_disjoint,3,9,-0.03728562483773912
label_permutation,immune,seed42_main,target_disjoint,3,10,-0.05401948656862299
label_permutation,immune,seed42_main,target_disjoint,3,11,-0.04659366839235812
label_permutation,immune,seed42_main,target_disjoint,3,12,-0.047605412256990665
label_permutation,immune,seed42_main,target_disjoint,3,13,-0.0506139185412563
label_permutation,immune,seed42_main,target_disjoint,3,14,-0.0014622562269971384
label_permutation,immune,seed42_main,target_disjoint,3,15,-0.07620912936577029
label_permutation,immune,seed42_main,target_disjoint,7,0,-0.1285296498220857
label_permutation,immune,seed42_main,target_disjoint,7,1,-0.12937722392755158
label_permutation,immune,seed42_main,target_disjoint,7,2,-0.07790045967532566
label_permutation,immune,seed42_main,target_disjoint,7,3,-0.09343550037415432
label_permutation,immune,seed42_main,target_disjoint,7,4,-0.10166689574074916
label_permutation,immune,seed42_main,target_disjoint,7,5,-0.1008384111421633
label_permutation,immune,seed42_main,target_disjoint,7,6,-0.09344695407828213
label_permutation,immune,seed42_main,target_disjoint,7,7,-0.12568149539561096
label_permutation,immune,seed42_main,target_disjoint,7,8,-0.0799010399963348
label_permutation,immune,seed42_main,target_disjoint,7,9,-0.10391563965119643
label_permutation,immune,seed42_main,target_disjoint,7,10,-0.11955376368717635
label_permutation,immune,seed42_main,target_disjoint,7,11,-0.13070585360638953
label_permutation,immune,seed42_main,target_disjoint,7,12,-0.09041554038576077
label_permutation,immune,seed42_main,target_disjoint,7,13,-0.1561941631923765
label_permutation,immune,seed42_main,target_disjoint,7,14,-0.09459996029382567
label_permutation,immune,seed42_main,target_disjoint,7,15,-0.14432812571585657
label_permutation,immune,seed42_main,target_disjoint,11,0,-0.040990898123119734
label_permutation,immune,seed42_main,target_disjoint,11,1,-0.06323590049021854
label_permutation,immune,seed42_main,target_disjoint,11,2,-0.03328828209709689
label_permutation,immune,seed42_main,target_disjoint,11,3,-0.03716726989508401
label_permutation,immune,seed42_main,target_disjoint,11,4,-0.04508368839816124
label_permutation,immune,seed42_main,target_disjoint,11,5,-0.04348589667231706
label_permutation,immune,seed42_main,target_disjoint,11,6,-0.0027527068920755182
label_permutation,immune,seed42_main,target_disjoint,11,7,-0.050453566683465345
label_permutation,immune,seed42_main,target_disjoint,11,8,-0.03347154136314345
label_permutation,immune,seed42_main,target_disjoint,11,9,-0.04619087979719294
label_permutation,immune,seed42_main,target_disjoint,11,10,-0.045749912188268294
label_permutation,immune,seed42_main,target_disjoint,11,11,-0.07643820344832858
label_permutation,immune,seed42_main,target_disjoint,11,12,-0.0365926757380004
label_permutation,immune,seed42_main,target_disjoint,11,13,-0.043938317985369846
label_permutation,immune,seed42_main,target_disjoint,11,14,-0.04426283960232741
label_permutation,immune,seed42_main,target_disjoint,11,15,-0.08291909103404038
label_permutation,immune,seed43,source_disjoint,0,0,0.045677880233894186
label_permutation,immune,seed43,source_disjoint,0,1,0.038613502697256274
label_permutation,immune,seed43,source_disjoint,0,2,-0.021682770956804154
label_permutation,immune,seed43,source_disjoint,0,3,0.024714000260385616
label_permutation,immune,seed43,source_disjoint,0,4,0.07570431504406744
label_permutation,immune,seed43,source_disjoint,0,5,-0.014779719349488518
label_permutation,immune,seed43,source_disjoint,0,6,0.007508731412139591
label_permutation,immune,seed43,source_disjoint,0,7,0.06982299432245942
label_permutation,immune,seed43,source_disjoint,0,8,-0.02954245702220637
label_permutation,immune,seed43,source_disjoint,0,9,0.07217212627574843
label_permutation,immune,seed43,source_disjoint,0,10,0.011524897968425374
label_permutation,immune,seed43,source_disjoint,0,11,0.008037993671495158
label_permutation,immune,seed43,source_disjoint,0,12,0.056990507242685284
label_permutation,immune,seed43,source_disjoint,0,13,0.01842794957574112
label_permutation,immune,seed43,source_disjoint,0,14,0.028110335614538573
label_permutation,immune,seed43,source_disjoint,0,15,0.02547817571507005
label_permutation,immune,seed43,source_disjoint,3,0,-0.1576522265808526
label_permutation,immune,seed43,source_disjoint,3,1,-0.13854784021374272
label_permutation,immune,seed43,source_disjoint,3,2,-0.09687480541828702
label_permutation,immune,seed43,source_disjoint,3,3,-0.10196930844951635
label_permutation,immune,seed43,source_disjoint,3,4,-0.07975727523335657
label_permutation,immune,seed43,source_disjoint,3,5,-0.10088248113618747
label_permutation,immune,seed43,source_disjoint,3,6,-0.08543481583371543
label_permutation,immune,seed43,source_disjoint,3,7,-0.07787796967072536
label_permutation,immune,seed43,source_disjoint,3,8,-0.08210074662772204
label_permutation,immune,seed43,source_disjoint,3,9,-0.1379874448803074
label_permutation,immune,seed43,source_disjoint,3,10,-0.10126173858406784
label_permutation,immune,seed43,source_disjoint,3,11,-0.09866354203814087
label_permutation,immune,seed43,source_disjoint,3,12,-0.09145765052841304
label_permutation,immune,seed43,source_disjoint,3,13,-0.07771947402086488
label_permutation,immune,seed43,source_disjoint,3,14,-0.1113205517912838
label_permutation,immune,seed43,source_disjoint,3,15,-0.10683172856487844
label_permutation,immune,seed43,source_disjoint,7,0,-0.12190013641947006
label_permutation,immune,seed43,source_disjoint,7,1,-0.09062554836664571
label_permutation,immune,seed43,source_disjoint,7,2,-0.13690627812590206
label_permutation,immune,seed43,source_disjoint,7,3,-0.14697641245096538
label_permutation,immune,seed43,source_disjoint,7,4,-0.11098091825586853
label_permutation,immune,seed43,source_disjoint,7,5,-0.11773962561063278
label_permutation,immune,seed43,source_disjoint,7,6,-0.10946388846434696
label_permutation,immune,seed43,source_disjoint,7,7,-0.12172465909283875
label_permutation,immune,seed43,source_disjoint,7,8,-0.11726413866105134
label_permutation,immune,seed43,source_disjoint,7,9,-0.13740440731117776
label_permutation,immune,seed43,source_disjoint,7,10,-0.14186492774296544
label_permutation,immune,seed43,source_disjoint,7,11,-0.0980691833511641
label_permutation,immune,seed43,source_disjoint,7,12,-0.10002207617980208
label_permutation,immune,seed43,source_disjoint,7,13,-0.16738272737050064
label_permutation,immune,seed43,source_disjoint,7,14,-0.12368887303932385
label_permutation,immune,seed43,source_disjoint,7,15,-0.1489519475152976
label_permutation,immune,seed43,source_disjoint,11,0,-0.09641630014547642
label_permutation,immune,seed43,source_disjoint,11,1,-0.1200859272844601
label_permutation,immune,seed43,source_disjoint,11,2,-0.08671976270937004
label_permutation,immune,seed43,source_disjoint,11,3,-0.09520777081529036
label_permutation,immune,seed43,source_disjoint,11,4,-0.13832141785679908
label_permutation,immune,seed43,source_disjoint,11,5,-0.10097305007896473
label_permutation,immune,seed43,source_disjoint,11,6,-0.07092680331255907
label_permutation,immune,seed43,source_disjoint,11,7,-0.11809341054335698
label_permutation,immune,seed43,source_disjoint,11,8,-0.08225358171865882
label_permutation,immune,seed43,source_disjoint,11,9,-0.08140732815958251
label_permutation,immune,seed43,source_disjoint,11,10,-0.08666598739959586
label_permutation,immune,seed43,source_disjoint,11,11,-0.08105637350631995
label_permutation,immune,seed43,source_disjoint,11,12,-0.0840225063822801
label_permutation,immune,seed43,source_disjoint,11,13,-0.11724149642535703
label_permutation,immune,seed43,source_disjoint,11,14,-0.12847204532975598
label_permutation,immune,seed43,source_disjoint,11,15,-0.08594426613683842
label_permutation,immune,seed43,target_disjoint,0,0,-0.08666769719814343
label_permutation,immune,seed43,target_disjoint,0,1,-0.07619393016960163
label_permutation,immune,seed43,target_disjoint,0,2,-0.10788079128963085
label_permutation,immune,seed43,target_disjoint,0,3,-0.09294006666745935
label_permutation,immune,seed43,target_disjoint,0,4,-0.08556978481710042
label_permutation,immune,seed43,target_disjoint,0,5,-0.1091194108530818
label_permutation,immune,seed43,target_disjoint,0,6,-0.12586752914224092
label_permutation,immune,seed43,target_disjoint,0,7,-0.0975675493565123
label_permutation,immune,seed43,target_disjoint,0,8,-0.07061518765581837
label_permutation,immune,seed43,target_disjoint,0,9,-0.1329147790104519
label_permutation,immune,seed43,target_disjoint,0,10,-0.12221508777353668
label_permutation,immune,seed43,target_disjoint,0,11,-0.13957557957486605
label_permutation,immune,seed43,target_disjoint,0,12,-0.08442232765351948
label_permutation,immune,seed43,target_disjoint,0,13,-0.09109105538313972
label_permutation,immune,seed43,target_disjoint,0,14,-0.03763818039849848
label_permutation,immune,seed43,target_disjoint,0,15,-0.12272638992932938
label_permutation,immune,seed43,target_disjoint,3,0,-0.08029029278984678
label_permutation,immune,seed43,target_disjoint,3,1,-0.09325913506700434
label_permutation,immune,seed43,target_disjoint,3,2,-0.09445613701312339
label_permutation,immune,seed43,target_disjoint,3,3,-0.04307621572987386
label_permutation,immune,seed43,target_disjoint,3,4,-0.07038133628223886
label_permutation,immune,seed43,target_disjoint,3,5,-0.010923633653987186
label_permutation,immune,seed43,target_disjoint,3,6,-0.09507049231659503
label_permutation,immune,seed43,target_disjoint,3,7,-0.04095966261984879
label_permutation,immune,seed43,target_disjoint,3,8,-0.020047800806192617
label_permutation,immune,seed43,target_disjoint,3,9,-0.09969995679694965
label_permutation,immune,seed43,target_disjoint,3,10,-0.05468951275679057
label_permutation,immune,seed43,target_disjoint,3,11,-0.0631160893708605
label_permutation,immune,seed43,target_disjoint,3,12,-0.02617549951049747
label_permutation,immune,seed43,target_disjoint,3,13,-0.0787326048268509
label_permutation,immune,seed43,target_disjoint,3,14,-0.044162237363107815
label_permutation,immune,seed43,target_disjoint,3,15,-0.0914200327391923
label_permutation,immune,seed43,target_disjoint,7,0,0.02200184702949315
label_permutation,immune,seed43,target_disjoint,7,1,-0.006698454599143089
label_permutation,immune,seed43,target_disjoint,7,2,0.030400678565341677
label_permutation,immune,seed43,target_disjoint,7,3,0.03586645897493834
label_permutation,immune,seed43,target_disjoint,7,4,-0.017308965227489814
label_permutation,immune,seed43,target_disjoint,7,5,-0.019948711241116635
label_permutation,immune,seed43,target_disjoint,7,6,-0.02828016187271365
label_permutation,immune,seed43,target_disjoint,7,7,-0.00905282266535068
label_permutation,immune,seed43,target_disjoint,7,8,-0.016246725089874348
label_permutation,immune,seed43,target_disjoint,7,9,0.010027863985699437
label_permutation,immune,seed43,target_disjoint,7,10,-0.0654189308632287
label_permutation,immune,seed43,target_disjoint,7,11,-0.0030202499435189045
label_permutation,immune,seed43,target_disjoint,7,12,-0.04891853648675959
label_permutation,immune,seed43,target_disjoint,7,13,-0.013408799946095229
label_permutation,immune,seed43,target_disjoint,7,14,-0.026508440449153126
label_permutation,immune,seed43,target_disjoint,7,15,-0.009235147465090798
label_permutation,immune,seed43,target_disjoint,11,0,0.0016567775280720287
label_permutation,immune,seed43,target_disjoint,11,1,-0.01649643079386598
label_permutation,immune,seed43,target_disjoint,11,2,0.011688605096374594
label_permutation,immune,seed43,target_disjoint,11,3,0.00835325033591372
label_permutation,immune,seed43,target_disjoint,11,4,0.022737091602357595
label_permutation,immune,seed43,target_disjoint,11,5,0.035432446679905194
label_permutation,immune,seed43,target_disjoint,11,6,0.00753080694578212
label_permutation,immune,seed43,target_disjoint,11,7,0.009399636143117118
label_permutation,immune,seed43,target_disjoint,11,8,0.0019381918928881303
label_permutation,immune,seed43,target_disjoint,11,9,-0.05498479966071723
label_permutation,immune,seed43,target_disjoint,11,10,-0.0006163370947731561
label_permutation,immune,seed43,target_disjoint,11,11,-0.015281592726033244
label_permutation,immune,seed43,target_disjoint,11,12,0.0027130722917830807
label_permutation,immune,seed43,target_disjoint,11,13,0.005828448217775173
label_permutation,immune,seed43,target_disjoint,11,14,-0.007877620423548448
label_permutation,immune,seed43,target_disjoint,11,15,0.025137040868500216
label_permutation,immune,seed44,source_disjoint,0,0,0.03681183105812991
label_permutation,immune,seed44,source_disjoint,0,1,0.01185402379884204
label_permutation,immune,seed44,source_disjoint,0,2,-0.002096284902476042
label_permutation,immune,seed44,source_disjoint,0,3,0.001954752291225992
label_permutation,immune,seed44,source_disjoint,0,4,-0.007124698241790961
label_permutation,immune,seed44,source_disjoint,0,5,-0.014973082099596247
label_permutation,immune,seed44,source_disjoint,0,6,0.027510735115041873
label_permutation,immune,seed44,source_disjoint,0,7,0.0015541882971225052
label_permutation,immune,seed44,source_disjoint,0,8,0.012449528936742893
label_permutation,immune,seed44,source_disjoint,0,9,-0.019184344890939786
label_permutation,immune,seed44,source_disjoint,0,10,0.015979832938110117
label_permutation,immune,seed44,source_disjoint,0,11,0.008497297528253234
label_permutation,immune,seed44,source_disjoint,0,12,0.10872374970625293
label_permutation,immune,seed44,source_disjoint,0,13,0.03550866286397891
label_permutation,immune,seed44,source_disjoint,0,14,0.00891922493537578
label_permutation,immune,seed44,source_disjoint,0,15,0.08491422589672915
label_permutation,immune,seed44,source_disjoint,3,0,0.014131897711978425
label_permutation,immune,seed44,source_disjoint,3,1,-0.08345617295819169
label_permutation,immune,seed44,source_disjoint,3,2,0.0011910102758015961
label_permutation,immune,seed44,source_disjoint,3,3,-0.023184643978721997
label_permutation,immune,seed44,source_disjoint,3,4,-0.09202290157875614
label_permutation,immune,seed44,source_disjoint,3,5,-0.061441175842252505
label_permutation,immune,seed44,source_disjoint,3,6,-0.04276955286376538
label_permutation,immune,seed44,source_disjoint,3,7,-0.07622465765130648
label_permutation,immune,seed44,source_disjoint,3,8,-0.031238650686833624
label_permutation,immune,seed44,source_disjoint,3,9,-0.11369074323313899
label_permutation,immune,seed44,source_disjoint,3,10,-0.07448888034352363
label_permutation,immune,seed44,source_disjoint,3,11,-0.07918883120767373
label_permutation,immune,seed44,source_disjoint,3,12,-0.003508940588348275
label_permutation,immune,seed44,source_disjoint,3,13,-0.05201991070093359
label_permutation,immune,seed44,source_disjoint,3,14,-0.0118193082526864
label_permutation,immune,seed44,source_disjoint,3,15,-0.09190540280715248
label_permutation,immune,seed44,source_disjoint,7,0,-0.05442329466555573
label_permutation,immune,seed44,source_disjoint,7,1,-0.15966480804973404
label_permutation,immune,seed44,source_disjoint,7,2,-0.063652289089705
label_permutation,immune,seed44,source_disjoint,7,3,-0.10554060116644237
label_permutation,immune,seed44,source_disjoint,7,4,-0.11015509837851711
label_permutation,immune,seed44,source_disjoint,7,5,-0.10263517699587688
label_permutation,immune,seed44,source_disjoint,7,6,-0.07155141105342988
label_permutation,immune,seed44,source_disjoint,7,7,-0.0698904056912133
label_permutation,immune,seed44,source_disjoint,7,8,-0.10235745262663154
label_permutation,immune,seed44,source_disjoint,7,9,-0.04202183340810528
label_permutation,immune,seed44,source_disjoint,7,10,-0.12197440663120335
label_permutation,immune,seed44,source_disjoint,7,11,-0.07227242624281649
label_permutation,immune,seed44,source_disjoint,7,12,-0.0754715973423914
label_permutation,immune,seed44,source_disjoint,7,13,-0.11481232241662931
label_permutation,immune,seed44,source_disjoint,7,14,-0.10328142023969739
label_permutation,immune,seed44,source_disjoint,7,15,-0.05133628148432989
label_permutation,immune,seed44,source_disjoint,11,0,-0.022578457134311725
label_permutation,immune,seed44,source_disjoint,11,1,-0.039639812856501866
label_permutation,immune,seed44,source_disjoint,11,2,-0.058175244076993704
label_permutation,immune,seed44,source_disjoint,11,3,-0.055657031767395115
label_permutation,immune,seed44,source_disjoint,11,4,-0.01799600504176535
label_permutation,immune,seed44,source_disjoint,11,5,-0.011942147877544884
label_permutation,immune,seed44,source_disjoint,11,6,-0.033006473114144674
label_permutation,immune,seed44,source_disjoint,11,7,-0.046305197718387425
label_permutation,immune,seed44,source_disjoint,11,8,-0.042489158067892774
label_permutation,immune,seed44,source_disjoint,11,9,-0.06133168835053082
label_permutation,immune,seed44,source_disjoint,11,10,-0.04647877544916579
label_permutation,immune,seed44,source_disjoint,11,11,-0.07845980473840508
label_permutation,immune,seed44,source_disjoint,11,12,-0.014057125766412382
label_permutation,immune,seed44,source_disjoint,11,13,-0.04695678181546287
label_permutation,immune,seed44,source_disjoint,11,14,-0.06096316947595537
label_permutation,immune,seed44,source_disjoint,11,15,-0.015224102202567869
label_permutation,immune,seed44,target_disjoint,0,0,-0.07251921692482755
label_permutation,immune,seed44,target_disjoint,0,1,-0.058659034083432204
label_permutation,immune,seed44,target_disjoint,0,2,-0.013929851451042419
label_permutation,immune,seed44,target_disjoint,0,3,-0.08105555684571497
label_permutation,immune,seed44,target_disjoint,0,4,-0.07585363399208872
label_permutation,immune,seed44,target_disjoint,0,5,-0.02674306990857922
label_permutation,immune,seed44,target_disjoint,0,6,-0.0848099208100136
label_permutation,immune,seed44,target_disjoint,0,7,-0.022737124853889346
label_permutation,immune,seed44,target_disjoint,0,8,-0.09808759666519584
label_permutation,immune,seed44,target_disjoint,0,9,-0.08369522305566518
label_permutation,immune,seed44,target_disjoint,0,10,-0.09154842355418286
label_permutation,immune,seed44,target_disjoint,0,11,-0.07517436504803265
label_permutation,immune,seed44,target_disjoint,0,12,-0.0227526067671443
label_permutation,immune,seed44,target_disjoint,0,13,-0.11363530805136912
label_permutation,immune,seed44,target_disjoint,0,14,-0.0466237817669507
label_permutation,immune,seed44,target_disjoint,0,15,-0.05691538360310566
label_permutation,immune,seed44,target_disjoint,3,0,-0.13496357879906795
label_permutation,immune,seed44,target_disjoint,3,1,-0.06707925965490819
label_permutation,immune,seed44,target_disjoint,3,2,-0.0934333464929597
label_permutation,immune,seed44,target_disjoint,3,3,-0.08112522545536177
label_permutation,immune,seed44,target_disjoint,3,4,-0.10104270685771355
label_permutation,immune,seed44,target_disjoint,3,5,-0.11193423283249349
label_permutation,immune,seed44,target_disjoint,3,6,-0.12513643436055832
label_permutation,immune,seed44,target_disjoint,3,7,-0.09994349101661976
label_permutation,immune,seed44,target_disjoint,3,8,-0.11758126069219632
label_permutation,immune,seed44,target_disjoint,3,9,-0.06853842997917681
label_permutation,immune,seed44,target_disjoint,3,10,-0.08476734554856291
label_permutation,immune,seed44,target_disjoint,3,11,-0.0131441443533592
label_permutation,immune,seed44,target_disjoint,3,12,-0.019124033348041247
label_permutation,immune,seed44,target_disjoint,3,13,-0.0716967402831642
label_permutation,immune,seed44,target_disjoint,3,14,-0.08973316922505292
label_permutation,immune,seed44,target_disjoint,3,15,-0.09942484692258274
label_permutation,immune,seed44,target_disjoint,7,0,-0.03783392551651543
label_permutation,immune,seed44,target_disjoint,7,1,-0.047417229821261286
label_permutation,immune,seed44,target_disjoint,7,2,-0.0496969415480365
label_permutation,immune,seed44,target_disjoint,7,3,-0.03633992088742333
label_permutation,immune,seed44,target_disjoint,7,4,-0.05621482702832403
label_permutation,immune,seed44,target_disjoint,7,5,-0.08134197224092948
label_permutation,immune,seed44,target_disjoint,7,6,-0.06380096452319584
label_permutation,immune,seed44,target_disjoint,7,7,-0.03646764667177571
label_permutation,immune,seed44,target_disjoint,7,8,-0.044100229906411825
label_permutation,immune,seed44,target_disjoint,7,9,-0.0760819922125977
label_permutation,immune,seed44,target_disjoint,7,10,-0.10392621320142731
label_permutation,immune,seed44,target_disjoint,7,11,-0.1043868001207588
label_permutation,immune,seed44,target_disjoint,7,12,-0.058301014839413856
label_permutation,immune,seed44,target_disjoint,7,13,-0.03872026505035486
label_permutation,immune,seed44,target_disjoint,7,14,-0.11318052684950813
label_permutation,immune,seed44,target_disjoint,7,15,-0.035225223133074746
label_permutation,immune,seed44,target_disjoint,11,0,0.02967689247037153
label_permutation,immune,seed44,target_disjoint,11,1,0.024569796335430993
label_permutation,immune,seed44,target_disjoint,11,2,-0.006423058761601652
label_permutation,immune,seed44,target_disjoint,11,3,-0.008468606550397495
label_permutation,immune,seed44,target_disjoint,11,4,0.02464914114086214
label_permutation,immune,seed44,target_disjoint,11,5,0.031004466531973973
label_permutation,immune,seed44,target_disjoint,11,6,0.0037640401600829154
label_permutation,immune,seed44,target_disjoint,11,7,-0.02904406926607994
label_permutation,immune,seed44,target_disjoint,11,8,0.030398736675878446
label_permutation,immune,seed44,target_disjoint,11,9,0.0039769164673372215
label_permutation,immune,seed44,target_disjoint,11,10,-0.018547332079298373
label_permutation,immune,seed44,target_disjoint,11,11,-0.025715457916289264
label_permutation,immune,seed44,target_disjoint,11,12,0.016153441242268696
label_permutation,immune,seed44,target_disjoint,11,13,0.005335454355449243
label_permutation,immune,seed44,target_disjoint,11,14,-0.011667556876678864
label_permutation,immune,seed44,target_disjoint,11,15,-0.009906489243940775
label_permutation,lung,seed42_main,source_disjoint,0,0,-0.10992765422735751
label_permutation,lung,seed42_main,source_disjoint,0,1,-0.08010825842237135
label_permutation,lung,seed42_main,source_disjoint,0,2,-0.07520465749146793
label_permutation,lung,seed42_main,source_disjoint,0,3,-0.1111842252013116
label_permutation,lung,seed42_main,source_disjoint,0,4,-0.12501394124601284
label_permutation,lung,seed42_main,source_disjoint,0,5,-0.09785639401307128
label_permutation,lung,seed42_main,source_disjoint,0,6,-0.0808183325526236
label_permutation,lung,seed42_main,source_disjoint,0,7,-0.12962756425984995
label_permutation,lung,seed42_main,source_disjoint,0,8,-0.1509260705018104
label_permutation,lung,seed42_main,source_disjoint,0,9,-0.05916664807833877
label_permutation,lung,seed42_main,source_disjoint,0,10,-0.08090012119589862
label_permutation,lung,seed42_main,source_disjoint,0,11,-0.06782137360308715
label_permutation,lung,seed42_main,source_disjoint,0,12,-0.10326931513164261
label_permutation,lung,seed42_main,source_disjoint,0,13,-0.1500040894321638
label_permutation,lung,seed42_main,source_disjoint,0,14,-0.1458811982779774
label_permutation,lung,seed42_main,source_disjoint,0,15,-0.11018045548838973
label_permutation,lung,seed42_main,source_disjoint,3,0,-0.0610961165265107
label_permutation,lung,seed42_main,source_disjoint,3,1,-0.08700081045110158
label_permutation,lung,seed42_main,source_disjoint,3,2,-0.04787609764076939
label_permutation,lung,seed42_main,source_disjoint,3,3,-0.08204144453614703
label_permutation,lung,seed42_main,source_disjoint,3,4,-0.0958042425999866
label_permutation,lung,seed42_main,source_disjoint,3,5,-0.07575115433516988
label_permutation,lung,seed42_main,source_disjoint,3,6,-0.026559003070791842
label_permutation,lung,seed42_main,source_disjoint,3,7,-0.03734023332069325
label_permutation,lung,seed42_main,source_disjoint,3,8,-0.0506271701872959
label_permutation,lung,seed42_main,source_disjoint,3,9,-0.06986980735056836
label_permutation,lung,seed42_main,source_disjoint,3,10,-0.07158736885934591
label_permutation,lung,seed42_main,source_disjoint,3,11,-0.03202397150781089
label_permutation,lung,seed42_main,source_disjoint,3,12,-0.03220241945677477
label_permutation,lung,seed42_main,source_disjoint,3,13,-0.05583933736328289
label_permutation,lung,seed42_main,source_disjoint,3,14,-0.1005777252347706
label_permutation,lung,seed42_main,source_disjoint,3,15,-0.05274623958124203
label_permutation,lung,seed42_main,source_disjoint,7,0,-0.0009442870632673239
label_permutation,lung,seed42_main,source_disjoint,7,1,0.056664659127240835
label_permutation,lung,seed42_main,source_disjoint,7,2,0.03305004721435312
label_permutation,lung,seed42_main,source_disjoint,7,3,0.01227573182247399
label_permutation,lung,seed42_main,source_disjoint,7,4,0.029785936814555436
label_permutation,lung,seed42_main,source_disjoint,7,5,0.009152892715606042
label_permutation,lung,seed42_main,source_disjoint,7,6,0.04327362762374254
label_permutation,lung,seed42_main,source_disjoint,7,7,0.03707999672845419
label_permutation,lung,seed42_main,source_disjoint,7,8,0.06228576951960341
label_permutation,lung,seed42_main,source_disjoint,7,9,0.029310075617318354
label_permutation,lung,seed42_main,source_disjoint,7,10,0.025138854810287548
label_permutation,lung,seed42_main,source_disjoint,7,11,0.026581309064412362
label_permutation,lung,seed42_main,source_disjoint,7,12,-0.0008476277575785174
label_permutation,lung,seed42_main,source_disjoint,7,13,0.016930249157948718
label_permutation,lung,seed42_main,source_disjoint,7,14,0.04305056768753768
label_permutation,lung,seed42_main,source_disjoint,7,15,0.030321280661447014
label_permutation,lung,seed42_main,source_disjoint,11,0,0.014621578818228564
label_permutation,lung,seed42_main,source_disjoint,11,1,0.042589577152714275
label_permutation,lung,seed42_main,source_disjoint,11,2,0.04104302826169404
label_permutation,lung,seed42_main,source_disjoint,11,3,0.025848928940539695
label_permutation,lung,seed42_main,source_disjoint,11,4,0.010331392711888432
label_permutation,lung,seed42_main,source_disjoint,11,5,0.04414727904054494
label_permutation,lung,seed42_main,source_disjoint,11,6,0.03046255195437686
label_permutation,lung,seed42_main,source_disjoint,11,7,0.0102384510718031
label_permutation,lung,seed42_main,source_disjoint,11,8,0.03233253775289413
label_permutation,lung,seed42_main,source_disjoint,11,9,0.025161160803907956
label_permutation,lung,seed42_main,source_disjoint,11,10,0.06566140988750346
label_permutation,lung,seed42_main,source_disjoint,11,11,0.03214293680711999
label_permutation,lung,seed42_main,source_disjoint,11,12,0.04368257084011806
label_permutation,lung,seed42_main,source_disjoint,11,13,0.057285509283011016
label_permutation,lung,seed42_main,source_disjoint,11,14,0.021071728640152165
label_permutation,lung,seed42_main,source_disjoint,11,15,0.0339868989464136
label_permutation,lung,seed42_main,target_disjoint,0,0,-0.11482495077261945
label_permutation,lung,seed42_main,target_disjoint,0,1,-0.10127252182453578
label_permutation,lung,seed42_main,target_disjoint,0,2,-0.07923820330788939
label_permutation,lung,seed42_main,target_disjoint,0,3,-0.11814809693860523
label_permutation,lung,seed42_main,target_disjoint,0,4,-0.12118040821775422
label_permutation,lung,seed42_main,target_disjoint,0,5,-0.1284560481737
label_permutation,lung,seed42_main,target_disjoint,0,6,-0.06430788448610436
label_permutation,lung,seed42_main,target_disjoint,0,7,-0.11458417762859902
label_permutation,lung,seed42_main,target_disjoint,0,8,-0.06729490180746733
label_permutation,lung,seed42_main,target_disjoint,0,9,-0.045868475882159365
label_permutation,lung,seed42_main,target_disjoint,0,10,-0.08793941098783731
label_permutation,lung,seed42_main,target_disjoint,0,11,-0.12327346584597199
label_permutation,lung,seed42_main,target_disjoint,0,12,-0.12595772881792305
label_permutation,lung,seed42_main,target_disjoint,0,13,-0.07194825999685334
label_permutation,lung,seed42_main,target_disjoint,0,14,-0.08505490104462171
label_permutation,lung,seed42_main,target_disjoint,0,15,-0.08016076971121527
label_permutation,lung,seed42_main,target_disjoint,3,0,-0.06462732608312155
label_permutation,lung,seed42_main,target_disjoint,3,1,-0.1029317110150137
label_permutation,lung,seed42_main,target_disjoint,3,2,-0.09174648733437907
label_permutation,lung,seed42_main,target_disjoint,3,3,-0.1114279039386673
label_permutation,lung,seed42_main,target_disjoint,3,4,-0.0647036106436033
label_permutation,lung,seed42_main,target_disjoint,3,5,-0.08336472125144823
label_permutation,lung,seed42_main,target_disjoint,3,6,-0.06426497442083323
label_permutation,lung,seed42_main,target_disjoint,3,7,-0.1017254614023963
label_permutation,lung,seed42_main,target_disjoint,3,8,-0.11117044354704131
label_permutation,lung,seed42_main,target_disjoint,3,9,-0.12705193548233296
label_permutation,lung,seed42_main,target_disjoint,3,10,-0.09223280140745016
label_permutation,lung,seed42_main,target_disjoint,3,11,-0.07073009092166055
label_permutation,lung,seed42_main,target_disjoint,3,12,-0.09855011657234403
label_permutation,lung,seed42_main,target_disjoint,3,13,-0.061494891318340406
label_permutation,lung,seed42_main,target_disjoint,3,14,-0.10293647880004386
label_permutation,lung,seed42_main,target_disjoint,3,15,-0.09181800410983065
label_permutation,lung,seed42_main,target_disjoint,7,0,0.08613480435394127
label_permutation,lung,seed42_main,target_disjoint,7,1,0.0508341239910175
label_permutation,lung,seed42_main,target_disjoint,7,2,0.0550917560229045
label_permutation,lung,seed42_main,target_disjoint,7,3,0.07793421410215451
label_permutation,lung,seed42_main,target_disjoint,7,4,0.07340481832355139
label_permutation,lung,seed42_main,target_disjoint,7,5,0.05864852365536555
label_permutation,lung,seed42_main,target_disjoint,7,6,0.033774989153289026
label_permutation,lung,seed42_main,target_disjoint,7,7,0.07591744103441866
label_permutation,lung,seed42_main,target_disjoint,7,8,0.03540080384855604
label_permutation,lung,seed42_main,target_disjoint,7,9,0.09369651141169344
label_permutation,lung,seed42_main,target_disjoint,7,10,0.04054047611101308
label_permutation,lung,seed42_main,target_disjoint,7,11,0.08524322855331101
label_permutation,lung,seed42_main,target_disjoint,7,12,0.08827553983245995
label_permutation,lung,seed42_main,target_disjoint,7,13,0.03159611139452956
label_permutation,lung,seed42_main,target_disjoint,7,14,0.07658016315360372
label_permutation,lung,seed42_main,target_disjoint,7,15,0.07705217387158458
label_permutation,lung,seed42_main,target_disjoint,11,0,0.042054247858072547
label_permutation,lung,seed42_main,target_disjoint,11,1,0.0423951444877253
label_permutation,lung,seed42_main,target_disjoint,11,2,0.06732827630267801
label_permutation,lung,seed42_main,target_disjoint,11,3,0.0584220538664354
label_permutation,lung,seed42_main,target_disjoint,11,4,-0.015152020825685009
label_permutation,lung,seed42_main,target_disjoint,11,5,0.024473040559547132
label_permutation,lung,seed42_main,target_disjoint,11,6,0.0353865004934657
label_permutation,lung,seed42_main,target_disjoint,11,7,0.058822547808964454
label_permutation,lung,seed42_main,target_disjoint,11,8,0.037312685645629506
label_permutation,lung,seed42_main,target_disjoint,11,9,0.05674140964332197
label_permutation,lung,seed42_main,target_disjoint,11,10,0.010951602214159362
label_permutation,lung,seed42_main,target_disjoint,11,11,0.057921436438273854
label_permutation,lung,seed42_main,target_disjoint,11,12,0.027295569297371425
label_permutation,lung,seed42_main,target_disjoint,11,13,0.05729685659932959
label_permutation,lung,seed42_main,target_disjoint,11,14,0.04539646516417861
label_permutation,lung,seed42_main,target_disjoint,11,15,0.025757958625161503
label_permutation,lung,seed43,source_disjoint,0,0,-0.03402224060979897
label_permutation,lung,seed43,source_disjoint,0,1,0.04364437590893144
label_permutation,lung,seed43,source_disjoint,0,2,0.044960759239757286
label_permutation,lung,seed43,source_disjoint,0,3,-0.0012129532119754538
label_permutation,lung,seed43,source_disjoint,0,4,0.023491173963191447
label_permutation,lung,seed43,source_disjoint,0,5,-0.0037579609849054396
label_permutation,lung,seed43,source_disjoint,0,6,0.006591319392207029
label_permutation,lung,seed43,source_disjoint,0,7,0.03983940123363927
label_permutation,lung,seed43,source_disjoint,0,8,-0.031612005415977085
label_permutation,lung,seed43,source_disjoint,0,9,-0.01352113735519811
label_permutation,lung,seed43,source_disjoint,0,10,0.020256632064590496
label_permutation,lung,seed43,source_disjoint,0,11,0.006315505741938843
label_permutation,lung,seed43,source_disjoint,0,12,-0.012010430770773906
label_permutation,lung,seed43,source_disjoint,0,13,0.002231583170352436
label_permutation,lung,seed43,source_disjoint,0,14,0.027885386891329467
label_permutation,lung,seed43,source_disjoint,0,15,0.039422546512211
label_permutation,lung,seed43,source_disjoint,3,0,-0.11238779399227716
label_permutation,lung,seed43,source_disjoint,3,1,-0.13067298530665455
label_permutation,lung,seed43,source_disjoint,3,2,-0.1652374504789128
label_permutation,lung,seed43,source_disjoint,3,3,-0.11600471390602285
label_permutation,lung,seed43,source_disjoint,3,4,-0.14888295471641333
label_permutation,lung,seed43,source_disjoint,3,5,-0.1470901659896694
label_permutation,lung,seed43,source_disjoint,3,6,-0.12168396770472889
label_permutation,lung,seed43,source_disjoint,3,7,-0.09892307306554338
label_permutation,lung,seed43,source_disjoint,3,8,-0.11333433629206147
label_permutation,lung,seed43,source_disjoint,3,9,-0.16077428413820766
label_permutation,lung,seed43,source_disjoint,3,10,-0.12541998896745388
label_permutation,lung,seed43,source_disjoint,3,11,-0.12133293214984198
label_permutation,lung,seed43,source_disjoint,3,12,-0.15092021463316785
label_permutation,lung,seed43,source_disjoint,3,13,-0.10873953161827399
label_permutation,lung,seed43,source_disjoint,3,14,-0.22260668973471748
label_permutation,lung,seed43,source_disjoint,3,15,-0.12916854721428206
label_permutation,lung,seed43,source_disjoint,7,0,-0.1135850759741237
label_permutation,lung,seed43,source_disjoint,7,1,-0.12501253698410308
label_permutation,lung,seed43,source_disjoint,7,2,-0.08583446166190267
label_permutation,lung,seed43,source_disjoint,7,3,-0.149923524396971
label_permutation,lung,seed43,source_disjoint,7,4,-0.08557118499573751
label_permutation,lung,seed43,source_disjoint,7,5,-0.07613710445815153
label_permutation,lung,seed43,source_disjoint,7,6,-0.11752795747455003
label_permutation,lung,seed43,source_disjoint,7,7,-0.12781455293114696
label_permutation,lung,seed43,source_disjoint,7,8,-0.1438054761546564
label_permutation,lung,seed43,source_disjoint,7,9,-0.0884296173712451
label_permutation,lung,seed43,source_disjoint,7,10,-0.10722882503384984
label_permutation,lung,seed43,source_disjoint,7,11,-0.10810641392106712
label_permutation,lung,seed43,source_disjoint,7,12,-0.1675191815856778
label_permutation,lung,seed43,source_disjoint,7,13,-0.07959731207060838
label_permutation,lung,seed43,source_disjoint,7,14,-0.11510205105059934
label_permutation,lung,seed43,source_disjoint,7,15,-0.11876911890075725
label_permutation,lung,seed43,source_disjoint,11,0,-0.06376310114838768
label_permutation,lung,seed43,source_disjoint,11,1,-0.04099593801715051
label_permutation,lung,seed43,source_disjoint,11,2,-0.03333897497617977
label_permutation,lung,seed43,source_disjoint,11,3,-0.060036482623739895
label_permutation,lung,seed43,source_disjoint,11,4,-0.02161376059375164
label_permutation,lung,seed43,source_disjoint,11,5,-0.015489443859385221
label_permutation,lung,seed43,source_disjoint,11,6,-0.017620731156912983
label_permutation,lung,seed43,source_disjoint,11,7,-0.03903390000501472
label_permutation,lung,seed43,source_disjoint,11,8,-0.042738578807482
label_permutation,lung,seed43,source_disjoint,11,9,-0.0791052354445615
label_permutation,lung,seed43,source_disjoint,11,10,-0.021134220951807836
label_permutation,lung,seed43,source_disjoint,11,11,-0.05547302041021018
label_permutation,lung,seed43,source_disjoint,11,12,-0.018156687227320556
label_permutation,lung,seed43,source_disjoint,11,13,-0.061901359009076784
label_permutation,lung,seed43,source_disjoint,11,14,-0.04837081891580164
label_permutation,lung,seed43,source_disjoint,11,15,-0.06488202697958989
label_permutation,lung,seed43,target_disjoint,0,0,-0.09887645632685277
label_permutation,lung,seed43,target_disjoint,0,1,-0.07455778407663882
label_permutation,lung,seed43,target_disjoint,0,2,-0.12607830976386092
label_permutation,lung,seed43,target_disjoint,0,3,-0.08944012465594037
label_permutation,lung,seed43,target_disjoint,0,4,-0.07519849100703746
label_permutation,lung,seed43,target_disjoint,0,5,-0.08991168495671387
label_permutation,lung,seed43,target_disjoint,0,6,-0.10182627103440844
label_permutation,lung,seed43,target_disjoint,0,7,-0.09835363947164733
label_permutation,lung,seed43,target_disjoint,0,8,-0.08474502426997854
label_permutation,lung,seed43,target_disjoint,0,9,-0.1074004213288774
label_permutation,lung,seed43,target_disjoint,0,10,-0.09233355715362102
label_permutation,lung,seed43,target_disjoint,0,11,-0.05534939030328512
label_permutation,lung,seed43,target_disjoint,0,12,-0.1338077981721913
label_permutation,lung,seed43,target_disjoint,0,13,-0.10591910690579565
label_permutation,lung,seed43,target_disjoint,0,14,-0.054342199008698244
label_permutation,lung,seed43,target_disjoint,0,15,-0.1332004080021733
label_permutation,lung,seed43,target_disjoint,3,0,-0.041246149351348294
label_permutation,lung,seed43,target_disjoint,3,1,-0.08667483354433947
label_permutation,lung,seed43,target_disjoint,3,2,-0.04095398699108638
label_permutation,lung,seed43,target_disjoint,3,3,-0.09713117064844679
label_permutation,lung,seed43,target_disjoint,3,4,-0.0806470627431482
label_permutation,lung,seed43,target_disjoint,3,5,-0.09414803918051007
label_permutation,lung,seed43,target_disjoint,3,6,-0.07451677883309321
label_permutation,lung,seed43,target_disjoint,3,7,-0.06820709698252658
label_permutation,lung,seed43,target_disjoint,3,8,-0.04016463605283527
label_permutation,lung,seed43,target_disjoint,3,9,-0.007104158444261044
label_permutation,lung,seed43,target_disjoint,3,10,-0.06403993910721334
label_permutation,lung,seed43,target_disjoint,3,11,-0.02704808377371254
label_permutation,lung,seed43,target_disjoint,3,12,-0.07206671553124855
label_permutation,lung,seed43,target_disjoint,3,13,-0.05672562878978149
label_permutation,lung,seed43,target_disjoint,3,14,-0.03698672967805755
label_permutation,lung,seed43,target_disjoint,3,15,-0.06146686007473212
label_permutation,lung,seed43,target_disjoint,7,0,0.02464927702629982
label_permutation,lung,seed43,target_disjoint,7,1,0.04520315535349079
label_permutation,lung,seed43,target_disjoint,7,2,0.02024121334515655
label_permutation,lung,seed43,target_disjoint,7,3,-0.0042952992613930485
label_permutation,lung,seed43,target_disjoint,7,4,0.044890490371456315
label_permutation,lung,seed43,target_disjoint,7,5,0.013336955463179923
label_permutation,lung,seed43,target_disjoint,7,6,0.04075408642880207
label_permutation,lung,seed43,target_disjoint,7,7,0.02565903114860818
label_permutation,lung,seed43,target_disjoint,7,8,0.020758904544918688
label_permutation,lung,seed43,target_disjoint,7,9,0.00046130898988716584
label_permutation,lung,seed43,target_disjoint,7,10,0.03910362537609502
label_permutation,lung,seed43,target_disjoint,7,11,0.034951844467111304
label_permutation,lung,seed43,target_disjoint,7,12,-0.003792985027960327
label_permutation,lung,seed43,target_disjoint,7,13,-0.003705848885426244
label_permutation,lung,seed43,target_disjoint,7,14,-0.027822057745634288
label_permutation,lung,seed43,target_disjoint,7,15,-0.01474651071005706
label_permutation,lung,seed43,target_disjoint,11,0,0.021174082635817104
label_permutation,lung,seed43,target_disjoint,11,1,0.04318877276431721
label_permutation,lung,seed43,target_disjoint,11,2,0.047412312849505645
label_permutation,lung,seed43,target_disjoint,11,3,-0.0007790996273648876
label_permutation,lung,seed43,target_disjoint,11,4,0.01814225744117015
label_permutation,lung,seed43,target_disjoint,11,5,-0.012050415946939286
label_permutation,lung,seed43,target_disjoint,11,6,0.04120258128008103
label_permutation,lung,seed43,target_disjoint,11,7,0.012017099186558466
label_permutation,lung,seed43,target_disjoint,11,8,0.00048693726710291596
label_permutation,lung,seed43,target_disjoint,11,9,0.015533298820586627
label_permutation,lung,seed43,target_disjoint,11,10,0.051005397315181666
label_permutation,lung,seed43,target_disjoint,11,11,0.021522627205953992
label_permutation,lung,seed43,target_disjoint,11,12,0.024662091164907696
label_permutation,lung,seed43,target_disjoint,11,13,0.03607436300916983
label_permutation,lung,seed43,target_disjoint,11,14,0.07368898547901814
label_permutation,lung,seed43,target_disjoint,11,15,0.05785839864272646
label_permutation,lung,seed44,source_disjoint,0,0,-0.07817930861409117
label_permutation,lung,seed44,source_disjoint,0,1,-0.07030553987075727
label_permutation,lung,seed44,source_disjoint,0,2,-0.08705063052889128
label_permutation,lung,seed44,source_disjoint,0,3,-0.020600414078675078
label_permutation,lung,seed44,source_disjoint,0,4,-0.10199824330259116
label_permutation,lung,seed44,source_disjoint,0,5,-0.09564276303406738
label_permutation,lung,seed44,source_disjoint,0,6,-0.07943409247757072
label_permutation,lung,seed44,source_disjoint,0,7,-0.05879289792333264
label_permutation,lung,seed44,source_disjoint,0,8,-0.07076039902126863
label_permutation,lung,seed44,source_disjoint,0,9,-0.08083631344500908
label_permutation,lung,seed44,source_disjoint,0,10,-0.06326620239663727
label_permutation,lung,seed44,source_disjoint,0,11,-0.02893217893217903
label_permutation,lung,seed44,source_disjoint,0,12,-0.029694460129242706
label_permutation,lung,seed44,source_disjoint,0,13,-0.07854633289415908
label_permutation,lung,seed44,source_disjoint,0,14,-0.06278938452851507
label_permutation,lung,seed44,source_disjoint,0,15,-0.07264257481648773
label_permutation,lung,seed44,source_disjoint,3,0,-0.08879478009912789
label_permutation,lung,seed44,source_disjoint,3,1,-0.035541752933057225
label_permutation,lung,seed44,source_disjoint,3,2,-0.0971704623878537
label_permutation,lung,seed44,source_disjoint,3,3,-0.057280883367839874
label_permutation,lung,seed44,source_disjoint,3,4,-0.11027667984189732
label_permutation,lung,seed44,source_disjoint,3,5,-0.14445071836376178
label_permutation,lung,seed44,source_disjoint,3,6,-0.08464771943032806
label_permutation,lung,seed44,source_disjoint,3,7,-0.11126168517472856
label_permutation,lung,seed44,source_disjoint,3,8,-0.11124286341677647
label_permutation,lung,seed44,source_disjoint,3,9,-0.06322855888073287
label_permutation,lung,seed44,source_disjoint,3,10,-0.05482778091473739
label_permutation,lung,seed44,source_disjoint,3,11,-0.03307610264132005
label_permutation,lung,seed44,source_disjoint,3,12,-0.071597967250141
label_permutation,lung,seed44,source_disjoint,3,13,-0.06381830729656812
label_permutation,lung,seed44,source_disjoint,3,14,-0.0684170901562206
label_permutation,lung,seed44,source_disjoint,3,15,-0.09361315013488924
label_permutation,lung,seed44,source_disjoint,7,0,0.03366585105715536
label_permutation,lung,seed44,source_disjoint,7,1,0.025854821506995473
label_permutation,lung,seed44,source_disjoint,7,2,0.04711086015433841
label_permutation,lung,seed44,source_disjoint,7,3,0.034713595583160894
label_permutation,lung,seed44,source_disjoint,7,4,0.018401405357927225
label_permutation,lung,seed44,source_disjoint,7,5,0.07704372921764224
label_permutation,lung,seed44,source_disjoint,7,6,-0.0129681912290609
label_permutation,lung,seed44,source_disjoint,7,7,0.008783487044356608
label_permutation,lung,seed44,source_disjoint,7,8,-0.02454984628897683
label_permutation,lung,seed44,source_disjoint,7,9,-0.019549532593010954
label_permutation,lung,seed44,source_disjoint,7,10,0.02620616098876971
label_permutation,lung,seed44,source_disjoint,7,11,-0.03992094861660084
label_permutation,lung,seed44,source_disjoint,7,12,-0.011412259238346212
label_permutation,lung,seed44,source_disjoint,7,13,0.03007089528828666
label_permutation,lung,seed44,source_disjoint,7,14,-0.005157161678900901
label_permutation,lung,seed44,source_disjoint,7,15,-0.024963924963924966
label_permutation,lung,seed44,source_disjoint,11,0,0.04250266641570999
label_permutation,lung,seed44,source_disjoint,11,1,0.038183072965681575
label_permutation,lung,seed44,source_disjoint,11,2,0.002591128678085197
label_permutation,lung,seed44,source_disjoint,11,3,0.04332454984628897
label_permutation,lung,seed44,source_disjoint,11,4,0.01139343748039412
label_permutation,lung,seed44,source_disjoint,11,5,0.04235209235209236
label_permutation,lung,seed44,source_disjoint,11,6,0.03894535416274536
label_permutation,lung,seed44,source_disjoint,11,7,0.077608381956208
label_permutation,lung,seed44,source_disjoint,11,8,-0.023922454357236944
label_permutation,lung,seed44,source_disjoint,11,9,0.05238408934061112
label_permutation,lung,seed44,source_disjoint,11,10,0.02656063743020276
label_permutation,lung,seed44,source_disjoint,11,11,0.051101072840203265
label_permutation,lung,seed44,source_disjoint,11,12,-0.00031055900621113075
label_permutation,lung,seed44,source_disjoint,11,13,0.038540686366773325
label_permutation,lung,seed44,source_disjoint,11,14,0.047838634795156376
label_permutation,lung,seed44,source_disjoint,11,15,0.02207478511826333
label_permutation,lung,seed44,target_disjoint,0,0,-0.08333798209802967
label_permutation,lung,seed44,target_disjoint,0,1,-0.13417095620863662
label_permutation,lung,seed44,target_disjoint,0,2,-0.12052640920962554
label_permutation,lung,seed44,target_disjoint,0,3,-0.10814463574815525
label_permutation,lung,seed44,target_disjoint,0,4,-0.10083677764535837
label_permutation,lung,seed44,target_disjoint,0,5,-0.0859294571088065
label_permutation,lung,seed44,target_disjoint,0,6,-0.13056266957425766
label_permutation,lung,seed44,target_disjoint,0,7,-0.15109922154322092
label_permutation,lung,seed44,target_disjoint,0,8,-0.08214113649618388
label_permutation,lung,seed44,target_disjoint,0,9,-0.11411618530821305
label_permutation,lung,seed44,target_disjoint,0,10,-0.09635621370793923
label_permutation,lung,seed44,target_disjoint,0,11,-0.11938281309430226
label_permutation,lung,seed44,target_disjoint,0,12,-0.12820194233841314
label_permutation,lung,seed44,target_disjoint,0,13,-0.1378096711210285
label_permutation,lung,seed44,target_disjoint,0,14,-0.12976899865608432
label_permutation,lung,seed44,target_disjoint,0,15,-0.09971853842837941
label_permutation,lung,seed44,target_disjoint,3,0,0.015794811978598722
label_permutation,lung,seed44,target_disjoint,3,1,-0.03258107868245558
label_permutation,lung,seed44,target_disjoint,3,2,-0.054778507492963424
label_permutation,lung,seed44,target_disjoint,3,3,-0.016307021325151494
label_permutation,lung,seed44,target_disjoint,3,4,-0.03448791743793905
label_permutation,lung,seed44,target_disjoint,3,5,-0.04078403529680252
label_permutation,lung,seed44,target_disjoint,3,6,-0.05861500621244009
label_permutation,lung,seed44,target_disjoint,3,7,-0.0646195197403453
label_permutation,lung,seed44,target_disjoint,3,8,-0.05008240991961854
label_permutation,lung,seed44,target_disjoint,3,9,0.008048279534447422
label_permutation,lung,seed44,target_disjoint,3,10,-0.00745492811319326
label_permutation,lung,seed44,target_disjoint,3,11,-0.029867890559626742
label_permutation,lung,seed44,target_disjoint,3,12,-0.042150772117554636
label_permutation,lung,seed44,target_disjoint,3,13,-0.03836752288460071
label_permutation,lung,seed44,target_disjoint,3,14,-0.028338869589471738
label_permutation,lung,seed44,target_disjoint,3,15,-0.031407054289119385
label_permutation,lung,seed44,target_disjoint,7,0,0.024238659127215567
label_permutation,lung,seed44,target_disjoint,7,1,-0.002274513781474252
label_permutation,lung,seed44,target_disjoint,7,2,0.032068869335902805
label_permutation,lung,seed44,target_disjoint,7,3,0.024537870527677086
label_permutation,lung,seed44,target_disjoint,7,4,0.06019474097928357
label_permutation,lung,seed44,target_disjoint,7,5,0.029446966047113277
label_permutation,lung,seed44,target_disjoint,7,6,0.038859446712478096
label_permutation,lung,seed44,target_disjoint,7,7,-0.004792453787052731
label_permutation,lung,seed44,target_disjoint,7,8,0.013063874026929101
label_permutation,lung,seed44,target_disjoint,7,9,0.021743540330146915
label_permutation,lung,seed44,target_disjoint,7,10,0.04933438141846491
label_permutation,lung,seed44,target_disjoint,7,11,0.055498643405938575
label_permutation,lung,seed44,target_disjoint,7,12,0.007183609300910221
label_permutation,lung,seed44,target_disjoint,7,13,0.030600704921774025
label_permutation,lung,seed44,target_disjoint,7,14,0.03313893044602789
label_permutation,lung,seed44,target_disjoint,7,15,0.05431701194309907
label_permutation,lung,seed44,target_disjoint,11,0,0.04770393285493324
label_permutation,lung,seed44,target_disjoint,11,1,0.0165986256561097
label_permutation,lung,seed44,target_disjoint,11,2,0.04883485052108427
label_permutation,lung,seed44,target_disjoint,11,3,0.012546593300707398
label_permutation,lung,seed44,target_disjoint,11,4,0.024400943276618403
label_permutation,lung,seed44,target_disjoint,11,5,0.016469305474554385
label_permutation,lung,seed44,target_disjoint,11,6,0.04174759743388201
label_permutation,lung,seed44,target_disjoint,11,7,0.06694221162867353
label_permutation,lung,seed44,target_disjoint,11,8,0.04490706696756852
label_permutation,lung,seed44,target_disjoint,11,9,0.03432056190886723
label_permutation,lung,seed44,target_disjoint,11,10,0.010381114182113182
label_permutation,lung,seed44,target_disjoint,11,11,0.038803661536121026
label_permutation,lung,seed44,target_disjoint,11,12,0.031168699444684034
label_permutation,lung,seed44,target_disjoint,11,13,0.04123285239749469
label_permutation,lung,seed44,target_disjoint,11,14,0.015363744706747506
label_permutation,lung,seed44,target_disjoint,11,15,0.04068260770342563
layer_order_shuffle,external_lung,seed42_main,source_disjoint,0,0,-0.03738194996429872
layer_order_shuffle,external_lung,seed42_main,source_disjoint,0,1,0.02048445983267544
layer_order_shuffle,external_lung,seed42_main,source_disjoint,0,2,0.02387945087367127
layer_order_shuffle,external_lung,seed42_main,source_disjoint,0,3,-0.02786048203483904
layer_order_shuffle,external_lung,seed42_main,source_disjoint,0,4,0.003987767254503005
layer_order_shuffle,external_lung,seed42_main,source_disjoint,0,5,-0.06364260983200176
layer_order_shuffle,external_lung,seed42_main,source_disjoint,0,6,-0.009878480876231
layer_order_shuffle,external_lung,seed42_main,source_disjoint,0,7,-0.04108680129871878
layer_order_shuffle,external_lung,seed42_main,source_disjoint,0,8,-0.05882630309725567
layer_order_shuffle,external_lung,seed42_main,source_disjoint,0,9,-0.009878480876231
layer_order_shuffle,external_lung,seed42_main,source_disjoint,0,10,-0.07233217023455074
layer_order_shuffle,external_lung,seed42_main,source_disjoint,0,11,0.015472806391205407
layer_order_shuffle,external_lung,seed42_main,source_disjoint,0,12,0.02048445983267544
layer_order_shuffle,external_lung,seed42_main,source_disjoint,0,13,0.02067980653939938
layer_order_shuffle,external_lung,seed42_main,source_disjoint,0,14,-0.057169224136769614
layer_order_shuffle,external_lung,seed42_main,source_disjoint,0,15,0.003987767254503005
layer_order_shuffle,external_lung,seed42_main,source_disjoint,3,0,0.006385816481873197
layer_order_shuffle,external_lung,seed42_main,source_disjoint,3,1,-0.08516442803831492
layer_order_shuffle,external_lung,seed42_main,source_disjoint,3,2,0.010036779069610757
layer_order_shuffle,external_lung,seed42_main,source_disjoint,3,3,-0.04909938432106914
layer_order_shuffle,external_lung,seed42_main,source_disjoint,3,4,-0.028123189674916116
layer_order_shuffle,external_lung,seed42_main,source_disjoint,3,5,-0.07171918574103764
layer_order_shuffle,external_lung,seed42_main,source_disjoint,3,6,-0.04909938432106914
layer_order_shuffle,external_lung,seed42_main,source_disjoint,3,7,-0.09451412558772415
layer_order_shuffle,external_lung,seed42_main,source_disjoint,3,8,0.008474005415818997
layer_order_shuffle,external_lung,seed42_main,source_disjoint,3,9,0.007315397362145815
layer_order_shuffle,external_lung,seed42_main,source_disjoint,3,10,-0.04195912538564134
layer_order_shuffle,external_lung,seed42_main,source_disjoint,3,11,0.00892532366928478
layer_order_shuffle,external_lung,seed42_main,source_disjoint,3,12,-0.09451412558772415
layer_order_shuffle,external_lung,seed42_main,source_disjoint,3,13,-0.06451830196559205
layer_order_shuffle,external_lung,seed42_main,source_disjoint,3,14,0.010036779069610757
layer_order_shuffle,external_lung,seed42_main,source_disjoint,3,15,-0.010643027469788624
layer_order_shuffle,external_lung,seed42_main,source_disjoint,7,0,-0.07199536556778535
layer_order_shuffle,external_lung,seed42_main,source_disjoint,7,1,0.030992765435757796
layer_order_shuffle,external_lung,seed42_main,source_disjoint,7,2,-0.07522869036873386
layer_order_shuffle,external_lung,seed42_main,source_disjoint,7,3,-0.02658062430113034
layer_order_shuffle,external_lung,seed42_main,source_disjoint,7,4,-0.04920042572109884
layer_order_shuffle,external_lung,seed42_main,source_disjoint,7,5,-0.04199954194565325
layer_order_shuffle,external_lung,seed42_main,source_disjoint,7,6,-0.02098966683282366
layer_order_shuffle,external_lung,seed42_main,source_disjoint,7,7,-0.02098966683282366
layer_order_shuffle,external_lung,seed42_main,source_disjoint,7,8,0.014745308310991856
layer_order_shuffle,external_lung,seed42_main,source_disjoint,7,9,-0.02658062430113034
layer_order_shuffle,external_lung,seed42_main,source_disjoint,7,10,0.011875732550150175
layer_order_shuffle,external_lung,seed42_main,source_disjoint,7,11,-0.047826262680695786
layer_order_shuffle,external_lung,seed42_main,source_disjoint,7,12,0.029834157382084614
layer_order_shuffle,external_lung,seed42_main,source_disjoint,7,13,0.014745308310991856
layer_order_shuffle,external_lung,seed42_main,source_disjoint,7,14,0.011875732550150175
layer_order_shuffle,external_lung,seed42_main,source_disjoint,7,15,-0.07199536556778535
layer_order_shuffle,external_lung,seed42_main,source_disjoint,11,0,-0.02980047691540816
layer_order_shuffle,external_lung,seed42_main,source_disjoint,11,1,-0.02612930604766467
layer_order_shuffle,external_lung,seed42_main,source_disjoint,11,2,0.019147345305616514
layer_order_shuffle,external_lung,seed42_main,source_disjoint,11,3,-0.02980047691540816
layer_order_shuffle,external_lung,seed42_main,source_disjoint,11,4,-0.02980047691540816
layer_order_shuffle,external_lung,seed42_main,source_disjoint,11,5,-0.04240370754577183
layer_order_shuffle,external_lung,seed42_main,source_disjoint,11,6,-0.009918897436242968
layer_order_shuffle,external_lung,seed42_main,source_disjoint,11,7,-0.04010669971843123
layer_order_shuffle,external_lung,seed42_main,source_disjoint,11,8,0.04449863257305292
layer_order_shuffle,external_lung,seed42_main,source_disjoint,11,9,-0.04010669971843123
layer_order_shuffle,external_lung,seed42_main,source_disjoint,11,10,-0.02612930604766467
layer_order_shuffle,external_lung,seed42_main,source_disjoint,11,11,0.0011653441470084736
layer_order_shuffle,external_lung,seed42_main,source_disjoint,11,12,-0.009918897436242968
layer_order_shuffle,external_lung,seed42_main,source_disjoint,11,13,-0.02980047691540816
layer_order_shuffle,external_lung,seed42_main,source_disjoint,11,14,0.04449863257305292
layer_order_shuffle,external_lung,seed42_main,source_disjoint,11,15,-0.009918897436242968
layer_order_shuffle,external_lung,seed42_main,target_disjoint,0,0,-0.010617216117216222
layer_order_shuffle,external_lung,seed42_main,target_disjoint,0,1,-0.002098901098901096
layer_order_shuffle,external_lung,seed42_main,target_disjoint,0,2,-0.0037399267399268465
layer_order_shuffle,external_lung,seed42_main,target_disjoint,0,3,0.0001666666666666483
layer_order_shuffle,external_lung,seed42_main,target_disjoint,0,4,-0.022858974358974327
layer_order_shuffle,external_lung,seed42_main,target_disjoint,0,5,-0.034010989010989034
layer_order_shuffle,external_lung,seed42_main,target_disjoint,0,6,0.002639194139194112
layer_order_shuffle,external_lung,seed42_main,target_disjoint,0,7,-0.020771062271062235
layer_order_shuffle,external_lung,seed42_main,target_disjoint,0,8,0.002639194139194112
layer_order_shuffle,external_lung,seed42_main,target_disjoint,0,9,0.0006043956043956245
layer_order_shuffle,external_lung,seed42_main,target_disjoint,0,10,-0.018318681318681362
layer_order_shuffle,external_lung,seed42_main,target_disjoint,0,11,-0.02518864468864479
layer_order_shuffle,external_lung,seed42_main,target_disjoint,0,12,-0.02518864468864479
layer_order_shuffle,external_lung,seed42_main,target_disjoint,0,13,-0.04564652014652015
layer_order_shuffle,external_lung,seed42_main,target_disjoint,0,14,-0.021349816849816794
layer_order_shuffle,external_lung,seed42_main,target_disjoint,0,15,-0.011789377289377345
layer_order_shuffle,external_lung,seed42_main,target_disjoint,3,0,-0.05845421245421245
layer_order_shuffle,external_lung,seed42_main,target_disjoint,3,1,-0.044040293040293055
layer_order_shuffle,external_lung,seed42_main,target_disjoint,3,2,-0.02001831501831497
layer_order_shuffle,external_lung,seed42_main,target_disjoint,3,3,-0.02001831501831497
layer_order_shuffle,external_lung,seed42_main,target_disjoint,3,4,0.020468864468864423
layer_order_shuffle,external_lung,seed42_main,target_disjoint,3,5,0.05001098901098899
layer_order_shuffle,external_lung,seed42_main,target_disjoint,3,6,-0.039582417582417595
layer_order_shuffle,external_lung,seed42_main,target_disjoint,3,7,-0.00827472527472528
layer_order_shuffle,external_lung,seed42_main,target_disjoint,3,8,-0.0491391941391941
layer_order_shuffle,external_lung,seed42_main,target_disjoint,3,9,0.020300366300366246
layer_order_shuffle,external_lung,seed42_main,target_disjoint,3,10,-0.044040293040293055
layer_order_shuffle,external_lung,seed42_main,target_disjoint,3,11,-0.039582417582417595
layer_order_shuffle,external_lung,seed42_main,target_disjoint,3,12,-0.040630036630036614
layer_order_shuffle,external_lung,seed42_main,target_disjoint,3,13,-0.02261904761904754
layer_order_shuffle,external_lung,seed42_main,target_disjoint,3,14,-0.008304029304029292
layer_order_shuffle,external_lung,seed42_main,target_disjoint,3,15,-0.02261904761904754
layer_order_shuffle,external_lung,seed42_main,target_disjoint,7,0,-0.07383150183150189
layer_order_shuffle,external_lung,seed42_main,target_disjoint,7,1,-0.06821978021978026
layer_order_shuffle,external_lung,seed42_main,target_disjoint,7,2,-0.05380586080586086
layer_order_shuffle,external_lung,seed42_main,target_disjoint,7,3,-0.06506593406593408
layer_order_shuffle,external_lung,seed42_main,target_disjoint,7,4,-0.05039560439560442
layer_order_shuffle,external_lung,seed42_main,target_disjoint,7,5,-0.058904761904761904
layer_order_shuffle,external_lung,seed42_main,target_disjoint,7,6,-0.018040293040293087
layer_order_shuffle,external_lung,seed42_main,target_disjoint,7,7,-0.0180695970695971
layer_order_shuffle,external_lung,seed42_main,target_disjoint,7,8,-0.05039560439560442
layer_order_shuffle,external_lung,seed42_main,target_disjoint,7,9,-0.032384615384615345
layer_order_shuffle,external_lung,seed42_main,target_disjoint,7,10,-0.032384615384615345
layer_order_shuffle,external_lung,seed42_main,target_disjoint,7,11,-0.05078021978021985
layer_order_shuffle,external_lung,seed42_main,target_disjoint,7,12,-0.05039560439560442
layer_order_shuffle,external_lung,seed42_main,target_disjoint,7,13,-0.029783882783882776
layer_order_shuffle,external_lung,seed42_main,target_disjoint,7,14,-0.029783882783882776
layer_order_shuffle,external_lung,seed42_main,target_disjoint,7,15,-0.05013186813186821
layer_order_shuffle,external_lung,seed42_main,target_disjoint,11,0,0.02935714285714286
layer_order_shuffle,external_lung,seed42_main,target_disjoint,11,1,0.0024212454212453327
layer_order_shuffle,external_lung,seed42_main,target_disjoint,11,2,0.0024212454212453327
layer_order_shuffle,external_lung,seed42_main,target_disjoint,11,3,-0.0176904761904762
layer_order_shuffle,external_lung,seed42_main,target_disjoint,11,4,0.0024212454212453327
layer_order_shuffle,external_lung,seed42_main,target_disjoint,11,5,0.0038260073260072414
layer_order_shuffle,external_lung,seed42_main,target_disjoint,11,6,-8.05860805862535e-05
layer_order_shuffle,external_lung,seed42_main,target_disjoint,11,7,0.0042637362637362175
layer_order_shuffle,external_lung,seed42_main,target_disjoint,11,8,-0.028326007326007374
layer_order_shuffle,external_lung,seed42_main,target_disjoint,11,9,0.009534798534798439
layer_order_shuffle,external_lung,seed42_main,target_disjoint,11,10,-0.03035164835164844
layer_order_shuffle,external_lung,seed42_main,target_disjoint,11,11,-0.0009523809523810378
layer_order_shuffle,external_lung,seed42_main,target_disjoint,11,12,0.0042637362637362175
layer_order_shuffle,external_lung,seed42_main,target_disjoint,11,13,-0.0176904761904762
layer_order_shuffle,external_lung,seed42_main,target_disjoint,11,14,-0.019199633699633734
layer_order_shuffle,external_lung,seed42_main,target_disjoint,11,15,-0.01465934065934077
layer_order_shuffle,external_lung,seed43,source_disjoint,0,0,0.0011566560836568929
layer_order_shuffle,external_lung,seed43,source_disjoint,0,1,-0.022835105692400326
layer_order_shuffle,external_lung,seed43,source_disjoint,0,2,-0.02482384599950438
layer_order_shuffle,external_lung,seed43,source_disjoint,0,3,-0.05079549612284162
layer_order_shuffle,external_lung,seed43,source_disjoint,0,4,-0.03679464633469842
layer_order_shuffle,external_lung,seed43,source_disjoint,0,5,-0.007524165850319231
layer_order_shuffle,external_lung,seed43,source_disjoint,0,6,0.004004036493679752
layer_order_shuffle,external_lung,seed43,source_disjoint,0,7,-0.030840228026485117
layer_order_shuffle,external_lung,seed43,source_disjoint,0,8,0.0011566560836568929
layer_order_shuffle,external_lung,seed43,source_disjoint,0,9,-0.05079549612284162
layer_order_shuffle,external_lung,seed43,source_disjoint,0,10,-0.07322636231661689
layer_order_shuffle,external_lung,seed43,source_disjoint,0,11,-0.027287641483824565
layer_order_shuffle,external_lung,seed43,source_disjoint,0,12,0.007895948162923161
layer_order_shuffle,external_lung,seed43,source_disjoint,0,13,-0.05345108407001309
layer_order_shuffle,external_lung,seed43,source_disjoint,0,14,-0.07322636231661689
layer_order_shuffle,external_lung,seed43,source_disjoint,0,15,-0.030840228026485117
layer_order_shuffle,external_lung,seed43,source_disjoint,3,0,0.0193975946274505
layer_order_shuffle,external_lung,seed43,source_disjoint,3,1,-0.008279533088625834
layer_order_shuffle,external_lung,seed43,source_disjoint,3,2,-0.008226421329682432
layer_order_shuffle,external_lung,seed43,source_disjoint,3,3,-0.016051553814014463
layer_order_shuffle,external_lung,seed43,source_disjoint,3,4,-0.05179576758294291
layer_order_shuffle,external_lung,seed43,source_disjoint,3,5,-0.05740200880474938
layer_order_shuffle,external_lung,seed43,source_disjoint,3,6,-0.07167726934743357
layer_order_shuffle,external_lung,seed43,source_disjoint,3,7,-0.06687950712287705
layer_order_shuffle,external_lung,seed43,source_disjoint,3,8,-0.008226421329682432
layer_order_shuffle,external_lung,seed43,source_disjoint,3,9,-0.07160055236229307
layer_order_shuffle,external_lung,seed43,source_disjoint,3,10,-0.07167726934743357
layer_order_shuffle,external_lung,seed43,source_disjoint,3,11,-0.018919588796959763
layer_order_shuffle,external_lung,seed43,source_disjoint,3,12,0.010244668169532734
layer_order_shuffle,external_lung,seed43,source_disjoint,3,13,-0.018760253520129333
layer_order_shuffle,external_lung,seed43,source_disjoint,3,14,-0.018919588796959763
layer_order_shuffle,external_lung,seed43,source_disjoint,3,15,-0.018760253520129333
layer_order_shuffle,external_lung,seed43,source_disjoint,7,0,0.03383219044696495
layer_order_shuffle,external_lung,seed43,source_disjoint,7,1,0.006426522832154946
layer_order_shuffle,external_lung,seed43,source_disjoint,7,2,-0.05663483895334431
layer_order_shuffle,external_lung,seed43,source_disjoint,7,3,0.017119690299432277
layer_order_shuffle,external_lung,seed43,source_disjoint,7,4,-0.04633115771831886
layer_order_shuffle,external_lung,seed43,source_disjoint,7,5,-0.04625444073317836
layer_order_shuffle,external_lung,seed43,source_disjoint,7,6,-0.027812857766709553
layer_order_shuffle,external_lung,seed43,source_disjoint,7,7,0.006084247052297376
layer_order_shuffle,external_lung,seed43,source_disjoint,7,8,0.017479669998937797
layer_order_shuffle,external_lung,seed43,source_disjoint,7,9,-0.027812857766709553
layer_order_shuffle,external_lung,seed43,source_disjoint,7,10,0.017479669998937797
layer_order_shuffle,external_lung,seed43,source_disjoint,7,11,-0.04625444073317836
layer_order_shuffle,external_lung,seed43,source_disjoint,7,12,-0.0264496559538282
layer_order_shuffle,external_lung,seed43,source_disjoint,7,13,-0.03205589717563467
layer_order_shuffle,external_lung,seed43,source_disjoint,7,14,0.015437817932890341
layer_order_shuffle,external_lung,seed43,source_disjoint,7,15,0.03383219044696495
layer_order_shuffle,external_lung,seed43,source_disjoint,11,0,-0.052058375724385375
layer_order_shuffle,external_lung,seed43,source_disjoint,11,1,-0.05405596799131329
layer_order_shuffle,external_lung,seed43,source_disjoint,11,2,-0.030654336870183096
layer_order_shuffle,external_lung,seed43,source_disjoint,11,3,-0.029627509530610108
layer_order_shuffle,external_lung,seed43,source_disjoint,11,4,0.029063934755154675
layer_order_shuffle,external_lung,seed43,source_disjoint,11,5,0.021949909710009763
layer_order_shuffle,external_lung,seed43,source_disjoint,11,6,-0.020306395836038105
layer_order_shuffle,external_lung,seed43,source_disjoint,11,7,-0.0036558594072728656
layer_order_shuffle,external_lung,seed43,source_disjoint,11,8,0.025219233538305352
layer_order_shuffle,external_lung,seed43,source_disjoint,11,9,-0.0061196548915930515
layer_order_shuffle,external_lung,seed43,source_disjoint,11,10,0.025172023085911266
layer_order_shuffle,external_lung,seed43,source_disjoint,11,11,0.021949909710009763
layer_order_shuffle,external_lung,seed43,source_disjoint,11,12,0.025219233538305352
layer_order_shuffle,external_lung,seed43,source_disjoint,11,13,-0.020306395836038105
layer_order_shuffle,external_lung,seed43,source_disjoint,11,14,0.025219233538305352
layer_order_shuffle,external_lung,seed43,source_disjoint,11,15,-0.0036558594072728656
layer_order_shuffle,external_lung,seed43,target_disjoint,0,0,0.020137798709227328
layer_order_shuffle,external_lung,seed43,target_disjoint,0,1,-0.008951683237397423
layer_order_shuffle,external_lung,seed43,target_disjoint,0,2,0.023954299668585366
layer_order_shuffle,external_lung,seed43,target_disjoint,0,3,0.0008895866038723388
layer_order_shuffle,external_lung,seed43,target_disjoint,0,4,-0.010732600732600683
layer_order_shuffle,external_lung,seed43,target_disjoint,0,5,0.009145299145299213
layer_order_shuffle,external_lung,seed43,target_disjoint,0,6,-0.024645037502180278
layer_order_shuffle,external_lung,seed43,target_disjoint,0,7,-0.023373451944880497
layer_order_shuffle,external_lung,seed43,target_disjoint,0,8,0.050936682365253894
layer_order_shuffle,external_lung,seed43,target_disjoint,0,9,0.02422466422466424
layer_order_shuffle,external_lung,seed43,target_disjoint,0,10,0.00010291296005587869
layer_order_shuffle,external_lung,seed43,target_disjoint,0,11,0.02422466422466424
layer_order_shuffle,external_lung,seed43,target_disjoint,0,12,0.04648351648351651
layer_order_shuffle,external_lung,seed43,target_disjoint,0,13,0.00010291296005587869
layer_order_shuffle,external_lung,seed43,target_disjoint,0,14,0.014842141984999169
layer_order_shuffle,external_lung,seed43,target_disjoint,0,15,-0.0061834990406418044
layer_order_shuffle,external_lung,seed43,target_disjoint,3,0,0.015311355311355301
layer_order_shuffle,external_lung,seed43,target_disjoint,3,1,0.0039420896563753804
layer_order_shuffle,external_lung,seed43,target_disjoint,3,2,-0.016954474097331196
layer_order_shuffle,external_lung,seed43,target_disjoint,3,3,0.0039420896563753804
layer_order_shuffle,external_lung,seed43,target_disjoint,3,4,0.02418280132565853
layer_order_shuffle,external_lung,seed43,target_disjoint,3,5,-0.03743938601081459
layer_order_shuffle,external_lung,seed43,target_disjoint,3,6,0.045013082155939355
layer_order_shuffle,external_lung,seed43,target_disjoint,3,7,0.016323042037327817
layer_order_shuffle,external_lung,seed43,target_disjoint,3,8,-0.0077934763649049055
layer_order_shuffle,external_lung,seed43,target_disjoint,3,9,0.006300366300366289
layer_order_shuffle,external_lung,seed43,target_disjoint,3,10,0.0387999302285017
layer_order_shuffle,external_lung,seed43,target_disjoint,3,11,0.006300366300366289
layer_order_shuffle,external_lung,seed43,target_disjoint,3,12,0.045013082155939355
layer_order_shuffle,external_lung,seed43,target_disjoint,3,13,0.0387999302285017
layer_order_shuffle,external_lung,seed43,target_disjoint,3,14,-0.026949241234955457
layer_order_shuffle,external_lung,seed43,target_disjoint,3,15,0.038217338217338304
layer_order_shuffle,external_lung,seed43,target_disjoint,7,0,0.022501308215593985
layer_order_shuffle,external_lung,seed43,target_disjoint,7,1,0.03170765742194326
layer_order_shuffle,external_lung,seed43,target_disjoint,7,2,0.031512297226583
layer_order_shuffle,external_lung,seed43,target_disjoint,7,3,0.00840746555032279
layer_order_shuffle,external_lung,seed43,target_disjoint,7,4,0.04038374324088623
layer_order_shuffle,external_lung,seed43,target_disjoint,7,5,0.031512297226583
layer_order_shuffle,external_lung,seed43,target_disjoint,7,6,-0.0007535321821035001
layer_order_shuffle,external_lung,seed43,target_disjoint,7,7,0.054418280132566
layer_order_shuffle,external_lung,seed43,target_disjoint,7,8,0.04038374324088623
layer_order_shuffle,external_lung,seed43,target_disjoint,7,9,0.022501308215593985
layer_order_shuffle,external_lung,seed43,target_disjoint,7,10,0.031512297226583
layer_order_shuffle,external_lung,seed43,target_disjoint,7,11,0.04038374324088623
layer_order_shuffle,external_lung,seed43,target_disjoint,7,12,0.03170765742194326
layer_order_shuffle,external_lung,seed43,target_disjoint,7,13,0.031512297226583
layer_order_shuffle,external_lung,seed43,target_disjoint,7,14,-0.021238444095586895
layer_order_shuffle,external_lung,seed43,target_disjoint,7,15,-0.021238444095586895
layer_order_shuffle,external_lung,seed43,target_disjoint,11,0,-0.0110657596371882
layer_order_shuffle,external_lung,seed43,target_disjoint,11,1,0.0634624106052678
layer_order_shuffle,external_lung,seed43,target_disjoint,11,2,-0.023052503052503115
layer_order_shuffle,external_lung,seed43,target_disjoint,11,3,0.027149834292691466
layer_order_shuffle,external_lung,seed43,target_disjoint,11,4,0.03190825047967916
layer_order_shuffle,external_lung,seed43,target_disjoint,11,5,0.003910692482121059
layer_order_shuffle,external_lung,seed43,target_disjoint,11,6,0.0634624106052678
layer_order_shuffle,external_lung,seed43,target_disjoint,11,7,-0.016804465375893862
layer_order_shuffle,external_lung,seed43,target_disjoint,11,8,0.006124193267050493
layer_order_shuffle,external_lung,seed43,target_disjoint,11,9,0.003910692482121059
layer_order_shuffle,external_lung,seed43,target_disjoint,11,10,0.0634624106052678
layer_order_shuffle,external_lung,seed43,target_disjoint,11,11,-0.016804465375893862
layer_order_shuffle,external_lung,seed43,target_disjoint,11,12,0.032445491016919625
layer_order_shuffle,external_lung,seed43,target_disjoint,11,13,0.008126635269492422
layer_order_shuffle,external_lung,seed43,target_disjoint,11,14,0.0634624106052678
layer_order_shuffle,external_lung,seed43,target_disjoint,11,15,0.013197278911564636
layer_order_shuffle,external_lung,seed44,source_disjoint,0,0,-0.040986335832675636
layer_order_shuffle,external_lung,seed44,source_disjoint,0,1,-0.030670382794001527
layer_order_shuffle,external_lung,seed44,source_disjoint,0,2,0.03502367797947925
layer_order_shuffle,external_lung,seed44,source_disjoint,0,3,0.04460277722967643
layer_order_shuffle,external_lung,seed44,source_disjoint,0,4,-0.02722967640094709
layer_order_shuffle,external_lung,seed44,source_disjoint,0,5,0.03427140883977908
layer_order_shuffle,external_lung,seed44,source_disjoint,0,6,0.044528783543804296
layer_order_shuffle,external_lung,seed44,source_disjoint,0,7,-0.030670382794001527
layer_order_shuffle,external_lung,seed44,source_disjoint,0,8,-0.012437105367008705
layer_order_shuffle,external_lung,seed44,source_disjoint,0,9,-0.040986335832675636
layer_order_shuffle,external_lung,seed44,source_disjoint,0,10,0.04460277722967643
layer_order_shuffle,external_lung,seed44,source_disjoint,0,11,0.02625542620363064
layer_order_shuffle,external_lung,seed44,source_disjoint,0,12,-0.04813905880031566
layer_order_shuffle,external_lung,seed44,source_disjoint,0,13,0.02625542620363064
layer_order_shuffle,external_lung,seed44,source_disjoint,0,14,0.020520915548539964
layer_order_shuffle,external_lung,seed44,source_disjoint,0,15,0.032221167127071904
layer_order_shuffle,external_lung,seed44,source_disjoint,3,0,-0.015082379636937704
layer_order_shuffle,external_lung,seed44,source_disjoint,3,1,0.051777081689029114
layer_order_shuffle,external_lung,seed44,source_disjoint,3,2,-0.009557517758484624
layer_order_shuffle,external_lung,seed44,source_disjoint,3,3,0.06676080307813731
layer_order_shuffle,external_lung,seed44,source_disjoint,3,4,0.051777081689029114
layer_order_shuffle,external_lung,seed44,source_disjoint,3,5,0.0726248026835043
layer_order_shuffle,external_lung,seed44,source_disjoint,3,6,0.0726248026835043
layer_order_shuffle,external_lung,seed44,source_disjoint,3,7,0.06616885359116015
layer_order_shuffle,external_lung,seed44,source_disjoint,3,8,0.007670678768745054
layer_order_shuffle,external_lung,seed44,source_disjoint,3,9,-0.015705159826361503
layer_order_shuffle,external_lung,seed44,source_disjoint,3,10,-0.015705159826361503
layer_order_shuffle,external_lung,seed44,source_disjoint,3,11,0.007670678768745054
layer_order_shuffle,external_lung,seed44,source_disjoint,3,12,-0.020675069060773488
layer_order_shuffle,external_lung,seed44,source_disjoint,3,13,-0.009557517758484624
layer_order_shuffle,external_lung,seed44,source_disjoint,3,14,-0.023116860694554042
layer_order_shuffle,external_lung,seed44,source_disjoint,3,15,-0.009557517758484624
layer_order_shuffle,external_lung,seed44,source_disjoint,7,0,0.017154202841357546
layer_order_shuffle,external_lung,seed44,source_disjoint,7,1,-0.020453088003156983
layer_order_shuffle,external_lung,seed44,source_disjoint,7,2,-0.013312697316495647
layer_order_shuffle,external_lung,seed44,source_disjoint,7,3,-0.013041387134964444
layer_order_shuffle,external_lung,seed44,source_disjoint,7,4,-0.006893745067087564
layer_order_shuffle,external_lung,seed44,source_disjoint,7,5,0.02031743291239152
layer_order_shuffle,external_lung,seed44,source_disjoint,7,6,0.034647543409629
layer_order_shuffle,external_lung,seed44,source_disjoint,7,7,0.02031743291239152
layer_order_shuffle,external_lung,seed44,source_disjoint,7,8,0.017154202841357546
layer_order_shuffle,external_lung,seed44,source_disjoint,7,9,-0.013312697316495647
layer_order_shuffle,external_lung,seed44,source_disjoint,7,10,-0.01801129636937643
layer_order_shuffle,external_lung,seed44,source_disjoint,7,11,-0.013312697316495647
layer_order_shuffle,external_lung,seed44,source_disjoint,7,12,-0.013312697316495647
layer_order_shuffle,external_lung,seed44,source_disjoint,7,13,-0.01808529005524856
layer_order_shuffle,external_lung,seed44,source_disjoint,7,14,-0.02328334648776631
layer_order_shuffle,external_lung,seed44,source_disjoint,7,15,0.007676844909234426
layer_order_shuffle,external_lung,seed44,source_disjoint,11,0,0.03706775355169689
layer_order_shuffle,external_lung,seed44,source_disjoint,11,1,0.03706775355169689
layer_order_shuffle,external_lung,seed44,source_disjoint,11,2,0.03073204419889508
layer_order_shuffle,external_lung,seed44,source_disjoint,11,3,0.05540893843725336
layer_order_shuffle,external_lung,seed44,source_disjoint,11,4,0.03073204419889508
layer_order_shuffle,external_lung,seed44,source_disjoint,11,5,0.054813905880031544
layer_order_shuffle,external_lung,seed44,source_disjoint,11,6,0.0050778166929754676
layer_order_shuffle,external_lung,seed44,source_disjoint,11,7,-0.017018547750591972
layer_order_shuffle,external_lung,seed44,source_disjoint,11,8,-0.017018547750591972
layer_order_shuffle,external_lung,seed44,source_disjoint,11,9,-0.03792793014996054
layer_order_shuffle,external_lung,seed44,source_disjoint,11,10,-0.038652451657458564
layer_order_shuffle,external_lung,seed44,source_disjoint,11,11,0.03073204419889508
layer_order_shuffle,external_lung,seed44,source_disjoint,11,12,-0.03792793014996054
layer_order_shuffle,external_lung,seed44,source_disjoint,11,13,-0.03245548046566693
layer_order_shuffle,external_lung,seed44,source_disjoint,11,14,0.054813905880031544
layer_order_shuffle,external_lung,seed44,source_disjoint,11,15,0.05473991219415941
layer_order_shuffle,external_lung,seed44,target_disjoint,0,0,-0.10504578321690572
layer_order_shuffle,external_lung,seed44,target_disjoint,0,1,0.017154262303692325
layer_order_shuffle,external_lung,seed44,target_disjoint,0,2,-0.118194232890383
layer_order_shuffle,external_lung,seed44,target_disjoint,0,3,0.014827459425389988
layer_order_shuffle,external_lung,seed44,target_disjoint,0,4,0.023462366720941152
layer_order_shuffle,external_lung,seed44,target_disjoint,0,5,-0.014918500621531328
layer_order_shuffle,external_lung,seed44,target_disjoint,0,6,0.01702120209394742
layer_order_shuffle,external_lung,seed44,target_disjoint,0,7,0.014827459425389988
layer_order_shuffle,external_lung,seed44,target_disjoint,0,8,0.01702120209394742
layer_order_shuffle,external_lung,seed44,target_disjoint,0,9,-0.09845930283453275
layer_order_shuffle,external_lung,seed44,target_disjoint,0,10,0.025425004814678576
layer_order_shuffle,external_lung,seed44,target_disjoint,0,11,0.014827459425389988
layer_order_shuffle,external_lung,seed44,target_disjoint,0,12,0.017154262303692325
layer_order_shuffle,external_lung,seed44,target_disjoint,0,13,-0.007488138382618192
layer_order_shuffle,external_lung,seed44,target_disjoint,0,14,-0.118194232890383
layer_order_shuffle,external_lung,seed44,target_disjoint,0,15,-0.13835985783567073
layer_order_shuffle,external_lung,seed44,target_disjoint,3,0,-0.04254074968923438
layer_order_shuffle,external_lung,seed44,target_disjoint,3,1,-0.07224469072255202
layer_order_shuffle,external_lung,seed44,target_disjoint,3,2,-0.0582978797906053
layer_order_shuffle,external_lung,seed44,target_disjoint,3,3,0.006614493058108684
layer_order_shuffle,external_lung,seed44,target_disjoint,3,4,0.008085158534236747
layer_order_shuffle,external_lung,seed44,target_disjoint,3,5,-0.062275679745084744
layer_order_shuffle,external_lung,seed44,target_disjoint,3,6,0.09417511423919322
layer_order_shuffle,external_lung,seed44,target_disjoint,3,7,0.008085158534236747
layer_order_shuffle,external_lung,seed44,target_disjoint,3,8,-0.040635887739202015
layer_order_shuffle,external_lung,seed44,target_disjoint,3,9,-0.040635887739202015
layer_order_shuffle,external_lung,seed44,target_disjoint,3,10,-0.062275679745084744
layer_order_shuffle,external_lung,seed44,target_disjoint,3,11,0.0180961885253077
layer_order_shuffle,external_lung,seed44,target_disjoint,3,12,0.006614493058108684
layer_order_shuffle,external_lung,seed44,target_disjoint,3,13,-0.07687028380342109
layer_order_shuffle,external_lung,seed44,target_disjoint,3,14,-0.07224469072255202
layer_order_shuffle,external_lung,seed44,target_disjoint,3,15,-0.03855244498135413
layer_order_shuffle,external_lung,seed44,target_disjoint,7,0,0.031755869530962655
layer_order_shuffle,external_lung,seed44,target_disjoint,7,1,0.04646252429224218
layer_order_shuffle,external_lung,seed44,target_disjoint,7,2,0.010221125059089231
layer_order_shuffle,external_lung,seed44,target_disjoint,7,3,0.04646252429224218
layer_order_shuffle,external_lung,seed44,target_disjoint,7,4,0.010221125059089231
layer_order_shuffle,external_lung,seed44,target_disjoint,7,5,0.006054239543393347
layer_order_shuffle,external_lung,seed44,target_disjoint,7,6,-0.04743946635852725
layer_order_shuffle,external_lung,seed44,target_disjoint,7,7,-0.012245040880998648
layer_order_shuffle,external_lung,seed44,target_disjoint,7,8,0.08630005077297476
layer_order_shuffle,external_lung,seed44,target_disjoint,7,9,0.031766374284363685
layer_order_shuffle,external_lung,seed44,target_disjoint,7,10,-0.08011975418877049
layer_order_shuffle,external_lung,seed44,target_disjoint,7,11,-0.08499395976679447
layer_order_shuffle,external_lung,seed44,target_disjoint,7,12,-0.06101861092144195
layer_order_shuffle,external_lung,seed44,target_disjoint,7,13,-0.08474534726963956
layer_order_shuffle,external_lung,seed44,target_disjoint,7,14,-0.04961745189698341
layer_order_shuffle,external_lung,seed44,target_disjoint,7,15,0.05495036504018058
layer_order_shuffle,external_lung,seed44,target_disjoint,11,0,-0.054854071467339005
layer_order_shuffle,external_lung,seed44,target_disjoint,11,1,-0.07852653325629844
layer_order_shuffle,external_lung,seed44,target_disjoint,11,2,0.06903023618187232
layer_order_shuffle,external_lung,seed44,target_disjoint,11,3,0.028686730745662414
layer_order_shuffle,external_lung,seed44,target_disjoint,11,4,-0.05010417213789237
layer_order_shuffle,external_lung,seed44,target_disjoint,11,5,0.0670675980881349
layer_order_shuffle,external_lung,seed44,target_disjoint,11,6,-0.04558537738326596
layer_order_shuffle,external_lung,seed44,target_disjoint,11,7,-0.058425687623649636
layer_order_shuffle,external_lung,seed44,target_disjoint,11,8,-0.07458900152318926
layer_order_shuffle,external_lung,seed44,target_disjoint,11,9,-0.09475462646847699
layer_order_shuffle,external_lung,seed44,target_disjoint,11,10,-0.07458900152318926
layer_order_shuffle,external_lung,seed44,target_disjoint,11,11,-0.06973405465973348
layer_order_shuffle,external_lung,seed44,target_disjoint,11,12,-0.054854071467339005
layer_order_shuffle,external_lung,seed44,target_disjoint,11,13,-0.06144055184971198
layer_order_shuffle,external_lung,seed44,target_disjoint,11,14,-0.048407654463644756
layer_order_shuffle,external_lung,seed44,target_disjoint,11,15,-0.048407654463644756
layer_order_shuffle,immune,seed42_main,source_disjoint,0,0,-0.1514900662251657
layer_order_shuffle,immune,seed42_main,source_disjoint,0,1,-0.12718703268532372
layer_order_shuffle,immune,seed42_main,source_disjoint,0,2,-0.16108737449262978
layer_order_shuffle,immune,seed42_main,source_disjoint,0,3,-0.07305063020722069
layer_order_shuffle,immune,seed42_main,source_disjoint,0,4,-0.055682546464430716
layer_order_shuffle,immune,seed42_main,source_disjoint,0,5,-0.06294328135013894
layer_order_shuffle,immune,seed42_main,source_disjoint,0,6,-0.12932065797906434
layer_order_shuffle,immune,seed42_main,source_disjoint,0,7,-0.16919995727408677
layer_order_shuffle,immune,seed42_main,source_disjoint,0,8,-0.15390942106387528
layer_order_shuffle,immune,seed42_main,source_disjoint,0,9,-0.12718703268532372
layer_order_shuffle,immune,seed42_main,source_disjoint,0,10,-0.16108737449262978
layer_order_shuffle,immune,seed42_main,source_disjoint,0,11,-0.1564302499465926
layer_order_shuffle,immune,seed42_main,source_disjoint,0,12,-0.12932065797906434
layer_order_shuffle,immune,seed42_main,source_disjoint,0,13,-0.11356547746208084
layer_order_shuffle,immune,seed42_main,source_disjoint,0,14,-0.1514900662251657
layer_order_shuffle,immune,seed42_main,source_disjoint,0,15,-0.12932065797906434
layer_order_shuffle,immune,seed42_main,source_disjoint,3,0,-0.07476500747703468
layer_order_shuffle,immune,seed42_main,source_disjoint,3,1,-0.14992522965178368
layer_order_shuffle,immune,seed42_main,source_disjoint,3,2,-0.050731681264686856
layer_order_shuffle,immune,seed42_main,source_disjoint,3,3,0.008000427259132747
layer_order_shuffle,immune,seed42_main,source_disjoint,3,4,0.0036423841059604056
layer_order_shuffle,immune,seed42_main,source_disjoint,3,5,-0.14730292672505862
layer_order_shuffle,immune,seed42_main,source_disjoint,3,6,-0.09505447553941454
layer_order_shuffle,immune,seed42_main,source_disjoint,3,7,0.019098483230079233
layer_order_shuffle,immune,seed42_main,source_disjoint,3,8,-0.06039307840205066
layer_order_shuffle,immune,seed42_main,source_disjoint,3,9,-0.09415723136082021
layer_order_shuffle,immune,seed42_main,source_disjoint,3,10,-0.09415723136082021
layer_order_shuffle,immune,seed42_main,source_disjoint,3,11,0.019098483230079233
layer_order_shuffle,immune,seed42_main,source_disjoint,3,12,-0.03754005554368711
layer_order_shuffle,immune,seed42_main,source_disjoint,3,13,0.019098483230079233
layer_order_shuffle,immune,seed42_main,source_disjoint,3,14,-0.04783165990173027
layer_order_shuffle,immune,seed42_main,source_disjoint,3,15,-0.03754005554368711
layer_order_shuffle,immune,seed42_main,source_disjoint,7,0,-0.07067400128177737
layer_order_shuffle,immune,seed42_main,source_disjoint,7,1,-0.08750267036957915
layer_order_shuffle,immune,seed42_main,source_disjoint,7,2,-0.016299935911130103
layer_order_shuffle,immune,seed42_main,source_disjoint,7,3,-0.071058534501175
layer_order_shuffle,immune,seed42_main,source_disjoint,7,4,-0.11499679555650505
layer_order_shuffle,immune,seed42_main,source_disjoint,7,5,-0.09470732749412519
layer_order_shuffle,immune,seed42_main,source_disjoint,7,6,-0.09470732749412519
layer_order_shuffle,immune,seed42_main,source_disjoint,7,7,-0.07067400128177737
layer_order_shuffle,immune,seed42_main,source_disjoint,7,8,-0.07067400128177737
layer_order_shuffle,immune,seed42_main,source_disjoint,7,9,-0.08750267036957915
layer_order_shuffle,immune,seed42_main,source_disjoint,7,10,-0.10261696218756677
layer_order_shuffle,immune,seed42_main,source_disjoint,7,11,-0.11409955137791072
layer_order_shuffle,immune,seed42_main,source_disjoint,7,12,-0.08033539841914117
layer_order_shuffle,immune,seed42_main,source_disjoint,7,13,-0.024781029694509682
layer_order_shuffle,immune,seed42_main,source_disjoint,7,14,-0.13940931424909214
layer_order_shuffle,immune,seed42_main,source_disjoint,7,15,-0.06054795983764161
layer_order_shuffle,immune,seed42_main,source_disjoint,11,0,-0.1363330484939116
layer_order_shuffle,immune,seed42_main,source_disjoint,11,1,-0.13675496688741723
layer_order_shuffle,immune,seed42_main,source_disjoint,11,2,-0.055474257637256996
layer_order_shuffle,immune,seed42_main,source_disjoint,11,3,-0.04536690878017524
layer_order_shuffle,immune,seed42_main,source_disjoint,11,4,-0.11174428540910064
layer_order_shuffle,immune,seed42_main,source_disjoint,11,5,-0.1186765648365734
layer_order_shuffle,immune,seed42_main,source_disjoint,11,6,-0.14351100192266608
layer_order_shuffle,immune,seed42_main,source_disjoint,11,7,-0.11174428540910064
layer_order_shuffle,immune,seed42_main,source_disjoint,11,8,-0.12682119205298015
layer_order_shuffle,immune,seed42_main,source_disjoint,11,9,0.03732108523819677
layer_order_shuffle,immune,seed42_main,source_disjoint,11,10,-0.03810617389446702
layer_order_shuffle,immune,seed42_main,source_disjoint,11,11,-0.11174428540910064
layer_order_shuffle,immune,seed42_main,source_disjoint,11,12,-0.06224364452040165
layer_order_shuffle,immune,seed42_main,source_disjoint,11,13,-0.11174428540910064
layer_order_shuffle,immune,seed42_main,source_disjoint,11,14,-0.01686605426190979
layer_order_shuffle,immune,seed42_main,source_disjoint,11,15,-0.14335612048707547
layer_order_shuffle,immune,seed42_main,target_disjoint,0,0,-0.03166185611093297
layer_order_shuffle,immune,seed42_main,target_disjoint,0,1,-0.05413211465921419
layer_order_shuffle,immune,seed42_main,target_disjoint,0,2,-0.10090713336693091
layer_order_shuffle,immune,seed42_main,target_disjoint,0,3,-0.10090713336693091
layer_order_shuffle,immune,seed42_main,target_disjoint,0,4,-0.14684412272262182
layer_order_shuffle,immune,seed42_main,target_disjoint,0,5,-0.06617186664834074
layer_order_shuffle,immune,seed42_main,target_disjoint,0,6,-0.10090713336693091
layer_order_shuffle,immune,seed42_main,target_disjoint,0,7,-0.07250576503107786
layer_order_shuffle,immune,seed42_main,target_disjoint,0,8,-0.10090713336693091
layer_order_shuffle,immune,seed42_main,target_disjoint,0,9,-0.06681900093156812
layer_order_shuffle,immune,seed42_main,target_disjoint,0,10,-0.19194308272628713
layer_order_shuffle,immune,seed42_main,target_disjoint,0,11,-0.03166185611093297
layer_order_shuffle,immune,seed42_main,target_disjoint,0,12,-0.11409416471953704
layer_order_shuffle,immune,seed42_main,target_disjoint,0,13,-0.11985728684656627
layer_order_shuffle,immune,seed42_main,target_disjoint,0,14,-0.1177898932514776
layer_order_shuffle,immune,seed42_main,target_disjoint,0,15,-0.06617186664834074
layer_order_shuffle,immune,seed42_main,target_disjoint,3,0,-0.10904308119912637
layer_order_shuffle,immune,seed42_main,target_disjoint,3,1,-0.10904308119912637
layer_order_shuffle,immune,seed42_main,target_disjoint,3,2,-0.03994670209679141
layer_order_shuffle,immune,seed42_main,target_disjoint,3,3,-0.06465234190070401
layer_order_shuffle,immune,seed42_main,target_disjoint,3,4,-0.0036040988989172185
layer_order_shuffle,immune,seed42_main,target_disjoint,3,5,-0.1480849406698126
layer_order_shuffle,immune,seed42_main,target_disjoint,3,6,-0.10904308119912637
layer_order_shuffle,immune,seed42_main,target_disjoint,3,7,-0.1215887051205693
layer_order_shuffle,immune,seed42_main,target_disjoint,3,8,-0.0814282005467234
layer_order_shuffle,immune,seed42_main,target_disjoint,3,9,-0.0036040988989172185
layer_order_shuffle,immune,seed42_main,target_disjoint,3,10,-0.1730463798659153
layer_order_shuffle,immune,seed42_main,target_disjoint,3,11,-0.07948488874635395
layer_order_shuffle,immune,seed42_main,target_disjoint,3,12,-0.010117438646324861
layer_order_shuffle,immune,seed42_main,target_disjoint,3,13,-0.1072792107634275
layer_order_shuffle,immune,seed42_main,target_disjoint,3,14,-0.16173393808891123
layer_order_shuffle,immune,seed42_main,target_disjoint,3,15,-0.0814282005467234
layer_order_shuffle,immune,seed42_main,target_disjoint,7,0,-0.09744811472030057
layer_order_shuffle,immune,seed42_main,target_disjoint,7,1,-0.12927032268902428
layer_order_shuffle,immune,seed42_main,target_disjoint,7,2,-0.04291321146592142
layer_order_shuffle,immune,seed42_main,target_disjoint,7,3,-0.15869870649501383
layer_order_shuffle,immune,seed42_main,target_disjoint,7,4,-0.18767276003726274
layer_order_shuffle,immune,seed42_main,target_disjoint,7,5,-0.15869870649501383
layer_order_shuffle,immune,seed42_main,target_disjoint,7,6,-0.11422397336631995
layer_order_shuffle,immune,seed42_main,target_disjoint,7,7,-0.18343107160855832
layer_order_shuffle,immune,seed42_main,target_disjoint,7,8,-0.14007498358302406
layer_order_shuffle,immune,seed42_main,target_disjoint,7,9,-0.12927032268902428
layer_order_shuffle,immune,seed42_main,target_disjoint,7,10,-0.18088071348940915
layer_order_shuffle,immune,seed42_main,target_disjoint,7,11,-0.12607473923733598
layer_order_shuffle,immune,seed42_main,target_disjoint,7,12,-0.1945297109085078
layer_order_shuffle,immune,seed42_main,target_disjoint,7,13,-0.2000809395091706
layer_order_shuffle,immune,seed42_main,target_disjoint,7,14,-0.09723049434187014
layer_order_shuffle,immune,seed42_main,target_disjoint,7,15,-0.09879583390601854
layer_order_shuffle,immune,seed42_main,target_disjoint,11,0,-0.05456544646538697
layer_order_shuffle,immune,seed42_main,target_disjoint,11,1,-0.0361917960935233
layer_order_shuffle,immune,seed42_main,target_disjoint,11,2,-0.0361917960935233
layer_order_shuffle,immune,seed42_main,target_disjoint,11,3,-0.06774484201524111
layer_order_shuffle,immune,seed42_main,target_disjoint,11,4,-0.039465646523418996
layer_order_shuffle,immune,seed42_main,target_disjoint,11,5,-0.12890380415693092
layer_order_shuffle,immune,seed42_main,target_disjoint,11,6,-0.05456544646538697
layer_order_shuffle,immune,seed42_main,target_disjoint,11,7,-0.06575762434904775
layer_order_shuffle,immune,seed42_main,target_disjoint,11,8,-0.06774484201524111
layer_order_shuffle,immune,seed42_main,target_disjoint,11,9,-0.10191696828087538
layer_order_shuffle,immune,seed42_main,target_disjoint,11,10,-0.09849994654938077
layer_order_shuffle,immune,seed42_main,target_disjoint,11,11,-0.04954490615598417
layer_order_shuffle,immune,seed42_main,target_disjoint,11,12,-0.12890380415693092
layer_order_shuffle,immune,seed42_main,target_disjoint,11,13,-0.0361917960935233
layer_order_shuffle,immune,seed42_main,target_disjoint,11,14,-0.048231548082649844
layer_order_shuffle,immune,seed42_main,target_disjoint,11,15,-0.17400276416059623
layer_order_shuffle,immune,seed43,source_disjoint,0,0,-0.030405692258053563
layer_order_shuffle,immune,seed43,source_disjoint,0,1,-0.025025331001183093
layer_order_shuffle,immune,seed43,source_disjoint,0,2,-0.14980386163329773
layer_order_shuffle,immune,seed43,source_disjoint,0,3,0.005400173213103043
layer_order_shuffle,immune,seed43,source_disjoint,0,4,-0.046402431776113584
layer_order_shuffle,immune,seed43,source_disjoint,0,5,-0.1222709030289651
layer_order_shuffle,immune,seed43,source_disjoint,0,6,-0.023734723566605
layer_order_shuffle,immune,seed43,source_disjoint,0,7,-0.05562914282156228
layer_order_shuffle,immune,seed43,source_disjoint,0,8,-0.02757824307572132
layer_order_shuffle,immune,seed43,source_disjoint,0,9,-0.14980386163329773
layer_order_shuffle,immune,seed43,source_disjoint,0,10,-0.003034059583043258
layer_order_shuffle,immune,seed43,source_disjoint,0,11,-0.14872835543781598
layer_order_shuffle,immune,seed43,source_disjoint,0,12,0.005400173213103043
layer_order_shuffle,immune,seed43,source_disjoint,0,13,-0.025025331001183093
layer_order_shuffle,immune,seed43,source_disjoint,0,14,-0.030405692258053563
layer_order_shuffle,immune,seed43,source_disjoint,0,15,-0.01030221724093039
layer_order_shuffle,immune,seed43,source_disjoint,3,0,-0.12373415751071265
layer_order_shuffle,immune,seed43,source_disjoint,3,1,-0.03346522435625299
layer_order_shuffle,immune,seed43,source_disjoint,3,2,-0.1189396641024335
layer_order_shuffle,immune,seed43,source_disjoint,3,3,-0.02657066358732263
layer_order_shuffle,immune,seed43,source_disjoint,3,4,0.04265797204816002
layer_order_shuffle,immune,seed43,source_disjoint,3,5,-0.07349669706386808
layer_order_shuffle,immune,seed43,source_disjoint,3,6,0.04265797204816002
layer_order_shuffle,immune,seed43,source_disjoint,3,7,0.04265797204816002
layer_order_shuffle,immune,seed43,source_disjoint,3,8,-0.18617012243788955
layer_order_shuffle,immune,seed43,source_disjoint,3,9,0.0077662868431628285
layer_order_shuffle,immune,seed43,source_disjoint,3,10,-0.11985101408913124
layer_order_shuffle,immune,seed43,source_disjoint,3,11,-0.03346522435625299
layer_order_shuffle,immune,seed43,source_disjoint,3,12,-0.12200202648009473
layer_order_shuffle,immune,seed43,source_disjoint,3,13,-0.13155704994311146
layer_order_shuffle,immune,seed43,source_disjoint,3,14,-0.05519611006390773
layer_order_shuffle,immune,seed43,source_disjoint,3,15,-0.1189396641024335
layer_order_shuffle,immune,seed43,source_disjoint,7,0,-0.06730970616038623
layer_order_shuffle,immune,seed43,source_disjoint,7,1,-0.02038367268384078
layer_order_shuffle,immune,seed43,source_disjoint,7,2,-0.11366402318564939
layer_order_shuffle,immune,seed43,source_disjoint,7,3,-0.02727823345277114
layer_order_shuffle,immune,seed43,source_disjoint,7,4,-0.1799831315344077
layer_order_shuffle,immune,seed43,source_disjoint,7,5,-0.0499317902649708
layer_order_shuffle,immune,seed43,source_disjoint,7,6,0.04884496295164187
layer_order_shuffle,immune,seed43,source_disjoint,7,7,-0.1799831315344077
layer_order_shuffle,immune,seed43,source_disjoint,7,8,0.013953277746644677
layer_order_shuffle,immune,seed43,source_disjoint,7,9,0.04884496295164187
layer_order_shuffle,immune,seed43,source_disjoint,7,10,0.007228533745421983
layer_order_shuffle,immune,seed43,source_disjoint,7,11,0.04884496295164187
layer_order_shuffle,immune,seed43,source_disjoint,7,12,-0.05443193460922324
layer_order_shuffle,immune,seed43,source_disjoint,7,13,-0.11275267319895166
layer_order_shuffle,immune,seed43,source_disjoint,7,14,-0.1799831315344077
layer_order_shuffle,immune,seed43,source_disjoint,7,15,-0.043031568937116904
layer_order_shuffle,immune,seed43,source_disjoint,11,0,-0.08740469033912401
layer_order_shuffle,immune,seed43,source_disjoint,11,1,-0.2111077147757569
layer_order_shuffle,immune,seed43,source_disjoint,11,2,-0.11464329987943
layer_order_shuffle,immune,seed43,source_disjoint,11,3,-0.1087817911140545
layer_order_shuffle,immune,seed43,source_disjoint,11,4,-0.08995760241366224
layer_order_shuffle,immune,seed43,source_disjoint,11,5,-0.12225958191111774
layer_order_shuffle,immune,seed43,source_disjoint,11,6,-0.06541341892098418
layer_order_shuffle,immune,seed43,source_disjoint,11,7,-0.08995760241366224
layer_order_shuffle,immune,seed43,source_disjoint,11,8,-0.08796791595202103
layer_order_shuffle,immune,seed43,source_disjoint,11,9,-0.06410016925071171
layer_order_shuffle,immune,seed43,source_disjoint,11,10,-0.2111077147757569
layer_order_shuffle,immune,seed43,source_disjoint,11,11,-0.07268157657887131
layer_order_shuffle,immune,seed43,source_disjoint,11,12,-0.08796791595202103
layer_order_shuffle,immune,seed43,source_disjoint,11,13,-0.18465026236690602
layer_order_shuffle,immune,seed43,source_disjoint,11,14,-0.09278505159599448
layer_order_shuffle,immune,seed43,source_disjoint,11,15,-0.053384731208359515
layer_order_shuffle,immune,seed43,target_disjoint,0,0,-0.0270673055961822
layer_order_shuffle,immune,seed43,target_disjoint,0,1,0.007715113536823748
layer_order_shuffle,immune,seed43,target_disjoint,0,2,-0.0009829684855547915
layer_order_shuffle,immune,seed43,target_disjoint,0,3,-0.01777468618334732
layer_order_shuffle,immune,seed43,target_disjoint,0,4,-0.0484884877743294
layer_order_shuffle,immune,seed43,target_disjoint,0,5,-0.0009829684855547915
layer_order_shuffle,immune,seed43,target_disjoint,0,6,-0.047063579828535373
layer_order_shuffle,immune,seed43,target_disjoint,0,7,-0.09842962857267429
layer_order_shuffle,immune,seed43,target_disjoint,0,8,0.06376413512645829
layer_order_shuffle,immune,seed43,target_disjoint,0,9,-0.06605904945362007
layer_order_shuffle,immune,seed43,target_disjoint,0,10,0.06376413512645829
layer_order_shuffle,immune,seed43,target_disjoint,0,11,-0.05041677071070999
layer_order_shuffle,immune,seed43,target_disjoint,0,12,-0.02001212856276524
layer_order_shuffle,immune,seed43,target_disjoint,0,13,-0.07747218555908314
layer_order_shuffle,immune,seed43,target_disjoint,0,14,-0.009183620891251132
layer_order_shuffle,immune,seed43,target_disjoint,0,15,-0.13514231243336228
layer_order_shuffle,immune,seed43,target_disjoint,3,0,-0.06121356972139985
layer_order_shuffle,immune,seed43,target_disjoint,3,1,0.04451499621477861
layer_order_shuffle,immune,seed43,target_disjoint,3,2,-0.01849407642579981
layer_order_shuffle,immune,seed43,target_disjoint,3,3,-0.05534152209499127
layer_order_shuffle,immune,seed43,target_disjoint,3,4,0.01949289924176656
layer_order_shuffle,immune,seed43,target_disjoint,3,5,-0.05534152209499127
layer_order_shuffle,immune,seed43,target_disjoint,3,6,-0.01849407642579981
layer_order_shuffle,immune,seed43,target_disjoint,3,7,-0.05452700587006587
layer_order_shuffle,immune,seed43,target_disjoint,3,8,-0.05452700587006587
layer_order_shuffle,immune,seed43,target_disjoint,3,9,-0.054653840513363305
layer_order_shuffle,immune,seed43,target_disjoint,3,10,-0.01849407642579981
layer_order_shuffle,immune,seed43,target_disjoint,3,11,-0.07182804393234965
layer_order_shuffle,immune,seed43,target_disjoint,3,12,-0.03289377202265592
layer_order_shuffle,immune,seed43,target_disjoint,3,13,-0.041994157679243194
layer_order_shuffle,immune,seed43,target_disjoint,3,14,-0.030174754356968203
layer_order_shuffle,immune,seed43,target_disjoint,3,15,-0.047876114262159375
layer_order_shuffle,immune,seed43,target_disjoint,7,0,-0.09360793033607218
layer_order_shuffle,immune,seed43,target_disjoint,7,1,-0.04564065367404291
layer_order_shuffle,immune,seed43,target_disjoint,7,2,-0.09360793033607218
layer_order_shuffle,immune,seed43,target_disjoint,7,3,-0.05164548131765345
layer_order_shuffle,immune,seed43,target_disjoint,7,4,-0.08418253090603534
layer_order_shuffle,immune,seed43,target_disjoint,7,5,-0.0810750821452495
layer_order_shuffle,immune,seed43,target_disjoint,7,6,-0.058125938873629046
layer_order_shuffle,immune,seed43,target_disjoint,7,7,-0.04564065367404291
layer_order_shuffle,immune,seed43,target_disjoint,7,8,-0.0810750821452495
layer_order_shuffle,immune,seed43,target_disjoint,7,9,-0.12065938160184231
layer_order_shuffle,immune,seed43,target_disjoint,7,10,-0.08418253090603534
layer_order_shuffle,immune,seed43,target_disjoint,7,11,-0.019588025224239747
layer_order_shuffle,immune,seed43,target_disjoint,7,12,-0.057575000891806116
layer_order_shuffle,immune,seed43,target_disjoint,7,13,-0.057575000891806116
layer_order_shuffle,immune,seed43,target_disjoint,7,14,-0.057575000891806116
layer_order_shuffle,immune,seed43,target_disjoint,7,15,-0.06256118780643449
layer_order_shuffle,immune,seed43,target_disjoint,11,0,-0.0336646888389478
layer_order_shuffle,immune,seed43,target_disjoint,11,1,-0.05915448855911887
layer_order_shuffle,immune,seed43,target_disjoint,11,2,0.01136359132292486
layer_order_shuffle,immune,seed43,target_disjoint,11,3,-0.04236277086132634
layer_order_shuffle,immune,seed43,target_disjoint,11,4,-0.06844710797195375
layer_order_shuffle,immune,seed43,target_disjoint,11,5,-0.06844710797195375
layer_order_shuffle,immune,seed43,target_disjoint,11,6,-0.13980943094844583
layer_order_shuffle,immune,seed43,target_disjoint,11,7,-0.08509415490473538
layer_order_shuffle,immune,seed43,target_disjoint,11,8,-0.12571889479462706
layer_order_shuffle,immune,seed43,target_disjoint,11,9,-0.05056342326702268
layer_order_shuffle,immune,seed43,target_disjoint,11,10,-0.06509986246368382
layer_order_shuffle,immune,seed43,target_disjoint,11,11,-0.13980943094844583
layer_order_shuffle,immune,seed43,target_disjoint,11,12,0.022384332750686742
layer_order_shuffle,immune,seed43,target_disjoint,11,13,-0.05915448855911887
layer_order_shuffle,immune,seed43,target_disjoint,11,14,-0.08984054507187966
layer_order_shuffle,immune,seed43,target_disjoint,11,15,-0.08509415490473538
layer_order_shuffle,immune,seed44,source_disjoint,0,0,0.012631117947403236
layer_order_shuffle,immune,seed44,source_disjoint,0,1,-0.05793490568053156
layer_order_shuffle,immune,seed44,source_disjoint,0,2,-0.07612852229272149
layer_order_shuffle,immune,seed44,source_disjoint,0,3,-0.006737486380824276
layer_order_shuffle,immune,seed44,source_disjoint,0,4,-0.05740349078168727
layer_order_shuffle,immune,seed44,source_disjoint,0,5,-0.11490311692195948
layer_order_shuffle,immune,seed44,source_disjoint,0,6,-0.08149875024033842
layer_order_shuffle,immune,seed44,source_disjoint,0,7,-0.03868914097716247
layer_order_shuffle,immune,seed44,source_disjoint,0,8,-0.07612852229272149
layer_order_shuffle,immune,seed44,source_disjoint,0,9,0.002649063214339109
layer_order_shuffle,immune,seed44,source_disjoint,0,10,-0.03319340297805984
layer_order_shuffle,immune,seed44,source_disjoint,0,11,-0.11490311692195948
layer_order_shuffle,immune,seed44,source_disjoint,0,12,-0.05740349078168727
layer_order_shuffle,immune,seed44,source_disjoint,0,13,-0.05740349078168727
layer_order_shuffle,immune,seed44,source_disjoint,0,14,-0.03296374628810694
layer_order_shuffle,immune,seed44,source_disjoint,0,15,0.002649063214339109
layer_order_shuffle,immune,seed44,source_disjoint,3,0,-0.12003033604648677
layer_order_shuffle,immune,seed44,source_disjoint,3,1,-0.08598239654767242
layer_order_shuffle,immune,seed44,source_disjoint,3,2,-0.16241000662265803
layer_order_shuffle,immune,seed44,source_disjoint,3,3,-0.09925975773889639
layer_order_shuffle,immune,seed44,source_disjoint,3,4,-0.10556730543271586
layer_order_shuffle,immune,seed44,source_disjoint,3,5,-0.04960584502980192
layer_order_shuffle,immune,seed44,source_disjoint,3,6,-0.11863637334700594
layer_order_shuffle,immune,seed44,source_disjoint,3,7,0.0021042961823581896
layer_order_shuffle,immune,seed44,source_disjoint,3,8,0.0021042961823581896
layer_order_shuffle,immune,seed44,source_disjoint,3,9,-0.01589972013928942
layer_order_shuffle,immune,seed44,source_disjoint,3,10,-0.01589972013928942
layer_order_shuffle,immune,seed44,source_disjoint,3,11,-0.058097801704800334
layer_order_shuffle,immune,seed44,source_disjoint,3,12,-0.12003033604648677
layer_order_shuffle,immune,seed44,source_disjoint,3,13,0.0021042961823581896
layer_order_shuffle,immune,seed44,source_disjoint,3,14,0.003957572261744535
layer_order_shuffle,immune,seed44,source_disjoint,3,15,-0.01589972013928942
layer_order_shuffle,immune,seed44,source_disjoint,7,0,-0.1254833472195519
layer_order_shuffle,immune,seed44,source_disjoint,7,1,-0.07151402508064697
layer_order_shuffle,immune,seed44,source_disjoint,7,2,-0.1254833472195519
layer_order_shuffle,immune,seed44,source_disjoint,7,3,-0.02933730692815495
layer_order_shuffle,immune,seed44,source_disjoint,7,4,-0.14625392552714228
layer_order_shuffle,immune,seed44,source_disjoint,7,5,-0.024119293298297317
layer_order_shuffle,immune,seed44,source_disjoint,7,6,-0.14485996282766145
layer_order_shuffle,immune,seed44,source_disjoint,7,7,-0.18863359610331354
layer_order_shuffle,immune,seed44,source_disjoint,7,8,-0.09473071417889728
layer_order_shuffle,immune,seed44,source_disjoint,7,9,-0.11220598602832793
layer_order_shuffle,immune,seed44,source_disjoint,7,10,-0.09473071417889728
layer_order_shuffle,immune,seed44,source_disjoint,7,11,-0.07151402508064697
layer_order_shuffle,immune,seed44,source_disjoint,7,12,-0.09898203336965122
layer_order_shuffle,immune,seed44,source_disjoint,7,13,-0.14485996282766145
layer_order_shuffle,immune,seed44,source_disjoint,7,14,-0.09498173428186896
layer_order_shuffle,immune,seed44,source_disjoint,7,15,-0.08432139118545584
layer_order_shuffle,immune,seed44,source_disjoint,11,0,-0.09510457390672744
layer_order_shuffle,immune,seed44,source_disjoint,11,1,-0.095988485120383
layer_order_shuffle,immune,seed44,source_disjoint,11,2,-0.143797133029973
layer_order_shuffle,immune,seed44,source_disjoint,11,3,-0.10296096904441465
layer_order_shuffle,immune,seed44,source_disjoint,11,4,-0.11382960541776166
layer_order_shuffle,immune,seed44,source_disjoint,11,5,-0.143797133029973
layer_order_shuffle,immune,seed44,source_disjoint,11,6,-0.10296096904441465
layer_order_shuffle,immune,seed44,source_disjoint,11,7,-0.09510457390672744
layer_order_shuffle,immune,seed44,source_disjoint,11,8,-0.095988485120383
layer_order_shuffle,immune,seed44,source_disjoint,11,9,-0.08682892178854507
layer_order_shuffle,immune,seed44,source_disjoint,11,10,-0.062469290093785435
layer_order_shuffle,immune,seed44,source_disjoint,11,11,-0.07086244098357175
layer_order_shuffle,immune,seed44,source_disjoint,11,12,-0.10296096904441465
layer_order_shuffle,immune,seed44,source_disjoint,11,13,-0.09786579503941562
layer_order_shuffle,immune,seed44,source_disjoint,11,14,-0.044438569505864445
layer_order_shuffle,immune,seed44,source_disjoint,11,15,-0.11647866863210077
layer_order_shuffle,immune,seed44,target_disjoint,0,0,-0.04164441141636277
layer_order_shuffle,immune,seed44,target_disjoint,0,1,-0.09072981739083319
layer_order_shuffle,immune,seed44,target_disjoint,0,2,-0.14419660481642316
layer_order_shuffle,immune,seed44,target_disjoint,0,3,-0.08124327504392992
layer_order_shuffle,immune,seed44,target_disjoint,0,4,-0.09072981739083319
layer_order_shuffle,immune,seed44,target_disjoint,0,5,-0.14861862628983685
layer_order_shuffle,immune,seed44,target_disjoint,0,6,-0.05188569703443957
layer_order_shuffle,immune,seed44,target_disjoint,0,7,-0.15542679764365275
layer_order_shuffle,immune,seed44,target_disjoint,0,8,-0.15542679764365275
layer_order_shuffle,immune,seed44,target_disjoint,0,9,-0.14801676691205495
layer_order_shuffle,immune,seed44,target_disjoint,0,10,-0.061445778469303214
layer_order_shuffle,immune,seed44,target_disjoint,0,11,-0.06980214114860317
layer_order_shuffle,immune,seed44,target_disjoint,0,12,-0.04164441141636277
layer_order_shuffle,immune,seed44,target_disjoint,0,13,-0.15248910460354692
layer_order_shuffle,immune,seed44,target_disjoint,0,14,-0.16067129575872985
layer_order_shuffle,immune,seed44,target_disjoint,0,15,-0.048239706462924636
layer_order_shuffle,immune,seed44,target_disjoint,3,0,-0.020327752103604935
layer_order_shuffle,immune,seed44,target_disjoint,3,1,-0.09666132540659367
layer_order_shuffle,immune,seed44,target_disjoint,3,2,-0.12932042141767874
layer_order_shuffle,immune,seed44,target_disjoint,3,3,-0.12932042141767874
layer_order_shuffle,immune,seed44,target_disjoint,3,4,-0.019861359466802897
layer_order_shuffle,immune,seed44,target_disjoint,3,5,-0.001979749657462615
layer_order_shuffle,immune,seed44,target_disjoint,3,6,-0.09666132540659367
layer_order_shuffle,immune,seed44,target_disjoint,3,7,-0.04093030816748333
layer_order_shuffle,immune,seed44,target_disjoint,3,8,-0.12941718337552155
layer_order_shuffle,immune,seed44,target_disjoint,3,9,-0.001979749657462615
layer_order_shuffle,immune,seed44,target_disjoint,3,10,-0.07495955350162165
layer_order_shuffle,immune,seed44,target_disjoint,3,11,-0.09275601278806034
layer_order_shuffle,immune,seed44,target_disjoint,3,12,-0.001979749657462615
layer_order_shuffle,immune,seed44,target_disjoint,3,13,-0.019861359466802897
layer_order_shuffle,immune,seed44,target_disjoint,3,14,-0.02604638381211144
layer_order_shuffle,immune,seed44,target_disjoint,3,15,-0.009594915739687071
layer_order_shuffle,immune,seed44,target_disjoint,7,0,-0.044311170974508984
layer_order_shuffle,immune,seed44,target_disjoint,7,1,-0.06837780512915781
layer_order_shuffle,immune,seed44,target_disjoint,7,2,-0.09300759387845148
layer_order_shuffle,immune,seed44,target_disjoint,7,3,-0.13612085181486727
layer_order_shuffle,immune,seed44,target_disjoint,7,4,-0.13812575958136908
layer_order_shuffle,immune,seed44,target_disjoint,7,5,-0.13812575958136908
layer_order_shuffle,immune,seed44,target_disjoint,7,6,-0.14949722486704908
layer_order_shuffle,immune,seed44,target_disjoint,7,7,-0.1716518427347251
layer_order_shuffle,immune,seed44,target_disjoint,7,8,-0.14949722486704908
layer_order_shuffle,immune,seed44,target_disjoint,7,9,-0.17174860469256792
layer_order_shuffle,immune,seed44,target_disjoint,7,10,-0.11571181966667438
layer_order_shuffle,immune,seed44,target_disjoint,7,11,-0.16479722564114474
layer_order_shuffle,immune,seed44,target_disjoint,7,12,-0.17537137239420042
layer_order_shuffle,immune,seed44,target_disjoint,7,13,-0.06837780512915781
layer_order_shuffle,immune,seed44,target_disjoint,7,14,-0.0626591734206513
layer_order_shuffle,immune,seed44,target_disjoint,7,15,-0.11571181966667438
layer_order_shuffle,immune,seed44,target_disjoint,11,0,-0.07304173149717841
layer_order_shuffle,immune,seed44,target_disjoint,11,1,-0.15115572482447387
layer_order_shuffle,immune,seed44,target_disjoint,11,2,-0.07073492642220736
layer_order_shuffle,immune,seed44,target_disjoint,11,3,-0.1238340184079949
layer_order_shuffle,immune,seed44,target_disjoint,11,4,-0.1238340184079949
layer_order_shuffle,immune,seed44,target_disjoint,11,5,-0.02128182500793452
layer_order_shuffle,immune,seed44,target_disjoint,11,6,-0.13212651819511867
layer_order_shuffle,immune,seed44,target_disjoint,11,7,-0.13212651819511867
layer_order_shuffle,immune,seed44,target_disjoint,11,8,-0.03190048226159792
layer_order_shuffle,immune,seed44,target_disjoint,11,9,-0.15115572482447387
layer_order_shuffle,immune,seed44,target_disjoint,11,10,-0.03152311062601132
layer_order_shuffle,immune,seed44,target_disjoint,11,11,-0.11454099997677725
layer_order_shuffle,immune,seed44,target_disjoint,11,12,-0.06639224975422475
layer_order_shuffle,immune,seed44,target_disjoint,11,13,-0.04943955474017492
layer_order_shuffle,immune,seed44,target_disjoint,11,14,-0.03152311062601132
layer_order_shuffle,immune,seed44,target_disjoint,11,15,-0.03804099610629885
layer_order_shuffle,lung,seed42_main,source_disjoint,0,0,-0.13794398221468773
layer_order_shuffle,lung,seed42_main,source_disjoint,0,1,-0.16402340642263913
layer_order_shuffle,lung,seed42_main,source_disjoint,0,2,-0.042210375261166
layer_order_shuffle,lung,seed42_main,source_disjoint,0,3,-0.11421784033369764
layer_order_shuffle,lung,seed42_main,source_disjoint,0,4,-0.05541552348449352
layer_order_shuffle,lung,seed42_main,source_disjoint,0,5,0.062330381506844224
layer_order_shuffle,lung,seed42_main,source_disjoint,0,6,-0.03848155666094144
layer_order_shuffle,lung,seed42_main,source_disjoint,0,7,-0.02109031696816932
layer_order_shuffle,lung,seed42_main,source_disjoint,0,8,-0.02250674756307014
layer_order_shuffle,lung,seed42_main,source_disjoint,0,9,-0.07984802183013234
layer_order_shuffle,lung,seed42_main,source_disjoint,0,10,-0.07984802183013234
layer_order_shuffle,lung,seed42_main,source_disjoint,0,11,-0.05541552348449352
layer_order_shuffle,lung,seed42_main,source_disjoint,0,12,-0.042210375261166
layer_order_shuffle,lung,seed42_main,source_disjoint,0,13,-0.042210375261166
layer_order_shuffle,lung,seed42_main,source_disjoint,0,14,-0.07514889250741674
layer_order_shuffle,lung,seed42_main,source_disjoint,0,15,-0.04479787052114226
layer_order_shuffle,lung,seed42_main,source_disjoint,3,0,0.003985337526860144
layer_order_shuffle,lung,seed42_main,source_disjoint,3,1,-0.03920650145360738
layer_order_shuffle,lung,seed42_main,source_disjoint,3,2,-0.1237090406192144
layer_order_shuffle,lung,seed42_main,source_disjoint,3,3,-0.12170150119337064
layer_order_shuffle,lung,seed42_main,source_disjoint,3,4,-0.0038663722275509294
layer_order_shuffle,lung,seed42_main,source_disjoint,3,5,-0.12170150119337064
layer_order_shuffle,lung,seed42_main,source_disjoint,3,6,-0.05114020804056718
layer_order_shuffle,lung,seed42_main,source_disjoint,3,7,-0.1410854096495729
layer_order_shuffle,lung,seed42_main,source_disjoint,3,8,-0.03920650145360738
layer_order_shuffle,lung,seed42_main,source_disjoint,3,9,-0.060739220628582946
layer_order_shuffle,lung,seed42_main,source_disjoint,3,10,-0.08187043191838983
layer_order_shuffle,lung,seed42_main,source_disjoint,3,11,-0.05901422378859866
layer_order_shuffle,lung,seed42_main,source_disjoint,3,12,-0.03920650145360738
layer_order_shuffle,lung,seed42_main,source_disjoint,3,13,-0.0038663722275509294
layer_order_shuffle,lung,seed42_main,source_disjoint,3,14,-0.12170150119337064
layer_order_shuffle,lung,seed42_main,source_disjoint,3,15,0.013643832764530517
layer_order_shuffle,lung,seed42_main,source_disjoint,7,0,-0.02202345103462633
layer_order_shuffle,lung,seed42_main,source_disjoint,7,1,-0.05300647617348114
layer_order_shuffle,lung,seed42_main,source_disjoint,7,2,-0.0013086182924018086
layer_order_shuffle,lung,seed42_main,source_disjoint,7,3,-0.02202345103462633
layer_order_shuffle,lung,seed42_main,source_disjoint,7,4,-0.0013086182924018086
layer_order_shuffle,lung,seed42_main,source_disjoint,7,5,-0.040009517223944746
layer_order_shuffle,lung,seed42_main,source_disjoint,7,6,-0.06488813544199323
layer_order_shuffle,lung,seed42_main,source_disjoint,7,7,-0.022224204977210782
layer_order_shuffle,lung,seed42_main,source_disjoint,7,8,-0.1241031131731763
layer_order_shuffle,lung,seed42_main,source_disjoint,7,9,-0.040009517223944746
layer_order_shuffle,lung,seed42_main,source_disjoint,7,10,-0.0013086182924018086
layer_order_shuffle,lung,seed42_main,source_disjoint,7,11,-0.0013086182924018086
layer_order_shuffle,lung,seed42_main,source_disjoint,7,12,-0.0013086182924018086
layer_order_shuffle,lung,seed42_main,source_disjoint,7,13,-0.11415464001843961
layer_order_shuffle,lung,seed42_main,source_disjoint,7,14,-0.040998416274453
layer_order_shuffle,lung,seed42_main,source_disjoint,7,15,-0.034157911564170584
layer_order_shuffle,lung,seed42_main,source_disjoint,11,0,-0.014394801216420228
layer_order_shuffle,lung,seed42_main,source_disjoint,11,1,-0.08640226628895187
layer_order_shuffle,lung,seed42_main,source_disjoint,11,2,-0.014394801216420228
layer_order_shuffle,lung,seed42_main,source_disjoint,11,3,-0.12075349646450007
layer_order_shuffle,lung,seed42_main,source_disjoint,11,4,0.014774003107968503
layer_order_shuffle,lung,seed42_main,source_disjoint,11,5,0.006725257076576452
layer_order_shuffle,lung,seed42_main,source_disjoint,11,6,0.014774003107968503
layer_order_shuffle,lung,seed42_main,source_disjoint,11,7,0.010926219208434618
layer_order_shuffle,lung,seed42_main,source_disjoint,11,8,-0.05203244778538657
layer_order_shuffle,lung,seed42_main,source_disjoint,11,9,-0.014394801216420228
layer_order_shuffle,lung,seed42_main,source_disjoint,11,10,0.006725257076576452
layer_order_shuffle,lung,seed42_main,source_disjoint,11,11,-0.04733331846267097
layer_order_shuffle,lung,seed42_main,source_disjoint,11,12,0.04635929007457629
layer_order_shuffle,lung,seed42_main,source_disjoint,11,13,0.014774003107968503
layer_order_shuffle,lung,seed42_main,source_disjoint,11,14,0.04635929007457629
layer_order_shuffle,lung,seed42_main,source_disjoint,11,15,-0.008799714483281651
layer_order_shuffle,lung,seed42_main,target_disjoint,0,0,-0.007790560739197372
layer_order_shuffle,lung,seed42_main,target_disjoint,0,1,-0.05438373994593326
layer_order_shuffle,lung,seed42_main,target_disjoint,0,2,-0.02900243633815036
layer_order_shuffle,lung,seed42_main,target_disjoint,0,3,-0.16114159844760917
layer_order_shuffle,lung,seed42_main,target_disjoint,0,4,-0.02900243633815036
layer_order_shuffle,lung,seed42_main,target_disjoint,0,5,-0.14697889301567163
layer_order_shuffle,lung,seed42_main,target_disjoint,0,6,-0.09508632074797002
layer_order_shuffle,lung,seed42_main,target_disjoint,0,7,-0.12110650754978752
layer_order_shuffle,lung,seed42_main,target_disjoint,0,8,-0.02900243633815036
layer_order_shuffle,lung,seed42_main,target_disjoint,0,9,-0.16493913922409054
layer_order_shuffle,lung,seed42_main,target_disjoint,0,10,-0.16493913922409054
layer_order_shuffle,lung,seed42_main,target_disjoint,0,11,-0.18611048865028773
layer_order_shuffle,lung,seed42_main,target_disjoint,0,12,-0.02900243633815036
layer_order_shuffle,lung,seed42_main,target_disjoint,0,13,0.039987413047520515
layer_order_shuffle,lung,seed42_main,target_disjoint,0,14,-0.007790560739197372
layer_order_shuffle,lung,seed42_main,target_disjoint,0,15,-0.07629886383682727
layer_order_shuffle,lung,seed42_main,target_disjoint,3,0,-0.12688029522124905
layer_order_shuffle,lung,seed42_main,target_disjoint,3,1,-0.1604979474685445
layer_order_shuffle,lung,seed42_main,target_disjoint,3,2,-0.12651317577393073
layer_order_shuffle,lung,seed42_main,target_disjoint,3,3,-0.1604979474685445
layer_order_shuffle,lung,seed42_main,target_disjoint,3,4,-0.02316428356878253
layer_order_shuffle,lung,seed42_main,target_disjoint,3,5,-0.044020959182992314
layer_order_shuffle,lung,seed42_main,target_disjoint,3,6,-0.12651317577393073
layer_order_shuffle,lung,seed42_main,target_disjoint,3,7,-0.0769329792458317
layer_order_shuffle,lung,seed42_main,target_disjoint,3,8,-0.02316428356878253
layer_order_shuffle,lung,seed42_main,target_disjoint,3,9,-0.07307584115647392
layer_order_shuffle,lung,seed42_main,target_disjoint,3,10,-0.018265384450345867
layer_order_shuffle,lung,seed42_main,target_disjoint,3,11,-0.15708898117201692
layer_order_shuffle,lung,seed42_main,target_disjoint,3,12,-0.13588187335809404
layer_order_shuffle,lung,seed42_main,target_disjoint,3,13,-0.08638749696053705
layer_order_shuffle,lung,seed42_main,target_disjoint,3,14,-0.08127643140826063
layer_order_shuffle,lung,seed42_main,target_disjoint,3,15,-0.12651317577393073
layer_order_shuffle,lung,seed42_main,target_disjoint,7,0,-0.13691648270962758
layer_order_shuffle,lung,seed42_main,target_disjoint,7,1,-0.007456815787089788
layer_order_shuffle,lung,seed42_main,target_disjoint,7,2,0.08203450922804778
layer_order_shuffle,lung,seed42_main,target_disjoint,7,3,-0.12052483777611439
layer_order_shuffle,lung,seed42_main,target_disjoint,7,4,0.03946772447923874
layer_order_shuffle,lung,seed42_main,target_disjoint,7,5,-0.04312938338236211
layer_order_shuffle,lung,seed42_main,target_disjoint,7,6,-0.03651169776057139
layer_order_shuffle,lung,seed42_main,target_disjoint,7,7,-0.09436400131590872
layer_order_shuffle,lung,seed42_main,target_disjoint,7,8,-0.04982335356463452
layer_order_shuffle,lung,seed42_main,target_disjoint,7,9,0.013399859827119998
layer_order_shuffle,lung,seed42_main,target_disjoint,7,10,-0.09436400131590872
layer_order_shuffle,lung,seed42_main,target_disjoint,7,11,-0.13134294200943075
layer_order_shuffle,lung,seed42_main,target_disjoint,7,12,-0.04982335356463452
layer_order_shuffle,lung,seed42_main,target_disjoint,7,13,-0.007456815787089788
layer_order_shuffle,lung,seed42_main,target_disjoint,7,14,-0.023257255376869623
layer_order_shuffle,lung,seed42_main,target_disjoint,7,15,-0.03651169776057139
layer_order_shuffle,lung,seed42_main,target_disjoint,11,0,-0.14595143534168337
layer_order_shuffle,lung,seed42_main,target_disjoint,11,1,-0.17092032554436193
layer_order_shuffle,lung,seed42_main,target_disjoint,11,2,-0.059916754473374356
layer_order_shuffle,lung,seed42_main,target_disjoint,11,3,-0.1570222321815954
layer_order_shuffle,lung,seed42_main,target_disjoint,11,4,-0.0026628079393156145
layer_order_shuffle,lung,seed42_main,target_disjoint,11,5,-0.13178872990974583
layer_order_shuffle,lung,seed42_main,target_disjoint,11,6,0.01209348672887045
layer_order_shuffle,lung,seed42_main,target_disjoint,11,7,-0.10591634444386172
layer_order_shuffle,lung,seed42_main,target_disjoint,11,8,-0.18478027662688745
layer_order_shuffle,lung,seed42_main,target_disjoint,11,9,-0.15176813307841575
layer_order_shuffle,lung,seed42_main,target_disjoint,11,10,0.0073996023667284305
layer_order_shuffle,lung,seed42_main,target_disjoint,11,11,-0.13178872990974583
layer_order_shuffle,lung,seed42_main,target_disjoint,11,12,-0.061108700730901466
layer_order_shuffle,lung,seed42_main,target_disjoint,11,13,-0.0026628079393156145
layer_order_shuffle,lung,seed42_main,target_disjoint,11,14,0.016858887866463723
layer_order_shuffle,lung,seed42_main,target_disjoint,11,15,0.0073996023667284305
layer_order_shuffle,lung,seed43,source_disjoint,0,0,-0.06919788375708325
layer_order_shuffle,lung,seed43,source_disjoint,0,1,-0.06378504087056802
layer_order_shuffle,lung,seed43,source_disjoint,0,2,-0.1620123113183891
layer_order_shuffle,lung,seed43,source_disjoint,0,3,-0.030615315179780334
layer_order_shuffle,lung,seed43,source_disjoint,0,4,-0.06919788375708325
layer_order_shuffle,lung,seed43,source_disjoint,0,5,-0.029164159269845946
layer_order_shuffle,lung,seed43,source_disjoint,0,6,-0.09860964846296572
layer_order_shuffle,lung,seed43,source_disjoint,0,7,-0.004839275863798065
layer_order_shuffle,lung,seed43,source_disjoint,0,8,-0.06919788375708325
layer_order_shuffle,lung,seed43,source_disjoint,0,9,-0.09860964846296572
layer_order_shuffle,lung,seed43,source_disjoint,0,10,-0.1620123113183891
layer_order_shuffle,lung,seed43,source_disjoint,0,11,-0.1620123113183891
layer_order_shuffle,lung,seed43,source_disjoint,0,12,-0.015423624692843751
layer_order_shuffle,lung,seed43,source_disjoint,0,13,-0.030420991926182084
layer_order_shuffle,lung,seed43,source_disjoint,0,14,-0.009230354545910369
layer_order_shuffle,lung,seed43,source_disjoint,0,15,-0.030615315179780334
layer_order_shuffle,lung,seed43,source_disjoint,3,0,-0.1205995185798105
layer_order_shuffle,lung,seed43,source_disjoint,3,1,-0.19692467779950862
layer_order_shuffle,lung,seed43,source_disjoint,3,2,-0.03576801564615617
layer_order_shuffle,lung,seed43,source_disjoint,3,3,-0.15301389097838636
layer_order_shuffle,lung,seed43,source_disjoint,3,4,-0.06680958828544215
layer_order_shuffle,lung,seed43,source_disjoint,3,5,-0.1348352640288853
layer_order_shuffle,lung,seed43,source_disjoint,3,6,-0.11143498320044137
layer_order_shuffle,lung,seed43,source_disjoint,3,7,-0.03268391755679256
layer_order_shuffle,lung,seed43,source_disjoint,3,8,-0.11751542049044683
layer_order_shuffle,lung,seed43,source_disjoint,3,9,0.05823429115891876
layer_order_shuffle,lung,seed43,source_disjoint,3,10,-0.019006067900306012
layer_order_shuffle,lung,seed43,source_disjoint,3,11,-0.03268391755679256
layer_order_shuffle,lung,seed43,source_disjoint,3,12,-0.01956396369289415
layer_order_shuffle,lung,seed43,source_disjoint,3,13,-0.19692467779950862
layer_order_shuffle,lung,seed43,source_disjoint,3,14,-0.11751542049044683
layer_order_shuffle,lung,seed43,source_disjoint,3,15,-0.11751542049044683
layer_order_shuffle,lung,seed43,source_disjoint,7,0,-0.16195902913595106
layer_order_shuffle,lung,seed43,source_disjoint,7,1,-0.14378040218645
layer_order_shuffle,lung,seed43,source_disjoint,7,2,-0.14378040218645
layer_order_shuffle,lung,seed43,source_disjoint,7,3,-0.08579058221754171
layer_order_shuffle,lung,seed43,source_disjoint,7,4,-0.1295446567373752
layer_order_shuffle,lung,seed43,source_disjoint,7,5,-0.10727897297026223
layer_order_shuffle,lung,seed43,source_disjoint,7,6,0.0006080437290005847
layer_order_shuffle,lung,seed43,source_disjoint,7,7,-0.10727897297026223
layer_order_shuffle,lung,seed43,source_disjoint,7,8,-0.10727897297026223
layer_order_shuffle,lung,seed43,source_disjoint,7,9,-0.12038012135800608
layer_order_shuffle,lung,seed43,source_disjoint,7,10,-0.13104909482974775
layer_order_shuffle,lung,seed43,source_disjoint,7,11,0.0006080437290005847
layer_order_shuffle,lung,seed43,source_disjoint,7,12,-0.04944586530264283
layer_order_shuffle,lung,seed43,source_disjoint,7,13,-0.009202146331678374
layer_order_shuffle,lung,seed43,source_disjoint,7,14,-0.04944586530264283
layer_order_shuffle,lung,seed43,source_disjoint,7,15,-0.12021087207261416
layer_order_shuffle,lung,seed43,source_disjoint,11,0,-0.019758286946492176
layer_order_shuffle,lung,seed43,source_disjoint,11,1,-0.11352865954565983
layer_order_shuffle,lung,seed43,source_disjoint,11,2,-0.05845055413469735
layer_order_shuffle,lung,seed43,source_disjoint,11,3,-0.10335489694599076
layer_order_shuffle,lung,seed43,source_disjoint,11,4,-0.10335489694599076
layer_order_shuffle,lung,seed43,source_disjoint,11,5,-0.030342635775537863
layer_order_shuffle,lung,seed43,source_disjoint,11,6,-0.10335489694599076
layer_order_shuffle,lung,seed43,source_disjoint,11,7,-0.06844879895692296
layer_order_shuffle,lung,seed43,source_disjoint,11,8,-0.08411689483977736
layer_order_shuffle,lung,seed43,source_disjoint,11,9,-0.026898099393210084
layer_order_shuffle,lung,seed43,source_disjoint,11,10,-0.04913244070006528
layer_order_shuffle,lung,seed43,source_disjoint,11,11,-0.026898099393210084
layer_order_shuffle,lung,seed43,source_disjoint,11,12,-0.030342635775537863
layer_order_shuffle,lung,seed43,source_disjoint,11,13,-0.11352865954565983
layer_order_shuffle,lung,seed43,source_disjoint,11,14,-0.060710345519281894
layer_order_shuffle,lung,seed43,source_disjoint,11,15,-0.030342635775537863
layer_order_shuffle,lung,seed43,target_disjoint,0,0,-0.04883980789043396
layer_order_shuffle,lung,seed43,target_disjoint,0,1,-0.08498849290353
layer_order_shuffle,lung,seed43,target_disjoint,0,2,-0.04883980789043396
layer_order_shuffle,lung,seed43,target_disjoint,0,3,-0.05706135922131039
layer_order_shuffle,lung,seed43,target_disjoint,0,4,0.0010968902648426093
layer_order_shuffle,lung,seed43,target_disjoint,0,5,-0.09637769929829776
layer_order_shuffle,lung,seed43,target_disjoint,0,6,0.0003101021543130411
layer_order_shuffle,lung,seed43,target_disjoint,0,7,-0.02188911157014195
layer_order_shuffle,lung,seed43,target_disjoint,0,8,-0.07367617134041016
layer_order_shuffle,lung,seed43,target_disjoint,0,9,-0.0536553611793108
layer_order_shuffle,lung,seed43,target_disjoint,0,10,-0.006460888686140698
layer_order_shuffle,lung,seed43,target_disjoint,0,11,-0.01132769852944937
layer_order_shuffle,lung,seed43,target_disjoint,0,12,-0.023472939102087698
layer_order_shuffle,lung,seed43,target_disjoint,0,13,-0.023472939102087698
layer_order_shuffle,lung,seed43,target_disjoint,0,14,-0.08498849290353
layer_order_shuffle,lung,seed43,target_disjoint,0,15,-0.038770457772287714
layer_order_shuffle,lung,seed43,target_disjoint,3,0,-0.0664951280645012
layer_order_shuffle,lung,seed43,target_disjoint,3,1,-0.08400436705843761
layer_order_shuffle,lung,seed43,target_disjoint,3,2,0.0067658651850105445
layer_order_shuffle,lung,seed43,target_disjoint,3,3,-0.026022952685074596
layer_order_shuffle,lung,seed43,target_disjoint,3,4,-0.06235359846640387
layer_order_shuffle,lung,seed43,target_disjoint,3,5,-0.06742287169971861
layer_order_shuffle,lung,seed43,target_disjoint,3,6,-0.008067781667580709
layer_order_shuffle,lung,seed43,target_disjoint,3,7,-0.0650086879859762
layer_order_shuffle,lung,seed43,target_disjoint,3,8,-0.03124086992624181
layer_order_shuffle,lung,seed43,target_disjoint,3,9,-0.03124086992624181
layer_order_shuffle,lung,seed43,target_disjoint,3,10,-0.01108166706817637
layer_order_shuffle,lung,seed43,target_disjoint,3,11,-0.015561489925524197
layer_order_shuffle,lung,seed43,target_disjoint,3,12,-0.031543283597390004
layer_order_shuffle,lung,seed43,target_disjoint,3,13,-0.0664951280645012
layer_order_shuffle,lung,seed43,target_disjoint,3,14,-0.024177716725526266
layer_order_shuffle,lung,seed43,target_disjoint,3,15,-0.026022952685074596
layer_order_shuffle,lung,seed43,target_disjoint,7,0,0.016668631501253306
layer_order_shuffle,lung,seed43,target_disjoint,7,1,0.016668631501253306
layer_order_shuffle,lung,seed43,target_disjoint,7,2,0.003951880346699355
layer_order_shuffle,lung,seed43,target_disjoint,7,3,-0.05402953402666366
layer_order_shuffle,lung,seed43,target_disjoint,7,4,-0.05402953402666366
layer_order_shuffle,lung,seed43,target_disjoint,7,5,-0.03237876543462992
layer_order_shuffle,lung,seed43,target_disjoint,7,6,0.011261065008687954
layer_order_shuffle,lung,seed43,target_disjoint,7,7,-0.00428504795050666
layer_order_shuffle,lung,seed43,target_disjoint,7,8,-0.001568450565616053
layer_order_shuffle,lung,seed43,target_disjoint,7,9,-0.00428504795050666
layer_order_shuffle,lung,seed43,target_disjoint,7,10,-0.00428504795050666
layer_order_shuffle,lung,seed43,target_disjoint,7,11,0.016668631501253306
layer_order_shuffle,lung,seed43,target_disjoint,7,12,-0.03503385495420225
layer_order_shuffle,lung,seed43,target_disjoint,7,13,0.011261065008687954
layer_order_shuffle,lung,seed43,target_disjoint,7,14,-0.03503385495420225
layer_order_shuffle,lung,seed43,target_disjoint,7,15,0.036740698216784495
layer_order_shuffle,lung,seed43,target_disjoint,11,0,0.018585626637006303
layer_order_shuffle,lung,seed43,target_disjoint,11,1,0.018585626637006303
layer_order_shuffle,lung,seed43,target_disjoint,11,2,-0.0056023413994064075
layer_order_shuffle,lung,seed43,target_disjoint,11,3,-0.0056023413994064075
layer_order_shuffle,lung,seed43,target_disjoint,11,4,0.015136060523739503
layer_order_shuffle,lung,seed43,target_disjoint,11,5,0.045318482600962606
layer_order_shuffle,lung,seed43,target_disjoint,11,6,0.011730062481739911
layer_order_shuffle,lung,seed43,target_disjoint,11,7,0.019951613812616342
layer_order_shuffle,lung,seed43,target_disjoint,11,8,-0.002221971634622788
layer_order_shuffle,lung,seed43,target_disjoint,11,9,-0.0056023413994064075
layer_order_shuffle,lung,seed43,target_disjoint,11,10,0.024059826650333016
layer_order_shuffle,lung,seed43,target_disjoint,11,11,0.03002096393076259
layer_order_shuffle,lung,seed43,target_disjoint,11,12,0.010553724557527844
layer_order_shuffle,lung,seed43,target_disjoint,11,13,0.024059826650333016
layer_order_shuffle,lung,seed43,target_disjoint,11,14,-0.002221971634622788
layer_order_shuffle,lung,seed43,target_disjoint,11,15,-0.004884749637359853
layer_order_shuffle,lung,seed44,source_disjoint,0,0,-0.0495953322040279
layer_order_shuffle,lung,seed44,source_disjoint,0,1,-0.14691009473618172
layer_order_shuffle,lung,seed44,source_disjoint,0,2,0.006399397703745535
layer_order_shuffle,lung,seed44,source_disjoint,0,3,-0.14913419913419912
layer_order_shuffle,lung,seed44,source_disjoint,0,4,-0.011073467595206776
layer_order_shuffle,lung,seed44,source_disjoint,0,5,-0.09550159984942591
layer_order_shuffle,lung,seed44,source_disjoint,0,6,-0.0495953322040279
layer_order_shuffle,lung,seed44,source_disjoint,0,7,0.014408055712403445
layer_order_shuffle,lung,seed44,source_disjoint,0,8,-0.06390927912667044
layer_order_shuffle,lung,seed44,source_disjoint,0,9,0.014408055712403445
layer_order_shuffle,lung,seed44,source_disjoint,0,10,-0.031033941903507167
layer_order_shuffle,lung,seed44,source_disjoint,0,11,-0.15184453227931488
layer_order_shuffle,lung,seed44,source_disjoint,0,12,-0.13434343434343438
layer_order_shuffle,lung,seed44,source_disjoint,0,13,-0.15352907961603612
layer_order_shuffle,lung,seed44,source_disjoint,0,14,-0.12910157475374867
layer_order_shuffle,lung,seed44,source_disjoint,0,15,-0.12428006775832862
layer_order_shuffle,lung,seed44,source_disjoint,3,0,-0.11443628834933184
layer_order_shuffle,lung,seed44,source_disjoint,3,1,-0.09125415647154789
layer_order_shuffle,lung,seed44,source_disjoint,3,2,-0.07646652864044179
layer_order_shuffle,lung,seed44,source_disjoint,3,3,-0.09962983876027365
layer_order_shuffle,lung,seed44,source_disjoint,3,4,-0.009837505489679432
layer_order_shuffle,lung,seed44,source_disjoint,3,5,-0.09284145805884941
layer_order_shuffle,lung,seed44,source_disjoint,3,6,-0.10674446326620246
layer_order_shuffle,lung,seed44,source_disjoint,3,7,-0.09962983876027365
layer_order_shuffle,lung,seed44,source_disjoint,3,8,-0.008526256352343387
layer_order_shuffle,lung,seed44,source_disjoint,3,9,-0.023727962858397733
layer_order_shuffle,lung,seed44,source_disjoint,3,10,-0.12807578894535426
layer_order_shuffle,lung,seed44,source_disjoint,3,11,-0.07646652864044179
layer_order_shuffle,lung,seed44,source_disjoint,3,12,0.02813225421921073
layer_order_shuffle,lung,seed44,source_disjoint,3,13,-0.07249513771252908
layer_order_shuffle,lung,seed44,source_disjoint,3,14,-0.046552481335090046
layer_order_shuffle,lung,seed44,source_disjoint,3,15,-0.12807578894535426
layer_order_shuffle,lung,seed44,source_disjoint,7,0,0.024380450467407
layer_order_shuffle,lung,seed44,source_disjoint,7,1,-0.09659326181065314
layer_order_shuffle,lung,seed44,source_disjoint,7,2,-0.11049626701800619
layer_order_shuffle,lung,seed44,source_disjoint,7,3,0.02449965493443751
layer_order_shuffle,lung,seed44,source_disjoint,7,4,-0.11818809210113557
layer_order_shuffle,lung,seed44,source_disjoint,7,5,-0.12142543446891274
layer_order_shuffle,lung,seed44,source_disjoint,7,6,-0.050304285086893774
layer_order_shuffle,lung,seed44,source_disjoint,7,7,-0.0827028044419349
layer_order_shuffle,lung,seed44,source_disjoint,7,8,-0.12151954325867376
layer_order_shuffle,lung,seed44,source_disjoint,7,9,-0.131827592697158
layer_order_shuffle,lung,seed44,source_disjoint,7,10,-0.10338164251207738
layer_order_shuffle,lung,seed44,source_disjoint,7,11,0.03423050379572112
layer_order_shuffle,lung,seed44,source_disjoint,7,12,0.03423050379572112
layer_order_shuffle,lung,seed44,source_disjoint,7,13,-0.12151954325867376
layer_order_shuffle,lung,seed44,source_disjoint,7,14,0.04474559257167943
layer_order_shuffle,lung,seed44,source_disjoint,7,15,-0.07763975155279512
layer_order_shuffle,lung,seed44,source_disjoint,11,0,-0.03232323232323242
layer_order_shuffle,lung,seed44,source_disjoint,11,1,-0.16756697408871324
layer_order_shuffle,lung,seed44,source_disjoint,11,2,0.014633916807829772
layer_order_shuffle,lung,seed44,source_disjoint,11,3,-0.03232323232323242
layer_order_shuffle,lung,seed44,source_disjoint,11,4,0.03168015559319892
layer_order_shuffle,lung,seed44,source_disjoint,11,5,0.006198632285588701
layer_order_shuffle,lung,seed44,source_disjoint,11,6,-0.1118294748729532
layer_order_shuffle,lung,seed44,source_disjoint,11,7,-0.1170713344626389
layer_order_shuffle,lung,seed44,source_disjoint,11,8,-0.08553547901373992
layer_order_shuffle,lung,seed44,source_disjoint,11,9,-0.1345724323985194
layer_order_shuffle,lung,seed44,source_disjoint,11,10,-0.10700796787753314
layer_order_shuffle,lung,seed44,source_disjoint,11,11,0.03009912792521474
layer_order_shuffle,lung,seed44,source_disjoint,11,12,-0.13186209925340364
layer_order_shuffle,lung,seed44,source_disjoint,11,13,-0.1170713344626389
layer_order_shuffle,lung,seed44,source_disjoint,11,14,-0.10700796787753314
layer_order_shuffle,lung,seed44,source_disjoint,11,15,-0.1345724323985194
layer_order_shuffle,lung,seed44,target_disjoint,0,0,-0.05452240281968712
layer_order_shuffle,lung,seed44,target_disjoint,0,1,-0.03846134340847429
layer_order_shuffle,lung,seed44,target_disjoint,0,2,-0.025113472120090297
layer_order_shuffle,lung,seed44,target_disjoint,0,3,-0.04296472855440314
layer_order_shuffle,lung,seed44,target_disjoint,0,4,-0.037170677282754805
layer_order_shuffle,lung,seed44,target_disjoint,0,5,-0.03846134340847429
layer_order_shuffle,lung,seed44,target_disjoint,0,6,0.014775464665162219
layer_order_shuffle,lung,seed44,target_disjoint,0,7,-0.03846134340847429
layer_order_shuffle,lung,seed44,target_disjoint,0,8,-0.1169840505109414
layer_order_shuffle,lung,seed44,target_disjoint,0,9,-0.1169840505109414
layer_order_shuffle,lung,seed44,target_disjoint,0,10,-0.055392144432892976
layer_order_shuffle,lung,seed44,target_disjoint,0,11,-0.0661510764003348
layer_order_shuffle,lung,seed44,target_disjoint,0,12,0.014775464665162219
layer_order_shuffle,lung,seed44,target_disjoint,0,13,-0.07639019195172048
layer_order_shuffle,lung,seed44,target_disjoint,0,14,-0.01096178715419538
layer_order_shuffle,lung,seed44,target_disjoint,0,15,-0.07639019195172048
layer_order_shuffle,lung,seed44,target_disjoint,3,0,-0.02446687121231328
layer_order_shuffle,lung,seed44,target_disjoint,3,1,-0.047366686106955325
layer_order_shuffle,lung,seed44,target_disjoint,3,2,0.036133580140477406
layer_order_shuffle,lung,seed44,target_disjoint,3,3,-0.03557826406673931
layer_order_shuffle,lung,seed44,target_disjoint,3,4,-0.009927225701752085
layer_order_shuffle,lung,seed44,target_disjoint,3,5,-0.05087861652762621
layer_order_shuffle,lung,seed44,target_disjoint,3,6,-0.04514542181200398
layer_order_shuffle,lung,seed44,target_disjoint,3,7,-0.011078428886578617
layer_order_shuffle,lung,seed44,target_disjoint,3,8,0.00881912924411088
layer_order_shuffle,lung,seed44,target_disjoint,3,9,-0.04514542181200398
layer_order_shuffle,lung,seed44,target_disjoint,3,10,-0.011078428886578617
layer_order_shuffle,lung,seed44,target_disjoint,3,11,-0.047366686106955325
layer_order_shuffle,lung,seed44,target_disjoint,3,12,-0.005867586276846581
layer_order_shuffle,lung,seed44,target_disjoint,3,13,-0.06233232750969897
layer_order_shuffle,lung,seed44,target_disjoint,3,14,-0.04986687628369291
layer_order_shuffle,lung,seed44,target_disjoint,3,15,-0.04124806653650115
layer_order_shuffle,lung,seed44,target_disjoint,7,0,-0.027778482136065152
layer_order_shuffle,lung,seed44,target_disjoint,7,1,-0.03342292770748284
layer_order_shuffle,lung,seed44,target_disjoint,7,2,0.010974465603367345
layer_order_shuffle,lung,seed44,target_disjoint,7,3,-0.04872328016836974
layer_order_shuffle,lung,seed44,target_disjoint,7,4,-0.04299008545274752
layer_order_shuffle,lung,seed44,target_disjoint,7,5,0.010974465603367345
layer_order_shuffle,lung,seed44,target_disjoint,7,6,-0.007771889342495619
layer_order_shuffle,lung,seed44,target_disjoint,7,7,0.032540507645104855
layer_order_shuffle,lung,seed44,target_disjoint,7,8,-0.060176991150442505
layer_order_shuffle,lung,seed44,target_disjoint,7,9,-0.08050308086314883
layer_order_shuffle,lung,seed44,target_disjoint,7,10,-0.010079367091817337
layer_order_shuffle,lung,seed44,target_disjoint,7,11,-0.03170880137941523
layer_order_shuffle,lung,seed44,target_disjoint,7,12,-0.03909273017724468
layer_order_shuffle,lung,seed44,target_disjoint,7,13,-0.03170880137941523
layer_order_shuffle,lung,seed44,target_disjoint,7,14,-0.027778482136065152
layer_order_shuffle,lung,seed44,target_disjoint,7,15,0.010974465603367345
layer_order_shuffle,lung,seed44,target_disjoint,11,0,0.07733346857012457
layer_order_shuffle,lung,seed44,target_disjoint,11,1,0.03635925653574057
layer_order_shuffle,lung,seed44,target_disjoint,11,2,0.04099703324289372
layer_order_shuffle,lung,seed44,target_disjoint,11,3,0.06847123259882859
layer_order_shuffle,lung,seed44,target_disjoint,11,4,-0.0021173010117402358
layer_order_shuffle,lung,seed44,target_disjoint,11,5,0.008847021832289526
layer_order_shuffle,lung,seed44,target_disjoint,11,6,0.03744453178487206
layer_order_shuffle,lung,seed44,target_disjoint,11,7,0.008035601085275235
layer_order_shuffle,lung,seed44,target_disjoint,11,8,0.01841164388771971
layer_order_shuffle,lung,seed44,target_disjoint,11,9,-0.03413038517128586
layer_order_shuffle,lung,seed44,target_disjoint,11,10,-0.021231330983594088
layer_order_shuffle,lung,seed44,target_disjoint,11,11,0.10611861957045421
layer_order_shuffle,lung,seed44,target_disjoint,11,12,-0.01383218804675812
layer_order_shuffle,lung,seed44,target_disjoint,11,13,0.008847021832289526
layer_order_shuffle,lung,seed44,target_disjoint,11,14,0.02538732662220755
layer_order_shuffle,lung,seed44,target_disjoint,11,15,0.008035601085275235
