hypothesis_id,null_kind,domain,seed_tag,split_regime,layer,perm_idx,null_value
H130,go_semantic_rewiring_within_depth_proxy_strata,external_lung,seed42_main,dual_axis_disjoint,11,0,0.1376250000000001
H130,go_semantic_rewiring_within_depth_proxy_strata,external_lung,seed42_main,dual_axis_disjoint,11,1,0.1366250000000001
H130,go_semantic_rewiring_within_depth_proxy_strata,external_lung,seed42_main,dual_axis_disjoint,11,2,0.1216250000000001
H130,go_semantic_rewiring_within_depth_proxy_strata,external_lung,seed42_main,dual_axis_disjoint,11,3,0.13712500000000005
H130,go_semantic_rewiring_within_depth_proxy_strata,external_lung,seed42_main,dual_axis_disjoint,11,4,0.12575000000000003
H130,go_semantic_rewiring_within_depth_proxy_strata,external_lung,seed42_main,dual_axis_disjoint,11,5,0.13337500000000013
H130,go_semantic_rewiring_within_depth_proxy_strata,external_lung,seed42_main,dual_axis_disjoint,11,6,0.13350000000000017
H130,go_semantic_rewiring_within_depth_proxy_strata,external_lung,seed42_main,dual_axis_disjoint,11,7,0.12512500000000015
H130,go_semantic_rewiring_within_depth_proxy_strata,external_lung,seed42_main,dual_axis_disjoint,11,8,0.1312500000000001
H130,go_semantic_rewiring_within_depth_proxy_strata,external_lung,seed42_main,dual_axis_disjoint,11,9,0.12537500000000024
H130,go_semantic_rewiring_within_depth_proxy_strata,external_lung,seed42_main,dual_axis_disjoint,11,10,0.11737500000000001
H130,go_semantic_rewiring_within_depth_proxy_strata,external_lung,seed42_main,dual_axis_disjoint,11,11,0.131
H130,go_semantic_rewiring_within_depth_proxy_strata,external_lung,seed42_main,dual_axis_disjoint,11,12,0.12912499999999993
H130,go_semantic_rewiring_within_depth_proxy_strata,external_lung,seed42_main,dual_axis_disjoint,11,13,0.135
H130,go_semantic_rewiring_within_depth_proxy_strata,external_lung,seed42_main,dual_axis_disjoint,11,14,0.13175000000000003
H130,go_semantic_rewiring_within_depth_proxy_strata,external_lung,seed42_main,dual_axis_disjoint,11,15,0.13350000000000006
H130,go_semantic_rewiring_within_depth_proxy_strata,external_lung,seed42_main,dual_axis_disjoint,11,16,0.13750000000000007
H130,go_semantic_rewiring_within_depth_proxy_strata,external_lung,seed42_main,dual_axis_disjoint,11,17,0.12924999999999998
H130,go_semantic_rewiring_within_depth_proxy_strata,external_lung,seed42_main,dual_axis_disjoint,11,18,0.1342500000000001
H130,go_semantic_rewiring_within_depth_proxy_strata,external_lung,seed42_main,dual_axis_disjoint,11,19,0.12912499999999993
H130,go_semantic_rewiring_within_depth_proxy_strata,external_lung,seed42_main,dual_axis_disjoint,11,20,0.129625
H130,go_semantic_rewiring_within_depth_proxy_strata,external_lung,seed42_main,dual_axis_disjoint,11,21,0.13712500000000005
H130,go_semantic_rewiring_within_depth_proxy_strata,external_lung,seed42_main,dual_axis_disjoint,11,22,0.1422500000000002
H130,go_semantic_rewiring_within_depth_proxy_strata,external_lung,seed42_main,dual_axis_disjoint,11,23,0.13612500000000005
H130,go_semantic_rewiring_within_depth_proxy_strata,external_lung,seed42_main,source_disjoint,11,0,0.15764421710713283
H130,go_semantic_rewiring_within_depth_proxy_strata,external_lung,seed42_main,source_disjoint,11,1,0.16332764990053994
H130,go_semantic_rewiring_within_depth_proxy_strata,external_lung,seed42_main,source_disjoint,11,2,0.1695794259732879
H130,go_semantic_rewiring_within_depth_proxy_strata,external_lung,seed42_main,source_disjoint,11,3,0.1710002841716397
H130,go_semantic_rewiring_within_depth_proxy_strata,external_lung,seed42_main,source_disjoint,11,4,0.16986359761295822
H130,go_semantic_rewiring_within_depth_proxy_strata,external_lung,seed42_main,source_disjoint,11,5,0.15565501562944017
H130,go_semantic_rewiring_within_depth_proxy_strata,external_lung,seed42_main,source_disjoint,11,6,0.1722790565501563
H130,go_semantic_rewiring_within_depth_proxy_strata,external_lung,seed42_main,source_disjoint,11,7,0.17014776925262864
H130,go_semantic_rewiring_within_depth_proxy_strata,external_lung,seed42_main,source_disjoint,11,8,0.16162262006251782
H130,go_semantic_rewiring_within_depth_proxy_strata,external_lung,seed42_main,source_disjoint,11,9,0.15501562944018188
H130,go_semantic_rewiring_within_depth_proxy_strata,external_lung,seed42_main,source_disjoint,11,10,0.15977550440466048
H130,go_semantic_rewiring_within_depth_proxy_strata,external_lung,seed42_main,source_disjoint,11,11,0.16602728047740845
H130,go_semantic_rewiring_within_depth_proxy_strata,external_lung,seed42_main,source_disjoint,11,12,0.17121341290139247
H130,go_semantic_rewiring_within_depth_proxy_strata,external_lung,seed42_main,source_disjoint,11,13,0.17441034384768406
H130,go_semantic_rewiring_within_depth_proxy_strata,external_lung,seed42_main,source_disjoint,11,14,0.16077010514350676
H130,go_semantic_rewiring_within_depth_proxy_strata,external_lung,seed42_main,source_disjoint,11,15,0.17220801364023886
H130,go_semantic_rewiring_within_depth_proxy_strata,external_lung,seed42_main,source_disjoint,11,16,0.16382495026996302
H130,go_semantic_rewiring_within_depth_proxy_strata,external_lung,seed42_main,source_disjoint,11,17,0.16510372264847983
H130,go_semantic_rewiring_within_depth_proxy_strata,external_lung,seed42_main,source_disjoint,11,18,0.1765416311452117
H130,go_semantic_rewiring_within_depth_proxy_strata,external_lung,seed42_main,source_disjoint,11,19,0.17398408638817853
H130,go_semantic_rewiring_within_depth_proxy_strata,external_lung,seed42_main,source_disjoint,11,20,0.17128445581131002
H130,go_semantic_rewiring_within_depth_proxy_strata,external_lung,seed42_main,source_disjoint,11,21,0.16702188121625472
H130,go_semantic_rewiring_within_depth_proxy_strata,external_lung,seed42_main,source_disjoint,11,22,0.155015629440182
H130,go_semantic_rewiring_within_depth_proxy_strata,external_lung,seed42_main,source_disjoint,11,23,0.16176470588235303
H130,go_semantic_rewiring_within_depth_proxy_strata,external_lung,seed42_main,target_disjoint,11,0,0.08363448631905013
H130,go_semantic_rewiring_within_depth_proxy_strata,external_lung,seed42_main,target_disjoint,11,1,0.1029574452393246
H130,go_semantic_rewiring_within_depth_proxy_strata,external_lung,seed42_main,target_disjoint,11,2,0.10059738918799332
H130,go_semantic_rewiring_within_depth_proxy_strata,external_lung,seed42_main,target_disjoint,11,3,0.10413747326499012
H130,go_semantic_rewiring_within_depth_proxy_strata,external_lung,seed42_main,target_disjoint,11,4,0.10561250829707214
H130,go_semantic_rewiring_within_depth_proxy_strata,external_lung,seed42_main,target_disjoint,11,5,0.10819381960321572
H130,go_semantic_rewiring_within_depth_proxy_strata,external_lung,seed42_main,target_disjoint,11,6,0.09285345526956268
H130,go_semantic_rewiring_within_depth_proxy_strata,external_lung,seed42_main,target_disjoint,11,7,0.10347370750055318
H130,go_semantic_rewiring_within_depth_proxy_strata,external_lung,seed42_main,target_disjoint,11,8,0.09631978759495552
H130,go_semantic_rewiring_within_depth_proxy_strata,external_lung,seed42_main,target_disjoint,11,9,0.09757356737222511
H130,go_semantic_rewiring_within_depth_proxy_strata,external_lung,seed42_main,target_disjoint,11,10,0.10376871450696967
H130,go_semantic_rewiring_within_depth_proxy_strata,external_lung,seed42_main,target_disjoint,11,11,0.10258868648130393
H130,go_semantic_rewiring_within_depth_proxy_strata,external_lung,seed42_main,target_disjoint,11,12,0.10037613393318101
H130,go_semantic_rewiring_within_depth_proxy_strata,external_lung,seed42_main,target_disjoint,11,13,0.10406372151338594
H130,go_semantic_rewiring_within_depth_proxy_strata,external_lung,seed42_main,target_disjoint,11,14,0.1016299137104506
H130,go_semantic_rewiring_within_depth_proxy_strata,external_lung,seed42_main,target_disjoint,11,15,0.0953610148241022
H130,go_semantic_rewiring_within_depth_proxy_strata,external_lung,seed42_main,target_disjoint,11,16,0.10118740320082609
H130,go_semantic_rewiring_within_depth_proxy_strata,external_lung,seed42_main,target_disjoint,11,17,0.09528726307249802
H130,go_semantic_rewiring_within_depth_proxy_strata,external_lung,seed42_main,target_disjoint,11,18,0.09432849030164481
H130,go_semantic_rewiring_within_depth_proxy_strata,external_lung,seed42_main,target_disjoint,11,19,0.1029574452393246
H130,go_semantic_rewiring_within_depth_proxy_strata,external_lung,seed42_main,target_disjoint,11,20,0.09676229810458004
H130,go_semantic_rewiring_within_depth_proxy_strata,external_lung,seed42_main,target_disjoint,11,21,0.09978611992034814
H130,go_semantic_rewiring_within_depth_proxy_strata,external_lung,seed42_main,target_disjoint,11,22,0.11018511689652633
H130,go_semantic_rewiring_within_depth_proxy_strata,external_lung,seed42_main,target_disjoint,11,23,0.1064975293163214
H130,go_semantic_rewiring_within_depth_proxy_strata,immune,seed42_main,dual_axis_disjoint,11,0,0.14655172413793105
H130,go_semantic_rewiring_within_depth_proxy_strata,immune,seed42_main,dual_axis_disjoint,11,1,0.14427813565744607
H130,go_semantic_rewiring_within_depth_proxy_strata,immune,seed42_main,dual_axis_disjoint,11,2,0.14863584691170906
H130,go_semantic_rewiring_within_depth_proxy_strata,immune,seed42_main,dual_axis_disjoint,11,3,0.14427813565744607
H130,go_semantic_rewiring_within_depth_proxy_strata,immune,seed42_main,dual_axis_disjoint,11,4,0.14219401288366806
H130,go_semantic_rewiring_within_depth_proxy_strata,immune,seed42_main,dual_axis_disjoint,11,5,0.13745737021599091
H130,go_semantic_rewiring_within_depth_proxy_strata,immune,seed42_main,dual_axis_disjoint,11,6,0.1398256915498295
H130,go_semantic_rewiring_within_depth_proxy_strata,immune,seed42_main,dual_axis_disjoint,11,7,0.1449412656309208
H130,go_semantic_rewiring_within_depth_proxy_strata,immune,seed42_main,dual_axis_disjoint,11,8,0.14304660856385
H130,go_semantic_rewiring_within_depth_proxy_strata,immune,seed42_main,dual_axis_disjoint,11,9,0.1460780598711633
H130,go_semantic_rewiring_within_depth_proxy_strata,immune,seed42_main,dual_axis_disjoint,11,10,0.14314134141720347
H130,go_semantic_rewiring_within_depth_proxy_strata,immune,seed42_main,dual_axis_disjoint,11,11,0.138688897309587
H130,go_semantic_rewiring_within_depth_proxy_strata,immune,seed42_main,dual_axis_disjoint,11,12,0.1419098143236075
H130,go_semantic_rewiring_within_depth_proxy_strata,immune,seed42_main,dual_axis_disjoint,11,13,0.14541492989768856
H130,go_semantic_rewiring_within_depth_proxy_strata,immune,seed42_main,dual_axis_disjoint,11,14,0.1428571428571429
H130,go_semantic_rewiring_within_depth_proxy_strata,immune,seed42_main,dual_axis_disjoint,11,15,0.14721485411140578
H130,go_semantic_rewiring_within_depth_proxy_strata,immune,seed42_main,dual_axis_disjoint,11,16,0.14153088291019333
H130,go_semantic_rewiring_within_depth_proxy_strata,immune,seed42_main,dual_axis_disjoint,11,17,0.14342553997726415
H130,go_semantic_rewiring_within_depth_proxy_strata,immune,seed42_main,dual_axis_disjoint,11,18,0.14134141720348614
H130,go_semantic_rewiring_within_depth_proxy_strata,immune,seed42_main,dual_axis_disjoint,11,19,0.14721485411140578
H130,go_semantic_rewiring_within_depth_proxy_strata,immune,seed42_main,dual_axis_disjoint,11,20,0.1449412656309208
H130,go_semantic_rewiring_within_depth_proxy_strata,immune,seed42_main,dual_axis_disjoint,11,21,0.1469306555513452
H130,go_semantic_rewiring_within_depth_proxy_strata,immune,seed42_main,dual_axis_disjoint,11,22,0.1460780598711633
H130,go_semantic_rewiring_within_depth_proxy_strata,immune,seed42_main,dual_axis_disjoint,11,23,0.1438044713906783
H130,go_semantic_rewiring_within_depth_proxy_strata,immune,seed42_main,source_disjoint,11,0,0.04513531229515888
H130,go_semantic_rewiring_within_depth_proxy_strata,immune,seed42_main,source_disjoint,11,1,0.06011798857570949
H130,go_semantic_rewiring_within_depth_proxy_strata,immune,seed42_main,source_disjoint,11,2,0.05534226051128399
H130,go_semantic_rewiring_within_depth_proxy_strata,immune,seed42_main,source_disjoint,11,3,0.059649779941942316
H130,go_semantic_rewiring_within_depth_proxy_strata,immune,seed42_main,source_disjoint,11,4,0.05506133533102364
H130,go_semantic_rewiring_within_depth_proxy_strata,immune,seed42_main,source_disjoint,11,5,0.061990823110778304
H130,go_semantic_rewiring_within_depth_proxy_strata,immune,seed42_main,source_disjoint,11,6,0.060211630302463015
H130,go_semantic_rewiring_within_depth_proxy_strata,immune,seed42_main,source_disjoint,11,7,0.06161625620376443
H130,go_semantic_rewiring_within_depth_proxy_strata,immune,seed42_main,source_disjoint,11,8,0.05468676842400977
H130,go_semantic_rewiring_within_depth_proxy_strata,immune,seed42_main,source_disjoint,11,9,0.05674688641258552
H130,go_semantic_rewiring_within_depth_proxy_strata,immune,seed42_main,source_disjoint,11,10,0.04653993819646052
H130,go_semantic_rewiring_within_depth_proxy_strata,immune,seed42_main,source_disjoint,11,11,0.057308736773106106
H130,go_semantic_rewiring_within_depth_proxy_strata,immune,seed42_main,source_disjoint,11,12,0.06442550800636782
H130,go_semantic_rewiring_within_depth_proxy_strata,immune,seed42_main,source_disjoint,11,13,0.06002434684895597
H130,go_semantic_rewiring_within_depth_proxy_strata,immune,seed42_main,source_disjoint,11,14,0.05346942597621507
H130,go_semantic_rewiring_within_depth_proxy_strata,immune,seed42_main,source_disjoint,11,15,0.05028560726659814
H130,go_semantic_rewiring_within_depth_proxy_strata,immune,seed42_main,source_disjoint,11,16,0.05272029216218754
H130,go_semantic_rewiring_within_depth_proxy_strata,immune,seed42_main,source_disjoint,11,17,0.058432437494147504
H130,go_semantic_rewiring_within_depth_proxy_strata,immune,seed42_main,source_disjoint,11,18,0.049161906545556744
H130,go_semantic_rewiring_within_depth_proxy_strata,immune,seed42_main,source_disjoint,11,19,0.059930705122202665
H130,go_semantic_rewiring_within_depth_proxy_strata,immune,seed42_main,source_disjoint,11,20,0.05169023316789978
H130,go_semantic_rewiring_within_depth_proxy_strata,immune,seed42_main,source_disjoint,11,21,0.06058619720947667
H130,go_semantic_rewiring_within_depth_proxy_strata,immune,seed42_main,source_disjoint,11,22,0.04672722164996734
H130,go_semantic_rewiring_within_depth_proxy_strata,immune,seed42_main,source_disjoint,11,23,0.06011798857570949
H130,go_semantic_rewiring_within_depth_proxy_strata,immune,seed42_main,target_disjoint,11,0,0.0925539977264116
H130,go_semantic_rewiring_within_depth_proxy_strata,immune,seed42_main,target_disjoint,11,1,0.09113300492610832
H130,go_semantic_rewiring_within_depth_proxy_strata,immune,seed42_main,target_disjoint,11,2,0.0988063660477454
H130,go_semantic_rewiring_within_depth_proxy_strata,immune,seed42_main,target_disjoint,11,3,0.09046987495263359
H130,go_semantic_rewiring_within_depth_proxy_strata,immune,seed42_main,target_disjoint,11,4,0.09463812050018938
H130,go_semantic_rewiring_within_depth_proxy_strata,immune,seed42_main,target_disjoint,11,5,0.09842743463433123
H130,go_semantic_rewiring_within_depth_proxy_strata,immune,seed42_main,target_disjoint,11,6,0.09444865479348241
H130,go_semantic_rewiring_within_depth_proxy_strata,immune,seed42_main,target_disjoint,11,7,0.08999621068586583
H130,go_semantic_rewiring_within_depth_proxy_strata,immune,seed42_main,target_disjoint,11,8,0.09605911330049266
H130,go_semantic_rewiring_within_depth_proxy_strata,immune,seed42_main,target_disjoint,11,9,0.09492231906025017
H130,go_semantic_rewiring_within_depth_proxy_strata,immune,seed42_main,target_disjoint,11,10,0.09340659340659341
H130,go_semantic_rewiring_within_depth_proxy_strata,immune,seed42_main,target_disjoint,11,11,0.09530125047366433
H130,go_semantic_rewiring_within_depth_proxy_strata,immune,seed42_main,target_disjoint,11,12,0.09416445623342173
H130,go_semantic_rewiring_within_depth_proxy_strata,immune,seed42_main,target_disjoint,11,13,0.09009094353921943
H130,go_semantic_rewiring_within_depth_proxy_strata,immune,seed42_main,target_disjoint,11,14,0.09463812050018938
H130,go_semantic_rewiring_within_depth_proxy_strata,immune,seed42_main,target_disjoint,11,15,0.09757483895414931
H130,go_semantic_rewiring_within_depth_proxy_strata,immune,seed42_main,target_disjoint,11,16,0.09065934065934067
H130,go_semantic_rewiring_within_depth_proxy_strata,immune,seed42_main,target_disjoint,11,17,0.09691170898067447
H130,go_semantic_rewiring_within_depth_proxy_strata,immune,seed42_main,target_disjoint,11,18,0.09340659340659341
H130,go_semantic_rewiring_within_depth_proxy_strata,immune,seed42_main,target_disjoint,11,19,0.09264873057976519
H130,go_semantic_rewiring_within_depth_proxy_strata,immune,seed42_main,target_disjoint,11,20,0.09624857900719974
H130,go_semantic_rewiring_within_depth_proxy_strata,immune,seed42_main,target_disjoint,11,21,0.09530125047366433
H130,go_semantic_rewiring_within_depth_proxy_strata,immune,seed42_main,target_disjoint,11,22,0.09397499052671465
H130,go_semantic_rewiring_within_depth_proxy_strata,immune,seed42_main,target_disjoint,11,23,0.09350132625994689
H130,go_semantic_rewiring_within_depth_proxy_strata,lung,seed42_main,dual_axis_disjoint,11,0,0.13885130980199234
H130,go_semantic_rewiring_within_depth_proxy_strata,lung,seed42_main,dual_axis_disjoint,11,1,0.13011929651949328
H130,go_semantic_rewiring_within_depth_proxy_strata,lung,seed42_main,dual_axis_disjoint,11,2,0.13282499077604237
H130,go_semantic_rewiring_within_depth_proxy_strata,lung,seed42_main,dual_axis_disjoint,11,3,0.11277825605706548
H130,go_semantic_rewiring_within_depth_proxy_strata,lung,seed42_main,dual_axis_disjoint,11,4,0.13122617144262694
H130,go_semantic_rewiring_within_depth_proxy_strata,lung,seed42_main,dual_axis_disjoint,11,5,0.13651457385315469
H130,go_semantic_rewiring_within_depth_proxy_strata,lung,seed42_main,dual_axis_disjoint,11,6,0.13159512975033816
H130,go_semantic_rewiring_within_depth_proxy_strata,lung,seed42_main,dual_axis_disjoint,11,7,0.13516172672488014
H130,go_semantic_rewiring_within_depth_proxy_strata,lung,seed42_main,dual_axis_disjoint,11,8,0.13614561554544347
H130,go_semantic_rewiring_within_depth_proxy_strata,lung,seed42_main,dual_axis_disjoint,11,9,0.10330832615914398
H130,go_semantic_rewiring_within_depth_proxy_strata,lung,seed42_main,dual_axis_disjoint,11,10,0.10871971467224206
H130,go_semantic_rewiring_within_depth_proxy_strata,lung,seed42_main,dual_axis_disjoint,11,11,0.1350387406223097
H130,go_semantic_rewiring_within_depth_proxy_strata,lung,seed42_main,dual_axis_disjoint,11,12,0.11339318656991759
H130,go_semantic_rewiring_within_depth_proxy_strata,lung,seed42_main,dual_axis_disjoint,11,13,0.13516172672488014
H130,go_semantic_rewiring_within_depth_proxy_strata,lung,seed42_main,dual_axis_disjoint,11,14,0.12667568564752174
H130,go_semantic_rewiring_within_depth_proxy_strata,lung,seed42_main,dual_axis_disjoint,11,15,0.14278686508424532
H130,go_semantic_rewiring_within_depth_proxy_strata,lung,seed42_main,dual_axis_disjoint,11,16,0.1362686016480139
H130,go_semantic_rewiring_within_depth_proxy_strata,lung,seed42_main,dual_axis_disjoint,11,17,0.1265526995449514
H130,go_semantic_rewiring_within_depth_proxy_strata,lung,seed42_main,dual_axis_disjoint,11,18,0.13466978231459847
H130,go_semantic_rewiring_within_depth_proxy_strata,lung,seed42_main,dual_axis_disjoint,11,19,0.13737547657114757
H130,go_semantic_rewiring_within_depth_proxy_strata,lung,seed42_main,dual_axis_disjoint,11,20,0.13860533759685156
H130,go_semantic_rewiring_within_depth_proxy_strata,lung,seed42_main,dual_axis_disjoint,11,21,0.1296273521092116
H130,go_semantic_rewiring_within_depth_proxy_strata,lung,seed42_main,dual_axis_disjoint,11,22,0.13663755995572502
H130,go_semantic_rewiring_within_depth_proxy_strata,lung,seed42_main,dual_axis_disjoint,11,23,0.14377075390480876
H130,go_semantic_rewiring_within_depth_proxy_strata,lung,seed42_main,source_disjoint,11,0,0.15248401377274956
H130,go_semantic_rewiring_within_depth_proxy_strata,lung,seed42_main,source_disjoint,11,1,0.1555055863958963
H130,go_semantic_rewiring_within_depth_proxy_strata,lung,seed42_main,source_disjoint,11,2,0.16000281076523082
H130,go_semantic_rewiring_within_depth_proxy_strata,lung,seed42_main,source_disjoint,11,3,0.15388939638816668
H130,go_semantic_rewiring_within_depth_proxy_strata,lung,seed42_main,source_disjoint,11,4,0.16119738598833533
H130,go_semantic_rewiring_within_depth_proxy_strata,lung,seed42_main,source_disjoint,11,5,0.16035415641908513
H130,go_semantic_rewiring_within_depth_proxy_strata,lung,seed42_main,source_disjoint,11,6,0.1568406998805424
H130,go_semantic_rewiring_within_depth_proxy_strata,lung,seed42_main,source_disjoint,11,7,0.1609865785960226
H130,go_semantic_rewiring_within_depth_proxy_strata,lung,seed42_main,source_disjoint,11,8,0.15410020378047917
H130,go_semantic_rewiring_within_depth_proxy_strata,lung,seed42_main,source_disjoint,11,9,0.15677043074977148
H130,go_semantic_rewiring_within_depth_proxy_strata,lung,seed42_main,source_disjoint,11,10,0.14925163375729045
H130,go_semantic_rewiring_within_depth_proxy_strata,lung,seed42_main,source_disjoint,11,11,0.15374885812662498
H130,go_semantic_rewiring_within_depth_proxy_strata,lung,seed42_main,source_disjoint,11,12,0.1592298503267514
H130,go_semantic_rewiring_within_depth_proxy_strata,lung,seed42_main,source_disjoint,11,13,0.1587379664113554
H130,go_semantic_rewiring_within_depth_proxy_strata,lung,seed42_main,source_disjoint,11,14,0.16035415641908501
H130,go_semantic_rewiring_within_depth_proxy_strata,lung,seed42_main,source_disjoint,11,15,0.15353805073431237
H130,go_semantic_rewiring_within_depth_proxy_strata,lung,seed42_main,source_disjoint,11,16,0.15424074204202087
H130,go_semantic_rewiring_within_depth_proxy_strata,lung,seed42_main,source_disjoint,11,17,0.1571920455343967
H130,go_semantic_rewiring_within_depth_proxy_strata,lung,seed42_main,source_disjoint,11,18,0.1571920455343967
H130,go_semantic_rewiring_within_depth_proxy_strata,lung,seed42_main,source_disjoint,11,19,0.15529477900358368
H130,go_semantic_rewiring_within_depth_proxy_strata,lung,seed42_main,source_disjoint,11,20,0.15192186072658287
H130,go_semantic_rewiring_within_depth_proxy_strata,lung,seed42_main,source_disjoint,11,21,0.14918136462651954
H130,go_semantic_rewiring_within_depth_proxy_strata,lung,seed42_main,source_disjoint,11,22,0.15445154943433337
H130,go_semantic_rewiring_within_depth_proxy_strata,lung,seed42_main,source_disjoint,11,23,0.14988405593422816
H130,go_semantic_rewiring_within_depth_proxy_strata,lung,seed42_main,target_disjoint,11,0,0.14035714285714262
H130,go_semantic_rewiring_within_depth_proxy_strata,lung,seed42_main,target_disjoint,11,1,0.14100000000000001
H130,go_semantic_rewiring_within_depth_proxy_strata,lung,seed42_main,target_disjoint,11,2,0.1469285714285713
H130,go_semantic_rewiring_within_depth_proxy_strata,lung,seed42_main,target_disjoint,11,3,0.14614285714285702
H130,go_semantic_rewiring_within_depth_proxy_strata,lung,seed42_main,target_disjoint,11,4,0.14207142857142863
H130,go_semantic_rewiring_within_depth_proxy_strata,lung,seed42_main,target_disjoint,11,5,0.1438571428571428
H130,go_semantic_rewiring_within_depth_proxy_strata,lung,seed42_main,target_disjoint,11,6,0.14514285714285702
H130,go_semantic_rewiring_within_depth_proxy_strata,lung,seed42_main,target_disjoint,11,7,0.14257142857142835
H130,go_semantic_rewiring_within_depth_proxy_strata,lung,seed42_main,target_disjoint,11,8,0.1429999999999999
H130,go_semantic_rewiring_within_depth_proxy_strata,lung,seed42_main,target_disjoint,11,9,0.1450714285714284
H130,go_semantic_rewiring_within_depth_proxy_strata,lung,seed42_main,target_disjoint,11,10,0.14621428571428552
H130,go_semantic_rewiring_within_depth_proxy_strata,lung,seed42_main,target_disjoint,11,11,0.14721428571428552
H130,go_semantic_rewiring_within_depth_proxy_strata,lung,seed42_main,target_disjoint,11,12,0.1410714285714284
H130,go_semantic_rewiring_within_depth_proxy_strata,lung,seed42_main,target_disjoint,11,13,0.14549999999999996
H130,go_semantic_rewiring_within_depth_proxy_strata,lung,seed42_main,target_disjoint,11,14,0.1470714285714284
H130,go_semantic_rewiring_within_depth_proxy_strata,lung,seed42_main,target_disjoint,11,15,0.14449999999999985
H130,go_semantic_rewiring_within_depth_proxy_strata,lung,seed42_main,target_disjoint,11,16,0.14664285714285707
H130,go_semantic_rewiring_within_depth_proxy_strata,lung,seed42_main,target_disjoint,11,17,0.14935714285714285
H130,go_semantic_rewiring_within_depth_proxy_strata,lung,seed42_main,target_disjoint,11,18,0.1400714285714284
H130,go_semantic_rewiring_within_depth_proxy_strata,lung,seed42_main,target_disjoint,11,19,0.13642857142857123
H130,go_semantic_rewiring_within_depth_proxy_strata,lung,seed42_main,target_disjoint,11,20,0.1469285714285713
H130,go_semantic_rewiring_within_depth_proxy_strata,lung,seed42_main,target_disjoint,11,21,0.14264285714285718
H130,go_semantic_rewiring_within_depth_proxy_strata,lung,seed42_main,target_disjoint,11,22,0.14578571428571407
H130,go_semantic_rewiring_within_depth_proxy_strata,lung,seed42_main,target_disjoint,11,23,0.13835714285714285
H130,go_semantic_rewiring_within_depth_proxy_strata,external_lung,seed43,dual_axis_disjoint,11,0,0.17719277535119815
H130,go_semantic_rewiring_within_depth_proxy_strata,external_lung,seed43,dual_axis_disjoint,11,1,0.1518120646912996
H130,go_semantic_rewiring_within_depth_proxy_strata,external_lung,seed43,dual_axis_disjoint,11,2,0.18368551528745125
H130,go_semantic_rewiring_within_depth_proxy_strata,external_lung,seed43,dual_axis_disjoint,11,3,0.1780191240703577
H130,go_semantic_rewiring_within_depth_proxy_strata,external_lung,seed43,dual_axis_disjoint,11,4,0.17483177901074243
H130,go_semantic_rewiring_within_depth_proxy_strata,external_lung,seed43,dual_axis_disjoint,11,5,0.16515169401487406
H130,go_semantic_rewiring_within_depth_proxy_strata,external_lung,seed43,dual_axis_disjoint,11,6,0.17176248376815006
H130,go_semantic_rewiring_within_depth_proxy_strata,external_lung,seed43,dual_axis_disjoint,11,7,0.17825522370440317
H130,go_semantic_rewiring_within_depth_proxy_strata,external_lung,seed43,dual_axis_disjoint,11,8,0.16763074017235258
H130,go_semantic_rewiring_within_depth_proxy_strata,external_lung,seed43,dual_axis_disjoint,11,9,0.18085231967890436
H130,go_semantic_rewiring_within_depth_proxy_strata,external_lung,seed43,dual_axis_disjoint,11,10,0.1715263841341046
H130,go_semantic_rewiring_within_depth_proxy_strata,external_lung,seed43,dual_axis_disjoint,11,11,0.17801912407035758
H130,go_semantic_rewiring_within_depth_proxy_strata,external_lung,seed43,dual_axis_disjoint,11,12,0.16928343761067166
H130,go_semantic_rewiring_within_depth_proxy_strata,external_lung,seed43,dual_axis_disjoint,11,13,0.18014402077676772
H130,go_semantic_rewiring_within_depth_proxy_strata,external_lung,seed43,dual_axis_disjoint,11,14,0.18144256876401843
H130,go_semantic_rewiring_within_depth_proxy_strata,external_lung,seed43,dual_axis_disjoint,11,15,0.18474796364065627
H130,go_semantic_rewiring_within_depth_proxy_strata,external_lung,seed43,dual_axis_disjoint,11,16,0.17022783614685377
H130,go_semantic_rewiring_within_depth_proxy_strata,external_lung,seed43,dual_axis_disjoint,11,17,0.16503364419785127
H130,go_semantic_rewiring_within_depth_proxy_strata,external_lung,seed43,dual_axis_disjoint,11,18,0.16692244127021594
H130,go_semantic_rewiring_within_depth_proxy_strata,external_lung,seed43,dual_axis_disjoint,11,19,0.177783024436312
H130,go_semantic_rewiring_within_depth_proxy_strata,external_lung,seed43,dual_axis_disjoint,11,20,0.17731082516822105
H130,go_semantic_rewiring_within_depth_proxy_strata,external_lung,seed43,dual_axis_disjoint,11,21,0.16184629913823612
H130,go_semantic_rewiring_within_depth_proxy_strata,external_lung,seed43,dual_axis_disjoint,11,22,0.18510211309172475
H130,go_semantic_rewiring_within_depth_proxy_strata,external_lung,seed43,dual_axis_disjoint,11,23,0.181560618581041
H130,go_semantic_rewiring_within_depth_proxy_strata,external_lung,seed43,source_disjoint,11,0,0.11082455763306842
H130,go_semantic_rewiring_within_depth_proxy_strata,external_lung,seed43,source_disjoint,11,1,0.11848986317071442
H130,go_semantic_rewiring_within_depth_proxy_strata,external_lung,seed43,source_disjoint,11,2,0.10731427752704359
H130,go_semantic_rewiring_within_depth_proxy_strata,external_lung,seed43,source_disjoint,11,3,0.11705709578050016
H130,go_semantic_rewiring_within_depth_proxy_strata,external_lung,seed43,source_disjoint,11,4,0.10430546600759383
H130,go_semantic_rewiring_within_depth_proxy_strata,external_lung,seed43,source_disjoint,11,5,0.11060964252453631
H130,go_semantic_rewiring_within_depth_proxy_strata,external_lung,seed43,source_disjoint,11,6,0.11813167132316083
H130,go_semantic_rewiring_within_depth_proxy_strata,external_lung,seed43,source_disjoint,11,7,0.10430546600759372
H130,go_semantic_rewiring_within_depth_proxy_strata,external_lung,seed43,source_disjoint,11,8,0.11583924349881802
H130,go_semantic_rewiring_within_depth_proxy_strata,external_lung,seed43,source_disjoint,11,9,0.100795185901569
H130,go_semantic_rewiring_within_depth_proxy_strata,external_lung,seed43,source_disjoint,11,10,0.11734364925854301
H130,go_semantic_rewiring_within_depth_proxy_strata,external_lung,seed43,source_disjoint,11,11,0.1171287341500109
H130,go_semantic_rewiring_within_depth_proxy_strata,external_lung,seed43,source_disjoint,11,12,0.10788738448312918
H130,go_semantic_rewiring_within_depth_proxy_strata,external_lung,seed43,source_disjoint,11,13,0.10781574611361855
H130,go_semantic_rewiring_within_depth_proxy_strata,external_lung,seed43,source_disjoint,11,14,0.11261551687083615
H130,go_semantic_rewiring_within_depth_proxy_strata,external_lung,seed43,source_disjoint,11,15,0.11519449817322158
H130,go_semantic_rewiring_within_depth_proxy_strata,external_lung,seed43,source_disjoint,11,16,0.10566659502829723
H130,go_semantic_rewiring_within_depth_proxy_strata,external_lung,seed43,source_disjoint,11,17,0.11168421806719697
H130,go_semantic_rewiring_within_depth_proxy_strata,external_lung,seed43,source_disjoint,11,18,0.10666953220144715
H130,go_semantic_rewiring_within_depth_proxy_strata,external_lung,seed43,source_disjoint,11,19,0.11583924349881813
H130,go_semantic_rewiring_within_depth_proxy_strata,external_lung,seed43,source_disjoint,11,20,0.11913460849631075
H130,go_semantic_rewiring_within_depth_proxy_strata,external_lung,seed43,source_disjoint,11,21,0.1100365355684505
H130,go_semantic_rewiring_within_depth_proxy_strata,external_lung,seed43,source_disjoint,11,22,0.11089619600257905
H130,go_semantic_rewiring_within_depth_proxy_strata,external_lung,seed43,source_disjoint,11,23,0.11533777491224306
H130,go_semantic_rewiring_within_depth_proxy_strata,external_lung,seed43,target_disjoint,11,0,0.15362489859134165
H130,go_semantic_rewiring_within_depth_proxy_strata,external_lung,seed43,target_disjoint,11,1,0.16026255623571073
H130,go_semantic_rewiring_within_depth_proxy_strata,external_lung,seed43,target_disjoint,11,2,0.14256213585072652
H130,go_semantic_rewiring_within_depth_proxy_strata,external_lung,seed43,target_disjoint,11,3,0.14293089460874708
H130,go_semantic_rewiring_within_depth_proxy_strata,external_lung,seed43,target_disjoint,11,4,0.15355114683973758
H130,go_semantic_rewiring_within_depth_proxy_strata,external_lung,seed43,target_disjoint,11,5,0.15303488457850878
H130,go_semantic_rewiring_within_depth_proxy_strata,external_lung,seed43,target_disjoint,11,6,0.144405929640829
H130,go_semantic_rewiring_within_depth_proxy_strata,external_lung,seed43,target_disjoint,11,7,0.15900877645844091
H130,go_semantic_rewiring_within_depth_proxy_strata,external_lung,seed43,target_disjoint,11,8,0.1511910907884063
H130,go_semantic_rewiring_within_depth_proxy_strata,external_lung,seed43,target_disjoint,11,9,0.15834501069400408
H130,go_semantic_rewiring_within_depth_proxy_strata,external_lung,seed43,target_disjoint,11,10,0.1643926543255403
H130,go_semantic_rewiring_within_depth_proxy_strata,external_lung,seed43,target_disjoint,11,11,0.151707353049635
H130,go_semantic_rewiring_within_depth_proxy_strata,external_lung,seed43,target_disjoint,11,12,0.15819750719079584
H130,go_semantic_rewiring_within_depth_proxy_strata,external_lung,seed43,target_disjoint,11,13,0.15893502470683685
H130,go_semantic_rewiring_within_depth_proxy_strata,external_lung,seed43,target_disjoint,11,14,0.15251862231728008
H130,go_semantic_rewiring_within_depth_proxy_strata,external_lung,seed43,target_disjoint,11,15,0.14676598569216037
H130,go_semantic_rewiring_within_depth_proxy_strata,external_lung,seed43,target_disjoint,11,16,0.14905228999188735
H130,go_semantic_rewiring_within_depth_proxy_strata,external_lung,seed43,target_disjoint,11,17,0.15229736706246777
H130,go_semantic_rewiring_within_depth_proxy_strata,external_lung,seed43,target_disjoint,11,18,0.1504535732723653
H130,go_semantic_rewiring_within_depth_proxy_strata,external_lung,seed43,target_disjoint,11,19,0.14956855225311605
H130,go_semantic_rewiring_within_depth_proxy_strata,external_lung,seed43,target_disjoint,11,20,0.1438896673796003
H130,go_semantic_rewiring_within_depth_proxy_strata,external_lung,seed43,target_disjoint,11,21,0.14978980750792836
H130,go_semantic_rewiring_within_depth_proxy_strata,external_lung,seed43,target_disjoint,11,22,0.14145585957666496
H130,go_semantic_rewiring_within_depth_proxy_strata,external_lung,seed43,target_disjoint,11,23,0.15620620989748513
H130,go_semantic_rewiring_within_depth_proxy_strata,immune,seed43,dual_axis_disjoint,11,0,0.09824074074074063
H130,go_semantic_rewiring_within_depth_proxy_strata,immune,seed43,dual_axis_disjoint,11,1,0.10703703703703693
H130,go_semantic_rewiring_within_depth_proxy_strata,immune,seed43,dual_axis_disjoint,11,2,0.09629629629629632
H130,go_semantic_rewiring_within_depth_proxy_strata,immune,seed43,dual_axis_disjoint,11,3,0.1022222222222221
H130,go_semantic_rewiring_within_depth_proxy_strata,immune,seed43,dual_axis_disjoint,11,4,0.09537037037037022
H130,go_semantic_rewiring_within_depth_proxy_strata,immune,seed43,dual_axis_disjoint,11,5,0.11055555555555552
H130,go_semantic_rewiring_within_depth_proxy_strata,immune,seed43,dual_axis_disjoint,11,6,0.09703703703703703
H130,go_semantic_rewiring_within_depth_proxy_strata,immune,seed43,dual_axis_disjoint,11,7,0.10361111111111099
H130,go_semantic_rewiring_within_depth_proxy_strata,immune,seed43,dual_axis_disjoint,11,8,0.10249999999999992
H130,go_semantic_rewiring_within_depth_proxy_strata,immune,seed43,dual_axis_disjoint,11,9,0.0805555555555556
H130,go_semantic_rewiring_within_depth_proxy_strata,immune,seed43,dual_axis_disjoint,11,10,0.10583333333333333
H130,go_semantic_rewiring_within_depth_proxy_strata,immune,seed43,dual_axis_disjoint,11,11,0.10990740740740734
H130,go_semantic_rewiring_within_depth_proxy_strata,immune,seed43,dual_axis_disjoint,11,12,0.10259259259259246
H130,go_semantic_rewiring_within_depth_proxy_strata,immune,seed43,dual_axis_disjoint,11,13,0.09083333333333332
H130,go_semantic_rewiring_within_depth_proxy_strata,immune,seed43,dual_axis_disjoint,11,14,0.1081481481481481
H130,go_semantic_rewiring_within_depth_proxy_strata,immune,seed43,dual_axis_disjoint,11,15,0.1010185185185184
H130,go_semantic_rewiring_within_depth_proxy_strata,immune,seed43,dual_axis_disjoint,11,16,0.10768518518518522
H130,go_semantic_rewiring_within_depth_proxy_strata,immune,seed43,dual_axis_disjoint,11,17,0.10305555555555557
H130,go_semantic_rewiring_within_depth_proxy_strata,immune,seed43,dual_axis_disjoint,11,18,0.10175925925925922
H130,go_semantic_rewiring_within_depth_proxy_strata,immune,seed43,dual_axis_disjoint,11,19,0.10231481481481475
H130,go_semantic_rewiring_within_depth_proxy_strata,immune,seed43,dual_axis_disjoint,11,20,0.09537037037037033
H130,go_semantic_rewiring_within_depth_proxy_strata,immune,seed43,dual_axis_disjoint,11,21,0.11231481481481487
H130,go_semantic_rewiring_within_depth_proxy_strata,immune,seed43,dual_axis_disjoint,11,22,0.09972222222222227
H130,go_semantic_rewiring_within_depth_proxy_strata,immune,seed43,dual_axis_disjoint,11,23,0.10222222222222221
H130,go_semantic_rewiring_within_depth_proxy_strata,immune,seed43,source_disjoint,11,0,0.15001404625901305
H130,go_semantic_rewiring_within_depth_proxy_strata,immune,seed43,source_disjoint,11,1,0.1414926491244498
H130,go_semantic_rewiring_within_depth_proxy_strata,immune,seed43,source_disjoint,11,2,0.12061054405843252
H130,go_semantic_rewiring_within_depth_proxy_strata,immune,seed43,source_disjoint,11,3,0.15001404625901305
H130,go_semantic_rewiring_within_depth_proxy_strata,immune,seed43,source_disjoint,11,4,0.13568686206573655
H130,go_semantic_rewiring_within_depth_proxy_strata,immune,seed43,source_disjoint,11,5,0.14636201891562883
H130,go_semantic_rewiring_within_depth_proxy_strata,immune,seed43,source_disjoint,11,6,0.14374005056653238
H130,go_semantic_rewiring_within_depth_proxy_strata,immune,seed43,source_disjoint,11,7,0.09570184474201704
H130,go_semantic_rewiring_within_depth_proxy_strata,immune,seed43,source_disjoint,11,8,0.1449573930143272
H130,go_semantic_rewiring_within_depth_proxy_strata,immune,seed43,source_disjoint,11,9,0.14992040453225963
H130,go_semantic_rewiring_within_depth_proxy_strata,immune,seed43,source_disjoint,11,10,0.14626837718887542
H130,go_semantic_rewiring_within_depth_proxy_strata,immune,seed43,source_disjoint,11,11,0.15038861316602692
H130,go_semantic_rewiring_within_depth_proxy_strata,immune,seed43,source_disjoint,11,12,0.14158629085120333
H130,go_semantic_rewiring_within_depth_proxy_strata,immune,seed43,source_disjoint,11,13,0.13980709804288793
H130,go_semantic_rewiring_within_depth_proxy_strata,immune,seed43,source_disjoint,11,14,0.138964322502107
H130,go_semantic_rewiring_within_depth_proxy_strata,immune,seed43,source_disjoint,11,15,0.14608109373536848
H130,go_semantic_rewiring_within_depth_proxy_strata,immune,seed43,source_disjoint,11,16,0.14177357430471016
H130,go_semantic_rewiring_within_depth_proxy_strata,immune,seed43,source_disjoint,11,17,0.1497331210787527
H130,go_semantic_rewiring_within_depth_proxy_strata,immune,seed43,source_disjoint,11,18,0.138964322502107
H130,go_semantic_rewiring_within_depth_proxy_strata,immune,seed43,source_disjoint,11,19,0.12004869369791182
H130,go_semantic_rewiring_within_depth_proxy_strata,immune,seed43,source_disjoint,11,20,0.1455192433748479
H130,go_semantic_rewiring_within_depth_proxy_strata,immune,seed43,source_disjoint,11,21,0.1282891656522146
H130,go_semantic_rewiring_within_depth_proxy_strata,immune,seed43,source_disjoint,11,22,0.14355276711302556
H130,go_semantic_rewiring_within_depth_proxy_strata,immune,seed43,source_disjoint,11,23,0.14992040453225952
H130,go_semantic_rewiring_within_depth_proxy_strata,immune,seed43,target_disjoint,11,0,0.09492231906025028
H130,go_semantic_rewiring_within_depth_proxy_strata,immune,seed43,target_disjoint,11,1,0.08554376657824947
H130,go_semantic_rewiring_within_depth_proxy_strata,immune,seed43,target_disjoint,11,2,0.0797650625236832
H130,go_semantic_rewiring_within_depth_proxy_strata,immune,seed43,target_disjoint,11,3,0.08478590375142103
H130,go_semantic_rewiring_within_depth_proxy_strata,immune,seed43,target_disjoint,11,4,0.0892383478590375
H130,go_semantic_rewiring_within_depth_proxy_strata,immune,seed43,target_disjoint,11,5,0.08810155361879513
H130,go_semantic_rewiring_within_depth_proxy_strata,immune,seed43,target_disjoint,11,6,0.09397499052671465
H130,go_semantic_rewiring_within_depth_proxy_strata,immune,seed43,target_disjoint,11,7,0.09577491474043198
H130,go_semantic_rewiring_within_depth_proxy_strata,immune,seed43,target_disjoint,11,8,0.08980674497915886
H130,go_semantic_rewiring_within_depth_proxy_strata,immune,seed43,target_disjoint,11,9,0.09245926487305811
H130,go_semantic_rewiring_within_depth_proxy_strata,immune,seed43,target_disjoint,11,10,0.07881773399014791
H130,go_semantic_rewiring_within_depth_proxy_strata,immune,seed43,target_disjoint,11,11,0.07180750284198556
H130,go_semantic_rewiring_within_depth_proxy_strata,immune,seed43,target_disjoint,11,12,0.10543766578249336
H130,go_semantic_rewiring_within_depth_proxy_strata,immune,seed43,target_disjoint,11,13,0.08885941644562345
H130,go_semantic_rewiring_within_depth_proxy_strata,immune,seed43,target_disjoint,11,14,0.10013262599469508
H130,go_semantic_rewiring_within_depth_proxy_strata,immune,seed43,target_disjoint,11,15,0.09444865479348241
H130,go_semantic_rewiring_within_depth_proxy_strata,immune,seed43,target_disjoint,11,16,0.09435392194012893
H130,go_semantic_rewiring_within_depth_proxy_strata,immune,seed43,target_disjoint,11,17,0.07663887836301642
H130,go_semantic_rewiring_within_depth_proxy_strata,immune,seed43,target_disjoint,11,18,0.0987116331943918
H130,go_semantic_rewiring_within_depth_proxy_strata,immune,seed43,target_disjoint,11,19,0.07787040545661239
H130,go_semantic_rewiring_within_depth_proxy_strata,immune,seed43,target_disjoint,11,20,0.08440697233800687
H130,go_semantic_rewiring_within_depth_proxy_strata,immune,seed43,target_disjoint,11,21,0.09823796892762415
H130,go_semantic_rewiring_within_depth_proxy_strata,immune,seed43,target_disjoint,11,22,0.08431223948465327
H130,go_semantic_rewiring_within_depth_proxy_strata,immune,seed43,target_disjoint,11,23,0.10259568018188703
H130,go_semantic_rewiring_within_depth_proxy_strata,lung,seed43,dual_axis_disjoint,11,0,0.1991076408254323
H130,go_semantic_rewiring_within_depth_proxy_strata,lung,seed43,dual_axis_disjoint,11,1,0.21063394683026582
H130,go_semantic_rewiring_within_depth_proxy_strata,lung,seed43,dual_axis_disjoint,11,2,0.21305075292805353
H130,go_semantic_rewiring_within_depth_proxy_strata,lung,seed43,dual_axis_disjoint,11,3,0.20877486521658295
H130,go_semantic_rewiring_within_depth_proxy_strata,lung,seed43,dual_axis_disjoint,11,4,0.21342256925079017
H130,go_semantic_rewiring_within_depth_proxy_strata,lung,seed43,dual_axis_disjoint,11,5,0.20858895705521474
H130,go_semantic_rewiring_within_depth_proxy_strata,lung,seed43,dual_axis_disjoint,11,6,0.21174939579847563
H130,go_semantic_rewiring_within_depth_proxy_strata,lung,seed43,dual_axis_disjoint,11,7,0.20273284997211394
H130,go_semantic_rewiring_within_depth_proxy_strata,lung,seed43,dual_axis_disjoint,11,8,0.20728759992563683
H130,go_semantic_rewiring_within_depth_proxy_strata,lung,seed43,dual_axis_disjoint,11,9,0.20747350808700493
H130,go_semantic_rewiring_within_depth_proxy_strata,lung,seed43,dual_axis_disjoint,11,10,0.20524261015058565
H130,go_semantic_rewiring_within_depth_proxy_strata,lung,seed43,dual_axis_disjoint,11,11,0.20747350808700493
H130,go_semantic_rewiring_within_depth_proxy_strata,lung,seed43,dual_axis_disjoint,11,12,0.21435211005763144
H130,go_semantic_rewiring_within_depth_proxy_strata,lung,seed43,dual_axis_disjoint,11,13,0.20366239077895532
H130,go_semantic_rewiring_within_depth_proxy_strata,lung,seed43,dual_axis_disjoint,11,14,0.2081241866517941
H130,go_semantic_rewiring_within_depth_proxy_strata,lung,seed43,dual_axis_disjoint,11,15,0.2106339468302657
H130,go_semantic_rewiring_within_depth_proxy_strata,lung,seed43,dual_axis_disjoint,11,16,0.21769845696226064
H130,go_semantic_rewiring_within_depth_proxy_strata,lung,seed43,dual_axis_disjoint,11,17,0.21193530395984383
H130,go_semantic_rewiring_within_depth_proxy_strata,lung,seed43,dual_axis_disjoint,11,18,0.21305075292805353
H130,go_semantic_rewiring_within_depth_proxy_strata,lung,seed43,dual_axis_disjoint,11,19,0.20663692136084766
H130,go_semantic_rewiring_within_depth_proxy_strata,lung,seed43,dual_axis_disjoint,11,20,0.21072690091095003
H130,go_semantic_rewiring_within_depth_proxy_strata,lung,seed43,dual_axis_disjoint,11,21,0.2102621305075293
H130,go_semantic_rewiring_within_depth_proxy_strata,lung,seed43,dual_axis_disjoint,11,22,0.20635805911879523
H130,go_semantic_rewiring_within_depth_proxy_strata,lung,seed43,dual_axis_disjoint,11,23,0.20747350808700504
H130,go_semantic_rewiring_within_depth_proxy_strata,lung,seed43,source_disjoint,11,0,0.17515432098765438
H130,go_semantic_rewiring_within_depth_proxy_strata,lung,seed43,source_disjoint,11,1,0.17592592592592593
H130,go_semantic_rewiring_within_depth_proxy_strata,lung,seed43,source_disjoint,11,2,0.1769781144781145
H130,go_semantic_rewiring_within_depth_proxy_strata,lung,seed43,source_disjoint,11,3,0.17248877665544338
H130,go_semantic_rewiring_within_depth_proxy_strata,lung,seed43,source_disjoint,11,4,0.18062570145903478
H130,go_semantic_rewiring_within_depth_proxy_strata,lung,seed43,source_disjoint,11,5,0.1767676767676769
H130,go_semantic_rewiring_within_depth_proxy_strata,lung,seed43,source_disjoint,11,6,0.1769781144781145
H130,go_semantic_rewiring_within_depth_proxy_strata,lung,seed43,source_disjoint,11,7,0.17199775533108885
H130,go_semantic_rewiring_within_depth_proxy_strata,lung,seed43,source_disjoint,11,8,0.17753928170594846
H130,go_semantic_rewiring_within_depth_proxy_strata,lung,seed43,source_disjoint,11,9,0.1765572390572392
H130,go_semantic_rewiring_within_depth_proxy_strata,lung,seed43,source_disjoint,11,10,0.17606621773288444
H130,go_semantic_rewiring_within_depth_proxy_strata,lung,seed43,source_disjoint,11,11,0.1743125701459035
H130,go_semantic_rewiring_within_depth_proxy_strata,lung,seed43,source_disjoint,11,12,0.18728956228956228
H130,go_semantic_rewiring_within_depth_proxy_strata,lung,seed43,source_disjoint,11,13,0.17887205387205396
H130,go_semantic_rewiring_within_depth_proxy_strata,lung,seed43,source_disjoint,11,14,0.1742424242424243
H130,go_semantic_rewiring_within_depth_proxy_strata,lung,seed43,source_disjoint,11,15,0.1724887766554435
H130,go_semantic_rewiring_within_depth_proxy_strata,lung,seed43,source_disjoint,11,16,0.17985409652076323
H130,go_semantic_rewiring_within_depth_proxy_strata,lung,seed43,source_disjoint,11,17,0.17206790123456794
H130,go_semantic_rewiring_within_depth_proxy_strata,lung,seed43,source_disjoint,11,18,0.1779601571268239
H130,go_semantic_rewiring_within_depth_proxy_strata,lung,seed43,source_disjoint,11,19,0.1727693602693604
H130,go_semantic_rewiring_within_depth_proxy_strata,lung,seed43,source_disjoint,11,20,0.1769781144781145
H130,go_semantic_rewiring_within_depth_proxy_strata,lung,seed43,source_disjoint,11,21,0.17304994388327732
H130,go_semantic_rewiring_within_depth_proxy_strata,lung,seed43,source_disjoint,11,22,0.17220819304152657
H130,go_semantic_rewiring_within_depth_proxy_strata,lung,seed43,source_disjoint,11,23,0.17592592592592593
H130,go_semantic_rewiring_within_depth_proxy_strata,lung,seed43,target_disjoint,11,0,0.11220896809427994
H130,go_semantic_rewiring_within_depth_proxy_strata,lung,seed43,target_disjoint,11,1,0.0984837597010636
H130,go_semantic_rewiring_within_depth_proxy_strata,lung,seed43,target_disjoint,11,2,0.10904713998275362
H130,go_semantic_rewiring_within_depth_proxy_strata,lung,seed43,target_disjoint,11,3,0.10955015809140567
H130,go_semantic_rewiring_within_depth_proxy_strata,lung,seed43,target_disjoint,11,4,0.11055619430870933
H130,go_semantic_rewiring_within_depth_proxy_strata,lung,seed43,target_disjoint,11,5,0.10042397240586376
H130,go_semantic_rewiring_within_depth_proxy_strata,lung,seed43,target_disjoint,11,6,0.10969387755102045
H130,go_semantic_rewiring_within_depth_proxy_strata,lung,seed43,target_disjoint,11,7,0.11228082782408755
H130,go_semantic_rewiring_within_depth_proxy_strata,lung,seed43,target_disjoint,11,8,0.09920235699913771
H130,go_semantic_rewiring_within_depth_proxy_strata,lung,seed43,target_disjoint,11,9,0.11256826674331699
H130,go_semantic_rewiring_within_depth_proxy_strata,lung,seed43,target_disjoint,11,10,0.10128628916355265
H130,go_semantic_rewiring_within_depth_proxy_strata,lung,seed43,target_disjoint,11,11,0.10689134808853118
H130,go_semantic_rewiring_within_depth_proxy_strata,lung,seed43,target_disjoint,11,12,0.11501149755676932
H130,go_semantic_rewiring_within_depth_proxy_strata,lung,seed43,target_disjoint,11,13,0.10904713998275373
H130,go_semantic_rewiring_within_depth_proxy_strata,lung,seed43,target_disjoint,11,14,0.11084363322793911
H130,go_semantic_rewiring_within_depth_proxy_strata,lung,seed43,target_disjoint,11,15,0.1067476286289164
H130,go_semantic_rewiring_within_depth_proxy_strata,lung,seed43,target_disjoint,11,16,0.1059571716010349
H130,go_semantic_rewiring_within_depth_proxy_strata,lung,seed43,target_disjoint,11,17,0.1067476286289164
H130,go_semantic_rewiring_within_depth_proxy_strata,lung,seed43,target_disjoint,11,18,0.11019689565967239
H130,go_semantic_rewiring_within_depth_proxy_strata,lung,seed43,target_disjoint,11,19,0.09719028456453005
H130,go_semantic_rewiring_within_depth_proxy_strata,lung,seed43,target_disjoint,11,20,0.10811296349525723
H130,go_semantic_rewiring_within_depth_proxy_strata,lung,seed43,target_disjoint,11,21,0.1109154929577465
H130,go_semantic_rewiring_within_depth_proxy_strata,lung,seed43,target_disjoint,11,22,0.11802960620868075
H130,go_semantic_rewiring_within_depth_proxy_strata,lung,seed43,target_disjoint,11,23,0.11113107214716877
H130,go_semantic_rewiring_within_depth_proxy_strata,external_lung,seed44,dual_axis_disjoint,11,0,0.12547008547008542
H130,go_semantic_rewiring_within_depth_proxy_strata,external_lung,seed44,dual_axis_disjoint,11,1,0.13287749287749273
H130,go_semantic_rewiring_within_depth_proxy_strata,external_lung,seed44,dual_axis_disjoint,11,2,0.12660968660968652
H130,go_semantic_rewiring_within_depth_proxy_strata,external_lung,seed44,dual_axis_disjoint,11,3,0.13264957264957267
H130,go_semantic_rewiring_within_depth_proxy_strata,external_lung,seed44,dual_axis_disjoint,11,4,0.12934472934472918
H130,go_semantic_rewiring_within_depth_proxy_strata,external_lung,seed44,dual_axis_disjoint,11,5,0.11555555555555563
H130,go_semantic_rewiring_within_depth_proxy_strata,external_lung,seed44,dual_axis_disjoint,11,6,0.12831908831908834
H130,go_semantic_rewiring_within_depth_proxy_strata,external_lung,seed44,dual_axis_disjoint,11,7,0.1276353276353277
H130,go_semantic_rewiring_within_depth_proxy_strata,external_lung,seed44,dual_axis_disjoint,11,8,0.12045584045584046
H130,go_semantic_rewiring_within_depth_proxy_strata,external_lung,seed44,dual_axis_disjoint,11,9,0.12216524216524227
H130,go_semantic_rewiring_within_depth_proxy_strata,external_lung,seed44,dual_axis_disjoint,11,10,0.12216524216524205
H130,go_semantic_rewiring_within_depth_proxy_strata,external_lung,seed44,dual_axis_disjoint,11,11,0.1318518518518519
H130,go_semantic_rewiring_within_depth_proxy_strata,external_lung,seed44,dual_axis_disjoint,11,12,0.12843304843304837
H130,go_semantic_rewiring_within_depth_proxy_strata,external_lung,seed44,dual_axis_disjoint,11,13,0.11829059829059829
H130,go_semantic_rewiring_within_depth_proxy_strata,external_lung,seed44,dual_axis_disjoint,11,14,0.11806267806267812
H130,go_semantic_rewiring_within_depth_proxy_strata,external_lung,seed44,dual_axis_disjoint,11,15,0.12296296296296294
H130,go_semantic_rewiring_within_depth_proxy_strata,external_lung,seed44,dual_axis_disjoint,11,16,0.125925925925926
H130,go_semantic_rewiring_within_depth_proxy_strata,external_lung,seed44,dual_axis_disjoint,11,17,0.11817663817663815
H130,go_semantic_rewiring_within_depth_proxy_strata,external_lung,seed44,dual_axis_disjoint,11,18,0.12672364672364678
H130,go_semantic_rewiring_within_depth_proxy_strata,external_lung,seed44,dual_axis_disjoint,11,19,0.12250712250712259
H130,go_semantic_rewiring_within_depth_proxy_strata,external_lung,seed44,dual_axis_disjoint,11,20,0.1234188034188034
H130,go_semantic_rewiring_within_depth_proxy_strata,external_lung,seed44,dual_axis_disjoint,11,21,0.12011396011396003
H130,go_semantic_rewiring_within_depth_proxy_strata,external_lung,seed44,dual_axis_disjoint,11,22,0.12547008547008542
H130,go_semantic_rewiring_within_depth_proxy_strata,external_lung,seed44,dual_axis_disjoint,11,23,0.12672364672364667
H130,go_semantic_rewiring_within_depth_proxy_strata,external_lung,seed44,source_disjoint,11,0,0.13647695704822282
H130,go_semantic_rewiring_within_depth_proxy_strata,external_lung,seed44,source_disjoint,11,1,0.12557874492485221
H130,go_semantic_rewiring_within_depth_proxy_strata,external_lung,seed44,source_disjoint,11,2,0.1301374741790725
H130,go_semantic_rewiring_within_depth_proxy_strata,external_lung,seed44,source_disjoint,11,3,0.13597834603604242
H130,go_semantic_rewiring_within_depth_proxy_strata,external_lung,seed44,source_disjoint,11,4,0.13341406083054352
H130,go_semantic_rewiring_within_depth_proxy_strata,external_lung,seed44,source_disjoint,11,5,0.1271458081059904
H130,go_semantic_rewiring_within_depth_proxy_strata,external_lung,seed44,source_disjoint,11,6,0.1174585084407721
H130,go_semantic_rewiring_within_depth_proxy_strata,external_lung,seed44,source_disjoint,11,7,0.13434005271030702
H130,go_semantic_rewiring_within_depth_proxy_strata,external_lung,seed44,source_disjoint,11,8,0.13227437851698842
H130,go_semantic_rewiring_within_depth_proxy_strata,external_lung,seed44,source_disjoint,11,9,0.1297100933114893
H130,go_semantic_rewiring_within_depth_proxy_strata,external_lung,seed44,source_disjoint,11,10,0.1297813234560865
H130,go_semantic_rewiring_within_depth_proxy_strata,external_lung,seed44,source_disjoint,11,11,0.13868509153073583
H130,go_semantic_rewiring_within_depth_proxy_strata,external_lung,seed44,source_disjoint,11,12,0.135479735023862
H130,go_semantic_rewiring_within_depth_proxy_strata,external_lung,seed44,source_disjoint,11,13,0.113754540921718
H130,go_semantic_rewiring_within_depth_proxy_strata,external_lung,seed44,source_disjoint,11,14,0.13412636227651542
H130,go_semantic_rewiring_within_depth_proxy_strata,external_lung,seed44,source_disjoint,11,15,0.13583588574684802
H130,go_semantic_rewiring_within_depth_proxy_strata,external_lung,seed44,source_disjoint,11,16,0.12621981622622702
H130,go_semantic_rewiring_within_depth_proxy_strata,external_lung,seed44,source_disjoint,11,17,0.13106346605883612
H130,go_semantic_rewiring_within_depth_proxy_strata,external_lung,seed44,source_disjoint,11,18,0.13498112401168172
H130,go_semantic_rewiring_within_depth_proxy_strata,external_lung,seed44,source_disjoint,11,19,0.13804402022936102
H130,go_semantic_rewiring_within_depth_proxy_strata,external_lung,seed44,source_disjoint,11,20,0.13818648051855553
H130,go_semantic_rewiring_within_depth_proxy_strata,external_lung,seed44,source_disjoint,11,21,0.1314908469264191
H130,go_semantic_rewiring_within_depth_proxy_strata,external_lung,seed44,source_disjoint,11,22,0.1183132701759384
H130,go_semantic_rewiring_within_depth_proxy_strata,external_lung,seed44,source_disjoint,11,23,0.131063466058836
H130,go_semantic_rewiring_within_depth_proxy_strata,external_lung,seed44,target_disjoint,11,0,0.09968171296296291
H130,go_semantic_rewiring_within_depth_proxy_strata,external_lung,seed44,target_disjoint,11,1,0.10517939814814814
H130,go_semantic_rewiring_within_depth_proxy_strata,external_lung,seed44,target_disjoint,11,2,0.11024305555555558
H130,go_semantic_rewiring_within_depth_proxy_strata,external_lung,seed44,target_disjoint,11,3,0.11263020833333337
H130,go_semantic_rewiring_within_depth_proxy_strata,external_lung,seed44,target_disjoint,11,4,0.10554108796296302
H130,go_semantic_rewiring_within_depth_proxy_strata,external_lung,seed44,target_disjoint,11,5,0.11291956018518512
H130,go_semantic_rewiring_within_depth_proxy_strata,external_lung,seed44,target_disjoint,11,6,0.10814525462962954
H130,go_semantic_rewiring_within_depth_proxy_strata,external_lung,seed44,target_disjoint,11,7,0.11082175925925919
H130,go_semantic_rewiring_within_depth_proxy_strata,external_lung,seed44,target_disjoint,11,8,0.10669849537037035
H130,go_semantic_rewiring_within_depth_proxy_strata,external_lung,seed44,target_disjoint,11,9,0.10756655092592593
H130,go_semantic_rewiring_within_depth_proxy_strata,external_lung,seed44,target_disjoint,11,10,0.10026041666666674
H130,go_semantic_rewiring_within_depth_proxy_strata,external_lung,seed44,target_disjoint,11,11,0.10836226851851849
H130,go_semantic_rewiring_within_depth_proxy_strata,external_lung,seed44,target_disjoint,11,12,0.0962094907407407
H130,go_semantic_rewiring_within_depth_proxy_strata,external_lung,seed44,target_disjoint,11,13,0.10901331018518512
H130,go_semantic_rewiring_within_depth_proxy_strata,external_lung,seed44,target_disjoint,11,14,0.09375
H130,go_semantic_rewiring_within_depth_proxy_strata,external_lung,seed44,target_disjoint,11,15,0.1084346064814814
H130,go_semantic_rewiring_within_depth_proxy_strata,external_lung,seed44,target_disjoint,11,16,0.11407696759259256
H130,go_semantic_rewiring_within_depth_proxy_strata,external_lung,seed44,target_disjoint,11,17,0.09461805555555547
H130,go_semantic_rewiring_within_depth_proxy_strata,external_lung,seed44,target_disjoint,11,18,0.10857928240740733
H130,go_semantic_rewiring_within_depth_proxy_strata,external_lung,seed44,target_disjoint,11,19,0.11082175925925919
H130,go_semantic_rewiring_within_depth_proxy_strata,external_lung,seed44,target_disjoint,11,20,0.10857928240740744
H130,go_semantic_rewiring_within_depth_proxy_strata,external_lung,seed44,target_disjoint,11,21,0.11516203703703698
H130,go_semantic_rewiring_within_depth_proxy_strata,external_lung,seed44,target_disjoint,11,22,0.11234085648148129
H130,go_semantic_rewiring_within_depth_proxy_strata,external_lung,seed44,target_disjoint,11,23,0.10489004629629628
H130,go_semantic_rewiring_within_depth_proxy_strata,immune,seed44,dual_axis_disjoint,11,0,0.09473285335354309
H130,go_semantic_rewiring_within_depth_proxy_strata,immune,seed44,dual_axis_disjoint,11,1,0.09065934065934078
H130,go_semantic_rewiring_within_depth_proxy_strata,immune,seed44,dual_axis_disjoint,11,2,0.08999621068586594
H130,go_semantic_rewiring_within_depth_proxy_strata,immune,seed44,dual_axis_disjoint,11,3,0.10581659719590764
H130,go_semantic_rewiring_within_depth_proxy_strata,immune,seed44,dual_axis_disjoint,11,4,0.10477453580901874
H130,go_semantic_rewiring_within_depth_proxy_strata,immune,seed44,dual_axis_disjoint,11,5,0.1061007957559682
H130,go_semantic_rewiring_within_depth_proxy_strata,immune,seed44,dual_axis_disjoint,11,6,0.09075407351269427
H130,go_semantic_rewiring_within_depth_proxy_strata,immune,seed44,dual_axis_disjoint,11,7,0.08450170519136047
H130,go_semantic_rewiring_within_depth_proxy_strata,immune,seed44,dual_axis_disjoint,11,8,0.09312239484653295
H130,go_semantic_rewiring_within_depth_proxy_strata,immune,seed44,dual_axis_disjoint,11,9,0.08791208791208804
H130,go_semantic_rewiring_within_depth_proxy_strata,immune,seed44,dual_axis_disjoint,11,10,0.10145888594164465
H130,go_semantic_rewiring_within_depth_proxy_strata,immune,seed44,dual_axis_disjoint,11,11,0.10126942023493757
H130,go_semantic_rewiring_within_depth_proxy_strata,immune,seed44,dual_axis_disjoint,11,12,0.09842743463433123
H130,go_semantic_rewiring_within_depth_proxy_strata,immune,seed44,dual_axis_disjoint,11,13,0.0966275104206139
H130,go_semantic_rewiring_within_depth_proxy_strata,immune,seed44,dual_axis_disjoint,11,14,0.09189086775293676
H130,go_semantic_rewiring_within_depth_proxy_strata,immune,seed44,dual_axis_disjoint,11,15,0.0989010989010991
H130,go_semantic_rewiring_within_depth_proxy_strata,immune,seed44,dual_axis_disjoint,11,16,0.10269041303524074
H130,go_semantic_rewiring_within_depth_proxy_strata,immune,seed44,dual_axis_disjoint,11,17,0.09388025767336128
H130,go_semantic_rewiring_within_depth_proxy_strata,immune,seed44,dual_axis_disjoint,11,18,0.09710117468738166
H130,go_semantic_rewiring_within_depth_proxy_strata,immune,seed44,dual_axis_disjoint,11,19,0.08933308071239121
H130,go_semantic_rewiring_within_depth_proxy_strata,immune,seed44,dual_axis_disjoint,11,20,0.1020272830617659
H130,go_semantic_rewiring_within_depth_proxy_strata,immune,seed44,dual_axis_disjoint,11,21,0.09852216748768483
H130,go_semantic_rewiring_within_depth_proxy_strata,immune,seed44,dual_axis_disjoint,11,22,0.10562713148920055
H130,go_semantic_rewiring_within_depth_proxy_strata,immune,seed44,dual_axis_disjoint,11,23,0.10183781735505881
H130,go_semantic_rewiring_within_depth_proxy_strata,immune,seed44,source_disjoint,11,0,0.1593782189343571
H130,go_semantic_rewiring_within_depth_proxy_strata,immune,seed44,source_disjoint,11,1,0.1701470175110028
H130,go_semantic_rewiring_within_depth_proxy_strata,immune,seed44,source_disjoint,11,2,0.17042794269126316
H130,go_semantic_rewiring_within_depth_proxy_strata,immune,seed44,source_disjoint,11,3,0.15853544339357606
H130,go_semantic_rewiring_within_depth_proxy_strata,immune,seed44,source_disjoint,11,4,0.17370540312763372
H130,go_semantic_rewiring_within_depth_proxy_strata,immune,seed44,source_disjoint,11,5,0.17201985204607173
H130,go_semantic_rewiring_within_depth_proxy_strata,immune,seed44,source_disjoint,11,6,0.1623747541904672
H130,go_semantic_rewiring_within_depth_proxy_strata,immune,seed44,source_disjoint,11,7,0.16789961606892023
H130,go_semantic_rewiring_within_depth_proxy_strata,immune,seed44,source_disjoint,11,8,0.15975278584137087
H130,go_semantic_rewiring_within_depth_proxy_strata,immune,seed44,source_disjoint,11,9,0.1671504822548927
H130,go_semantic_rewiring_within_depth_proxy_strata,immune,seed44,source_disjoint,11,10,0.16574585635359118
H130,go_semantic_rewiring_within_depth_proxy_strata,immune,seed44,source_disjoint,11,11,0.16265567937072745
H130,go_semantic_rewiring_within_depth_proxy_strata,immune,seed44,source_disjoint,11,12,0.14814121172394423
H130,go_semantic_rewiring_within_depth_proxy_strata,immune,seed44,source_disjoint,11,13,0.1730499110403595
H130,go_semantic_rewiring_within_depth_proxy_strata,immune,seed44,source_disjoint,11,14,0.1509504635265474
H130,go_semantic_rewiring_within_depth_proxy_strata,immune,seed44,source_disjoint,11,15,0.15975278584137087
H130,go_semantic_rewiring_within_depth_proxy_strata,immune,seed44,source_disjoint,11,16,0.17295626931360608
H130,go_semantic_rewiring_within_depth_proxy_strata,immune,seed44,source_disjoint,11,17,0.16537128944657742
H130,go_semantic_rewiring_within_depth_proxy_strata,immune,seed44,source_disjoint,11,18,0.17361176140088008
H130,go_semantic_rewiring_within_depth_proxy_strata,immune,seed44,source_disjoint,11,19,0.14121172394418957
H130,go_semantic_rewiring_within_depth_proxy_strata,immune,seed44,source_disjoint,11,20,0.1622811124637138
H130,go_semantic_rewiring_within_depth_proxy_strata,immune,seed44,source_disjoint,11,21,0.1671504822548927
H130,go_semantic_rewiring_within_depth_proxy_strata,immune,seed44,source_disjoint,11,22,0.1725817024065922
H130,go_semantic_rewiring_within_depth_proxy_strata,immune,seed44,source_disjoint,11,23,0.16612042326060483
H130,go_semantic_rewiring_within_depth_proxy_strata,immune,seed44,target_disjoint,11,0,0.11481621826449417
H130,go_semantic_rewiring_within_depth_proxy_strata,immune,seed44,target_disjoint,11,1,0.10354300871542255
H130,go_semantic_rewiring_within_depth_proxy_strata,immune,seed44,target_disjoint,11,2,0.11566881394467599
H130,go_semantic_rewiring_within_depth_proxy_strata,immune,seed44,target_disjoint,11,3,0.11472148541114058
H130,go_semantic_rewiring_within_depth_proxy_strata,immune,seed44,target_disjoint,11,4,0.11273209549071617
H130,go_semantic_rewiring_within_depth_proxy_strata,immune,seed44,target_disjoint,11,5,0.1114058355437666
H130,go_semantic_rewiring_within_depth_proxy_strata,immune,seed44,target_disjoint,11,6,0.10231148162182646
H130,go_semantic_rewiring_within_depth_proxy_strata,immune,seed44,target_disjoint,11,7,0.11756347101174691
H130,go_semantic_rewiring_within_depth_proxy_strata,immune,seed44,target_disjoint,11,8,0.10373247442212963
H130,go_semantic_rewiring_within_depth_proxy_strata,immune,seed44,target_disjoint,11,9,0.11462675255778698
H130,go_semantic_rewiring_within_depth_proxy_strata,immune,seed44,target_disjoint,11,10,0.11282682834406976
H130,go_semantic_rewiring_within_depth_proxy_strata,immune,seed44,target_disjoint,11,11,0.10430087154225098
H130,go_semantic_rewiring_within_depth_proxy_strata,immune,seed44,target_disjoint,11,12,0.11784766957180748
H130,go_semantic_rewiring_within_depth_proxy_strata,immune,seed44,target_disjoint,11,13,0.10818491852974621
H130,go_semantic_rewiring_within_depth_proxy_strata,immune,seed44,target_disjoint,11,14,0.1154793482379689
H130,go_semantic_rewiring_within_depth_proxy_strata,immune,seed44,target_disjoint,11,15,0.1030693444486549
H130,go_semantic_rewiring_within_depth_proxy_strata,immune,seed44,target_disjoint,11,16,0.09748010610079583
H130,go_semantic_rewiring_within_depth_proxy_strata,immune,seed44,target_disjoint,11,17,0.07123910572186432
H130,go_semantic_rewiring_within_depth_proxy_strata,immune,seed44,target_disjoint,11,18,0.11424782114437293
H130,go_semantic_rewiring_within_depth_proxy_strata,immune,seed44,target_disjoint,11,19,0.09681697612732099
H130,go_semantic_rewiring_within_depth_proxy_strata,immune,seed44,target_disjoint,11,20,0.10581659719590764
H130,go_semantic_rewiring_within_depth_proxy_strata,immune,seed44,target_disjoint,11,21,0.11907919666540367
H130,go_semantic_rewiring_within_depth_proxy_strata,immune,seed44,target_disjoint,11,22,0.07607048124289506
H130,go_semantic_rewiring_within_depth_proxy_strata,immune,seed44,target_disjoint,11,23,0.10922697991663521
H130,go_semantic_rewiring_within_depth_proxy_strata,lung,seed44,dual_axis_disjoint,11,0,0.1605351170568562
H130,go_semantic_rewiring_within_depth_proxy_strata,lung,seed44,dual_axis_disjoint,11,1,0.15860560843838423
H130,go_semantic_rewiring_within_depth_proxy_strata,lung,seed44,dual_axis_disjoint,11,2,0.15667609981991248
H130,go_semantic_rewiring_within_depth_proxy_strata,lung,seed44,dual_axis_disjoint,11,3,0.1542320555698481
H130,go_semantic_rewiring_within_depth_proxy_strata,lung,seed44,dual_axis_disjoint,11,4,0.1596346797015692
H130,go_semantic_rewiring_within_depth_proxy_strata,lung,seed44,dual_axis_disjoint,11,5,0.16465140210959606
H130,go_semantic_rewiring_within_depth_proxy_strata,lung,seed44,dual_axis_disjoint,11,6,0.1650373038332903
H130,go_semantic_rewiring_within_depth_proxy_strata,lung,seed44,dual_axis_disjoint,11,7,0.14612811937226644
H130,go_semantic_rewiring_within_depth_proxy_strata,lung,seed44,dual_axis_disjoint,11,8,0.1517880113197838
H130,go_semantic_rewiring_within_depth_proxy_strata,lung,seed44,dual_axis_disjoint,11,9,0.15976331360946738
H130,go_semantic_rewiring_within_depth_proxy_strata,lung,seed44,dual_axis_disjoint,11,10,0.15011577051710834
H130,go_semantic_rewiring_within_depth_proxy_strata,lung,seed44,dual_axis_disjoint,11,11,0.15153074350398754
H130,go_semantic_rewiring_within_depth_proxy_strata,lung,seed44,dual_axis_disjoint,11,12,0.14664265500385898
H130,go_semantic_rewiring_within_depth_proxy_strata,lung,seed44,dual_axis_disjoint,11,13,0.16169282222793924
H130,go_semantic_rewiring_within_depth_proxy_strata,lung,seed44,dual_axis_disjoint,11,14,0.15924877797787484
H130,go_semantic_rewiring_within_depth_proxy_strata,lung,seed44,dual_axis_disjoint,11,15,0.15564702855672752
H130,go_semantic_rewiring_within_depth_proxy_strata,lung,seed44,dual_axis_disjoint,11,16,0.15976331360946738
H130,go_semantic_rewiring_within_depth_proxy_strata,lung,seed44,dual_axis_disjoint,11,17,0.1571906354515049
H130,go_semantic_rewiring_within_depth_proxy_strata,lung,seed44,dual_axis_disjoint,11,18,0.1526884486750708
H130,go_semantic_rewiring_within_depth_proxy_strata,lung,seed44,dual_axis_disjoint,11,19,0.1565474659120144
H130,go_semantic_rewiring_within_depth_proxy_strata,lung,seed44,dual_axis_disjoint,11,20,0.15667609981991248
H130,go_semantic_rewiring_within_depth_proxy_strata,lung,seed44,dual_axis_disjoint,11,21,0.15217391304347816
H130,go_semantic_rewiring_within_depth_proxy_strata,lung,seed44,dual_axis_disjoint,11,22,0.16079238487265235
H130,go_semantic_rewiring_within_depth_proxy_strata,lung,seed44,dual_axis_disjoint,11,23,0.15821970671468988
H130,go_semantic_rewiring_within_depth_proxy_strata,lung,seed44,source_disjoint,11,0,0.11706837186424002
H130,go_semantic_rewiring_within_depth_proxy_strata,lung,seed44,source_disjoint,11,1,0.13463565455695325
H130,go_semantic_rewiring_within_depth_proxy_strata,lung,seed44,source_disjoint,11,2,0.12205748014897067
H130,go_semantic_rewiring_within_depth_proxy_strata,lung,seed44,source_disjoint,11,3,0.13034923757993122
H130,go_semantic_rewiring_within_depth_proxy_strata,lung,seed44,source_disjoint,11,4,0.1420841824186635
H130,go_semantic_rewiring_within_depth_proxy_strata,lung,seed44,source_disjoint,11,5,0.1409598763263299
H130,go_semantic_rewiring_within_depth_proxy_strata,lung,seed44,source_disjoint,11,6,0.13140327454149392
H130,go_semantic_rewiring_within_depth_proxy_strata,lung,seed44,source_disjoint,11,7,0.1302086993183894
H130,go_semantic_rewiring_within_depth_proxy_strata,lung,seed44,source_disjoint,11,8,0.1294357388799101
H130,go_semantic_rewiring_within_depth_proxy_strata,lung,seed44,source_disjoint,11,9,0.13034923757993133
H130,go_semantic_rewiring_within_depth_proxy_strata,lung,seed44,source_disjoint,11,10,0.13077085236455632
H130,go_semantic_rewiring_within_depth_proxy_strata,lung,seed44,source_disjoint,11,11,0.1403977232801631
H130,go_semantic_rewiring_within_depth_proxy_strata,lung,seed44,source_disjoint,11,12,0.13386269411847374
H130,go_semantic_rewiring_within_depth_proxy_strata,lung,seed44,source_disjoint,11,13,0.13730588152624568
H130,go_semantic_rewiring_within_depth_proxy_strata,lung,seed44,source_disjoint,11,14,0.13308973367999455
H130,go_semantic_rewiring_within_depth_proxy_strata,lung,seed44,source_disjoint,11,15,0.13224650411074423
H130,go_semantic_rewiring_within_depth_proxy_strata,lung,seed44,source_disjoint,11,16,0.1401166467570797
H130,go_semantic_rewiring_within_depth_proxy_strata,lung,seed44,source_disjoint,11,17,0.13723561239547477
H130,go_semantic_rewiring_within_depth_proxy_strata,lung,seed44,source_disjoint,11,18,0.128100625395264
H130,go_semantic_rewiring_within_depth_proxy_strata,lung,seed44,source_disjoint,11,19,0.14538683156489363
H130,go_semantic_rewiring_within_depth_proxy_strata,lung,seed44,source_disjoint,11,20,0.13744641978778727
H130,go_semantic_rewiring_within_depth_proxy_strata,lung,seed44,source_disjoint,11,21,0.1283114327875765
H130,go_semantic_rewiring_within_depth_proxy_strata,lung,seed44,source_disjoint,11,22,0.13772749631087067
H130,go_semantic_rewiring_within_depth_proxy_strata,lung,seed44,source_disjoint,11,23,0.13793830370318316
H130,go_semantic_rewiring_within_depth_proxy_strata,lung,seed44,target_disjoint,11,0,0.10477127397934083
H130,go_semantic_rewiring_within_depth_proxy_strata,lung,seed44,target_disjoint,11,1,0.1141170683718642
H130,go_semantic_rewiring_within_depth_proxy_strata,lung,seed44,target_disjoint,11,2,0.11158737966411358
H130,go_semantic_rewiring_within_depth_proxy_strata,lung,seed44,target_disjoint,11,3,0.1004848570023188
H130,go_semantic_rewiring_within_depth_proxy_strata,lung,seed44,target_disjoint,11,4,0.11186845618719699
H130,go_semantic_rewiring_within_depth_proxy_strata,lung,seed44,target_disjoint,11,5,0.1139765301103225
H130,go_semantic_rewiring_within_depth_proxy_strata,lung,seed44,target_disjoint,11,6,0.11460895228726031
H130,go_semantic_rewiring_within_depth_proxy_strata,lung,seed44,target_disjoint,11,7,0.11193872531796778
H130,go_semantic_rewiring_within_depth_proxy_strata,lung,seed44,target_disjoint,11,8,0.10427939006394493
H130,go_semantic_rewiring_within_depth_proxy_strata,lung,seed44,target_disjoint,11,9,0.10723069355632087
H130,go_semantic_rewiring_within_depth_proxy_strata,lung,seed44,target_disjoint,11,10,0.10666854051015384
H130,go_semantic_rewiring_within_depth_proxy_strata,lung,seed44,target_disjoint,11,11,0.10990092052561307
H130,go_semantic_rewiring_within_depth_proxy_strata,lung,seed44,target_disjoint,11,12,0.11186845618719699
H130,go_semantic_rewiring_within_depth_proxy_strata,lung,seed44,target_disjoint,11,13,0.10751177007940416
H130,go_semantic_rewiring_within_depth_proxy_strata,lung,seed44,target_disjoint,11,14,0.11524137446419791
H130,go_semantic_rewiring_within_depth_proxy_strata,lung,seed44,target_disjoint,11,15,0.10912796008713366
H130,go_semantic_rewiring_within_depth_proxy_strata,lung,seed44,target_disjoint,11,16,0.1118684561871971
H130,go_semantic_rewiring_within_depth_proxy_strata,lung,seed44,target_disjoint,11,17,0.10898742182559196
H130,go_semantic_rewiring_within_depth_proxy_strata,lung,seed44,target_disjoint,11,18,0.1126414166256764
H130,go_semantic_rewiring_within_depth_proxy_strata,lung,seed44,target_disjoint,11,19,0.1136954535872392
H130,go_semantic_rewiring_within_depth_proxy_strata,lung,seed44,target_disjoint,11,20,0.11650621881807322
H130,go_semantic_rewiring_within_depth_proxy_strata,lung,seed44,target_disjoint,11,21,0.11573325837959392
H130,go_semantic_rewiring_within_depth_proxy_strata,lung,seed44,target_disjoint,11,22,0.10441992832548674
H130,go_semantic_rewiring_within_depth_proxy_strata,lung,seed44,target_disjoint,11,23,0.10673880964092475
H130,label_permutation,external_lung,seed42_main,dual_axis_disjoint,11,0,0.014874999999999972
H130,label_permutation,external_lung,seed42_main,dual_axis_disjoint,11,1,0.05162499999999992
H130,label_permutation,external_lung,seed42_main,dual_axis_disjoint,11,2,0.07824999999999993
H130,label_permutation,external_lung,seed42_main,dual_axis_disjoint,11,3,0.03149999999999997
H130,label_permutation,external_lung,seed42_main,dual_axis_disjoint,11,4,0.041562499999999836
H130,label_permutation,external_lung,seed42_main,dual_axis_disjoint,11,5,0.04068749999999999
H130,label_permutation,external_lung,seed42_main,dual_axis_disjoint,11,6,0.047125000000000083
H130,label_permutation,external_lung,seed42_main,dual_axis_disjoint,11,7,0.010500000000000065
H130,label_permutation,external_lung,seed42_main,dual_axis_disjoint,11,8,0.0036250000000001004
H130,label_permutation,external_lung,seed42_main,dual_axis_disjoint,11,9,0.07099999999999984
H130,label_permutation,external_lung,seed42_main,dual_axis_disjoint,11,10,0.040999999999999925
H130,label_permutation,external_lung,seed42_main,dual_axis_disjoint,11,11,0.08012499999999989
H130,label_permutation,external_lung,seed42_main,dual_axis_disjoint,11,12,-0.023125000000000173
H130,label_permutation,external_lung,seed42_main,dual_axis_disjoint,11,13,-0.0036250000000002114
H130,label_permutation,external_lung,seed42_main,dual_axis_disjoint,11,14,0.012625000000000108
H130,label_permutation,external_lung,seed42_main,dual_axis_disjoint,11,15,0.058499999999999996
H130,label_permutation,external_lung,seed42_main,dual_axis_disjoint,11,16,0.013249999999999984
H130,label_permutation,external_lung,seed42_main,dual_axis_disjoint,11,17,0.04862499999999992
H130,label_permutation,external_lung,seed42_main,dual_axis_disjoint,11,18,0.11599999999999999
H130,label_permutation,external_lung,seed42_main,dual_axis_disjoint,11,19,-0.01387499999999997
H130,label_permutation,external_lung,seed42_main,dual_axis_disjoint,11,20,0.039374999999999716
H130,label_permutation,external_lung,seed42_main,dual_axis_disjoint,11,21,0.006749999999999923
H130,label_permutation,external_lung,seed42_main,dual_axis_disjoint,11,22,0.06399999999999995
H130,label_permutation,external_lung,seed42_main,dual_axis_disjoint,11,23,0.09575000000000011
H130,label_permutation,external_lung,seed42_main,source_disjoint,11,0,0.0732807615799943
H130,label_permutation,external_lung,seed42_main,source_disjoint,11,1,0.1040423415743108
H130,label_permutation,external_lung,seed42_main,source_disjoint,11,2,0.10681301506109697
H130,label_permutation,external_lung,seed42_main,source_disjoint,11,3,0.09139670360897978
H130,label_permutation,external_lung,seed42_main,source_disjoint,11,4,0.08546462063086102
H130,label_permutation,external_lung,seed42_main,source_disjoint,11,5,0.040849673202614234
H130,label_permutation,external_lung,seed42_main,source_disjoint,11,6,0.11288718385905083
H130,label_permutation,external_lung,seed42_main,source_disjoint,11,7,0.07136260301221942
H130,label_permutation,external_lung,seed42_main,source_disjoint,11,8,0.1226200625177607
H130,label_permutation,external_lung,seed42_main,source_disjoint,11,9,0.1254617789144643
H130,label_permutation,external_lung,seed42_main,source_disjoint,11,10,0.140096618357488
H130,label_permutation,external_lung,seed42_main,source_disjoint,11,11,0.126740551292981
H130,label_permutation,external_lung,seed42_main,source_disjoint,11,12,0.047279056550156295
H130,label_permutation,external_lung,seed42_main,source_disjoint,11,13,0.08809320829781198
H130,label_permutation,external_lung,seed42_main,source_disjoint,11,14,0.07921284455811317
H130,label_permutation,external_lung,seed42_main,source_disjoint,11,15,0.0678815004262574
H130,label_permutation,external_lung,seed42_main,source_disjoint,11,16,0.1613029269678884
H130,label_permutation,external_lung,seed42_main,source_disjoint,11,17,0.06646064222790571
H130,label_permutation,external_lung,seed42_main,source_disjoint,11,18,0.09292412617220791
H130,label_permutation,external_lung,seed42_main,source_disjoint,11,19,0.04681727763569199
H130,label_permutation,external_lung,seed42_main,source_disjoint,11,20,0.09573032111395285
H130,label_permutation,external_lung,seed42_main,source_disjoint,11,21,0.0842213697073031
H130,label_permutation,external_lung,seed42_main,source_disjoint,11,22,0.037510656436487766
H130,label_permutation,external_lung,seed42_main,source_disjoint,11,23,0.11349104859335035
H130,label_permutation,external_lung,seed42_main,target_disjoint,11,0,0.02065049044914813
H130,label_permutation,external_lung,seed42_main,target_disjoint,11,1,0.0057526366251199335
H130,label_permutation,external_lung,seed42_main,target_disjoint,11,2,-0.03982594586621413
H130,label_permutation,external_lung,seed42_main,target_disjoint,11,3,0.015045357327236553
H130,label_permutation,external_lung,seed42_main,target_disjoint,11,4,0.00066376576443683
H130,label_permutation,external_lung,seed42_main,target_disjoint,11,5,0.024559333284165374
H130,label_permutation,external_lung,seed42_main,target_disjoint,11,6,0.029795707648056502
H130,label_permutation,external_lung,seed42_main,target_disjoint,11,7,-0.050298694593996496
H130,label_permutation,external_lung,seed42_main,target_disjoint,11,8,0.006195147134744672
H130,label_permutation,external_lung,seed42_main,target_disjoint,11,9,-0.03333579172505352
H130,label_permutation,external_lung,seed42_main,target_disjoint,11,10,0.029426948890036053
H130,label_permutation,external_lung,seed42_main,target_disjoint,11,11,0.05501880669665893
H130,label_permutation,external_lung,seed42_main,target_disjoint,11,12,0.00656390589276501
H130,label_permutation,external_lung,seed42_main,target_disjoint,11,13,0.02854192787078691
H130,label_permutation,external_lung,seed42_main,target_disjoint,11,14,0.019027951913857977
H130,label_permutation,external_lung,seed42_main,target_disjoint,11,15,0.02411682277454097
H130,label_permutation,external_lung,seed42_main,target_disjoint,11,16,0.04262851242717025
H130,label_permutation,external_lung,seed42_main,target_disjoint,11,17,0.01032524522457412
H130,label_permutation,external_lung,seed42_main,target_disjoint,11,18,-0.036285861789217444
H130,label_permutation,external_lung,seed42_main,target_disjoint,11,19,-0.013422818791946178
H130,label_permutation,external_lung,seed42_main,target_disjoint,11,20,0.06224647835386088
H130,label_permutation,external_lung,seed42_main,target_disjoint,11,21,-0.05251124714211963
H130,label_permutation,external_lung,seed42_main,target_disjoint,11,22,0.003835091083413178
H130,label_permutation,external_lung,seed42_main,target_disjoint,11,23,0.009071465447304194
H130,label_permutation,immune,seed42_main,dual_axis_disjoint,11,0,0.03770367563471011
H130,label_permutation,immune,seed42_main,dual_axis_disjoint,11,1,0.06313944676013628
H130,label_permutation,immune,seed42_main,dual_axis_disjoint,11,2,0.1240053050397878
H130,label_permutation,immune,seed42_main,dual_axis_disjoint,11,3,0.021456991284577565
H130,label_permutation,immune,seed42_main,dual_axis_disjoint,11,4,0.12878931413414174
H130,label_permutation,immune,seed42_main,dual_axis_disjoint,11,5,0.042345585449033774
H130,label_permutation,immune,seed42_main,dual_axis_disjoint,11,6,0.02804092459264862
H130,label_permutation,immune,seed42_main,dual_axis_disjoint,11,7,0.04727169382341789
H130,label_permutation,immune,seed42_main,dual_axis_disjoint,11,8,0.06432360742705578
H130,label_permutation,immune,seed42_main,dual_axis_disjoint,11,9,0.023920045471769513
H130,label_permutation,immune,seed42_main,dual_axis_disjoint,11,10,0.023020083364910793
H130,label_permutation,immune,seed42_main,dual_axis_disjoint,11,11,-0.017004547176960982
H130,label_permutation,immune,seed42_main,dual_axis_disjoint,11,12,0.0008052292535050132
H130,label_permutation,immune,seed42_main,dual_axis_disjoint,11,13,0.052860932171276964
H130,label_permutation,immune,seed42_main,dual_axis_disjoint,11,14,0.0536187949981054
H130,label_permutation,immune,seed42_main,dual_axis_disjoint,11,15,0.07592838196286456
H130,label_permutation,immune,seed42_main,dual_axis_disjoint,11,16,0.050587343690791875
H130,label_permutation,immune,seed42_main,dual_axis_disjoint,11,17,0.06337627889352027
H130,label_permutation,immune,seed42_main,dual_axis_disjoint,11,18,0.1733611216369837
H130,label_permutation,immune,seed42_main,dual_axis_disjoint,11,19,0.03306176582038656
H130,label_permutation,immune,seed42_main,dual_axis_disjoint,11,20,0.08327017809776427
H130,label_permutation,immune,seed42_main,dual_axis_disjoint,11,21,0.1638878363016294
H130,label_permutation,immune,seed42_main,dual_axis_disjoint,11,22,0.03585638499431609
H130,label_permutation,immune,seed42_main,dual_axis_disjoint,11,23,0.08862258431223946
H130,label_permutation,immune,seed42_main,source_disjoint,11,0,0.06976308643131379
H130,label_permutation,immune,seed42_main,source_disjoint,11,1,0.01704279426912636
H130,label_permutation,immune,seed42_main,source_disjoint,11,2,0.05412491806348896
H130,label_permutation,immune,seed42_main,source_disjoint,11,3,0.012454349658207686
H130,label_permutation,immune,seed42_main,source_disjoint,11,4,0.00533757842494631
H130,label_permutation,immune,seed42_main,source_disjoint,11,5,0.05225208352842037
H130,label_permutation,immune,seed42_main,source_disjoint,11,6,0.06826481880325874
H130,label_permutation,immune,seed42_main,source_disjoint,11,7,0.002247401442082353
H130,label_permutation,immune,seed42_main,source_disjoint,11,8,-0.015450884914317897
H130,label_permutation,immune,seed42_main,source_disjoint,11,9,0.04298155257982961
H130,label_permutation,immune,seed42_main,source_disjoint,11,10,-0.0033711021631238625
H130,label_permutation,immune,seed42_main,source_disjoint,11,11,0.020507538159003635
H130,label_permutation,immune,seed42_main,source_disjoint,11,12,0.05318850079595472
H130,label_permutation,immune,seed42_main,source_disjoint,11,13,0.03876767487592481
H130,label_permutation,immune,seed42_main,source_disjoint,11,14,-0.009551456128851
H130,label_permutation,immune,seed42_main,source_disjoint,11,15,-0.0072104129600149
H130,label_permutation,immune,seed42_main,source_disjoint,11,16,0.0710272497424852
H130,label_permutation,immune,seed42_main,source_disjoint,11,17,0.05918157130817492
H130,label_permutation,immune,seed42_main,source_disjoint,11,18,-0.010581515123138874
H130,label_permutation,immune,seed42_main,source_disjoint,11,19,-0.029778069107594285
H130,label_permutation,immune,seed42_main,source_disjoint,11,20,0.003745669070137625
H130,label_permutation,immune,seed42_main,source_disjoint,11,21,0.014233542466523086
H130,label_permutation,immune,seed42_main,source_disjoint,11,22,0.007678621593782187
H130,label_permutation,immune,seed42_main,source_disjoint,11,23,0.036988482067609296
H130,label_permutation,immune,seed42_main,target_disjoint,11,0,0.006583933308071166
H130,label_permutation,immune,seed42_main,target_disjoint,11,1,-0.0024630541871920597
H130,label_permutation,immune,seed42_main,target_disjoint,11,2,-0.030409245926487416
H130,label_permutation,immune,seed42_main,target_disjoint,11,3,0.051013641530882836
H130,label_permutation,immune,seed42_main,target_disjoint,11,4,0.058213338385752156
H130,label_permutation,immune,seed42_main,target_disjoint,11,5,0.025104206138689023
H130,label_permutation,immune,seed42_main,target_disjoint,11,6,0.022499052671466457
H130,label_permutation,immune,seed42_main,target_disjoint,11,7,0.015536187949981017
H130,label_permutation,immune,seed42_main,target_disjoint,11,8,0.0851174687381584
H130,label_permutation,immune,seed42_main,target_disjoint,11,9,-0.01032588101553622
H130,label_permutation,immune,seed42_main,target_disjoint,11,10,-0.014920424403183086
H130,label_permutation,immune,seed42_main,target_disjoint,11,11,-0.0028419856006063338
H130,label_permutation,immune,seed42_main,target_disjoint,11,12,-0.02898825312618425
H130,label_permutation,immune,seed42_main,target_disjoint,11,13,-0.04149298976885185
H130,label_permutation,immune,seed42_main,target_disjoint,11,14,0.028183023872679014
H130,label_permutation,immune,seed42_main,target_disjoint,11,15,0.019183402804092364
H130,label_permutation,immune,seed42_main,target_disjoint,11,16,-0.04196665403561961
H130,label_permutation,immune,seed42_main,target_disjoint,11,17,0.037372110647972856
H130,label_permutation,immune,seed42_main,target_disjoint,11,18,-0.019420234937476355
H130,label_permutation,immune,seed42_main,target_disjoint,11,19,0.051913603637741446
H130,label_permutation,immune,seed42_main,target_disjoint,11,20,0.046561197423266254
H130,label_permutation,immune,seed42_main,target_disjoint,11,21,0.044334975369458185
H130,label_permutation,immune,seed42_main,target_disjoint,11,22,0.03164077302008339
H130,label_permutation,immune,seed42_main,target_disjoint,11,23,0.013783630162940486
H130,label_permutation,lung,seed42_main,dual_axis_disjoint,11,0,-0.04095437215594633
H130,label_permutation,lung,seed42_main,dual_axis_disjoint,11,1,-0.021030623539540105
H130,label_permutation,lung,seed42_main,dual_axis_disjoint,11,2,0.04095437215594633
H130,label_permutation,lung,seed42_main,dual_axis_disjoint,11,3,0.01648013774443491
H130,label_permutation,lung,seed42_main,dual_axis_disjoint,11,4,0.027548886975771847
H130,label_permutation,lung,seed42_main,dual_axis_disjoint,11,5,0.009592916000491836
H130,label_permutation,lung,seed42_main,dual_axis_disjoint,11,6,0.029393678514327948
H130,label_permutation,lung,seed42_main,dual_axis_disjoint,11,7,-0.01365145738531548
H130,label_permutation,lung,seed42_main,dual_axis_disjoint,11,8,-0.028163817488623732
H130,label_permutation,lung,seed42_main,dual_axis_disjoint,11,9,-0.02041569302668822
H130,label_permutation,lung,seed42_main,dual_axis_disjoint,11,10,0.022137498462673766
H130,label_permutation,lung,seed42_main,dual_axis_disjoint,11,11,-0.03861763620710856
H130,label_permutation,lung,seed42_main,dual_axis_disjoint,11,12,0.014881318411019473
H130,label_permutation,lung,seed42_main,dual_axis_disjoint,11,13,0.003566596974541869
H130,label_permutation,lung,seed42_main,dual_axis_disjoint,11,14,0.0457508301561923
H130,label_permutation,lung,seed42_main,dual_axis_disjoint,11,15,-0.002336735948837654
H130,label_permutation,lung,seed42_main,dual_axis_disjoint,11,16,0.02705694256548996
H130,label_permutation,lung,seed42_main,dual_axis_disjoint,11,17,-0.0043045135899645315
H130,label_permutation,lung,seed42_main,dual_axis_disjoint,11,18,-0.0003689583077112202
H130,label_permutation,lung,seed42_main,dual_axis_disjoint,11,19,0.07120895338826716
H130,label_permutation,lung,seed42_main,dual_axis_disjoint,11,20,0.06419874554175364
H130,label_permutation,lung,seed42_main,dual_axis_disjoint,11,21,0.0
H130,label_permutation,lung,seed42_main,dual_axis_disjoint,11,22,-0.011683679744188824
H130,label_permutation,lung,seed42_main,dual_axis_disjoint,11,23,-0.03234534497601782
H130,label_permutation,lung,seed42_main,source_disjoint,11,0,-0.013351134846461998
H130,label_permutation,lung,seed42_main,source_disjoint,11,1,0.039912866277844294
H130,label_permutation,lung,seed42_main,source_disjoint,11,2,0.0437073993394701
H130,label_permutation,lung,seed42_main,source_disjoint,11,3,0.02635092403906969
H130,label_permutation,lung,seed42_main,source_disjoint,11,4,0.028318459700653498
H130,label_permutation,lung,seed42_main,source_disjoint,11,5,0.06626379031691376
H130,label_permutation,lung,seed42_main,source_disjoint,11,6,0.007870142646335454
H130,label_permutation,lung,seed42_main,source_disjoint,11,7,0.007589066123251942
H130,label_permutation,lung,seed42_main,source_disjoint,11,8,0.013983557023399595
H130,label_permutation,lung,seed42_main,source_disjoint,11,9,0.06963670859391469
H130,label_permutation,lung,seed42_main,source_disjoint,11,10,-0.027475230131403183
H130,label_permutation,lung,seed42_main,source_disjoint,11,11,0.024032042723631575
H130,label_permutation,lung,seed42_main,source_disjoint,11,12,-0.02515634881596518
H130,label_permutation,lung,seed42_main,source_disjoint,11,13,-0.005059377415501443
H130,label_permutation,lung,seed42_main,source_disjoint,11,14,0.03921017497013557
H130,label_permutation,lung,seed42_main,source_disjoint,11,15,0.032534607546904515
H130,label_permutation,lung,seed42_main,source_disjoint,11,16,0.02859953622373712
H130,label_permutation,lung,seed42_main,source_disjoint,11,17,0.027615768392944884
H130,label_permutation,lung,seed42_main,source_disjoint,11,18,-0.029723842316070392
H130,label_permutation,lung,seed42_main,source_disjoint,11,19,0.02276719836975616
H130,label_permutation,lung,seed42_main,source_disjoint,11,20,0.012824116365680482
H130,label_permutation,lung,seed42_main,source_disjoint,11,21,0.00794041177710636
H130,label_permutation,lung,seed42_main,source_disjoint,11,22,0.057972032885953206
H130,label_permutation,lung,seed42_main,source_disjoint,11,23,0.030285995362237417
H130,label_permutation,lung,seed42_main,target_disjoint,11,0,-0.0754285714285714
H130,label_permutation,lung,seed42_main,target_disjoint,11,1,-0.07960714285714277
H130,label_permutation,lung,seed42_main,target_disjoint,11,2,0.027785714285714302
H130,label_permutation,lung,seed42_main,target_disjoint,11,3,-0.03467857142857156
H130,label_permutation,lung,seed42_main,target_disjoint,11,4,0.04953571428571424
H130,label_permutation,lung,seed42_main,target_disjoint,11,5,-0.03660714285714295
H130,label_permutation,lung,seed42_main,target_disjoint,11,6,-0.0237142857142858
H130,label_permutation,lung,seed42_main,target_disjoint,11,7,-0.021928571428571297
H130,label_permutation,lung,seed42_main,target_disjoint,11,8,-0.041071428571428426
H130,label_permutation,lung,seed42_main,target_disjoint,11,9,-0.030821428571428666
H130,label_permutation,lung,seed42_main,target_disjoint,11,10,-0.07971428571428585
H130,label_permutation,lung,seed42_main,target_disjoint,11,11,0.03785714285714292
H130,label_permutation,lung,seed42_main,target_disjoint,11,12,0.010714285714285676
H130,label_permutation,lung,seed42_main,target_disjoint,11,13,-0.032607142857142946
H130,label_permutation,lung,seed42_main,target_disjoint,11,14,-0.04239285714285712
H130,label_permutation,lung,seed42_main,target_disjoint,11,15,0.0071785714285713675
H130,label_permutation,lung,seed42_main,target_disjoint,11,16,0.007571428571428562
H130,label_permutation,lung,seed42_main,target_disjoint,11,17,0.048142857142857154
H130,label_permutation,lung,seed42_main,target_disjoint,11,18,0.009785714285714175
H130,label_permutation,lung,seed42_main,target_disjoint,11,19,0.00467857142857131
H130,label_permutation,lung,seed42_main,target_disjoint,11,20,-0.04314285714285715
H130,label_permutation,lung,seed42_main,target_disjoint,11,21,0.06524999999999992
H130,label_permutation,lung,seed42_main,target_disjoint,11,22,-0.014928571428571291
H130,label_permutation,lung,seed42_main,target_disjoint,11,23,-0.014607142857142708
H130,label_permutation,external_lung,seed43,dual_axis_disjoint,11,0,-0.11734151812064697
H130,label_permutation,external_lung,seed43,dual_axis_disjoint,11,1,-0.012041081336323978
H130,label_permutation,external_lung,seed43,dual_axis_disjoint,11,2,0.021248967064101065
H130,label_permutation,external_lung,seed43,dual_axis_disjoint,11,3,0.05548341400070833
H130,label_permutation,external_lung,seed43,dual_axis_disjoint,11,4,-0.1225357100696493
H130,label_permutation,external_lung,seed43,dual_axis_disjoint,11,5,-0.027859756817376957
H130,label_permutation,external_lung,seed43,dual_axis_disjoint,11,6,-0.021721166332192232
H130,label_permutation,external_lung,seed43,dual_axis_disjoint,11,7,0.026207059379058095
H130,label_permutation,external_lung,seed43,dual_axis_disjoint,11,8,0.03293589894935667
H130,label_permutation,external_lung,seed43,dual_axis_disjoint,11,9,-0.058670759060323596
H130,label_permutation,external_lung,seed43,dual_axis_disjoint,11,10,-0.05430291583048047
H130,label_permutation,external_lung,seed43,dual_axis_disjoint,11,11,0.07814897886908279
H130,label_permutation,external_lung,seed43,dual_axis_disjoint,11,12,-0.036477393460040086
H130,label_permutation,external_lung,seed43,dual_axis_disjoint,11,13,-0.027623657183331374
H130,label_permutation,external_lung,seed43,dual_axis_disjoint,11,14,-0.00035414945106837514
H130,label_permutation,external_lung,seed43,dual_axis_disjoint,11,15,-0.05152874513044514
H130,label_permutation,external_lung,seed43,dual_axis_disjoint,11,16,0.003659544327706321
H130,label_permutation,external_lung,seed43,dual_axis_disjoint,11,17,-0.10695313422264191
H130,label_permutation,external_lung,seed43,dual_axis_disjoint,11,18,-0.02797780663439975
H130,label_permutation,external_lung,seed43,dual_axis_disjoint,11,19,-0.01003423444693663
H130,label_permutation,external_lung,seed43,dual_axis_disjoint,11,20,-0.022783614685397358
H130,label_permutation,external_lung,seed43,dual_axis_disjoint,11,21,-0.021130917247078274
H130,label_permutation,external_lung,seed43,dual_axis_disjoint,11,22,-0.13599338921024662
H130,label_permutation,external_lung,seed43,dual_axis_disjoint,11,23,-0.013044504781017818
H130,label_permutation,external_lung,seed43,source_disjoint,11,0,0.03882799627480471
H130,label_permutation,external_lung,seed43,source_disjoint,11,1,0.009456264775413725
H130,label_permutation,external_lung,seed43,source_disjoint,11,2,-0.030374668672540905
H130,label_permutation,external_lung,seed43,source_disjoint,11,3,0.05236764811232897
H130,label_permutation,external_lung,seed43,source_disjoint,11,4,0.031305967476180196
H130,label_permutation,external_lung,seed43,source_disjoint,11,5,-0.06368651049502128
H130,label_permutation,external_lung,seed43,source_disjoint,11,6,0.0372519521455692
H130,label_permutation,external_lung,seed43,source_disjoint,11,7,0.0035819184755354616
H130,label_permutation,external_lung,seed43,source_disjoint,11,8,0.05537645963177873
H130,label_permutation,external_lung,seed43,source_disjoint,11,9,-0.02141987248370225
H130,label_permutation,external_lung,seed43,source_disjoint,11,10,0.004441578909664123
H130,label_permutation,external_lung,seed43,source_disjoint,11,11,-0.013038183250949187
H130,label_permutation,external_lung,seed43,source_disjoint,11,12,0.04104878572963677
H130,label_permutation,external_lung,seed43,source_disjoint,11,13,0.025718174654344894
H130,label_permutation,external_lung,seed43,source_disjoint,11,14,0.06619385342789585
H130,label_permutation,external_lung,seed43,source_disjoint,11,15,0.023855577047066423
H130,label_permutation,external_lung,seed43,source_disjoint,11,16,-0.0505050505050505
H130,label_permutation,external_lung,seed43,source_disjoint,11,17,0.0727845834228813
H130,label_permutation,external_lung,seed43,source_disjoint,11,18,0.045203811161257934
H130,label_permutation,external_lung,seed43,source_disjoint,11,19,-0.006590729994985334
H130,label_permutation,external_lung,seed43,source_disjoint,11,20,0.02091840389712729
H130,label_permutation,external_lung,seed43,source_disjoint,11,21,0.008668242710795915
H130,label_permutation,external_lung,seed43,source_disjoint,11,22,0.011247224013181567
H130,label_permutation,external_lung,seed43,source_disjoint,11,23,-0.045562003008811525
H130,label_permutation,external_lung,seed43,target_disjoint,11,0,-0.05302750940334833
H130,label_permutation,external_lung,seed43,target_disjoint,11,1,0.0470536175234163
H130,label_permutation,external_lung,seed43,target_disjoint,11,2,-0.011689652629250036
H130,label_permutation,external_lung,seed43,target_disjoint,11,3,0.06416402389556752
H130,label_permutation,external_lung,seed43,target_disjoint,11,4,0.0065639058927648986
H130,label_permutation,external_lung,seed43,target_disjoint,11,5,0.003982594586621535
H130,label_permutation,external_lung,seed43,target_disjoint,11,6,0.00892396194409617
H130,label_permutation,external_lung,seed43,target_disjoint,11,7,0.03023821815768124
H130,label_permutation,external_lung,seed43,target_disjoint,11,8,0.0035769599527989415
H130,label_permutation,external_lung,seed43,target_disjoint,11,9,-0.043144774688398946
H130,label_permutation,external_lung,seed43,target_disjoint,11,10,-0.02573936130983112
H130,label_permutation,external_lung,seed43,target_disjoint,11,11,-0.0171841581237554
H130,label_permutation,external_lung,seed43,target_disjoint,11,12,0.0077439339184304234
H130,label_permutation,external_lung,seed43,target_disjoint,11,13,0.010841507485802926
H130,label_permutation,external_lung,seed43,target_disjoint,11,14,-0.017036654620547154
H130,label_permutation,external_lung,seed43,target_disjoint,11,15,0.019027951913857977
H130,label_permutation,external_lung,seed43,target_disjoint,11,16,0.009145217198908262
H130,label_permutation,external_lung,seed43,target_disjoint,11,17,-0.037982152076111886
H130,label_permutation,external_lung,seed43,target_disjoint,11,18,-0.005973891879932136
H130,label_permutation,external_lung,seed43,target_disjoint,11,19,0.03606460653440524
H130,label_permutation,external_lung,seed43,target_disjoint,11,20,0.004166973965631704
H130,label_permutation,external_lung,seed43,target_disjoint,11,21,0.03466332325392729
H130,label_permutation,external_lung,seed43,target_disjoint,11,22,0.0004793863854266611
H130,label_permutation,external_lung,seed43,target_disjoint,11,23,0.023158050003687536
H130,label_permutation,immune,seed43,dual_axis_disjoint,11,0,0.0596296296296297
H130,label_permutation,immune,seed43,dual_axis_disjoint,11,1,0.06620370370370388
H130,label_permutation,immune,seed43,dual_axis_disjoint,11,2,0.07018518518518524
H130,label_permutation,immune,seed43,dual_axis_disjoint,11,3,0.11611111111111105
H130,label_permutation,immune,seed43,dual_axis_disjoint,11,4,0.08722222222222231
H130,label_permutation,immune,seed43,dual_axis_disjoint,11,5,0.1805092592592593
H130,label_permutation,immune,seed43,dual_axis_disjoint,11,6,0.10523148148148154
H130,label_permutation,immune,seed43,dual_axis_disjoint,11,7,0.039398148148148016
H130,label_permutation,immune,seed43,dual_axis_disjoint,11,8,0.10578703703703696
H130,label_permutation,immune,seed43,dual_axis_disjoint,11,9,0.06032407407407403
H130,label_permutation,immune,seed43,dual_axis_disjoint,11,10,0.0778240740740741
H130,label_permutation,immune,seed43,dual_axis_disjoint,11,11,0.12171296296296286
H130,label_permutation,immune,seed43,dual_axis_disjoint,11,12,0.1694907407407409
H130,label_permutation,immune,seed43,dual_axis_disjoint,11,13,0.03541666666666665
H130,label_permutation,immune,seed43,dual_axis_disjoint,11,14,0.04120370370370363
H130,label_permutation,immune,seed43,dual_axis_disjoint,11,15,0.11875000000000002
H130,label_permutation,immune,seed43,dual_axis_disjoint,11,16,0.073888888888889
H130,label_permutation,immune,seed43,dual_axis_disjoint,11,17,0.10046296296296287
H130,label_permutation,immune,seed43,dual_axis_disjoint,11,18,0.12333333333333318
H130,label_permutation,immune,seed43,dual_axis_disjoint,11,19,0.07148148148148148
H130,label_permutation,immune,seed43,dual_axis_disjoint,11,20,0.10518518518518505
H130,label_permutation,immune,seed43,dual_axis_disjoint,11,21,0.12662037037037044
H130,label_permutation,immune,seed43,dual_axis_disjoint,11,22,0.10092592592592575
H130,label_permutation,immune,seed43,dual_axis_disjoint,11,23,0.11569444444444443
H130,label_permutation,immune,seed43,source_disjoint,11,0,0.04373068639385713
H130,label_permutation,immune,seed43,source_disjoint,11,1,0.16658863189437212
H130,label_permutation,immune,seed43,source_disjoint,11,2,0.1210787526921997
H130,label_permutation,immune,seed43,source_disjoint,11,3,0.09935387208540114
H130,label_permutation,immune,seed43,source_disjoint,11,4,0.09949433467553137
H130,label_permutation,immune,seed43,source_disjoint,11,5,0.09869837999812703
H130,label_permutation,immune,seed43,source_disjoint,11,6,0.10862440303399201
H130,label_permutation,immune,seed43,source_disjoint,11,7,0.1324094016293661
H130,label_permutation,immune,seed43,source_disjoint,11,8,0.04466710366139148
H130,label_permutation,immune,seed43,source_disjoint,11,9,0.11953366420076794
H130,label_permutation,immune,seed43,source_disjoint,11,10,0.0757561569435341
H130,label_permutation,immune,seed43,source_disjoint,11,11,0.03324281299747156
H130,label_permutation,immune,seed43,source_disjoint,11,12,0.15029497143927328
H130,label_permutation,immune,seed43,source_disjoint,11,13,0.09055154977057767
H130,label_permutation,immune,seed43,source_disjoint,11,14,0.11672441239816445
H130,label_permutation,immune,seed43,source_disjoint,11,15,0.072759621687424
H130,label_permutation,immune,seed43,source_disjoint,11,16,0.020507538159003746
H130,label_permutation,immune,seed43,source_disjoint,11,17,0.06480007491338147
H130,label_permutation,immune,seed43,source_disjoint,11,18,0.10356774978930616
H130,label_permutation,immune,seed43,source_disjoint,11,19,0.029543964790710642
H130,label_permutation,immune,seed43,source_disjoint,11,20,0.10965446202827966
H130,label_permutation,immune,seed43,source_disjoint,11,21,0.11077816274932117
H130,label_permutation,immune,seed43,source_disjoint,11,22,0.020413896432250223
H130,label_permutation,immune,seed43,source_disjoint,11,23,0.15544526641071255
H130,label_permutation,immune,seed43,target_disjoint,11,0,0.06375521030693454
H130,label_permutation,immune,seed43,target_disjoint,11,1,0.001799924213717552
H130,label_permutation,immune,seed43,target_disjoint,11,2,0.03770367563471011
H130,label_permutation,immune,seed43,target_disjoint,11,3,0.025672603258810156
H130,label_permutation,immune,seed43,target_disjoint,11,4,0.04964001515725647
H130,label_permutation,immune,seed43,target_disjoint,11,5,0.06593406593406614
H130,label_permutation,immune,seed43,target_disjoint,11,6,0.034482758620689835
H130,label_permutation,immune,seed43,target_disjoint,11,7,0.06413414172034859
H130,label_permutation,immune,seed43,target_disjoint,11,8,0.10960591133004927
H130,label_permutation,immune,seed43,target_disjoint,11,9,0.029651383099658868
H130,label_permutation,immune,seed43,target_disjoint,11,10,0.05901856763925728
H130,label_permutation,immune,seed43,target_disjoint,11,11,0.04357711254262975
H130,label_permutation,immune,seed43,target_disjoint,11,12,0.049924213717317145
H130,label_permutation,immune,seed43,target_disjoint,11,13,0.03429329291398264
H130,label_permutation,immune,seed43,target_disjoint,11,14,0.030219780219780112
H130,label_permutation,immune,seed43,target_disjoint,11,15,0.04045092838196296
H130,label_permutation,immune,seed43,target_disjoint,11,16,0.022735884804850226
H130,label_permutation,immune,seed43,target_disjoint,11,17,0.08327017809776416
H130,label_permutation,immune,seed43,target_disjoint,11,18,0.05873436907919649
H130,label_permutation,immune,seed43,target_disjoint,11,19,0.04490337248957921
H130,label_permutation,immune,seed43,target_disjoint,11,20,0.010894278135657465
H130,label_permutation,immune,seed43,target_disjoint,11,21,0.11472148541114058
H130,label_permutation,immune,seed43,target_disjoint,11,22,0.04357711254262975
H130,label_permutation,immune,seed43,target_disjoint,11,23,0.05920803334596447
H130,label_permutation,lung,seed43,dual_axis_disjoint,11,0,-0.027142591559769502
H130,label_permutation,lung,seed43,dual_axis_disjoint,11,1,0.10764082543223641
H130,label_permutation,lung,seed43,dual_axis_disjoint,11,2,0.007436326454731357
H130,label_permutation,lung,seed43,dual_axis_disjoint,11,3,-0.06042015244469234
H130,label_permutation,lung,seed43,dual_axis_disjoint,11,4,0.035229596579290035
H130,label_permutation,lung,seed43,dual_axis_disjoint,11,5,-0.10094813162297833
H130,label_permutation,lung,seed43,dual_axis_disjoint,11,6,0.042015244469232216
H130,label_permutation,lung,seed43,dual_axis_disjoint,11,7,0.012827663134411527
H130,label_permutation,lung,seed43,dual_axis_disjoint,11,8,0.0317902955939765
H130,label_permutation,lung,seed43,dual_axis_disjoint,11,9,-0.05465699944227553
H130,label_permutation,lung,seed43,dual_axis_disjoint,11,10,-0.01635991820040905
H130,label_permutation,lung,seed43,dual_axis_disjoint,11,11,0.036623907789551935
H130,label_permutation,lung,seed43,dual_axis_disjoint,11,12,-0.07101691764268447
H130,label_permutation,lung,seed43,dual_axis_disjoint,11,13,0.013943112102621336
H130,label_permutation,lung,seed43,dual_axis_disjoint,11,14,0.043316601598810345
H130,label_permutation,lung,seed43,dual_axis_disjoint,11,15,0.048150213794385555
H130,label_permutation,lung,seed43,dual_axis_disjoint,11,16,-0.042387060791968745
H130,label_permutation,lung,seed43,dual_axis_disjoint,11,17,0.0724112288529466
H130,label_permutation,lung,seed43,dual_axis_disjoint,11,18,-0.07956869306562575
H130,label_permutation,lung,seed43,dual_axis_disjoint,11,19,0.014129020263989545
H130,label_permutation,lung,seed43,dual_axis_disjoint,11,20,0.004275887711470694
H130,label_permutation,lung,seed43,dual_axis_disjoint,11,21,-0.0554006320877487
H130,label_permutation,lung,seed43,dual_axis_disjoint,11,22,-0.042944785276073705
H130,label_permutation,lung,seed43,dual_axis_disjoint,11,23,0.0498233872467001
H130,label_permutation,lung,seed43,source_disjoint,11,0,-0.024235409652076267
H130,label_permutation,lung,seed43,source_disjoint,11,1,-0.033249158249158306
H130,label_permutation,lung,seed43,source_disjoint,11,2,0.012485970819304137
H130,label_permutation,lung,seed43,source_disjoint,11,3,-0.022025813692480356
H130,label_permutation,lung,seed43,source_disjoint,11,4,-0.005190796857463709
H130,label_permutation,lung,seed43,source_disjoint,11,5,-0.06425364758698093
H130,label_permutation,lung,seed43,source_disjoint,11,6,-0.05839646464646464
H130,label_permutation,lung,seed43,source_disjoint,11,7,0.01024130190796868
H130,label_permutation,lung,seed43,source_disjoint,11,8,-0.045875420875420736
H130,label_permutation,lung,seed43,source_disjoint,11,9,0.0650252525252526
H130,label_permutation,lung,seed43,source_disjoint,11,10,-0.0812289562289562
H130,label_permutation,lung,seed43,source_disjoint,11,11,0.020973625140291774
H130,label_permutation,lung,seed43,source_disjoint,11,12,-0.004278900112233419
H130,label_permutation,lung,seed43,source_disjoint,11,13,0.045805274971941645
H130,label_permutation,lung,seed43,source_disjoint,11,14,-0.08957631874298544
H130,label_permutation,lung,seed43,source_disjoint,11,15,-0.02441077441077444
H130,label_permutation,lung,seed43,source_disjoint,11,16,0.04173681257014583
H130,label_permutation,lung,seed43,source_disjoint,11,17,0.04720819304152635
H130,label_permutation,lung,seed43,source_disjoint,11,18,-0.05695847362514028
H130,label_permutation,lung,seed43,source_disjoint,11,19,0.07481060606060597
H130,label_permutation,lung,seed43,source_disjoint,11,20,-0.057730078563411946
H130,label_permutation,lung,seed43,source_disjoint,11,21,-0.008487654320987525
H130,label_permutation,lung,seed43,source_disjoint,11,22,-0.01753647586980933
H130,label_permutation,lung,seed43,source_disjoint,11,23,0.09122474747474763
H130,label_permutation,lung,seed43,target_disjoint,11,0,0.054757114113251015
H130,label_permutation,lung,seed43,target_disjoint,11,1,-0.037295199770048915
H130,label_permutation,lung,seed43,target_disjoint,11,2,0.009413624604771464
H130,label_permutation,lung,seed43,target_disjoint,11,3,0.03539091693015228
H130,label_permutation,lung,seed43,target_disjoint,11,4,0.02263581488933597
H130,label_permutation,lung,seed43,target_disjoint,11,5,0.03499568841621159
H130,label_permutation,lung,seed43,target_disjoint,11,6,0.05123598735268753
H130,label_permutation,lung,seed43,target_disjoint,11,7,-0.02464788732394374
H130,label_permutation,lung,seed43,target_disjoint,11,8,0.052816901408450634
H130,label_permutation,lung,seed43,target_disjoint,11,9,0.03636102328255253
H130,label_permutation,lung,seed43,target_disjoint,11,10,0.012862891635527451
H130,label_permutation,lung,seed43,target_disjoint,11,11,0.06266168439206665
H130,label_permutation,lung,seed43,target_disjoint,11,12,-0.009269905145156687
H130,label_permutation,lung,seed43,target_disjoint,11,13,0.055475711411325124
H130,label_permutation,lung,seed43,target_disjoint,11,14,0.01681517677493538
H130,label_permutation,lung,seed43,target_disjoint,11,15,0.05378700776085088
H130,label_permutation,lung,seed43,target_disjoint,11,16,0.04275653923541245
H130,label_permutation,lung,seed43,target_disjoint,11,17,0.02791750503018109
H130,label_permutation,lung,seed43,target_disjoint,11,18,-0.03154642138545549
H130,label_permutation,lung,seed43,target_disjoint,11,19,0.03517533774073012
H130,label_permutation,lung,seed43,target_disjoint,11,20,0.02471974705375113
H130,label_permutation,lung,seed43,target_disjoint,11,21,0.011281977579764235
H130,label_permutation,lung,seed43,target_disjoint,11,22,0.034564530037367036
H130,label_permutation,lung,seed43,target_disjoint,11,23,-0.010491520551882627
H130,label_permutation,external_lung,seed44,dual_axis_disjoint,11,0,0.1398290598290598
H130,label_permutation,external_lung,seed44,dual_axis_disjoint,11,1,-0.04205128205128206
H130,label_permutation,external_lung,seed44,dual_axis_disjoint,11,2,0.007293447293447386
H130,label_permutation,external_lung,seed44,dual_axis_disjoint,11,3,0.054188034188034084
H130,label_permutation,external_lung,seed44,dual_axis_disjoint,11,4,0.09874643874643863
H130,label_permutation,external_lung,seed44,dual_axis_disjoint,11,5,0.04774928774928788
H130,label_permutation,external_lung,seed44,dual_axis_disjoint,11,6,0.05789173789173796
H130,label_permutation,external_lung,seed44,dual_axis_disjoint,11,7,-0.043988603988603936
H130,label_permutation,external_lung,seed44,dual_axis_disjoint,11,8,0.004672364672364648
H130,label_permutation,external_lung,seed44,dual_axis_disjoint,11,9,-0.005356125356125285
H130,label_permutation,external_lung,seed44,dual_axis_disjoint,11,10,0.04558404558404561
H130,label_permutation,external_lung,seed44,dual_axis_disjoint,11,11,0.10586894586894591
H130,label_permutation,external_lung,seed44,dual_axis_disjoint,11,12,0.06313390313390321
H130,label_permutation,external_lung,seed44,dual_axis_disjoint,11,13,0.015555555555555545
H130,label_permutation,external_lung,seed44,dual_axis_disjoint,11,14,0.032478632478632585
H130,label_permutation,external_lung,seed44,dual_axis_disjoint,11,15,0.11452991452991435
H130,label_permutation,external_lung,seed44,dual_axis_disjoint,11,16,0.015270655270655076
H130,label_permutation,external_lung,seed44,dual_axis_disjoint,11,17,0.032136752136752156
H130,label_permutation,external_lung,seed44,dual_axis_disjoint,11,18,0.018404558404558458
H130,label_permutation,external_lung,seed44,dual_axis_disjoint,11,19,0.0699715099715098
H130,label_permutation,external_lung,seed44,dual_axis_disjoint,11,20,0.0004558404558404616
H130,label_permutation,external_lung,seed44,dual_axis_disjoint,11,21,-0.013903133903133691
H130,label_permutation,external_lung,seed44,dual_axis_disjoint,11,22,0.07122507122507116
H130,label_permutation,external_lung,seed44,dual_axis_disjoint,11,23,0.031680911680911694
H130,label_permutation,external_lung,seed44,source_disjoint,11,0,0.0090462283638435
H130,label_permutation,external_lung,seed44,source_disjoint,11,1,-0.07529026283923346
H130,label_permutation,external_lung,seed44,source_disjoint,11,2,0.020371821354797426
H130,label_permutation,external_lung,seed44,source_disjoint,11,3,0.021440273523755327
H130,label_permutation,external_lung,seed44,source_disjoint,11,4,-0.028349597549683025
H130,label_permutation,external_lung,seed44,source_disjoint,11,5,-0.016311703112757314
H130,label_permutation,external_lung,seed44,source_disjoint,11,6,-0.04305862240900349
H130,label_permutation,external_lung,seed44,source_disjoint,11,7,0.020549896716290372
H130,label_permutation,external_lung,seed44,source_disjoint,11,8,-0.00591210200156711
H130,label_permutation,external_lung,seed44,source_disjoint,11,9,-0.020086900776408623
H130,label_permutation,external_lung,seed44,source_disjoint,11,10,0.007764085761094108
H130,label_permutation,external_lung,seed44,source_disjoint,11,11,-0.015029560510007811
H130,label_permutation,external_lung,seed44,source_disjoint,11,12,0.01727331006481936
H130,label_permutation,external_lung,seed44,source_disjoint,11,13,-0.0027067454946934077
H130,label_permutation,external_lung,seed44,source_disjoint,11,14,-0.004345038820428804
H130,label_permutation,external_lung,seed44,source_disjoint,11,15,-0.0007835315905690976
H130,label_permutation,external_lung,seed44,source_disjoint,11,16,0.015528171522188106
H130,label_permutation,external_lung,seed44,source_disjoint,11,17,0.008547617351663206
H130,label_permutation,external_lung,seed44,source_disjoint,11,18,0.012358430087612948
H130,label_permutation,external_lung,seed44,source_disjoint,11,19,0.034261699551250135
H130,label_permutation,external_lung,seed44,source_disjoint,11,20,0.04359284849348255
H130,label_permutation,external_lung,seed44,source_disjoint,11,21,-0.005698411567775508
H130,label_permutation,external_lung,seed44,source_disjoint,11,22,-0.01880475817365912
H130,label_permutation,external_lung,seed44,source_disjoint,11,23,0.026960609730037777
H130,label_permutation,external_lung,seed44,target_disjoint,11,0,0.03725405092592582
H130,label_permutation,external_lung,seed44,target_disjoint,11,1,-0.0107783564814814
H130,label_permutation,external_lung,seed44,target_disjoint,11,2,0.0233651620370372
H130,label_permutation,external_lung,seed44,target_disjoint,11,3,0.05533854166666663
H130,label_permutation,external_lung,seed44,target_disjoint,11,4,0.01808449074074092
H130,label_permutation,external_lung,seed44,target_disjoint,11,5,-0.01714409722222232
H130,label_permutation,external_lung,seed44,target_disjoint,11,6,0.02003761574074081
H130,label_permutation,external_lung,seed44,target_disjoint,11,7,-0.00701678240740744
H130,label_permutation,external_lung,seed44,target_disjoint,11,8,0.02994791666666674
H130,label_permutation,external_lung,seed44,target_disjoint,11,9,0.03493923611111105
H130,label_permutation,external_lung,seed44,target_disjoint,11,10,0.03168402777777768
H130,label_permutation,external_lung,seed44,target_disjoint,11,11,0.04658564814814814
H130,label_permutation,external_lung,seed44,target_disjoint,11,12,0.02828414351851849
H130,label_permutation,external_lung,seed44,target_disjoint,11,13,0.03298611111111094
H130,label_permutation,external_lung,seed44,target_disjoint,11,14,0.05635127314814825
H130,label_permutation,external_lung,seed44,target_disjoint,11,15,0.03110532407407407
H130,label_permutation,external_lung,seed44,target_disjoint,11,16,0.05530237268518501
H130,label_permutation,external_lung,seed44,target_disjoint,11,17,0.07016782407407396
H130,label_permutation,external_lung,seed44,target_disjoint,11,18,0.05284288194444442
H130,label_permutation,external_lung,seed44,target_disjoint,11,19,0.0200376157407407
H130,label_permutation,external_lung,seed44,target_disjoint,11,20,0.0006148726851851194
H130,label_permutation,external_lung,seed44,target_disjoint,11,21,0.0077401620370368684
H130,label_permutation,external_lung,seed44,target_disjoint,11,22,-0.00361689814814814
H130,label_permutation,external_lung,seed44,target_disjoint,11,23,0.03182870370370372
H130,label_permutation,immune,seed44,dual_axis_disjoint,11,0,0.10434823796892767
H130,label_permutation,immune,seed44,dual_axis_disjoint,11,1,0.04381394467601374
H130,label_permutation,immune,seed44,dual_axis_disjoint,11,2,0.05750284198560052
H130,label_permutation,immune,seed44,dual_axis_disjoint,11,3,0.14200454717696087
H130,label_permutation,immune,seed44,dual_axis_disjoint,11,4,0.044524441076165266
H130,label_permutation,immune,seed44,dual_axis_disjoint,11,5,0.12466843501326264
H130,label_permutation,immune,seed44,dual_axis_disjoint,11,6,0.060060629026146284
H130,label_permutation,immune,seed44,dual_axis_disjoint,11,7,0.07356006062902609
H130,label_permutation,immune,seed44,dual_axis_disjoint,11,8,0.08871731716559306
H130,label_permutation,immune,seed44,dual_axis_disjoint,11,9,0.08530693444486537
H130,label_permutation,immune,seed44,dual_axis_disjoint,11,10,0.07644941265630922
H130,label_permutation,immune,seed44,dual_axis_disjoint,11,11,0.03997726411519509
H130,label_permutation,immune,seed44,dual_axis_disjoint,11,12,0.13755210306934462
H130,label_permutation,immune,seed44,dual_axis_disjoint,11,13,0.02913035240621442
H130,label_permutation,immune,seed44,dual_axis_disjoint,11,14,0.04665593027661974
H130,label_permutation,immune,seed44,dual_axis_disjoint,11,15,0.07218643425539983
H130,label_permutation,immune,seed44,dual_axis_disjoint,11,16,0.06967601364153098
H130,label_permutation,immune,seed44,dual_axis_disjoint,11,17,0.05551345206517633
H130,label_permutation,immune,seed44,dual_axis_disjoint,11,18,0.029556650246305383
H130,label_permutation,immune,seed44,dual_axis_disjoint,11,19,0.010467980295566504
H130,label_permutation,immune,seed44,dual_axis_disjoint,11,20,0.1260894278135658
H130,label_permutation,immune,seed44,dual_axis_disjoint,11,21,0.05399772641151945
H130,label_permutation,immune,seed44,dual_axis_disjoint,11,22,0.09795377036756348
H130,label_permutation,immune,seed44,dual_axis_disjoint,11,23,0.08914361500568402
H130,label_permutation,immune,seed44,source_disjoint,11,0,0.11283828073789692
H130,label_permutation,immune,seed44,source_disjoint,11,1,0.1849892312014233
H130,label_permutation,immune,seed44,source_disjoint,11,2,0.15675625058526077
H130,label_permutation,immune,seed44,source_disjoint,11,3,0.16612042326060494
H130,label_permutation,immune,seed44,source_disjoint,11,4,0.1426163498454911
H130,label_permutation,immune,seed44,source_disjoint,11,5,0.16485625994943343
H130,label_permutation,immune,seed44,source_disjoint,11,6,0.18821987077441704
H130,label_permutation,immune,seed44,source_disjoint,11,7,0.13287761026313316
H130,label_permutation,immune,seed44,source_disjoint,11,8,0.07968910946717855
H130,label_permutation,immune,seed44,source_disjoint,11,9,0.17262852326996914
H130,label_permutation,immune,seed44,source_disjoint,11,10,0.10675156849892309
H130,label_permutation,immune,seed44,source_disjoint,11,11,0.12875737428598166
H130,label_permutation,immune,seed44,source_disjoint,11,12,0.1677123326154134
H130,label_permutation,immune,seed44,source_disjoint,11,13,0.1581608764865623
H130,label_permutation,immune,seed44,source_disjoint,11,14,0.14776664481693036
H130,label_permutation,immune,seed44,source_disjoint,11,15,0.10047757280644254
H130,label_permutation,immune,seed44,source_disjoint,11,16,0.1061897181384025
H130,label_permutation,immune,seed44,source_disjoint,11,17,0.1289446577394887
H130,label_permutation,immune,seed44,source_disjoint,11,18,0.14467646783406674
H130,label_permutation,immune,seed44,source_disjoint,11,19,0.13554639947560643
H130,label_permutation,immune,seed44,source_disjoint,11,20,0.112276430377376
H130,label_permutation,immune,seed44,source_disjoint,11,21,0.11265099728438999
H130,label_permutation,immune,seed44,source_disjoint,11,22,0.18943721322221185
H130,label_permutation,immune,seed44,source_disjoint,11,23,0.13081749227455763
H130,label_permutation,immune,seed44,target_disjoint,11,0,0.04262978400909445
H130,label_permutation,immune,seed44,target_disjoint,11,1,-0.00899962106858665
H130,label_permutation,immune,seed44,target_disjoint,11,2,0.056934444865479494
H130,label_permutation,immune,seed44,target_disjoint,11,3,0.037608942781356625
H130,label_permutation,immune,seed44,target_disjoint,11,4,0.08800682076544142
H130,label_permutation,immune,seed44,target_disjoint,11,5,0.07067070860174318
H130,label_permutation,immune,seed44,target_disjoint,11,6,0.04594543387646843
H130,label_permutation,immune,seed44,target_disjoint,11,7,0.041871921182266014
H130,label_permutation,immune,seed44,target_disjoint,11,8,0.12684729064039413
H130,label_permutation,immune,seed44,target_disjoint,11,9,0.053760894278135685
H130,label_permutation,immune,seed44,target_disjoint,11,10,0.09539598332701771
H130,label_permutation,immune,seed44,target_disjoint,11,11,-0.03277756726032588
H130,label_permutation,immune,seed44,target_disjoint,11,12,0.015441455096627532
H130,label_permutation,immune,seed44,target_disjoint,11,13,0.04954528230390298
H130,label_permutation,immune,seed44,target_disjoint,11,14,0.0004736642667677593
H130,label_permutation,immune,seed44,target_disjoint,11,15,0.03296703296703307
H130,label_permutation,immune,seed44,target_disjoint,11,16,0.031025009473285237
H130,label_permutation,immune,seed44,target_disjoint,11,17,0.01458885941644561
H130,label_permutation,immune,seed44,target_disjoint,11,18,0.07948086396362253
H130,label_permutation,immune,seed44,target_disjoint,11,19,0.021125426297839978
H130,label_permutation,immune,seed44,target_disjoint,11,20,0.066123531640773
H130,label_permutation,immune,seed44,target_disjoint,11,21,0.04329291398256907
H130,label_permutation,immune,seed44,target_disjoint,11,22,0.044524441076165155
H130,label_permutation,immune,seed44,target_disjoint,11,23,0.07408109132247076
H130,label_permutation,lung,seed44,dual_axis_disjoint,11,0,-0.036274762027270424
H130,label_permutation,lung,seed44,dual_axis_disjoint,11,1,-0.015050167224080147
H130,label_permutation,lung,seed44,dual_axis_disjoint,11,2,-0.014728582454334838
H130,label_permutation,lung,seed44,dual_axis_disjoint,11,3,-0.08193979933110374
H130,label_permutation,lung,seed44,dual_axis_disjoint,11,4,0.07171340365320289
H130,label_permutation,lung,seed44,dual_axis_disjoint,11,5,0.0
H130,label_permutation,lung,seed44,dual_axis_disjoint,11,6,0.1204656547465911
H130,label_permutation,lung,seed44,dual_axis_disjoint,11,7,-0.06110110625160803
H130,label_permutation,lung,seed44,dual_axis_disjoint,11,8,0.022896835605865862
H130,label_permutation,lung,seed44,dual_axis_disjoint,11,9,0.09049395420632889
H130,label_permutation,lung,seed44,dual_axis_disjoint,11,10,-0.021996398250578975
H130,label_permutation,lung,seed44,dual_axis_disjoint,11,11,-0.052611268330331806
H130,label_permutation,lung,seed44,dual_axis_disjoint,11,12,-0.09596089529199903
H130,label_permutation,lung,seed44,dual_axis_disjoint,11,13,-0.02874967841523035
H130,label_permutation,lung,seed44,dual_axis_disjoint,11,14,0.029457164908669897
H130,label_permutation,lung,seed44,dual_axis_disjoint,11,15,0.06129405711345515
H130,label_permutation,lung,seed44,dual_axis_disjoint,11,16,0.024569076408541224
H130,label_permutation,lung,seed44,dual_axis_disjoint,11,17,-0.010933882171340614
H130,label_permutation,lung,seed44,dual_axis_disjoint,11,18,-0.00591715976331364
H130,label_permutation,lung,seed44,dual_axis_disjoint,11,19,0.0011577051710830455
H130,label_permutation,lung,seed44,dual_axis_disjoint,11,20,0.07692307692307687
H130,label_permutation,lung,seed44,dual_axis_disjoint,11,21,-0.02257525083612033
H130,label_permutation,lung,seed44,dual_axis_disjoint,11,22,0.0028299459737586297
H130,label_permutation,lung,seed44,dual_axis_disjoint,11,23,-0.013892462052997212
H130,label_permutation,lung,seed44,source_disjoint,11,0,0.03457241233925934
H130,label_permutation,lung,seed44,source_disjoint,11,1,0.026702269692923886
H130,label_permutation,lung,seed44,source_disjoint,11,2,-0.05762068723209901
H130,label_permutation,lung,seed44,source_disjoint,11,3,0.0016864591385005179
H130,label_permutation,lung,seed44,source_disjoint,11,4,0.035696718431593055
H130,label_permutation,lung,seed44,source_disjoint,11,5,-0.0011945752231045104
H130,label_permutation,lung,seed44,source_disjoint,11,6,0.001967535661583808
H130,label_permutation,lung,seed44,source_disjoint,11,7,0.030145457100695716
H130,label_permutation,lung,seed44,source_disjoint,11,8,0.024032042723631686
H130,label_permutation,lung,seed44,source_disjoint,11,9,0.03183191623919612
H130,label_permutation,lung,seed44,source_disjoint,11,10,0.006816105684772755
H130,label_permutation,lung,seed44,source_disjoint,11,11,0.06907455554774788
H130,label_permutation,lung,seed44,source_disjoint,11,12,0.016091630946525104
H130,label_permutation,lung,seed44,source_disjoint,11,13,0.062188180732204335
H130,label_permutation,lung,seed44,source_disjoint,11,14,0.013140327454149281
H130,label_permutation,lung,seed44,source_disjoint,11,15,0.03112922493148762
H130,label_permutation,lung,seed44,source_disjoint,11,16,0.0020026702269692054
H130,label_permutation,lung,seed44,source_disjoint,11,17,-0.021713161408193238
H130,label_permutation,lung,seed44,source_disjoint,11,18,0.05923687723982862
H130,label_permutation,lung,seed44,source_disjoint,11,19,0.05684772679361949
H130,label_permutation,lung,seed44,source_disjoint,11,20,-0.011805213969503181
H130,label_permutation,lung,seed44,source_disjoint,11,21,0.05368561590893128
H130,label_permutation,lung,seed44,source_disjoint,11,22,0.039561520623989876
H130,label_permutation,lung,seed44,source_disjoint,11,23,-0.0023891504462090207
H130,label_permutation,lung,seed44,target_disjoint,11,0,-0.027264422739090688
H130,label_permutation,lung,seed44,target_disjoint,11,1,0.006183683507835047
H130,label_permutation,lung,seed44,target_disjoint,11,2,-0.017918628346567433
H130,label_permutation,lung,seed44,target_disjoint,11,3,-0.053193731993535165
H130,label_permutation,lung,seed44,target_disjoint,11,4,-0.025507694469819375
H130,label_permutation,lung,seed44,target_disjoint,11,5,-0.016091630946525215
H130,label_permutation,lung,seed44,target_disjoint,11,6,0.02304827489283956
H130,label_permutation,lung,seed44,target_disjoint,11,7,0.013983557023399484
H130,label_permutation,lung,seed44,target_disjoint,11,8,-0.06675567423230988
H130,label_permutation,lung,seed44,target_disjoint,11,9,0.017988897477338117
H130,label_permutation,lung,seed44,target_disjoint,11,10,-0.01932401096198455
H130,label_permutation,lung,seed44,target_disjoint,11,11,-0.017988897477338117
H130,label_permutation,lung,seed44,target_disjoint,11,12,-0.007167451338626951
H130,label_permutation,lung,seed44,target_disjoint,11,13,0.007940411777106249
H130,label_permutation,lung,seed44,target_disjoint,11,14,-0.02649146230061139
H130,label_permutation,lung,seed44,target_disjoint,11,15,-0.017988897477338117
H130,label_permutation,lung,seed44,target_disjoint,11,16,0.010821446138711277
H130,label_permutation,lung,seed44,target_disjoint,11,17,0.010259293092544475
H130,label_permutation,lung,seed44,target_disjoint,11,18,-0.03752371583163516
H130,label_permutation,lung,seed44,target_disjoint,11,19,0.006324221769376859
H130,label_permutation,lung,seed44,target_disjoint,11,20,0.010891715269482183
H130,label_permutation,lung,seed44,target_disjoint,11,21,0.0077296043847937534
H130,label_permutation,lung,seed44,target_disjoint,11,22,-0.002037804792354936
H130,label_permutation,lung,seed44,target_disjoint,11,23,-0.05115592720118056
H130,motif_decoy_shuffle_matched_tf_target_degree,external_lung,seed42_main,dual_axis_disjoint,11,0,0.08487500000000003
H130,motif_decoy_shuffle_matched_tf_target_degree,external_lung,seed42_main,dual_axis_disjoint,11,1,0.07787500000000014
H130,motif_decoy_shuffle_matched_tf_target_degree,external_lung,seed42_main,dual_axis_disjoint,11,2,0.1043750000000001
H130,motif_decoy_shuffle_matched_tf_target_degree,external_lung,seed42_main,dual_axis_disjoint,11,3,0.07925000000000004
H130,motif_decoy_shuffle_matched_tf_target_degree,external_lung,seed42_main,dual_axis_disjoint,11,4,0.07937500000000008
H130,motif_decoy_shuffle_matched_tf_target_degree,external_lung,seed42_main,dual_axis_disjoint,11,5,0.10387500000000005
H130,motif_decoy_shuffle_matched_tf_target_degree,external_lung,seed42_main,dual_axis_disjoint,11,6,0.09399999999999997
H130,motif_decoy_shuffle_matched_tf_target_degree,external_lung,seed42_main,dual_axis_disjoint,11,7,0.09599999999999997
H130,motif_decoy_shuffle_matched_tf_target_degree,external_lung,seed42_main,dual_axis_disjoint,11,8,0.11812500000000004
H130,motif_decoy_shuffle_matched_tf_target_degree,external_lung,seed42_main,dual_axis_disjoint,11,9,0.08375000000000021
H130,motif_decoy_shuffle_matched_tf_target_degree,external_lung,seed42_main,dual_axis_disjoint,11,10,0.11450000000000005
H130,motif_decoy_shuffle_matched_tf_target_degree,external_lung,seed42_main,dual_axis_disjoint,11,11,0.07250000000000012
H130,motif_decoy_shuffle_matched_tf_target_degree,external_lung,seed42_main,dual_axis_disjoint,11,12,0.07412500000000011
H130,motif_decoy_shuffle_matched_tf_target_degree,external_lung,seed42_main,dual_axis_disjoint,11,13,0.08700000000000008
H130,motif_decoy_shuffle_matched_tf_target_degree,external_lung,seed42_main,dual_axis_disjoint,11,14,0.1000000000000002
H130,motif_decoy_shuffle_matched_tf_target_degree,external_lung,seed42_main,dual_axis_disjoint,11,15,0.09787500000000005
H130,motif_decoy_shuffle_matched_tf_target_degree,external_lung,seed42_main,dual_axis_disjoint,11,16,0.08737499999999998
H130,motif_decoy_shuffle_matched_tf_target_degree,external_lung,seed42_main,dual_axis_disjoint,11,17,0.1013750000000001
H130,motif_decoy_shuffle_matched_tf_target_degree,external_lung,seed42_main,dual_axis_disjoint,11,18,0.11012500000000014
H130,motif_decoy_shuffle_matched_tf_target_degree,external_lung,seed42_main,dual_axis_disjoint,11,19,0.08900000000000008
H130,motif_decoy_shuffle_matched_tf_target_degree,external_lung,seed42_main,dual_axis_disjoint,11,20,0.08174999999999999
H130,motif_decoy_shuffle_matched_tf_target_degree,external_lung,seed42_main,dual_axis_disjoint,11,21,0.10300000000000009
H130,motif_decoy_shuffle_matched_tf_target_degree,external_lung,seed42_main,dual_axis_disjoint,11,22,0.09575
H130,motif_decoy_shuffle_matched_tf_target_degree,external_lung,seed42_main,dual_axis_disjoint,11,23,0.08462500000000017
H130,motif_decoy_shuffle_matched_tf_target_degree,external_lung,seed42_main,source_disjoint,11,0,0.11729184427394146
H130,motif_decoy_shuffle_matched_tf_target_degree,external_lung,seed42_main,source_disjoint,11,1,0.11736288718385901
H130,motif_decoy_shuffle_matched_tf_target_degree,external_lung,seed42_main,source_disjoint,11,2,0.11963626030122199
H130,motif_decoy_shuffle_matched_tf_target_degree,external_lung,seed42_main,source_disjoint,11,3,0.12617220801364026
H130,motif_decoy_shuffle_matched_tf_target_degree,external_lung,seed42_main,source_disjoint,11,4,0.12205171923842006
H130,motif_decoy_shuffle_matched_tf_target_degree,external_lung,seed42_main,source_disjoint,11,5,0.11750497300369422
H130,motif_decoy_shuffle_matched_tf_target_degree,external_lung,seed42_main,source_disjoint,11,6,0.12510656436487644
H130,motif_decoy_shuffle_matched_tf_target_degree,external_lung,seed42_main,source_disjoint,11,7,0.10052571753339035
H130,motif_decoy_shuffle_matched_tf_target_degree,external_lung,seed42_main,source_disjoint,11,8,0.13078999715828366
H130,motif_decoy_shuffle_matched_tf_target_degree,external_lung,seed42_main,source_disjoint,11,9,0.126740551292981
H130,motif_decoy_shuffle_matched_tf_target_degree,external_lung,seed42_main,source_disjoint,11,10,0.12134129013924422
H130,motif_decoy_shuffle_matched_tf_target_degree,external_lung,seed42_main,source_disjoint,11,11,0.11885478829212848
H130,motif_decoy_shuffle_matched_tf_target_degree,external_lung,seed42_main,source_disjoint,11,12,0.10116510372264853
H130,motif_decoy_shuffle_matched_tf_target_degree,external_lung,seed42_main,source_disjoint,11,13,0.12297527706734868
H130,motif_decoy_shuffle_matched_tf_target_degree,external_lung,seed42_main,source_disjoint,11,14,0.12666950838306335
H130,motif_decoy_shuffle_matched_tf_target_degree,external_lung,seed42_main,source_disjoint,11,15,0.1251776072747941
H130,motif_decoy_shuffle_matched_tf_target_degree,external_lung,seed42_main,source_disjoint,11,16,0.11253196930946285
H130,motif_decoy_shuffle_matched_tf_target_degree,external_lung,seed42_main,source_disjoint,11,17,0.1339158851946577
H130,motif_decoy_shuffle_matched_tf_target_degree,external_lung,seed42_main,source_disjoint,11,18,0.10535663540778628
H130,motif_decoy_shuffle_matched_tf_target_degree,external_lung,seed42_main,source_disjoint,11,19,0.12546177891446442
H130,motif_decoy_shuffle_matched_tf_target_degree,external_lung,seed42_main,source_disjoint,11,20,0.11288718385905094
H130,motif_decoy_shuffle_matched_tf_target_degree,external_lung,seed42_main,source_disjoint,11,21,0.1261011651037227
H130,motif_decoy_shuffle_matched_tf_target_degree,external_lung,seed42_main,source_disjoint,11,22,0.1273799374822393
H130,motif_decoy_shuffle_matched_tf_target_degree,external_lung,seed42_main,source_disjoint,11,23,0.10983233873259457
H130,motif_decoy_shuffle_matched_tf_target_degree,external_lung,seed42_main,target_disjoint,11,0,0.07485802787816209
H130,motif_decoy_shuffle_matched_tf_target_degree,external_lung,seed42_main,target_disjoint,11,1,0.07758684268751392
H130,motif_decoy_shuffle_matched_tf_target_degree,external_lung,seed42_main,target_disjoint,11,2,0.053470019912972955
H130,motif_decoy_shuffle_matched_tf_target_degree,external_lung,seed42_main,target_disjoint,11,3,0.07906187771959594
H130,motif_decoy_shuffle_matched_tf_target_degree,external_lung,seed42_main,target_disjoint,11,4,0.05339626816136889
H130,motif_decoy_shuffle_matched_tf_target_degree,external_lung,seed42_main,target_disjoint,11,5,0.06851537724020951
H130,motif_decoy_shuffle_matched_tf_target_degree,external_lung,seed42_main,target_disjoint,11,6,0.06512279666642096
H130,motif_decoy_shuffle_matched_tf_target_degree,external_lung,seed42_main,target_disjoint,11,7,0.06232023010546517
H130,motif_decoy_shuffle_matched_tf_target_degree,external_lung,seed42_main,target_disjoint,11,8,0.05583007596430423
H130,motif_decoy_shuffle_matched_tf_target_degree,external_lung,seed42_main,target_disjoint,11,9,0.062983995869902
H130,motif_decoy_shuffle_matched_tf_target_degree,external_lung,seed42_main,target_disjoint,11,10,0.054207537429014074
H130,motif_decoy_shuffle_matched_tf_target_degree,external_lung,seed42_main,target_disjoint,11,11,0.08326572756102968
H130,motif_decoy_shuffle_matched_tf_target_degree,external_lung,seed42_main,target_disjoint,11,12,0.06563905892764954
H130,motif_decoy_shuffle_matched_tf_target_degree,external_lung,seed42_main,target_disjoint,11,13,0.06482778966000446
H130,motif_decoy_shuffle_matched_tf_target_degree,external_lung,seed42_main,target_disjoint,11,14,0.06917914300464634
H130,motif_decoy_shuffle_matched_tf_target_degree,external_lung,seed42_main,target_disjoint,11,15,0.05951766354450905
H130,motif_decoy_shuffle_matched_tf_target_degree,external_lung,seed42_main,target_disjoint,11,16,0.07338299284608019
H130,motif_decoy_shuffle_matched_tf_target_degree,external_lung,seed42_main,target_disjoint,11,17,0.06445903090198402
H130,motif_decoy_shuffle_matched_tf_target_degree,external_lung,seed42_main,target_disjoint,11,18,0.06394276864075532
H130,motif_decoy_shuffle_matched_tf_target_degree,external_lung,seed42_main,target_disjoint,11,19,0.056936352238365795
H130,motif_decoy_shuffle_matched_tf_target_degree,external_lung,seed42_main,target_disjoint,11,20,0.06969540526587514
H130,motif_decoy_shuffle_matched_tf_target_degree,external_lung,seed42_main,target_disjoint,11,21,0.06763035622096036
H130,motif_decoy_shuffle_matched_tf_target_degree,external_lung,seed42_main,target_disjoint,11,22,0.0665240799468988
H130,motif_decoy_shuffle_matched_tf_target_degree,external_lung,seed42_main,target_disjoint,11,23,0.06018142930894621
H130,motif_decoy_shuffle_matched_tf_target_degree,immune,seed42_main,dual_axis_disjoint,11,0,0.08582796513831004
H130,motif_decoy_shuffle_matched_tf_target_degree,immune,seed42_main,dual_axis_disjoint,11,1,0.08241758241758257
H130,motif_decoy_shuffle_matched_tf_target_degree,immune,seed42_main,dual_axis_disjoint,11,2,0.08317544524441067
H130,motif_decoy_shuffle_matched_tf_target_degree,immune,seed42_main,dual_axis_disjoint,11,3,0.10619552860932169
H130,motif_decoy_shuffle_matched_tf_target_degree,immune,seed42_main,dual_axis_disjoint,11,4,0.07843880257673363
H130,motif_decoy_shuffle_matched_tf_target_degree,immune,seed42_main,dual_axis_disjoint,11,5,0.09757483895414931
H130,motif_decoy_shuffle_matched_tf_target_degree,immune,seed42_main,dual_axis_disjoint,11,6,0.12002652519893897
H130,motif_decoy_shuffle_matched_tf_target_degree,immune,seed42_main,dual_axis_disjoint,11,7,0.0862068965517242
H130,motif_decoy_shuffle_matched_tf_target_degree,immune,seed42_main,dual_axis_disjoint,11,8,0.10666919287608945
H130,motif_decoy_shuffle_matched_tf_target_degree,immune,seed42_main,dual_axis_disjoint,11,9,0.09823796892762426
H130,motif_decoy_shuffle_matched_tf_target_degree,immune,seed42_main,dual_axis_disjoint,11,10,0.10126942023493757
H130,motif_decoy_shuffle_matched_tf_target_degree,immune,seed42_main,dual_axis_disjoint,11,11,0.06422887457370219
H130,motif_decoy_shuffle_matched_tf_target_degree,immune,seed42_main,dual_axis_disjoint,11,12,0.10505873436907931
H130,motif_decoy_shuffle_matched_tf_target_degree,immune,seed42_main,dual_axis_disjoint,11,13,0.09122773777946203
H130,motif_decoy_shuffle_matched_tf_target_degree,immune,seed42_main,dual_axis_disjoint,11,14,0.10685865858279664
H130,motif_decoy_shuffle_matched_tf_target_degree,immune,seed42_main,dual_axis_disjoint,11,15,0.0809018567639258
H130,motif_decoy_shuffle_matched_tf_target_degree,immune,seed42_main,dual_axis_disjoint,11,16,0.08904888215233053
H130,motif_decoy_shuffle_matched_tf_target_degree,immune,seed42_main,dual_axis_disjoint,11,17,0.07730200833649103
H130,motif_decoy_shuffle_matched_tf_target_degree,immune,seed42_main,dual_axis_disjoint,11,18,0.08563849943160284
H130,motif_decoy_shuffle_matched_tf_target_degree,immune,seed42_main,dual_axis_disjoint,11,19,0.08743842364532028
H130,motif_decoy_shuffle_matched_tf_target_degree,immune,seed42_main,dual_axis_disjoint,11,20,0.10865858279651386
H130,motif_decoy_shuffle_matched_tf_target_degree,immune,seed42_main,dual_axis_disjoint,11,21,0.0789124668435014
H130,motif_decoy_shuffle_matched_tf_target_degree,immune,seed42_main,dual_axis_disjoint,11,22,0.09189086775293676
H130,motif_decoy_shuffle_matched_tf_target_degree,immune,seed42_main,dual_axis_disjoint,11,23,0.0966275104206139
H130,motif_decoy_shuffle_matched_tf_target_degree,immune,seed42_main,source_disjoint,11,0,0.008989605768330522
H130,motif_decoy_shuffle_matched_tf_target_degree,immune,seed42_main,source_disjoint,11,1,0.0071167712332615984
H130,motif_decoy_shuffle_matched_tf_target_degree,immune,seed42_main,source_disjoint,11,2,0.002996535256110211
H130,motif_decoy_shuffle_matched_tf_target_degree,immune,seed42_main,source_disjoint,11,3,0.011892499297687209
H130,motif_decoy_shuffle_matched_tf_target_degree,immune,seed42_main,source_disjoint,11,4,0.033336454724225195
H130,motif_decoy_shuffle_matched_tf_target_degree,immune,seed42_main,source_disjoint,11,5,0.011892499297687098
H130,motif_decoy_shuffle_matched_tf_target_degree,immune,seed42_main,source_disjoint,11,6,0.010019664762618175
H130,motif_decoy_shuffle_matched_tf_target_degree,immune,seed42_main,source_disjoint,11,7,0.019945687798483158
H130,motif_decoy_shuffle_matched_tf_target_degree,immune,seed42_main,source_disjoint,11,8,0.01910291225770211
H130,motif_decoy_shuffle_matched_tf_target_degree,immune,seed42_main,source_disjoint,11,9,0.011705215844180161
H130,motif_decoy_shuffle_matched_tf_target_degree,immune,seed42_main,source_disjoint,11,10,0.027437025938758408
H130,motif_decoy_shuffle_matched_tf_target_degree,immune,seed42_main,source_disjoint,11,11,0.012547991384961321
H130,motif_decoy_shuffle_matched_tf_target_degree,immune,seed42_main,source_disjoint,11,12,0.02603240003745677
H130,motif_decoy_shuffle_matched_tf_target_degree,immune,seed42_main,source_disjoint,11,13,0.025564191403689596
H130,motif_decoy_shuffle_matched_tf_target_degree,immune,seed42_main,source_disjoint,11,14,0.03801854106189739
H130,motif_decoy_shuffle_matched_tf_target_degree,immune,seed42_main,source_disjoint,11,15,0.020413896432250223
H130,motif_decoy_shuffle_matched_tf_target_degree,immune,seed42_main,source_disjoint,11,16,-0.009832381309111238
H130,motif_decoy_shuffle_matched_tf_target_degree,immune,seed42_main,source_disjoint,11,17,0.02359771514186726
H130,motif_decoy_shuffle_matched_tf_target_degree,immune,seed42_main,source_disjoint,11,18,0.03380466335799237
H130,motif_decoy_shuffle_matched_tf_target_degree,immune,seed42_main,source_disjoint,11,19,0.020039329525236682
H130,motif_decoy_shuffle_matched_tf_target_degree,immune,seed42_main,source_disjoint,11,20,0.012547991384961321
H130,motif_decoy_shuffle_matched_tf_target_degree,immune,seed42_main,source_disjoint,11,21,0.014795392827043785
H130,motif_decoy_shuffle_matched_tf_target_degree,immune,seed42_main,source_disjoint,11,22,0.0024346848955896228
H130,motif_decoy_shuffle_matched_tf_target_degree,immune,seed42_main,source_disjoint,11,23,0.009364172675344173
H130,motif_decoy_shuffle_matched_tf_target_degree,immune,seed42_main,target_disjoint,11,0,0.04082985979537712
H130,motif_decoy_shuffle_matched_tf_target_degree,immune,seed42_main,target_disjoint,11,1,0.03211443728685115
H130,motif_decoy_shuffle_matched_tf_target_degree,immune,seed42_main,target_disjoint,11,2,0.038082607048124384
H130,motif_decoy_shuffle_matched_tf_target_degree,immune,seed42_main,target_disjoint,11,3,0.02510420613868891
H130,motif_decoy_shuffle_matched_tf_target_degree,immune,seed42_main,target_disjoint,11,4,0.04964001515725647
H130,motif_decoy_shuffle_matched_tf_target_degree,immune,seed42_main,target_disjoint,11,5,0.041871921182266014
H130,motif_decoy_shuffle_matched_tf_target_degree,immune,seed42_main,target_disjoint,11,6,0.04708222811671092
H130,motif_decoy_shuffle_matched_tf_target_degree,immune,seed42_main,target_disjoint,11,7,0.040261462675255766
H130,motif_decoy_shuffle_matched_tf_target_degree,immune,seed42_main,target_disjoint,11,8,0.04641909814323608
H130,motif_decoy_shuffle_matched_tf_target_degree,immune,seed42_main,target_disjoint,11,9,0.05181887078438807
H130,motif_decoy_shuffle_matched_tf_target_degree,immune,seed42_main,target_disjoint,11,10,0.039408866995073955
H130,motif_decoy_shuffle_matched_tf_target_degree,immune,seed42_main,target_disjoint,11,11,0.032398635846911716
H130,motif_decoy_shuffle_matched_tf_target_degree,immune,seed42_main,target_disjoint,11,12,0.05276619931792337
H130,motif_decoy_shuffle_matched_tf_target_degree,immune,seed42_main,target_disjoint,11,13,0.0430087154225085
H130,motif_decoy_shuffle_matched_tf_target_degree,immune,seed42_main,target_disjoint,11,14,0.03590375142099289
H130,motif_decoy_shuffle_matched_tf_target_degree,immune,seed42_main,target_disjoint,11,15,0.03097764304660866
H130,motif_decoy_shuffle_matched_tf_target_degree,immune,seed42_main,target_disjoint,11,16,0.04442970822281167
H130,motif_decoy_shuffle_matched_tf_target_degree,immune,seed42_main,target_disjoint,11,17,0.04708222811671092
H130,motif_decoy_shuffle_matched_tf_target_degree,immune,seed42_main,target_disjoint,11,18,0.02245168624478977
H130,motif_decoy_shuffle_matched_tf_target_degree,immune,seed42_main,target_disjoint,11,19,0.05001894657067063
H130,motif_decoy_shuffle_matched_tf_target_degree,immune,seed42_main,target_disjoint,11,20,0.04082985979537701
H130,motif_decoy_shuffle_matched_tf_target_degree,immune,seed42_main,target_disjoint,11,21,0.05030314513073131
H130,motif_decoy_shuffle_matched_tf_target_degree,immune,seed42_main,target_disjoint,11,22,0.039598332701781036
H130,motif_decoy_shuffle_matched_tf_target_degree,immune,seed42_main,target_disjoint,11,23,0.03950359984842744
H130,motif_decoy_shuffle_matched_tf_target_degree,lung,seed42_main,dual_axis_disjoint,11,0,0.08252367482474476
H130,motif_decoy_shuffle_matched_tf_target_degree,lung,seed42_main,dual_axis_disjoint,11,1,0.10084860410773588
H130,motif_decoy_shuffle_matched_tf_target_degree,lung,seed42_main,dual_axis_disjoint,11,2,0.10613700651826341
H130,motif_decoy_shuffle_matched_tf_target_degree,lung,seed42_main,dual_axis_disjoint,11,3,0.08695117451727963
H130,motif_decoy_shuffle_matched_tf_target_degree,lung,seed42_main,dual_axis_disjoint,11,4,0.08707416061984996
H130,motif_decoy_shuffle_matched_tf_target_degree,lung,seed42_main,dual_axis_disjoint,11,5,0.11117943672365027
H130,motif_decoy_shuffle_matched_tf_target_degree,lung,seed42_main,dual_axis_disjoint,11,6,0.08350756364530809
H130,motif_decoy_shuffle_matched_tf_target_degree,lung,seed42_main,dual_axis_disjoint,11,7,0.09900381256917967
H130,motif_decoy_shuffle_matched_tf_target_degree,lung,seed42_main,dual_axis_disjoint,11,8,0.09457631287664514
H130,motif_decoy_shuffle_matched_tf_target_degree,lung,seed42_main,dual_axis_disjoint,11,9,0.1030623539540032
H130,motif_decoy_shuffle_matched_tf_target_degree,lung,seed42_main,dual_axis_disjoint,11,10,0.07637436969622446
H130,motif_decoy_shuffle_matched_tf_target_degree,lung,seed42_main,dual_axis_disjoint,11,11,0.03406715041200348
H130,motif_decoy_shuffle_matched_tf_target_degree,lung,seed42_main,dual_axis_disjoint,11,12,0.06505964825974675
H130,motif_decoy_shuffle_matched_tf_target_degree,lung,seed42_main,dual_axis_disjoint,11,13,0.0917476325175256
H130,motif_decoy_shuffle_matched_tf_target_degree,lung,seed42_main,dual_axis_disjoint,11,14,0.06862624523428851
H130,motif_decoy_shuffle_matched_tf_target_degree,lung,seed42_main,dual_axis_disjoint,11,15,0.09371541015865203
H130,motif_decoy_shuffle_matched_tf_target_degree,lung,seed42_main,dual_axis_disjoint,11,16,0.09359242405608159
H130,motif_decoy_shuffle_matched_tf_target_degree,lung,seed42_main,dual_axis_disjoint,11,17,0.09838888205632768
H130,motif_decoy_shuffle_matched_tf_target_degree,lung,seed42_main,dual_axis_disjoint,11,18,0.09383839626122248
H130,motif_decoy_shuffle_matched_tf_target_degree,lung,seed42_main,dual_axis_disjoint,11,19,0.10134054851801755
H130,motif_decoy_shuffle_matched_tf_target_degree,lung,seed42_main,dual_axis_disjoint,11,20,0.09211659082523671
H130,motif_decoy_shuffle_matched_tf_target_degree,lung,seed42_main,dual_axis_disjoint,11,21,0.11191735333907271
H130,motif_decoy_shuffle_matched_tf_target_degree,lung,seed42_main,dual_axis_disjoint,11,22,0.09863485426146845
H130,motif_decoy_shuffle_matched_tf_target_degree,lung,seed42_main,dual_axis_disjoint,11,23,0.08104784159389977
H130,motif_decoy_shuffle_matched_tf_target_degree,lung,seed42_main,source_disjoint,11,0,0.10940903661021706
H130,motif_decoy_shuffle_matched_tf_target_degree,lung,seed42_main,source_disjoint,11,1,0.13393296324924453
H130,motif_decoy_shuffle_matched_tf_target_degree,lung,seed42_main,source_disjoint,11,2,0.11826294708734453
H130,motif_decoy_shuffle_matched_tf_target_degree,lung,seed42_main,source_disjoint,11,3,0.09226336870212914
H130,motif_decoy_shuffle_matched_tf_target_degree,lung,seed42_main,source_disjoint,11,4,0.09612817089452597
H130,motif_decoy_shuffle_matched_tf_target_degree,lung,seed42_main,source_disjoint,11,5,0.12536012929520057
H130,motif_decoy_shuffle_matched_tf_target_degree,lung,seed42_main,source_disjoint,11,6,0.11229007097182198
H130,motif_decoy_shuffle_matched_tf_target_degree,lung,seed42_main,source_disjoint,11,7,0.11987913709507403
H130,motif_decoy_shuffle_matched_tf_target_degree,lung,seed42_main,source_disjoint,11,8,0.10582531094090364
H130,motif_decoy_shuffle_matched_tf_target_degree,lung,seed42_main,source_disjoint,11,9,0.10933876747944626
H130,motif_decoy_shuffle_matched_tf_target_degree,lung,seed42_main,source_disjoint,11,10,0.10224158527159011
H130,motif_decoy_shuffle_matched_tf_target_degree,lung,seed42_main,source_disjoint,11,11,0.10856580704096686
H130,motif_decoy_shuffle_matched_tf_target_degree,lung,seed42_main,source_disjoint,11,12,0.09950108917152678
H130,motif_decoy_shuffle_matched_tf_target_degree,lung,seed42_main,source_disjoint,11,13,0.10392804441009063
H130,motif_decoy_shuffle_matched_tf_target_degree,lung,seed42_main,source_disjoint,11,14,0.10912796008713377
H130,motif_decoy_shuffle_matched_tf_target_degree,lung,seed42_main,source_disjoint,11,15,0.1001335113484646
H130,motif_decoy_shuffle_matched_tf_target_degree,lung,seed42_main,source_disjoint,11,16,0.11854402361042804
H130,motif_decoy_shuffle_matched_tf_target_degree,lung,seed42_main,source_disjoint,11,17,0.08678237650200249
H130,motif_decoy_shuffle_matched_tf_target_degree,lung,seed42_main,source_disjoint,11,18,0.09549574871758837
H130,motif_decoy_shuffle_matched_tf_target_degree,lung,seed42_main,source_disjoint,11,19,0.10266320005621532
H130,motif_decoy_shuffle_matched_tf_target_degree,lung,seed42_main,source_disjoint,11,20,0.10638746398707055
H130,motif_decoy_shuffle_matched_tf_target_degree,lung,seed42_main,source_disjoint,11,21,0.12044129014124094
H130,motif_decoy_shuffle_matched_tf_target_degree,lung,seed42_main,source_disjoint,11,22,0.10561450354859103
H130,motif_decoy_shuffle_matched_tf_target_degree,lung,seed42_main,source_disjoint,11,23,0.10027404961000619
H130,motif_decoy_shuffle_matched_tf_target_degree,lung,seed42_main,target_disjoint,11,0,0.11199999999999988
H130,motif_decoy_shuffle_matched_tf_target_degree,lung,seed42_main,target_disjoint,11,1,0.10371428571428576
H130,motif_decoy_shuffle_matched_tf_target_degree,lung,seed42_main,target_disjoint,11,2,0.10378571428571415
H130,motif_decoy_shuffle_matched_tf_target_degree,lung,seed42_main,target_disjoint,11,3,0.11228571428571421
H130,motif_decoy_shuffle_matched_tf_target_degree,lung,seed42_main,target_disjoint,11,4,0.10092857142857126
H130,motif_decoy_shuffle_matched_tf_target_degree,lung,seed42_main,target_disjoint,11,5,0.11757142857142844
H130,motif_decoy_shuffle_matched_tf_target_degree,lung,seed42_main,target_disjoint,11,6,0.1162142857142856
H130,motif_decoy_shuffle_matched_tf_target_degree,lung,seed42_main,target_disjoint,11,7,0.10564285714285715
H130,motif_decoy_shuffle_matched_tf_target_degree,lung,seed42_main,target_disjoint,11,8,0.1132857142857141
H130,motif_decoy_shuffle_matched_tf_target_degree,lung,seed42_main,target_disjoint,11,9,0.11014285714285699
H130,motif_decoy_shuffle_matched_tf_target_degree,lung,seed42_main,target_disjoint,11,10,0.12249999999999983
H130,motif_decoy_shuffle_matched_tf_target_degree,lung,seed42_main,target_disjoint,11,11,0.10985714285714265
H130,motif_decoy_shuffle_matched_tf_target_degree,lung,seed42_main,target_disjoint,11,12,0.11185714285714277
H130,motif_decoy_shuffle_matched_tf_target_degree,lung,seed42_main,target_disjoint,11,13,0.10964285714285693
H130,motif_decoy_shuffle_matched_tf_target_degree,lung,seed42_main,target_disjoint,11,14,0.09714285714285709
H130,motif_decoy_shuffle_matched_tf_target_degree,lung,seed42_main,target_disjoint,11,15,0.10871428571428554
H130,motif_decoy_shuffle_matched_tf_target_degree,lung,seed42_main,target_disjoint,11,16,0.11785714285714288
H130,motif_decoy_shuffle_matched_tf_target_degree,lung,seed42_main,target_disjoint,11,17,0.11307142857142849
H130,motif_decoy_shuffle_matched_tf_target_degree,lung,seed42_main,target_disjoint,11,18,0.10464285714285704
H130,motif_decoy_shuffle_matched_tf_target_degree,lung,seed42_main,target_disjoint,11,19,0.10971428571428543
H130,motif_decoy_shuffle_matched_tf_target_degree,lung,seed42_main,target_disjoint,11,20,0.10807142857142849
H130,motif_decoy_shuffle_matched_tf_target_degree,lung,seed42_main,target_disjoint,11,21,0.10849999999999993
H130,motif_decoy_shuffle_matched_tf_target_degree,lung,seed42_main,target_disjoint,11,22,0.10099999999999987
H130,motif_decoy_shuffle_matched_tf_target_degree,lung,seed42_main,target_disjoint,11,23,0.1064285714285712
H130,motif_decoy_shuffle_matched_tf_target_degree,external_lung,seed43,dual_axis_disjoint,11,0,0.12749380238460617
H130,motif_decoy_shuffle_matched_tf_target_degree,external_lung,seed43,dual_axis_disjoint,11,1,0.12182741116751261
H130,motif_decoy_shuffle_matched_tf_target_degree,external_lung,seed43,dual_axis_disjoint,11,2,0.13977098335497573
H130,motif_decoy_shuffle_matched_tf_target_degree,external_lung,seed43,dual_axis_disjoint,11,3,0.08275292173297122
H130,motif_decoy_shuffle_matched_tf_target_degree,external_lung,seed43,dual_axis_disjoint,11,4,0.115688820682328
H130,motif_decoy_shuffle_matched_tf_target_degree,external_lung,seed43,dual_axis_disjoint,11,5,0.1426041789635224
H130,motif_decoy_shuffle_matched_tf_target_degree,external_lung,seed43,dual_axis_disjoint,11,6,0.147798370912525
H130,motif_decoy_shuffle_matched_tf_target_degree,external_lung,seed43,dual_axis_disjoint,11,7,0.14118758115924923
H130,motif_decoy_shuffle_matched_tf_target_degree,external_lung,seed43,dual_axis_disjoint,11,8,0.14685397237634268
H130,motif_decoy_shuffle_matched_tf_target_degree,external_lung,seed43,dual_axis_disjoint,11,9,0.14177783024436308
H130,motif_decoy_shuffle_matched_tf_target_degree,external_lung,seed43,dual_axis_disjoint,11,10,0.13847243536772513
H130,motif_decoy_shuffle_matched_tf_target_degree,external_lung,seed43,dual_axis_disjoint,11,11,0.1205288631802619
H130,motif_decoy_shuffle_matched_tf_target_degree,external_lung,seed43,dual_axis_disjoint,11,12,0.10801558257584698
H130,motif_decoy_shuffle_matched_tf_target_degree,external_lung,seed43,dual_axis_disjoint,11,13,0.1309172470782669
H130,motif_decoy_shuffle_matched_tf_target_degree,external_lung,seed43,dual_axis_disjoint,11,14,0.12041081336323922
H130,motif_decoy_shuffle_matched_tf_target_degree,external_lung,seed43,dual_axis_disjoint,11,15,0.11061267855034818
H130,motif_decoy_shuffle_matched_tf_target_degree,external_lung,seed43,dual_axis_disjoint,11,16,0.13304214378467705
H130,motif_decoy_shuffle_matched_tf_target_degree,external_lung,seed43,dual_axis_disjoint,11,17,0.14106953134222633
H130,motif_decoy_shuffle_matched_tf_target_degree,external_lung,seed43,dual_axis_disjoint,11,18,0.12702160311651522
H130,motif_decoy_shuffle_matched_tf_target_degree,external_lung,seed43,dual_axis_disjoint,11,19,0.09455790343524961
H130,motif_decoy_shuffle_matched_tf_target_degree,external_lung,seed43,dual_axis_disjoint,11,20,0.12772990201865175
H130,motif_decoy_shuffle_matched_tf_target_degree,external_lung,seed43,dual_axis_disjoint,11,21,0.12808405146972013
H130,motif_decoy_shuffle_matched_tf_target_degree,external_lung,seed43,dual_axis_disjoint,11,22,0.1193483650100341
H130,motif_decoy_shuffle_matched_tf_target_degree,external_lung,seed43,dual_axis_disjoint,11,23,0.13528509030810987
H130,motif_decoy_shuffle_matched_tf_target_degree,external_lung,seed43,source_disjoint,11,0,0.0700623253814745
H130,motif_decoy_shuffle_matched_tf_target_degree,external_lung,seed43,source_disjoint,11,1,0.09900422666380126
H130,motif_decoy_shuffle_matched_tf_target_degree,external_lung,seed43,source_disjoint,11,2,0.08360197721899865
H130,motif_decoy_shuffle_matched_tf_target_degree,external_lung,seed43,source_disjoint,11,3,0.07629486352890613
H130,motif_decoy_shuffle_matched_tf_target_degree,external_lung,seed43,source_disjoint,11,4,0.08761372591159833
H130,motif_decoy_shuffle_matched_tf_target_degree,external_lung,seed43,source_disjoint,11,5,0.10695608567949
H130,motif_decoy_shuffle_matched_tf_target_degree,external_lung,seed43,source_disjoint,11,6,0.09148219786517675
H130,motif_decoy_shuffle_matched_tf_target_degree,external_lung,seed43,source_disjoint,11,7,0.08345870047997728
H130,motif_decoy_shuffle_matched_tf_target_degree,external_lung,seed43,source_disjoint,11,8,0.10222795329178336
H130,motif_decoy_shuffle_matched_tf_target_degree,external_lung,seed43,source_disjoint,11,9,0.09334479547245511
H130,motif_decoy_shuffle_matched_tf_target_degree,external_lung,seed43,source_disjoint,11,10,0.08510638297872353
H130,motif_decoy_shuffle_matched_tf_target_degree,external_lung,seed43,source_disjoint,11,11,0.08453327602263783
H130,motif_decoy_shuffle_matched_tf_target_degree,external_lung,seed43,source_disjoint,11,12,0.10287269861737969
H130,motif_decoy_shuffle_matched_tf_target_degree,external_lung,seed43,source_disjoint,11,13,0.08711225732502337
H130,motif_decoy_shuffle_matched_tf_target_degree,external_lung,seed43,source_disjoint,11,14,0.08804355612866266
H130,motif_decoy_shuffle_matched_tf_target_degree,external_lung,seed43,source_disjoint,11,15,0.0818110179812307
H130,motif_decoy_shuffle_matched_tf_target_degree,external_lung,seed43,source_disjoint,11,16,0.0894763235188768
H130,motif_decoy_shuffle_matched_tf_target_degree,external_lung,seed43,source_disjoint,11,17,0.08259904004584873
H130,motif_decoy_shuffle_matched_tf_target_degree,external_lung,seed43,source_disjoint,11,18,0.08517802134823416
H130,motif_decoy_shuffle_matched_tf_target_degree,external_lung,seed43,source_disjoint,11,19,0.08653915036893767
H130,motif_decoy_shuffle_matched_tf_target_degree,external_lung,seed43,source_disjoint,11,20,0.08696898058600189
H130,motif_decoy_shuffle_matched_tf_target_degree,external_lung,seed43,source_disjoint,11,21,0.09055089906153746
H130,motif_decoy_shuffle_matched_tf_target_degree,external_lung,seed43,source_disjoint,11,22,0.08152446450318795
H130,motif_decoy_shuffle_matched_tf_target_degree,external_lung,seed43,source_disjoint,11,23,0.09914750340282263
H130,motif_decoy_shuffle_matched_tf_target_degree,external_lung,seed43,target_disjoint,11,0,0.09241094475993816
H130,motif_decoy_shuffle_matched_tf_target_degree,external_lung,seed43,target_disjoint,11,1,0.05339626816136889
H130,motif_decoy_shuffle_matched_tf_target_degree,external_lung,seed43,target_disjoint,11,2,0.0670403422081276
H130,motif_decoy_shuffle_matched_tf_target_degree,external_lung,seed43,target_disjoint,11,3,0.09115716498266835
H130,motif_decoy_shuffle_matched_tf_target_degree,external_lung,seed43,target_disjoint,11,4,0.05767386975440658
H130,motif_decoy_shuffle_matched_tf_target_degree,external_lung,seed43,target_disjoint,11,5,0.06704034220812749
H130,motif_decoy_shuffle_matched_tf_target_degree,external_lung,seed43,target_disjoint,11,6,0.08274946529980087
H130,motif_decoy_shuffle_matched_tf_target_degree,external_lung,seed43,target_disjoint,11,7,0.06372151338594301
H130,motif_decoy_shuffle_matched_tf_target_degree,external_lung,seed43,target_disjoint,11,8,0.07655431816505642
H130,motif_decoy_shuffle_matched_tf_target_degree,external_lung,seed43,target_disjoint,11,9,0.11232391769304528
H130,motif_decoy_shuffle_matched_tf_target_degree,external_lung,seed43,target_disjoint,11,10,0.09853234014307843
H130,motif_decoy_shuffle_matched_tf_target_degree,external_lung,seed43,target_disjoint,11,11,0.09093590972785626
H130,motif_decoy_shuffle_matched_tf_target_degree,external_lung,seed43,target_disjoint,11,12,0.09425473855004063
H130,motif_decoy_shuffle_matched_tf_target_degree,external_lung,seed43,target_disjoint,11,13,0.1021461759716793
H130,motif_decoy_shuffle_matched_tf_target_degree,external_lung,seed43,target_disjoint,11,14,0.09491850431447757
H130,motif_decoy_shuffle_matched_tf_target_degree,external_lung,seed43,target_disjoint,11,15,0.09388597979202018
H130,motif_decoy_shuffle_matched_tf_target_degree,external_lung,seed43,target_disjoint,11,16,0.06711409395973167
H130,motif_decoy_shuffle_matched_tf_target_degree,external_lung,seed43,target_disjoint,11,17,0.09263220001475048
H130,motif_decoy_shuffle_matched_tf_target_degree,external_lung,seed43,target_disjoint,11,18,0.07176045431079003
H130,motif_decoy_shuffle_matched_tf_target_degree,external_lung,seed43,target_disjoint,11,19,0.10966885463529763
H130,motif_decoy_shuffle_matched_tf_target_degree,external_lung,seed43,target_disjoint,11,20,0.08923961944096181
H130,motif_decoy_shuffle_matched_tf_target_degree,external_lung,seed43,target_disjoint,11,21,0.07817685670034658
H130,motif_decoy_shuffle_matched_tf_target_degree,external_lung,seed43,target_disjoint,11,22,0.10834132310642375
H130,motif_decoy_shuffle_matched_tf_target_degree,external_lung,seed43,target_disjoint,11,23,0.09558227007891429
H130,motif_decoy_shuffle_matched_tf_target_degree,immune,seed43,dual_axis_disjoint,11,0,0.0943518518518518
H130,motif_decoy_shuffle_matched_tf_target_degree,immune,seed43,dual_axis_disjoint,11,1,0.08777777777777773
H130,motif_decoy_shuffle_matched_tf_target_degree,immune,seed43,dual_axis_disjoint,11,2,0.08768518518518509
H130,motif_decoy_shuffle_matched_tf_target_degree,immune,seed43,dual_axis_disjoint,11,3,0.0793518518518519
H130,motif_decoy_shuffle_matched_tf_target_degree,immune,seed43,dual_axis_disjoint,11,4,0.08287037037037026
H130,motif_decoy_shuffle_matched_tf_target_degree,immune,seed43,dual_axis_disjoint,11,5,0.09305555555555556
H130,motif_decoy_shuffle_matched_tf_target_degree,immune,seed43,dual_axis_disjoint,11,6,0.07064814814814802
H130,motif_decoy_shuffle_matched_tf_target_degree,immune,seed43,dual_axis_disjoint,11,7,0.08777777777777773
H130,motif_decoy_shuffle_matched_tf_target_degree,immune,seed43,dual_axis_disjoint,11,8,0.0667592592592593
H130,motif_decoy_shuffle_matched_tf_target_degree,immune,seed43,dual_axis_disjoint,11,9,0.0888888888888889
H130,motif_decoy_shuffle_matched_tf_target_degree,immune,seed43,dual_axis_disjoint,11,10,0.07768518518518519
H130,motif_decoy_shuffle_matched_tf_target_degree,immune,seed43,dual_axis_disjoint,11,11,0.059537037037037055
H130,motif_decoy_shuffle_matched_tf_target_degree,immune,seed43,dual_axis_disjoint,11,12,0.09185185185185185
H130,motif_decoy_shuffle_matched_tf_target_degree,immune,seed43,dual_axis_disjoint,11,13,0.09083333333333332
H130,motif_decoy_shuffle_matched_tf_target_degree,immune,seed43,dual_axis_disjoint,11,14,0.08231481481481473
H130,motif_decoy_shuffle_matched_tf_target_degree,immune,seed43,dual_axis_disjoint,11,15,0.06833333333333336
H130,motif_decoy_shuffle_matched_tf_target_degree,immune,seed43,dual_axis_disjoint,11,16,0.06685185185185183
H130,motif_decoy_shuffle_matched_tf_target_degree,immune,seed43,dual_axis_disjoint,11,17,0.09027777777777779
H130,motif_decoy_shuffle_matched_tf_target_degree,immune,seed43,dual_axis_disjoint,11,18,0.08851851851851855
H130,motif_decoy_shuffle_matched_tf_target_degree,immune,seed43,dual_axis_disjoint,11,19,0.08509259259259239
H130,motif_decoy_shuffle_matched_tf_target_degree,immune,seed43,dual_axis_disjoint,11,20,0.08499999999999996
H130,motif_decoy_shuffle_matched_tf_target_degree,immune,seed43,dual_axis_disjoint,11,21,0.08990740740740732
H130,motif_decoy_shuffle_matched_tf_target_degree,immune,seed43,dual_axis_disjoint,11,22,0.08583333333333332
H130,motif_decoy_shuffle_matched_tf_target_degree,immune,seed43,dual_axis_disjoint,11,23,0.10583333333333333
H130,motif_decoy_shuffle_matched_tf_target_degree,immune,seed43,source_disjoint,11,0,0.07837812529263033
H130,motif_decoy_shuffle_matched_tf_target_degree,immune,seed43,source_disjoint,11,1,0.05346942597621507
H130,motif_decoy_shuffle_matched_tf_target_degree,immune,seed43,source_disjoint,11,2,0.07800355838561668
H130,motif_decoy_shuffle_matched_tf_target_degree,immune,seed43,source_disjoint,11,3,0.06367637419234007
H130,motif_decoy_shuffle_matched_tf_target_degree,immune,seed43,source_disjoint,11,4,0.05440584324374942
H130,motif_decoy_shuffle_matched_tf_target_degree,immune,seed43,source_disjoint,11,5,0.06245903174454537
H130,motif_decoy_shuffle_matched_tf_target_degree,immune,seed43,source_disjoint,11,6,0.04335611948684337
H130,motif_decoy_shuffle_matched_tf_target_degree,immune,seed43,source_disjoint,11,7,0.045603520928925945
H130,motif_decoy_shuffle_matched_tf_target_degree,immune,seed43,source_disjoint,11,8,0.0871804476074538
H130,motif_decoy_shuffle_matched_tf_target_degree,immune,seed43,source_disjoint,11,9,0.03324281299747178
H130,motif_decoy_shuffle_matched_tf_target_degree,immune,seed43,source_disjoint,11,10,0.06583013390766923
H130,motif_decoy_shuffle_matched_tf_target_degree,immune,seed43,source_disjoint,11,11,0.07275962168742389
H130,motif_decoy_shuffle_matched_tf_target_degree,immune,seed43,source_disjoint,11,12,0.056653244685832105
H130,motif_decoy_shuffle_matched_tf_target_degree,immune,seed43,source_disjoint,11,13,0.11068452102256776
H130,motif_decoy_shuffle_matched_tf_target_degree,immune,seed43,source_disjoint,11,14,0.06049255548272314
H130,motif_decoy_shuffle_matched_tf_target_degree,immune,seed43,source_disjoint,11,15,0.08231107781627489
H130,motif_decoy_shuffle_matched_tf_target_degree,immune,seed43,source_disjoint,11,16,0.04691450510347417
H130,motif_decoy_shuffle_matched_tf_target_degree,immune,seed43,source_disjoint,11,17,0.06938851952430014
H130,motif_decoy_shuffle_matched_tf_target_degree,immune,seed43,source_disjoint,11,18,0.06826481880325874
H130,motif_decoy_shuffle_matched_tf_target_degree,immune,seed43,source_disjoint,11,19,0.0709804288791086
H130,motif_decoy_shuffle_matched_tf_target_degree,immune,seed43,source_disjoint,11,20,0.08156194400224737
H130,motif_decoy_shuffle_matched_tf_target_degree,immune,seed43,source_disjoint,11,21,0.05262665043543402
H130,motif_decoy_shuffle_matched_tf_target_degree,immune,seed43,source_disjoint,11,22,0.09148796703811224
H130,motif_decoy_shuffle_matched_tf_target_degree,immune,seed43,source_disjoint,11,23,0.08830414832849531
H130,motif_decoy_shuffle_matched_tf_target_degree,immune,seed43,target_disjoint,11,0,0.04784009094353925
H130,motif_decoy_shuffle_matched_tf_target_degree,immune,seed43,target_disjoint,11,1,0.05125047366426683
H130,motif_decoy_shuffle_matched_tf_target_degree,immune,seed43,target_disjoint,11,2,0.025767336112163752
H130,motif_decoy_shuffle_matched_tf_target_degree,immune,seed43,target_disjoint,11,3,0.032682834406972394
H130,motif_decoy_shuffle_matched_tf_target_degree,immune,seed43,target_disjoint,11,4,0.05949223190602504
H130,motif_decoy_shuffle_matched_tf_target_degree,immune,seed43,target_disjoint,11,5,0.025009473285335315
H130,motif_decoy_shuffle_matched_tf_target_degree,immune,seed43,target_disjoint,11,6,0.024156877605153504
H130,motif_decoy_shuffle_matched_tf_target_degree,immune,seed43,target_disjoint,11,7,0.019799166350890518
H130,motif_decoy_shuffle_matched_tf_target_degree,immune,seed43,target_disjoint,11,8,0.03732474422129606
H130,motif_decoy_shuffle_matched_tf_target_degree,immune,seed43,target_disjoint,11,9,0.06384994316028803
H130,motif_decoy_shuffle_matched_tf_target_degree,immune,seed43,target_disjoint,11,10,0.03836680560818495
H130,motif_decoy_shuffle_matched_tf_target_degree,immune,seed43,target_disjoint,11,11,0.04092459264873061
H130,motif_decoy_shuffle_matched_tf_target_degree,immune,seed43,target_disjoint,11,12,0.02832512315270941
H130,motif_decoy_shuffle_matched_tf_target_degree,immune,seed43,target_disjoint,11,13,0.037135278514588865
H130,motif_decoy_shuffle_matched_tf_target_degree,immune,seed43,target_disjoint,11,14,0.03277756726032599
H130,motif_decoy_shuffle_matched_tf_target_degree,immune,seed43,target_disjoint,11,15,0.047934823796892845
H130,motif_decoy_shuffle_matched_tf_target_degree,immune,seed43,target_disjoint,11,16,0.033535430087154317
H130,motif_decoy_shuffle_matched_tf_target_degree,immune,seed43,target_disjoint,11,17,0.06508147025388422
H130,motif_decoy_shuffle_matched_tf_target_degree,immune,seed43,target_disjoint,11,18,0.03741947707464954
H130,motif_decoy_shuffle_matched_tf_target_degree,immune,seed43,target_disjoint,11,19,0.030882910193255064
H130,motif_decoy_shuffle_matched_tf_target_degree,immune,seed43,target_disjoint,11,20,0.06792345585449033
H130,motif_decoy_shuffle_matched_tf_target_degree,immune,seed43,target_disjoint,11,21,0.021409624857900766
H130,motif_decoy_shuffle_matched_tf_target_degree,immune,seed43,target_disjoint,11,22,0.007294429708222916
H130,motif_decoy_shuffle_matched_tf_target_degree,immune,seed43,target_disjoint,11,23,0.038745737021599225
H130,motif_decoy_shuffle_matched_tf_target_degree,lung,seed43,dual_axis_disjoint,11,0,0.1866517940137572
H130,motif_decoy_shuffle_matched_tf_target_degree,lung,seed43,dual_axis_disjoint,11,1,0.15857966164714632
H130,motif_decoy_shuffle_matched_tf_target_degree,lung,seed43,dual_axis_disjoint,11,2,0.149191299498048
H130,motif_decoy_shuffle_matched_tf_target_degree,lung,seed43,dual_axis_disjoint,11,3,0.1639709983268266
H130,motif_decoy_shuffle_matched_tf_target_degree,lung,seed43,dual_axis_disjoint,11,4,0.1901840490797546
H130,motif_decoy_shuffle_matched_tf_target_degree,lung,seed43,dual_axis_disjoint,11,5,0.15644171779141103
H130,motif_decoy_shuffle_matched_tf_target_degree,lung,seed43,dual_axis_disjoint,11,6,0.16899051868377024
H130,motif_decoy_shuffle_matched_tf_target_degree,lung,seed43,dual_axis_disjoint,11,7,0.15207287599925634
H130,motif_decoy_shuffle_matched_tf_target_degree,lung,seed43,dual_axis_disjoint,11,8,0.18944041643428144
H130,motif_decoy_shuffle_matched_tf_target_degree,lung,seed43,dual_axis_disjoint,11,9,0.1570923963562002
H130,motif_decoy_shuffle_matched_tf_target_degree,lung,seed43,dual_axis_disjoint,11,10,0.1390593047034765
H130,motif_decoy_shuffle_matched_tf_target_degree,lung,seed43,dual_axis_disjoint,11,11,0.16992005949061162
H130,motif_decoy_shuffle_matched_tf_target_degree,lung,seed43,dual_axis_disjoint,11,12,0.18962632459564976
H130,motif_decoy_shuffle_matched_tf_target_degree,lung,seed43,dual_axis_disjoint,11,13,0.1470533556423127
H130,motif_decoy_shuffle_matched_tf_target_degree,lung,seed43,dual_axis_disjoint,11,14,0.15207287599925645
H130,motif_decoy_shuffle_matched_tf_target_degree,lung,seed43,dual_axis_disjoint,11,15,0.15988101877672423
H130,motif_decoy_shuffle_matched_tf_target_degree,lung,seed43,dual_axis_disjoint,11,16,0.15783602900167315
H130,motif_decoy_shuffle_matched_tf_target_degree,lung,seed43,dual_axis_disjoint,11,17,0.1347834169920058
H130,motif_decoy_shuffle_matched_tf_target_degree,lung,seed43,dual_axis_disjoint,11,18,0.16118237590630224
H130,motif_decoy_shuffle_matched_tf_target_degree,lung,seed43,dual_axis_disjoint,11,19,0.17280163599182008
H130,motif_decoy_shuffle_matched_tf_target_degree,lung,seed43,dual_axis_disjoint,11,20,0.1492842535787321
H130,motif_decoy_shuffle_matched_tf_target_degree,lung,seed43,dual_axis_disjoint,11,21,0.15077151886967832
H130,motif_decoy_shuffle_matched_tf_target_degree,lung,seed43,dual_axis_disjoint,11,22,0.16248373303588037
H130,motif_decoy_shuffle_matched_tf_target_degree,lung,seed43,dual_axis_disjoint,11,23,0.12009667224391163
H130,motif_decoy_shuffle_matched_tf_target_degree,lung,seed43,source_disjoint,11,0,0.13327721661055003
H130,motif_decoy_shuffle_matched_tf_target_degree,lung,seed43,source_disjoint,11,1,0.12941919191919204
H130,motif_decoy_shuffle_matched_tf_target_degree,lung,seed43,source_disjoint,11,2,0.11405723905723908
H130,motif_decoy_shuffle_matched_tf_target_degree,lung,seed43,source_disjoint,11,3,0.10956790123456794
H130,motif_decoy_shuffle_matched_tf_target_degree,lung,seed43,source_disjoint,11,4,0.11272446689113358
H130,motif_decoy_shuffle_matched_tf_target_degree,lung,seed43,source_disjoint,11,5,0.11335578002244673
H130,motif_decoy_shuffle_matched_tf_target_degree,lung,seed43,source_disjoint,11,6,0.09364478114478114
H130,motif_decoy_shuffle_matched_tf_target_degree,lung,seed43,source_disjoint,11,7,0.10472783389450058
H130,motif_decoy_shuffle_matched_tf_target_degree,lung,seed43,source_disjoint,11,8,0.10872615039281719
H130,motif_decoy_shuffle_matched_tf_target_degree,lung,seed43,source_disjoint,11,9,0.12051066217732886
H130,motif_decoy_shuffle_matched_tf_target_degree,lung,seed43,source_disjoint,11,10,0.11174242424242431
H130,motif_decoy_shuffle_matched_tf_target_degree,lung,seed43,source_disjoint,11,11,0.10676206509539843
H130,motif_decoy_shuffle_matched_tf_target_degree,lung,seed43,source_disjoint,11,12,0.12128226711560053
H130,motif_decoy_shuffle_matched_tf_target_degree,lung,seed43,source_disjoint,11,13,0.11111111111111116
H130,motif_decoy_shuffle_matched_tf_target_degree,lung,seed43,source_disjoint,11,14,0.10129068462401802
H130,motif_decoy_shuffle_matched_tf_target_degree,lung,seed43,source_disjoint,11,15,0.11475869809203154
H130,motif_decoy_shuffle_matched_tf_target_degree,lung,seed43,source_disjoint,11,16,0.10023849607182955
H130,motif_decoy_shuffle_matched_tf_target_degree,lung,seed43,source_disjoint,11,17,0.12521043771043783
H130,motif_decoy_shuffle_matched_tf_target_degree,lung,seed43,source_disjoint,11,18,0.1197390572390572
H130,motif_decoy_shuffle_matched_tf_target_degree,lung,seed43,source_disjoint,11,19,0.12030022446689126
H130,motif_decoy_shuffle_matched_tf_target_degree,lung,seed43,source_disjoint,11,20,0.10732323232323238
H130,motif_decoy_shuffle_matched_tf_target_degree,lung,seed43,source_disjoint,11,21,0.07884399551066235
H130,motif_decoy_shuffle_matched_tf_target_degree,lung,seed43,source_disjoint,11,22,0.07898428731762064
H130,motif_decoy_shuffle_matched_tf_target_degree,lung,seed43,source_disjoint,11,23,0.1277356902356902
H130,motif_decoy_shuffle_matched_tf_target_degree,lung,seed43,target_disjoint,11,0,0.04854124748490951
H130,motif_decoy_shuffle_matched_tf_target_degree,lung,seed43,target_disjoint,11,1,0.054146306409888045
H130,motif_decoy_shuffle_matched_tf_target_degree,lung,seed43,target_disjoint,11,2,0.06585944236849672
H130,motif_decoy_shuffle_matched_tf_target_degree,lung,seed43,target_disjoint,11,3,0.044301523426271916
H130,motif_decoy_shuffle_matched_tf_target_degree,lung,seed43,target_disjoint,11,4,0.05493676343776954
H130,motif_decoy_shuffle_matched_tf_target_degree,lung,seed43,target_disjoint,11,5,0.05249353262431733
H130,motif_decoy_shuffle_matched_tf_target_degree,lung,seed43,target_disjoint,11,6,0.047750790457028014
H130,motif_decoy_shuffle_matched_tf_target_degree,lung,seed43,target_disjoint,11,7,0.04092411612532343
H130,motif_decoy_shuffle_matched_tf_target_degree,lung,seed43,target_disjoint,11,8,0.07027881575165285
H130,motif_decoy_shuffle_matched_tf_target_degree,lung,seed43,target_disjoint,11,9,0.06305691290600768
H130,motif_decoy_shuffle_matched_tf_target_degree,lung,seed43,target_disjoint,11,10,0.041714573153204926
H130,motif_decoy_shuffle_matched_tf_target_degree,lung,seed43,target_disjoint,11,11,0.0703147456165566
H130,motif_decoy_shuffle_matched_tf_target_degree,lung,seed43,target_disjoint,11,12,0.055403851681517624
H130,motif_decoy_shuffle_matched_tf_target_degree,lung,seed43,target_disjoint,11,13,0.046277665995975936
H130,motif_decoy_shuffle_matched_tf_target_degree,lung,seed43,target_disjoint,11,14,0.043726645587812696
H130,motif_decoy_shuffle_matched_tf_target_degree,lung,seed43,target_disjoint,11,15,0.07290169588962347
H130,motif_decoy_shuffle_matched_tf_target_degree,lung,seed43,target_disjoint,11,16,0.06747628628916358
H130,motif_decoy_shuffle_matched_tf_target_degree,lung,seed43,target_disjoint,11,17,0.04541534923828694
H130,motif_decoy_shuffle_matched_tf_target_degree,lung,seed43,target_disjoint,11,18,0.08547714860592126
H130,motif_decoy_shuffle_matched_tf_target_degree,lung,seed43,target_disjoint,11,19,0.04009772923253818
H130,motif_decoy_shuffle_matched_tf_target_degree,lung,seed43,target_disjoint,11,20,0.04918798505317634
H130,motif_decoy_shuffle_matched_tf_target_degree,lung,seed43,target_disjoint,11,21,0.03934320206956021
H130,motif_decoy_shuffle_matched_tf_target_degree,lung,seed43,target_disjoint,11,22,0.05885311871227372
H130,motif_decoy_shuffle_matched_tf_target_degree,lung,seed43,target_disjoint,11,23,0.06636246047714867
H130,motif_decoy_shuffle_matched_tf_target_degree,external_lung,seed44,dual_axis_disjoint,11,0,0.03190883190883187
H130,motif_decoy_shuffle_matched_tf_target_degree,external_lung,seed44,dual_axis_disjoint,11,1,0.010826210826210825
H130,motif_decoy_shuffle_matched_tf_target_degree,external_lung,seed44,dual_axis_disjoint,11,2,0.038062678062678046
H130,motif_decoy_shuffle_matched_tf_target_degree,external_lung,seed44,dual_axis_disjoint,11,3,0.021424501424501474
H130,motif_decoy_shuffle_matched_tf_target_degree,external_lung,seed44,dual_axis_disjoint,11,4,0.03965811965811972
H130,motif_decoy_shuffle_matched_tf_target_degree,external_lung,seed44,dual_axis_disjoint,11,5,0.028262108262108177
H130,motif_decoy_shuffle_matched_tf_target_degree,external_lung,seed44,dual_axis_disjoint,11,6,0.026666666666666727
H130,motif_decoy_shuffle_matched_tf_target_degree,external_lung,seed44,dual_axis_disjoint,11,7,0.0002279202279201753
H130,motif_decoy_shuffle_matched_tf_target_degree,external_lung,seed44,dual_axis_disjoint,11,8,0.015498575498575473
H130,motif_decoy_shuffle_matched_tf_target_degree,external_lung,seed44,dual_axis_disjoint,11,9,0.022678062678062716
H130,motif_decoy_shuffle_matched_tf_target_degree,external_lung,seed44,dual_axis_disjoint,11,10,0.03179487179487184
H130,motif_decoy_shuffle_matched_tf_target_degree,external_lung,seed44,dual_axis_disjoint,11,11,0.03965811965811972
H130,motif_decoy_shuffle_matched_tf_target_degree,external_lung,seed44,dual_axis_disjoint,11,12,0.012649572649572671
H130,motif_decoy_shuffle_matched_tf_target_degree,external_lung,seed44,dual_axis_disjoint,11,13,0.034529914529914496
H130,motif_decoy_shuffle_matched_tf_target_degree,external_lung,seed44,dual_axis_disjoint,11,14,0.041937321937322025
H130,motif_decoy_shuffle_matched_tf_target_degree,external_lung,seed44,dual_axis_disjoint,11,15,0.046267806267806355
H130,motif_decoy_shuffle_matched_tf_target_degree,external_lung,seed44,dual_axis_disjoint,11,16,0.027350427350427364
H130,motif_decoy_shuffle_matched_tf_target_degree,external_lung,seed44,dual_axis_disjoint,11,17,0.02484330484330488
H130,motif_decoy_shuffle_matched_tf_target_degree,external_lung,seed44,dual_axis_disjoint,11,18,0.023817663817663925
H130,motif_decoy_shuffle_matched_tf_target_degree,external_lung,seed44,dual_axis_disjoint,11,19,0.016410256410256507
H130,motif_decoy_shuffle_matched_tf_target_degree,external_lung,seed44,dual_axis_disjoint,11,20,0.03350427350427354
H130,motif_decoy_shuffle_matched_tf_target_degree,external_lung,seed44,dual_axis_disjoint,11,21,0.02005698005698009
H130,motif_decoy_shuffle_matched_tf_target_degree,external_lung,seed44,dual_axis_disjoint,11,22,0.016980056980057
H130,motif_decoy_shuffle_matched_tf_target_degree,external_lung,seed44,dual_axis_disjoint,11,23,0.036467236467236486
H130,motif_decoy_shuffle_matched_tf_target_degree,external_lung,seed44,source_disjoint,11,0,0.051072013676187744
H130,motif_decoy_shuffle_matched_tf_target_degree,external_lung,seed44,source_disjoint,11,1,0.07529026283923357
H130,motif_decoy_shuffle_matched_tf_target_degree,external_lung,seed44,source_disjoint,11,2,0.10435216183488849
H130,motif_decoy_shuffle_matched_tf_target_degree,external_lung,seed44,source_disjoint,11,3,0.08063252368402307
H130,motif_decoy_shuffle_matched_tf_target_degree,external_lung,seed44,source_disjoint,11,4,0.07699978630956628
H130,motif_decoy_shuffle_matched_tf_target_degree,external_lung,seed44,source_disjoint,11,5,0.09017736306004698
H130,motif_decoy_shuffle_matched_tf_target_degree,external_lung,seed44,source_disjoint,11,6,0.07650117529738587
H130,motif_decoy_shuffle_matched_tf_target_degree,external_lung,seed44,source_disjoint,11,7,0.06909324025927777
H130,motif_decoy_shuffle_matched_tf_target_degree,external_lung,seed44,source_disjoint,11,8,0.08469264192606307
H130,motif_decoy_shuffle_matched_tf_target_degree,external_lung,seed44,source_disjoint,11,9,0.07956407151506517
H130,motif_decoy_shuffle_matched_tf_target_degree,external_lung,seed44,source_disjoint,11,10,0.08269819787734167
H130,motif_decoy_shuffle_matched_tf_target_degree,external_lung,seed44,source_disjoint,11,11,0.05883609943728174
H130,motif_decoy_shuffle_matched_tf_target_degree,external_lung,seed44,source_disjoint,11,12,0.07009046228363836
H130,motif_decoy_shuffle_matched_tf_target_degree,external_lung,seed44,source_disjoint,11,13,0.07935038108127368
H130,motif_decoy_shuffle_matched_tf_target_degree,external_lung,seed44,source_disjoint,11,14,0.08198589643136978
H130,motif_decoy_shuffle_matched_tf_target_degree,external_lung,seed44,source_disjoint,11,15,0.08105990455160617
H130,motif_decoy_shuffle_matched_tf_target_degree,external_lung,seed44,source_disjoint,11,16,0.07514780255003917
H130,motif_decoy_shuffle_matched_tf_target_degree,external_lung,seed44,source_disjoint,11,17,0.08476387207066016
H130,motif_decoy_shuffle_matched_tf_target_degree,external_lung,seed44,source_disjoint,11,18,0.07935038108127357
H130,motif_decoy_shuffle_matched_tf_target_degree,external_lung,seed44,source_disjoint,11,19,0.05256784671272885
H130,motif_decoy_shuffle_matched_tf_target_degree,external_lung,seed44,source_disjoint,11,20,0.08426526105847998
H130,motif_decoy_shuffle_matched_tf_target_degree,external_lung,seed44,source_disjoint,11,21,0.09331148942232348
H130,motif_decoy_shuffle_matched_tf_target_degree,external_lung,seed44,source_disjoint,11,22,0.07607379442980267
H130,motif_decoy_shuffle_matched_tf_target_degree,external_lung,seed44,source_disjoint,11,23,0.07657240544198307
H130,motif_decoy_shuffle_matched_tf_target_degree,external_lung,seed44,target_disjoint,11,0,0.06170428240740733
H130,motif_decoy_shuffle_matched_tf_target_degree,external_lung,seed44,target_disjoint,11,1,0.06669560185185175
H130,motif_decoy_shuffle_matched_tf_target_degree,external_lung,seed44,target_disjoint,11,2,0.05201099537037024
H130,motif_decoy_shuffle_matched_tf_target_degree,external_lung,seed44,target_disjoint,11,3,0.07103587962962943
H130,motif_decoy_shuffle_matched_tf_target_degree,external_lung,seed44,target_disjoint,11,4,0.076171875
H130,motif_decoy_shuffle_matched_tf_target_degree,external_lung,seed44,target_disjoint,11,5,0.07168692129629628
H130,motif_decoy_shuffle_matched_tf_target_degree,external_lung,seed44,target_disjoint,11,6,0.07045717592592582
H130,motif_decoy_shuffle_matched_tf_target_degree,external_lung,seed44,target_disjoint,11,7,0.07646122685185175
H130,motif_decoy_shuffle_matched_tf_target_degree,external_lung,seed44,target_disjoint,11,8,0.06532118055555547
H130,motif_decoy_shuffle_matched_tf_target_degree,external_lung,seed44,target_disjoint,11,9,0.06944444444444453
H130,motif_decoy_shuffle_matched_tf_target_degree,external_lung,seed44,target_disjoint,11,10,0.07219328703703698
H130,motif_decoy_shuffle_matched_tf_target_degree,external_lung,seed44,target_disjoint,11,11,0.07812499999999989
H130,motif_decoy_shuffle_matched_tf_target_degree,external_lung,seed44,target_disjoint,11,12,0.06698495370370361
H130,motif_decoy_shuffle_matched_tf_target_degree,external_lung,seed44,target_disjoint,11,13,0.07559317129629628
H130,motif_decoy_shuffle_matched_tf_target_degree,external_lung,seed44,target_disjoint,11,14,0.05678530092592582
H130,motif_decoy_shuffle_matched_tf_target_degree,external_lung,seed44,target_disjoint,11,15,0.07125289351851849
H130,motif_decoy_shuffle_matched_tf_target_degree,external_lung,seed44,target_disjoint,11,16,0.05049189814814814
H130,motif_decoy_shuffle_matched_tf_target_degree,external_lung,seed44,target_disjoint,11,17,0.07638888888888884
H130,motif_decoy_shuffle_matched_tf_target_degree,external_lung,seed44,target_disjoint,11,18,0.08521412037037035
H130,motif_decoy_shuffle_matched_tf_target_degree,external_lung,seed44,target_disjoint,11,19,0.06756365740740744
H130,motif_decoy_shuffle_matched_tf_target_degree,external_lung,seed44,target_disjoint,11,20,0.06430844907407407
H130,motif_decoy_shuffle_matched_tf_target_degree,external_lung,seed44,target_disjoint,11,21,0.07154224537037035
H130,motif_decoy_shuffle_matched_tf_target_degree,external_lung,seed44,target_disjoint,11,22,0.07703993055555547
H130,motif_decoy_shuffle_matched_tf_target_degree,external_lung,seed44,target_disjoint,11,23,0.07812499999999989
H130,motif_decoy_shuffle_matched_tf_target_degree,immune,seed44,dual_axis_disjoint,11,0,0.03912466843501328
H130,motif_decoy_shuffle_matched_tf_target_degree,immune,seed44,dual_axis_disjoint,11,1,0.05702917771883298
H130,motif_decoy_shuffle_matched_tf_target_degree,immune,seed44,dual_axis_disjoint,11,2,0.03306176582038656
H130,motif_decoy_shuffle_matched_tf_target_degree,immune,seed44,dual_axis_disjoint,11,3,0.04821902235695352
H130,motif_decoy_shuffle_matched_tf_target_degree,immune,seed44,dual_axis_disjoint,11,4,0.05390299355816608
H130,motif_decoy_shuffle_matched_tf_target_degree,immune,seed44,dual_axis_disjoint,11,5,0.051724137931034586
H130,motif_decoy_shuffle_matched_tf_target_degree,immune,seed44,dual_axis_disjoint,11,6,0.018378173550587462
H130,motif_decoy_shuffle_matched_tf_target_degree,immune,seed44,dual_axis_disjoint,11,7,0.04130352406214477
H130,motif_decoy_shuffle_matched_tf_target_degree,immune,seed44,dual_axis_disjoint,11,8,0.02804092459264884
H130,motif_decoy_shuffle_matched_tf_target_degree,immune,seed44,dual_axis_disjoint,11,9,0.054471390678287324
H130,motif_decoy_shuffle_matched_tf_target_degree,immune,seed44,dual_axis_disjoint,11,10,0.051061007957559745
H130,motif_decoy_shuffle_matched_tf_target_degree,immune,seed44,dual_axis_disjoint,11,11,0.03997726411519531
H130,motif_decoy_shuffle_matched_tf_target_degree,immune,seed44,dual_axis_disjoint,11,12,0.04026146267525588
H130,motif_decoy_shuffle_matched_tf_target_degree,immune,seed44,dual_axis_disjoint,11,13,0.023209549071618096
H130,motif_decoy_shuffle_matched_tf_target_degree,immune,seed44,dual_axis_disjoint,11,14,0.048124289503599926
H130,motif_decoy_shuffle_matched_tf_target_degree,immune,seed44,dual_axis_disjoint,11,15,0.020935960591133007
H130,motif_decoy_shuffle_matched_tf_target_degree,immune,seed44,dual_axis_disjoint,11,16,0.04774535809018576
H130,motif_decoy_shuffle_matched_tf_target_degree,immune,seed44,dual_axis_disjoint,11,17,0.06271314892004554
H130,motif_decoy_shuffle_matched_tf_target_degree,immune,seed44,dual_axis_disjoint,11,18,0.05702917771883298
H130,motif_decoy_shuffle_matched_tf_target_degree,immune,seed44,dual_axis_disjoint,11,19,0.04509283819628662
H130,motif_decoy_shuffle_matched_tf_target_degree,immune,seed44,dual_axis_disjoint,11,20,0.03097764304660866
H130,motif_decoy_shuffle_matched_tf_target_degree,immune,seed44,dual_axis_disjoint,11,21,0.036472148541114136
H130,motif_decoy_shuffle_matched_tf_target_degree,immune,seed44,dual_axis_disjoint,11,22,0.031072375899962146
H130,motif_decoy_shuffle_matched_tf_target_degree,immune,seed44,dual_axis_disjoint,11,23,0.052197802197802234
H130,motif_decoy_shuffle_matched_tf_target_degree,immune,seed44,source_disjoint,11,0,0.12341979586103557
H130,motif_decoy_shuffle_matched_tf_target_degree,immune,seed44,source_disjoint,11,1,0.12903829946624212
H130,motif_decoy_shuffle_matched_tf_target_degree,immune,seed44,source_disjoint,11,2,0.12285794550051499
H130,motif_decoy_shuffle_matched_tf_target_degree,immune,seed44,source_disjoint,11,3,0.10703249367918344
H130,motif_decoy_shuffle_matched_tf_target_degree,immune,seed44,source_disjoint,11,4,0.14308455847925827
H130,motif_decoy_shuffle_matched_tf_target_degree,immune,seed44,source_disjoint,11,5,0.11227643037737622
H130,motif_decoy_shuffle_matched_tf_target_degree,immune,seed44,source_disjoint,11,6,0.10974810375503319
H130,motif_decoy_shuffle_matched_tf_target_degree,immune,seed44,source_disjoint,11,7,0.1074070605861972
H130,motif_decoy_shuffle_matched_tf_target_degree,immune,seed44,source_disjoint,11,8,0.1146174735462121
H130,motif_decoy_shuffle_matched_tf_target_degree,immune,seed44,source_disjoint,11,9,0.11686487498829468
H130,motif_decoy_shuffle_matched_tf_target_degree,immune,seed44,source_disjoint,11,10,0.13943253113587406
H130,motif_decoy_shuffle_matched_tf_target_degree,immune,seed44,source_disjoint,11,11,0.11705215844180161
H130,motif_decoy_shuffle_matched_tf_target_degree,immune,seed44,source_disjoint,11,12,0.12032961887817217
H130,motif_decoy_shuffle_matched_tf_target_degree,immune,seed44,source_disjoint,11,13,0.11986141024440478
H130,motif_decoy_shuffle_matched_tf_target_degree,immune,seed44,source_disjoint,11,14,0.11986141024440489
H130,motif_decoy_shuffle_matched_tf_target_degree,immune,seed44,source_disjoint,11,15,0.10469145051034734
H130,motif_decoy_shuffle_matched_tf_target_degree,immune,seed44,source_disjoint,11,16,0.11527296563348621
H130,motif_decoy_shuffle_matched_tf_target_degree,immune,seed44,source_disjoint,11,17,0.13287761026313327
H130,motif_decoy_shuffle_matched_tf_target_degree,immune,seed44,source_disjoint,11,18,0.1127446390111434
H130,motif_decoy_shuffle_matched_tf_target_degree,immune,seed44,source_disjoint,11,19,0.14523831819458755
H130,motif_decoy_shuffle_matched_tf_target_degree,immune,seed44,source_disjoint,11,20,0.11620938290102056
H130,motif_decoy_shuffle_matched_tf_target_degree,immune,seed44,source_disjoint,11,21,0.09804288791085303
H130,motif_decoy_shuffle_matched_tf_target_degree,immune,seed44,source_disjoint,11,22,0.13531229515872267
H130,motif_decoy_shuffle_matched_tf_target_degree,immune,seed44,source_disjoint,11,23,0.12688453975091296
H130,motif_decoy_shuffle_matched_tf_target_degree,immune,seed44,target_disjoint,11,0,0.04461917392951875
H130,motif_decoy_shuffle_matched_tf_target_degree,immune,seed44,target_disjoint,11,1,0.07749147404319823
H130,motif_decoy_shuffle_matched_tf_target_degree,immune,seed44,target_disjoint,11,2,0.0809018567639258
H130,motif_decoy_shuffle_matched_tf_target_degree,immune,seed44,target_disjoint,11,3,0.09283819628647216
H130,motif_decoy_shuffle_matched_tf_target_degree,immune,seed44,target_disjoint,11,4,0.07910193255020836
H130,motif_decoy_shuffle_matched_tf_target_degree,immune,seed44,target_disjoint,11,5,0.08412277377794619
H130,motif_decoy_shuffle_matched_tf_target_degree,immune,seed44,target_disjoint,11,6,0.074649488442592
H130,motif_decoy_shuffle_matched_tf_target_degree,immune,seed44,target_disjoint,11,7,0.06129215611974226
H130,motif_decoy_shuffle_matched_tf_target_degree,immune,seed44,target_disjoint,11,8,0.06536566881394468
H130,motif_decoy_shuffle_matched_tf_target_degree,immune,seed44,target_disjoint,11,9,0.06555513452065176
H130,motif_decoy_shuffle_matched_tf_target_degree,immune,seed44,target_disjoint,11,10,0.06858658582796506
H130,motif_decoy_shuffle_matched_tf_target_degree,immune,seed44,target_disjoint,11,11,0.0745547555892383
H130,motif_decoy_shuffle_matched_tf_target_degree,immune,seed44,target_disjoint,11,12,0.09577491474043198
H130,motif_decoy_shuffle_matched_tf_target_degree,immune,seed44,target_disjoint,11,13,0.07048124289503599
H130,motif_decoy_shuffle_matched_tf_target_degree,immune,seed44,target_disjoint,11,14,0.07502841985600617
H130,motif_decoy_shuffle_matched_tf_target_degree,immune,seed44,target_disjoint,11,15,0.06366047745358094
H130,motif_decoy_shuffle_matched_tf_target_degree,immune,seed44,target_disjoint,11,16,0.07607048124289495
H130,motif_decoy_shuffle_matched_tf_target_degree,immune,seed44,target_disjoint,11,17,0.07673361121636979
H130,motif_decoy_shuffle_matched_tf_target_degree,immune,seed44,target_disjoint,11,18,0.0788177339901478
H130,motif_decoy_shuffle_matched_tf_target_degree,immune,seed44,target_disjoint,11,19,0.06858658582796506
H130,motif_decoy_shuffle_matched_tf_target_degree,immune,seed44,target_disjoint,11,20,0.08677529367184533
H130,motif_decoy_shuffle_matched_tf_target_degree,immune,seed44,target_disjoint,11,21,0.054850322091701376
H130,motif_decoy_shuffle_matched_tf_target_degree,immune,seed44,target_disjoint,11,22,0.09378552482000757
H130,motif_decoy_shuffle_matched_tf_target_degree,immune,seed44,target_disjoint,11,23,0.06422887457370219
H130,motif_decoy_shuffle_matched_tf_target_degree,lung,seed44,dual_axis_disjoint,11,0,0.11409827630563418
H130,motif_decoy_shuffle_matched_tf_target_degree,lung,seed44,dual_axis_disjoint,11,1,0.10895291998970913
H130,motif_decoy_shuffle_matched_tf_target_degree,lung,seed44,dual_axis_disjoint,11,2,0.11268330331875465
H130,motif_decoy_shuffle_matched_tf_target_degree,lung,seed44,dual_axis_disjoint,11,3,0.09416002058142514
H130,motif_decoy_shuffle_matched_tf_target_degree,lung,seed44,dual_axis_disjoint,11,4,0.0821970671468999
H130,motif_decoy_shuffle_matched_tf_target_degree,lung,seed44,dual_axis_disjoint,11,5,0.10586570620015423
H130,motif_decoy_shuffle_matched_tf_target_degree,lung,seed44,dual_axis_disjoint,11,6,0.1317211216876768
H130,motif_decoy_shuffle_matched_tf_target_degree,lung,seed44,dual_axis_disjoint,11,7,0.09493182402881395
H130,motif_decoy_shuffle_matched_tf_target_degree,lung,seed44,dual_axis_disjoint,11,8,0.12065860560843822
H130,motif_decoy_shuffle_matched_tf_target_degree,lung,seed44,dual_axis_disjoint,11,9,0.09673269873938761
H130,motif_decoy_shuffle_matched_tf_target_degree,lung,seed44,dual_axis_disjoint,11,10,0.09544635966040638
H130,motif_decoy_shuffle_matched_tf_target_degree,lung,seed44,dual_axis_disjoint,11,11,0.10316439413429379
H130,motif_decoy_shuffle_matched_tf_target_degree,lung,seed44,dual_axis_disjoint,11,12,0.11049652688448663
H130,motif_decoy_shuffle_matched_tf_target_degree,lung,seed44,dual_axis_disjoint,11,13,0.11345510676614345
H130,motif_decoy_shuffle_matched_tf_target_degree,lung,seed44,dual_axis_disjoint,11,14,0.08296887059428859
H130,motif_decoy_shuffle_matched_tf_target_degree,lung,seed44,dual_axis_disjoint,11,15,0.1022639567790069
H130,motif_decoy_shuffle_matched_tf_target_degree,lung,seed44,dual_axis_disjoint,11,16,0.11294057113455103
H130,motif_decoy_shuffle_matched_tf_target_degree,lung,seed44,dual_axis_disjoint,11,17,0.12426035502958577
H130,motif_decoy_shuffle_matched_tf_target_degree,lung,seed44,dual_axis_disjoint,11,18,0.1131978389503473
H130,motif_decoy_shuffle_matched_tf_target_degree,lung,seed44,dual_axis_disjoint,11,19,0.09724723437098015
H130,motif_decoy_shuffle_matched_tf_target_degree,lung,seed44,dual_axis_disjoint,11,20,0.10560843838435807
H130,motif_decoy_shuffle_matched_tf_target_degree,lung,seed44,dual_axis_disjoint,11,21,0.12104450733213268
H130,motif_decoy_shuffle_matched_tf_target_degree,lung,seed44,dual_axis_disjoint,11,22,0.10573707229225615
H130,motif_decoy_shuffle_matched_tf_target_degree,lung,seed44,dual_axis_disjoint,11,23,0.12516079238487254
H130,motif_decoy_shuffle_matched_tf_target_degree,lung,seed44,source_disjoint,11,0,0.06549082987843446
H130,motif_decoy_shuffle_matched_tf_target_degree,lung,seed44,source_disjoint,11,1,0.06780971119387258
H130,motif_decoy_shuffle_matched_tf_target_degree,lung,seed44,source_disjoint,11,2,0.09366875131754626
H130,motif_decoy_shuffle_matched_tf_target_degree,lung,seed44,source_disjoint,11,3,0.08699318389431532
H130,motif_decoy_shuffle_matched_tf_target_degree,lung,seed44,source_disjoint,11,4,0.08748506780971121
H130,motif_decoy_shuffle_matched_tf_target_degree,lung,seed44,source_disjoint,11,5,0.07005832337853979
H130,motif_decoy_shuffle_matched_tf_target_degree,lung,seed44,source_disjoint,11,6,0.08896071955589913
H130,motif_decoy_shuffle_matched_tf_target_degree,lung,seed44,source_disjoint,11,7,0.05206942590120167
H130,motif_decoy_shuffle_matched_tf_target_degree,lung,seed44,source_disjoint,11,8,0.06802051858618507
H130,motif_decoy_shuffle_matched_tf_target_degree,lung,seed44,source_disjoint,11,9,0.0711826294708735
H130,motif_decoy_shuffle_matched_tf_target_degree,lung,seed44,source_disjoint,11,10,0.05473965287049398
H130,motif_decoy_shuffle_matched_tf_target_degree,lung,seed44,source_disjoint,11,11,0.061766565947579455
H130,motif_decoy_shuffle_matched_tf_target_degree,lung,seed44,source_disjoint,11,12,0.06766917293233088
H130,motif_decoy_shuffle_matched_tf_target_degree,lung,seed44,source_disjoint,11,13,0.08664183824046101
H130,motif_decoy_shuffle_matched_tf_target_degree,lung,seed44,source_disjoint,11,14,0.0685124025015812
H130,motif_decoy_shuffle_matched_tf_target_degree,lung,seed44,source_disjoint,11,15,0.06977724685545639
H130,motif_decoy_shuffle_matched_tf_target_degree,lung,seed44,source_disjoint,11,16,0.07785819689410445
H130,motif_decoy_shuffle_matched_tf_target_degree,lung,seed44,source_disjoint,11,17,0.07771765863256275
H130,motif_decoy_shuffle_matched_tf_target_degree,lung,seed44,source_disjoint,11,18,0.07307989600168652
H130,motif_decoy_shuffle_matched_tf_target_degree,lung,seed44,source_disjoint,11,19,0.0711826294708735
H130,motif_decoy_shuffle_matched_tf_target_degree,lung,seed44,source_disjoint,11,20,0.05523153678588988
H130,motif_decoy_shuffle_matched_tf_target_degree,lung,seed44,source_disjoint,11,21,0.07877169559412556
H130,motif_decoy_shuffle_matched_tf_target_degree,lung,seed44,source_disjoint,11,22,0.06752863467078918
H130,motif_decoy_shuffle_matched_tf_target_degree,lung,seed44,source_disjoint,11,23,0.08319865083268929
H130,motif_decoy_shuffle_matched_tf_target_degree,lung,seed44,target_disjoint,11,0,0.09029583304054545
H130,motif_decoy_shuffle_matched_tf_target_degree,lung,seed44,target_disjoint,11,1,0.08530672475581491
H130,motif_decoy_shuffle_matched_tf_target_degree,lung,seed44,target_disjoint,11,2,0.05762068723209901
H130,motif_decoy_shuffle_matched_tf_target_degree,lung,seed44,target_disjoint,11,3,0.09387955870985876
H130,motif_decoy_shuffle_matched_tf_target_degree,lung,seed44,target_disjoint,11,4,0.07820954254795875
H130,motif_decoy_shuffle_matched_tf_target_degree,lung,seed44,target_disjoint,11,5,0.09830651394842238
H130,motif_decoy_shuffle_matched_tf_target_degree,lung,seed44,target_disjoint,11,6,0.08734452954816951
H130,motif_decoy_shuffle_matched_tf_target_degree,lung,seed44,target_disjoint,11,7,0.07849061907104216
H130,motif_decoy_shuffle_matched_tf_target_degree,lung,seed44,target_disjoint,11,8,0.08333918909423099
H130,motif_decoy_shuffle_matched_tf_target_degree,lung,seed44,target_disjoint,11,9,0.0744150094863325
H130,motif_decoy_shuffle_matched_tf_target_degree,lung,seed44,target_disjoint,11,10,0.08776614433279462
H130,motif_decoy_shuffle_matched_tf_target_degree,lung,seed44,target_disjoint,11,11,0.084744571709648
H130,motif_decoy_shuffle_matched_tf_target_degree,lung,seed44,target_disjoint,11,12,0.08952287260206582
H130,motif_decoy_shuffle_matched_tf_target_degree,lung,seed44,target_disjoint,11,13,0.09310659827137935
H130,motif_decoy_shuffle_matched_tf_target_degree,lung,seed44,target_disjoint,11,14,0.08734452954816951
H130,motif_decoy_shuffle_matched_tf_target_degree,lung,seed44,target_disjoint,11,15,0.08137165343264707
H130,motif_decoy_shuffle_matched_tf_target_degree,lung,seed44,target_disjoint,11,16,0.09078771695594134
H130,motif_decoy_shuffle_matched_tf_target_degree,lung,seed44,target_disjoint,11,17,0.08228515213266807
H130,motif_decoy_shuffle_matched_tf_target_degree,lung,seed44,target_disjoint,11,18,0.09134987000210815
H130,motif_decoy_shuffle_matched_tf_target_degree,lung,seed44,target_disjoint,11,19,0.07188532077858201
H130,motif_decoy_shuffle_matched_tf_target_degree,lung,seed44,target_disjoint,11,20,0.09423090436371306
H130,motif_decoy_shuffle_matched_tf_target_degree,lung,seed44,target_disjoint,11,21,0.08137165343264707
H130,motif_decoy_shuffle_matched_tf_target_degree,lung,seed44,target_disjoint,11,22,0.0857283395404399
H130,motif_decoy_shuffle_matched_tf_target_degree,lung,seed44,target_disjoint,11,23,0.084744571709648
H130,string_confidence_bin_permutation_within_degree_strata,external_lung,seed42_main,dual_axis_disjoint,11,0,0.1286250000000002
H130,string_confidence_bin_permutation_within_degree_strata,external_lung,seed42_main,dual_axis_disjoint,11,1,0.13775000000000015
H130,string_confidence_bin_permutation_within_degree_strata,external_lung,seed42_main,dual_axis_disjoint,11,2,0.14300000000000002
H130,string_confidence_bin_permutation_within_degree_strata,external_lung,seed42_main,dual_axis_disjoint,11,3,0.12424999999999997
H130,string_confidence_bin_permutation_within_degree_strata,external_lung,seed42_main,dual_axis_disjoint,11,4,0.13712500000000005
H130,string_confidence_bin_permutation_within_degree_strata,external_lung,seed42_main,dual_axis_disjoint,11,5,0.1280000000000001
H130,string_confidence_bin_permutation_within_degree_strata,external_lung,seed42_main,dual_axis_disjoint,11,6,0.12850000000000017
H130,string_confidence_bin_permutation_within_degree_strata,external_lung,seed42_main,dual_axis_disjoint,11,7,0.13274999999999992
H130,string_confidence_bin_permutation_within_degree_strata,external_lung,seed42_main,dual_axis_disjoint,11,8,0.12875000000000003
H130,string_confidence_bin_permutation_within_degree_strata,external_lung,seed42_main,dual_axis_disjoint,11,9,0.12912500000000005
H130,string_confidence_bin_permutation_within_degree_strata,external_lung,seed42_main,dual_axis_disjoint,11,10,0.1266250000000001
H130,string_confidence_bin_permutation_within_degree_strata,external_lung,seed42_main,dual_axis_disjoint,11,11,0.12149999999999994
H130,string_confidence_bin_permutation_within_degree_strata,external_lung,seed42_main,dual_axis_disjoint,11,12,0.132
H130,string_confidence_bin_permutation_within_degree_strata,external_lung,seed42_main,dual_axis_disjoint,11,13,0.12312500000000004
H130,string_confidence_bin_permutation_within_degree_strata,external_lung,seed42_main,dual_axis_disjoint,11,14,0.13100000000000012
H130,string_confidence_bin_permutation_within_degree_strata,external_lung,seed42_main,dual_axis_disjoint,11,15,0.13024999999999998
H130,string_confidence_bin_permutation_within_degree_strata,external_lung,seed42_main,dual_axis_disjoint,11,16,0.13512500000000016
H130,string_confidence_bin_permutation_within_degree_strata,external_lung,seed42_main,dual_axis_disjoint,11,17,0.13412500000000005
H130,string_confidence_bin_permutation_within_degree_strata,external_lung,seed42_main,dual_axis_disjoint,11,18,0.12187500000000007
H130,string_confidence_bin_permutation_within_degree_strata,external_lung,seed42_main,dual_axis_disjoint,11,19,0.1382500000000001
H130,string_confidence_bin_permutation_within_degree_strata,external_lung,seed42_main,dual_axis_disjoint,11,20,0.1292500000000001
H130,string_confidence_bin_permutation_within_degree_strata,external_lung,seed42_main,dual_axis_disjoint,11,21,0.1270000000000001
H130,string_confidence_bin_permutation_within_degree_strata,external_lung,seed42_main,dual_axis_disjoint,11,22,0.13587500000000008
H130,string_confidence_bin_permutation_within_degree_strata,external_lung,seed42_main,dual_axis_disjoint,11,23,0.13812500000000016
H130,string_confidence_bin_permutation_within_degree_strata,external_lung,seed42_main,source_disjoint,11,0,0.17526285876669512
H130,string_confidence_bin_permutation_within_degree_strata,external_lung,seed42_main,source_disjoint,11,1,0.1599175902244956
H130,string_confidence_bin_permutation_within_degree_strata,external_lung,seed42_main,source_disjoint,11,2,0.1684427394146064
H130,string_confidence_bin_permutation_within_degree_strata,external_lung,seed42_main,source_disjoint,11,3,0.16659562375674908
H130,string_confidence_bin_permutation_within_degree_strata,external_lung,seed42_main,source_disjoint,11,4,0.17476555839727215
H130,string_confidence_bin_permutation_within_degree_strata,external_lung,seed42_main,source_disjoint,11,5,0.17185279909065077
H130,string_confidence_bin_permutation_within_degree_strata,external_lung,seed42_main,source_disjoint,11,6,0.1552998010798522
H130,string_confidence_bin_permutation_within_degree_strata,external_lung,seed42_main,source_disjoint,11,7,0.17803353225348106
H130,string_confidence_bin_permutation_within_degree_strata,external_lung,seed42_main,source_disjoint,11,8,0.1784597897129867
H130,string_confidence_bin_permutation_within_degree_strata,external_lung,seed42_main,source_disjoint,11,9,0.1727763569195795
H130,string_confidence_bin_permutation_within_degree_strata,external_lung,seed42_main,source_disjoint,11,10,0.16567206592782058
H130,string_confidence_bin_permutation_within_degree_strata,external_lung,seed42_main,source_disjoint,11,11,0.16396703608979823
H130,string_confidence_bin_permutation_within_degree_strata,external_lung,seed42_main,source_disjoint,11,12,0.16368286445012792
H130,string_confidence_bin_permutation_within_degree_strata,external_lung,seed42_main,source_disjoint,11,13,0.17000568343279354
H130,string_confidence_bin_permutation_within_degree_strata,external_lung,seed42_main,source_disjoint,11,14,0.1729184427394147
H130,string_confidence_bin_permutation_within_degree_strata,external_lung,seed42_main,source_disjoint,11,15,0.16460642227905653
H130,string_confidence_bin_permutation_within_degree_strata,external_lung,seed42_main,source_disjoint,11,16,0.1730605285592498
H130,string_confidence_bin_permutation_within_degree_strata,external_lung,seed42_main,source_disjoint,11,17,0.15934924694515484
H130,string_confidence_bin_permutation_within_degree_strata,external_lung,seed42_main,source_disjoint,11,18,0.1683006535947713
H130,string_confidence_bin_permutation_within_degree_strata,external_lung,seed42_main,source_disjoint,11,19,0.17334470019892023
H130,string_confidence_bin_permutation_within_degree_strata,external_lung,seed42_main,source_disjoint,11,20,0.16382495026996313
H130,string_confidence_bin_permutation_within_degree_strata,external_lung,seed42_main,source_disjoint,11,21,0.16851378232452396
H130,string_confidence_bin_permutation_within_degree_strata,external_lung,seed42_main,source_disjoint,11,22,0.1689400397840296
H130,string_confidence_bin_permutation_within_degree_strata,external_lung,seed42_main,source_disjoint,11,23,0.15430520034100603
H130,string_confidence_bin_permutation_within_degree_strata,external_lung,seed42_main,target_disjoint,11,0,0.10812006785161155
H130,string_confidence_bin_permutation_within_degree_strata,external_lung,seed42_main,target_disjoint,11,1,0.08960837819898226
H130,string_confidence_bin_permutation_within_degree_strata,external_lung,seed42_main,target_disjoint,11,2,0.10590751530348852
H130,string_confidence_bin_permutation_within_degree_strata,external_lung,seed42_main,target_disjoint,11,3,0.10465373552621893
H130,string_confidence_bin_permutation_within_degree_strata,external_lung,seed42_main,target_disjoint,11,4,0.10966885463529763
H130,string_confidence_bin_permutation_within_degree_strata,external_lung,seed42_main,target_disjoint,11,5,0.10059738918799321
H130,string_confidence_bin_permutation_within_degree_strata,external_lung,seed42_main,target_disjoint,11,6,0.10893133711925662
H130,string_confidence_bin_permutation_within_degree_strata,external_lung,seed42_main,target_disjoint,11,7,0.10155616195884665
H130,string_confidence_bin_permutation_within_degree_strata,external_lung,seed42_main,target_disjoint,11,8,0.10539125304225994
H130,string_confidence_bin_permutation_within_degree_strata,external_lung,seed42_main,target_disjoint,11,9,0.09263220001475048
H130,string_confidence_bin_permutation_within_degree_strata,external_lung,seed42_main,target_disjoint,11,10,0.10096614794601377
H130,string_confidence_bin_permutation_within_degree_strata,external_lung,seed42_main,target_disjoint,11,11,0.10207242422007523
H130,string_confidence_bin_permutation_within_degree_strata,external_lung,seed42_main,target_disjoint,11,12,0.1019249207168671
H130,string_confidence_bin_permutation_within_degree_strata,external_lung,seed42_main,target_disjoint,11,13,0.10229367947488766
H130,string_confidence_bin_permutation_within_degree_strata,external_lung,seed42_main,target_disjoint,11,14,0.10539125304225982
H130,string_confidence_bin_permutation_within_degree_strata,external_lung,seed42_main,target_disjoint,11,15,0.1059812670550927
H130,string_confidence_bin_permutation_within_degree_strata,external_lung,seed42_main,target_disjoint,11,16,0.09794232613024567
H130,string_confidence_bin_permutation_within_degree_strata,external_lung,seed42_main,target_disjoint,11,17,0.10126115495243015
H130,string_confidence_bin_permutation_within_degree_strata,external_lung,seed42_main,target_disjoint,11,18,0.0971310568626006
H130,string_confidence_bin_permutation_within_degree_strata,external_lung,seed42_main,target_disjoint,11,19,0.09808982963345392
H130,string_confidence_bin_permutation_within_degree_strata,external_lung,seed42_main,target_disjoint,11,20,0.105465004793864
H130,string_confidence_bin_permutation_within_degree_strata,external_lung,seed42_main,target_disjoint,11,21,0.10347370750055318
H130,string_confidence_bin_permutation_within_degree_strata,external_lung,seed42_main,target_disjoint,11,22,0.09867984364628668
H130,string_confidence_bin_permutation_within_degree_strata,external_lung,seed42_main,target_disjoint,11,23,0.11055387565454688
H130,string_confidence_bin_permutation_within_degree_strata,immune,seed42_main,dual_axis_disjoint,11,0,0.1325312618416068
H130,string_confidence_bin_permutation_within_degree_strata,immune,seed42_main,dual_axis_disjoint,11,1,0.13992042440318309
H130,string_confidence_bin_permutation_within_degree_strata,immune,seed42_main,dual_axis_disjoint,11,2,0.1355627131489201
H130,string_confidence_bin_permutation_within_degree_strata,immune,seed42_main,dual_axis_disjoint,11,3,0.13783630162940508
H130,string_confidence_bin_permutation_within_degree_strata,immune,seed42_main,dual_axis_disjoint,11,4,0.1398256915498295
H130,string_confidence_bin_permutation_within_degree_strata,immune,seed42_main,dual_axis_disjoint,11,5,0.13613111026904134
H130,string_confidence_bin_permutation_within_degree_strata,immune,seed42_main,dual_axis_disjoint,11,6,0.13073133762788935
H130,string_confidence_bin_permutation_within_degree_strata,immune,seed42_main,dual_axis_disjoint,11,7,0.13992042440318309
H130,string_confidence_bin_permutation_within_degree_strata,immune,seed42_main,dual_axis_disjoint,11,8,0.13802576733611216
H130,string_confidence_bin_permutation_within_degree_strata,immune,seed42_main,dual_axis_disjoint,11,9,0.14020462296324365
H130,string_confidence_bin_permutation_within_degree_strata,immune,seed42_main,dual_axis_disjoint,11,10,0.1312997347480107
H130,string_confidence_bin_permutation_within_degree_strata,immune,seed42_main,dual_axis_disjoint,11,11,0.13584691170898067
H130,string_confidence_bin_permutation_within_degree_strata,immune,seed42_main,dual_axis_disjoint,11,12,0.13707843880257675
H130,string_confidence_bin_permutation_within_degree_strata,immune,seed42_main,dual_axis_disjoint,11,13,0.1357521788556273
H130,string_confidence_bin_permutation_within_degree_strata,immune,seed42_main,dual_axis_disjoint,11,14,0.1335733232284957
H130,string_confidence_bin_permutation_within_degree_strata,immune,seed42_main,dual_axis_disjoint,11,15,0.13632057597574843
H130,string_confidence_bin_permutation_within_degree_strata,immune,seed42_main,dual_axis_disjoint,11,16,0.14550966275104216
H130,string_confidence_bin_permutation_within_degree_strata,immune,seed42_main,dual_axis_disjoint,11,17,0.13433118605532401
H130,string_confidence_bin_permutation_within_degree_strata,immune,seed42_main,dual_axis_disjoint,11,18,0.13471011746873818
H130,string_confidence_bin_permutation_within_degree_strata,immune,seed42_main,dual_axis_disjoint,11,19,0.132247063281546
H130,string_confidence_bin_permutation_within_degree_strata,immune,seed42_main,dual_axis_disjoint,11,20,0.13395225464190985
H130,string_confidence_bin_permutation_within_degree_strata,immune,seed42_main,dual_axis_disjoint,11,21,0.14039408866995085
H130,string_confidence_bin_permutation_within_degree_strata,immune,seed42_main,dual_axis_disjoint,11,22,0.1398256915498295
H130,string_confidence_bin_permutation_within_degree_strata,immune,seed42_main,dual_axis_disjoint,11,23,0.1375521030693445
H130,string_confidence_bin_permutation_within_degree_strata,immune,seed42_main,source_disjoint,11,0,0.04963011517932403
H130,string_confidence_bin_permutation_within_degree_strata,immune,seed42_main,source_disjoint,11,1,0.04850641445828263
H130,string_confidence_bin_permutation_within_degree_strata,immune,seed42_main,source_disjoint,11,2,0.055435902238037404
H130,string_confidence_bin_permutation_within_degree_strata,immune,seed42_main,source_disjoint,11,3,0.05702781159284587
H130,string_confidence_bin_permutation_within_degree_strata,immune,seed42_main,source_disjoint,11,4,0.06161625620376432
H130,string_confidence_bin_permutation_within_degree_strata,immune,seed42_main,source_disjoint,11,5,0.05318850079595472
H130,string_confidence_bin_permutation_within_degree_strata,immune,seed42_main,source_disjoint,11,6,0.06367637419234018
H130,string_confidence_bin_permutation_within_degree_strata,immune,seed42_main,source_disjoint,11,7,0.05918157130817514
H130,string_confidence_bin_permutation_within_degree_strata,immune,seed42_main,source_disjoint,11,8,0.05880700440116138
H130,string_confidence_bin_permutation_within_degree_strata,immune,seed42_main,source_disjoint,11,9,0.05777694540687339
H130,string_confidence_bin_permutation_within_degree_strata,immune,seed42_main,source_disjoint,11,10,0.05880700440116138
H130,string_confidence_bin_permutation_within_degree_strata,immune,seed42_main,source_disjoint,11,11,0.05384399288322883
H130,string_confidence_bin_permutation_within_degree_strata,immune,seed42_main,source_disjoint,11,12,0.05056653244685849
H130,string_confidence_bin_permutation_within_degree_strata,immune,seed42_main,source_disjoint,11,13,0.0662047008146831
H130,string_confidence_bin_permutation_within_degree_strata,immune,seed42_main,source_disjoint,11,14,0.06133533102350419
H130,string_confidence_bin_permutation_within_degree_strata,immune,seed42_main,source_disjoint,11,15,0.05047289072010497
H130,string_confidence_bin_permutation_within_degree_strata,immune,seed42_main,source_disjoint,11,16,0.05421855979024259
H130,string_confidence_bin_permutation_within_degree_strata,immune,seed42_main,source_disjoint,11,17,0.05805787058713374
H130,string_confidence_bin_permutation_within_degree_strata,immune,seed42_main,source_disjoint,11,18,0.04963011517932414
H130,string_confidence_bin_permutation_within_degree_strata,immune,seed42_main,source_disjoint,11,19,0.04925554827231027
H130,string_confidence_bin_permutation_within_degree_strata,immune,seed42_main,source_disjoint,11,20,0.05983706339544914
H130,string_confidence_bin_permutation_within_degree_strata,immune,seed42_main,source_disjoint,11,21,0.05740237849985974
H130,string_confidence_bin_permutation_within_degree_strata,immune,seed42_main,source_disjoint,11,22,0.0607734806629836
H130,string_confidence_bin_permutation_within_degree_strata,immune,seed42_main,source_disjoint,11,23,0.04897462309204981
H130,string_confidence_bin_permutation_within_degree_strata,immune,seed42_main,target_disjoint,11,0,0.09340659340659341
H130,string_confidence_bin_permutation_within_degree_strata,immune,seed42_main,target_disjoint,11,1,0.09397499052671465
H130,string_confidence_bin_permutation_within_degree_strata,immune,seed42_main,target_disjoint,11,2,0.09160666919287608
H130,string_confidence_bin_permutation_within_degree_strata,immune,seed42_main,target_disjoint,11,3,0.09653277756726042
H130,string_confidence_bin_permutation_within_degree_strata,immune,seed42_main,target_disjoint,11,4,0.09170140204622956
H130,string_confidence_bin_permutation_within_degree_strata,immune,seed42_main,target_disjoint,11,5,0.09795377036756348
H130,string_confidence_bin_permutation_within_degree_strata,immune,seed42_main,target_disjoint,11,6,0.0986169003410382
H130,string_confidence_bin_permutation_within_degree_strata,immune,seed42_main,target_disjoint,11,7,0.09274346343311857
H130,string_confidence_bin_permutation_within_degree_strata,immune,seed42_main,target_disjoint,11,8,0.09757483895414931
H130,string_confidence_bin_permutation_within_degree_strata,immune,seed42_main,target_disjoint,11,9,0.09378552482000757
H130,string_confidence_bin_permutation_within_degree_strata,immune,seed42_main,target_disjoint,11,10,0.09653277756726042
H130,string_confidence_bin_permutation_within_degree_strata,immune,seed42_main,target_disjoint,11,11,0.09160666919287608
H130,string_confidence_bin_permutation_within_degree_strata,immune,seed42_main,target_disjoint,11,12,0.09672224327396728
H130,string_confidence_bin_permutation_within_degree_strata,immune,seed42_main,target_disjoint,11,13,0.09340659340659341
H130,string_confidence_bin_permutation_within_degree_strata,immune,seed42_main,target_disjoint,11,14,0.09179613489958327
H130,string_confidence_bin_permutation_within_degree_strata,immune,seed42_main,target_disjoint,11,15,0.09624857900719963
H130,string_confidence_bin_permutation_within_degree_strata,immune,seed42_main,target_disjoint,11,16,0.09662751042061402
H130,string_confidence_bin_permutation_within_degree_strata,immune,seed42_main,target_disjoint,11,17,0.09482758620689657
H130,string_confidence_bin_permutation_within_degree_strata,immune,seed42_main,target_disjoint,11,18,0.09511178476695703
H130,string_confidence_bin_permutation_within_degree_strata,immune,seed42_main,target_disjoint,11,19,0.09151193633952259
H130,string_confidence_bin_permutation_within_degree_strata,immune,seed42_main,target_disjoint,11,20,0.09492231906025017
H130,string_confidence_bin_permutation_within_degree_strata,immune,seed42_main,target_disjoint,11,21,0.09435392194012882
H130,string_confidence_bin_permutation_within_degree_strata,immune,seed42_main,target_disjoint,11,22,0.09492231906025006
H130,string_confidence_bin_permutation_within_degree_strata,immune,seed42_main,target_disjoint,11,23,0.09293292913982576
H130,string_confidence_bin_permutation_within_degree_strata,lung,seed42_main,dual_axis_disjoint,11,0,0.1362686016480138
H130,string_confidence_bin_permutation_within_degree_strata,lung,seed42_main,dual_axis_disjoint,11,1,0.1432788094945271
H130,string_confidence_bin_permutation_within_degree_strata,lung,seed42_main,dual_axis_disjoint,11,2,0.1298733243143525
H130,string_confidence_bin_permutation_within_degree_strata,lung,seed42_main,dual_axis_disjoint,11,3,0.12704464395523307
H130,string_confidence_bin_permutation_within_degree_strata,lung,seed42_main,dual_axis_disjoint,11,4,0.1259377690320994
H130,string_confidence_bin_permutation_within_degree_strata,lung,seed42_main,dual_axis_disjoint,11,5,0.12692165785266274
H130,string_confidence_bin_permutation_within_degree_strata,lung,seed42_main,dual_axis_disjoint,11,6,0.1313491575451975
H130,string_confidence_bin_permutation_within_degree_strata,lung,seed42_main,dual_axis_disjoint,11,7,0.1383593653917108
H130,string_confidence_bin_permutation_within_degree_strata,lung,seed42_main,dual_axis_disjoint,11,8,0.12950436600664128
H130,string_confidence_bin_permutation_within_degree_strata,lung,seed42_main,dual_axis_disjoint,11,9,0.1331939490837536
H130,string_confidence_bin_permutation_within_degree_strata,lung,seed42_main,dual_axis_disjoint,11,10,0.09752797933833479
H130,string_confidence_bin_permutation_within_degree_strata,lung,seed42_main,dual_axis_disjoint,11,11,0.10527610380027053
H130,string_confidence_bin_permutation_within_degree_strata,lung,seed42_main,dual_axis_disjoint,11,12,0.14106505964825977
H130,string_confidence_bin_permutation_within_degree_strata,lung,seed42_main,dual_axis_disjoint,11,13,0.1191735333907269
H130,string_confidence_bin_permutation_within_degree_strata,lung,seed42_main,dual_axis_disjoint,11,14,0.13737547657114746
H130,string_confidence_bin_permutation_within_degree_strata,lung,seed42_main,dual_axis_disjoint,11,15,0.12433894969868409
H130,string_confidence_bin_permutation_within_degree_strata,lung,seed42_main,dual_axis_disjoint,11,16,0.1445086705202312
H130,string_confidence_bin_permutation_within_degree_strata,lung,seed42_main,dual_axis_disjoint,11,17,0.13958922641741478
H130,string_confidence_bin_permutation_within_degree_strata,lung,seed42_main,dual_axis_disjoint,11,18,0.1259377690320993
H130,string_confidence_bin_permutation_within_degree_strata,lung,seed42_main,dual_axis_disjoint,11,19,0.14118804575083022
H130,string_confidence_bin_permutation_within_degree_strata,lung,seed42_main,dual_axis_disjoint,11,20,0.1362686016480138
H130,string_confidence_bin_permutation_within_degree_strata,lung,seed42_main,dual_axis_disjoint,11,21,0.14032714303283733
H130,string_confidence_bin_permutation_within_degree_strata,lung,seed42_main,dual_axis_disjoint,11,22,0.13602262944287302
H130,string_confidence_bin_permutation_within_degree_strata,lung,seed42_main,dual_axis_disjoint,11,23,0.13786742098142912
H130,string_confidence_bin_permutation_within_degree_strata,lung,seed42_main,source_disjoint,11,0,0.16091630946525193
H130,string_confidence_bin_permutation_within_degree_strata,lung,seed42_main,source_disjoint,11,1,0.15979200337291832
H130,string_confidence_bin_permutation_within_degree_strata,lung,seed42_main,source_disjoint,11,2,0.1585271590190429
H130,string_confidence_bin_permutation_within_degree_strata,lung,seed42_main,source_disjoint,11,3,0.1583163516267304
H130,string_confidence_bin_permutation_within_degree_strata,lung,seed42_main,source_disjoint,11,4,0.14707329070339392
H130,string_confidence_bin_permutation_within_degree_strata,lung,seed42_main,source_disjoint,11,5,0.16393788208839855
H130,string_confidence_bin_permutation_within_degree_strata,lung,seed42_main,source_disjoint,11,6,0.16590541774998235
H130,string_confidence_bin_permutation_within_degree_strata,lung,seed42_main,source_disjoint,11,7,0.15304616681891647
H130,string_confidence_bin_permutation_within_degree_strata,lung,seed42_main,source_disjoint,11,8,0.16007307989600172
H130,string_confidence_bin_permutation_within_degree_strata,lung,seed42_main,source_disjoint,11,9,0.15677043074977148
H130,string_confidence_bin_permutation_within_degree_strata,lung,seed42_main,source_disjoint,11,10,0.16499191904996136
H130,string_confidence_bin_permutation_within_degree_strata,lung,seed42_main,source_disjoint,11,11,0.157965005972876
H130,string_confidence_bin_permutation_within_degree_strata,lung,seed42_main,source_disjoint,11,12,0.15894877380366812
H130,string_confidence_bin_permutation_within_degree_strata,lung,seed42_main,source_disjoint,11,13,0.16253249947298143
H130,string_confidence_bin_permutation_within_degree_strata,lung,seed42_main,source_disjoint,11,14,0.1591595811959805
H130,string_confidence_bin_permutation_within_degree_strata,lung,seed42_main,source_disjoint,11,15,0.16014334902677252
H130,string_confidence_bin_permutation_within_degree_strata,lung,seed42_main,source_disjoint,11,16,0.15473262595741688
H130,string_confidence_bin_permutation_within_degree_strata,lung,seed42_main,source_disjoint,11,17,0.15571639378820878
H130,string_confidence_bin_permutation_within_degree_strata,lung,seed42_main,source_disjoint,11,18,0.1571217764036259
H130,string_confidence_bin_permutation_within_degree_strata,lung,seed42_main,source_disjoint,11,19,0.1583163516267304
H130,string_confidence_bin_permutation_within_degree_strata,lung,seed42_main,source_disjoint,11,20,0.1588082355421262
H130,string_confidence_bin_permutation_within_degree_strata,lung,seed42_main,source_disjoint,11,21,0.15915958119598062
H130,string_confidence_bin_permutation_within_degree_strata,lung,seed42_main,source_disjoint,11,22,0.14854894244958183
H130,string_confidence_bin_permutation_within_degree_strata,lung,seed42_main,source_disjoint,11,23,0.16112711685756442
H130,string_confidence_bin_permutation_within_degree_strata,lung,seed42_main,target_disjoint,11,0,0.13678571428571418
H130,string_confidence_bin_permutation_within_degree_strata,lung,seed42_main,target_disjoint,11,1,0.14042857142857135
H130,string_confidence_bin_permutation_within_degree_strata,lung,seed42_main,target_disjoint,11,2,0.13657142857142834
H130,string_confidence_bin_permutation_within_degree_strata,lung,seed42_main,target_disjoint,11,3,0.14535714285714274
H130,string_confidence_bin_permutation_within_degree_strata,lung,seed42_main,target_disjoint,11,4,0.14349999999999985
H130,string_confidence_bin_permutation_within_degree_strata,lung,seed42_main,target_disjoint,11,5,0.13985714285714268
H130,string_confidence_bin_permutation_within_degree_strata,lung,seed42_main,target_disjoint,11,6,0.14449999999999996
H130,string_confidence_bin_permutation_within_degree_strata,lung,seed42_main,target_disjoint,11,7,0.1440714285714284
H130,string_confidence_bin_permutation_within_degree_strata,lung,seed42_main,target_disjoint,11,8,0.14307142857142852
H130,string_confidence_bin_permutation_within_degree_strata,lung,seed42_main,target_disjoint,11,9,0.14335714285714285
H130,string_confidence_bin_permutation_within_degree_strata,lung,seed42_main,target_disjoint,11,10,0.14728571428571413
H130,string_confidence_bin_permutation_within_degree_strata,lung,seed42_main,target_disjoint,11,11,0.14749999999999985
H130,string_confidence_bin_permutation_within_degree_strata,lung,seed42_main,target_disjoint,11,12,0.14671428571428557
H130,string_confidence_bin_permutation_within_degree_strata,lung,seed42_main,target_disjoint,11,13,0.1399285714285713
H130,string_confidence_bin_permutation_within_degree_strata,lung,seed42_main,target_disjoint,11,14,0.1459999999999998
H130,string_confidence_bin_permutation_within_degree_strata,lung,seed42_main,target_disjoint,11,15,0.1448571428571428
H130,string_confidence_bin_permutation_within_degree_strata,lung,seed42_main,target_disjoint,11,16,0.13921428571428562
H130,string_confidence_bin_permutation_within_degree_strata,lung,seed42_main,target_disjoint,11,17,0.14235714285714274
H130,string_confidence_bin_permutation_within_degree_strata,lung,seed42_main,target_disjoint,11,18,0.14457142857142846
H130,string_confidence_bin_permutation_within_degree_strata,lung,seed42_main,target_disjoint,11,19,0.1370714285714285
H130,string_confidence_bin_permutation_within_degree_strata,lung,seed42_main,target_disjoint,11,20,0.1370714285714285
H130,string_confidence_bin_permutation_within_degree_strata,lung,seed42_main,target_disjoint,11,21,0.14507142857142852
H130,string_confidence_bin_permutation_within_degree_strata,lung,seed42_main,target_disjoint,11,22,0.14021428571428574
H130,string_confidence_bin_permutation_within_degree_strata,lung,seed42_main,target_disjoint,11,23,0.14678571428571408
H130,string_confidence_bin_permutation_within_degree_strata,external_lung,seed43,dual_axis_disjoint,11,0,0.1764844764490614
H130,string_confidence_bin_permutation_within_degree_strata,external_lung,seed43,dual_axis_disjoint,11,1,0.17412348010860568
H130,string_confidence_bin_permutation_within_degree_strata,external_lung,seed43,dual_axis_disjoint,11,2,0.154291110848778
H130,string_confidence_bin_permutation_within_degree_strata,external_lung,seed43,dual_axis_disjoint,11,3,0.18462991382363347
H130,string_confidence_bin_permutation_within_degree_strata,external_lung,seed43,dual_axis_disjoint,11,4,0.17967182150867655
H130,string_confidence_bin_permutation_within_degree_strata,external_lung,seed43,dual_axis_disjoint,11,5,0.17719277535119815
H130,string_confidence_bin_permutation_within_degree_strata,external_lung,seed43,dual_axis_disjoint,11,6,0.1594853027977805
H130,string_confidence_bin_permutation_within_degree_strata,external_lung,seed43,dual_axis_disjoint,11,7,0.178845472789517
H130,string_confidence_bin_permutation_within_degree_strata,external_lung,seed43,dual_axis_disjoint,11,8,0.16704049108723884
H130,string_confidence_bin_permutation_within_degree_strata,external_lung,seed43,dual_axis_disjoint,11,9,0.17058198559792226
H130,string_confidence_bin_permutation_within_degree_strata,external_lung,seed43,dual_axis_disjoint,11,10,0.18769920906622584
H130,string_confidence_bin_permutation_within_degree_strata,external_lung,seed43,dual_axis_disjoint,11,11,0.17707472553417525
H130,string_confidence_bin_permutation_within_degree_strata,external_lung,seed43,dual_axis_disjoint,11,12,0.1763664266320386
H130,string_confidence_bin_permutation_within_degree_strata,external_lung,seed43,dual_axis_disjoint,11,13,0.17341518120646904
H130,string_confidence_bin_permutation_within_degree_strata,external_lung,seed43,dual_axis_disjoint,11,14,0.1777830244363121
H130,string_confidence_bin_permutation_within_degree_strata,external_lung,seed43,dual_axis_disjoint,11,15,0.17613032699799303
H130,string_confidence_bin_permutation_within_degree_strata,external_lung,seed43,dual_axis_disjoint,11,16,0.18451186400661068
H130,string_confidence_bin_permutation_within_degree_strata,external_lung,seed43,dual_axis_disjoint,11,17,0.18262306693424624
H130,string_confidence_bin_permutation_within_degree_strata,external_lung,seed43,dual_axis_disjoint,11,18,0.16113800023609948
H130,string_confidence_bin_permutation_within_degree_strata,external_lung,seed43,dual_axis_disjoint,11,19,0.16113800023609948
H130,string_confidence_bin_permutation_within_degree_strata,external_lung,seed43,dual_axis_disjoint,11,20,0.17801912407035758
H130,string_confidence_bin_permutation_within_degree_strata,external_lung,seed43,dual_axis_disjoint,11,21,0.18238696730020054
H130,string_confidence_bin_permutation_within_degree_strata,external_lung,seed43,dual_axis_disjoint,11,22,0.1663321921851021
H130,string_confidence_bin_permutation_within_degree_strata,external_lung,seed43,dual_axis_disjoint,11,23,0.1856923621768385
H130,string_confidence_bin_permutation_within_degree_strata,external_lung,seed43,source_disjoint,11,0,0.10853212980872573
H130,string_confidence_bin_permutation_within_degree_strata,external_lung,seed43,source_disjoint,11,1,0.10666953220144726
H130,string_confidence_bin_permutation_within_degree_strata,external_lung,seed43,source_disjoint,11,2,0.11089619600257916
H130,string_confidence_bin_permutation_within_degree_strata,external_lung,seed43,source_disjoint,11,3,0.10416218926857235
H130,string_confidence_bin_permutation_within_degree_strata,external_lung,seed43,source_disjoint,11,4,0.12099720610358922
H130,string_confidence_bin_permutation_within_degree_strata,external_lung,seed43,source_disjoint,11,5,0.10179812307471892
H130,string_confidence_bin_permutation_within_degree_strata,external_lung,seed43,source_disjoint,11,6,0.10795902285263992
H130,string_confidence_bin_permutation_within_degree_strata,external_lung,seed43,source_disjoint,11,7,0.11605415860735002
H130,string_confidence_bin_permutation_within_degree_strata,external_lung,seed43,source_disjoint,11,8,0.10437710437710457
H130,string_confidence_bin_permutation_within_degree_strata,external_lung,seed43,source_disjoint,11,9,0.10996489719893976
H130,string_confidence_bin_permutation_within_degree_strata,external_lung,seed43,source_disjoint,11,10,0.10366072068199739
H130,string_confidence_bin_permutation_within_degree_strata,external_lung,seed43,source_disjoint,11,11,0.11598252023783939
H130,string_confidence_bin_permutation_within_degree_strata,external_lung,seed43,source_disjoint,11,12,0.10989325882942913
H130,string_confidence_bin_permutation_within_degree_strata,external_lung,seed43,source_disjoint,11,13,0.11154094132817549
H130,string_confidence_bin_permutation_within_degree_strata,external_lung,seed43,source_disjoint,11,14,0.10982162045991839
H130,string_confidence_bin_permutation_within_degree_strata,external_lung,seed43,source_disjoint,11,15,0.11462139121713588
H130,string_confidence_bin_permutation_within_degree_strata,external_lung,seed43,source_disjoint,11,16,0.11168421806719686
H130,string_confidence_bin_permutation_within_degree_strata,external_lung,seed43,source_disjoint,11,17,0.10452038111612594
H130,string_confidence_bin_permutation_within_degree_strata,external_lung,seed43,source_disjoint,11,18,0.10803066122215077
H130,string_confidence_bin_permutation_within_degree_strata,external_lung,seed43,source_disjoint,11,19,0.10666953220144715
H130,string_confidence_bin_permutation_within_degree_strata,external_lung,seed43,source_disjoint,11,20,0.11247224013181467
H130,string_confidence_bin_permutation_within_degree_strata,external_lung,seed43,source_disjoint,11,21,0.11354681567447533
H130,string_confidence_bin_permutation_within_degree_strata,external_lung,seed43,source_disjoint,11,22,0.10939179024285406
H130,string_confidence_bin_permutation_within_degree_strata,external_lung,seed43,source_disjoint,11,23,0.10717100078802211
H130,string_confidence_bin_permutation_within_degree_strata,external_lung,seed43,target_disjoint,11,0,0.14403717088280854
H130,string_confidence_bin_permutation_within_degree_strata,external_lung,seed43,target_disjoint,11,1,0.15185485655284314
H130,string_confidence_bin_permutation_within_degree_strata,external_lung,seed43,target_disjoint,11,2,0.15709123091673438
H130,string_confidence_bin_permutation_within_degree_strata,external_lung,seed43,target_disjoint,11,3,0.1481672689726382
H130,string_confidence_bin_permutation_within_degree_strata,external_lung,seed43,target_disjoint,11,4,0.14020207979939536
H130,string_confidence_bin_permutation_within_degree_strata,external_lung,seed43,target_disjoint,11,5,0.1635813850578952
H130,string_confidence_bin_permutation_within_degree_strata,external_lung,seed43,target_disjoint,11,6,0.1552474371266318
H130,string_confidence_bin_permutation_within_degree_strata,external_lung,seed43,target_disjoint,11,7,0.13813703075448047
H130,string_confidence_bin_permutation_within_degree_strata,external_lung,seed43,target_disjoint,11,8,0.16129508075816812
H130,string_confidence_bin_permutation_within_degree_strata,external_lung,seed43,target_disjoint,11,9,0.15207611180765546
H130,string_confidence_bin_permutation_within_degree_strata,external_lung,seed43,target_disjoint,11,10,0.1570174791651302
H130,string_confidence_bin_permutation_within_degree_strata,external_lung,seed43,target_disjoint,11,11,0.16166383951618857
H130,string_confidence_bin_permutation_within_degree_strata,external_lung,seed43,target_disjoint,11,12,0.15561619588465236
H130,string_confidence_bin_permutation_within_degree_strata,external_lung,seed43,target_disjoint,11,13,0.15554244413304819
H130,string_confidence_bin_permutation_within_degree_strata,external_lung,seed43,target_disjoint,11,14,0.15060107677557355
H130,string_confidence_bin_permutation_within_degree_strata,external_lung,seed43,target_disjoint,11,15,0.14875728298547086
H130,string_confidence_bin_permutation_within_degree_strata,external_lung,seed43,target_disjoint,11,16,0.15082233203038586
H130,string_confidence_bin_permutation_within_degree_strata,external_lung,seed43,target_disjoint,11,17,0.14927354524669967
H130,string_confidence_bin_permutation_within_degree_strata,external_lung,seed43,target_disjoint,11,18,0.1479460137178259
H130,string_confidence_bin_permutation_within_degree_strata,external_lung,seed43,target_disjoint,11,19,0.1497160557563243
H130,string_confidence_bin_permutation_within_degree_strata,external_lung,seed43,target_disjoint,11,20,0.15229736706246777
H130,string_confidence_bin_permutation_within_degree_strata,external_lung,seed43,target_disjoint,11,21,0.14624972343093157
H130,string_confidence_bin_permutation_within_degree_strata,external_lung,seed43,target_disjoint,11,22,0.15532118887823587
H130,string_confidence_bin_permutation_within_degree_strata,external_lung,seed43,target_disjoint,11,23,0.15060107677557344
H130,string_confidence_bin_permutation_within_degree_strata,immune,seed43,dual_axis_disjoint,11,0,0.10416666666666663
H130,string_confidence_bin_permutation_within_degree_strata,immune,seed43,dual_axis_disjoint,11,1,0.09898148148148145
H130,string_confidence_bin_permutation_within_degree_strata,immune,seed43,dual_axis_disjoint,11,2,0.10083333333333322
H130,string_confidence_bin_permutation_within_degree_strata,immune,seed43,dual_axis_disjoint,11,3,0.0948148148148148
H130,string_confidence_bin_permutation_within_degree_strata,immune,seed43,dual_axis_disjoint,11,4,0.09925925925925927
H130,string_confidence_bin_permutation_within_degree_strata,immune,seed43,dual_axis_disjoint,11,5,0.08750000000000002
H130,string_confidence_bin_permutation_within_degree_strata,immune,seed43,dual_axis_disjoint,11,6,0.10629629629629622
H130,string_confidence_bin_permutation_within_degree_strata,immune,seed43,dual_axis_disjoint,11,7,0.09259259259259256
H130,string_confidence_bin_permutation_within_degree_strata,immune,seed43,dual_axis_disjoint,11,8,0.1043518518518518
H130,string_confidence_bin_permutation_within_degree_strata,immune,seed43,dual_axis_disjoint,11,9,0.0964814814814815
H130,string_confidence_bin_permutation_within_degree_strata,immune,seed43,dual_axis_disjoint,11,10,0.0900925925925925
H130,string_confidence_bin_permutation_within_degree_strata,immune,seed43,dual_axis_disjoint,11,11,0.10703703703703693
H130,string_confidence_bin_permutation_within_degree_strata,immune,seed43,dual_axis_disjoint,11,12,0.10398148148148145
H130,string_confidence_bin_permutation_within_degree_strata,immune,seed43,dual_axis_disjoint,11,13,0.1052777777777778
H130,string_confidence_bin_permutation_within_degree_strata,immune,seed43,dual_axis_disjoint,11,14,0.09490740740740744
H130,string_confidence_bin_permutation_within_degree_strata,immune,seed43,dual_axis_disjoint,11,15,0.10509259259259252
H130,string_confidence_bin_permutation_within_degree_strata,immune,seed43,dual_axis_disjoint,11,16,0.10722222222222211
H130,string_confidence_bin_permutation_within_degree_strata,immune,seed43,dual_axis_disjoint,11,17,0.10398148148148134
H130,string_confidence_bin_permutation_within_degree_strata,immune,seed43,dual_axis_disjoint,11,18,0.1019444444444444
H130,string_confidence_bin_permutation_within_degree_strata,immune,seed43,dual_axis_disjoint,11,19,0.10333333333333339
H130,string_confidence_bin_permutation_within_degree_strata,immune,seed43,dual_axis_disjoint,11,20,0.10305555555555546
H130,string_confidence_bin_permutation_within_degree_strata,immune,seed43,dual_axis_disjoint,11,21,0.09583333333333333
H130,string_confidence_bin_permutation_within_degree_strata,immune,seed43,dual_axis_disjoint,11,22,0.11175925925925922
H130,string_confidence_bin_permutation_within_degree_strata,immune,seed43,dual_axis_disjoint,11,23,0.1048148148148147
H130,string_confidence_bin_permutation_within_degree_strata,immune,seed43,source_disjoint,11,0,0.14102444049068263
H130,string_confidence_bin_permutation_within_degree_strata,immune,seed43,source_disjoint,11,1,0.1443955426538065
H130,string_confidence_bin_permutation_within_degree_strata,immune,seed43,source_disjoint,11,2,0.11714580016855514
H130,string_confidence_bin_permutation_within_degree_strata,immune,seed43,source_disjoint,11,3,0.10459780878359404
H130,string_confidence_bin_permutation_within_degree_strata,immune,seed43,source_disjoint,11,4,0.1425227081187378
H130,string_confidence_bin_permutation_within_degree_strata,immune,seed43,source_disjoint,11,5,0.10487873396385428
H130,string_confidence_bin_permutation_within_degree_strata,immune,seed43,source_disjoint,11,6,0.11677123326154126
H130,string_confidence_bin_permutation_within_degree_strata,immune,seed43,source_disjoint,11,7,0.14167993257795675
H130,string_confidence_bin_permutation_within_degree_strata,immune,seed43,source_disjoint,11,8,0.12098511096544629
H130,string_confidence_bin_permutation_within_degree_strata,immune,seed43,source_disjoint,11,9,0.13231575990261268
H130,string_confidence_bin_permutation_within_degree_strata,immune,seed43,source_disjoint,11,10,0.13006835846053
H130,string_confidence_bin_permutation_within_degree_strata,immune,seed43,source_disjoint,11,11,0.1319411929955988
H130,string_confidence_bin_permutation_within_degree_strata,immune,seed43,source_disjoint,11,12,0.1348440865249555
H130,string_confidence_bin_permutation_within_degree_strata,immune,seed43,source_disjoint,11,13,0.12725910665792683
H130,string_confidence_bin_permutation_within_degree_strata,immune,seed43,source_disjoint,11,14,0.12398164622155639
H130,string_confidence_bin_permutation_within_degree_strata,immune,seed43,source_disjoint,11,15,0.10853076130723849
H130,string_confidence_bin_permutation_within_degree_strata,immune,seed43,source_disjoint,11,16,0.14242906639198427
H130,string_confidence_bin_permutation_within_degree_strata,immune,seed43,source_disjoint,11,17,0.13297125198988669
H130,string_confidence_bin_permutation_within_degree_strata,immune,seed43,source_disjoint,11,18,0.1425227081187378
H130,string_confidence_bin_permutation_within_degree_strata,immune,seed43,source_disjoint,11,19,0.11040359584230741
H130,string_confidence_bin_permutation_within_degree_strata,immune,seed43,source_disjoint,11,20,0.10712613540593685
H130,string_confidence_bin_permutation_within_degree_strata,immune,seed43,source_disjoint,11,21,0.13334581889690045
H130,string_confidence_bin_permutation_within_degree_strata,immune,seed43,source_disjoint,11,22,0.10272497424852511
H130,string_confidence_bin_permutation_within_degree_strata,immune,seed43,source_disjoint,11,23,0.13437587789118832
H130,string_confidence_bin_permutation_within_degree_strata,immune,seed43,target_disjoint,11,0,0.08156498673740065
H130,string_confidence_bin_permutation_within_degree_strata,immune,seed43,target_disjoint,11,1,0.0851648351648353
H130,string_confidence_bin_permutation_within_degree_strata,immune,seed43,target_disjoint,11,2,0.08052292535051164
H130,string_confidence_bin_permutation_within_degree_strata,immune,seed43,target_disjoint,11,3,0.0850701023114816
H130,string_confidence_bin_permutation_within_degree_strata,immune,seed43,target_disjoint,11,4,0.07938613111026915
H130,string_confidence_bin_permutation_within_degree_strata,immune,seed43,target_disjoint,11,5,0.08497536945812811
H130,string_confidence_bin_permutation_within_degree_strata,immune,seed43,target_disjoint,11,6,0.08345964380447146
H130,string_confidence_bin_permutation_within_degree_strata,immune,seed43,target_disjoint,11,7,0.08289124668435022
H130,string_confidence_bin_permutation_within_degree_strata,immune,seed43,target_disjoint,11,8,0.08687002652519893
H130,string_confidence_bin_permutation_within_degree_strata,immune,seed43,target_disjoint,11,9,0.08620689655172409
H130,string_confidence_bin_permutation_within_degree_strata,immune,seed43,target_disjoint,11,10,0.08383857521788562
H130,string_confidence_bin_permutation_within_degree_strata,immune,seed43,target_disjoint,11,11,0.07540735126942033
H130,string_confidence_bin_permutation_within_degree_strata,immune,seed43,target_disjoint,11,12,0.06631299734748008
H130,string_confidence_bin_permutation_within_degree_strata,immune,seed43,target_disjoint,11,13,0.08213338385752178
H130,string_confidence_bin_permutation_within_degree_strata,immune,seed43,target_disjoint,11,14,0.08118605532398648
H130,string_confidence_bin_permutation_within_degree_strata,immune,seed43,target_disjoint,11,15,0.08705949223190612
H130,string_confidence_bin_permutation_within_degree_strata,immune,seed43,target_disjoint,11,16,0.08658582796513836
H130,string_confidence_bin_permutation_within_degree_strata,immune,seed43,target_disjoint,11,17,0.08554376657824925
H130,string_confidence_bin_permutation_within_degree_strata,immune,seed43,target_disjoint,11,18,0.08279651383099662
H130,string_confidence_bin_permutation_within_degree_strata,immune,seed43,target_disjoint,11,19,0.0809018567639258
H130,string_confidence_bin_permutation_within_degree_strata,immune,seed43,target_disjoint,11,20,0.06688139446760144
H130,string_confidence_bin_permutation_within_degree_strata,immune,seed43,target_disjoint,11,21,0.08071239105721872
H130,string_confidence_bin_permutation_within_degree_strata,immune,seed43,target_disjoint,11,22,0.08279651383099662
H130,string_confidence_bin_permutation_within_degree_strata,immune,seed43,target_disjoint,11,23,0.07625994694960214
H130,string_confidence_bin_permutation_within_degree_strata,lung,seed43,dual_axis_disjoint,11,0,0.19938650306748462
H130,string_confidence_bin_permutation_within_degree_strata,lung,seed43,dual_axis_disjoint,11,1,0.20217512548800887
H130,string_confidence_bin_permutation_within_degree_strata,lung,seed43,dual_axis_disjoint,11,2,0.2160252835099462
H130,string_confidence_bin_permutation_within_degree_strata,lung,seed43,dual_axis_disjoint,11,3,0.2046848856664808
H130,string_confidence_bin_permutation_within_degree_strata,lung,seed43,dual_axis_disjoint,11,4,0.2079382784904259
H130,string_confidence_bin_permutation_within_degree_strata,lung,seed43,dual_axis_disjoint,11,5,0.20877486521658306
H130,string_confidence_bin_permutation_within_degree_strata,lung,seed43,dual_axis_disjoint,11,6,0.21193530395984395
H130,string_confidence_bin_permutation_within_degree_strata,lung,seed43,dual_axis_disjoint,11,7,0.21546755902584114
H130,string_confidence_bin_permutation_within_degree_strata,lung,seed43,dual_axis_disjoint,11,8,0.2026398958914296
H130,string_confidence_bin_permutation_within_degree_strata,lung,seed43,dual_axis_disjoint,11,9,0.19873582450269578
H130,string_confidence_bin_permutation_within_degree_strata,lung,seed43,dual_axis_disjoint,11,10,0.20152444692322002
H130,string_confidence_bin_permutation_within_degree_strata,lung,seed43,dual_axis_disjoint,11,11,0.19985127347090537
H130,string_confidence_bin_permutation_within_degree_strata,lung,seed43,dual_axis_disjoint,11,12,0.20840304889384642
H130,string_confidence_bin_permutation_within_degree_strata,lung,seed43,dual_axis_disjoint,11,13,0.20329057445621868
H130,string_confidence_bin_permutation_within_degree_strata,lung,seed43,dual_axis_disjoint,11,14,0.20078081427774686
H130,string_confidence_bin_permutation_within_degree_strata,lung,seed43,dual_axis_disjoint,11,15,0.20765941624837347
H130,string_confidence_bin_permutation_within_degree_strata,lung,seed43,dual_axis_disjoint,11,16,0.2115634876371073
H130,string_confidence_bin_permutation_within_degree_strata,lung,seed43,dual_axis_disjoint,11,17,0.21751254880089244
H130,string_confidence_bin_permutation_within_degree_strata,lung,seed43,dual_axis_disjoint,11,18,0.21546755902584125
H130,string_confidence_bin_permutation_within_degree_strata,lung,seed43,dual_axis_disjoint,11,19,0.2071016917642684
H130,string_confidence_bin_permutation_within_degree_strata,lung,seed43,dual_axis_disjoint,11,20,0.2026398958914296
H130,string_confidence_bin_permutation_within_degree_strata,lung,seed43,dual_axis_disjoint,11,21,0.2093325897006878
H130,string_confidence_bin_permutation_within_degree_strata,lung,seed43,dual_axis_disjoint,11,22,0.1979921918572225
H130,string_confidence_bin_permutation_within_degree_strata,lung,seed43,dual_axis_disjoint,11,23,0.19631901840490795
H130,string_confidence_bin_permutation_within_degree_strata,lung,seed43,source_disjoint,11,0,0.18230920314253662
H130,string_confidence_bin_permutation_within_degree_strata,lung,seed43,source_disjoint,11,1,0.17368125701459047
H130,string_confidence_bin_permutation_within_degree_strata,lung,seed43,source_disjoint,11,2,0.17704826038159382
H130,string_confidence_bin_permutation_within_degree_strata,lung,seed43,source_disjoint,11,3,0.1729797979797979
H130,string_confidence_bin_permutation_within_degree_strata,lung,seed43,source_disjoint,11,4,0.17094556677890005
H130,string_confidence_bin_permutation_within_degree_strata,lung,seed43,source_disjoint,11,5,0.18125701459034793
H130,string_confidence_bin_permutation_within_degree_strata,lung,seed43,source_disjoint,11,6,0.1741021324354659
H130,string_confidence_bin_permutation_within_degree_strata,lung,seed43,source_disjoint,11,7,0.17690796857463542
H130,string_confidence_bin_permutation_within_degree_strata,lung,seed43,source_disjoint,11,8,0.17767957351290686
H130,string_confidence_bin_permutation_within_degree_strata,lung,seed43,source_disjoint,11,9,0.17767957351290697
H130,string_confidence_bin_permutation_within_degree_strata,lung,seed43,source_disjoint,11,10,0.17536475869809198
H130,string_confidence_bin_permutation_within_degree_strata,lung,seed43,source_disjoint,11,11,0.1676487093153759
H130,string_confidence_bin_permutation_within_degree_strata,lung,seed43,source_disjoint,11,12,0.17206790123456794
H130,string_confidence_bin_permutation_within_degree_strata,lung,seed43,source_disjoint,11,13,0.17774971941638618
H130,string_confidence_bin_permutation_within_degree_strata,lung,seed43,source_disjoint,11,14,0.17908249158249168
H130,string_confidence_bin_permutation_within_degree_strata,lung,seed43,source_disjoint,11,15,0.17452300785634123
H130,string_confidence_bin_permutation_within_degree_strata,lung,seed43,source_disjoint,11,16,0.1702441077441078
H130,string_confidence_bin_permutation_within_degree_strata,lung,seed43,source_disjoint,11,17,0.1778900112233447
H130,string_confidence_bin_permutation_within_degree_strata,lung,seed43,source_disjoint,11,18,0.17326038159371504
H130,string_confidence_bin_permutation_within_degree_strata,lung,seed43,source_disjoint,11,19,0.1780303030303031
H130,string_confidence_bin_permutation_within_degree_strata,lung,seed43,source_disjoint,11,20,0.17101571268237947
H130,string_confidence_bin_permutation_within_degree_strata,lung,seed43,source_disjoint,11,21,0.17522446689113358
H130,string_confidence_bin_permutation_within_degree_strata,lung,seed43,source_disjoint,11,22,0.17248877665544327
H130,string_confidence_bin_permutation_within_degree_strata,lung,seed43,source_disjoint,11,23,0.17627665544332216
H130,string_confidence_bin_permutation_within_degree_strata,lung,seed43,target_disjoint,11,0,0.1033702213279678
H130,string_confidence_bin_permutation_within_degree_strata,lung,seed43,target_disjoint,11,1,0.10480741592411624
H130,string_confidence_bin_permutation_within_degree_strata,lung,seed43,target_disjoint,11,2,0.09625610807703366
H130,string_confidence_bin_permutation_within_degree_strata,lung,seed43,target_disjoint,11,3,0.10538229376257546
H130,string_confidence_bin_permutation_within_degree_strata,lung,seed43,target_disjoint,11,4,0.10646018970968674
H130,string_confidence_bin_permutation_within_degree_strata,lung,seed43,target_disjoint,11,5,0.11299942512216155
H130,string_confidence_bin_permutation_within_degree_strata,lung,seed43,target_disjoint,11,6,0.09704656510491527
H130,string_confidence_bin_permutation_within_degree_strata,lung,seed43,target_disjoint,11,7,0.11023282552457614
H130,string_confidence_bin_permutation_within_degree_strata,lung,seed43,target_disjoint,11,8,0.11127479160678355
H130,string_confidence_bin_permutation_within_degree_strata,lung,seed43,target_disjoint,11,9,0.0975495832135671
H130,string_confidence_bin_permutation_within_degree_strata,lung,seed43,target_disjoint,11,10,0.11026875538947989
H130,string_confidence_bin_permutation_within_degree_strata,lung,seed43,target_disjoint,11,11,0.10261569416498995
H130,string_confidence_bin_permutation_within_degree_strata,lung,seed43,target_disjoint,11,12,0.10563380281690138
H130,string_confidence_bin_permutation_within_degree_strata,lung,seed43,target_disjoint,11,13,0.10574159241161263
H130,string_confidence_bin_permutation_within_degree_strata,lung,seed43,target_disjoint,11,14,0.10739436619718312
H130,string_confidence_bin_permutation_within_degree_strata,lung,seed43,target_disjoint,11,15,0.102974992814027
H130,string_confidence_bin_permutation_within_degree_strata,lung,seed43,target_disjoint,11,16,0.10240011497556778
H130,string_confidence_bin_permutation_within_degree_strata,lung,seed43,target_disjoint,11,17,0.10990945674044272
H130,string_confidence_bin_permutation_within_degree_strata,lung,seed43,target_disjoint,11,18,0.10297499281402711
H130,string_confidence_bin_permutation_within_degree_strata,lung,seed43,target_disjoint,11,19,0.10725064673756834
H130,string_confidence_bin_permutation_within_degree_strata,lung,seed43,target_disjoint,11,20,0.09604052888761139
H130,string_confidence_bin_permutation_within_degree_strata,lung,seed43,target_disjoint,11,21,0.10958608795630942
H130,string_confidence_bin_permutation_within_degree_strata,lung,seed43,target_disjoint,11,22,0.10789738430583518
H130,string_confidence_bin_permutation_within_degree_strata,lung,seed43,target_disjoint,11,23,0.11231675768899108
H130,string_confidence_bin_permutation_within_degree_strata,external_lung,seed44,dual_axis_disjoint,11,0,0.11669515669515673
H130,string_confidence_bin_permutation_within_degree_strata,external_lung,seed44,dual_axis_disjoint,11,1,0.12022792022792017
H130,string_confidence_bin_permutation_within_degree_strata,external_lung,seed44,dual_axis_disjoint,11,2,0.12239316239316245
H130,string_confidence_bin_permutation_within_degree_strata,external_lung,seed44,dual_axis_disjoint,11,3,0.12250712250712248
H130,string_confidence_bin_permutation_within_degree_strata,external_lung,seed44,dual_axis_disjoint,11,4,0.12774928774928773
H130,string_confidence_bin_permutation_within_degree_strata,external_lung,seed44,dual_axis_disjoint,11,5,0.12376068376068383
H130,string_confidence_bin_permutation_within_degree_strata,external_lung,seed44,dual_axis_disjoint,11,6,0.1140740740740741
H130,string_confidence_bin_permutation_within_degree_strata,external_lung,seed44,dual_axis_disjoint,11,7,0.12022792022792028
H130,string_confidence_bin_permutation_within_degree_strata,external_lung,seed44,dual_axis_disjoint,11,8,0.1211396011396012
H130,string_confidence_bin_permutation_within_degree_strata,external_lung,seed44,dual_axis_disjoint,11,9,0.12022792022792017
H130,string_confidence_bin_permutation_within_degree_strata,external_lung,seed44,dual_axis_disjoint,11,10,0.11737891737891737
H130,string_confidence_bin_permutation_within_degree_strata,external_lung,seed44,dual_axis_disjoint,11,11,0.11190883190883194
H130,string_confidence_bin_permutation_within_degree_strata,external_lung,seed44,dual_axis_disjoint,11,12,0.12410256410256415
H130,string_confidence_bin_permutation_within_degree_strata,external_lung,seed44,dual_axis_disjoint,11,13,0.11863247863247861
H130,string_confidence_bin_permutation_within_degree_strata,external_lung,seed44,dual_axis_disjoint,11,14,0.10085470085470083
H130,string_confidence_bin_permutation_within_degree_strata,external_lung,seed44,dual_axis_disjoint,11,15,0.11396011396011396
H130,string_confidence_bin_permutation_within_degree_strata,external_lung,seed44,dual_axis_disjoint,11,16,0.1282051282051282
H130,string_confidence_bin_permutation_within_degree_strata,external_lung,seed44,dual_axis_disjoint,11,17,0.11715099715099708
H130,string_confidence_bin_permutation_within_degree_strata,external_lung,seed44,dual_axis_disjoint,11,18,0.11692307692307702
H130,string_confidence_bin_permutation_within_degree_strata,external_lung,seed44,dual_axis_disjoint,11,19,0.11498575498575514
H130,string_confidence_bin_permutation_within_degree_strata,external_lung,seed44,dual_axis_disjoint,11,20,0.11509971509971517
H130,string_confidence_bin_permutation_within_degree_strata,external_lung,seed44,dual_axis_disjoint,11,21,0.11737891737891737
H130,string_confidence_bin_permutation_within_degree_strata,external_lung,seed44,dual_axis_disjoint,11,22,0.12125356125356124
H130,string_confidence_bin_permutation_within_degree_strata,external_lung,seed44,dual_axis_disjoint,11,23,0.12102564102564106
H130,string_confidence_bin_permutation_within_degree_strata,external_lung,seed44,source_disjoint,11,0,0.1067027566065959
H130,string_confidence_bin_permutation_within_degree_strata,external_lung,seed44,source_disjoint,11,1,0.13448251299950142
H130,string_confidence_bin_permutation_within_degree_strata,external_lung,seed44,source_disjoint,11,2,0.12807179998575402
H130,string_confidence_bin_permutation_within_degree_strata,external_lung,seed44,source_disjoint,11,3,0.13042239475746142
H130,string_confidence_bin_permutation_within_degree_strata,external_lung,seed44,source_disjoint,11,4,0.13156207707101641
H130,string_confidence_bin_permutation_within_degree_strata,external_lung,seed44,source_disjoint,11,5,0.13120592634803052
H130,string_confidence_bin_permutation_within_degree_strata,external_lung,seed44,source_disjoint,11,6,0.13576465560225093
H130,string_confidence_bin_permutation_within_degree_strata,external_lung,seed44,source_disjoint,11,7,0.1151791438136619
H130,string_confidence_bin_permutation_within_degree_strata,external_lung,seed44,source_disjoint,11,8,0.1311346962034332
H130,string_confidence_bin_permutation_within_degree_strata,external_lung,seed44,source_disjoint,11,9,0.13305791010755752
H130,string_confidence_bin_permutation_within_degree_strata,external_lung,seed44,source_disjoint,11,10,0.12864164114253163
H130,string_confidence_bin_permutation_within_degree_strata,external_lung,seed44,source_disjoint,11,11,0.13056485504665571
H130,string_confidence_bin_permutation_within_degree_strata,external_lung,seed44,source_disjoint,11,12,0.13690433791580603
H130,string_confidence_bin_permutation_within_degree_strata,external_lung,seed44,source_disjoint,11,13,0.13398390198732113
H130,string_confidence_bin_permutation_within_degree_strata,external_lung,seed44,source_disjoint,11,14,0.115962675404231
H130,string_confidence_bin_permutation_within_degree_strata,external_lung,seed44,source_disjoint,11,15,0.1313483866372248
H130,string_confidence_bin_permutation_within_degree_strata,external_lung,seed44,source_disjoint,11,16,0.1289265617209202
H130,string_confidence_bin_permutation_within_degree_strata,external_lung,seed44,source_disjoint,11,17,0.1208775553814373
H130,string_confidence_bin_permutation_within_degree_strata,external_lung,seed44,source_disjoint,11,18,0.12258707885177011
H130,string_confidence_bin_permutation_within_degree_strata,external_lung,seed44,source_disjoint,11,19,0.1253650544910604
H130,string_confidence_bin_permutation_within_degree_strata,external_lung,seed44,source_disjoint,11,20,0.13384144169812673
H130,string_confidence_bin_permutation_within_degree_strata,external_lung,seed44,source_disjoint,11,21,0.14025215471187402
H130,string_confidence_bin_permutation_within_degree_strata,external_lung,seed44,source_disjoint,11,22,0.1243678324666998
H130,string_confidence_bin_permutation_within_degree_strata,external_lung,seed44,source_disjoint,11,23,0.12151862668281221
H130,string_confidence_bin_permutation_within_degree_strata,external_lung,seed44,target_disjoint,11,0,0.09823495370370372
H130,string_confidence_bin_permutation_within_degree_strata,external_lung,seed44,target_disjoint,11,1,0.09490740740740733
H130,string_confidence_bin_permutation_within_degree_strata,external_lung,seed44,target_disjoint,11,2,0.10431134259259256
H130,string_confidence_bin_permutation_within_degree_strata,external_lung,seed44,target_disjoint,11,3,0.10684317129629628
H130,string_confidence_bin_permutation_within_degree_strata,external_lung,seed44,target_disjoint,11,4,0.11074942129629628
H130,string_confidence_bin_permutation_within_degree_strata,external_lung,seed44,target_disjoint,11,5,0.10170717592592593
H130,string_confidence_bin_permutation_within_degree_strata,external_lung,seed44,target_disjoint,11,6,0.11053240740740733
H130,string_confidence_bin_permutation_within_degree_strata,external_lung,seed44,target_disjoint,11,7,0.10633680555555558
H130,string_confidence_bin_permutation_within_degree_strata,external_lung,seed44,target_disjoint,11,8,0.11226851851851849
H130,string_confidence_bin_permutation_within_degree_strata,external_lung,seed44,target_disjoint,11,9,0.10047743055555547
H130,string_confidence_bin_permutation_within_degree_strata,external_lung,seed44,target_disjoint,11,10,0.10872395833333326
H130,string_confidence_bin_permutation_within_degree_strata,external_lung,seed44,target_disjoint,11,11,0.09758391203703698
H130,string_confidence_bin_permutation_within_degree_strata,external_lung,seed44,target_disjoint,11,12,0.10720486111111105
H130,string_confidence_bin_permutation_within_degree_strata,external_lung,seed44,target_disjoint,11,13,0.08926504629629628
H130,string_confidence_bin_permutation_within_degree_strata,external_lung,seed44,target_disjoint,11,14,0.11046006944444442
H130,string_confidence_bin_permutation_within_degree_strata,external_lung,seed44,target_disjoint,11,15,0.09382233796296291
H130,string_confidence_bin_permutation_within_degree_strata,external_lung,seed44,target_disjoint,11,16,0.1040219907407407
H130,string_confidence_bin_permutation_within_degree_strata,external_lung,seed44,target_disjoint,11,17,0.11313657407407407
H130,string_confidence_bin_permutation_within_degree_strata,external_lung,seed44,target_disjoint,11,18,0.10243055555555547
H130,string_confidence_bin_permutation_within_degree_strata,external_lung,seed44,target_disjoint,11,19,0.11002604166666663
H130,string_confidence_bin_permutation_within_degree_strata,external_lung,seed44,target_disjoint,11,20,0.11320891203703709
H130,string_confidence_bin_permutation_within_degree_strata,external_lung,seed44,target_disjoint,11,21,0.1015625
H130,string_confidence_bin_permutation_within_degree_strata,external_lung,seed44,target_disjoint,11,22,0.11205150462962954
H130,string_confidence_bin_permutation_within_degree_strata,external_lung,seed44,target_disjoint,11,23,0.10640914351851849
H130,string_confidence_bin_permutation_within_degree_strata,immune,seed44,dual_axis_disjoint,11,0,0.10145888594164465
H130,string_confidence_bin_permutation_within_degree_strata,immune,seed44,dual_axis_disjoint,11,1,0.08687002652519904
H130,string_confidence_bin_permutation_within_degree_strata,immune,seed44,dual_axis_disjoint,11,2,0.09965896172792732
H130,string_confidence_bin_permutation_within_degree_strata,immune,seed44,dual_axis_disjoint,11,3,0.08687002652519904
H130,string_confidence_bin_permutation_within_degree_strata,immune,seed44,dual_axis_disjoint,11,4,0.10051155740810924
H130,string_confidence_bin_permutation_within_degree_strata,immune,seed44,dual_axis_disjoint,11,5,0.10269041303524074
H130,string_confidence_bin_permutation_within_degree_strata,immune,seed44,dual_axis_disjoint,11,6,0.10695339143615024
H130,string_confidence_bin_permutation_within_degree_strata,immune,seed44,dual_axis_disjoint,11,7,0.08582796513831004
H130,string_confidence_bin_permutation_within_degree_strata,immune,seed44,dual_axis_disjoint,11,8,0.09871163319439191
H130,string_confidence_bin_permutation_within_degree_strata,immune,seed44,dual_axis_disjoint,11,9,0.09814323607427056
H130,string_confidence_bin_permutation_within_degree_strata,immune,seed44,dual_axis_disjoint,11,10,0.0935960591133006
H130,string_confidence_bin_permutation_within_degree_strata,immune,seed44,dual_axis_disjoint,11,11,0.10363774156877603
H130,string_confidence_bin_permutation_within_degree_strata,immune,seed44,dual_axis_disjoint,11,12,0.1008904888215234
H130,string_confidence_bin_permutation_within_degree_strata,immune,seed44,dual_axis_disjoint,11,13,0.09274346343311868
H130,string_confidence_bin_permutation_within_degree_strata,immune,seed44,dual_axis_disjoint,11,14,0.0925539977264116
H130,string_confidence_bin_permutation_within_degree_strata,immune,seed44,dual_axis_disjoint,11,15,0.09918529746115956
H130,string_confidence_bin_permutation_within_degree_strata,immune,seed44,dual_axis_disjoint,11,16,0.09738537324744234
H130,string_confidence_bin_permutation_within_degree_strata,immune,seed44,dual_axis_disjoint,11,17,0.10221674876847298
H130,string_confidence_bin_permutation_within_degree_strata,immune,seed44,dual_axis_disjoint,11,18,0.09492231906025017
H130,string_confidence_bin_permutation_within_degree_strata,immune,seed44,dual_axis_disjoint,11,19,0.08800682076544142
H130,string_confidence_bin_permutation_within_degree_strata,immune,seed44,dual_axis_disjoint,11,20,0.0840280409245927
H130,string_confidence_bin_permutation_within_degree_strata,immune,seed44,dual_axis_disjoint,11,21,0.10562713148920044
H130,string_confidence_bin_permutation_within_degree_strata,immune,seed44,dual_axis_disjoint,11,22,0.08507010231148171
H130,string_confidence_bin_permutation_within_degree_strata,immune,seed44,dual_axis_disjoint,11,23,0.09842743463433135
H130,string_confidence_bin_permutation_within_degree_strata,immune,seed44,source_disjoint,11,0,0.1605955613821518
H130,string_confidence_bin_permutation_within_degree_strata,immune,seed44,source_disjoint,11,1,0.15563254986421948
H130,string_confidence_bin_permutation_within_degree_strata,immune,seed44,source_disjoint,11,2,0.14542560164809448
H130,string_confidence_bin_permutation_within_degree_strata,immune,seed44,source_disjoint,11,3,0.15965914411461746
H130,string_confidence_bin_permutation_within_degree_strata,immune,seed44,source_disjoint,11,4,0.1544152074164249
H130,string_confidence_bin_permutation_within_degree_strata,immune,seed44,source_disjoint,11,5,0.1611574117426725
H130,string_confidence_bin_permutation_within_degree_strata,immune,seed44,source_disjoint,11,6,0.1617192621031932
H130,string_confidence_bin_permutation_within_degree_strata,immune,seed44,source_disjoint,11,7,0.1550706995036989
H130,string_confidence_bin_permutation_within_degree_strata,immune,seed44,source_disjoint,11,8,0.14907762899147858
H130,string_confidence_bin_permutation_within_degree_strata,immune,seed44,source_disjoint,11,9,0.15497705777694537
H130,string_confidence_bin_permutation_within_degree_strata,immune,seed44,source_disjoint,11,10,0.16284296282423438
H130,string_confidence_bin_permutation_within_degree_strata,immune,seed44,source_disjoint,11,11,0.16087648656241216
H130,string_confidence_bin_permutation_within_degree_strata,immune,seed44,source_disjoint,11,12,0.15750538439928818
H130,string_confidence_bin_permutation_within_degree_strata,immune,seed44,source_disjoint,11,13,0.14102444049068263
H130,string_confidence_bin_permutation_within_degree_strata,immune,seed44,source_disjoint,11,14,0.15919093548085028
H130,string_confidence_bin_permutation_within_degree_strata,immune,seed44,source_disjoint,11,15,0.15525798295720583
H130,string_confidence_bin_permutation_within_degree_strata,immune,seed44,source_disjoint,11,16,0.16003371102163133
H130,string_confidence_bin_permutation_within_degree_strata,immune,seed44,source_disjoint,11,17,0.16190654555670003
H130,string_confidence_bin_permutation_within_degree_strata,immune,seed44,source_disjoint,11,18,0.15806723475980888
H130,string_confidence_bin_permutation_within_degree_strata,immune,seed44,source_disjoint,11,19,0.16078284483565874
H130,string_confidence_bin_permutation_within_degree_strata,immune,seed44,source_disjoint,11,20,0.13446951961794174
H130,string_confidence_bin_permutation_within_degree_strata,immune,seed44,source_disjoint,11,21,0.15862908512032958
H130,string_confidence_bin_permutation_within_degree_strata,immune,seed44,source_disjoint,11,22,0.1605955613821517
H130,string_confidence_bin_permutation_within_degree_strata,immune,seed44,source_disjoint,11,23,0.168274182975934
H130,string_confidence_bin_permutation_within_degree_strata,immune,seed44,target_disjoint,11,0,0.1051534672224328
H130,string_confidence_bin_permutation_within_degree_strata,immune,seed44,target_disjoint,11,1,0.0945433876468359
H130,string_confidence_bin_permutation_within_degree_strata,immune,seed44,target_disjoint,11,2,0.09539598332701782
H130,string_confidence_bin_permutation_within_degree_strata,immune,seed44,target_disjoint,11,3,0.08639636225843128
H130,string_confidence_bin_permutation_within_degree_strata,immune,seed44,target_disjoint,11,4,0.09804850322091696
H130,string_confidence_bin_permutation_within_degree_strata,immune,seed44,target_disjoint,11,5,0.09473285335354287
H130,string_confidence_bin_permutation_within_degree_strata,immune,seed44,target_disjoint,11,6,0.08980674497915875
H130,string_confidence_bin_permutation_within_degree_strata,immune,seed44,target_disjoint,11,7,0.0935960591133006
H130,string_confidence_bin_permutation_within_degree_strata,immune,seed44,target_disjoint,11,8,0.08488063660477452
H130,string_confidence_bin_permutation_within_degree_strata,immune,seed44,target_disjoint,11,9,0.09984842743463429
H130,string_confidence_bin_permutation_within_degree_strata,immune,seed44,target_disjoint,11,10,0.10591133004926101
H130,string_confidence_bin_permutation_within_degree_strata,immune,seed44,target_disjoint,11,11,0.10951117847669567
H130,string_confidence_bin_permutation_within_degree_strata,immune,seed44,target_disjoint,11,12,0.0789124668435014
H130,string_confidence_bin_permutation_within_degree_strata,immune,seed44,target_disjoint,11,13,0.09691170898067447
H130,string_confidence_bin_permutation_within_degree_strata,immune,seed44,target_disjoint,11,14,0.09795377036756348
H130,string_confidence_bin_permutation_within_degree_strata,immune,seed44,target_disjoint,11,15,0.09520651762031074
H130,string_confidence_bin_permutation_within_degree_strata,immune,seed44,target_disjoint,11,16,0.09132247063281551
H130,string_confidence_bin_permutation_within_degree_strata,immune,seed44,target_disjoint,11,17,0.07379689276240997
H130,string_confidence_bin_permutation_within_degree_strata,immune,seed44,target_disjoint,11,18,0.06887078438802574
H130,string_confidence_bin_permutation_within_degree_strata,immune,seed44,target_disjoint,11,19,0.10467980295566504
H130,string_confidence_bin_permutation_within_degree_strata,immune,seed44,target_disjoint,11,20,0.08279651383099662
H130,string_confidence_bin_permutation_within_degree_strata,immune,seed44,target_disjoint,11,21,0.10562713148920044
H130,string_confidence_bin_permutation_within_degree_strata,immune,seed44,target_disjoint,11,22,0.08383857521788562
H130,string_confidence_bin_permutation_within_degree_strata,immune,seed44,target_disjoint,11,23,0.07843880257673363
H130,string_confidence_bin_permutation_within_degree_strata,lung,seed44,dual_axis_disjoint,11,0,0.1566760998199126
H130,string_confidence_bin_permutation_within_degree_strata,lung,seed44,dual_axis_disjoint,11,1,0.16143555441214308
H130,string_confidence_bin_permutation_within_degree_strata,lung,seed44,dual_axis_disjoint,11,2,0.15744790326730118
H130,string_confidence_bin_permutation_within_degree_strata,lung,seed44,dual_axis_disjoint,11,3,0.146514021095961
H130,string_confidence_bin_permutation_within_degree_strata,lung,seed44,dual_axis_disjoint,11,4,0.15487522510933882
H130,string_confidence_bin_permutation_within_degree_strata,lung,seed44,dual_axis_disjoint,11,5,0.15551839464882933
H130,string_confidence_bin_permutation_within_degree_strata,lung,seed44,dual_axis_disjoint,11,6,0.16465140210959606
H130,string_confidence_bin_permutation_within_degree_strata,lung,seed44,dual_axis_disjoint,11,7,0.1634936969385129
H130,string_confidence_bin_permutation_within_degree_strata,lung,seed44,dual_axis_disjoint,11,8,0.14509904810908159
H130,string_confidence_bin_permutation_within_degree_strata,lung,seed44,dual_axis_disjoint,11,9,0.14767172626704395
H130,string_confidence_bin_permutation_within_degree_strata,lung,seed44,dual_axis_disjoint,11,10,0.15770517108309756
H130,string_confidence_bin_permutation_within_degree_strata,lung,seed44,dual_axis_disjoint,11,11,0.14972986879341377
H130,string_confidence_bin_permutation_within_degree_strata,lung,seed44,dual_axis_disjoint,11,12,0.1613069205042449
H130,string_confidence_bin_permutation_within_degree_strata,lung,seed44,dual_axis_disjoint,11,13,0.1457422176485721
H130,string_confidence_bin_permutation_within_degree_strata,lung,seed44,dual_axis_disjoint,11,14,0.15616156418831995
H130,string_confidence_bin_permutation_within_degree_strata,lung,seed44,dual_axis_disjoint,11,15,0.1557756624646256
H130,string_confidence_bin_permutation_within_degree_strata,lung,seed44,dual_axis_disjoint,11,16,0.15178801131978392
H130,string_confidence_bin_permutation_within_degree_strata,lung,seed44,dual_axis_disjoint,11,17,0.16336506303061482
H130,string_confidence_bin_permutation_within_degree_strata,lung,seed44,dual_axis_disjoint,11,18,0.15603293028042187
H130,string_confidence_bin_permutation_within_degree_strata,lung,seed44,dual_axis_disjoint,11,19,0.1472858245433496
H130,string_confidence_bin_permutation_within_degree_strata,lung,seed44,dual_axis_disjoint,11,20,0.1582197067146901
H130,string_confidence_bin_permutation_within_degree_strata,lung,seed44,dual_axis_disjoint,11,21,0.15616156418832006
H130,string_confidence_bin_permutation_within_degree_strata,lung,seed44,dual_axis_disjoint,11,22,0.15860560843838434
H130,string_confidence_bin_permutation_within_degree_strata,lung,seed44,dual_axis_disjoint,11,23,0.15564702855672752
H130,string_confidence_bin_permutation_within_degree_strata,lung,seed44,source_disjoint,11,0,0.1415220293724968
H130,string_confidence_bin_permutation_within_degree_strata,lung,seed44,source_disjoint,11,1,0.12093317405663706
H130,string_confidence_bin_permutation_within_degree_strata,lung,seed44,source_disjoint,11,2,0.12992762279530612
H130,string_confidence_bin_permutation_within_degree_strata,lung,seed44,source_disjoint,11,3,0.11966832970276164
H130,string_confidence_bin_permutation_within_degree_strata,lung,seed44,source_disjoint,11,4,0.1285925093106599
H130,string_confidence_bin_permutation_within_degree_strata,lung,seed44,source_disjoint,11,5,0.13723561239547466
H130,string_confidence_bin_permutation_within_degree_strata,lung,seed44,source_disjoint,11,6,0.13547888412620346
H130,string_confidence_bin_permutation_within_degree_strata,lung,seed44,source_disjoint,11,7,0.12936546974913932
H130,string_confidence_bin_permutation_within_degree_strata,lung,seed44,source_disjoint,11,8,0.1269060501721595
H130,string_confidence_bin_permutation_within_degree_strata,lung,seed44,source_disjoint,11,9,0.1263438971259927
H130,string_confidence_bin_permutation_within_degree_strata,lung,seed44,source_disjoint,11,10,0.12929520061836852
H130,string_confidence_bin_permutation_within_degree_strata,lung,seed44,source_disjoint,11,11,0.13316000281076534
H130,string_confidence_bin_permutation_within_degree_strata,lung,seed44,source_disjoint,11,12,0.13920314805705858
H130,string_confidence_bin_permutation_within_degree_strata,lung,seed44,source_disjoint,11,13,0.13885180240320438
H130,string_confidence_bin_permutation_within_degree_strata,lung,seed44,source_disjoint,11,14,0.13316000281076523
H130,string_confidence_bin_permutation_within_degree_strata,lung,seed44,source_disjoint,11,15,0.13126273627995233
H130,string_confidence_bin_permutation_within_degree_strata,lung,seed44,source_disjoint,11,16,0.12845197104911832
H130,string_confidence_bin_permutation_within_degree_strata,lung,seed44,source_disjoint,11,17,0.13386269411847385
H130,string_confidence_bin_permutation_within_degree_strata,lung,seed44,source_disjoint,11,18,0.13196542758766083
H130,string_confidence_bin_permutation_within_degree_strata,lung,seed44,source_disjoint,11,19,0.1261330897336801
H130,string_confidence_bin_permutation_within_degree_strata,lung,seed44,source_disjoint,11,20,0.13709507413393307
H130,string_confidence_bin_permutation_within_degree_strata,lung,seed44,source_disjoint,11,21,0.13660319021853695
H130,string_confidence_bin_permutation_within_degree_strata,lung,seed44,source_disjoint,11,22,0.1269060501721595
H130,string_confidence_bin_permutation_within_degree_strata,lung,seed44,source_disjoint,11,23,0.13857072588012087
H130,string_confidence_bin_permutation_within_degree_strata,lung,seed44,target_disjoint,11,0,0.10322535310238212
H130,string_confidence_bin_permutation_within_degree_strata,lung,seed44,target_disjoint,11,1,0.10856580704096697
H130,string_confidence_bin_permutation_within_degree_strata,lung,seed44,target_disjoint,11,2,0.1144684140257185
H130,string_confidence_bin_permutation_within_degree_strata,lung,seed44,target_disjoint,11,3,0.10765230834094597
H130,string_confidence_bin_permutation_within_degree_strata,lung,seed44,target_disjoint,11,4,0.0985173213407351
H130,string_confidence_bin_permutation_within_degree_strata,lung,seed44,target_disjoint,11,5,0.11032253531023828
H130,string_confidence_bin_permutation_within_degree_strata,lung,seed44,target_disjoint,11,6,0.11200899444873869
H130,string_confidence_bin_permutation_within_degree_strata,lung,seed44,target_disjoint,11,7,0.10983065139484227
H130,string_confidence_bin_permutation_within_degree_strata,lung,seed44,target_disjoint,11,8,0.11053334270255077
H130,string_confidence_bin_permutation_within_degree_strata,lung,seed44,target_disjoint,11,9,0.10694961703323735
H130,string_confidence_bin_permutation_within_degree_strata,lung,seed44,target_disjoint,11,10,0.10744150094863325
H130,string_confidence_bin_permutation_within_degree_strata,lung,seed44,target_disjoint,11,11,0.10624692572552874
H130,string_confidence_bin_permutation_within_degree_strata,lung,seed44,target_disjoint,11,12,0.10835499964865436
H130,string_confidence_bin_permutation_within_degree_strata,lung,seed44,target_disjoint,11,13,0.10701988616400815
H130,string_confidence_bin_permutation_within_degree_strata,lung,seed44,target_disjoint,11,14,0.10666854051015395
H130,string_confidence_bin_permutation_within_degree_strata,lung,seed44,target_disjoint,11,15,0.11116576487948848
H130,string_confidence_bin_permutation_within_degree_strata,lung,seed44,target_disjoint,11,16,0.10561450354859103
H130,string_confidence_bin_permutation_within_degree_strata,lung,seed44,target_disjoint,11,17,0.11074415009486338
H130,string_confidence_bin_permutation_within_degree_strata,lung,seed44,target_disjoint,11,18,0.10336589136392382
H130,string_confidence_bin_permutation_within_degree_strata,lung,seed44,target_disjoint,11,19,0.10793338486402926
H130,string_confidence_bin_permutation_within_degree_strata,lung,seed44,target_disjoint,11,20,0.10940903661021728
H130,string_confidence_bin_permutation_within_degree_strata,lung,seed44,target_disjoint,11,21,0.1136954535872392
H130,string_confidence_bin_permutation_within_degree_strata,lung,seed44,target_disjoint,11,22,0.11193872531796778
H130,string_confidence_bin_permutation_within_degree_strata,lung,seed44,target_disjoint,11,23,0.10449019745625754
H130,tf_identity_preserving_sign_shuffle,external_lung,seed42_main,dual_axis_disjoint,11,0,0.07287500000000002
H130,tf_identity_preserving_sign_shuffle,external_lung,seed42_main,dual_axis_disjoint,11,1,0.08900000000000008
H130,tf_identity_preserving_sign_shuffle,external_lung,seed42_main,dual_axis_disjoint,11,2,0.078125
H130,tf_identity_preserving_sign_shuffle,external_lung,seed42_main,dual_axis_disjoint,11,3,0.07537500000000008
H130,tf_identity_preserving_sign_shuffle,external_lung,seed42_main,dual_axis_disjoint,11,4,0.08050000000000013
H130,tf_identity_preserving_sign_shuffle,external_lung,seed42_main,dual_axis_disjoint,11,5,0.06637499999999996
H130,tf_identity_preserving_sign_shuffle,external_lung,seed42_main,dual_axis_disjoint,11,6,0.07950000000000013
H130,tf_identity_preserving_sign_shuffle,external_lung,seed42_main,dual_axis_disjoint,11,7,0.04512500000000008
H130,tf_identity_preserving_sign_shuffle,external_lung,seed42_main,dual_axis_disjoint,11,8,0.0665
H130,tf_identity_preserving_sign_shuffle,external_lung,seed42_main,dual_axis_disjoint,11,9,0.06562500000000004
H130,tf_identity_preserving_sign_shuffle,external_lung,seed42_main,dual_axis_disjoint,11,10,0.06987500000000002
H130,tf_identity_preserving_sign_shuffle,external_lung,seed42_main,dual_axis_disjoint,11,11,0.08962499999999995
H130,tf_identity_preserving_sign_shuffle,external_lung,seed42_main,dual_axis_disjoint,11,12,0.07537499999999997
H130,tf_identity_preserving_sign_shuffle,external_lung,seed42_main,dual_axis_disjoint,11,13,0.09525000000000006
H130,tf_identity_preserving_sign_shuffle,external_lung,seed42_main,dual_axis_disjoint,11,14,0.06475000000000009
H130,tf_identity_preserving_sign_shuffle,external_lung,seed42_main,dual_axis_disjoint,11,15,0.0665
H130,tf_identity_preserving_sign_shuffle,external_lung,seed42_main,dual_axis_disjoint,11,16,0.08787500000000015
H130,tf_identity_preserving_sign_shuffle,external_lung,seed42_main,dual_axis_disjoint,11,17,0.058375000000000066
H130,tf_identity_preserving_sign_shuffle,external_lung,seed42_main,dual_axis_disjoint,11,18,0.08262500000000017
H130,tf_identity_preserving_sign_shuffle,external_lung,seed42_main,dual_axis_disjoint,11,19,0.07725000000000015
H130,tf_identity_preserving_sign_shuffle,external_lung,seed42_main,dual_axis_disjoint,11,20,0.060125000000000206
H130,tf_identity_preserving_sign_shuffle,external_lung,seed42_main,dual_axis_disjoint,11,21,0.0807500000000001
H130,tf_identity_preserving_sign_shuffle,external_lung,seed42_main,dual_axis_disjoint,11,22,0.13137500000000013
H130,tf_identity_preserving_sign_shuffle,external_lung,seed42_main,dual_axis_disjoint,11,23,0.09637499999999999
H130,tf_identity_preserving_sign_shuffle,external_lung,seed42_main,source_disjoint,11,0,0.13256606990622344
H130,tf_identity_preserving_sign_shuffle,external_lung,seed42_main,source_disjoint,11,1,0.14194373401534544
H130,tf_identity_preserving_sign_shuffle,external_lung,seed42_main,source_disjoint,11,2,0.12354362034668953
H130,tf_identity_preserving_sign_shuffle,external_lung,seed42_main,source_disjoint,11,3,0.12219380505825517
H130,tf_identity_preserving_sign_shuffle,external_lung,seed42_main,source_disjoint,11,4,0.12716680875248643
H130,tf_identity_preserving_sign_shuffle,external_lung,seed42_main,source_disjoint,11,5,0.11942313157146911
H130,tf_identity_preserving_sign_shuffle,external_lung,seed42_main,source_disjoint,11,6,0.12446717817561814
H130,tf_identity_preserving_sign_shuffle,external_lung,seed42_main,source_disjoint,11,7,0.11658141517476561
H130,tf_identity_preserving_sign_shuffle,external_lung,seed42_main,source_disjoint,11,8,0.10805626598465479
H130,tf_identity_preserving_sign_shuffle,external_lung,seed42_main,source_disjoint,11,9,0.11508951406649626
H130,tf_identity_preserving_sign_shuffle,external_lung,seed42_main,source_disjoint,11,10,0.13164251207729472
H130,tf_identity_preserving_sign_shuffle,external_lung,seed42_main,source_disjoint,11,11,0.12155441886899687
H130,tf_identity_preserving_sign_shuffle,external_lung,seed42_main,source_disjoint,11,12,0.1204177323103155
H130,tf_identity_preserving_sign_shuffle,external_lung,seed42_main,source_disjoint,11,13,0.13732594487070193
H130,tf_identity_preserving_sign_shuffle,external_lung,seed42_main,source_disjoint,11,14,0.12063086104006826
H130,tf_identity_preserving_sign_shuffle,external_lung,seed42_main,source_disjoint,11,15,0.13015061096902536
H130,tf_identity_preserving_sign_shuffle,external_lung,seed42_main,source_disjoint,11,16,0.12972435350951972
H130,tf_identity_preserving_sign_shuffle,external_lung,seed42_main,source_disjoint,11,17,0.10464620630861043
H130,tf_identity_preserving_sign_shuffle,external_lung,seed42_main,source_disjoint,11,18,0.11111111111111116
H130,tf_identity_preserving_sign_shuffle,external_lung,seed42_main,source_disjoint,11,19,0.1170787155441888
H130,tf_identity_preserving_sign_shuffle,external_lung,seed42_main,source_disjoint,11,20,0.12652742256322824
H130,tf_identity_preserving_sign_shuffle,external_lung,seed42_main,source_disjoint,11,21,0.12809036658141515
H130,tf_identity_preserving_sign_shuffle,external_lung,seed42_main,source_disjoint,11,22,0.1116794543904519
H130,tf_identity_preserving_sign_shuffle,external_lung,seed42_main,source_disjoint,11,23,0.14798238135834052
H130,tf_identity_preserving_sign_shuffle,external_lung,seed42_main,target_disjoint,11,0,0.08326572756102968
H130,tf_identity_preserving_sign_shuffle,external_lung,seed42_main,target_disjoint,11,1,0.0824544582933846
H130,tf_identity_preserving_sign_shuffle,external_lung,seed42_main,target_disjoint,11,2,0.08038940924846971
H130,tf_identity_preserving_sign_shuffle,external_lung,seed42_main,target_disjoint,11,3,0.0536175234161812
H130,tf_identity_preserving_sign_shuffle,external_lung,seed42_main,target_disjoint,11,4,0.07721808392949348
H130,tf_identity_preserving_sign_shuffle,external_lung,seed42_main,target_disjoint,11,5,0.07441551736853758
H130,tf_identity_preserving_sign_shuffle,external_lung,seed42_main,target_disjoint,11,6,0.07729183568109754
H130,tf_identity_preserving_sign_shuffle,external_lung,seed42_main,target_disjoint,11,7,0.08791208791208793
H130,tf_identity_preserving_sign_shuffle,external_lung,seed42_main,target_disjoint,11,8,0.07153919905597761
H130,tf_identity_preserving_sign_shuffle,external_lung,seed42_main,target_disjoint,11,9,0.0730879858396638
H130,tf_identity_preserving_sign_shuffle,external_lung,seed42_main,target_disjoint,11,10,0.08260196179659274
H130,tf_identity_preserving_sign_shuffle,external_lung,seed42_main,target_disjoint,11,11,0.06047643631536259
H130,tf_identity_preserving_sign_shuffle,external_lung,seed42_main,target_disjoint,11,12,0.0758905524006196
H130,tf_identity_preserving_sign_shuffle,external_lung,seed42_main,target_disjoint,11,13,0.07884062246478363
H130,tf_identity_preserving_sign_shuffle,external_lung,seed42_main,target_disjoint,11,14,0.07684932517147292
H130,tf_identity_preserving_sign_shuffle,external_lung,seed42_main,target_disjoint,11,15,0.06925289475625052
H130,tf_identity_preserving_sign_shuffle,external_lung,seed42_main,target_disjoint,11,16,0.07802935319713855
H130,tf_identity_preserving_sign_shuffle,external_lung,seed42_main,target_disjoint,11,17,0.08533077660594446
H130,tf_identity_preserving_sign_shuffle,external_lung,seed42_main,target_disjoint,11,18,0.07861936720997131
H130,tf_identity_preserving_sign_shuffle,external_lung,seed42_main,target_disjoint,11,19,0.08046316100007378
H130,tf_identity_preserving_sign_shuffle,external_lung,seed42_main,target_disjoint,11,20,0.06917914300464645
H130,tf_identity_preserving_sign_shuffle,external_lung,seed42_main,target_disjoint,11,21,0.06822037023379313
H130,tf_identity_preserving_sign_shuffle,external_lung,seed42_main,target_disjoint,11,22,0.0766280699166606
H130,tf_identity_preserving_sign_shuffle,external_lung,seed42_main,target_disjoint,11,23,0.07176045431079003
H130,tf_identity_preserving_sign_shuffle,immune,seed42_main,dual_axis_disjoint,11,0,0.10638499431602888
H130,tf_identity_preserving_sign_shuffle,immune,seed42_main,dual_axis_disjoint,11,1,0.06716559302766201
H130,tf_identity_preserving_sign_shuffle,immune,seed42_main,dual_axis_disjoint,11,2,0.08440697233800687
H130,tf_identity_preserving_sign_shuffle,immune,seed42_main,dual_axis_disjoint,11,3,0.09113300492610843
H130,tf_identity_preserving_sign_shuffle,immune,seed42_main,dual_axis_disjoint,11,4,0.10212201591511938
H130,tf_identity_preserving_sign_shuffle,immune,seed42_main,dual_axis_disjoint,11,5,0.0746494884425919
H130,tf_identity_preserving_sign_shuffle,immune,seed42_main,dual_axis_disjoint,11,6,0.09046987495263359
H130,tf_identity_preserving_sign_shuffle,immune,seed42_main,dual_axis_disjoint,11,7,0.08147025388404705
H130,tf_identity_preserving_sign_shuffle,immune,seed42_main,dual_axis_disjoint,11,8,0.08762788935202737
H130,tf_identity_preserving_sign_shuffle,immune,seed42_main,dual_axis_disjoint,11,9,0.11481621826449429
H130,tf_identity_preserving_sign_shuffle,immune,seed42_main,dual_axis_disjoint,11,10,0.08980674497915886
H130,tf_identity_preserving_sign_shuffle,immune,seed42_main,dual_axis_disjoint,11,11,0.0871542250852596
H130,tf_identity_preserving_sign_shuffle,immune,seed42_main,dual_axis_disjoint,11,12,0.08014399393709737
H130,tf_identity_preserving_sign_shuffle,immune,seed42_main,dual_axis_disjoint,11,13,0.09691170898067447
H130,tf_identity_preserving_sign_shuffle,immune,seed42_main,dual_axis_disjoint,11,14,0.10287987874194782
H130,tf_identity_preserving_sign_shuffle,immune,seed42_main,dual_axis_disjoint,11,15,0.08014399393709748
H130,tf_identity_preserving_sign_shuffle,immune,seed42_main,dual_axis_disjoint,11,16,0.08327017809776427
H130,tf_identity_preserving_sign_shuffle,immune,seed42_main,dual_axis_disjoint,11,17,0.07076544145509667
H130,tf_identity_preserving_sign_shuffle,immune,seed42_main,dual_axis_disjoint,11,18,0.08147025388404705
H130,tf_identity_preserving_sign_shuffle,immune,seed42_main,dual_axis_disjoint,11,19,0.08601743084501712
H130,tf_identity_preserving_sign_shuffle,immune,seed42_main,dual_axis_disjoint,11,20,0.10486926866237212
H130,tf_identity_preserving_sign_shuffle,immune,seed42_main,dual_axis_disjoint,11,21,0.09748010610079583
H130,tf_identity_preserving_sign_shuffle,immune,seed42_main,dual_axis_disjoint,11,22,0.09312239484653284
H130,tf_identity_preserving_sign_shuffle,immune,seed42_main,dual_axis_disjoint,11,23,0.06432360742705578
H130,tf_identity_preserving_sign_shuffle,immune,seed42_main,source_disjoint,11,0,0.0056185036052066595
H130,tf_identity_preserving_sign_shuffle,immune,seed42_main,source_disjoint,11,1,0.04363704466710383
H130,tf_identity_preserving_sign_shuffle,immune,seed42_main,source_disjoint,11,2,0.012641633111714623
H130,tf_identity_preserving_sign_shuffle,immune,seed42_main,source_disjoint,11,3,0.024721415862908547
H130,tf_identity_preserving_sign_shuffle,immune,seed42_main,source_disjoint,11,4,0.01732371944938682
H130,tf_identity_preserving_sign_shuffle,immune,seed42_main,source_disjoint,11,5,0.025283266223429357
H130,tf_identity_preserving_sign_shuffle,immune,seed42_main,source_disjoint,11,6,0.01432718419327661
H130,tf_identity_preserving_sign_shuffle,immune,seed42_main,source_disjoint,11,7,0.025564191403689485
H130,tf_identity_preserving_sign_shuffle,immune,seed42_main,source_disjoint,11,8,0.01620001872834531
H130,tf_identity_preserving_sign_shuffle,immune,seed42_main,source_disjoint,11,9,0.023410431688360434
H130,tf_identity_preserving_sign_shuffle,immune,seed42_main,source_disjoint,11,10,0.028560726659799696
H130,tf_identity_preserving_sign_shuffle,immune,seed42_main,source_disjoint,11,11,0.022754939601086432
H130,tf_identity_preserving_sign_shuffle,immune,seed42_main,source_disjoint,11,12,0.025002341043168896
H130,tf_identity_preserving_sign_shuffle,immune,seed42_main,source_disjoint,11,13,0.025845116583949834
H130,tf_identity_preserving_sign_shuffle,immune,seed42_main,source_disjoint,11,14,0.026968817304991233
H130,tf_identity_preserving_sign_shuffle,immune,seed42_main,source_disjoint,11,15,0.027998876299278996
H130,tf_identity_preserving_sign_shuffle,immune,seed42_main,source_disjoint,11,16,0.016855510815619534
H130,tf_identity_preserving_sign_shuffle,immune,seed42_main,source_disjoint,11,17,0.006929487779754773
H130,tf_identity_preserving_sign_shuffle,immune,seed42_main,source_disjoint,11,18,0.03258732091019767
H130,tf_identity_preserving_sign_shuffle,immune,seed42_main,source_disjoint,11,19,0.030714486375128858
H130,tf_identity_preserving_sign_shuffle,immune,seed42_main,source_disjoint,11,20,0.019196553984455633
H130,tf_identity_preserving_sign_shuffle,immune,seed42_main,source_disjoint,11,21,-0.00018728345350671471
H130,tf_identity_preserving_sign_shuffle,immune,seed42_main,source_disjoint,11,22,0.029497143927334157
H130,tf_identity_preserving_sign_shuffle,immune,seed42_main,source_disjoint,11,23,0.01610637700159212
H130,tf_identity_preserving_sign_shuffle,immune,seed42_main,target_disjoint,11,0,0.06081849185297461
H130,tf_identity_preserving_sign_shuffle,immune,seed42_main,target_disjoint,11,1,0.054660856384994294
H130,tf_identity_preserving_sign_shuffle,immune,seed42_main,target_disjoint,11,2,0.05541871921182262
H130,tf_identity_preserving_sign_shuffle,immune,seed42_main,target_disjoint,11,3,0.04537703675634708
H130,tf_identity_preserving_sign_shuffle,immune,seed42_main,target_disjoint,11,4,0.04964001515725658
H130,tf_identity_preserving_sign_shuffle,immune,seed42_main,target_disjoint,11,5,0.05968169761273212
H130,tf_identity_preserving_sign_shuffle,immune,seed42_main,target_disjoint,11,6,0.04736642667677149
H130,tf_identity_preserving_sign_shuffle,immune,seed42_main,target_disjoint,11,7,0.06100795755968158
H130,tf_identity_preserving_sign_shuffle,immune,seed42_main,target_disjoint,11,8,0.06167108753315653
H130,tf_identity_preserving_sign_shuffle,immune,seed42_main,target_disjoint,11,9,0.054187192118226646
H130,tf_identity_preserving_sign_shuffle,immune,seed42_main,target_disjoint,11,10,0.05200833649109515
H130,tf_identity_preserving_sign_shuffle,immune,seed42_main,target_disjoint,11,11,0.06792345585449044
H130,tf_identity_preserving_sign_shuffle,immune,seed42_main,target_disjoint,11,12,0.051439939370973686
H130,tf_identity_preserving_sign_shuffle,immune,seed42_main,target_disjoint,11,13,0.059586964759378636
H130,tf_identity_preserving_sign_shuffle,immune,seed42_main,target_disjoint,11,14,0.055797650625236894
H130,tf_identity_preserving_sign_shuffle,immune,seed42_main,target_disjoint,11,15,0.06100795755968169
H130,tf_identity_preserving_sign_shuffle,immune,seed42_main,target_disjoint,11,16,0.0692497158014399
H130,tf_identity_preserving_sign_shuffle,immune,seed42_main,target_disjoint,11,17,0.05267146646456988
H130,tf_identity_preserving_sign_shuffle,immune,seed42_main,target_disjoint,11,18,0.05409245926487305
H130,tf_identity_preserving_sign_shuffle,immune,seed42_main,target_disjoint,11,19,0.03618794998105335
H130,tf_identity_preserving_sign_shuffle,immune,seed42_main,target_disjoint,11,20,0.055513452065176216
H130,tf_identity_preserving_sign_shuffle,immune,seed42_main,target_disjoint,11,21,0.04537703675634708
H130,tf_identity_preserving_sign_shuffle,immune,seed42_main,target_disjoint,11,22,0.04907161803713522
H130,tf_identity_preserving_sign_shuffle,immune,seed42_main,target_disjoint,11,23,0.04035619552860936
H130,tf_identity_preserving_sign_shuffle,lung,seed42_main,dual_axis_disjoint,11,0,0.13319394908375348
H130,tf_identity_preserving_sign_shuffle,lung,seed42_main,dual_axis_disjoint,11,1,0.12495388021153608
H130,tf_identity_preserving_sign_shuffle,lung,seed42_main,dual_axis_disjoint,11,2,0.12913540769893006
H130,tf_identity_preserving_sign_shuffle,lung,seed42_main,dual_axis_disjoint,11,3,0.1277825605706555
H130,tf_identity_preserving_sign_shuffle,lung,seed42_main,dual_axis_disjoint,11,4,0.10503013159512975
H130,tf_identity_preserving_sign_shuffle,lung,seed42_main,dual_axis_disjoint,11,5,0.11302422826220648
H130,tf_identity_preserving_sign_shuffle,lung,seed42_main,dual_axis_disjoint,11,6,0.11732874185217068
H130,tf_identity_preserving_sign_shuffle,lung,seed42_main,dual_axis_disjoint,11,7,0.12151026933956466
H130,tf_identity_preserving_sign_shuffle,lung,seed42_main,dual_axis_disjoint,11,8,0.11831263067273401
H130,tf_identity_preserving_sign_shuffle,lung,seed42_main,dual_axis_disjoint,11,9,0.11954249169843811
H130,tf_identity_preserving_sign_shuffle,lung,seed42_main,dual_axis_disjoint,11,10,0.11216332554421349
H130,tf_identity_preserving_sign_shuffle,lung,seed42_main,dual_axis_disjoint,11,11,0.12384700528840253
H130,tf_identity_preserving_sign_shuffle,lung,seed42_main,dual_axis_disjoint,11,12,0.0655515926700283
H130,tf_identity_preserving_sign_shuffle,lung,seed42_main,dual_axis_disjoint,11,13,0.11880457508301556
H130,tf_identity_preserving_sign_shuffle,lung,seed42_main,dual_axis_disjoint,11,14,0.12446193580125453
H130,tf_identity_preserving_sign_shuffle,lung,seed42_main,dual_axis_disjoint,11,15,0.10490714549255942
H130,tf_identity_preserving_sign_shuffle,lung,seed42_main,dual_axis_disjoint,11,16,0.12138728323699421
H130,tf_identity_preserving_sign_shuffle,lung,seed42_main,dual_axis_disjoint,11,17,0.10761283974910829
H130,tf_identity_preserving_sign_shuffle,lung,seed42_main,dual_axis_disjoint,11,18,0.12852047718607795
H130,tf_identity_preserving_sign_shuffle,lung,seed42_main,dual_axis_disjoint,11,19,0.11474603369819214
H130,tf_identity_preserving_sign_shuffle,lung,seed42_main,dual_axis_disjoint,11,20,0.12852047718607795
H130,tf_identity_preserving_sign_shuffle,lung,seed42_main,dual_axis_disjoint,11,21,0.10724388144139707
H130,tf_identity_preserving_sign_shuffle,lung,seed42_main,dual_axis_disjoint,11,22,0.12507686631410653
H130,tf_identity_preserving_sign_shuffle,lung,seed42_main,dual_axis_disjoint,11,23,0.13491575451973936
H130,tf_identity_preserving_sign_shuffle,lung,seed42_main,source_disjoint,11,0,0.09718220785608878
H130,tf_identity_preserving_sign_shuffle,lung,seed42_main,source_disjoint,11,1,0.11784133230271931
H130,tf_identity_preserving_sign_shuffle,lung,seed42_main,source_disjoint,11,2,0.11629541142576061
H130,tf_identity_preserving_sign_shuffle,lung,seed42_main,source_disjoint,11,3,0.10694961703323724
H130,tf_identity_preserving_sign_shuffle,lung,seed42_main,source_disjoint,11,4,0.1144684140257185
H130,tf_identity_preserving_sign_shuffle,lung,seed42_main,source_disjoint,11,5,0.11931698404890723
H130,tf_identity_preserving_sign_shuffle,lung,seed42_main,source_disjoint,11,6,0.09099852434825373
H130,tf_identity_preserving_sign_shuffle,lung,seed42_main,source_disjoint,11,7,0.13723561239547466
H130,tf_identity_preserving_sign_shuffle,lung,seed42_main,source_disjoint,11,8,0.10456046658702833
H130,tf_identity_preserving_sign_shuffle,lung,seed42_main,source_disjoint,11,9,0.10533342702550763
H130,tf_identity_preserving_sign_shuffle,lung,seed42_main,source_disjoint,11,10,0.11798187056426113
H130,tf_identity_preserving_sign_shuffle,lung,seed42_main,source_disjoint,11,11,0.10441992832548663
H130,tf_identity_preserving_sign_shuffle,lung,seed42_main,source_disjoint,11,12,0.1302086993183894
H130,tf_identity_preserving_sign_shuffle,lung,seed42_main,source_disjoint,11,13,0.09676059307146356
H130,tf_identity_preserving_sign_shuffle,lung,seed42_main,source_disjoint,11,14,0.09120933174056634
H130,tf_identity_preserving_sign_shuffle,lung,seed42_main,source_disjoint,11,15,0.11503056707188519
H130,tf_identity_preserving_sign_shuffle,lung,seed42_main,source_disjoint,11,16,0.12514932190288797
H130,tf_identity_preserving_sign_shuffle,lung,seed42_main,source_disjoint,11,17,0.08298784344037657
H130,tf_identity_preserving_sign_shuffle,lung,seed42_main,source_disjoint,11,18,0.08973367999437831
H130,tf_identity_preserving_sign_shuffle,lung,seed42_main,source_disjoint,11,19,0.10807392312557096
H130,tf_identity_preserving_sign_shuffle,lung,seed42_main,source_disjoint,11,20,0.10673880964092475
H130,tf_identity_preserving_sign_shuffle,lung,seed42_main,source_disjoint,11,21,0.10940903661021706
H130,tf_identity_preserving_sign_shuffle,lung,seed42_main,source_disjoint,11,22,0.09373902044831695
H130,tf_identity_preserving_sign_shuffle,lung,seed42_main,source_disjoint,11,23,0.10090647178694401
H130,tf_identity_preserving_sign_shuffle,lung,seed42_main,target_disjoint,11,0,0.10264285714285692
H130,tf_identity_preserving_sign_shuffle,lung,seed42_main,target_disjoint,11,1,0.10614285714285698
H130,tf_identity_preserving_sign_shuffle,lung,seed42_main,target_disjoint,11,2,0.09557142857142831
H130,tf_identity_preserving_sign_shuffle,lung,seed42_main,target_disjoint,11,3,0.11342857142857132
H130,tf_identity_preserving_sign_shuffle,lung,seed42_main,target_disjoint,11,4,0.1082857142857141
H130,tf_identity_preserving_sign_shuffle,lung,seed42_main,target_disjoint,11,5,0.11935714285714272
H130,tf_identity_preserving_sign_shuffle,lung,seed42_main,target_disjoint,11,6,0.11321428571428549
H130,tf_identity_preserving_sign_shuffle,lung,seed42_main,target_disjoint,11,7,0.11378571428571416
H130,tf_identity_preserving_sign_shuffle,lung,seed42_main,target_disjoint,11,8,0.11699999999999999
H130,tf_identity_preserving_sign_shuffle,lung,seed42_main,target_disjoint,11,9,0.12385714285714267
H130,tf_identity_preserving_sign_shuffle,lung,seed42_main,target_disjoint,11,10,0.12057142857142844
H130,tf_identity_preserving_sign_shuffle,lung,seed42_main,target_disjoint,11,11,0.10771428571428554
H130,tf_identity_preserving_sign_shuffle,lung,seed42_main,target_disjoint,11,12,0.10971428571428565
H130,tf_identity_preserving_sign_shuffle,lung,seed42_main,target_disjoint,11,13,0.10921428571428571
H130,tf_identity_preserving_sign_shuffle,lung,seed42_main,target_disjoint,11,14,0.10342857142857131
H130,tf_identity_preserving_sign_shuffle,lung,seed42_main,target_disjoint,11,15,0.11042857142857132
H130,tf_identity_preserving_sign_shuffle,lung,seed42_main,target_disjoint,11,16,0.11757142857142844
H130,tf_identity_preserving_sign_shuffle,lung,seed42_main,target_disjoint,11,17,0.12485714285714278
H130,tf_identity_preserving_sign_shuffle,lung,seed42_main,target_disjoint,11,18,0.10964285714285715
H130,tf_identity_preserving_sign_shuffle,lung,seed42_main,target_disjoint,11,19,0.126142857142857
H130,tf_identity_preserving_sign_shuffle,lung,seed42_main,target_disjoint,11,20,0.12071428571428566
H130,tf_identity_preserving_sign_shuffle,lung,seed42_main,target_disjoint,11,21,0.10842857142857132
H130,tf_identity_preserving_sign_shuffle,lung,seed42_main,target_disjoint,11,22,0.11578571428571416
H130,tf_identity_preserving_sign_shuffle,lung,seed42_main,target_disjoint,11,23,0.11099999999999977
H130,tf_identity_preserving_sign_shuffle,external_lung,seed43,dual_axis_disjoint,11,0,0.15027741707000342
H130,tf_identity_preserving_sign_shuffle,external_lung,seed43,dual_axis_disjoint,11,1,0.1258411049462872
H130,tf_identity_preserving_sign_shuffle,external_lung,seed43,dual_axis_disjoint,11,2,0.12454255695903649
H130,tf_identity_preserving_sign_shuffle,external_lung,seed43,dual_axis_disjoint,11,3,0.14803447054657048
H130,tf_identity_preserving_sign_shuffle,external_lung,seed43,dual_axis_disjoint,11,4,0.12430645732499113
H130,tf_identity_preserving_sign_shuffle,external_lung,seed43,dual_axis_disjoint,11,5,0.13174359579742645
H130,tf_identity_preserving_sign_shuffle,external_lung,seed43,dual_axis_disjoint,11,6,0.1426041789635225
H130,tf_identity_preserving_sign_shuffle,external_lung,seed43,dual_axis_disjoint,11,7,0.14106953134222644
H130,tf_identity_preserving_sign_shuffle,external_lung,seed43,dual_axis_disjoint,11,8,0.09644670050761406
H130,tf_identity_preserving_sign_shuffle,external_lung,seed43,dual_axis_disjoint,11,9,0.14626372329122894
H130,tf_identity_preserving_sign_shuffle,external_lung,seed43,dual_axis_disjoint,11,10,0.13788218628261129
H130,tf_identity_preserving_sign_shuffle,external_lung,seed43,dual_axis_disjoint,11,11,0.1220635108015583
H130,tf_identity_preserving_sign_shuffle,external_lung,seed43,dual_axis_disjoint,11,12,0.1286743005548341
H130,tf_identity_preserving_sign_shuffle,external_lung,seed43,dual_axis_disjoint,11,13,0.11675126903553301
H130,tf_identity_preserving_sign_shuffle,external_lung,seed43,dual_axis_disjoint,11,14,0.12395230787392275
H130,tf_identity_preserving_sign_shuffle,external_lung,seed43,dual_axis_disjoint,11,15,0.14992326761893504
H130,tf_identity_preserving_sign_shuffle,external_lung,seed43,dual_axis_disjoint,11,16,0.1297367489080391
H130,tf_identity_preserving_sign_shuffle,external_lung,seed43,dual_axis_disjoint,11,17,0.1361114390272694
H130,tf_identity_preserving_sign_shuffle,external_lung,seed43,dual_axis_disjoint,11,18,0.13292409396765414
H130,tf_identity_preserving_sign_shuffle,external_lung,seed43,dual_axis_disjoint,11,19,0.13587533939322394
H130,tf_identity_preserving_sign_shuffle,external_lung,seed43,dual_axis_disjoint,11,20,0.07366308582221681
H130,tf_identity_preserving_sign_shuffle,external_lung,seed43,dual_axis_disjoint,11,21,0.13127139652933528
H130,tf_identity_preserving_sign_shuffle,external_lung,seed43,dual_axis_disjoint,11,22,0.13398654232085938
H130,tf_identity_preserving_sign_shuffle,external_lung,seed43,dual_axis_disjoint,11,23,0.132569944516586
H130,tf_identity_preserving_sign_shuffle,external_lung,seed43,source_disjoint,11,0,0.07106526255462431
H130,tf_identity_preserving_sign_shuffle,external_lung,seed43,source_disjoint,11,1,0.05172290278673275
H130,tf_identity_preserving_sign_shuffle,external_lung,seed43,source_disjoint,11,2,0.06748334407908885
H130,tf_identity_preserving_sign_shuffle,external_lung,seed43,source_disjoint,11,3,0.06927430331685658
H130,tf_identity_preserving_sign_shuffle,external_lung,seed43,source_disjoint,11,4,0.0762232251593955
H130,tf_identity_preserving_sign_shuffle,external_lung,seed43,source_disjoint,11,5,0.060104592019485814
H130,tf_identity_preserving_sign_shuffle,external_lung,seed43,source_disjoint,11,6,0.07500537287771347
H130,tf_identity_preserving_sign_shuffle,external_lung,seed43,source_disjoint,11,7,0.0687728347302815
H130,tf_identity_preserving_sign_shuffle,external_lung,seed43,source_disjoint,11,8,0.07163836951071001
H130,tf_identity_preserving_sign_shuffle,external_lung,seed43,source_disjoint,11,9,0.08224084819829502
H130,tf_identity_preserving_sign_shuffle,external_lung,seed43,source_disjoint,11,10,0.06755498244859959
H130,tf_identity_preserving_sign_shuffle,external_lung,seed43,source_disjoint,11,11,0.07994842037395233
H130,tf_identity_preserving_sign_shuffle,external_lung,seed43,source_disjoint,11,12,0.07815746113618471
H130,tf_identity_preserving_sign_shuffle,external_lung,seed43,source_disjoint,11,13,0.07901712157031315
H130,tf_identity_preserving_sign_shuffle,external_lung,seed43,source_disjoint,11,14,0.08625259689089493
H130,tf_identity_preserving_sign_shuffle,external_lung,seed43,source_disjoint,11,15,0.05774052582563238
H130,tf_identity_preserving_sign_shuffle,external_lung,seed43,source_disjoint,11,16,0.0635432337559999
H130,tf_identity_preserving_sign_shuffle,external_lung,seed43,source_disjoint,11,17,0.07708288559352405
H130,tf_identity_preserving_sign_shuffle,external_lung,seed43,source_disjoint,11,18,0.08087971917759151
H130,tf_identity_preserving_sign_shuffle,external_lung,seed43,source_disjoint,11,19,0.06060606060606066
H130,tf_identity_preserving_sign_shuffle,external_lung,seed43,source_disjoint,11,20,0.06361487212551054
H130,tf_identity_preserving_sign_shuffle,external_lung,seed43,source_disjoint,11,21,0.05351386202450037
H130,tf_identity_preserving_sign_shuffle,external_lung,seed43,source_disjoint,11,22,0.06913102657783532
H130,tf_identity_preserving_sign_shuffle,external_lung,seed43,source_disjoint,11,23,0.05523318289275747
H130,tf_identity_preserving_sign_shuffle,external_lung,seed43,target_disjoint,11,0,0.10030238218157683
H130,tf_identity_preserving_sign_shuffle,external_lung,seed43,target_disjoint,11,1,0.09233719300833398
H130,tf_identity_preserving_sign_shuffle,external_lung,seed43,target_disjoint,11,2,0.08179069252894766
H130,tf_identity_preserving_sign_shuffle,external_lung,seed43,target_disjoint,11,3,0.09882734714949493
H130,tf_identity_preserving_sign_shuffle,external_lung,seed43,target_disjoint,11,4,0.09676229810458015
H130,tf_identity_preserving_sign_shuffle,external_lung,seed43,target_disjoint,11,5,0.08805959141529607
H130,tf_identity_preserving_sign_shuffle,external_lung,seed43,target_disjoint,11,6,0.10126115495243015
H130,tf_identity_preserving_sign_shuffle,external_lung,seed43,target_disjoint,11,7,0.10716129508075833
H130,tf_identity_preserving_sign_shuffle,external_lung,seed43,target_disjoint,11,8,0.10524374953905158
H130,tf_identity_preserving_sign_shuffle,external_lung,seed43,target_disjoint,11,9,0.07677557341986874
H130,tf_identity_preserving_sign_shuffle,external_lung,seed43,target_disjoint,11,10,0.11239766944464935
H130,tf_identity_preserving_sign_shuffle,external_lung,seed43,target_disjoint,11,11,0.10391621801017781
H130,tf_identity_preserving_sign_shuffle,external_lung,seed43,target_disjoint,11,12,0.10863633011284024
H130,tf_identity_preserving_sign_shuffle,external_lung,seed43,target_disjoint,11,13,0.09772107087543336
H130,tf_identity_preserving_sign_shuffle,external_lung,seed43,target_disjoint,11,14,0.10044988568478497
H130,tf_identity_preserving_sign_shuffle,external_lung,seed43,target_disjoint,11,15,0.11756029205693652
H130,tf_identity_preserving_sign_shuffle,external_lung,seed43,target_disjoint,11,16,0.0584113872704477
H130,tf_identity_preserving_sign_shuffle,external_lung,seed43,target_disjoint,11,17,0.0801681539936574
H130,tf_identity_preserving_sign_shuffle,external_lung,seed43,target_disjoint,11,18,0.09919610590751538
H130,tf_identity_preserving_sign_shuffle,external_lung,seed43,target_disjoint,11,19,0.09093590972785603
H130,tf_identity_preserving_sign_shuffle,external_lung,seed43,target_disjoint,11,20,0.13009808982963345
H130,tf_identity_preserving_sign_shuffle,external_lung,seed43,target_disjoint,11,21,0.07625931115864015
H130,tf_identity_preserving_sign_shuffle,external_lung,seed43,target_disjoint,11,22,0.061361457334611735
H130,tf_identity_preserving_sign_shuffle,external_lung,seed43,target_disjoint,11,23,0.08208569953536404
H130,tf_identity_preserving_sign_shuffle,immune,seed43,dual_axis_disjoint,11,0,0.06953703703703706
H130,tf_identity_preserving_sign_shuffle,immune,seed43,dual_axis_disjoint,11,1,0.07824074074074072
H130,tf_identity_preserving_sign_shuffle,immune,seed43,dual_axis_disjoint,11,2,0.06472222222222213
H130,tf_identity_preserving_sign_shuffle,immune,seed43,dual_axis_disjoint,11,3,0.08212962962962966
H130,tf_identity_preserving_sign_shuffle,immune,seed43,dual_axis_disjoint,11,4,0.08648148148148149
H130,tf_identity_preserving_sign_shuffle,immune,seed43,dual_axis_disjoint,11,5,0.06898148148148142
H130,tf_identity_preserving_sign_shuffle,immune,seed43,dual_axis_disjoint,11,6,0.08138888888888884
H130,tf_identity_preserving_sign_shuffle,immune,seed43,dual_axis_disjoint,11,7,0.0767592592592592
H130,tf_identity_preserving_sign_shuffle,immune,seed43,dual_axis_disjoint,11,8,0.07787037037037026
H130,tf_identity_preserving_sign_shuffle,immune,seed43,dual_axis_disjoint,11,9,0.07694444444444437
H130,tf_identity_preserving_sign_shuffle,immune,seed43,dual_axis_disjoint,11,10,0.07490740740740731
H130,tf_identity_preserving_sign_shuffle,immune,seed43,dual_axis_disjoint,11,11,0.07490740740740731
H130,tf_identity_preserving_sign_shuffle,immune,seed43,dual_axis_disjoint,11,12,0.058518518518518525
H130,tf_identity_preserving_sign_shuffle,immune,seed43,dual_axis_disjoint,11,13,0.07407407407407407
H130,tf_identity_preserving_sign_shuffle,immune,seed43,dual_axis_disjoint,11,14,0.07435185185185178
H130,tf_identity_preserving_sign_shuffle,immune,seed43,dual_axis_disjoint,11,15,0.0658333333333333
H130,tf_identity_preserving_sign_shuffle,immune,seed43,dual_axis_disjoint,11,16,0.06768518518518518
H130,tf_identity_preserving_sign_shuffle,immune,seed43,dual_axis_disjoint,11,17,0.0826851851851852
H130,tf_identity_preserving_sign_shuffle,immune,seed43,dual_axis_disjoint,11,18,0.067037037037037
H130,tf_identity_preserving_sign_shuffle,immune,seed43,dual_axis_disjoint,11,19,0.08370370370370372
H130,tf_identity_preserving_sign_shuffle,immune,seed43,dual_axis_disjoint,11,20,0.06981481481481477
H130,tf_identity_preserving_sign_shuffle,immune,seed43,dual_axis_disjoint,11,21,0.07648148148148137
H130,tf_identity_preserving_sign_shuffle,immune,seed43,dual_axis_disjoint,11,22,0.07722222222222219
H130,tf_identity_preserving_sign_shuffle,immune,seed43,dual_axis_disjoint,11,23,0.05972222222222212
H130,tf_identity_preserving_sign_shuffle,immune,seed43,source_disjoint,11,0,0.06798389362299839
H130,tf_identity_preserving_sign_shuffle,immune,seed43,source_disjoint,11,1,0.06049255548272303
H130,tf_identity_preserving_sign_shuffle,immune,seed43,source_disjoint,11,2,0.047382713737241344
H130,tf_identity_preserving_sign_shuffle,immune,seed43,source_disjoint,11,3,0.06648562599494345
H130,tf_identity_preserving_sign_shuffle,immune,seed43,source_disjoint,11,4,0.08062552673471302
H130,tf_identity_preserving_sign_shuffle,immune,seed43,source_disjoint,11,5,0.05927521303492833
H130,tf_identity_preserving_sign_shuffle,immune,seed43,source_disjoint,11,6,0.06807753534975192
H130,tf_identity_preserving_sign_shuffle,immune,seed43,source_disjoint,11,7,0.03427287199175966
H130,tf_identity_preserving_sign_shuffle,immune,seed43,source_disjoint,11,8,0.05824515404064046
H130,tf_identity_preserving_sign_shuffle,immune,seed43,source_disjoint,11,9,0.07126135405936884
H130,tf_identity_preserving_sign_shuffle,immune,seed43,source_disjoint,11,10,0.03558385616630777
H130,tf_identity_preserving_sign_shuffle,immune,seed43,source_disjoint,11,11,0.06170989793051784
H130,tf_identity_preserving_sign_shuffle,immune,seed43,source_disjoint,11,12,0.07201048787339648
H130,tf_identity_preserving_sign_shuffle,immune,seed43,source_disjoint,11,13,0.07950182601367162
H130,tf_identity_preserving_sign_shuffle,immune,seed43,source_disjoint,11,14,0.05571682741829742
H130,tf_identity_preserving_sign_shuffle,immune,seed43,source_disjoint,11,15,0.056653244685832105
H130,tf_identity_preserving_sign_shuffle,immune,seed43,source_disjoint,11,16,0.07098042887910849
H130,tf_identity_preserving_sign_shuffle,immune,seed43,source_disjoint,11,17,0.06798389362299839
H130,tf_identity_preserving_sign_shuffle,immune,seed43,source_disjoint,11,18,0.06021163030246268
H130,tf_identity_preserving_sign_shuffle,immune,seed43,source_disjoint,11,19,0.06339544901207983
H130,tf_identity_preserving_sign_shuffle,immune,seed43,source_disjoint,11,20,0.05440584324374931
H130,tf_identity_preserving_sign_shuffle,immune,seed43,source_disjoint,11,21,0.03942316696319881
H130,tf_identity_preserving_sign_shuffle,immune,seed43,source_disjoint,11,22,0.062084464837531605
H130,tf_identity_preserving_sign_shuffle,immune,seed43,source_disjoint,11,23,0.07772263320535633
H130,tf_identity_preserving_sign_shuffle,immune,seed43,target_disjoint,11,0,0.038745737021599114
H130,tf_identity_preserving_sign_shuffle,immune,seed43,target_disjoint,11,1,0.019893899204244003
H130,tf_identity_preserving_sign_shuffle,immune,seed43,target_disjoint,11,2,0.057597574838954224
H130,tf_identity_preserving_sign_shuffle,immune,seed43,target_disjoint,11,3,0.03249336870026531
H130,tf_identity_preserving_sign_shuffle,immune,seed43,target_disjoint,11,4,0.02557787040545656
H130,tf_identity_preserving_sign_shuffle,immune,seed43,target_disjoint,11,5,0.06081849185297472
H130,tf_identity_preserving_sign_shuffle,immune,seed43,target_disjoint,11,6,0.049261083743842526
H130,tf_identity_preserving_sign_shuffle,immune,seed43,target_disjoint,11,7,0.03571428571428581
H130,tf_identity_preserving_sign_shuffle,immune,seed43,target_disjoint,11,8,0.03192497158014396
H130,tf_identity_preserving_sign_shuffle,immune,seed43,target_disjoint,11,9,0.051061007957559745
H130,tf_identity_preserving_sign_shuffle,immune,seed43,target_disjoint,11,10,0.03836680560818495
H130,tf_identity_preserving_sign_shuffle,immune,seed43,target_disjoint,11,11,0.05229253505115583
H130,tf_identity_preserving_sign_shuffle,immune,seed43,target_disjoint,11,12,0.05873436907919671
H130,tf_identity_preserving_sign_shuffle,immune,seed43,target_disjoint,11,13,0.04348237968927626
H130,tf_identity_preserving_sign_shuffle,immune,seed43,target_disjoint,11,14,0.03618794998105346
H130,tf_identity_preserving_sign_shuffle,immune,seed43,target_disjoint,11,15,0.08023872679045096
H130,tf_identity_preserving_sign_shuffle,immune,seed43,target_disjoint,11,16,0.050587343690791986
H130,tf_identity_preserving_sign_shuffle,immune,seed43,target_disjoint,11,17,0.0692497158014399
H130,tf_identity_preserving_sign_shuffle,immune,seed43,target_disjoint,11,18,0.033345964380447235
H130,tf_identity_preserving_sign_shuffle,immune,seed43,target_disjoint,11,19,0.03969306555513463
H130,tf_identity_preserving_sign_shuffle,immune,seed43,target_disjoint,11,20,0.03344069723380072
H130,tf_identity_preserving_sign_shuffle,immune,seed43,target_disjoint,11,21,0.05665024630541882
H130,tf_identity_preserving_sign_shuffle,immune,seed43,target_disjoint,11,22,0.031072375899962257
H130,tf_identity_preserving_sign_shuffle,immune,seed43,target_disjoint,11,23,0.022167487684729092
H130,tf_identity_preserving_sign_shuffle,lung,seed43,dual_axis_disjoint,11,0,0.15207287599925634
H130,tf_identity_preserving_sign_shuffle,lung,seed43,dual_axis_disjoint,11,1,0.14296337609221055
H130,tf_identity_preserving_sign_shuffle,lung,seed43,dual_axis_disjoint,11,2,0.14184792712400085
H130,tf_identity_preserving_sign_shuffle,lung,seed43,dual_axis_disjoint,11,3,0.1400817995910022
H130,tf_identity_preserving_sign_shuffle,lung,seed43,dual_axis_disjoint,11,4,0.19836400817995903
H130,tf_identity_preserving_sign_shuffle,lung,seed43,dual_axis_disjoint,11,5,0.14630972299683964
H130,tf_identity_preserving_sign_shuffle,lung,seed43,dual_axis_disjoint,11,6,0.17047778397471647
H130,tf_identity_preserving_sign_shuffle,lung,seed43,dual_axis_disjoint,11,7,0.15765012084030494
H130,tf_identity_preserving_sign_shuffle,lung,seed43,dual_axis_disjoint,11,8,0.15448968209704406
H130,tf_identity_preserving_sign_shuffle,lung,seed43,dual_axis_disjoint,11,9,0.12920617215095753
H130,tf_identity_preserving_sign_shuffle,lung,seed43,dual_axis_disjoint,11,10,0.1448224577058933
H130,tf_identity_preserving_sign_shuffle,lung,seed43,dual_axis_disjoint,11,11,0.15541922290388543
H130,tf_identity_preserving_sign_shuffle,lung,seed43,dual_axis_disjoint,11,12,0.18367726343186463
H130,tf_identity_preserving_sign_shuffle,lung,seed43,dual_axis_disjoint,11,13,0.08440230526120096
H130,tf_identity_preserving_sign_shuffle,lung,seed43,dual_axis_disjoint,11,14,0.1630414575199851
H130,tf_identity_preserving_sign_shuffle,lung,seed43,dual_axis_disjoint,11,15,0.16452872281093145
H130,tf_identity_preserving_sign_shuffle,lung,seed43,dual_axis_disjoint,11,16,0.15876556980851464
H130,tf_identity_preserving_sign_shuffle,lung,seed43,dual_axis_disjoint,11,17,0.13329615170105957
H130,tf_identity_preserving_sign_shuffle,lung,seed43,dual_axis_disjoint,11,18,0.16471463097229966
H130,tf_identity_preserving_sign_shuffle,lung,seed43,dual_axis_disjoint,11,19,0.16768916155419222
H130,tf_identity_preserving_sign_shuffle,lung,seed43,dual_axis_disjoint,11,20,0.14091838631715925
H130,tf_identity_preserving_sign_shuffle,lung,seed43,dual_axis_disjoint,11,21,0.14352110057631529
H130,tf_identity_preserving_sign_shuffle,lung,seed43,dual_axis_disjoint,11,22,0.15672058003346345
H130,tf_identity_preserving_sign_shuffle,lung,seed43,dual_axis_disjoint,11,23,0.1503997025469418
H130,tf_identity_preserving_sign_shuffle,lung,seed43,source_disjoint,11,0,0.11012906846240189
H130,tf_identity_preserving_sign_shuffle,lung,seed43,source_disjoint,11,1,0.11209315375982043
H130,tf_identity_preserving_sign_shuffle,lung,seed43,source_disjoint,11,2,0.11539001122334469
H130,tf_identity_preserving_sign_shuffle,lung,seed43,source_disjoint,11,3,0.11714365881032562
H130,tf_identity_preserving_sign_shuffle,lung,seed43,source_disjoint,11,4,0.08768237934904599
H130,tf_identity_preserving_sign_shuffle,lung,seed43,source_disjoint,11,5,0.07098765432098764
H130,tf_identity_preserving_sign_shuffle,lung,seed43,source_disjoint,11,6,0.09680134680134689
H130,tf_identity_preserving_sign_shuffle,lung,seed43,source_disjoint,11,7,0.12710437710437705
H130,tf_identity_preserving_sign_shuffle,lung,seed43,source_disjoint,11,8,0.10984848484848497
H130,tf_identity_preserving_sign_shuffle,lung,seed43,source_disjoint,11,9,0.11910774410774405
H130,tf_identity_preserving_sign_shuffle,lung,seed43,source_disjoint,11,10,0.10928731762065103
H130,tf_identity_preserving_sign_shuffle,lung,seed43,source_disjoint,11,11,0.10507856341189681
H130,tf_identity_preserving_sign_shuffle,lung,seed43,source_disjoint,11,12,0.11903759820426485
H130,tf_identity_preserving_sign_shuffle,lung,seed43,source_disjoint,11,13,0.11328563411896753
H130,tf_identity_preserving_sign_shuffle,lung,seed43,source_disjoint,11,14,0.10388608305274982
H130,tf_identity_preserving_sign_shuffle,lung,seed43,source_disjoint,11,15,0.11882716049382713
H130,tf_identity_preserving_sign_shuffle,lung,seed43,source_disjoint,11,16,0.11412738496071828
H130,tf_identity_preserving_sign_shuffle,lung,seed43,source_disjoint,11,17,0.10290404040404033
H130,tf_identity_preserving_sign_shuffle,lung,seed43,source_disjoint,11,18,0.13082210998877675
H130,tf_identity_preserving_sign_shuffle,lung,seed43,source_disjoint,11,19,0.09645061728395077
H130,tf_identity_preserving_sign_shuffle,lung,seed43,source_disjoint,11,20,0.08922558922558932
H130,tf_identity_preserving_sign_shuffle,lung,seed43,source_disjoint,11,21,0.08957631874298544
H130,tf_identity_preserving_sign_shuffle,lung,seed43,source_disjoint,11,22,0.11721380471380483
H130,tf_identity_preserving_sign_shuffle,lung,seed43,source_disjoint,11,23,0.1195286195286196
H130,tf_identity_preserving_sign_shuffle,lung,seed43,target_disjoint,11,0,0.04351106639839042
H130,tf_identity_preserving_sign_shuffle,lung,seed43,target_disjoint,11,1,0.06578758263868933
H130,tf_identity_preserving_sign_shuffle,lung,seed43,target_disjoint,11,2,0.06557200344926706
H130,tf_identity_preserving_sign_shuffle,lung,seed43,target_disjoint,11,3,0.07498562805403863
H130,tf_identity_preserving_sign_shuffle,lung,seed43,target_disjoint,11,4,0.0569488358723772
H130,tf_identity_preserving_sign_shuffle,lung,seed43,target_disjoint,11,5,0.05680511641276231
H130,tf_identity_preserving_sign_shuffle,lung,seed43,target_disjoint,11,6,0.05515234262719182
H130,tf_identity_preserving_sign_shuffle,lung,seed43,target_disjoint,11,7,0.07556050589249785
H130,tf_identity_preserving_sign_shuffle,lung,seed43,target_disjoint,11,8,0.032085369359011184
H130,tf_identity_preserving_sign_shuffle,lung,seed43,target_disjoint,11,9,0.05964357574015533
H130,tf_identity_preserving_sign_shuffle,lung,seed43,target_disjoint,11,10,0.0544337453291176
H130,tf_identity_preserving_sign_shuffle,lung,seed43,target_disjoint,11,11,0.05838603046852542
H130,tf_identity_preserving_sign_shuffle,lung,seed43,target_disjoint,11,12,0.08957315320494386
H130,tf_identity_preserving_sign_shuffle,lung,seed43,target_disjoint,11,13,0.052888761138258134
H130,tf_identity_preserving_sign_shuffle,lung,seed43,target_disjoint,11,14,0.06801523426271916
H130,tf_identity_preserving_sign_shuffle,lung,seed43,target_disjoint,11,15,0.06233831560793335
H130,tf_identity_preserving_sign_shuffle,lung,seed43,target_disjoint,11,16,0.0603262431733258
H130,tf_identity_preserving_sign_shuffle,lung,seed43,target_disjoint,11,17,0.05468525438344363
H130,tf_identity_preserving_sign_shuffle,lung,seed43,target_disjoint,11,18,0.07153636102328265
H130,tf_identity_preserving_sign_shuffle,lung,seed43,target_disjoint,11,19,0.0694524288588676
H130,tf_identity_preserving_sign_shuffle,lung,seed43,target_disjoint,11,20,0.05195458465076175
H130,tf_identity_preserving_sign_shuffle,lung,seed43,target_disjoint,11,21,0.0785067548146019
H130,tf_identity_preserving_sign_shuffle,lung,seed43,target_disjoint,11,22,0.04422966369646453
H130,tf_identity_preserving_sign_shuffle,lung,seed43,target_disjoint,11,23,0.05849382006323667
H130,tf_identity_preserving_sign_shuffle,external_lung,seed44,dual_axis_disjoint,11,0,0.0707692307692307
H130,tf_identity_preserving_sign_shuffle,external_lung,seed44,dual_axis_disjoint,11,1,0.07441595441595439
H130,tf_identity_preserving_sign_shuffle,external_lung,seed44,dual_axis_disjoint,11,2,0.07361823361823361
H130,tf_identity_preserving_sign_shuffle,external_lung,seed44,dual_axis_disjoint,11,3,0.08250712250712255
H130,tf_identity_preserving_sign_shuffle,external_lung,seed44,dual_axis_disjoint,11,4,0.06632478632478633
H130,tf_identity_preserving_sign_shuffle,external_lung,seed44,dual_axis_disjoint,11,5,0.09823361823361831
H130,tf_identity_preserving_sign_shuffle,external_lung,seed44,dual_axis_disjoint,11,6,0.07965811965811964
H130,tf_identity_preserving_sign_shuffle,external_lung,seed44,dual_axis_disjoint,11,7,0.06518518518518512
H130,tf_identity_preserving_sign_shuffle,external_lung,seed44,dual_axis_disjoint,11,8,0.07236467236467237
H130,tf_identity_preserving_sign_shuffle,external_lung,seed44,dual_axis_disjoint,11,9,0.08501424501424493
H130,tf_identity_preserving_sign_shuffle,external_lung,seed44,dual_axis_disjoint,11,10,0.07601139601139606
H130,tf_identity_preserving_sign_shuffle,external_lung,seed44,dual_axis_disjoint,11,11,0.08068376068376071
H130,tf_identity_preserving_sign_shuffle,external_lung,seed44,dual_axis_disjoint,11,12,0.06609686609686605
H130,tf_identity_preserving_sign_shuffle,external_lung,seed44,dual_axis_disjoint,11,13,0.06860398860398864
H130,tf_identity_preserving_sign_shuffle,external_lung,seed44,dual_axis_disjoint,11,14,0.04695156695156699
H130,tf_identity_preserving_sign_shuffle,external_lung,seed44,dual_axis_disjoint,11,15,0.10096866096866097
H130,tf_identity_preserving_sign_shuffle,external_lung,seed44,dual_axis_disjoint,11,16,0.09572649572649572
H130,tf_identity_preserving_sign_shuffle,external_lung,seed44,dual_axis_disjoint,11,17,0.0772649572649573
H130,tf_identity_preserving_sign_shuffle,external_lung,seed44,dual_axis_disjoint,11,18,0.06894586894586896
H130,tf_identity_preserving_sign_shuffle,external_lung,seed44,dual_axis_disjoint,11,19,0.0835327635327634
H130,tf_identity_preserving_sign_shuffle,external_lung,seed44,dual_axis_disjoint,11,20,0.049800569800569794
H130,tf_identity_preserving_sign_shuffle,external_lung,seed44,dual_axis_disjoint,11,21,0.06643874643874637
H130,tf_identity_preserving_sign_shuffle,external_lung,seed44,dual_axis_disjoint,11,22,0.09720797720797725
H130,tf_identity_preserving_sign_shuffle,external_lung,seed44,dual_axis_disjoint,11,23,0.06837606837606836
H130,tf_identity_preserving_sign_shuffle,external_lung,seed44,source_disjoint,11,0,0.11703112757318901
H130,tf_identity_preserving_sign_shuffle,external_lung,seed44,source_disjoint,11,1,0.10014958330365409
H130,tf_identity_preserving_sign_shuffle,external_lung,seed44,source_disjoint,11,2,0.10164541634019508
H130,tf_identity_preserving_sign_shuffle,external_lung,seed44,source_disjoint,11,3,0.12194600755039531
H130,tf_identity_preserving_sign_shuffle,external_lung,seed44,source_disjoint,11,4,0.09267041812094867
H130,tf_identity_preserving_sign_shuffle,external_lung,seed44,source_disjoint,11,5,0.08925137118028348
H130,tf_identity_preserving_sign_shuffle,external_lung,seed44,source_disjoint,11,6,0.10307001923213899
H130,tf_identity_preserving_sign_shuffle,external_lung,seed44,source_disjoint,11,7,0.10634660588360989
H130,tf_identity_preserving_sign_shuffle,external_lung,seed44,source_disjoint,11,8,0.09494978274805888
H130,tf_identity_preserving_sign_shuffle,external_lung,seed44,source_disjoint,11,9,0.08825414915592267
H130,tf_identity_preserving_sign_shuffle,external_lung,seed44,source_disjoint,11,10,0.1095519623904837
H130,tf_identity_preserving_sign_shuffle,external_lung,seed44,source_disjoint,11,11,0.09373887028990668
H130,tf_identity_preserving_sign_shuffle,external_lung,seed44,source_disjoint,11,12,0.0977277583873496
H130,tf_identity_preserving_sign_shuffle,external_lung,seed44,source_disjoint,11,13,0.09480732245886458
H130,tf_identity_preserving_sign_shuffle,external_lung,seed44,source_disjoint,11,14,0.1036398603889166
H130,tf_identity_preserving_sign_shuffle,external_lung,seed44,source_disjoint,11,15,0.0898924424816584
H130,tf_identity_preserving_sign_shuffle,external_lung,seed44,source_disjoint,11,16,0.09131704537360208
H130,tf_identity_preserving_sign_shuffle,external_lung,seed44,source_disjoint,11,17,0.08704323669777059
H130,tf_identity_preserving_sign_shuffle,external_lung,seed44,source_disjoint,11,18,0.10420970154569409
H130,tf_identity_preserving_sign_shuffle,external_lung,seed44,source_disjoint,11,19,0.08419403091388267
H130,tf_identity_preserving_sign_shuffle,external_lung,seed44,source_disjoint,11,20,0.09437994159128149
H130,tf_identity_preserving_sign_shuffle,external_lung,seed44,source_disjoint,11,21,0.08868153002350587
H130,tf_identity_preserving_sign_shuffle,external_lung,seed44,source_disjoint,11,22,0.1073438279079707
H130,tf_identity_preserving_sign_shuffle,external_lung,seed44,source_disjoint,11,23,0.1060616853052212
H130,tf_identity_preserving_sign_shuffle,external_lung,seed44,target_disjoint,11,0,0.07074652777777779
H130,tf_identity_preserving_sign_shuffle,external_lung,seed44,target_disjoint,11,1,0.07269965277777768
H130,tf_identity_preserving_sign_shuffle,external_lung,seed44,target_disjoint,11,2,0.07255497685185186
H130,tf_identity_preserving_sign_shuffle,external_lung,seed44,target_disjoint,11,3,0.06712962962962954
H130,tf_identity_preserving_sign_shuffle,external_lung,seed44,target_disjoint,11,4,0.0688657407407407
H130,tf_identity_preserving_sign_shuffle,external_lung,seed44,target_disjoint,11,5,0.08723958333333326
H130,tf_identity_preserving_sign_shuffle,external_lung,seed44,target_disjoint,11,6,0.09396701388888895
H130,tf_identity_preserving_sign_shuffle,external_lung,seed44,target_disjoint,11,7,0.06951678240740733
H130,tf_identity_preserving_sign_shuffle,external_lung,seed44,target_disjoint,11,8,0.08166956018518512
H130,tf_identity_preserving_sign_shuffle,external_lung,seed44,target_disjoint,11,9,0.09107349537037035
H130,tf_identity_preserving_sign_shuffle,external_lung,seed44,target_disjoint,11,10,0.09346064814814803
H130,tf_identity_preserving_sign_shuffle,external_lung,seed44,target_disjoint,11,11,0.07942708333333326
H130,tf_identity_preserving_sign_shuffle,external_lung,seed44,target_disjoint,11,12,0.08723958333333326
H130,tf_identity_preserving_sign_shuffle,external_lung,seed44,target_disjoint,11,13,0.0737123842592593
H130,tf_identity_preserving_sign_shuffle,external_lung,seed44,target_disjoint,11,14,0.07378472222222221
H130,tf_identity_preserving_sign_shuffle,external_lung,seed44,target_disjoint,11,15,0.06221064814814814
H130,tf_identity_preserving_sign_shuffle,external_lung,seed44,target_disjoint,11,16,0.07175925925925919
H130,tf_identity_preserving_sign_shuffle,external_lung,seed44,target_disjoint,11,17,0.05410879629629617
H130,tf_identity_preserving_sign_shuffle,external_lung,seed44,target_disjoint,11,18,0.072265625
H130,tf_identity_preserving_sign_shuffle,external_lung,seed44,target_disjoint,11,19,0.07754629629629617
H130,tf_identity_preserving_sign_shuffle,external_lung,seed44,target_disjoint,11,20,0.07581018518518512
H130,tf_identity_preserving_sign_shuffle,external_lung,seed44,target_disjoint,11,21,0.08116319444444442
H130,tf_identity_preserving_sign_shuffle,external_lung,seed44,target_disjoint,11,22,0.08825231481481466
H130,tf_identity_preserving_sign_shuffle,external_lung,seed44,target_disjoint,11,23,0.08297164351851849
H130,tf_identity_preserving_sign_shuffle,immune,seed44,dual_axis_disjoint,11,0,0.04442970822281178
H130,tf_identity_preserving_sign_shuffle,immune,seed44,dual_axis_disjoint,11,1,0.041208791208791284
H130,tf_identity_preserving_sign_shuffle,immune,seed44,dual_axis_disjoint,11,2,0.06223948465327789
H130,tf_identity_preserving_sign_shuffle,immune,seed44,dual_axis_disjoint,11,3,0.034672224327396806
H130,tf_identity_preserving_sign_shuffle,immune,seed44,dual_axis_disjoint,11,4,0.05323986358469124
H130,tf_identity_preserving_sign_shuffle,immune,seed44,dual_axis_disjoint,11,5,0.04291398256915502
H130,tf_identity_preserving_sign_shuffle,immune,seed44,dual_axis_disjoint,11,6,0.03306176582038656
H130,tf_identity_preserving_sign_shuffle,immune,seed44,dual_axis_disjoint,11,7,0.053713527851459
H130,tf_identity_preserving_sign_shuffle,immune,seed44,dual_axis_disjoint,11,8,0.05494505494505497
H130,tf_identity_preserving_sign_shuffle,immune,seed44,dual_axis_disjoint,11,9,0.03561955286093221
H130,tf_identity_preserving_sign_shuffle,immune,seed44,dual_axis_disjoint,11,10,0.04461917392951886
H130,tf_identity_preserving_sign_shuffle,immune,seed44,dual_axis_disjoint,11,11,0.04329291398256918
H130,tf_identity_preserving_sign_shuffle,immune,seed44,dual_axis_disjoint,11,12,0.06546040166729827
H130,tf_identity_preserving_sign_shuffle,immune,seed44,dual_axis_disjoint,11,13,0.038082607048124495
H130,tf_identity_preserving_sign_shuffle,immune,seed44,dual_axis_disjoint,11,14,0.06612353164077311
H130,tf_identity_preserving_sign_shuffle,immune,seed44,dual_axis_disjoint,11,15,0.05191360363774167
H130,tf_identity_preserving_sign_shuffle,immune,seed44,dual_axis_disjoint,11,16,0.04660856384994316
H130,tf_identity_preserving_sign_shuffle,immune,seed44,dual_axis_disjoint,11,17,0.048597953770367575
H130,tf_identity_preserving_sign_shuffle,immune,seed44,dual_axis_disjoint,11,18,0.03704054566123538
H130,tf_identity_preserving_sign_shuffle,immune,seed44,dual_axis_disjoint,11,19,0.05229253505115572
H130,tf_identity_preserving_sign_shuffle,immune,seed44,dual_axis_disjoint,11,20,0.049734748010610175
H130,tf_identity_preserving_sign_shuffle,immune,seed44,dual_axis_disjoint,11,21,0.05532398635846936
H130,tf_identity_preserving_sign_shuffle,immune,seed44,dual_axis_disjoint,11,22,0.04556650246305427
H130,tf_identity_preserving_sign_shuffle,immune,seed44,dual_axis_disjoint,11,23,0.047271693823418226
H130,tf_identity_preserving_sign_shuffle,immune,seed44,source_disjoint,11,0,0.11583481599400691
H130,tf_identity_preserving_sign_shuffle,immune,seed44,source_disjoint,11,1,0.10937353684801943
H130,tf_identity_preserving_sign_shuffle,immune,seed44,source_disjoint,11,2,0.12257702032025464
H130,tf_identity_preserving_sign_shuffle,immune,seed44,source_disjoint,11,3,0.12679089802415944
H130,tf_identity_preserving_sign_shuffle,immune,seed44,source_disjoint,11,4,0.11124637138308824
H130,tf_identity_preserving_sign_shuffle,immune,seed44,source_disjoint,11,5,0.14074351531042228
H130,tf_identity_preserving_sign_shuffle,immune,seed44,source_disjoint,11,6,0.14786028654368377
H130,tf_identity_preserving_sign_shuffle,immune,seed44,source_disjoint,11,7,0.12501170521584426
H130,tf_identity_preserving_sign_shuffle,immune,seed44,source_disjoint,11,8,0.12435621312857004
H130,tf_identity_preserving_sign_shuffle,immune,seed44,source_disjoint,11,9,0.1110590879295813
H130,tf_identity_preserving_sign_shuffle,immune,seed44,source_disjoint,11,10,0.1206105440584323
H130,tf_identity_preserving_sign_shuffle,immune,seed44,source_disjoint,11,11,0.14402097574679285
H130,tf_identity_preserving_sign_shuffle,immune,seed44,source_disjoint,11,12,0.12941286637325589
H130,tf_identity_preserving_sign_shuffle,immune,seed44,source_disjoint,11,13,0.13053656709429717
H130,tf_identity_preserving_sign_shuffle,immune,seed44,source_disjoint,11,14,0.1562880419514936
H130,tf_identity_preserving_sign_shuffle,immune,seed44,source_disjoint,11,15,0.12201516995973394
H130,tf_identity_preserving_sign_shuffle,immune,seed44,source_disjoint,11,16,0.13166026781533846
H130,tf_identity_preserving_sign_shuffle,immune,seed44,source_disjoint,11,17,0.15010768798576635
H130,tf_identity_preserving_sign_shuffle,immune,seed44,source_disjoint,11,18,0.11723944189530844
H130,tf_identity_preserving_sign_shuffle,immune,seed44,source_disjoint,11,19,0.12379436276804934
H130,tf_identity_preserving_sign_shuffle,immune,seed44,source_disjoint,11,20,0.13812154696132595
H130,tf_identity_preserving_sign_shuffle,immune,seed44,source_disjoint,11,21,0.1210787526921997
H130,tf_identity_preserving_sign_shuffle,immune,seed44,source_disjoint,11,22,0.11237007210412964
H130,tf_identity_preserving_sign_shuffle,immune,seed44,source_disjoint,11,23,0.1146174735462121
H130,tf_identity_preserving_sign_shuffle,immune,seed44,target_disjoint,11,0,0.10562713148920044
H130,tf_identity_preserving_sign_shuffle,immune,seed44,target_disjoint,11,1,0.05759757483895411
H130,tf_identity_preserving_sign_shuffle,immune,seed44,target_disjoint,11,2,0.1176582038651004
H130,tf_identity_preserving_sign_shuffle,immune,seed44,target_disjoint,11,3,0.08639636225843117
H130,tf_identity_preserving_sign_shuffle,immune,seed44,target_disjoint,11,4,0.09937476316786664
H130,tf_identity_preserving_sign_shuffle,immune,seed44,target_disjoint,11,5,0.10335354300871546
H130,tf_identity_preserving_sign_shuffle,immune,seed44,target_disjoint,11,6,0.09814323607427056
H130,tf_identity_preserving_sign_shuffle,immune,seed44,target_disjoint,11,7,0.11367942402425157
H130,tf_identity_preserving_sign_shuffle,immune,seed44,target_disjoint,11,8,0.09208033345964384
H130,tf_identity_preserving_sign_shuffle,immune,seed44,target_disjoint,11,9,0.08904888215233042
H130,tf_identity_preserving_sign_shuffle,immune,seed44,target_disjoint,11,10,0.06271314892004543
H130,tf_identity_preserving_sign_shuffle,immune,seed44,target_disjoint,11,11,0.09056460780598719
H130,tf_identity_preserving_sign_shuffle,immune,seed44,target_disjoint,11,12,0.0809018567639257
H130,tf_identity_preserving_sign_shuffle,immune,seed44,target_disjoint,11,13,0.10430087154225087
H130,tf_identity_preserving_sign_shuffle,immune,seed44,target_disjoint,11,14,0.09103827207275483
H130,tf_identity_preserving_sign_shuffle,immune,seed44,target_disjoint,11,15,0.1082796513830997
H130,tf_identity_preserving_sign_shuffle,immune,seed44,target_disjoint,11,16,0.07730200833649115
H130,tf_identity_preserving_sign_shuffle,immune,seed44,target_disjoint,11,17,0.10221674876847298
H130,tf_identity_preserving_sign_shuffle,immune,seed44,target_disjoint,11,18,0.10439560439560447
H130,tf_identity_preserving_sign_shuffle,immune,seed44,target_disjoint,11,19,0.09918529746115956
H130,tf_identity_preserving_sign_shuffle,immune,seed44,target_disjoint,11,20,0.05579765062523678
H130,tf_identity_preserving_sign_shuffle,immune,seed44,target_disjoint,11,21,0.09501705191360366
H130,tf_identity_preserving_sign_shuffle,immune,seed44,target_disjoint,11,22,0.08687002652519904
H130,tf_identity_preserving_sign_shuffle,immune,seed44,target_disjoint,11,23,0.09861690034103832
H130,tf_identity_preserving_sign_shuffle,lung,seed44,dual_axis_disjoint,11,0,0.11409827630563418
H130,tf_identity_preserving_sign_shuffle,lung,seed44,dual_axis_disjoint,11,1,0.11139696423977352
H130,tf_identity_preserving_sign_shuffle,lung,seed44,dual_axis_disjoint,11,2,0.10599434010805253
H130,tf_identity_preserving_sign_shuffle,lung,seed44,dual_axis_disjoint,11,3,0.11011062516079217
H130,tf_identity_preserving_sign_shuffle,lung,seed44,dual_axis_disjoint,11,4,0.08965783380499093
H130,tf_identity_preserving_sign_shuffle,lung,seed44,dual_axis_disjoint,11,5,0.11075379470028301
H130,tf_identity_preserving_sign_shuffle,lung,seed44,dual_axis_disjoint,11,6,0.11371237458193983
H130,tf_identity_preserving_sign_shuffle,lung,seed44,dual_axis_disjoint,11,7,0.14136866478003596
H130,tf_identity_preserving_sign_shuffle,lung,seed44,dual_axis_disjoint,11,8,0.12258811422691018
H130,tf_identity_preserving_sign_shuffle,lung,seed44,dual_axis_disjoint,11,9,0.12979161306920495
H130,tf_identity_preserving_sign_shuffle,lung,seed44,dual_axis_disjoint,11,10,0.10740931309493174
H130,tf_identity_preserving_sign_shuffle,lung,seed44,dual_axis_disjoint,11,11,0.13210702341137115
H130,tf_identity_preserving_sign_shuffle,lung,seed44,dual_axis_disjoint,11,12,0.12438898893748385
H130,tf_identity_preserving_sign_shuffle,lung,seed44,dual_axis_disjoint,11,13,0.11409827630563407
H130,tf_identity_preserving_sign_shuffle,lung,seed44,dual_axis_disjoint,11,14,0.1295343452534088
H130,tf_identity_preserving_sign_shuffle,lung,seed44,dual_axis_disjoint,11,15,0.10882428608181127
H130,tf_identity_preserving_sign_shuffle,lung,seed44,dual_axis_disjoint,11,16,0.12528942629277062
H130,tf_identity_preserving_sign_shuffle,lung,seed44,dual_axis_disjoint,11,17,0.08657062001543603
H130,tf_identity_preserving_sign_shuffle,lung,seed44,dual_axis_disjoint,11,18,0.11705685618729089
H130,tf_identity_preserving_sign_shuffle,lung,seed44,dual_axis_disjoint,11,19,0.1201440699768459
H130,tf_identity_preserving_sign_shuffle,lung,seed44,dual_axis_disjoint,11,20,0.10046308206843313
H130,tf_identity_preserving_sign_shuffle,lung,seed44,dual_axis_disjoint,11,21,0.10213532287110871
H130,tf_identity_preserving_sign_shuffle,lung,seed44,dual_axis_disjoint,11,22,0.10509390275276553
H130,tf_identity_preserving_sign_shuffle,lung,seed44,dual_axis_disjoint,11,23,0.11834319526627224
H130,tf_identity_preserving_sign_shuffle,lung,seed44,source_disjoint,11,0,0.08305811257114759
H130,tf_identity_preserving_sign_shuffle,lung,seed44,source_disjoint,11,1,0.084744571709648
H130,tf_identity_preserving_sign_shuffle,lung,seed44,source_disjoint,11,2,0.08889045042512833
H130,tf_identity_preserving_sign_shuffle,lung,seed44,source_disjoint,11,3,0.071393436863186
H130,tf_identity_preserving_sign_shuffle,lung,seed44,source_disjoint,11,4,0.08783641346356552
H130,tf_identity_preserving_sign_shuffle,lung,seed44,source_disjoint,11,5,0.06935563207083129
H130,tf_identity_preserving_sign_shuffle,lung,seed44,source_disjoint,11,6,0.07490689340172885
H130,tf_identity_preserving_sign_shuffle,lung,seed44,source_disjoint,11,7,0.10364696788700734
H130,tf_identity_preserving_sign_shuffle,lung,seed44,source_disjoint,11,8,0.06282060290914215
H130,tf_identity_preserving_sign_shuffle,lung,seed44,source_disjoint,11,9,0.08144192256341798
H130,tf_identity_preserving_sign_shuffle,lung,seed44,source_disjoint,11,10,0.100414587871548
H130,tf_identity_preserving_sign_shuffle,lung,seed44,source_disjoint,11,11,0.08024734734031336
H130,tf_identity_preserving_sign_shuffle,lung,seed44,source_disjoint,11,12,0.06879347902466448
H130,tf_identity_preserving_sign_shuffle,lung,seed44,source_disjoint,11,13,0.07455554774787454
H130,tf_identity_preserving_sign_shuffle,lung,seed44,source_disjoint,11,14,0.07371231817862423
H130,tf_identity_preserving_sign_shuffle,lung,seed44,source_disjoint,11,15,0.09275525261752526
H130,tf_identity_preserving_sign_shuffle,lung,seed44,source_disjoint,11,16,0.09556601784835927
H130,tf_identity_preserving_sign_shuffle,lung,seed44,source_disjoint,11,17,0.08319865083268929
H130,tf_identity_preserving_sign_shuffle,lung,seed44,source_disjoint,11,18,0.07111236034010271
H130,tf_identity_preserving_sign_shuffle,lung,seed44,source_disjoint,11,19,0.07413393296324944
H130,tf_identity_preserving_sign_shuffle,lung,seed44,source_disjoint,11,20,0.09156067739442075
H130,tf_identity_preserving_sign_shuffle,lung,seed44,source_disjoint,11,21,0.07722577471716685
H130,tf_identity_preserving_sign_shuffle,lung,seed44,source_disjoint,11,22,0.06542056074766367
H130,tf_identity_preserving_sign_shuffle,lung,seed44,source_disjoint,11,23,0.08095003864802208
H130,tf_identity_preserving_sign_shuffle,lung,seed44,target_disjoint,11,0,0.07322043426322822
H130,tf_identity_preserving_sign_shuffle,lung,seed44,target_disjoint,11,1,0.0685124025015812
H130,tf_identity_preserving_sign_shuffle,lung,seed44,target_disjoint,11,2,0.07870142646335465
H130,tf_identity_preserving_sign_shuffle,lung,seed44,target_disjoint,11,3,0.04117771063171949
H130,tf_identity_preserving_sign_shuffle,lung,seed44,target_disjoint,11,4,0.08284730517883498
H130,tf_identity_preserving_sign_shuffle,lung,seed44,target_disjoint,11,5,0.07448527861710363
H130,tf_identity_preserving_sign_shuffle,lung,seed44,target_disjoint,11,6,0.07378258730939502
H130,tf_identity_preserving_sign_shuffle,lung,seed44,target_disjoint,11,7,0.0853769938865857
H130,tf_identity_preserving_sign_shuffle,lung,seed44,target_disjoint,11,8,0.07469608600941613
H130,tf_identity_preserving_sign_shuffle,lung,seed44,target_disjoint,11,9,0.08326891996346009
H130,tf_identity_preserving_sign_shuffle,lung,seed44,target_disjoint,11,10,0.07188532077858201
H130,tf_identity_preserving_sign_shuffle,lung,seed44,target_disjoint,11,11,0.06296114117068374
H130,tf_identity_preserving_sign_shuffle,lung,seed44,target_disjoint,11,12,0.09142013913287894
H130,tf_identity_preserving_sign_shuffle,lung,seed44,target_disjoint,11,13,0.07434474035556182
H130,tf_identity_preserving_sign_shuffle,lung,seed44,target_disjoint,11,14,0.0849553791019605
H130,tf_identity_preserving_sign_shuffle,lung,seed44,target_disjoint,11,15,0.08144192256341798
H130,tf_identity_preserving_sign_shuffle,lung,seed44,target_disjoint,11,16,0.07237720469397801
H130,tf_identity_preserving_sign_shuffle,lung,seed44,target_disjoint,11,17,0.07813927341718785
H130,tf_identity_preserving_sign_shuffle,lung,seed44,target_disjoint,11,18,0.05087485067809705
H130,tf_identity_preserving_sign_shuffle,lung,seed44,target_disjoint,11,19,0.08319865083268929
H130,tf_identity_preserving_sign_shuffle,lung,seed44,target_disjoint,11,20,0.07448527861710352
H130,tf_identity_preserving_sign_shuffle,lung,seed44,target_disjoint,11,21,0.07813927341718785
H130,tf_identity_preserving_sign_shuffle,lung,seed44,target_disjoint,11,22,0.07329070339399901
H130,tf_identity_preserving_sign_shuffle,lung,seed44,target_disjoint,11,23,0.08818775911741983
