hypothesis_id,null_kind,domain,seed_tag,split_regime,layer,perm_idx,null_value
H131,chart_label_permutation_preserving_sizes,external_lung,seed42_main,source_disjoint,7,0,-0.0009999999999998899
H131,chart_label_permutation_preserving_sizes,external_lung,seed42_main,source_disjoint,7,1,-0.031062499999999993
H131,chart_label_permutation_preserving_sizes,external_lung,seed42_main,source_disjoint,7,2,0.006125000000000047
H131,chart_label_permutation_preserving_sizes,external_lung,seed42_main,source_disjoint,7,3,-0.0012500000000000844
H131,chart_label_permutation_preserving_sizes,external_lung,seed42_main,source_disjoint,7,4,0.018874999999999975
H131,chart_label_permutation_preserving_sizes,external_lung,seed42_main,source_disjoint,7,5,-0.017187500000000022
H131,chart_label_permutation_preserving_sizes,external_lung,seed42_main,source_disjoint,7,6,-0.03731250000000008
H131,chart_label_permutation_preserving_sizes,external_lung,seed42_main,source_disjoint,7,7,-0.02287500000000009
H131,chart_label_permutation_preserving_sizes,external_lung,seed42_main,source_disjoint,7,8,0.018437499999999996
H131,chart_label_permutation_preserving_sizes,external_lung,seed42_main,source_disjoint,7,9,0.025937499999999947
H131,chart_label_permutation_preserving_sizes,external_lung,seed42_main,source_disjoint,7,10,0.011187500000000017
H131,chart_label_permutation_preserving_sizes,external_lung,seed42_main,source_disjoint,7,11,0.004437500000000094
H131,chart_label_permutation_preserving_sizes,external_lung,seed42_main,source_disjoint,7,12,0.03137499999999993
H131,chart_label_permutation_preserving_sizes,external_lung,seed42_main,source_disjoint,7,13,0.021187499999999915
H131,chart_label_permutation_preserving_sizes,external_lung,seed42_main,source_disjoint,7,14,-0.0224375
H131,chart_label_permutation_preserving_sizes,external_lung,seed42_main,source_disjoint,7,15,0.02212499999999995
H131,chart_label_permutation_preserving_sizes,external_lung,seed42_main,source_disjoint,7,16,0.016812500000000008
H131,chart_label_permutation_preserving_sizes,external_lung,seed42_main,source_disjoint,7,17,0.03137500000000015
H131,chart_label_permutation_preserving_sizes,external_lung,seed42_main,source_disjoint,7,18,0.024812500000000015
H131,chart_label_permutation_preserving_sizes,external_lung,seed42_main,source_disjoint,7,19,-0.018000000000000016
H131,chart_label_permutation_preserving_sizes,external_lung,seed42_main,source_disjoint,7,20,0.014437499999999992
H131,chart_label_permutation_preserving_sizes,external_lung,seed42_main,source_disjoint,7,21,-0.03562500000000002
H131,chart_label_permutation_preserving_sizes,external_lung,seed42_main,source_disjoint,7,22,-0.02012500000000006
H131,chart_label_permutation_preserving_sizes,external_lung,seed42_main,source_disjoint,7,23,-0.00868750000000007
H131,chart_label_permutation_preserving_sizes,external_lung,seed42_main,source_disjoint,11,0,0.06815625000000014
H131,chart_label_permutation_preserving_sizes,external_lung,seed42_main,source_disjoint,11,1,0.07928124999999997
H131,chart_label_permutation_preserving_sizes,external_lung,seed42_main,source_disjoint,11,2,0.08209375000000008
H131,chart_label_permutation_preserving_sizes,external_lung,seed42_main,source_disjoint,11,3,0.016281250000000025
H131,chart_label_permutation_preserving_sizes,external_lung,seed42_main,source_disjoint,11,4,0.02259375000000008
H131,chart_label_permutation_preserving_sizes,external_lung,seed42_main,source_disjoint,11,5,0.08584375
H131,chart_label_permutation_preserving_sizes,external_lung,seed42_main,source_disjoint,11,6,0.08334375000000016
H131,chart_label_permutation_preserving_sizes,external_lung,seed42_main,source_disjoint,11,7,0.08946875000000021
H131,chart_label_permutation_preserving_sizes,external_lung,seed42_main,source_disjoint,11,8,0.05734375000000003
H131,chart_label_permutation_preserving_sizes,external_lung,seed42_main,source_disjoint,11,9,0.10078125000000016
H131,chart_label_permutation_preserving_sizes,external_lung,seed42_main,source_disjoint,11,10,0.02865625000000016
H131,chart_label_permutation_preserving_sizes,external_lung,seed42_main,source_disjoint,11,11,0.07490624999999995
H131,chart_label_permutation_preserving_sizes,external_lung,seed42_main,source_disjoint,11,12,0.10515625000000006
H131,chart_label_permutation_preserving_sizes,external_lung,seed42_main,source_disjoint,11,13,0.06971875000000016
H131,chart_label_permutation_preserving_sizes,external_lung,seed42_main,source_disjoint,11,14,0.07771875000000006
H131,chart_label_permutation_preserving_sizes,external_lung,seed42_main,source_disjoint,11,15,0.06621874999999999
H131,chart_label_permutation_preserving_sizes,external_lung,seed42_main,source_disjoint,11,16,0.05153124999999992
H131,chart_label_permutation_preserving_sizes,external_lung,seed42_main,source_disjoint,11,17,0.04828125000000005
H131,chart_label_permutation_preserving_sizes,external_lung,seed42_main,source_disjoint,11,18,0.038156250000000114
H131,chart_label_permutation_preserving_sizes,external_lung,seed42_main,source_disjoint,11,19,0.04315625000000012
H131,chart_label_permutation_preserving_sizes,external_lung,seed42_main,source_disjoint,11,20,0.0932812500000002
H131,chart_label_permutation_preserving_sizes,external_lung,seed42_main,source_disjoint,11,21,0.0844687500000002
H131,chart_label_permutation_preserving_sizes,external_lung,seed42_main,source_disjoint,11,22,0.08134375000000016
H131,chart_label_permutation_preserving_sizes,external_lung,seed42_main,source_disjoint,11,23,0.05359375000000011
H131,chart_label_permutation_preserving_sizes,external_lung,seed42_main,target_disjoint,7,0,-0.007187500000000013
H131,chart_label_permutation_preserving_sizes,external_lung,seed42_main,target_disjoint,7,1,-0.022437499999999888
H131,chart_label_permutation_preserving_sizes,external_lung,seed42_main,target_disjoint,7,2,-0.008312500000000056
H131,chart_label_permutation_preserving_sizes,external_lung,seed42_main,target_disjoint,7,3,0.013187500000000019
H131,chart_label_permutation_preserving_sizes,external_lung,seed42_main,target_disjoint,7,4,-0.001687500000000064
H131,chart_label_permutation_preserving_sizes,external_lung,seed42_main,target_disjoint,7,5,0.0016249999999999876
H131,chart_label_permutation_preserving_sizes,external_lung,seed42_main,target_disjoint,7,6,-0.0038125000000001075
H131,chart_label_permutation_preserving_sizes,external_lung,seed42_main,target_disjoint,7,7,0.013937499999999936
H131,chart_label_permutation_preserving_sizes,external_lung,seed42_main,target_disjoint,7,8,-0.0040000000000000036
H131,chart_label_permutation_preserving_sizes,external_lung,seed42_main,target_disjoint,7,9,0.01287499999999997
H131,chart_label_permutation_preserving_sizes,external_lung,seed42_main,target_disjoint,7,10,-0.02793750000000006
H131,chart_label_permutation_preserving_sizes,external_lung,seed42_main,target_disjoint,7,11,-0.02200000000000002
H131,chart_label_permutation_preserving_sizes,external_lung,seed42_main,target_disjoint,7,12,0.015124999999999833
H131,chart_label_permutation_preserving_sizes,external_lung,seed42_main,target_disjoint,7,13,-0.0010625000000000773
H131,chart_label_permutation_preserving_sizes,external_lung,seed42_main,target_disjoint,7,14,0.015625
H131,chart_label_permutation_preserving_sizes,external_lung,seed42_main,target_disjoint,7,15,-0.00868749999999996
H131,chart_label_permutation_preserving_sizes,external_lung,seed42_main,target_disjoint,7,16,-0.03325
H131,chart_label_permutation_preserving_sizes,external_lung,seed42_main,target_disjoint,7,17,0.00737500000000002
H131,chart_label_permutation_preserving_sizes,external_lung,seed42_main,target_disjoint,7,18,-0.0075624999999999165
H131,chart_label_permutation_preserving_sizes,external_lung,seed42_main,target_disjoint,7,19,0.04293749999999985
H131,chart_label_permutation_preserving_sizes,external_lung,seed42_main,target_disjoint,7,20,0.01474999999999993
H131,chart_label_permutation_preserving_sizes,external_lung,seed42_main,target_disjoint,7,21,-0.010937500000000044
H131,chart_label_permutation_preserving_sizes,external_lung,seed42_main,target_disjoint,7,22,0.02793749999999995
H131,chart_label_permutation_preserving_sizes,external_lung,seed42_main,target_disjoint,7,23,-0.01956250000000015
H131,chart_label_permutation_preserving_sizes,external_lung,seed42_main,target_disjoint,11,0,0.017562500000000147
H131,chart_label_permutation_preserving_sizes,external_lung,seed42_main,target_disjoint,11,1,0.04249999999999998
H131,chart_label_permutation_preserving_sizes,external_lung,seed42_main,target_disjoint,11,2,0.006312500000000054
H131,chart_label_permutation_preserving_sizes,external_lung,seed42_main,target_disjoint,11,3,0.019437500000000107
H131,chart_label_permutation_preserving_sizes,external_lung,seed42_main,target_disjoint,11,4,-0.014624999999999888
H131,chart_label_permutation_preserving_sizes,external_lung,seed42_main,target_disjoint,11,5,0.025375000000000147
H131,chart_label_permutation_preserving_sizes,external_lung,seed42_main,target_disjoint,11,6,-0.004937499999999928
H131,chart_label_permutation_preserving_sizes,external_lung,seed42_main,target_disjoint,11,7,0.0019375000000001474
H131,chart_label_permutation_preserving_sizes,external_lung,seed42_main,target_disjoint,11,8,0.029000000000000137
H131,chart_label_permutation_preserving_sizes,external_lung,seed42_main,target_disjoint,11,9,0.07550000000000012
H131,chart_label_permutation_preserving_sizes,external_lung,seed42_main,target_disjoint,11,10,-0.01068749999999985
H131,chart_label_permutation_preserving_sizes,external_lung,seed42_main,target_disjoint,11,11,0.019312500000000066
H131,chart_label_permutation_preserving_sizes,external_lung,seed42_main,target_disjoint,11,12,0.013687500000000186
H131,chart_label_permutation_preserving_sizes,external_lung,seed42_main,target_disjoint,11,13,0.024812500000000126
H131,chart_label_permutation_preserving_sizes,external_lung,seed42_main,target_disjoint,11,14,0.004937500000000039
H131,chart_label_permutation_preserving_sizes,external_lung,seed42_main,target_disjoint,11,15,0.01000000000000012
H131,chart_label_permutation_preserving_sizes,external_lung,seed42_main,target_disjoint,11,16,0.017125000000000057
H131,chart_label_permutation_preserving_sizes,external_lung,seed42_main,target_disjoint,11,17,0.013000000000000012
H131,chart_label_permutation_preserving_sizes,external_lung,seed42_main,target_disjoint,11,18,0.007750000000000035
H131,chart_label_permutation_preserving_sizes,external_lung,seed42_main,target_disjoint,11,19,-0.0078125
H131,chart_label_permutation_preserving_sizes,external_lung,seed42_main,target_disjoint,11,20,0.05156250000000007
H131,chart_label_permutation_preserving_sizes,external_lung,seed42_main,target_disjoint,11,21,0.06768750000000012
H131,chart_label_permutation_preserving_sizes,external_lung,seed42_main,target_disjoint,11,22,0.006250000000000089
H131,chart_label_permutation_preserving_sizes,external_lung,seed42_main,target_disjoint,11,23,0.01450000000000018
H131,chart_label_permutation_preserving_sizes,immune,seed42_main,source_disjoint,7,0,0.3242687938119409
H131,chart_label_permutation_preserving_sizes,immune,seed42_main,source_disjoint,7,1,0.3265248569817098
H131,chart_label_permutation_preserving_sizes,immune,seed42_main,source_disjoint,7,2,0.2945371041817742
H131,chart_label_permutation_preserving_sizes,immune,seed42_main,source_disjoint,7,3,0.31290790427846277
H131,chart_label_permutation_preserving_sizes,immune,seed42_main,source_disjoint,7,4,0.2883329304649102
H131,chart_label_permutation_preserving_sizes,immune,seed42_main,source_disjoint,7,5,0.276730319877528
H131,chart_label_permutation_preserving_sizes,immune,seed42_main,source_disjoint,7,6,0.30767061477721386
H131,chart_label_permutation_preserving_sizes,immune,seed42_main,source_disjoint,7,7,0.29002497784223674
H131,chart_label_permutation_preserving_sizes,immune,seed42_main,source_disjoint,7,8,0.27334622512287493
H131,chart_label_permutation_preserving_sizes,immune,seed42_main,source_disjoint,7,9,0.27681089356216254
H131,chart_label_permutation_preserving_sizes,immune,seed42_main,source_disjoint,7,10,0.29510111997421645
H131,chart_label_permutation_preserving_sizes,immune,seed42_main,source_disjoint,7,11,0.3428813149625332
H131,chart_label_permutation_preserving_sizes,immune,seed42_main,source_disjoint,7,12,0.29784062525179283
H131,chart_label_permutation_preserving_sizes,immune,seed42_main,source_disjoint,7,13,0.29671259366690844
H131,chart_label_permutation_preserving_sizes,immune,seed42_main,source_disjoint,7,14,0.2978406252517927
H131,chart_label_permutation_preserving_sizes,immune,seed42_main,source_disjoint,7,15,0.28027556200145026
H131,chart_label_permutation_preserving_sizes,immune,seed42_main,source_disjoint,7,16,0.3026750463298687
H131,chart_label_permutation_preserving_sizes,immune,seed42_main,source_disjoint,7,17,0.2948593989203126
H131,chart_label_permutation_preserving_sizes,immune,seed42_main,source_disjoint,7,18,0.3252356780275561
H131,chart_label_permutation_preserving_sizes,immune,seed42_main,source_disjoint,7,19,0.28809120941100635
H131,chart_label_permutation_preserving_sizes,immune,seed42_main,source_disjoint,7,20,0.3080734832003868
H131,chart_label_permutation_preserving_sizes,immune,seed42_main,source_disjoint,7,21,0.3324067359600355
H131,chart_label_permutation_preserving_sizes,immune,seed42_main,source_disjoint,7,22,0.30476996213036817
H131,chart_label_permutation_preserving_sizes,immune,seed42_main,source_disjoint,7,23,0.2641608250745307
H131,chart_label_permutation_preserving_sizes,immune,seed42_main,source_disjoint,11,0,0.12613810329546365
H131,chart_label_permutation_preserving_sizes,immune,seed42_main,source_disjoint,11,1,0.09084682942550953
H131,chart_label_permutation_preserving_sizes,immune,seed42_main,source_disjoint,11,2,0.14974619289340102
H131,chart_label_permutation_preserving_sizes,immune,seed42_main,source_disjoint,11,3,0.1876158246716622
H131,chart_label_permutation_preserving_sizes,immune,seed42_main,source_disjoint,11,4,0.2089678510998308
H131,chart_label_permutation_preserving_sizes,immune,seed42_main,source_disjoint,11,5,0.18326484570139384
H131,chart_label_permutation_preserving_sizes,immune,seed42_main,source_disjoint,11,6,0.18544033518652797
H131,chart_label_permutation_preserving_sizes,immune,seed42_main,source_disjoint,11,7,0.1678752719361855
H131,chart_label_permutation_preserving_sizes,immune,seed42_main,source_disjoint,11,8,0.20663121424542746
H131,chart_label_permutation_preserving_sizes,immune,seed42_main,source_disjoint,11,9,0.18535976150189354
H131,chart_label_permutation_preserving_sizes,immune,seed42_main,source_disjoint,11,10,0.18519861413262423
H131,chart_label_permutation_preserving_sizes,immune,seed42_main,source_disjoint,11,11,0.12436548223350258
H131,chart_label_permutation_preserving_sizes,immune,seed42_main,source_disjoint,11,12,0.11961163484006115
H131,chart_label_permutation_preserving_sizes,immune,seed42_main,source_disjoint,11,13,0.1408830875835952
H131,chart_label_permutation_preserving_sizes,immune,seed42_main,source_disjoint,11,14,0.15635323503343806
H131,chart_label_permutation_preserving_sizes,immune,seed42_main,source_disjoint,11,15,0.1647328982354362
H131,chart_label_permutation_preserving_sizes,immune,seed42_main,source_disjoint,11,16,0.08867133994037552
H131,chart_label_permutation_preserving_sizes,immune,seed42_main,source_disjoint,11,17,0.1312948191120779
H131,chart_label_permutation_preserving_sizes,immune,seed42_main,source_disjoint,11,18,0.16658609298203203
H131,chart_label_permutation_preserving_sizes,immune,seed42_main,source_disjoint,11,19,0.09713157682700824
H131,chart_label_permutation_preserving_sizes,immune,seed42_main,source_disjoint,11,20,0.1593344613649182
H131,chart_label_permutation_preserving_sizes,immune,seed42_main,source_disjoint,11,21,0.11969220852469581
H131,chart_label_permutation_preserving_sizes,immune,seed42_main,source_disjoint,11,22,0.16610265087422454
H131,chart_label_permutation_preserving_sizes,immune,seed42_main,source_disjoint,11,23,0.15006848763193942
H131,chart_label_permutation_preserving_sizes,immune,seed42_main,target_disjoint,7,0,0.2306859484958627
H131,chart_label_permutation_preserving_sizes,immune,seed42_main,target_disjoint,7,1,0.28164875106333614
H131,chart_label_permutation_preserving_sizes,immune,seed42_main,target_disjoint,7,2,0.30075013533369416
H131,chart_label_permutation_preserving_sizes,immune,seed42_main,target_disjoint,7,3,0.2770860722295259
H131,chart_label_permutation_preserving_sizes,immune,seed42_main,target_disjoint,7,4,0.2503286675431135
H131,chart_label_permutation_preserving_sizes,immune,seed42_main,target_disjoint,7,5,0.27871007656020413
H131,chart_label_permutation_preserving_sizes,immune,seed42_main,target_disjoint,7,6,0.21181656484417294
H131,chart_label_permutation_preserving_sizes,immune,seed42_main,target_disjoint,7,7,0.26703271208723217
H131,chart_label_permutation_preserving_sizes,immune,seed42_main,target_disjoint,7,8,0.2536540097440259
H131,chart_label_permutation_preserving_sizes,immune,seed42_main,target_disjoint,7,9,0.24468331915551772
H131,chart_label_permutation_preserving_sizes,immune,seed42_main,target_disjoint,7,10,0.22527260072693517
H131,chart_label_permutation_preserving_sizes,immune,seed42_main,target_disjoint,7,11,0.23377929007810688
H131,chart_label_permutation_preserving_sizes,immune,seed42_main,target_disjoint,7,12,0.2845100920269121
H131,chart_label_permutation_preserving_sizes,immune,seed42_main,target_disjoint,7,13,0.27739540638775034
H131,chart_label_permutation_preserving_sizes,immune,seed42_main,target_disjoint,7,14,0.2605366947645193
H131,chart_label_permutation_preserving_sizes,immune,seed42_main,target_disjoint,7,15,0.24955533214755238
H131,chart_label_permutation_preserving_sizes,immune,seed42_main,target_disjoint,7,16,0.313046168123115
H131,chart_label_permutation_preserving_sizes,immune,seed42_main,target_disjoint,7,17,0.2255819348851597
H131,chart_label_permutation_preserving_sizes,immune,seed42_main,target_disjoint,7,18,0.2555100146933725
H131,chart_label_permutation_preserving_sizes,immune,seed42_main,target_disjoint,7,19,0.2098058928157142
H131,chart_label_permutation_preserving_sizes,immune,seed42_main,target_disjoint,7,20,0.2498646663057768
H131,chart_label_permutation_preserving_sizes,immune,seed42_main,target_disjoint,7,21,0.2511793364782305
H131,chart_label_permutation_preserving_sizes,immune,seed42_main,target_disjoint,7,22,0.28087541566777513
H131,chart_label_permutation_preserving_sizes,immune,seed42_main,target_disjoint,7,23,0.26154203077874877
H131,chart_label_permutation_preserving_sizes,immune,seed42_main,target_disjoint,11,0,0.20949655865748978
H131,chart_label_permutation_preserving_sizes,immune,seed42_main,target_disjoint,11,1,0.2519526718737917
H131,chart_label_permutation_preserving_sizes,immune,seed42_main,target_disjoint,11,2,0.2938674503132009
H131,chart_label_permutation_preserving_sizes,immune,seed42_main,target_disjoint,11,3,0.2651767071378858
H131,chart_label_permutation_preserving_sizes,immune,seed42_main,target_disjoint,11,4,0.30214213904570414
H131,chart_label_permutation_preserving_sizes,immune,seed42_main,target_disjoint,11,5,0.23346995591988245
H131,chart_label_permutation_preserving_sizes,immune,seed42_main,target_disjoint,11,6,0.27693140515041365
H131,chart_label_permutation_preserving_sizes,immune,seed42_main,target_disjoint,11,7,0.22380326347536933
H131,chart_label_permutation_preserving_sizes,immune,seed42_main,target_disjoint,11,8,0.2822674193797851
H131,chart_label_permutation_preserving_sizes,immune,seed42_main,target_disjoint,11,9,0.2704353878277009
H131,chart_label_permutation_preserving_sizes,immune,seed42_main,target_disjoint,11,10,0.22357126285670098
H131,chart_label_permutation_preserving_sizes,immune,seed42_main,target_disjoint,11,11,0.22960327894207727
H131,chart_label_permutation_preserving_sizes,immune,seed42_main,target_disjoint,11,12,0.26169669785786104
H131,chart_label_permutation_preserving_sizes,immune,seed42_main,target_disjoint,11,13,0.2900781068749518
H131,chart_label_permutation_preserving_sizes,immune,seed42_main,target_disjoint,11,14,0.29363544969453254
H131,chart_label_permutation_preserving_sizes,immune,seed42_main,target_disjoint,11,15,0.26587270899389065
H131,chart_label_permutation_preserving_sizes,immune,seed42_main,target_disjoint,11,16,0.26850204933879834
H131,chart_label_permutation_preserving_sizes,immune,seed42_main,target_disjoint,11,17,0.25357667620446994
H131,chart_label_permutation_preserving_sizes,immune,seed42_main,target_disjoint,11,18,0.30894749052664144
H131,chart_label_permutation_preserving_sizes,immune,seed42_main,target_disjoint,11,19,0.24800866135643035
H131,chart_label_permutation_preserving_sizes,immune,seed42_main,target_disjoint,11,20,0.28427809140824384
H131,chart_label_permutation_preserving_sizes,immune,seed42_main,target_disjoint,11,21,0.3081741551310803
H131,chart_label_permutation_preserving_sizes,immune,seed42_main,target_disjoint,11,22,0.26378470342587584
H131,chart_label_permutation_preserving_sizes,immune,seed42_main,target_disjoint,11,23,0.2806434150491069
H131,chart_label_permutation_preserving_sizes,lung,seed42_main,source_disjoint,7,0,-0.016692546583850998
H131,chart_label_permutation_preserving_sizes,lung,seed42_main,source_disjoint,7,1,0.023809523809523725
H131,chart_label_permutation_preserving_sizes,lung,seed42_main,source_disjoint,7,2,-0.027303312629399556
H131,chart_label_permutation_preserving_sizes,lung,seed42_main,source_disjoint,7,3,-0.03086180124223603
H131,chart_label_permutation_preserving_sizes,lung,seed42_main,source_disjoint,7,4,0.012551759834368514
H131,chart_label_permutation_preserving_sizes,lung,seed42_main,source_disjoint,7,5,-0.054412525879917295
H131,chart_label_permutation_preserving_sizes,lung,seed42_main,source_disjoint,7,6,-0.030926501035196785
H131,chart_label_permutation_preserving_sizes,lung,seed42_main,source_disjoint,7,7,-0.03539078674948237
H131,chart_label_permutation_preserving_sizes,lung,seed42_main,source_disjoint,7,8,0.015592650103519623
H131,chart_label_permutation_preserving_sizes,lung,seed42_main,source_disjoint,7,9,-0.0006469979296066519
H131,chart_label_permutation_preserving_sizes,lung,seed42_main,source_disjoint,7,10,0.005434782608695565
H131,chart_label_permutation_preserving_sizes,lung,seed42_main,source_disjoint,7,11,-0.0205745341614908
H131,chart_label_permutation_preserving_sizes,lung,seed42_main,source_disjoint,7,12,-0.04774844720496896
H131,chart_label_permutation_preserving_sizes,lung,seed42_main,source_disjoint,7,13,-0.005822981366459756
H131,chart_label_permutation_preserving_sizes,lung,seed42_main,source_disjoint,7,14,-0.034420289855072506
H131,chart_label_permutation_preserving_sizes,lung,seed42_main,source_disjoint,7,15,-0.034161490683229934
H131,chart_label_permutation_preserving_sizes,lung,seed42_main,source_disjoint,7,16,-0.0313793995859214
H131,chart_label_permutation_preserving_sizes,lung,seed42_main,source_disjoint,7,17,-0.040890269151138914
H131,chart_label_permutation_preserving_sizes,lung,seed42_main,source_disjoint,7,18,-0.0459368530020704
H131,chart_label_permutation_preserving_sizes,lung,seed42_main,source_disjoint,7,19,-0.04354296066252583
H131,chart_label_permutation_preserving_sizes,lung,seed42_main,source_disjoint,7,20,-0.03998447204968947
H131,chart_label_permutation_preserving_sizes,lung,seed42_main,source_disjoint,7,21,-0.00756987577639745
H131,chart_label_permutation_preserving_sizes,lung,seed42_main,source_disjoint,7,22,-0.04820134575569357
H131,chart_label_permutation_preserving_sizes,lung,seed42_main,source_disjoint,7,23,-0.04160196687370599
H131,chart_label_permutation_preserving_sizes,lung,seed42_main,source_disjoint,11,0,-0.13263457556935832
H131,chart_label_permutation_preserving_sizes,lung,seed42_main,source_disjoint,11,1,-0.14997412008281585
H131,chart_label_permutation_preserving_sizes,lung,seed42_main,source_disjoint,11,2,-0.1500388198757766
H131,chart_label_permutation_preserving_sizes,lung,seed42_main,source_disjoint,11,3,-0.16336697722567306
H131,chart_label_permutation_preserving_sizes,lung,seed42_main,source_disjoint,11,4,-0.13004658385093182
H131,chart_label_permutation_preserving_sizes,lung,seed42_main,source_disjoint,11,5,-0.1461568322981367
H131,chart_label_permutation_preserving_sizes,lung,seed42_main,source_disjoint,11,6,-0.08779761904761918
H131,chart_label_permutation_preserving_sizes,lung,seed42_main,source_disjoint,11,7,-0.11911231884057982
H131,chart_label_permutation_preserving_sizes,lung,seed42_main,source_disjoint,11,8,-0.1207945134575571
H131,chart_label_permutation_preserving_sizes,lung,seed42_main,source_disjoint,11,9,-0.13832815734989667
H131,chart_label_permutation_preserving_sizes,lung,seed42_main,source_disjoint,11,10,-0.14149844720496907
H131,chart_label_permutation_preserving_sizes,lung,seed42_main,source_disjoint,11,11,-0.1608436853002072
H131,chart_label_permutation_preserving_sizes,lung,seed42_main,source_disjoint,11,12,-0.17876552795031075
H131,chart_label_permutation_preserving_sizes,lung,seed42_main,source_disjoint,11,13,-0.1805771221532092
H131,chart_label_permutation_preserving_sizes,lung,seed42_main,source_disjoint,11,14,-0.110442546583851
H131,chart_label_permutation_preserving_sizes,lung,seed42_main,source_disjoint,11,15,-0.18122412008281585
H131,chart_label_permutation_preserving_sizes,lung,seed42_main,source_disjoint,11,16,-0.17151915113871663
H131,chart_label_permutation_preserving_sizes,lung,seed42_main,source_disjoint,11,17,-0.16233178053830244
H131,chart_label_permutation_preserving_sizes,lung,seed42_main,source_disjoint,11,18,-0.164725672877847
H131,chart_label_permutation_preserving_sizes,lung,seed42_main,source_disjoint,11,19,-0.1628493788819878
H131,chart_label_permutation_preserving_sizes,lung,seed42_main,source_disjoint,11,20,-0.18957039337474135
H131,chart_label_permutation_preserving_sizes,lung,seed42_main,source_disjoint,11,21,-0.15612060041407883
H131,chart_label_permutation_preserving_sizes,lung,seed42_main,source_disjoint,11,22,-0.1752070393374744
H131,chart_label_permutation_preserving_sizes,lung,seed42_main,source_disjoint,11,23,-0.13515786749482406
H131,chart_label_permutation_preserving_sizes,lung,seed42_main,target_disjoint,7,0,-0.030538302277432705
H131,chart_label_permutation_preserving_sizes,lung,seed42_main,target_disjoint,7,1,-0.01041666666666674
H131,chart_label_permutation_preserving_sizes,lung,seed42_main,target_disjoint,7,2,0.0017468944099379158
H131,chart_label_permutation_preserving_sizes,lung,seed42_main,target_disjoint,7,3,-0.041343167701863304
H131,chart_label_permutation_preserving_sizes,lung,seed42_main,target_disjoint,7,4,-0.009510869565217295
H131,chart_label_permutation_preserving_sizes,lung,seed42_main,target_disjoint,7,5,-0.016304347826086918
H131,chart_label_permutation_preserving_sizes,lung,seed42_main,target_disjoint,7,6,0.0015527950310558758
H131,chart_label_permutation_preserving_sizes,lung,seed42_main,target_disjoint,7,7,-0.009769668737059978
H131,chart_label_permutation_preserving_sizes,lung,seed42_main,target_disjoint,7,8,-0.027303312629399668
H131,chart_label_permutation_preserving_sizes,lung,seed42_main,target_disjoint,7,9,-0.03131469979296053
H131,chart_label_permutation_preserving_sizes,lung,seed42_main,target_disjoint,7,10,-0.03752587991718426
H131,chart_label_permutation_preserving_sizes,lung,seed42_main,target_disjoint,7,11,-0.04205486542443082
H131,chart_label_permutation_preserving_sizes,lung,seed42_main,target_disjoint,7,12,-0.007311076604554878
H131,chart_label_permutation_preserving_sizes,lung,seed42_main,target_disjoint,7,13,-0.0021350931677017737
H131,chart_label_permutation_preserving_sizes,lung,seed42_main,target_disjoint,7,14,0.0038172877846791575
H131,chart_label_permutation_preserving_sizes,lung,seed42_main,target_disjoint,7,15,-0.02594461697722572
H131,chart_label_permutation_preserving_sizes,lung,seed42_main,target_disjoint,7,16,-0.023227225672877827
H131,chart_label_permutation_preserving_sizes,lung,seed42_main,target_disjoint,7,17,0.028726708074534146
H131,chart_label_permutation_preserving_sizes,lung,seed42_main,target_disjoint,7,18,-0.034614389233954435
H131,chart_label_permutation_preserving_sizes,lung,seed42_main,target_disjoint,7,19,-0.012681159420289911
H131,chart_label_permutation_preserving_sizes,lung,seed42_main,target_disjoint,7,20,-0.030344202898550665
H131,chart_label_permutation_preserving_sizes,lung,seed42_main,target_disjoint,7,21,0.02025103519668736
H131,chart_label_permutation_preserving_sizes,lung,seed42_main,target_disjoint,7,22,0.025685817805383038
H131,chart_label_permutation_preserving_sizes,lung,seed42_main,target_disjoint,7,23,-0.009122670807453437
H131,chart_label_permutation_preserving_sizes,lung,seed42_main,target_disjoint,11,0,0.0006469979296066519
H131,chart_label_permutation_preserving_sizes,lung,seed42_main,target_disjoint,11,1,-0.022839026915113858
H131,chart_label_permutation_preserving_sizes,lung,seed42_main,target_disjoint,11,2,-0.02490942028985499
H131,chart_label_permutation_preserving_sizes,lung,seed42_main,target_disjoint,11,3,-0.011193064182194568
H131,chart_label_permutation_preserving_sizes,lung,seed42_main,target_disjoint,11,4,0.02510351966873703
H131,chart_label_permutation_preserving_sizes,lung,seed42_main,target_disjoint,11,5,0.009446169772256763
H131,chart_label_permutation_preserving_sizes,lung,seed42_main,target_disjoint,11,6,0.008799171842650111
H131,chart_label_permutation_preserving_sizes,lung,seed42_main,target_disjoint,11,7,0.01080486542443071
H131,chart_label_permutation_preserving_sizes,lung,seed42_main,target_disjoint,11,8,-0.022774327122153104
H131,chart_label_permutation_preserving_sizes,lung,seed42_main,target_disjoint,11,9,-0.010481366459627162
H131,chart_label_permutation_preserving_sizes,lung,seed42_main,target_disjoint,11,10,0.03060300207039357
H131,chart_label_permutation_preserving_sizes,lung,seed42_main,target_disjoint,11,11,-0.02756211180124224
H131,chart_label_permutation_preserving_sizes,lung,seed42_main,target_disjoint,11,12,-0.021933229813664523
H131,chart_label_permutation_preserving_sizes,lung,seed42_main,target_disjoint,11,13,0.054024327122153104
H131,chart_label_permutation_preserving_sizes,lung,seed42_main,target_disjoint,11,14,-0.025491718426500998
H131,chart_label_permutation_preserving_sizes,lung,seed42_main,target_disjoint,11,15,-0.0035584886128362525
H131,chart_label_permutation_preserving_sizes,lung,seed42_main,target_disjoint,11,16,-0.022774327122153104
H131,chart_label_permutation_preserving_sizes,lung,seed42_main,target_disjoint,11,17,-0.04516045548654235
H131,chart_label_permutation_preserving_sizes,lung,seed42_main,target_disjoint,11,18,0.008087474120082927
H131,chart_label_permutation_preserving_sizes,lung,seed42_main,target_disjoint,11,19,0.009446169772256763
H131,chart_label_permutation_preserving_sizes,lung,seed42_main,target_disjoint,11,20,-0.0012292960662525498
H131,chart_label_permutation_preserving_sizes,lung,seed42_main,target_disjoint,11,21,-0.05518892339544512
H131,chart_label_permutation_preserving_sizes,lung,seed42_main,target_disjoint,11,22,0.0025879917184266077
H131,chart_label_permutation_preserving_sizes,lung,seed42_main,target_disjoint,11,23,-0.0020703933747412417
H131,cycle_order_shuffle,external_lung,seed42_main,source_disjoint,7,0,-0.18906250000000002
H131,cycle_order_shuffle,external_lung,seed42_main,source_disjoint,7,1,-0.18906250000000002
H131,cycle_order_shuffle,external_lung,seed42_main,source_disjoint,7,2,-0.05856249999999996
H131,cycle_order_shuffle,external_lung,seed42_main,source_disjoint,7,3,-0.23525000000000007
H131,cycle_order_shuffle,external_lung,seed42_main,source_disjoint,7,4,-0.049562500000000065
H131,cycle_order_shuffle,external_lung,seed42_main,source_disjoint,7,5,-0.060812499999999936
H131,cycle_order_shuffle,external_lung,seed42_main,source_disjoint,7,6,-0.08543750000000006
H131,cycle_order_shuffle,external_lung,seed42_main,source_disjoint,7,7,-0.04481250000000003
H131,cycle_order_shuffle,external_lung,seed42_main,source_disjoint,7,8,-0.09650000000000003
H131,cycle_order_shuffle,external_lung,seed42_main,source_disjoint,7,9,-0.22156250000000005
H131,cycle_order_shuffle,external_lung,seed42_main,source_disjoint,7,10,-0.08543750000000006
H131,cycle_order_shuffle,external_lung,seed42_main,source_disjoint,7,11,-0.18906250000000002
H131,cycle_order_shuffle,external_lung,seed42_main,source_disjoint,7,12,-0.04481250000000003
H131,cycle_order_shuffle,external_lung,seed42_main,source_disjoint,7,13,-0.09612500000000002
H131,cycle_order_shuffle,external_lung,seed42_main,source_disjoint,7,14,-0.22156250000000005
H131,cycle_order_shuffle,external_lung,seed42_main,source_disjoint,7,15,-0.09650000000000003
H131,cycle_order_shuffle,external_lung,seed42_main,source_disjoint,7,16,-0.01968749999999997
H131,cycle_order_shuffle,external_lung,seed42_main,source_disjoint,7,17,-0.0673125
H131,cycle_order_shuffle,external_lung,seed42_main,source_disjoint,7,18,-0.08543750000000006
H131,cycle_order_shuffle,external_lung,seed42_main,source_disjoint,7,19,-0.05675000000000008
H131,cycle_order_shuffle,external_lung,seed42_main,source_disjoint,7,20,-0.021937499999999943
H131,cycle_order_shuffle,external_lung,seed42_main,source_disjoint,7,21,-0.21981250000000008
H131,cycle_order_shuffle,external_lung,seed42_main,source_disjoint,7,22,-0.18906250000000002
H131,cycle_order_shuffle,external_lung,seed42_main,source_disjoint,7,23,-0.18906250000000002
H131,cycle_order_shuffle,external_lung,seed42_main,source_disjoint,11,0,0.031218750000000073
H131,cycle_order_shuffle,external_lung,seed42_main,source_disjoint,11,1,-0.060531249999999925
H131,cycle_order_shuffle,external_lung,seed42_main,source_disjoint,11,2,0.04684375000000007
H131,cycle_order_shuffle,external_lung,seed42_main,source_disjoint,11,3,0.04846875000000006
H131,cycle_order_shuffle,external_lung,seed42_main,source_disjoint,11,4,0.07290624999999995
H131,cycle_order_shuffle,external_lung,seed42_main,source_disjoint,11,5,-0.0335312499999999
H131,cycle_order_shuffle,external_lung,seed42_main,source_disjoint,11,6,-0.04365624999999995
H131,cycle_order_shuffle,external_lung,seed42_main,source_disjoint,11,7,0.004781249999999959
H131,cycle_order_shuffle,external_lung,seed42_main,source_disjoint,11,8,-0.06515624999999992
H131,cycle_order_shuffle,external_lung,seed42_main,source_disjoint,11,9,0.0612187500000001
H131,cycle_order_shuffle,external_lung,seed42_main,source_disjoint,11,10,-0.06303124999999987
H131,cycle_order_shuffle,external_lung,seed42_main,source_disjoint,11,11,0.04684375000000007
H131,cycle_order_shuffle,external_lung,seed42_main,source_disjoint,11,12,0.03528125000000015
H131,cycle_order_shuffle,external_lung,seed42_main,source_disjoint,11,13,-0.03315624999999989
H131,cycle_order_shuffle,external_lung,seed42_main,source_disjoint,11,14,-0.06303124999999987
H131,cycle_order_shuffle,external_lung,seed42_main,source_disjoint,11,15,0.005468750000000133
H131,cycle_order_shuffle,external_lung,seed42_main,source_disjoint,11,16,0.04846875000000006
H131,cycle_order_shuffle,external_lung,seed42_main,source_disjoint,11,17,-0.06515624999999992
H131,cycle_order_shuffle,external_lung,seed42_main,source_disjoint,11,18,0.004781249999999959
H131,cycle_order_shuffle,external_lung,seed42_main,source_disjoint,11,19,0.04684375000000007
H131,cycle_order_shuffle,external_lung,seed42_main,source_disjoint,11,20,0.005468750000000133
H131,cycle_order_shuffle,external_lung,seed42_main,source_disjoint,11,21,-0.06515624999999992
H131,cycle_order_shuffle,external_lung,seed42_main,source_disjoint,11,22,-0.06303124999999987
H131,cycle_order_shuffle,external_lung,seed42_main,source_disjoint,11,23,0.04846875000000006
H131,cycle_order_shuffle,external_lung,seed42_main,target_disjoint,7,0,-0.02993750000000006
H131,cycle_order_shuffle,external_lung,seed42_main,target_disjoint,7,1,-0.1398125
H131,cycle_order_shuffle,external_lung,seed42_main,target_disjoint,7,2,-0.032500000000000084
H131,cycle_order_shuffle,external_lung,seed42_main,target_disjoint,7,3,-0.02749999999999997
H131,cycle_order_shuffle,external_lung,seed42_main,target_disjoint,7,4,-0.030625000000000013
H131,cycle_order_shuffle,external_lung,seed42_main,target_disjoint,7,5,-0.030625000000000013
H131,cycle_order_shuffle,external_lung,seed42_main,target_disjoint,7,6,-0.18006250000000001
H131,cycle_order_shuffle,external_lung,seed42_main,target_disjoint,7,7,-0.136
H131,cycle_order_shuffle,external_lung,seed42_main,target_disjoint,7,8,-0.06181250000000016
H131,cycle_order_shuffle,external_lung,seed42_main,target_disjoint,7,9,-0.07450000000000001
H131,cycle_order_shuffle,external_lung,seed42_main,target_disjoint,7,10,0.021312499999999845
H131,cycle_order_shuffle,external_lung,seed42_main,target_disjoint,7,11,-0.021812500000000123
H131,cycle_order_shuffle,external_lung,seed42_main,target_disjoint,7,12,-0.03675000000000017
H131,cycle_order_shuffle,external_lung,seed42_main,target_disjoint,7,13,0.00824999999999998
H131,cycle_order_shuffle,external_lung,seed42_main,target_disjoint,7,14,-0.06181250000000016
H131,cycle_order_shuffle,external_lung,seed42_main,target_disjoint,7,15,-0.07268750000000002
H131,cycle_order_shuffle,external_lung,seed42_main,target_disjoint,7,16,-0.030625000000000013
H131,cycle_order_shuffle,external_lung,seed42_main,target_disjoint,7,17,-0.06181250000000016
H131,cycle_order_shuffle,external_lung,seed42_main,target_disjoint,7,18,-0.20581250000000006
H131,cycle_order_shuffle,external_lung,seed42_main,target_disjoint,7,19,-0.021812500000000123
H131,cycle_order_shuffle,external_lung,seed42_main,target_disjoint,7,20,-0.1806875
H131,cycle_order_shuffle,external_lung,seed42_main,target_disjoint,7,21,-0.136
H131,cycle_order_shuffle,external_lung,seed42_main,target_disjoint,7,22,-0.1398125
H131,cycle_order_shuffle,external_lung,seed42_main,target_disjoint,7,23,-0.030625000000000013
H131,cycle_order_shuffle,external_lung,seed42_main,target_disjoint,11,0,0.002062500000000078
H131,cycle_order_shuffle,external_lung,seed42_main,target_disjoint,11,1,-0.05349999999999988
H131,cycle_order_shuffle,external_lung,seed42_main,target_disjoint,11,2,-0.020437499999999886
H131,cycle_order_shuffle,external_lung,seed42_main,target_disjoint,11,3,-0.02706249999999999
H131,cycle_order_shuffle,external_lung,seed42_main,target_disjoint,11,4,0.002062500000000078
H131,cycle_order_shuffle,external_lung,seed42_main,target_disjoint,11,5,-0.0532499999999998
H131,cycle_order_shuffle,external_lung,seed42_main,target_disjoint,11,6,-0.06256249999999997
H131,cycle_order_shuffle,external_lung,seed42_main,target_disjoint,11,7,-0.023374999999999813
H131,cycle_order_shuffle,external_lung,seed42_main,target_disjoint,11,8,0.010937500000000044
H131,cycle_order_shuffle,external_lung,seed42_main,target_disjoint,11,9,0.002062500000000078
H131,cycle_order_shuffle,external_lung,seed42_main,target_disjoint,11,10,-0.0412499999999999
H131,cycle_order_shuffle,external_lung,seed42_main,target_disjoint,11,11,-0.05599999999999994
H131,cycle_order_shuffle,external_lung,seed42_main,target_disjoint,11,12,-0.039999999999999813
H131,cycle_order_shuffle,external_lung,seed42_main,target_disjoint,11,13,-0.0532499999999998
H131,cycle_order_shuffle,external_lung,seed42_main,target_disjoint,11,14,-0.020437499999999886
H131,cycle_order_shuffle,external_lung,seed42_main,target_disjoint,11,15,0.0068750000000001865
H131,cycle_order_shuffle,external_lung,seed42_main,target_disjoint,11,16,-0.0344374999999999
H131,cycle_order_shuffle,external_lung,seed42_main,target_disjoint,11,17,-0.02874999999999983
H131,cycle_order_shuffle,external_lung,seed42_main,target_disjoint,11,18,-0.027249999999999996
H131,cycle_order_shuffle,external_lung,seed42_main,target_disjoint,11,19,-0.040437499999999904
H131,cycle_order_shuffle,external_lung,seed42_main,target_disjoint,11,20,-0.050249999999999906
H131,cycle_order_shuffle,external_lung,seed42_main,target_disjoint,11,21,-0.05349999999999988
H131,cycle_order_shuffle,external_lung,seed42_main,target_disjoint,11,22,-0.023374999999999813
H131,cycle_order_shuffle,external_lung,seed42_main,target_disjoint,11,23,-0.07143749999999993
H131,cycle_order_shuffle,immune,seed42_main,source_disjoint,7,0,0.15715897187978412
H131,cycle_order_shuffle,immune,seed42_main,source_disjoint,7,1,0.3049311094996375
H131,cycle_order_shuffle,immune,seed42_main,source_disjoint,7,2,0.2076786721456772
H131,cycle_order_shuffle,immune,seed42_main,source_disjoint,7,3,0.3049311094996375
H131,cycle_order_shuffle,immune,seed42_main,source_disjoint,7,4,0.22290709854161644
H131,cycle_order_shuffle,immune,seed42_main,source_disjoint,7,5,0.07207316090564825
H131,cycle_order_shuffle,immune,seed42_main,source_disjoint,7,6,0.3131496253323664
H131,cycle_order_shuffle,immune,seed42_main,source_disjoint,7,7,0.23692691966803653
H131,cycle_order_shuffle,immune,seed42_main,source_disjoint,7,8,0.22145677221819354
H131,cycle_order_shuffle,immune,seed42_main,source_disjoint,7,9,0.2918781725888326
H131,cycle_order_shuffle,immune,seed42_main,source_disjoint,7,10,0.25932640399645474
H131,cycle_order_shuffle,immune,seed42_main,source_disjoint,7,11,0.07207316090564825
H131,cycle_order_shuffle,immune,seed42_main,source_disjoint,7,12,0.25932640399645474
H131,cycle_order_shuffle,immune,seed42_main,source_disjoint,7,13,0.2226653774877126
H131,cycle_order_shuffle,immune,seed42_main,source_disjoint,7,14,0.25932640399645474
H131,cycle_order_shuffle,immune,seed42_main,source_disjoint,7,15,0.2226653774877126
H131,cycle_order_shuffle,immune,seed42_main,source_disjoint,7,16,0.1962372089275642
H131,cycle_order_shuffle,immune,seed42_main,source_disjoint,7,17,0.2813230199017002
H131,cycle_order_shuffle,immune,seed42_main,source_disjoint,7,18,0.335307388606881
H131,cycle_order_shuffle,immune,seed42_main,source_disjoint,7,19,0.25449198291837877
H131,cycle_order_shuffle,immune,seed42_main,source_disjoint,7,20,0.20598662476835067
H131,cycle_order_shuffle,immune,seed42_main,source_disjoint,7,21,0.2226653774877126
H131,cycle_order_shuffle,immune,seed42_main,source_disjoint,7,22,0.22290709854161644
H131,cycle_order_shuffle,immune,seed42_main,source_disjoint,7,23,0.09825960841189268
H131,cycle_order_shuffle,immune,seed42_main,source_disjoint,11,0,0.08021110305374257
H131,cycle_order_shuffle,immune,seed42_main,source_disjoint,11,1,0.08987994520989445
H131,cycle_order_shuffle,immune,seed42_main,source_disjoint,11,2,0.02026428168560146
H131,cycle_order_shuffle,immune,seed42_main,source_disjoint,11,3,0.13620981387478842
H131,cycle_order_shuffle,immune,seed42_main,source_disjoint,11,4,0.13620981387478842
H131,cycle_order_shuffle,immune,seed42_main,source_disjoint,11,5,-0.020586576424139913
H131,cycle_order_shuffle,immune,seed42_main,source_disjoint,11,6,0.04500040286842316
H131,cycle_order_shuffle,immune,seed42_main,source_disjoint,11,7,0.12170655064056074
H131,cycle_order_shuffle,immune,seed42_main,source_disjoint,11,8,0.09076625574087505
H131,cycle_order_shuffle,immune,seed42_main,source_disjoint,11,9,0.0965675610345661
H131,cycle_order_shuffle,immune,seed42_main,source_disjoint,11,10,0.13709612440576896
H131,cycle_order_shuffle,immune,seed42_main,source_disjoint,11,11,0.0781967609378777
H131,cycle_order_shuffle,immune,seed42_main,source_disjoint,11,12,0.1477318507775361
H131,cycle_order_shuffle,immune,seed42_main,source_disjoint,11,13,0.09471436628797031
H131,cycle_order_shuffle,immune,seed42_main,source_disjoint,11,14,0.08021110305374257
H131,cycle_order_shuffle,immune,seed42_main,source_disjoint,11,15,0.0965675610345661
H131,cycle_order_shuffle,immune,seed42_main,source_disjoint,11,16,0.0965675610345661
H131,cycle_order_shuffle,immune,seed42_main,source_disjoint,11,17,0.13701555072113453
H131,cycle_order_shuffle,immune,seed42_main,source_disjoint,11,18,0.12887760857303993
H131,cycle_order_shuffle,immune,seed42_main,source_disjoint,11,19,0.13701555072113453
H131,cycle_order_shuffle,immune,seed42_main,source_disjoint,11,20,-0.011723471114334139
H131,cycle_order_shuffle,immune,seed42_main,source_disjoint,11,21,0.13701555072113453
H131,cycle_order_shuffle,immune,seed42_main,source_disjoint,11,22,0.0781967609378777
H131,cycle_order_shuffle,immune,seed42_main,source_disjoint,11,23,0.04814277656917243
H131,cycle_order_shuffle,immune,seed42_main,target_disjoint,7,0,0.2878354342278247
H131,cycle_order_shuffle,immune,seed42_main,target_disjoint,7,1,0.21297656793751446
H131,cycle_order_shuffle,immune,seed42_main,target_disjoint,7,2,0.2204779212744567
H131,cycle_order_shuffle,immune,seed42_main,target_disjoint,7,3,0.2878354342278247
H131,cycle_order_shuffle,immune,seed42_main,target_disjoint,7,4,0.2204779212744567
H131,cycle_order_shuffle,immune,seed42_main,target_disjoint,7,5,0.2840460907895754
H131,cycle_order_shuffle,immune,seed42_main,target_disjoint,7,6,0.2204779212744567
H131,cycle_order_shuffle,immune,seed42_main,target_disjoint,7,7,0.30198747196659187
H131,cycle_order_shuffle,immune,seed42_main,target_disjoint,7,8,0.22929394478385273
H131,cycle_order_shuffle,immune,seed42_main,target_disjoint,7,9,0.2204779212744567
H131,cycle_order_shuffle,immune,seed42_main,target_disjoint,7,10,0.2443739849972933
H131,cycle_order_shuffle,immune,seed42_main,target_disjoint,7,11,0.23230995282654082
H131,cycle_order_shuffle,immune,seed42_main,target_disjoint,7,12,0.2519526718737916
H131,cycle_order_shuffle,immune,seed42_main,target_disjoint,7,13,0.2840460907895754
H131,cycle_order_shuffle,immune,seed42_main,target_disjoint,7,14,0.23230995282654082
H131,cycle_order_shuffle,immune,seed42_main,target_disjoint,7,15,0.30198747196659187
H131,cycle_order_shuffle,immune,seed42_main,target_disjoint,7,16,0.2443739849972933
H131,cycle_order_shuffle,immune,seed42_main,target_disjoint,7,17,0.2490913309102158
H131,cycle_order_shuffle,immune,seed42_main,target_disjoint,7,18,0.298430129147011
H131,cycle_order_shuffle,immune,seed42_main,target_disjoint,7,19,0.2243445982522621
H131,cycle_order_shuffle,immune,seed42_main,target_disjoint,7,20,0.21297656793751446
H131,cycle_order_shuffle,immune,seed42_main,target_disjoint,7,21,0.25388601036269426
H131,cycle_order_shuffle,immune,seed42_main,target_disjoint,7,22,0.25388601036269426
H131,cycle_order_shuffle,immune,seed42_main,target_disjoint,7,23,0.2260459361224963
H131,cycle_order_shuffle,immune,seed42_main,target_disjoint,11,0,0.27793674116464323
H131,cycle_order_shuffle,immune,seed42_main,target_disjoint,11,1,0.16100842935581167
H131,cycle_order_shuffle,immune,seed42_main,target_disjoint,11,2,0.13718969917253115
H131,cycle_order_shuffle,immune,seed42_main,target_disjoint,11,3,0.1631737684633826
H131,cycle_order_shuffle,immune,seed42_main,target_disjoint,11,4,0.194184517825381
H131,cycle_order_shuffle,immune,seed42_main,target_disjoint,11,5,0.14608305622148327
H131,cycle_order_shuffle,immune,seed42_main,target_disjoint,11,6,0.21831258216688582
H131,cycle_order_shuffle,immune,seed42_main,target_disjoint,11,7,0.15196040522774729
H131,cycle_order_shuffle,immune,seed42_main,target_disjoint,11,8,0.17291779444745187
H131,cycle_order_shuffle,immune,seed42_main,target_disjoint,11,9,0.27314206171216465
H131,cycle_order_shuffle,immune,seed42_main,target_disjoint,11,10,0.09813626169669792
H131,cycle_order_shuffle,immune,seed42_main,target_disjoint,11,11,0.23896063722836608
H131,cycle_order_shuffle,immune,seed42_main,target_disjoint,11,12,0.1864511638697704
H131,cycle_order_shuffle,immune,seed42_main,target_disjoint,11,13,0.1864511638697704
H131,cycle_order_shuffle,immune,seed42_main,target_disjoint,11,14,0.14608305622148327
H131,cycle_order_shuffle,immune,seed42_main,target_disjoint,11,15,0.2583713556569484
H131,cycle_order_shuffle,immune,seed42_main,target_disjoint,11,16,0.23896063722836608
H131,cycle_order_shuffle,immune,seed42_main,target_disjoint,11,17,0.18923517129379014
H131,cycle_order_shuffle,immune,seed42_main,target_disjoint,11,18,0.13718969917253115
H131,cycle_order_shuffle,immune,seed42_main,target_disjoint,11,19,0.1685097826927538
H131,cycle_order_shuffle,immune,seed42_main,target_disjoint,11,20,0.11136029696079192
H131,cycle_order_shuffle,immune,seed42_main,target_disjoint,11,21,0.1533524089397572
H131,cycle_order_shuffle,immune,seed42_main,target_disjoint,11,22,0.21831258216688582
H131,cycle_order_shuffle,immune,seed42_main,target_disjoint,11,23,0.15226973938597177
H131,cycle_order_shuffle,lung,seed42_main,source_disjoint,7,0,-0.08055124223602483
H131,cycle_order_shuffle,lung,seed42_main,source_disjoint,7,1,-0.06482919254658392
H131,cycle_order_shuffle,lung,seed42_main,source_disjoint,7,2,-0.08055124223602483
H131,cycle_order_shuffle,lung,seed42_main,source_disjoint,7,3,-0.08055124223602483
H131,cycle_order_shuffle,lung,seed42_main,source_disjoint,7,4,-0.038690476190476164
H131,cycle_order_shuffle,lung,seed42_main,source_disjoint,7,5,-0.057712215320910976
H131,cycle_order_shuffle,lung,seed42_main,source_disjoint,7,6,-0.06353519668737073
H131,cycle_order_shuffle,lung,seed42_main,source_disjoint,7,7,-0.08242753623188404
H131,cycle_order_shuffle,lung,seed42_main,source_disjoint,7,8,-0.09543219461697716
H131,cycle_order_shuffle,lung,seed42_main,source_disjoint,7,9,-0.0727225672877847
H131,cycle_order_shuffle,lung,seed42_main,source_disjoint,7,10,-0.06677018633540377
H131,cycle_order_shuffle,lung,seed42_main,source_disjoint,7,11,-0.06353519668737073
H131,cycle_order_shuffle,lung,seed42_main,source_disjoint,7,12,-0.11704192546583858
H131,cycle_order_shuffle,lung,seed42_main,source_disjoint,7,13,-0.042766563146998116
H131,cycle_order_shuffle,lung,seed42_main,source_disjoint,7,14,-0.06541149068322982
H131,cycle_order_shuffle,lung,seed42_main,source_disjoint,7,15,-0.04535455486542439
H131,cycle_order_shuffle,lung,seed42_main,source_disjoint,7,16,-0.0727225672877847
H131,cycle_order_shuffle,lung,seed42_main,source_disjoint,7,17,-0.090126811594203
H131,cycle_order_shuffle,lung,seed42_main,source_disjoint,7,18,-0.08242753623188404
H131,cycle_order_shuffle,lung,seed42_main,source_disjoint,7,19,-0.10681935817805388
H131,cycle_order_shuffle,lung,seed42_main,source_disjoint,7,20,-0.08055124223602483
H131,cycle_order_shuffle,lung,seed42_main,source_disjoint,7,21,-0.038690476190476164
H131,cycle_order_shuffle,lung,seed42_main,source_disjoint,7,22,-0.04813664596273304
H131,cycle_order_shuffle,lung,seed42_main,source_disjoint,7,23,-0.07906314699792949
H131,cycle_order_shuffle,lung,seed42_main,source_disjoint,11,0,-0.21092132505175998
H131,cycle_order_shuffle,lung,seed42_main,source_disjoint,11,1,-0.20063405797101463
H131,cycle_order_shuffle,lung,seed42_main,source_disjoint,11,2,-0.1835533126293999
H131,cycle_order_shuffle,lung,seed42_main,source_disjoint,11,3,-0.18801759834368542
H131,cycle_order_shuffle,lung,seed42_main,source_disjoint,11,4,-0.21092132505175998
H131,cycle_order_shuffle,lung,seed42_main,source_disjoint,11,5,-0.1835533126293999
H131,cycle_order_shuffle,lung,seed42_main,source_disjoint,11,6,-0.21098602484472062
H131,cycle_order_shuffle,lung,seed42_main,source_disjoint,11,7,-0.16265527950310577
H131,cycle_order_shuffle,lung,seed42_main,source_disjoint,11,8,-0.21098602484472062
H131,cycle_order_shuffle,lung,seed42_main,source_disjoint,11,9,-0.21092132505175998
H131,cycle_order_shuffle,lung,seed42_main,source_disjoint,11,10,-0.2235377846790892
H131,cycle_order_shuffle,lung,seed42_main,source_disjoint,11,11,-0.21984989648033149
H131,cycle_order_shuffle,lung,seed42_main,source_disjoint,11,12,-0.16524327122153215
H131,cycle_order_shuffle,lung,seed42_main,source_disjoint,11,13,-0.16265527950310577
H131,cycle_order_shuffle,lung,seed42_main,source_disjoint,11,14,-0.15929089026915133
H131,cycle_order_shuffle,lung,seed42_main,source_disjoint,11,15,-0.16265527950310577
H131,cycle_order_shuffle,lung,seed42_main,source_disjoint,11,16,-0.15586180124223614
H131,cycle_order_shuffle,lung,seed42_main,source_disjoint,11,17,-0.18801759834368542
H131,cycle_order_shuffle,lung,seed42_main,source_disjoint,11,18,-0.18536490683229834
H131,cycle_order_shuffle,lung,seed42_main,source_disjoint,11,19,-0.16724896480331286
H131,cycle_order_shuffle,lung,seed42_main,source_disjoint,11,20,-0.20393374741200848
H131,cycle_order_shuffle,lung,seed42_main,source_disjoint,11,21,-0.18918219461697744
H131,cycle_order_shuffle,lung,seed42_main,source_disjoint,11,22,-0.20063405797101463
H131,cycle_order_shuffle,lung,seed42_main,source_disjoint,11,23,-0.18536490683229834
H131,cycle_order_shuffle,lung,seed42_main,target_disjoint,7,0,-0.08630952380952384
H131,cycle_order_shuffle,lung,seed42_main,target_disjoint,7,1,-0.04406055900621131
H131,cycle_order_shuffle,lung,seed42_main,target_disjoint,7,2,-0.036296583850931596
H131,cycle_order_shuffle,lung,seed42_main,target_disjoint,7,3,-0.03273809523809523
H131,cycle_order_shuffle,lung,seed42_main,target_disjoint,7,4,-0.05001293995859202
H131,cycle_order_shuffle,lung,seed42_main,target_disjoint,7,5,-0.09659679089026918
H131,cycle_order_shuffle,lung,seed42_main,target_disjoint,7,6,-0.09594979296066253
H131,cycle_order_shuffle,lung,seed42_main,target_disjoint,7,7,-0.027626811594202882
H131,cycle_order_shuffle,lung,seed42_main,target_disjoint,7,8,-0.059135610766045454
H131,cycle_order_shuffle,lung,seed42_main,target_disjoint,7,9,-0.030797101449275388
H131,cycle_order_shuffle,lung,seed42_main,target_disjoint,7,10,-0.06696428571428581
H131,cycle_order_shuffle,lung,seed42_main,target_disjoint,7,11,-0.027626811594202882
H131,cycle_order_shuffle,lung,seed42_main,target_disjoint,7,12,-0.03273809523809523
H131,cycle_order_shuffle,lung,seed42_main,target_disjoint,7,13,-0.031573498964803215
H131,cycle_order_shuffle,lung,seed42_main,target_disjoint,7,14,-0.07149327122153204
H131,cycle_order_shuffle,lung,seed42_main,target_disjoint,7,15,-0.0020703933747411307
H131,cycle_order_shuffle,lung,seed42_main,target_disjoint,7,16,-0.0020703933747411307
H131,cycle_order_shuffle,lung,seed42_main,target_disjoint,7,17,-0.005240683229813747
H131,cycle_order_shuffle,lung,seed42_main,target_disjoint,7,18,-0.0725931677018633
H131,cycle_order_shuffle,lung,seed42_main,target_disjoint,7,19,-0.04406055900621131
H131,cycle_order_shuffle,lung,seed42_main,target_disjoint,7,20,-0.06735248447204967
H131,cycle_order_shuffle,lung,seed42_main,target_disjoint,7,21,-0.005240683229813747
H131,cycle_order_shuffle,lung,seed42_main,target_disjoint,7,22,-0.0020703933747411307
H131,cycle_order_shuffle,lung,seed42_main,target_disjoint,7,23,-0.09594979296066253
H131,cycle_order_shuffle,lung,seed42_main,target_disjoint,11,0,-0.06327639751552794
H131,cycle_order_shuffle,lung,seed42_main,target_disjoint,11,1,-0.036684782608695565
H131,cycle_order_shuffle,lung,seed42_main,target_disjoint,11,2,-0.0720108695652174
H131,cycle_order_shuffle,lung,seed42_main,target_disjoint,11,3,-0.02309782608695643
H131,cycle_order_shuffle,lung,seed42_main,target_disjoint,11,4,-0.04684265010351962
H131,cycle_order_shuffle,lung,seed42_main,target_disjoint,11,5,-0.05169513457556929
H131,cycle_order_shuffle,lung,seed42_main,target_disjoint,11,6,-0.02613871635610765
H131,cycle_order_shuffle,lung,seed42_main,target_disjoint,11,7,-0.05357142857142849
H131,cycle_order_shuffle,lung,seed42_main,target_disjoint,11,8,-0.05680641821946175
H131,cycle_order_shuffle,lung,seed42_main,target_disjoint,11,9,-0.0229037267080745
H131,cycle_order_shuffle,lung,seed42_main,target_disjoint,11,10,-0.00860507246376796
H131,cycle_order_shuffle,lung,seed42_main,target_disjoint,11,11,-0.0229037267080745
H131,cycle_order_shuffle,lung,seed42_main,target_disjoint,11,12,-0.054283126293995676
H131,cycle_order_shuffle,lung,seed42_main,target_disjoint,11,13,-0.06327639751552794
H131,cycle_order_shuffle,lung,seed42_main,target_disjoint,11,14,-0.05680641821946175
H131,cycle_order_shuffle,lung,seed42_main,target_disjoint,11,15,-0.0229037267080745
H131,cycle_order_shuffle,lung,seed42_main,target_disjoint,11,16,-0.03228519668737051
H131,cycle_order_shuffle,lung,seed42_main,target_disjoint,11,17,-0.03390269151138703
H131,cycle_order_shuffle,lung,seed42_main,target_disjoint,11,18,-0.05357142857142849
H131,cycle_order_shuffle,lung,seed42_main,target_disjoint,11,19,-0.02309782608695643
H131,cycle_order_shuffle,lung,seed42_main,target_disjoint,11,20,-0.02309782608695643
H131,cycle_order_shuffle,lung,seed42_main,target_disjoint,11,21,-0.00860507246376796
H131,cycle_order_shuffle,lung,seed42_main,target_disjoint,11,22,-0.05111283643892328
H131,cycle_order_shuffle,lung,seed42_main,target_disjoint,11,23,-0.04723084886128359
H131,label_permutation,external_lung,seed42_main,source_disjoint,7,0,-0.009906250000000005
H131,label_permutation,external_lung,seed42_main,source_disjoint,7,1,0.0010937499999998934
H131,label_permutation,external_lung,seed42_main,source_disjoint,7,2,-0.05509374999999994
H131,label_permutation,external_lung,seed42_main,source_disjoint,7,3,0.011343749999999875
H131,label_permutation,external_lung,seed42_main,source_disjoint,7,4,-6.250000000007638e-05
H131,label_permutation,external_lung,seed42_main,source_disjoint,7,5,0.04596874999999989
H131,label_permutation,external_lung,seed42_main,source_disjoint,7,6,-0.04843750000000002
H131,label_permutation,external_lung,seed42_main,source_disjoint,7,7,0.028000000000000025
H131,label_permutation,external_lung,seed42_main,source_disjoint,7,8,-0.06253125000000004
H131,label_permutation,external_lung,seed42_main,source_disjoint,7,9,0.03025
H131,label_permutation,external_lung,seed42_main,source_disjoint,7,10,0.061281249999999954
H131,label_permutation,external_lung,seed42_main,source_disjoint,7,11,0.01865625000000004
H131,label_permutation,external_lung,seed42_main,source_disjoint,7,12,-0.02634375000000011
H131,label_permutation,external_lung,seed42_main,source_disjoint,7,13,0.006906250000000114
H131,label_permutation,external_lung,seed42_main,source_disjoint,7,14,0.04728124999999994
H131,label_permutation,external_lung,seed42_main,source_disjoint,7,15,0.042812499999999865
H131,label_permutation,external_lung,seed42_main,source_disjoint,7,16,-0.033906249999999916
H131,label_permutation,external_lung,seed42_main,source_disjoint,7,17,-0.01778125000000008
H131,label_permutation,external_lung,seed42_main,source_disjoint,7,18,0.0696874999999999
H131,label_permutation,external_lung,seed42_main,source_disjoint,7,19,0.055656250000000074
H131,label_permutation,external_lung,seed42_main,source_disjoint,7,20,-0.047656249999999956
H131,label_permutation,external_lung,seed42_main,source_disjoint,7,21,-0.04740624999999998
H131,label_permutation,external_lung,seed42_main,source_disjoint,7,22,-0.020031249999999945
H131,label_permutation,external_lung,seed42_main,source_disjoint,7,23,-0.004125000000000045
H131,label_permutation,external_lung,seed42_main,source_disjoint,11,0,0.03484374999999995
H131,label_permutation,external_lung,seed42_main,source_disjoint,11,1,0.06728125000000018
H131,label_permutation,external_lung,seed42_main,source_disjoint,11,2,-0.0023124999999999396
H131,label_permutation,external_lung,seed42_main,source_disjoint,11,3,0.09018749999999998
H131,label_permutation,external_lung,seed42_main,source_disjoint,11,4,0.05784374999999997
H131,label_permutation,external_lung,seed42_main,source_disjoint,11,5,0.09653125000000007
H131,label_permutation,external_lung,seed42_main,source_disjoint,11,6,0.013437499999999991
H131,label_permutation,external_lung,seed42_main,source_disjoint,11,7,0.14103125
H131,label_permutation,external_lung,seed42_main,source_disjoint,11,8,0.058937499999999976
H131,label_permutation,external_lung,seed42_main,source_disjoint,11,9,0.054718749999999816
H131,label_permutation,external_lung,seed42_main,source_disjoint,11,10,0.03424999999999989
H131,label_permutation,external_lung,seed42_main,source_disjoint,11,11,0.060812499999999936
H131,label_permutation,external_lung,seed42_main,source_disjoint,11,12,0.041281249999999936
H131,label_permutation,external_lung,seed42_main,source_disjoint,11,13,0.06746875000000002
H131,label_permutation,external_lung,seed42_main,source_disjoint,11,14,0.02571874999999979
H131,label_permutation,external_lung,seed42_main,source_disjoint,11,15,0.033781249999999985
H131,label_permutation,external_lung,seed42_main,source_disjoint,11,16,0.02862500000000001
H131,label_permutation,external_lung,seed42_main,source_disjoint,11,17,0.0674999999999999
H131,label_permutation,external_lung,seed42_main,source_disjoint,11,18,0.05125000000000002
H131,label_permutation,external_lung,seed42_main,source_disjoint,11,19,0.05262499999999992
H131,label_permutation,external_lung,seed42_main,source_disjoint,11,20,0.1250937499999999
H131,label_permutation,external_lung,seed42_main,source_disjoint,11,21,0.07975000000000004
H131,label_permutation,external_lung,seed42_main,source_disjoint,11,22,0.004375000000000018
H131,label_permutation,external_lung,seed42_main,source_disjoint,11,23,-0.010968749999999972
H131,label_permutation,external_lung,seed42_main,target_disjoint,7,0,-0.002562499999999912
H131,label_permutation,external_lung,seed42_main,target_disjoint,7,1,-0.07003124999999999
H131,label_permutation,external_lung,seed42_main,target_disjoint,7,2,-0.035812499999999914
H131,label_permutation,external_lung,seed42_main,target_disjoint,7,3,0.006593749999999954
H131,label_permutation,external_lung,seed42_main,target_disjoint,7,4,0.00956250000000003
H131,label_permutation,external_lung,seed42_main,target_disjoint,7,5,-0.014312500000000061
H131,label_permutation,external_lung,seed42_main,target_disjoint,7,6,-0.021937499999999943
H131,label_permutation,external_lung,seed42_main,target_disjoint,7,7,-0.016625
H131,label_permutation,external_lung,seed42_main,target_disjoint,7,8,0.011812500000000004
H131,label_permutation,external_lung,seed42_main,target_disjoint,7,9,-0.022906250000000017
H131,label_permutation,external_lung,seed42_main,target_disjoint,7,10,-0.04434374999999979
H131,label_permutation,external_lung,seed42_main,target_disjoint,7,11,-0.005624999999999991
H131,label_permutation,external_lung,seed42_main,target_disjoint,7,12,0.058250000000000024
H131,label_permutation,external_lung,seed42_main,target_disjoint,7,13,-0.03687499999999999
H131,label_permutation,external_lung,seed42_main,target_disjoint,7,14,-0.02690624999999991
H131,label_permutation,external_lung,seed42_main,target_disjoint,7,15,-0.012468749999999917
H131,label_permutation,external_lung,seed42_main,target_disjoint,7,16,0.019999999999999907
H131,label_permutation,external_lung,seed42_main,target_disjoint,7,17,0.049187499999999995
H131,label_permutation,external_lung,seed42_main,target_disjoint,7,18,-0.032343750000000004
H131,label_permutation,external_lung,seed42_main,target_disjoint,7,19,-0.033937499999999954
H131,label_permutation,external_lung,seed42_main,target_disjoint,7,20,-0.018031249999999943
H131,label_permutation,external_lung,seed42_main,target_disjoint,7,21,-0.0023125000000000506
H131,label_permutation,external_lung,seed42_main,target_disjoint,7,22,0.029249999999999998
H131,label_permutation,external_lung,seed42_main,target_disjoint,7,23,0.026812500000000017
H131,label_permutation,external_lung,seed42_main,target_disjoint,11,0,0.015531249999999996
H131,label_permutation,external_lung,seed42_main,target_disjoint,11,1,-0.010531249999999881
H131,label_permutation,external_lung,seed42_main,target_disjoint,11,2,-0.052312499999999984
H131,label_permutation,external_lung,seed42_main,target_disjoint,11,3,-0.04137499999999994
H131,label_permutation,external_lung,seed42_main,target_disjoint,11,4,-0.056593750000000054
H131,label_permutation,external_lung,seed42_main,target_disjoint,11,5,-0.02706249999999999
H131,label_permutation,external_lung,seed42_main,target_disjoint,11,6,-0.03184374999999995
H131,label_permutation,external_lung,seed42_main,target_disjoint,11,7,0.013531250000000106
H131,label_permutation,external_lung,seed42_main,target_disjoint,11,8,-0.004437499999999983
H131,label_permutation,external_lung,seed42_main,target_disjoint,11,9,-0.006406250000000169
H131,label_permutation,external_lung,seed42_main,target_disjoint,11,10,0.05499999999999983
H131,label_permutation,external_lung,seed42_main,target_disjoint,11,11,-0.052562499999999845
H131,label_permutation,external_lung,seed42_main,target_disjoint,11,12,-0.058218749999999986
H131,label_permutation,external_lung,seed42_main,target_disjoint,11,13,0.016999999999999904
H131,label_permutation,external_lung,seed42_main,target_disjoint,11,14,0.006593750000000065
H131,label_permutation,external_lung,seed42_main,target_disjoint,11,15,-0.00868750000000007
H131,label_permutation,external_lung,seed42_main,target_disjoint,11,16,0.03978124999999988
H131,label_permutation,external_lung,seed42_main,target_disjoint,11,17,0.014874999999999972
H131,label_permutation,external_lung,seed42_main,target_disjoint,11,18,-0.0067187499999999956
H131,label_permutation,external_lung,seed42_main,target_disjoint,11,19,-0.045937500000000075
H131,label_permutation,external_lung,seed42_main,target_disjoint,11,20,-0.029749999999999943
H131,label_permutation,external_lung,seed42_main,target_disjoint,11,21,0.01646874999999992
H131,label_permutation,external_lung,seed42_main,target_disjoint,11,22,-0.017750000000000044
H131,label_permutation,external_lung,seed42_main,target_disjoint,11,23,0.047250000000000014
H131,label_permutation,immune,seed42_main,source_disjoint,7,0,0.11417291112722594
H131,label_permutation,immune,seed42_main,source_disjoint,7,1,0.13774071388284592
H131,label_permutation,immune,seed42_main,source_disjoint,7,2,0.081459995165579
H131,label_permutation,immune,seed42_main,source_disjoint,7,3,0.010716300056401618
H131,label_permutation,immune,seed42_main,source_disjoint,7,4,0.15369430344049634
H131,label_permutation,immune,seed42_main,source_disjoint,7,5,0.10353718475545876
H131,label_permutation,immune,seed42_main,source_disjoint,7,6,0.03251148175006047
H131,label_permutation,immune,seed42_main,source_disjoint,7,7,0.08693900572073154
H131,label_permutation,immune,seed42_main,source_disjoint,7,8,0.052131173958585186
H131,label_permutation,immune,seed42_main,source_disjoint,7,9,0.07908307146885823
H131,label_permutation,immune,seed42_main,source_disjoint,7,10,-0.004713560551124041
H131,label_permutation,immune,seed42_main,source_disjoint,7,11,0.011884618483603171
H131,label_permutation,immune,seed42_main,source_disjoint,7,12,0.07126742405930225
H131,label_permutation,immune,seed42_main,source_disjoint,7,13,0.07086455563612915
H131,label_permutation,immune,seed42_main,source_disjoint,7,14,0.03021513173797441
H131,label_permutation,immune,seed42_main,source_disjoint,7,15,0.10849246636048665
H131,label_permutation,immune,seed42_main,source_disjoint,7,16,0.1288776085730401
H131,label_permutation,immune,seed42_main,source_disjoint,7,17,0.052211747643219675
H131,label_permutation,immune,seed42_main,source_disjoint,7,18,0.030537426476512697
H131,label_permutation,immune,seed42_main,source_disjoint,7,19,0.12484892434131006
H131,label_permutation,immune,seed42_main,source_disjoint,7,20,0.15196196922085248
H131,label_permutation,immune,seed42_main,source_disjoint,7,21,0.05160744500846026
H131,label_permutation,immune,seed42_main,source_disjoint,7,22,0.06474095560389975
H131,label_permutation,immune,seed42_main,source_disjoint,7,23,0.18004189831601003
H131,label_permutation,immune,seed42_main,source_disjoint,11,0,0.06300862138425595
H131,label_permutation,immune,seed42_main,source_disjoint,11,1,0.02715333172185974
H131,label_permutation,immune,seed42_main,source_disjoint,11,2,0.014624123761179664
H131,label_permutation,immune,seed42_main,source_disjoint,11,3,-0.0159133027153332
H131,label_permutation,immune,seed42_main,source_disjoint,11,4,-0.03424381596970433
H131,label_permutation,immune,seed42_main,source_disjoint,11,5,-0.04693417129965349
H131,label_permutation,immune,seed42_main,source_disjoint,11,6,0.0160744500846024
H131,label_permutation,immune,seed42_main,source_disjoint,11,7,-0.018330513254371072
H131,label_permutation,immune,seed42_main,source_disjoint,11,8,-0.007936507936507908
H131,label_permutation,immune,seed42_main,source_disjoint,11,9,-0.035210700185319466
H131,label_permutation,immune,seed42_main,source_disjoint,11,10,-0.042462331802433306
H131,label_permutation,immune,seed42_main,source_disjoint,11,11,0.02679075014100396
H131,label_permutation,immune,seed42_main,source_disjoint,11,12,-0.05148658448150839
H131,label_permutation,immune,seed42_main,source_disjoint,11,13,-0.07831762146482957
H131,label_permutation,immune,seed42_main,source_disjoint,11,14,-0.040609137055837574
H131,label_permutation,immune,seed42_main,source_disjoint,11,15,0.0592619450487471
H131,label_permutation,immune,seed42_main,source_disjoint,11,16,0.02650874224478289
H131,label_permutation,immune,seed42_main,source_disjoint,11,17,-0.024373539601966032
H131,label_permutation,immune,seed42_main,source_disjoint,11,18,0.05442752397067113
H131,label_permutation,immune,seed42_main,source_disjoint,11,19,-0.03372008701957946
H131,label_permutation,immune,seed42_main,source_disjoint,11,20,0.055756989767141996
H131,label_permutation,immune,seed42_main,source_disjoint,11,21,-0.06002739505277577
H131,label_permutation,immune,seed42_main,source_disjoint,11,22,0.02006284747401499
H131,label_permutation,immune,seed42_main,source_disjoint,11,23,-0.06856820562404314
H131,label_permutation,immune,seed42_main,target_disjoint,7,0,0.1569870852988941
H131,label_permutation,immune,seed42_main,target_disjoint,7,1,0.18459515892042377
H131,label_permutation,immune,seed42_main,target_disjoint,7,2,0.15772175392467708
H131,label_permutation,immune,seed42_main,target_disjoint,7,3,0.1388910370427655
H131,label_permutation,immune,seed42_main,target_disjoint,7,4,0.17562446833191558
H131,label_permutation,immune,seed42_main,target_disjoint,7,5,0.19781919418451788
H131,label_permutation,immune,seed42_main,target_disjoint,7,6,0.09566158843090256
H131,label_permutation,immune,seed42_main,target_disjoint,7,7,0.06905885082360214
H131,label_permutation,immune,seed42_main,target_disjoint,7,8,0.13401902405073085
H131,label_permutation,immune,seed42_main,target_disjoint,7,9,0.13989637305699476
H131,label_permutation,immune,seed42_main,target_disjoint,7,10,0.15335240893975716
H131,label_permutation,immune,seed42_main,target_disjoint,7,11,0.14515505374680998
H131,label_permutation,immune,seed42_main,target_disjoint,7,12,0.14604438945170517
H131,label_permutation,immune,seed42_main,target_disjoint,7,13,0.1457737220632589
H131,label_permutation,immune,seed42_main,target_disjoint,7,14,0.14314438171835125
H131,label_permutation,immune,seed42_main,target_disjoint,7,15,0.11642564380171688
H131,label_permutation,immune,seed42_main,target_disjoint,7,16,0.1350630268347382
H131,label_permutation,immune,seed42_main,target_disjoint,7,17,0.09059624158997748
H131,label_permutation,immune,seed42_main,target_disjoint,7,18,0.15002706673884458
H131,label_permutation,immune,seed42_main,target_disjoint,7,19,0.1723377929007811
H131,label_permutation,immune,seed42_main,target_disjoint,7,20,0.16924445131853694
H131,label_permutation,immune,seed42_main,target_disjoint,7,21,0.09017090712241899
H131,label_permutation,immune,seed42_main,target_disjoint,7,22,0.11596164256438019
H131,label_permutation,immune,seed42_main,target_disjoint,7,23,0.1504137344366252
H131,label_permutation,immune,seed42_main,target_disjoint,11,0,0.06418683783156759
H131,label_permutation,immune,seed42_main,target_disjoint,11,1,0.10811228829943542
H131,label_permutation,immune,seed42_main,target_disjoint,11,2,0.05958549222797921
H131,label_permutation,immune,seed42_main,target_disjoint,11,3,0.03886010362694303
H131,label_permutation,immune,seed42_main,target_disjoint,11,4,0.08800556801484805
H131,label_permutation,immune,seed42_main,target_disjoint,11,5,0.007810687495166724
H131,label_permutation,immune,seed42_main,target_disjoint,11,6,0.08553089474905273
H131,label_permutation,immune,seed42_main,target_disjoint,11,7,0.08962957234552638
H131,label_permutation,immune,seed42_main,target_disjoint,11,8,0.10900162400433061
H131,label_permutation,immune,seed42_main,target_disjoint,11,9,0.15114840306240823
H131,label_permutation,immune,seed42_main,target_disjoint,11,10,-0.03360142293712781
H131,label_permutation,immune,seed42_main,target_disjoint,11,11,0.06820818188848504
H131,label_permutation,immune,seed42_main,target_disjoint,11,12,0.013726703271208784
H131,label_permutation,immune,seed42_main,target_disjoint,11,13,0.11132163019101388
H131,label_permutation,immune,seed42_main,target_disjoint,11,14,0.02339339571572202
H131,label_permutation,immune,seed42_main,target_disjoint,11,15,0.05107880287680777
H131,label_permutation,immune,seed42_main,target_disjoint,11,16,0.08355888949037193
H131,label_permutation,immune,seed42_main,target_disjoint,11,17,0.0764828706209883
H131,label_permutation,immune,seed42_main,target_disjoint,11,18,0.1139509705359214
H131,label_permutation,immune,seed42_main,target_disjoint,11,19,0.11781764751372659
H131,label_permutation,immune,seed42_main,target_disjoint,11,20,0.02405073080194875
H131,label_permutation,immune,seed42_main,target_disjoint,11,21,0.1560977495939989
H131,label_permutation,immune,seed42_main,target_disjoint,11,22,0.12551233469955914
H131,label_permutation,immune,seed42_main,target_disjoint,11,23,0.11290696775191394
H131,label_permutation,lung,seed42_main,source_disjoint,7,0,0.02707686335403736
H131,label_permutation,lung,seed42_main,source_disjoint,7,1,0.04406055900621131
H131,label_permutation,lung,seed42_main,source_disjoint,7,2,0.04655150103519656
H131,label_permutation,lung,seed42_main,source_disjoint,7,3,-0.012551759834368514
H131,label_permutation,lung,seed42_main,source_disjoint,7,4,0.06000905797101441
H131,label_permutation,lung,seed42_main,source_disjoint,7,5,0.12778209109730854
H131,label_permutation,lung,seed42_main,source_disjoint,7,6,0.0009057971014491129
H131,label_permutation,lung,seed42_main,source_disjoint,7,7,0.0044966356107661865
H131,label_permutation,lung,seed42_main,source_disjoint,7,8,0.06922877846790887
H131,label_permutation,lung,seed42_main,source_disjoint,7,9,0.05328027950310554
H131,label_permutation,lung,seed42_main,source_disjoint,7,10,0.09342650103519667
H131,label_permutation,lung,seed42_main,source_disjoint,7,11,0.10743400621118004
H131,label_permutation,lung,seed42_main,source_disjoint,7,12,0.07146092132505188
H131,label_permutation,lung,seed42_main,source_disjoint,7,13,0.07708980331262938
H131,label_permutation,lung,seed42_main,source_disjoint,7,14,0.10099637681159418
H131,label_permutation,lung,seed42_main,source_disjoint,7,15,0.06521739130434778
H131,label_permutation,lung,seed42_main,source_disjoint,7,16,0.06932582815734989
H131,label_permutation,lung,seed42_main,source_disjoint,7,17,0.05370082815734978
H131,label_permutation,lung,seed42_main,source_disjoint,7,18,0.02167443064182195
H131,label_permutation,lung,seed42_main,source_disjoint,7,19,0.009316770186335366
H131,label_permutation,lung,seed42_main,source_disjoint,7,20,0.08100414078674945
H131,label_permutation,lung,seed42_main,source_disjoint,7,21,0.12208850931677018
H131,label_permutation,lung,seed42_main,source_disjoint,7,22,0.024682971014492794
H131,label_permutation,lung,seed42_main,source_disjoint,7,23,0.05114518633540366
H131,label_permutation,lung,seed42_main,source_disjoint,11,0,0.008119824016563193
H131,label_permutation,lung,seed42_main,source_disjoint,11,1,-0.10549301242236025
H131,label_permutation,lung,seed42_main,source_disjoint,11,2,-0.024100672877846896
H131,label_permutation,lung,seed42_main,source_disjoint,11,3,-0.03784937888198758
H131,label_permutation,lung,seed42_main,source_disjoint,11,4,0.0025556418219462307
H131,label_permutation,lung,seed42_main,source_disjoint,11,5,-0.10102872670807461
H131,label_permutation,lung,seed42_main,source_disjoint,11,6,0.010869565217391242
H131,label_permutation,lung,seed42_main,source_disjoint,11,7,-0.05483307453416153
H131,label_permutation,lung,seed42_main,source_disjoint,11,8,-0.03979037267080732
H131,label_permutation,lung,seed42_main,source_disjoint,11,9,-0.0017792443064181818
H131,label_permutation,lung,seed42_main,source_disjoint,11,10,-0.08996506211180122
H131,label_permutation,lung,seed42_main,source_disjoint,11,11,0.04509575569358182
H131,label_permutation,lung,seed42_main,source_disjoint,11,12,-0.08032479296066242
H131,label_permutation,lung,seed42_main,source_disjoint,11,13,-0.08258928571428581
H131,label_permutation,lung,seed42_main,source_disjoint,11,14,-0.12422360248447195
H131,label_permutation,lung,seed42_main,source_disjoint,11,15,-0.0016174948240166298
H131,label_permutation,lung,seed42_main,source_disjoint,11,16,-0.06424689440993803
H131,label_permutation,lung,seed42_main,source_disjoint,11,17,0.018892339544513415
H131,label_permutation,lung,seed42_main,source_disjoint,11,18,-0.06389104554865427
H131,label_permutation,lung,seed42_main,source_disjoint,11,19,0.010966614906832262
H131,label_permutation,lung,seed42_main,source_disjoint,11,20,-0.027820910973084922
H131,label_permutation,lung,seed42_main,source_disjoint,11,21,-0.01675724637681164
H131,label_permutation,lung,seed42_main,source_disjoint,11,22,-0.05641821946169778
H131,label_permutation,lung,seed42_main,source_disjoint,11,23,-0.0627587991718428
H131,label_permutation,lung,seed42_main,target_disjoint,7,0,-0.05124223602484479
H131,label_permutation,lung,seed42_main,target_disjoint,7,1,0.02206262939958581
H131,label_permutation,lung,seed42_main,target_disjoint,7,2,0.036134834368530044
H131,label_permutation,lung,seed42_main,target_disjoint,7,3,-0.008410973084886142
H131,label_permutation,lung,seed42_main,target_disjoint,7,4,-0.014201604554865521
H131,label_permutation,lung,seed42_main,target_disjoint,7,5,-0.02225672877846796
H131,label_permutation,lung,seed42_main,target_disjoint,7,6,0.018536490683229823
H131,label_permutation,lung,seed42_main,target_disjoint,7,7,0.037008281573499
H131,label_permutation,lung,seed42_main,target_disjoint,7,8,0.08679477225672871
H131,label_permutation,lung,seed42_main,target_disjoint,7,9,0.018051242236024723
H131,label_permutation,lung,seed42_main,target_disjoint,7,10,-0.04059912008281574
H131,label_permutation,lung,seed42_main,target_disjoint,7,11,-0.02668866459627306
H131,label_permutation,lung,seed42_main,target_disjoint,7,12,0.044157608695651995
H131,label_permutation,lung,seed42_main,target_disjoint,7,13,0.0521480331262939
H131,label_permutation,lung,seed42_main,target_disjoint,7,14,-0.014233954451345787
H131,label_permutation,lung,seed42_main,target_disjoint,7,15,0.0021997929606626387
H131,label_permutation,lung,seed42_main,target_disjoint,7,16,0.01345755693581796
H131,label_permutation,lung,seed42_main,target_disjoint,7,17,0.015236801242236031
H131,label_permutation,lung,seed42_main,target_disjoint,7,18,0.03645833333333337
H131,label_permutation,lung,seed42_main,target_disjoint,7,19,0.04082556935817816
H131,label_permutation,lung,seed42_main,target_disjoint,7,20,0.05010998964803326
H131,label_permutation,lung,seed42_main,target_disjoint,7,21,-0.035584886128364523
H131,label_permutation,lung,seed42_main,target_disjoint,7,22,-0.019377587991718292
H131,label_permutation,lung,seed42_main,target_disjoint,7,23,-0.025621118012422173
H131,label_permutation,lung,seed42_main,target_disjoint,11,0,-0.05347437888198764
H131,label_permutation,lung,seed42_main,target_disjoint,11,1,0.03141174948240166
H131,label_permutation,lung,seed42_main,target_disjoint,11,2,-0.05266563146997927
H131,label_permutation,lung,seed42_main,target_disjoint,11,3,-0.04803959627329202
H131,label_permutation,lung,seed42_main,target_disjoint,11,4,0.05936206004140798
H131,label_permutation,lung,seed42_main,target_disjoint,11,5,-0.04072851966873703
H131,label_permutation,lung,seed42_main,target_disjoint,11,6,0.007019927536231818
H131,label_permutation,lung,seed42_main,target_disjoint,11,7,-0.042572463768115965
H131,label_permutation,lung,seed42_main,target_disjoint,11,8,0.0023615424430640797
H131,label_permutation,lung,seed42_main,target_disjoint,11,9,-0.09248835403726696
H131,label_permutation,lung,seed42_main,target_disjoint,11,10,0.021609730848861308
H131,label_permutation,lung,seed42_main,target_disjoint,11,11,0.03836697722567284
H131,label_permutation,lung,seed42_main,target_disjoint,11,12,0.0032026397515527716
H131,label_permutation,lung,seed42_main,target_disjoint,11,13,-0.04215191511387151
H131,label_permutation,lung,seed42_main,target_disjoint,11,14,-0.040113871635610754
H131,label_permutation,lung,seed42_main,target_disjoint,11,15,0.0025232919254658537
H131,label_permutation,lung,seed42_main,target_disjoint,11,16,-0.0562564699792959
H131,label_permutation,lung,seed42_main,target_disjoint,11,17,-0.04658385093167694
H131,label_permutation,lung,seed42_main,target_disjoint,11,18,-0.027594461697722616
H131,label_permutation,lung,seed42_main,target_disjoint,11,19,-0.044739906832298115
H131,label_permutation,lung,seed42_main,target_disjoint,11,20,-0.005370082815735033
H131,label_permutation,lung,seed42_main,target_disjoint,11,21,0.00983436853002062
H131,label_permutation,lung,seed42_main,target_disjoint,11,22,0.0032349896480330376
H131,label_permutation,lung,seed42_main,target_disjoint,11,23,0.03212344720496896
H131,random_orthogonal_map_baseline,external_lung,seed42_main,source_disjoint,7,0,-0.05874999999999997
H131,random_orthogonal_map_baseline,external_lung,seed42_main,source_disjoint,7,1,-0.12337500000000001
H131,random_orthogonal_map_baseline,external_lung,seed42_main,source_disjoint,7,2,-0.02487499999999998
H131,random_orthogonal_map_baseline,external_lung,seed42_main,source_disjoint,7,3,-0.04325000000000001
H131,random_orthogonal_map_baseline,external_lung,seed42_main,source_disjoint,7,4,-0.22518749999999998
H131,random_orthogonal_map_baseline,external_lung,seed42_main,source_disjoint,7,5,-0.12275000000000003
H131,random_orthogonal_map_baseline,external_lung,seed42_main,source_disjoint,7,6,-0.1556875000000001
H131,random_orthogonal_map_baseline,external_lung,seed42_main,source_disjoint,7,7,-0.09799999999999998
H131,random_orthogonal_map_baseline,external_lung,seed42_main,source_disjoint,7,8,-0.10299999999999998
H131,random_orthogonal_map_baseline,external_lung,seed42_main,source_disjoint,7,9,-0.13893750000000005
H131,random_orthogonal_map_baseline,external_lung,seed42_main,source_disjoint,7,10,-0.19437500000000002
H131,random_orthogonal_map_baseline,external_lung,seed42_main,source_disjoint,7,11,-0.16375000000000006
H131,random_orthogonal_map_baseline,external_lung,seed42_main,source_disjoint,7,12,-0.16325
H131,random_orthogonal_map_baseline,external_lung,seed42_main,source_disjoint,7,13,-0.10393750000000002
H131,random_orthogonal_map_baseline,external_lung,seed42_main,source_disjoint,7,14,-0.21512499999999996
H131,random_orthogonal_map_baseline,external_lung,seed42_main,source_disjoint,7,15,-0.08062500000000006
H131,random_orthogonal_map_baseline,external_lung,seed42_main,source_disjoint,7,16,-0.05193750000000008
H131,random_orthogonal_map_baseline,external_lung,seed42_main,source_disjoint,7,17,-0.14943750000000006
H131,random_orthogonal_map_baseline,external_lung,seed42_main,source_disjoint,7,18,-0.22862500000000008
H131,random_orthogonal_map_baseline,external_lung,seed42_main,source_disjoint,7,19,-0.12149999999999994
H131,random_orthogonal_map_baseline,external_lung,seed42_main,source_disjoint,7,20,-0.19056249999999997
H131,random_orthogonal_map_baseline,external_lung,seed42_main,source_disjoint,7,21,-0.2613125
H131,random_orthogonal_map_baseline,external_lung,seed42_main,source_disjoint,7,22,-0.08537499999999998
H131,random_orthogonal_map_baseline,external_lung,seed42_main,source_disjoint,7,23,-0.31106249999999996
H131,random_orthogonal_map_baseline,external_lung,seed42_main,source_disjoint,11,0,-0.17540624999999987
H131,random_orthogonal_map_baseline,external_lung,seed42_main,source_disjoint,11,1,-0.10065624999999989
H131,random_orthogonal_map_baseline,external_lung,seed42_main,source_disjoint,11,2,-0.06028124999999984
H131,random_orthogonal_map_baseline,external_lung,seed42_main,source_disjoint,11,3,-0.01590625000000001
H131,random_orthogonal_map_baseline,external_lung,seed42_main,source_disjoint,11,4,0.059093750000000056
H131,random_orthogonal_map_baseline,external_lung,seed42_main,source_disjoint,11,5,-0.15109374999999992
H131,random_orthogonal_map_baseline,external_lung,seed42_main,source_disjoint,11,6,-0.13034374999999998
H131,random_orthogonal_map_baseline,external_lung,seed42_main,source_disjoint,11,7,-0.027968749999999876
H131,random_orthogonal_map_baseline,external_lung,seed42_main,source_disjoint,11,8,-0.18965624999999992
H131,random_orthogonal_map_baseline,external_lung,seed42_main,source_disjoint,11,9,0.02184375000000005
H131,random_orthogonal_map_baseline,external_lung,seed42_main,source_disjoint,11,10,-0.08065624999999987
H131,random_orthogonal_map_baseline,external_lung,seed42_main,source_disjoint,11,11,-0.10234374999999996
H131,random_orthogonal_map_baseline,external_lung,seed42_main,source_disjoint,11,12,-0.05615624999999991
H131,random_orthogonal_map_baseline,external_lung,seed42_main,source_disjoint,11,13,-0.025656249999999936
H131,random_orthogonal_map_baseline,external_lung,seed42_main,source_disjoint,11,14,-0.1798437499999999
H131,random_orthogonal_map_baseline,external_lung,seed42_main,source_disjoint,11,15,-0.14271875
H131,random_orthogonal_map_baseline,external_lung,seed42_main,source_disjoint,11,16,-0.24434374999999997
H131,random_orthogonal_map_baseline,external_lung,seed42_main,source_disjoint,11,17,-0.0529687499999999
H131,random_orthogonal_map_baseline,external_lung,seed42_main,source_disjoint,11,18,-0.04253124999999991
H131,random_orthogonal_map_baseline,external_lung,seed42_main,source_disjoint,11,19,0.028156250000000216
H131,random_orthogonal_map_baseline,external_lung,seed42_main,source_disjoint,11,20,-0.1397187499999999
H131,random_orthogonal_map_baseline,external_lung,seed42_main,source_disjoint,11,21,-0.0785937499999999
H131,random_orthogonal_map_baseline,external_lung,seed42_main,source_disjoint,11,22,-0.13578124999999996
H131,random_orthogonal_map_baseline,external_lung,seed42_main,source_disjoint,11,23,0.028468750000000043
H131,random_orthogonal_map_baseline,external_lung,seed42_main,target_disjoint,7,0,-0.09975000000000012
H131,random_orthogonal_map_baseline,external_lung,seed42_main,target_disjoint,7,1,-0.12687500000000007
H131,random_orthogonal_map_baseline,external_lung,seed42_main,target_disjoint,7,2,-0.11006250000000001
H131,random_orthogonal_map_baseline,external_lung,seed42_main,target_disjoint,7,3,-0.05687500000000001
H131,random_orthogonal_map_baseline,external_lung,seed42_main,target_disjoint,7,4,-0.0885625000000001
H131,random_orthogonal_map_baseline,external_lung,seed42_main,target_disjoint,7,5,-0.07362500000000005
H131,random_orthogonal_map_baseline,external_lung,seed42_main,target_disjoint,7,6,-0.12987500000000002
H131,random_orthogonal_map_baseline,external_lung,seed42_main,target_disjoint,7,7,-0.039437500000000125
H131,random_orthogonal_map_baseline,external_lung,seed42_main,target_disjoint,7,8,-0.06462500000000004
H131,random_orthogonal_map_baseline,external_lung,seed42_main,target_disjoint,7,9,-0.10093750000000001
H131,random_orthogonal_map_baseline,external_lung,seed42_main,target_disjoint,7,10,-0.08843750000000006
H131,random_orthogonal_map_baseline,external_lung,seed42_main,target_disjoint,7,11,-0.10931249999999998
H131,random_orthogonal_map_baseline,external_lung,seed42_main,target_disjoint,7,12,-0.10918749999999999
H131,random_orthogonal_map_baseline,external_lung,seed42_main,target_disjoint,7,13,-0.12143750000000009
H131,random_orthogonal_map_baseline,external_lung,seed42_main,target_disjoint,7,14,-0.14900000000000002
H131,random_orthogonal_map_baseline,external_lung,seed42_main,target_disjoint,7,15,-0.09200000000000008
H131,random_orthogonal_map_baseline,external_lung,seed42_main,target_disjoint,7,16,-0.05918750000000017
H131,random_orthogonal_map_baseline,external_lung,seed42_main,target_disjoint,7,17,-0.12887500000000007
H131,random_orthogonal_map_baseline,external_lung,seed42_main,target_disjoint,7,18,-0.024812500000000126
H131,random_orthogonal_map_baseline,external_lung,seed42_main,target_disjoint,7,19,-0.09887500000000005
H131,random_orthogonal_map_baseline,external_lung,seed42_main,target_disjoint,7,20,-0.18143750000000008
H131,random_orthogonal_map_baseline,external_lung,seed42_main,target_disjoint,7,21,-0.10768750000000005
H131,random_orthogonal_map_baseline,external_lung,seed42_main,target_disjoint,7,22,-0.07856249999999998
H131,random_orthogonal_map_baseline,external_lung,seed42_main,target_disjoint,7,23,-0.1630625
H131,random_orthogonal_map_baseline,external_lung,seed42_main,target_disjoint,11,0,-0.03849999999999998
H131,random_orthogonal_map_baseline,external_lung,seed42_main,target_disjoint,11,1,-0.07956249999999987
H131,random_orthogonal_map_baseline,external_lung,seed42_main,target_disjoint,11,2,-0.1364999999999999
H131,random_orthogonal_map_baseline,external_lung,seed42_main,target_disjoint,11,3,-0.016124999999999945
H131,random_orthogonal_map_baseline,external_lung,seed42_main,target_disjoint,11,4,-0.07024999999999992
H131,random_orthogonal_map_baseline,external_lung,seed42_main,target_disjoint,11,5,-0.06193749999999998
H131,random_orthogonal_map_baseline,external_lung,seed42_main,target_disjoint,11,6,-0.0598749999999999
H131,random_orthogonal_map_baseline,external_lung,seed42_main,target_disjoint,11,7,-0.043500000000000094
H131,random_orthogonal_map_baseline,external_lung,seed42_main,target_disjoint,11,8,-0.05818749999999984
H131,random_orthogonal_map_baseline,external_lung,seed42_main,target_disjoint,11,9,-0.20837499999999987
H131,random_orthogonal_map_baseline,external_lung,seed42_main,target_disjoint,11,10,-0.08031250000000001
H131,random_orthogonal_map_baseline,external_lung,seed42_main,target_disjoint,11,11,0.006437500000000096
H131,random_orthogonal_map_baseline,external_lung,seed42_main,target_disjoint,11,12,-0.15518749999999987
H131,random_orthogonal_map_baseline,external_lung,seed42_main,target_disjoint,11,13,-0.08624999999999994
H131,random_orthogonal_map_baseline,external_lung,seed42_main,target_disjoint,11,14,-0.11893749999999992
H131,random_orthogonal_map_baseline,external_lung,seed42_main,target_disjoint,11,15,-0.09943749999999996
H131,random_orthogonal_map_baseline,external_lung,seed42_main,target_disjoint,11,16,-0.0716874999999999
H131,random_orthogonal_map_baseline,external_lung,seed42_main,target_disjoint,11,17,-0.05631249999999988
H131,random_orthogonal_map_baseline,external_lung,seed42_main,target_disjoint,11,18,-0.008312499999999945
H131,random_orthogonal_map_baseline,external_lung,seed42_main,target_disjoint,11,19,-0.005437499999999873
H131,random_orthogonal_map_baseline,external_lung,seed42_main,target_disjoint,11,20,-0.2203124999999999
H131,random_orthogonal_map_baseline,external_lung,seed42_main,target_disjoint,11,21,-0.09224999999999983
H131,random_orthogonal_map_baseline,external_lung,seed42_main,target_disjoint,11,22,-0.11399999999999988
H131,random_orthogonal_map_baseline,external_lung,seed42_main,target_disjoint,11,23,-0.0710624999999998
H131,random_orthogonal_map_baseline,immune,seed42_main,source_disjoint,7,0,0.06683587140439934
H131,random_orthogonal_map_baseline,immune,seed42_main,source_disjoint,7,1,0.1205785190556764
H131,random_orthogonal_map_baseline,immune,seed42_main,source_disjoint,7,2,0.20840383530738854
H131,random_orthogonal_map_baseline,immune,seed42_main,source_disjoint,7,3,0.19615663524292964
H131,random_orthogonal_map_baseline,immune,seed42_main,source_disjoint,7,4,0.19204737732656513
H131,random_orthogonal_map_baseline,immune,seed42_main,source_disjoint,7,5,0.21710579324792528
H131,random_orthogonal_map_baseline,immune,seed42_main,source_disjoint,7,6,0.14362259286117152
H131,random_orthogonal_map_baseline,immune,seed42_main,source_disjoint,7,7,0.2336233985980179
H131,random_orthogonal_map_baseline,immune,seed42_main,source_disjoint,7,8,0.2716541777455482
H131,random_orthogonal_map_baseline,immune,seed42_main,source_disjoint,7,9,0.36560309402948993
H131,random_orthogonal_map_baseline,immune,seed42_main,source_disjoint,7,10,0.0588590766255741
H131,random_orthogonal_map_baseline,immune,seed42_main,source_disjoint,7,11,0.1530497139634196
H131,random_orthogonal_map_baseline,immune,seed42_main,source_disjoint,7,12,0.2722987672226252
H131,random_orthogonal_map_baseline,immune,seed42_main,source_disjoint,7,13,0.1901941825799694
H131,random_orthogonal_map_baseline,immune,seed42_main,source_disjoint,7,14,0.26802836193699137
H131,random_orthogonal_map_baseline,immune,seed42_main,source_disjoint,7,15,0.17520747723793412
H131,random_orthogonal_map_baseline,immune,seed42_main,source_disjoint,7,16,0.2226653774877126
H131,random_orthogonal_map_baseline,immune,seed42_main,source_disjoint,7,17,0.28776891467246796
H131,random_orthogonal_map_baseline,immune,seed42_main,source_disjoint,7,18,0.13177826121988562
H131,random_orthogonal_map_baseline,immune,seed42_main,source_disjoint,7,19,0.25054387237128356
H131,random_orthogonal_map_baseline,immune,seed42_main,source_disjoint,7,20,0.24981870920957222
H131,random_orthogonal_map_baseline,immune,seed42_main,source_disjoint,7,21,0.17891386673112564
H131,random_orthogonal_map_baseline,immune,seed42_main,source_disjoint,7,22,0.31258560953992426
H131,random_orthogonal_map_baseline,immune,seed42_main,source_disjoint,7,23,0.27987269357827743
H131,random_orthogonal_map_baseline,immune,seed42_main,source_disjoint,11,0,0.10696156635242926
H131,random_orthogonal_map_baseline,immune,seed42_main,source_disjoint,11,1,0.07513496092176292
H131,random_orthogonal_map_baseline,immune,seed42_main,source_disjoint,11,2,0.17891386673112558
H131,random_orthogonal_map_baseline,immune,seed42_main,source_disjoint,11,3,0.09817903472725809
H131,random_orthogonal_map_baseline,immune,seed42_main,source_disjoint,11,4,0.20034646684392882
H131,random_orthogonal_map_baseline,immune,seed42_main,source_disjoint,11,5,0.10575296108291027
H131,random_orthogonal_map_baseline,immune,seed42_main,source_disjoint,11,6,0.11654983482394649
H131,random_orthogonal_map_baseline,immune,seed42_main,source_disjoint,11,7,0.040891144952058645
H131,random_orthogonal_map_baseline,immune,seed42_main,source_disjoint,11,8,0.1461203770848441
H131,random_orthogonal_map_baseline,immune,seed42_main,source_disjoint,11,9,-0.004552413181854897
H131,random_orthogonal_map_baseline,immune,seed42_main,source_disjoint,11,10,0.02163403432438965
H131,random_orthogonal_map_baseline,immune,seed42_main,source_disjoint,11,11,0.0701393924744178
H131,random_orthogonal_map_baseline,immune,seed42_main,source_disjoint,11,12,0.13661268229796147
H131,random_orthogonal_map_baseline,immune,seed42_main,source_disjoint,11,13,0.11759729272419622
H131,random_orthogonal_map_baseline,immune,seed42_main,source_disjoint,11,14,0.027354765933446046
H131,random_orthogonal_map_baseline,immune,seed42_main,source_disjoint,11,15,0.09656756103456604
H131,random_orthogonal_map_baseline,immune,seed42_main,source_disjoint,11,16,0.01961969220852461
H131,random_orthogonal_map_baseline,immune,seed42_main,source_disjoint,11,17,0.0889130609942792
H131,random_orthogonal_map_baseline,immune,seed42_main,source_disjoint,11,18,0.06038997663363149
H131,random_orthogonal_map_baseline,immune,seed42_main,source_disjoint,11,19,0.2026025300136975
H131,random_orthogonal_map_baseline,immune,seed42_main,source_disjoint,11,20,0.004391265812585532
H131,random_orthogonal_map_baseline,immune,seed42_main,source_disjoint,11,21,0.1441866086536136
H131,random_orthogonal_map_baseline,immune,seed42_main,source_disjoint,11,22,0.1884215615180082
H131,random_orthogonal_map_baseline,immune,seed42_main,source_disjoint,11,23,0.008661671098219248
H131,random_orthogonal_map_baseline,immune,seed42_main,target_disjoint,7,0,0.06960018560049491
H131,random_orthogonal_map_baseline,immune,seed42_main,target_disjoint,7,1,0.05784548758796687
H131,random_orthogonal_map_baseline,immune,seed42_main,target_disjoint,7,2,0.1258990023973397
H131,random_orthogonal_map_baseline,immune,seed42_main,target_disjoint,7,3,0.23184595158920424
H131,random_orthogonal_map_baseline,immune,seed42_main,target_disjoint,7,4,0.24506998685329823
H131,random_orthogonal_map_baseline,immune,seed42_main,target_disjoint,7,5,0.1318536849431598
H131,random_orthogonal_map_baseline,immune,seed42_main,target_disjoint,7,6,0.21429123810996825
H131,random_orthogonal_map_baseline,immune,seed42_main,target_disjoint,7,7,0.2021498723996597
H131,random_orthogonal_map_baseline,immune,seed42_main,target_disjoint,7,8,0.279328744876653
H131,random_orthogonal_map_baseline,immune,seed42_main,target_disjoint,7,9,0.22968061248163324
H131,random_orthogonal_map_baseline,immune,seed42_main,target_disjoint,7,10,0.2743020648055062
H131,random_orthogonal_map_baseline,immune,seed42_main,target_disjoint,7,11,0.15350707601886932
H131,random_orthogonal_map_baseline,immune,seed42_main,target_disjoint,7,12,0.23818730183280484
H131,random_orthogonal_map_baseline,immune,seed42_main,target_disjoint,7,13,0.227283272755394
H131,random_orthogonal_map_baseline,immune,seed42_main,target_disjoint,7,14,0.2687340499574666
H131,random_orthogonal_map_baseline,immune,seed42_main,target_disjoint,7,15,0.32472353259608694
H131,random_orthogonal_map_baseline,immune,seed42_main,target_disjoint,7,16,0.25728868610316297
H131,random_orthogonal_map_baseline,immune,seed42_main,target_disjoint,7,17,0.19565385507694683
H131,random_orthogonal_map_baseline,immune,seed42_main,target_disjoint,7,18,0.22527260072693528
H131,random_orthogonal_map_baseline,immune,seed42_main,target_disjoint,7,19,0.14051504137344367
H131,random_orthogonal_map_baseline,immune,seed42_main,target_disjoint,7,20,0.346067589513572
H131,random_orthogonal_map_baseline,immune,seed42_main,target_disjoint,7,21,0.17956847884927685
H131,random_orthogonal_map_baseline,immune,seed42_main,target_disjoint,7,22,0.19379785012760026
H131,random_orthogonal_map_baseline,immune,seed42_main,target_disjoint,7,23,0.20501121336323552
H131,random_orthogonal_map_baseline,immune,seed42_main,target_disjoint,11,0,0.23996597324259533
H131,random_orthogonal_map_baseline,immune,seed42_main,target_disjoint,11,1,0.07485886629031019
H131,random_orthogonal_map_baseline,immune,seed42_main,target_disjoint,11,2,0.1299976799938134
H131,random_orthogonal_map_baseline,immune,seed42_main,target_disjoint,11,3,0.23377929007810688
H131,random_orthogonal_map_baseline,immune,seed42_main,target_disjoint,11,4,0.16997911994431997
H131,random_orthogonal_map_baseline,immune,seed42_main,target_disjoint,11,5,0.30121413657103085
H131,random_orthogonal_map_baseline,immune,seed42_main,target_disjoint,11,6,0.2886087696233856
H131,random_orthogonal_map_baseline,immune,seed42_main,target_disjoint,11,7,0.20315520841388918
H131,random_orthogonal_map_baseline,immune,seed42_main,target_disjoint,11,8,0.20098986930631818
H131,random_orthogonal_map_baseline,immune,seed42_main,target_disjoint,11,9,0.11089629572345533
H131,random_orthogonal_map_baseline,immune,seed42_main,target_disjoint,11,10,0.24344598252262
H131,random_orthogonal_map_baseline,immune,seed42_main,target_disjoint,11,11,0.21467790580774887
H131,random_orthogonal_map_baseline,immune,seed42_main,target_disjoint,11,12,0.18281648751063334
H131,random_orthogonal_map_baseline,immune,seed42_main,target_disjoint,11,13,0.23176861804964827
H131,random_orthogonal_map_baseline,immune,seed42_main,target_disjoint,11,14,0.1516510710695229
H131,random_orthogonal_map_baseline,immune,seed42_main,target_disjoint,11,15,0.19905653081741564
H131,random_orthogonal_map_baseline,immune,seed42_main,target_disjoint,11,16,0.1889258371355657
H131,random_orthogonal_map_baseline,immune,seed42_main,target_disjoint,11,17,0.13208568556182826
H131,random_orthogonal_map_baseline,immune,seed42_main,target_disjoint,11,18,0.18676049802799483
H131,random_orthogonal_map_baseline,immune,seed42_main,target_disjoint,11,19,0.21722991261310037
H131,random_orthogonal_map_baseline,immune,seed42_main,target_disjoint,11,20,0.30175547134792374
H131,random_orthogonal_map_baseline,immune,seed42_main,target_disjoint,11,21,0.2725233933957157
H131,random_orthogonal_map_baseline,immune,seed42_main,target_disjoint,11,22,0.2506380017013378
H131,random_orthogonal_map_baseline,immune,seed42_main,target_disjoint,11,23,0.1579150877735675
H131,random_orthogonal_map_baseline,lung,seed42_main,source_disjoint,7,0,-0.07873964803312639
H131,random_orthogonal_map_baseline,lung,seed42_main,source_disjoint,7,1,-0.1835533126293996
H131,random_orthogonal_map_baseline,lung,seed42_main,source_disjoint,7,2,-0.11827122153209113
H131,random_orthogonal_map_baseline,lung,seed42_main,source_disjoint,7,3,-0.1944228778467909
H131,random_orthogonal_map_baseline,lung,seed42_main,source_disjoint,7,4,-0.1893762939958592
H131,random_orthogonal_map_baseline,lung,seed42_main,source_disjoint,7,5,-0.22379658385093165
H131,random_orthogonal_map_baseline,lung,seed42_main,source_disjoint,7,6,-0.004917184265010532
H131,random_orthogonal_map_baseline,lung,seed42_main,source_disjoint,7,7,-0.1633022774327122
H131,random_orthogonal_map_baseline,lung,seed42_main,source_disjoint,7,8,-0.1798654244306419
H131,random_orthogonal_map_baseline,lung,seed42_main,source_disjoint,7,9,-0.07666925465838514
H131,random_orthogonal_map_baseline,lung,seed42_main,source_disjoint,7,10,-0.21661490683229812
H131,random_orthogonal_map_baseline,lung,seed42_main,source_disjoint,7,11,-0.16246118012422367
H131,random_orthogonal_map_baseline,lung,seed42_main,source_disjoint,7,12,-0.1026785714285714
H131,random_orthogonal_map_baseline,lung,seed42_main,source_disjoint,7,13,-0.1563793995859214
H131,random_orthogonal_map_baseline,lung,seed42_main,source_disjoint,7,14,-0.17798913043478265
H131,random_orthogonal_map_baseline,lung,seed42_main,source_disjoint,7,15,-0.06728778467908914
H131,random_orthogonal_map_baseline,lung,seed42_main,source_disjoint,7,16,-0.11658902691511397
H131,random_orthogonal_map_baseline,lung,seed42_main,source_disjoint,7,17,-0.15450310559006214
H131,random_orthogonal_map_baseline,lung,seed42_main,source_disjoint,7,18,-0.1218297101449276
H131,random_orthogonal_map_baseline,lung,seed42_main,source_disjoint,7,19,-0.13121118012422361
H131,random_orthogonal_map_baseline,lung,seed42_main,source_disjoint,7,20,-0.13625776397515527
H131,random_orthogonal_map_baseline,lung,seed42_main,source_disjoint,7,21,-0.061594202898550665
H131,random_orthogonal_map_baseline,lung,seed42_main,source_disjoint,7,22,-0.13541666666666674
H131,random_orthogonal_map_baseline,lung,seed42_main,source_disjoint,7,23,-0.08747412008281574
H131,random_orthogonal_map_baseline,lung,seed42_main,source_disjoint,11,0,-0.23893633540372688
H131,random_orthogonal_map_baseline,lung,seed42_main,source_disjoint,11,1,-0.28519668737060055
H131,random_orthogonal_map_baseline,lung,seed42_main,source_disjoint,11,2,-0.2668219461697724
H131,random_orthogonal_map_baseline,lung,seed42_main,source_disjoint,11,3,-0.1730719461697725
H131,random_orthogonal_map_baseline,lung,seed42_main,source_disjoint,11,4,-0.2758799171842652
H131,random_orthogonal_map_baseline,lung,seed42_main,source_disjoint,11,5,-0.1578027950310561
H131,random_orthogonal_map_baseline,lung,seed42_main,source_disjoint,11,6,-0.24372412008281585
H131,random_orthogonal_map_baseline,lung,seed42_main,source_disjoint,11,7,-0.19494047619047628
H131,random_orthogonal_map_baseline,lung,seed42_main,source_disjoint,11,8,-0.24100672877846807
H131,random_orthogonal_map_baseline,lung,seed42_main,source_disjoint,11,9,-0.2100155279503107
H131,random_orthogonal_map_baseline,lung,seed42_main,source_disjoint,11,10,-0.11950051759834379
H131,random_orthogonal_map_baseline,lung,seed42_main,source_disjoint,11,11,-0.2531055900621119
H131,random_orthogonal_map_baseline,lung,seed42_main,source_disjoint,11,12,-0.17242494824016574
H131,random_orthogonal_map_baseline,lung,seed42_main,source_disjoint,11,13,-0.1710662525879919
H131,random_orthogonal_map_baseline,lung,seed42_main,source_disjoint,11,14,-0.21447981366459645
H131,random_orthogonal_map_baseline,lung,seed42_main,source_disjoint,11,15,-0.23667184265010371
H131,random_orthogonal_map_baseline,lung,seed42_main,source_disjoint,11,16,-0.15728519668737073
H131,random_orthogonal_map_baseline,lung,seed42_main,source_disjoint,11,17,-0.18555900621118032
H131,random_orthogonal_map_baseline,lung,seed42_main,source_disjoint,11,18,-0.2197851966873708
H131,random_orthogonal_map_baseline,lung,seed42_main,source_disjoint,11,19,-0.1748188405797103
H131,random_orthogonal_map_baseline,lung,seed42_main,source_disjoint,11,20,-0.2569875776397517
H131,random_orthogonal_map_baseline,lung,seed42_main,source_disjoint,11,21,-0.23738354037267095
H131,random_orthogonal_map_baseline,lung,seed42_main,source_disjoint,11,22,-0.2114389233954453
H131,random_orthogonal_map_baseline,lung,seed42_main,source_disjoint,11,23,-0.21040372670807467
H131,random_orthogonal_map_baseline,lung,seed42_main,target_disjoint,7,0,-0.010287267080745233
H131,random_orthogonal_map_baseline,lung,seed42_main,target_disjoint,7,1,-0.02387422360248448
H131,random_orthogonal_map_baseline,lung,seed42_main,target_disjoint,7,2,-0.06754658385093171
H131,random_orthogonal_map_baseline,lung,seed42_main,target_disjoint,7,3,-0.0043348861283644124
H131,random_orthogonal_map_baseline,lung,seed42_main,target_disjoint,7,4,-0.10927795031055898
H131,random_orthogonal_map_baseline,lung,seed42_main,target_disjoint,7,5,-0.04528985507246375
H131,random_orthogonal_map_baseline,lung,seed42_main,target_disjoint,7,6,-0.061206004140786696
H131,random_orthogonal_map_baseline,lung,seed42_main,target_disjoint,7,7,-0.09543219461697727
H131,random_orthogonal_map_baseline,lung,seed42_main,target_disjoint,7,8,-0.10662525879917184
H131,random_orthogonal_map_baseline,lung,seed42_main,target_disjoint,7,9,-0.19047619047619047
H131,random_orthogonal_map_baseline,lung,seed42_main,target_disjoint,7,10,-0.15139751552795028
H131,random_orthogonal_map_baseline,lung,seed42_main,target_disjoint,7,11,-0.140139751552795
H131,random_orthogonal_map_baseline,lung,seed42_main,target_disjoint,7,12,-0.05641821946169778
H131,random_orthogonal_map_baseline,lung,seed42_main,target_disjoint,7,13,-0.1567675983436853
H131,random_orthogonal_map_baseline,lung,seed42_main,target_disjoint,7,14,-0.10222567287784678
H131,random_orthogonal_map_baseline,lung,seed42_main,target_disjoint,7,15,-0.20199275362318836
H131,random_orthogonal_map_baseline,lung,seed42_main,target_disjoint,7,16,-0.1435688405797101
H131,random_orthogonal_map_baseline,lung,seed42_main,target_disjoint,7,17,-0.07815734989648027
H131,random_orthogonal_map_baseline,lung,seed42_main,target_disjoint,7,18,-0.14072204968944102
H131,random_orthogonal_map_baseline,lung,seed42_main,target_disjoint,7,19,-0.12674689440993792
H131,random_orthogonal_map_baseline,lung,seed42_main,target_disjoint,7,20,-0.05324792960662528
H131,random_orthogonal_map_baseline,lung,seed42_main,target_disjoint,7,21,-0.16207298136645965
H131,random_orthogonal_map_baseline,lung,seed42_main,target_disjoint,7,22,-0.1306935817805383
H131,random_orthogonal_map_baseline,lung,seed42_main,target_disjoint,7,23,-0.17514233954451347
H131,random_orthogonal_map_baseline,lung,seed42_main,target_disjoint,11,0,-0.034614389233954435
H131,random_orthogonal_map_baseline,lung,seed42_main,target_disjoint,11,1,0.025427018633540466
H131,random_orthogonal_map_baseline,lung,seed42_main,target_disjoint,11,2,-0.034032091097308426
H131,random_orthogonal_map_baseline,lung,seed42_main,target_disjoint,11,3,-0.07214026915113869
H131,random_orthogonal_map_baseline,lung,seed42_main,target_disjoint,11,4,-0.17300724637681159
H131,random_orthogonal_map_baseline,lung,seed42_main,target_disjoint,11,5,-0.0542831262939959
H131,random_orthogonal_map_baseline,lung,seed42_main,target_disjoint,11,6,-0.08637422360248437
H131,random_orthogonal_map_baseline,lung,seed42_main,target_disjoint,11,7,0.00032349896480332596
H131,random_orthogonal_map_baseline,lung,seed42_main,target_disjoint,11,8,-0.03720238095238082
H131,random_orthogonal_map_baseline,lung,seed42_main,target_disjoint,11,9,-0.05816511387163559
H131,random_orthogonal_map_baseline,lung,seed42_main,target_disjoint,11,10,0.0040113871635609755
H131,random_orthogonal_map_baseline,lung,seed42_main,target_disjoint,11,11,-0.12241200828157345
H131,random_orthogonal_map_baseline,lung,seed42_main,target_disjoint,11,12,-0.03927277432712206
H131,random_orthogonal_map_baseline,lung,seed42_main,target_disjoint,11,13,-0.016433747412008204
H131,random_orthogonal_map_baseline,lung,seed42_main,target_disjoint,11,14,0.0026526915113872507
H131,random_orthogonal_map_baseline,lung,seed42_main,target_disjoint,11,15,-0.047101449275362306
H131,random_orthogonal_map_baseline,lung,seed42_main,target_disjoint,11,16,-0.029697204968944124
H131,random_orthogonal_map_baseline,lung,seed42_main,target_disjoint,11,17,-0.027432712215320953
H131,random_orthogonal_map_baseline,lung,seed42_main,target_disjoint,11,18,-0.06340579710144922
H131,random_orthogonal_map_baseline,lung,seed42_main,target_disjoint,11,19,-0.08359213250517594
H131,random_orthogonal_map_baseline,lung,seed42_main,target_disjoint,11,20,-0.06347049689440987
H131,random_orthogonal_map_baseline,lung,seed42_main,target_disjoint,11,21,-0.04897774327122151
H131,random_orthogonal_map_baseline,lung,seed42_main,target_disjoint,11,22,-0.09905538302277428
H131,random_orthogonal_map_baseline,lung,seed42_main,target_disjoint,11,23,-0.015980848861283592
