domain,perm_idx,null_mean_diff_late,null_interaction_late_vs_early,null_interaction_late_vs_mid
external_lung,0,-0.0025163837795879143,-0.007052127306695235,-0.0011064550595719738
external_lung,1,-0.0006491617176428525,0.0018822260433451017,0.004259108212248887
external_lung,2,-0.002602584709451341,7.393156851882377e-05,0.0026095205397534678
external_lung,3,-0.006788194919283591,-0.005199553343758832,-0.014183207402402042
external_lung,4,-0.002075414606680879,-0.0008628405525368901,-0.006376250652896107
external_lung,5,0.0009514190099150129,0.0004346354456655488,-0.0037109179488632924
external_lung,6,0.005622786214662584,0.002647737575717115,0.008470028335775323
external_lung,7,0.005029918044700867,0.005251888978098704,0.006744850024745665
external_lung,8,-0.004622694283106567,-0.00031536472547918915,-0.00645538144870412
external_lung,9,-0.00024610421204437904,0.0024253322056885887,0.0018657395764459148
external_lung,10,0.004056213385486664,0.005220236719270456,-0.002557140024898588
external_lung,11,0.002549311240574087,0.003241236840625337,0.004777650776908273
external_lung,12,-0.005908975963868533,-0.010693437328494936,-0.007037481099094902
external_lung,13,-0.004118802991490376,-0.0050630664398162535,-0.010827672381077541
external_lung,14,0.004904716552952225,0.004200187828752043,0.0021649588790276513
external_lung,15,-0.005079929095516901,-0.006491770262694568,-0.003577348487946469
external_lung,16,0.004559210174285243,0.005712617626437905,-0.005320204980255232
external_lung,17,-0.012140323091920082,-0.011006975571955171,-0.014487274483062484
external_lung,18,-0.001920102358594698,-0.0030443287754084543,0.0020932845399502884
external_lung,19,0.005389545781693307,0.006471290682188111,0.004734230956355287
external_lung,20,0.0013727883057090366,0.002466332174961959,0.0025288937349870573
external_lung,21,1.4558033281643809e-05,0.002641927017924049,-0.00020928216554193707
external_lung,22,0.0017240624061049814,0.004913615316742661,-0.00505392334700519
external_lung,23,4.48666403680964e-05,-0.0023612399108324154,0.002018626096480375
external_lung,24,0.0014001640927063335,0.001458793957164186,-0.00032757333511173226
external_lung,25,-0.0027090234083033036,-0.0024901237515974526,-0.00035211265734209473
external_lung,26,0.002578057340677148,0.000813172526788188,0.0012981759288120491
external_lung,27,-0.003936303524762458,-0.004100484935717658,-0.004761905248101411
external_lung,28,-7.422951333833454e-06,-0.0006012551345179658,-0.00343464777213386
external_lung,29,-0.0038655459556375484,-0.0034822666500652815,-0.006837085087037888
external_lung,30,-0.0048295749758421975,-0.004547563163237595,-0.009239034381105876
external_lung,31,0.006146186025449187,0.007251645967515753,0.0037560516227086722
external_lung,32,-0.008154144543512182,-0.006641435686009898,-0.005708649610219061
external_lung,33,-0.0007484768185152627,-0.0020845495703814463,0.0032307673979428413
external_lung,34,0.0030719705774539066,0.003120553181081037,0.0073379260948742975
external_lung,35,-0.0016759101968877772,0.0030544813754196654,-0.004937826527800143
external_lung,36,-0.002051862043014339,-0.0024630289264849503,0.0028965360653106045
external_lung,37,0.005498917283808459,0.00884446947057361,0.004590327465649144
external_lung,38,-0.004638543406629826,-0.0019005715551702698,-0.008273275536030309
external_lung,39,-0.0030293488076271837,-0.007412191903051915,-0.00919924800503307
external_lung,40,-0.004015612581232776,-0.008055269621752709,-0.0035777059565495575
external_lung,41,0.005017317209771971,0.004874834421809295,0.0015746963011245099
external_lung,42,0.0071939129423032695,0.009382653579476125,0.009916031547719853
external_lung,43,0.0046389298257343,0.007306515257327775,0.0030650969446980774
external_lung,44,-0.004945711593444933,-0.006166369568032025,-0.004144164923354038
external_lung,45,0.00019393071895700462,0.00015612902564152153,0.007205796019044983
external_lung,46,0.0016524567897779434,-0.0027062851305450775,0.005095077698425404
external_lung,47,0.007967250356784536,0.006719143711862209,-0.003748477085407053
external_lung,48,0.010110770008346084,0.008030081137214606,0.014507003829854436
external_lung,49,0.004009450623264993,0.0034354164676625907,0.005498319549072826
external_lung,50,-0.0010914073847823151,-0.0020158339841981807,-5.654469592737232e-05
external_lung,51,-0.0036019709014562993,-0.005201064055901197,-0.008950327073977313
external_lung,52,0.004910878510920008,0.008331944235482511,0.0034932659703964253
external_lung,53,0.0056235266885693675,0.008917092174267754,0.010289528656980768
external_lung,54,0.004145568494508765,0.005351146677777169,0.007704685151000118
external_lung,55,0.011414107746829744,0.013494984822802397,0.008070242227319549
external_lung,56,0.0004858659101506975,0.00518514276107615,0.005724463165702973
external_lung,57,0.003536783203311439,0.004673843719658076,0.0008826768926175899
external_lung,58,0.0009401325700553279,-0.0024461494251013793,0.007929390750027993
external_lung,59,-0.0010411605380415874,-0.0005821128171578371,-0.005202158594963266
external_lung,60,0.0013240581768150887,0.0012489915277175967,0.0005711188396339274
external_lung,61,-0.00032221012793562376,0.0024026258950107884,-0.0026085583408804827
external_lung,62,-0.0024250537303524278,-0.0032234496708580715,-0.0031810078341641492
external_lung,63,0.0012630096059048728,0.0015012270671678856,0.007002693614505183
external_lung,64,0.0038019457482016683,0.004330792478319255,0.0016524224299259613
external_lung,65,-0.004399862145919281,-0.006969047567053457,-0.014279277300459756
external_lung,66,0.004291691505618135,0.0035833117952784595,0.004269903566936101
external_lung,67,-0.0010295359729441678,0.0033347892985220173,0.0007553493504106519
external_lung,68,0.0036858091305989327,0.0016882237338494976,0.0003557838532660764
external_lung,69,0.00016775949435527773,-0.00224379241823063,-0.0047663570726725795
external_lung,70,-0.0006751938900395327,-0.001416339239192238,-0.0011944358443460403
external_lung,71,0.004359459192414307,0.008458306737055749,0.006212842125409614
external_lung,72,0.0046817683171503826,0.004471438433785714,0.003470306576223667
external_lung,73,-0.004483328123268432,-0.007408744216873367,-0.009921496426710207
external_lung,74,-0.00030332062785382957,-0.0031993737080041698,0.008920020062340986
external_lung,75,0.0069427135505762865,0.007144598440462344,0.004100315493337456
external_lung,76,-0.004072062509009923,-0.00833707520278525,-0.006412997676658714
external_lung,77,-0.00022936058570350673,0.0007218987334979554,-0.009242481132740574
external_lung,78,-0.0012887797052020162,-0.002200858057983081,-0.008467864193007943
external_lung,79,-0.00033461311211560596,1.4465192874448419e-05,0.0031582238951986066
external_lung,80,-0.007967250356784536,-0.003457937694886475,-0.006684354178288878
external_lung,81,-0.005295128075606513,-0.005253512977968454,-0.009413071282864643
external_lung,82,-0.007677866802116508,-0.008491497692086836,-0.0070481721915182
external_lung,83,0.003157404351731369,0.0020126967705714482,0.0002957907324370643
external_lung,84,-0.004246858535594561,-0.0008350257926169522,-0.009761955583481724
external_lung,85,-0.0018931129907018747,-0.0006690169834749256,-0.001098727569614183
external_lung,86,0.00319423905614886,0.004899082990831055,-0.0020550551145354554
external_lung,87,-0.004888867429428965,-0.006645076274455366,-0.008368128961639309
external_lung,88,0.0027600107289508144,-0.0010864529271247905,0.0025995237994687523
external_lung,89,-0.006285552185287323,-0.004945373569767514,-0.00807685173474281
external_lung,90,-0.005893126840345274,-0.005173964167760661,0.002901050944748711
external_lung,91,0.002976071923553545,0.002757172266847694,0.0038547142718958483
external_lung,92,0.006130336901925927,0.004949108544547877,0.015615377964636534
external_lung,93,0.00127789561401138,-0.003096713005967819,-0.004263873932320241
external_lung,94,-0.006780049235903612,-0.00698366649079334,-0.006550753988621122
external_lung,95,-0.0061016155925839215,-0.003789480580200575,-0.013469000511434615
external_lung,96,-0.0020605285985743718,-0.0028454261733483104,-0.0032719903395010868
external_lung,97,0.0019063640220839857,-9.122137466544933e-05,0.004735195288718731
external_lung,98,0.004118802991490376,0.006399840957896428,0.0011493620362253158
external_lung,99,-0.0012810762650587355,-0.002690718591916728,-0.0013119045332520007
external_lung,100,0.0019337398090812825,0.0025456879616476227,0.0029348575270616755
external_lung,101,0.00934317803585256,0.007454205061675869,0.007672410378422635
external_lung,102,-0.00030332062785382957,0.002607600645813326,0.003799226491556868
external_lung,103,0.009512228620449453,0.007652620711660646,0.020869201037816594
external_lung,104,-0.0008967808848032813,-0.00439346446967484,0.00397660851629362
external_lung,105,0.0041939445686004035,0.003283132671733959,0.0025231769111704796
external_lung,106,0.010836985353436421,0.012677638582636864,0.010757833753577648
external_lung,107,-0.008175739109023186,-0.006581532421248455,-0.009384364135604034
external_lung,108,0.004248853014202053,0.0027968938234920098,0.005796317768679384
external_lung,109,0.0025419308218619465,0.0025691145816130094,0.004737638608598817
external_lung,110,-0.005126077491009619,-0.006740038838971331,-0.00013083214454298608
external_lung,111,-0.0012887797052020162,-0.00021114066836083745,-0.009932813842872285
external_lung,112,-0.0005739038489537366,0.0017313350119221582,-0.0020636876932506876
external_lung,113,0.005765071296241088,0.0062577536853888425,0.007547771815305091
external_lung,114,0.003560975860963591,0.005455494727068735,0.00013602726858353686
external_lung,115,-0.002662263791933082,-0.0049472050114953234,0.00014683023005839435
external_lung,116,0.0018763693643610024,0.0012533561458379638,0.0022435935751129177
external_lung,117,-0.003970772467924127,0.0021081465509303994,0.004160169603820993
external_lung,118,-0.0018625340631255038,-0.0028229321608828164,0.005415434374232429
external_lung,119,-0.0005377773301385355,-0.0033271484720326094,0.0010340482013696437
external_lung,120,-0.002325622530865462,-0.0027869353211170955,-0.0021538190434521967
external_lung,121,-0.00031965849140995944,-0.003578826381232497,0.0009596916644509144
external_lung,122,0.004619500477644488,0.004455319066689288,0.006220965034766926
external_lung,123,0.00256352538737295,-0.00019121258011775555,0.005308427493183379
external_lung,124,0.00649202711523821,0.0010120062361012316,0.0069954173660208745
external_lung,125,0.0027874844175714932,0.006838012217236686,-0.0014370747992070447
external_lung,126,0.0039143225401469806,0.0066518554840434285,0.004155370951497993
external_lung,127,-0.0035845190895131365,-0.00653941794743724,-0.0056402318460417045
external_lung,128,-0.006736219276945131,-0.006228620835701184,-0.006219903702474244
external_lung,129,-0.0027687024907850446,-0.003852391354085392,5.803059971442237e-05
external_lung,130,0.004168814042306411,0.0024039292284174507,0.0029687877547223225
external_lung,131,0.005359551123970324,7.417829003346799e-05,0.015070787913151093
external_lung,132,-0.0008890774446600006,0.0013077471129559577,-0.0024181500585779003
external_lung,133,-0.0010570096615648468,0.0036516832877500722,-0.006846812697537183
external_lung,134,-0.00156471437773902,-0.005249595406543989,-0.004948491419867464
external_lung,135,0.00752211370451721,0.008416606617744782,0.009479097880402363
external_lung,136,-0.0007277303002063881,-0.0006147496541449582,-0.003089361235252932
external_lung,137,0.00426270765911782,0.005000570133776666,0.009225940680255496
external_lung,138,0.0042323990520313675,0.006254085623882512,0.0002324590681755112
external_lung,139,-0.0008636295589426746,-0.0021828901544865,-0.0044841187505763325
external_lung,140,0.0019569370630121894,0.0037851753729048754,-0.00021026725603071061
external_lung,141,-0.007623403745603006,-0.007322206278026091,-0.014037790410014822
external_lung,142,-0.002295430022393565,-0.003204415757455235,-0.0013969194399680125
external_lung,143,0.004761077373620702,0.008624491175776433,0.009255235967039302
external_lung,144,-0.000619437397235754,-0.001669778318744125,-0.004142001816959164
external_lung,145,-0.012827100269368666,-0.012576754507956025,-0.018453569003855207
external_lung,146,0.00038236419602822685,0.001083410899230632,0.0011104699679387782
external_lung,147,-0.006333928259378961,-0.007235756231677095,-0.014489231108154931
external_lung,148,0.003999763457709517,0.002308207532631547,-0.004927705726096827
external_lung,149,0.00626896258785728,0.0036660300762122364,0.007562555681484978
external_lung,150,-0.0011355782441283824,0.0005378617115673796,-0.0037689887874244785
external_lung,151,0.0027600107289508144,0.0007058705240293637,0.007696840130535962
external_lung,152,-0.007983099480307796,-0.00887257920597113,-0.0010166352438681628
external_lung,153,-0.0008085097460088139,-0.0033589286923958,0.001991975093846715
external_lung,154,-0.008502820551766979,-0.008023273991132368,-0.008770263898170733
external_lung,155,-0.005389545781693307,-0.0038822559726231958,-0.007833551825144364
external_lung,156,0.0033212839988208767,0.005417601939147726,-0.004622846531721542
external_lung,157,-0.0022657057019864666,-0.0006859303520987312,-0.0026388128828348234
external_lung,158,-0.0060041248087451165,-0.007778687332279627,-0.004586512268221534
external_lung,159,0.003196450729185535,0.0007972470632344277,0.0017601497707922427
external_lung,160,-0.010339734006625587,-0.010558633663331438,-0.014096478233393911
external_lung,161,-0.008693465701874875,-0.008882535869810129,-0.011456017319332481
external_lung,162,0.0027032779663155593,-0.0013756313951063899,-0.00030730714078276234
external_lung,163,-0.0006549164947475908,-0.00038813394869531093,-0.002434129458941272
external_lung,164,-0.007398244773663086,-0.009431241012222601,-0.007832518660922744
external_lung,165,-0.0019711834981155454,-0.0031045242843385037,-0.0023049151781962263
external_lung,166,-0.001104285759866606,-0.0021734798032291744,-0.005676477166530867
external_lung,167,-0.008083386974387272,-0.0068335479644612744,-0.002508835075396092
external_lung,168,-0.0016740513552889469,-0.0017139340879233356,-0.0035364746177954836
external_lung,169,-0.005231527868170632,0.0008473911506838945,-0.004889636989573537
external_lung,170,-0.007883043905528603,-0.009204824447954443,-0.011368719663839613
external_lung,171,0.004114901000426006,0.002745239620587028,0.007162675029003834
external_lung,172,0.004211652533722493,0.007772233804437858,0.002354604591094091
external_lung,173,0.0007171843342534864,-0.0005551278082822538,0.01138329347400401
external_lung,174,0.007915971366514776,0.00673431083531557,0.009773550565147403
external_lung,175,-0.010285566034930721,-0.0058050384043071,-0.008231085907617166
external_lung,176,-0.0013652827163146697,0.00041484378078092865,0.0014950982737646223
external_lung,177,-0.0020605285985743718,2.0160272557107062e-05,-0.00211205263416539
external_lung,178,0.0009478360101986086,-0.0017942988331431653,-0.005712710047723048
external_lung,179,-0.0013240581768150887,-0.000862490509049324,0.0033362714324351728
external_lung,180,0.0009319868866753492,0.005614058714006545,-0.0020410868060132723
external_lung,181,-0.0006945789743457812,0.0008020949530932001,0.008232890209460563
external_lung,182,0.00090492656818326,-0.002105287905592677,-0.007174017395681807
external_lung,183,0.0020679090172865122,-0.00015019463334093675,0.004068340971843248
external_lung,184,0.009822007413773898,0.010666099542706317,0.010256281301033556
external_lung,185,-0.005326420559868289,-0.00612193548045641,-0.008417722226349428
external_lung,186,0.004210534166030446,0.0018386286154121463,0.00012021852304006965
external_lung,187,-0.002321462194790245,-0.0014457164133861349,-0.001969050781339641
external_lung,188,-0.003019056610459749,-0.0059652555973911114,-0.00752601196715183
external_lung,189,0.008518669675290238,0.010753210110557326,0.013109882921017493
external_lung,190,0.0002309955624279029,-0.00583090868960683,0.010691604743106015
external_lung,191,0.001506859612290884,0.00259997130772265,-0.007442257513989017
external_lung,192,0.0035451267374403315,0.00303052782217723,0.003470819201455468
external_lung,193,-0.009751990318555772,-0.01358275823276305,-0.014869247762390247
external_lung,194,-0.004211428668848059,-0.003228286389309989,-0.012248028922841814
external_lung,195,-0.004973073880684899,-0.005565706280627367,0.0031058700831801686
external_lung,196,0.0016540453108868554,-0.000603075003449999,-0.001134352943706868
external_lung,197,-0.000902688881021065,-0.0031248810696533533,-0.0033444186960521483
external_lung,198,0.0006642703672593286,-0.0012169204154545237,0.004364614683173998
external_lung,199,0.006429415229493279,0.005717983620043693,0.005883983200912574
external_lung,200,0.004936749511120784,0.0017920322725282862,0.0005838185771255
external_lung,201,-0.003617451802866258,-0.004668128022270282,-0.003473555115118626
external_lung,202,-0.0016275347376829286,-0.0011825409310701658,-0.005232354389895897
external_lung,203,-0.0032425991246782526,-0.0014143608147855664,-0.010355403963307041
external_lung,204,0.0021976830853758325,0.003414876207353377,0.00667385874595397
external_lung,205,0.003100954423954222,0.0074082839815816,-0.0005858144168565762
external_lung,206,-0.007398244773663086,-0.007927091503780672,-0.009607664242162556
external_lung,207,0.007264624055812695,0.010423587057326388,0.0002632792905782246
external_lung,208,-0.004072062509009923,-0.0037271301414605602,-0.0028594286084635077
external_lung,209,-0.00028747150433057017,0.0025956288641111975,0.00035397627033625917
external_lung,210,0.0013436881508036662,0.0010424906832267509,0.003316214977700932
external_lung,211,-0.000464271344639694,-0.002286459828073212,-0.003848048386768138
external_lung,212,0.0030929490150630643,0.006051751126143359,0.0056608546294950515
external_lung,213,0.0032368536826905083,0.0043116310771962405,0.002797458168165225
external_lung,214,0.0009126300083265407,0.0042232102608447215,0.0018552757774260111
external_lung,215,0.001638845353416879,-0.004423058898617854,0.00610660032728295
external_lung,216,-0.0074345691432272,-0.004980149580792394,-0.010137999330774073
external_lung,217,-0.0036423738549612727,0.0020845788176141926,-0.004550963673120588
external_lung,218,0.0020149950502923544,-0.00023864119111343318,-0.00034191570066885446
external_lung,219,-0.002890606830116743,-0.002923493691875547,-0.0003227012156847564
external_lung,220,0.005025020649915252,0.002245932856534192,0.00918601870683693
external_lung,221,-0.004183060477409767,-0.003976562202602517,-0.003565893751193011
external_lung,222,0.001989224950995211,0.005911202144868168,0.004187947504362641
external_lung,223,0.005105059621810894,0.0014689648132981772,0.008227136291423548
external_lung,224,-0.0029615882641160864,0.002478196790487747,0.004669371123381274
external_lung,225,-0.0021137334548524864,-0.0002325426721386341,0.0033493268816243613
external_lung,226,0.008279601995475219,0.013277477880048932,0.007182092394866697
external_lung,227,-0.009577194291971134,-0.007879588540433996,-0.009127158366677388
external_lung,228,0.011006035938033315,0.015149282299090117,0.013641357179159699
external_lung,229,-0.004010074998557221,-0.00491880585610476,0.0010181782340487333
external_lung,230,-0.0035226376691117147,-0.002334177862330561,-0.002504983192784203
external_lung,231,0.0028313143765299753,0.0014290071087425433,0.002891781670337499
external_lung,232,-0.008693465701874875,-0.003213444822737897,-0.012340327131885884
external_lung,233,-0.005862818233258821,-0.004783954352681539,0.0008132688036687858
external_lung,234,-0.005246636517787108,-0.008781863635975207,-0.01008156720318969
external_lung,235,0.0037141773220372245,0.006973345211859762,0.010988657913130112
external_lung,236,0.005153076194019436,0.00635020938380923,0.012223537322776912
external_lung,237,-0.0011417101052206002,-0.005842738664073449,-0.004360323548619899
external_lung,238,-0.00725887861382495,-0.008547070528277995,-0.005354542133935112
external_lung,239,0.0033535870845148217,0.00222352243904377,0.0028965192537221316
external_lung,240,-0.006374529063632848,-0.006517011851595525,-0.005149928453739581
external_lung,241,-0.0004887090760068528,0.0011092173418915572,0.00034919832822115826
external_lung,242,0.0002236151437157626,-0.0009735180460740308,0.0008498221994437487
external_lung,243,-0.001766006394703451,0.0010163642731714682,0.0073482743303055955
external_lung,244,0.005875845399766498,0.005775424598141741,0.004112306086811966
external_lung,245,0.00868856830708926,0.012227313878298738,0.009301814546135387
external_lung,246,0.0015269851705039157,0.0004622550368289049,0.0004258428324718324
external_lung,247,0.0024092046068291684,0.002242942156555063,-0.004948618954809775
external_lung,248,-0.00017608711682625308,0.005740829744776604,-0.001958787635890256
external_lung,249,0.0005523092834427331,0.0020986351338043254,-0.0036389458980884506
external_lung,250,-0.008075683534243991,-0.009859523027721315,-0.0018829524663325483
external_lung,251,0.0030680269629680492,0.00490346907591548,0.002110357023659239
external_lung,252,0.005153076194019436,0.00806399746768659,0.0015296606225501568
external_lung,253,-0.00256352538737295,-0.0011627669615566771,-0.0050471684197873345
external_lung,254,0.0013798146696188673,0.004027149912250125,-0.005673446931110965
external_lung,255,-0.0029241639187620925,-0.005209105138324335,-0.000824848014653351
external_lung,256,0.002256743619662318,0.0031216186419211664,0.003397856367851014
external_lung,257,0.002993509568185717,0.001342052289058047,-0.0021336276139722423
external_lung,258,-0.0008539423933871989,-0.004085812167876929,-0.0009282499293720622
external_lung,259,0.0007484768185152627,0.00189124043686964,0.0013182752788898078
external_lung,260,5.6177256102046824e-05,-9.002526198430746e-05,0.0027247204770015723
external_lung,261,0.0070365545603508035,0.008796614391516699,-0.0008206005536167222
external_lung,262,0.004765974768406317,0.008229206801818443,0.007144142461799979
external_lung,263,0.002452783572152034,0.0008770947083358478,-0.0038662069889728217
external_lung,264,-0.00024610421204437904,-0.003190477037170967,-0.00471385918591045
external_lung,265,-0.0006787298508225218,0.003346686108584879,0.003231706047835154
external_lung,266,-0.00039070773015711935,-0.0004510893025423679,0.0018919754731546445
external_lung,267,0.004161417618032025,0.004803130638629296,0.002506501664125943
external_lung,268,0.001955334374592286,0.0030607943166588527,-0.00018410970794965897
external_lung,269,0.0009762302157624211,0.006399000503546461,0.0002248996443382778
external_lung,270,0.0029219039518586787,0.0025006898075573456,0.0017807912036699829
external_lung,271,0.004619500477644488,0.003018142253831707,0.0024800563951025427
external_lung,272,0.009050258520401542,0.010325451682854803,0.010215404279190793
external_lung,273,-0.0043753083159375665,-0.005698472164637582,0.0014193387839086802
external_lung,274,-0.00036519203969197683,-0.002445880910823456,-0.004265107403496143
external_lung,275,0.0039046246213962077,0.0035661621980372835,0.005673308366236594
external_lung,276,-0.001982808063212965,-0.0026150538570929582,0.0012832137933627232
external_lung,277,-0.00017808159543374522,0.0012982946906915835,-0.011622029429375782
external_lung,278,-0.00791433638979038,-0.008546765706702885,-0.01076157851090312
external_lung,279,0.00034934291616871743,-0.0015800640018539258,-0.004645902430297916
external_lung,280,0.0012810762650587355,0.004205292575422005,0.002698688805582318
external_lung,281,0.009561345168447874,0.010529407656667256,0.008457334626949909
external_lung,282,0.0024050718618246016,0.0014877712309358804,0.0008583182471395092
external_lung,283,0.0003849622881693752,-0.0007338825394269202,0.0031610806962310647
external_lung,284,-0.0016275347376829286,-0.004447819402521785,-0.005559618578814161
external_lung,285,-0.003130392704097327,-0.000914250341924207,-0.0031888485365583474
external_lung,286,-0.008122465640145932,-0.0096421703685238,-0.009612249484442883
external_lung,287,-0.0017805383480076487,-0.0030930863150765335,-0.0010568353408512607
external_lung,288,0.0018922184878842618,0.00737223936702124,-0.003649551058447359
external_lung,289,0.0013956637931421267,0.0020002789385711963,0.0007824175540959988
external_lung,290,0.005528403857818304,0.007127497012263201,0.005654748105213482
external_lung,291,-0.0007923259113635136,-0.0022294169085567417,-0.005771499022819972
external_lung,292,0.0017669008975210638,-0.0007242510389337449,-0.0033653492274027348
external_lung,293,0.007348233722847051,0.004000416466714017,0.006886231088206454
external_lung,294,0.005190500539373431,0.006836119589843806,0.0020819993448646474
external_lung,295,-0.00024610421204437904,-0.004365249397999473,-0.00633889904669907
external_lung,296,-0.0006055827523199867,0.0009701061114961996,-0.008684526716185054
external_lung,297,2.2261473424924533e-05,-0.0013678810707602185,-0.003048339659812114
external_lung,298,0.007983099480307796,0.006214494936295158,0.0035862476880064434
external_lung,299,-0.006567168692348237,-0.005977056239287783,-0.018216616485362686
external_lung,300,0.0009675384539281906,0.00523933542077723,-0.003328144475901397
external_lung,301,-0.007931820490038035,-0.006313696150194106,-0.013832076182302172
external_lung,302,-0.00018360861787853713,-0.0004341743257763505,-0.002361635403848215
external_lung,303,0.0017242862709794156,0.0014067418675964745,-0.0003345966210883029
external_lung,304,0.00558292588431548,0.004701761054479198,0.01004195180013065
external_lung,305,0.0016582022317656875,0.003307927145889687,-0.0018060666193553307
external_lung,306,-0.008175739109023186,-0.009490113237896846,-0.013329637176420541
external_lung,307,0.012827100269368666,0.013325577607461458,0.011602499659475398
external_lung,308,-0.002341587753003277,-0.006945509758837389,-0.004686531794617635
external_lung,309,-0.00868772025988713,-0.008925937721150143,-0.01744324596007173
external_lung,310,0.0009603810922391617,-0.0034107090747186593,0.0036515314332540016
external_lung,311,-0.002755113334165199,0.0018135309584047061,-0.006334925758054305
external_lung,312,0.003442942193536922,0.008125014020868118,0.0013184907920843016
external_lung,313,0.0003984111703004001,-0.000694700525131366,-0.0028075946601365718
external_lung,314,-0.002771635294048234,0.0020128260705781684,-0.00031361247637356083
external_lung,315,0.006243192488560136,0.006012381440849303,0.005627078046048126
external_lung,316,-0.0004887090760068528,0.00037170203656443823,-0.0005009356574771362
external_lung,317,-0.006677774870560492,-0.005057763696139611,-0.007514073509031485
external_lung,318,0.0005273872313477183,0.002705257109375312,0.002827889386955486
external_lung,319,0.0006535993245285291,-0.0006106288975641084,0.0032763129526925854
external_lung,320,-0.002874152867946058,-0.005055897634243328,0.0011323785053785154
external_lung,321,-0.0004142602938236595,-0.0006111126532217515,0.000995668426192281
external_lung,322,0.002744161605427555,0.0036673884216017567,0.0026809814770627403
external_lung,323,-0.0010781098977847199,-0.0022504481273955637,-0.0011412900261495347
external_lung,324,-0.004211652533722493,-0.001753952148727117,-0.005530203072409377
external_lung,325,0.00529575306578553,0.00268558237099543,0.004845717140491784
external_lung,326,-0.0003849622881693752,-0.0025630870437111,-0.0035781626708330794
external_lung,327,0.0011404756389139976,0.0018138896417321895,4.17066005966118e-05
external_lung,328,0.0019711834981155454,0.0029224428173170074,-0.0036724847643986405
external_lung,329,-0.0007588035570738894,0.0006696918916383003,8.063840844240355e-05
external_lung,330,0.0010035925030023873,0.00484290513005641,0.0035872601554684616
external_lung,331,0.0023414716543887215,8.050035391237364e-05,0.0015020296888724285
external_lung,332,0.0034764992821822716,0.0032874291142470182,0.0026413047125115516
external_lung,333,0.0027874844175714932,0.001097029695055938,-0.00173439423872826
external_lung,334,-0.01176278375508454,-0.010447209842969218,-0.013171797556611364
external_lung,335,-0.0060290468608401315,-0.0017995667578431422,-0.006906861675867931
external_lung,336,0.004047499343911215,0.002538477169837433,0.008506525259726384
external_lung,337,-0.00118849221112254,-0.006784460571902823,-0.003951043828580146
external_lung,338,-0.003432920316859406,-0.00031405596129601343,0.00047655640415651245
external_lung,339,0.004798277854100262,0.0011731479859481701,0.008357394510591615
external_lung,340,-0.00039821331955148626,-0.005396089204125201,0.004806019540857881
external_lung,341,-0.0057573678560978074,-0.0034210142738399225,-0.002257410556489712
external_lung,342,-0.0014836300700554843,-0.0016204097560104196,-0.0020275818932939116
external_lung,343,-0.0013320635857062464,0.001203670283968496,0.007510437531053247
external_lung,344,0.0025644198901905633,0.00048066179430038746,0.006482936940717712
external_lung,345,0.003216728124477477,0.004464834769399804,-0.0008472152801355473
external_lung,346,0.0013046288287252756,-0.0012046741757402075,0.0026787621014572605
external_lung,347,0.004739833447715623,0.006608307582141454,0.0022561904153012386
external_lung,348,-0.003285854132074375,-0.002577474421734699,0.000348877997326108
external_lung,349,0.006254619202908642,0.005431806166987713,0.009003105934884115
external_lung,350,0.00793018551331364,0.007531001375329629,0.006494923461142879
external_lung,351,-0.005549998423329307,-0.008755247075835313,-0.0013470871490243261
external_lung,352,0.0006484212437360692,-0.004947547117044214,0.004331084558883544
external_lung,353,-0.0037291319427428713,-0.006183119331356522,0.00399945195659763
external_lung,354,0.012124473968396823,0.012653320698514409,0.014632483432605047
external_lung,355,0.003231682745183123,0.0029689887371356825,-0.004399276642314237
external_lung,356,-0.0013298036188028328,0.0006672211214152346,0.006021605716735444
external_lung,357,0.005047001634530729,0.005622979752938674,0.0013415443758502212
external_lung,358,0.003337133122344136,0.004518361479722186,0.00492293271272721
external_lung,359,-0.0002738340538439854,-0.003859167005026041,0.009031761868840388
external_lung,360,-0.002937753075381938,-0.0024638371609813727,0.00432301583394835
external_lung,361,0.008448652580072111,0.007823119414667058,0.005357350913590972
external_lung,362,-0.005205386547479938,-0.0019021512245668377,-0.009503354390229285
external_lung,363,-0.0025976873146657253,5.961476841473412e-05,-0.010938849529568593
external_lung,364,-0.002325622530865462,-0.0013726308466603296,-0.01261455710681376
external_lung,365,0.0030929490150630643,0.0024156840261053787,0.003155169965786122
external_lung,366,0.005078326407096999,0.002942518515407324,0.0034195254590139263
external_lung,367,0.008344789693620078,0.005571540128896314,0.015027290956648351
external_lung,368,-0.001387518109762148,-0.001635343924292774,-0.007203813152081952
external_lung,369,0.00992587030022593,0.010188564308273371,0.008552178326613693
external_lung,370,-0.0007484768185152627,-0.0006154101289420528,0.0045877927687439455
external_lung,371,-0.001316214462182987,0.004163806416953991,-0.007371409495633039
external_lung,372,0.0014511031194871054,-0.0020635412766206633,0.0006375564922899425
external_lung,373,-0.006130336901925927,-0.0059437866808726885,-0.005820082461562154
external_lung,374,-0.0058293287821604796,-0.007093557004253117,-0.005988335506300263
external_lung,375,0.0064236697875055355,0.0041891293522384465,0.005601427350016888
external_lung,376,-0.007691164289114104,-0.01041782647386529,-0.0017601335937184517
external_lung,377,-0.004744109882405395,-0.003874164870443869,-0.00866000082952198
external_lung,378,0.002257861987354365,0.004076867315662157,0.010120689460483029
external_lung,379,0.0032425991246782526,0.0005255452931946791,0.007052670868441644
external_lung,380,-0.002752853367261785,0.002867471046134338,0.0009474909486528833
external_lung,381,0.002850600304279518,-0.0007504283887708645,0.002900015807229308
external_lung,382,0.0021162850913781506,0.005922951830483719,-0.0028440797262936452
external_lung,383,-0.001340755347540477,0.0010286302561958078,-0.0012822995150794567
external_lung,384,0.004671810831104989,0.004263926822128237,0.0038483089559074777
external_lung,385,0.006583017815871496,0.009523670910874405,0.007286107674958399
external_lung,386,-0.0005756074382772721,-0.0024162606674777154,0.0015915968807656278
external_lung,387,0.003075506538236896,0.004579515524746438,0.010611069822447297
external_lung,388,0.0017242862709794156,0.0015685498535028264,-0.0026840009746645632
external_lung,389,0.00791433638979038,0.010873138500870674,0.007493629293134805
external_lung,390,-0.006290943572472757,-0.006253141879157274,-0.006231007534669458
external_lung,391,-0.005270574245624798,-0.006361853045509837,-0.011575900944850847
external_lung,392,0.005394443176478923,0.006894933709967087,-0.0031380342360992726
external_lung,393,0.000833320951856222,-0.0013131028214645826,0.0015550124976661066
external_lung,394,-0.006491286641331427,-0.0073561616635902756,-0.00806511952236765
external_lung,395,2.288565575261914e-05,0.0008832967683239101,-0.005793409386567185
external_lung,396,-0.008083386974387272,-0.011606265845940572,-0.007443613128055202
external_lung,397,0.00309895994534673,0.0017053525485520398,-0.0011012384944009595
external_lung,398,-0.0005071098360557765,0.0010355009659908008,0.001727112670374851
external_lung,399,0.0023802606559771935,0.0026470432020294734,0.002496923670245667
external_lung,400,-0.0056404941797846735,-0.0018097262655773954,0.0019904652077126868
external_lung,401,0.002534227381718666,0.0024338065800939093,0.006278019476304917
external_lung,402,-0.0012604579693792084,0.002790069830285985,0.0034232249997993847
external_lung,403,0.005464803650382423,0.007722061954477046,0.008391900895776173
external_lung,404,0.006254619202908642,0.0074395605566684175,0.004764835358611691
external_lung,405,0.00575123599500559,0.004396626041598785,0.0054630968812040825
external_lung,406,-0.0033212839988208767,-0.001218927658590635,-0.007906083018447465
external_lung,407,-9.677806035593428e-05,0.0021912557769257026,0.0030379713847967873
external_lung,408,-0.0033336052159869956,-0.004113647477984529,-0.007991098110891392
external_lung,409,-0.004798501718974696,-0.0066391549481751395,-0.007215428496074622
external_lung,410,-0.003411649709275146,-0.0049247777470025535,-0.0019000287721934832
external_lung,411,-0.0010755582612590557,-0.00353369755381754,0.001281352489702153
external_lung,412,0.00032710752272123905,-0.004153420107902382,0.008186269986216809
external_lung,413,-0.007524665341042874,-0.00841839001531583,-0.0044333636745617355
external_lung,414,-0.0023728802372650535,-0.0014076987689631932,-0.011662500576637008
external_lung,415,0.001949588932604542,0.002958098843158942,0.010080531004349663
external_lung,416,-0.003409723062928499,0.0020797139145979455,-0.0045759077279402816
external_lung,417,0.012658049684771772,0.014508125746103634,0.018596200672461306
external_lung,418,0.004359459192414307,0.007728975071539865,0.0007389700007806492
external_lung,419,0.00961351866153525,0.005087191232817396,0.0061221705440631016
external_lung,420,0.0006230203969521583,-0.0015548494810754356,0.009221777458707494
external_lung,421,-0.004860867460103974,-0.004465534308259457,0.0003097175007255688
external_lung,422,-0.008260583242364145,-0.007556054518163963,-0.008281850153345658
external_lung,423,0.0034600257833667845,0.0034135242190585597,0.003754428520206715
external_lung,424,0.005444454227294958,0.003850431062552738,0.011614353424700843
external_lung,425,-0.003683598394460854,-0.0029424530453081485,-0.00180856751899199
external_lung,426,0.0028664494278027772,0.004923356584689537,0.0038413188951392325
external_lung,427,-0.000934610992942018,9.63720502221247e-05,-0.005813144825924775
external_lung,428,0.00256352538737295,0.00030626708327832763,-0.0007787313663802273
external_lung,429,0.0007920709815490515,0.003814038383791897,-0.0015291269414564697
external_lung,430,0.0026135364381889847,0.0032794173065609222,0.006313752193688913
external_lung,431,0.002782587022785878,0.004677105888891022,0.010641749486281448
external_lung,432,-0.00043679765601901493,-0.0017742093195735147,-0.00034712552130673296
external_lung,433,-0.004432049132998671,-0.0028122928360919215,0.005750269433429221
external_lung,434,0.0025019242960247212,0.00616302566251826,0.0040982444212613045
external_lung,435,-0.004499177246791691,-0.0023971562044571015,-0.004793579983631622
external_lung,436,-0.002274186096488486,-0.0045516040521389935,0.0026861787211833097
external_lung,437,0.009235158228521695,0.0075123354009706544,0.00667074016896003
external_lung,438,-0.0023328737114278277,-0.004168315824375259,0.004458250910648895
external_lung,439,0.00381716988154591,0.008373211049966883,0.015617596511892418
external_lung,440,0.0058599962762432385,0.00492748575638427,-0.00044018599109695456
external_lung,441,-0.0011550075922181953,-0.0031854838838956956,0.004001816855014782
external_lung,442,-0.0022900352200117455,-0.0009371576316086114,-0.0010814101934308966
external_lung,443,0.003216728124477477,0.0009626529755085806,0.0014562035781535052
external_lung,444,0.006370252628943075,0.004980110084757933,0.009877576329727642
external_lung,445,0.0003984111703004001,0.0016003693428132588,0.0005246355417806251
external_lung,446,-0.00649202711523821,-0.005133585553273987,-0.0023154880793105808
external_lung,447,-0.004067524001220614,-0.005075802936391066,-0.01203330247423659
external_lung,448,0.0022621384220441374,0.005679535138582835,0.0019077109745657037
external_lung,449,0.0023728802372650535,0.0007272611867946792,-0.006062542523004486
external_lung,450,0.0038727033173265777,0.005905444678371961,0.00987485772577328
external_lung,451,-0.0012343166486885142,0.00025109409348096157,-0.004595261820311401
external_lung,452,0.004559210174285243,-0.00024903085265258907,0.004855221676882192
external_lung,453,0.0009317890359264355,-0.003561086841331986,0.00041455854296643113
external_lung,454,0.0044157112694425404,0.008262174925518145,0.0022482050183263713
external_lung,455,0.001687336911236283,-0.0007032969813736414,0.006236206447092227
external_lung,456,-0.0028602982230302907,0.0012682630613142696,-0.00032203163421256264
external_lung,457,0.0007787854256017154,0.003269937362056524,0.0008314450191130215
external_lung,458,7.306852719278038e-06,0.00039310610517355926,0.00023770616880204135
external_lung,459,-0.004194685042507186,-0.004653732763390936,-0.008852177937411582
external_lung,460,-0.0015630794010146238,0.0008567069870168145,0.0013640178443791267
external_lung,461,0.003967236507141138,0.0050261472019906914,0.0024381638932232386
external_lung,462,0.0007110331294809998,-0.0013106534423701446,-0.0012149512928823956
external_lung,463,0.0014852650467798805,0.001948464671608465,0.005363349085266006
external_lung,464,0.00575123599500559,0.0042545620675666085,0.005332536247878059
external_lung,465,-0.00752211370451721,-0.008582022905506127,-0.01238353639626726
external_lung,466,0.007449523763932847,0.00605818143650604,0.010102526005826423
external_lung,467,0.0007962279024278837,-0.0005269359462721316,-0.005589042307874113
external_lung,468,0.002977437387639346,0.004980092774091458,-0.0008640060272838979
external_lung,469,0.00287614734655355,-0.0010127978258410069,0.005098934399641551
external_lung,470,0.009991057998370792,0.008187900700336306,0.008512741096536483
external_lung,471,-0.004291101864681633,-0.005211264137905801,0.00045886075367410073
external_lung,472,-0.0040895049858360915,-0.0061577789376598135,-0.0046067354787960955
external_lung,473,-0.0032368536826905083,-0.0009538523758968369,-0.000406111718225475
external_lung,474,-0.00267580427769488,-0.004908961406687793,-0.007197682933994634
external_lung,475,-0.006411972752667111,-0.005751161873997851,0.00040835671031437103
external_lung,476,-0.004964730346556007,-0.007383185144391319,-0.002329409105429623
external_lung,477,0.0030712301035471234,0.0059579504827444365,-0.0038431392451124535
external_lung,478,-0.003538486792634974,-0.0008316296625574073,-0.0024900573131759474
external_lung,479,0.0003213620807334949,0.0009056795848489119,0.002268042270494643
external_lung,480,0.00030332062785382957,0.002527245181489788,0.003328342645157828
external_lung,481,-0.0037823367990209855,-0.0012952713486377256,-0.007677531978739818
external_lung,482,0.005246636517787108,0.0064886933362502675,0.0038683442360044895
external_lung,483,0.002993509568185717,0.003880220289950452,-0.0006113100840272516
external_lung,484,-0.0014705352427267688,-0.0014727144964302996,-0.0010044270824228485
external_lung,485,0.0012934792492387177,0.0018675134048411202,0.0010536634671027185
external_lung,486,0.001787886478415296,0.0017791007917582018,0.000995380137835631
external_lung,487,-0.002274186096488486,-0.0008460259456719486,-0.00026122625755019757
external_lung,488,-0.00018029233157182412,0.0017696973085311503,-0.0005849271932172235
external_lung,489,0.002442496207178596,-0.00043325923165809166,0.007048335513422682
external_lung,490,-0.0054714435951877805,-0.0032419731496233692,0.0007419832401214148
external_lung,491,-0.004929862469921674,-0.00359378971805549,-0.004325303356667245
external_lung,492,-9.677806035593428e-05,0.0020810918176716597,-0.0062072538957778185
external_lung,493,-0.008012083326808112,-0.006279837667125652,-0.01030327560362688
external_lung,494,0.011931834339681433,0.016290576260004453,0.005017023691902109
external_lung,495,-0.0005594201895162779,-0.002413209247229866,-0.0005079932252199844
external_lung,496,0.0009672681334382723,0.005979573303965692,0.0003203739948123193
external_lung,497,0.0009159399124031761,0.0025382161561919394,0.002968939834374453
external_lung,498,0.0024686326956752935,0.003166396524383839,0.001272239145514766
external_lung,499,0.001766006394703451,-1.412010239214734e-05,0.007417358477725279
external_lung,500,-0.002421255696469902,-0.0029710204465634715,0.0006493454367671367
external_lung,501,-0.0021162850913781506,-0.0022493517809513606,0.0044135804573025295
external_lung,502,-0.00666033722592832,-0.006359370733735353,-0.006222430601245101
external_lung,503,0.010116515450333827,0.007866160031488609,0.011505748402952015
external_lung,504,-0.0047023897586813595,-0.006551126908324906,-0.0048230616469154
external_lung,505,-1.4558033281643809e-05,0.001342913562460607,0.008921951480035929
external_lung,506,-0.005904437456079224,-0.003911677042052855,-0.005466530831396005
external_lung,507,-0.0003845758690649015,-0.003792688881918832,0.005628275454513841
external_lung,508,-0.0039440069649057385,0.0013058139006707032,0.0006191441122472925
external_lung,509,-0.0005578316684073659,-0.0011742437306612639,-0.0014788294950332792
external_lung,510,-0.0060290468608401315,-0.0033444466624268643,-0.004843205334653128
external_lung,511,0.004432049132998671,0.003511703336741991,0.01075807159962247
external_lung,512,-0.0013579345859070224,0.0004975868368102359,0.001975105458056394
external_lung,513,4.902697644331341e-05,-0.0002795722161338665,-0.0035871853582994475
external_lung,514,-0.00021391722496498974,-0.001067432186028829,0.003383094726951761
external_lung,515,-0.004937867878812831,-0.002814928816502258,-8.495426056978617e-05
external_lung,516,-0.00623677560077789,-0.00752704855454984,-0.007130265739051002
external_lung,517,0.002404177359006989,0.0026108872316161122,-0.007373339079350921
external_lung,518,0.0030719705774539066,0.002880701569198979,0.004136472291923108
external_lung,519,0.009752884821373384,0.01112277717659631,0.009609460921865515
external_lung,520,0.0004878145731892399,3.523082999178545e-05,-0.00595735178733652
external_lung,521,0.007915971366514776,0.006989024820216896,0.0028552423939486966
external_lung,522,-0.006736219276945131,-0.008228429294696554,-0.016753374244643876
external_lung,523,0.0019837025660305783,0.00707152127435535,-0.003947328129365074
external_lung,524,-0.0011458704412958172,-0.0004987564538990092,-0.0055541576869397955
external_lung,525,-0.0015147033269229855,0.002079329495251812,-0.004626700760801877
external_lung,526,-0.004246858535594561,-0.007544044032048494,-0.0037242527227564215
external_lung,527,0.0018305011049569442,0.003575095011274204,-0.0015132358541385116
external_lung,528,0.006048342123706668,0.005358360486460961,0.0010828328741490185
external_lung,529,0.005719049007926201,0.007374337895611288,0.0055928246364459755
external_lung,530,0.0011458704412958172,-0.00046655079654037146,0.0019857851950518717
external_lung,531,-0.005470549092370168,-0.004637331772619982,-0.005389386031164891
external_lung,532,-0.00023025508852111964,-0.002955091111467532,0.004812921443692507
external_lung,533,0.00074295443355063,0.003886707546094076,-0.009253504766750362
external_lung,534,0.0009352351752697127,0.00023615181245492667,-0.007405927039633155
external_lung,535,-0.0051058000957176775,-0.007832462280468864,0.0031383074668765356
external_lung,536,0.005704094387220554,0.007951680802167174,0.003935410642380168
external_lung,537,-0.0004142602938236595,0.005664658725030867,0.0001762339339486385
external_lung,538,-0.0037858727598039745,-0.0006890384105579053,0.0011773602613337022
external_lung,539,0.00745041826675046,0.004964830303856739,0.014801827602288736
external_lung,540,-0.0020308441738156138,-0.0015847491646404364,-0.003935180653705452
external_lung,541,-0.0036778529524731096,-0.0031440546214038523,0.0015056841405385046
external_lung,542,0.0017031860347595424,0.0008185563523137133,0.004062104135248795
external_lung,543,-8.586168086080481e-05,-0.00465450597343071,-0.00021421738960248718
external_lung,544,-7.090706015515831e-05,0.0023475477376801537,0.004130524008807544
external_lung,545,-0.00024290107146530496,-4.900592080698632e-05,0.0001942095301402195
external_lung,546,-0.0056404941797846735,-0.006573004699643642,-0.002889995986462695
external_lung,547,-0.002639677758879679,-0.0045690846769023226,-0.006258337653269988
external_lung,548,0.0057573678560978074,0.0017298708573715016,-9.031986875178942e-05
external_lung,549,0.0026184338329746,0.003208546286035054,0.0035218792192480606
external_lung,550,0.001813757478616072,-0.001735858851738668,0.00387264037068379
external_lung,551,-0.001623112328508175,0.0009948405577447639,-0.014699352987765915
external_lung,552,-0.001590585377939796,-0.0031662742417559826,-0.001328938270485756
external_lung,553,-0.010663105371766263,-0.010441134438368424,-0.010611678407469969
external_lung,554,-0.00016100325797083204,-0.00040400408977839253,0.001937053208429046
external_lung,555,0.003252926671088202,0.004450059860877996,0.007556777483933991
external_lung,556,-8.675618367841771e-05,0.0017113311246533907,0.0014975972322113138
external_lung,557,0.010287560513538213,0.010238793879862105,0.008108301098353523
external_lung,558,0.0006115936826036524,-0.002556903218300275,0.0005601667183073589
external_lung,559,-0.00039930567311801296,0.003923903656426669,-0.006637093285458057
external_lung,560,0.0054115267663087845,0.0038136003484103747,0.0049802991347997014
external_lung,561,-0.0030838760864913086,-0.0029281396690147192,-0.000505176485632558
external_lung,562,-0.004460742090215029,-0.003689978850093599,-0.009809098262736043
external_lung,563,0.008671871136363871,0.0056796174738241445,0.015673215901598342
external_lung,564,0.0028448548622917735,0.005516291280024741,0.0029917750011697517
external_lung,565,0.0036778529524731096,-0.0003303579833400334,-0.00032208703138274664
external_lung,566,0.002850600304279518,0.0040198459161709665,-0.0011144591507815014
external_lung,567,-0.002256743619662318,0.001346017438391735,-0.004752666498608736
external_lung,568,-0.0029548314128448514,-0.0031516837722429434,-0.0022788208201090787
external_lung,569,-0.004460742090215029,-0.0026575847921805435,0.005912891673888189
external_lung,570,-0.008778309835215834,-0.008349944661892917,-0.007809823866832756
external_lung,571,0.002755113334165199,-9.390464587004854e-05,-0.001235566335635531
external_lung,572,0.00016100325797083204,0.002876305381527009,0.00377966315236114
external_lung,573,-0.0017920468144905128,0.0023511995465662905,-0.0028161155169186916
external_lung,574,-0.002807761812863435,-0.0011669677451161264,-0.008267578058778768
external_lung,575,-0.006100652477167169,-0.006428812762181241,-0.0011353196078880499
external_lung,576,0.004600205214777951,0.005311636824227538,0.0036575594456784806
external_lung,577,0.0041323434772521745,0.0030841872047301655,0.008356902694030712
external_lung,578,-0.004910878510920008,-0.011366811095571722,-0.010650562519520318
external_lung,579,0.0047501256448830576,0.002323869312661181,0.005379820255481366
external_lung,580,0.005444454227294958,0.0038558126517701987,0.006241552482939941
external_lung,581,0.0015008438498132215,0.0010606750259235243,0.005023408269536631
external_lung,582,-0.0018443364061924428,-0.002044050407925981,0.0022261983878892984
external_lung,583,-0.002052825158431091,-0.0013701785802559445,0.003974742310751206
external_lung,584,0.0010404200641348043,-0.0009923212969105792,-0.0030654365578615204
external_lung,585,0.00316256015278261,0.005637465561372243,0.0019963754877708275
external_lung,586,-0.0038177948717249277,0.0006935988294920386,-0.004041635070548509
external_lung,587,0.004134652115013636,-0.0012402373353572653,0.0036204363886841915
external_lung,588,0.009806158290250638,0.011217999457428305,0.009926830178484678
external_lung,589,-0.004067524001220614,-0.005792531477758017,-0.007701460107543402
external_lung,590,0.0023086550396501557,0.004508360617183636,0.0012146329939119553
external_lung,591,-0.0015111360469806563,-0.0025652502990245367,-0.0006176459087075443
external_lung,592,-0.0023373113183135044,-0.0017708670992957936,-0.00424355849603363
external_lung,593,0.003231682745183123,0.0033343800427315384,0.008869468037600869
external_lung,594,-9.740305053495175e-05,0.000831873592098418,-0.0012259081857613208
external_lung,595,0.0012936770999876317,-0.00018269918613769698,0.010021575235904476
external_lung,596,0.011398258623306484,0.011002925471461969,0.011843326496992906
external_lung,597,0.0010248364289074663,-0.0008662175845881304,-0.006940942044108509
external_lung,598,0.0016075528691551026,0.001984368197041074,0.003111489985729123
external_lung,599,-0.001687336911236283,0.002647625346775309,0.001406979521875416
external_lung,600,0.002341587753003277,0.0024420085546280335,0.0015886484158221157
external_lung,601,0.0005045581995301122,-0.0030894746226446854,-0.0008175383617915569
external_lung,602,-0.002807761812863435,-0.003901305682116357,-0.007491444782042028
external_lung,603,-0.0025637957078628684,-0.001393283640056799,0.0055983626661335155
external_lung,604,-0.0006035882737124946,-0.0018865162978793648,-0.002524020212829705
external_lung,605,0.004639777872936429,-1.4663305943842138e-05,0.0010698451873708084
external_lung,606,-0.004841116345516344,-0.003917889529342143,-0.007575321536194732
external_lung,607,-0.008778309835215834,-0.008393260031884332,-0.008546301753376052
external_lung,608,0.002893923116423456,-0.0006027604684481032,0.0006219804325090965
external_lung,609,0.000762936302078456,-0.0017034660058429518,-0.0023055334938971253
external_lung,610,-0.0003984111703004001,9.371461235295941e-05,-2.5303989452043097e-05
external_lung,611,0.005470325227495733,0.003763748927809868,0.002817322985602157
external_lung,612,-0.0012630096059048728,-0.003912077213539801,0.007882487421355435
external_lung,613,-0.008295451118998478,-0.007919074698675616,-0.0017655855703177983
external_lung,614,0.0010406855524307257,-0.001109551625212655,-0.002584829867179996
external_lung,615,-0.0029919210470768045,-0.004920992667203796,0.0007255029209505548
external_lung,616,-0.004089118566731618,-0.0009236668311956484,-0.005359959649085487
external_lung,617,0.005230787394263849,0.0020344695881345334,0.003241052354839152
external_lung,618,-0.0022977386601550263,0.00025268028623195993,-0.0001725761189101671
external_lung,619,0.005547644637552557,0.00438648294610421,0.0004067957736319976
external_lung,620,0.0047452282500974425,0.006682869643565617,0.006734963289522139
external_lung,621,0.005961286317329034,0.009831465014976401,0.01062929974708694
external_lung,622,-0.002295430022393565,-0.005068934464631461,-0.013140984302170321
external_lung,623,-0.0045127177325534895,-0.002311068192214466,-0.00417750584713053
external_lung,624,0.004148192600775434,0.005854000661506681,0.0024524674982863244
external_lung,625,-0.006916842550375511,-0.004962134674009494,-0.007022366388611636
external_lung,626,-0.0011391584686949359,-0.0051645744281023365,0.0023458061498238354
external_lung,627,-0.0009159399124031761,-0.0012961932729290047,-0.0002850126725898554
external_lung,628,-0.0035451267374403315,-0.004706849085420045,-0.00774532517718802
external_lung,629,0.004105354109359351,0.004975299121320877,-0.0030737303784465764
external_lung,630,-0.0007275064353319538,-0.000563325024376754,0.0047076471014792605
external_lung,631,-0.002257861987354365,-0.003958600058382934,0.0031803063160874097
external_lung,632,-0.012842949392891925,-0.013475195186771918,-0.0057301445542631375
external_lung,633,-0.004025904778400212,-0.006839390167657121,-0.0017188607980575996
external_lung,634,0.0025941043149493213,0.0011968102347261293,0.005455717934243626
external_lung,635,0.002425794204259211,0.002926003907355673,0.0013063293985440723
external_lung,636,-0.002547946584339609,-0.00118410405557585,-0.00571280826294332
external_lung,637,0.003825175290437068,0.0006586223523386836,0.009399727189428247
external_lung,638,0.0019711834981155454,0.0008523386705192499,-0.0016635486312849375
external_lung,639,0.005656343303307933,0.0034341511146756447,0.0054396556689877695
external_lung,640,-0.007693715925639767,-0.010963499697093435,-0.009671395868922673
external_lung,641,0.00017871122309292184,0.0008559762120506076,0.0026518337206537976
external_lung,642,0.003075506538236896,0.005493961336072209,0.00708688197543538
external_lung,643,-0.0039046246213962077,-0.008491531860410528,-9.054400366724979e-05
external_lung,644,-0.002369344276482064,-0.003885956387140538,0.005651714998505744
external_lung,645,-0.0009613764959604069,-0.0029867827979352295,0.0005853771187246856
external_lung,646,-0.006269703061764063,-0.001537230450137715,-0.002651043167373755
external_lung,647,0.00017808159543374522,0.0021071532155607364,-0.003445333976035534
external_lung,648,-0.0028347605158732525,-0.004432686933771662,0.0006725631849113143
external_lung,649,0.0030680269629680492,0.001453085778249846,0.004166893072580159
external_lung,650,0.002369344276482064,0.003924953830528423,0.0015294295227260093
external_lung,651,-0.0036265247314380133,0.00045745461968661316,-0.006595965686703073
external_lung,652,0.004967328438697155,0.006574736488969103,0.012164093927270275
external_lung,653,0.0071939129423032695,0.006703750500037529,0.012169942726714428
external_lung,654,-0.0011746375662067727,-0.0035227440769315665,-0.0012260645305030662
external_lung,655,-0.002004110959101718,-0.00019090640023651062,0.0038526170952591088
external_lung,656,-0.003963292892655281,-0.006891228933142229,0.001831354207190966
external_lung,657,-0.011180831964617952,-0.011537148452753063,-0.015906730083253114
external_lung,658,0.005879291539109775,0.007856579294545557,0.010743958321421342
external_lung,659,0.0019337398090812825,0.003982176911994993,-0.0022807401719634936
external_lung,660,-0.006407820663982276,-0.001986624664030499,-0.004477508986541581
external_lung,661,-0.004119697494307989,-0.005155505520195197,-0.00439038493127326
external_lung,662,-0.009066107643924801,-0.010984982562645785,-0.00795654461918065
external_lung,663,-0.0019995516895538377,-0.003333243622984659,-0.0012070453489741728
external_lung,664,-0.006083574139704256,-0.00760018625036273,-0.008098853884191801
external_lung,665,0.009768733944896643,0.006557782190382897,0.009204214914675202
external_lung,666,0.004652378707865325,0.007571744975011091,0.0038803523690434287
external_lung,667,-0.009583834236776492,-0.008879167522818542,-0.011069082935480803
external_lung,668,0.00030332062785382957,0.003526069299192404,-0.004092913193654521
external_lung,669,0.008419931270730105,0.004154918576954778,0.007608396104879446
external_lung,670,-0.009235158228521695,-0.009639355554069945,-0.004939475298692107
external_lung,671,-0.005231527868170632,-0.004067065626823731,-0.007597167677182742
external_lung,672,0.00572407625574838,0.0031146550100810593,0.006836685536243105
external_lung,673,-0.005390286255600091,-0.005772816112049578,-0.005978773133844345
external_lung,674,0.004575059297808502,0.008922369802454894,0.005703564433034871
external_lung,675,-0.0012343166486885142,-0.0007267182074445674,-0.009540598334796544
external_lung,676,0.0032368536826905083,-0.0015209865599521703,-0.0003330790028751125
external_lung,677,0.003648119296949017,0.005370942124500058,0.001508675214407072
external_lung,678,0.005639599676967061,0.00481000236797242,0.005338655115392286
external_lung,679,-0.003600368213036396,-0.005016060366353556,-0.00859561355950303
external_lung,680,0.01101178138002106,0.00897695897965677,0.008254351389829079
external_lung,681,0.0030081048817221048,0.0019074032497056468,-0.002826975230165165
external_lung,682,0.0013989296263997308,0.0011292660604299287,-0.0019341104175636856
external_lung,683,-0.0015103955730738732,-0.004898429276157977,-0.004645000127068079
external_lung,684,-0.0015908092428142302,-0.004326261147391773,0.00017787450202615606
external_lung,685,-0.0050311525110074695,-0.0057233329885728506,-0.0019509900205586794
external_lung,686,0.005635099377402854,0.007131773304841835,0.0013217354468060731
external_lung,687,0.0022837329875551407,-0.00014425570967040646,-0.0003092445436999325
external_lung,688,9.740305053495175e-05,-0.00037149967630137337,-0.004002867840455773
external_lung,689,-0.004406279033701527,-0.007929157905254827,-0.009194017071567705
external_lung,690,-0.01102763050354432,-0.014113848971159259,-0.012378963394890762
external_lung,691,-0.002277987545567397,-0.004453592354227108,-0.0018423571493041506
external_lung,692,0.0015898449040330127,-0.00034527654255314677,0.0023321351459459254
external_lung,693,-0.0005399880662766143,-0.000579870798911003,0.006941999833416729
external_lung,694,-0.0007326276949920033,0.00018467293589671807,-0.004499251660083812
external_lung,695,-0.002752853367261785,-0.0017961749996281509,-0.0006547969008619072
external_lung,696,0.008181133911405005,0.006406571387870495,0.013991632714775095
external_lung,697,-0.00868772025988713,-0.006457863680792772,-0.005947962585962557
external_lung,698,-0.0029029199928570135,0.0009193778673772151,-0.012192540332228968
external_lung,699,-0.000572291151970559,-0.00285356009376056,-0.005436640223556231
external_lung,700,0.0032368536826905083,0.0034165077522362954,0.0010725175671134901
external_lung,701,0.0018298769226292495,0.003468151043494544,0.005173613881724705
external_lung,702,-0.0025651603640973464,-0.0011917839359433524,-0.00432672381664385
external_lung,703,-0.0021243849591891795,0.001263648743894924,0.0018811075079128619
external_lung,704,0.0027090234083033036,0.00026193890493905747,0.006920015834477758
external_lung,705,0.0040895049858360915,0.008453830257302276,0.008734911295478681
external_lung,706,-0.0025383948610789575,-0.00026097690542845053,-0.00616391028068968
external_lung,707,-0.0044157112694425404,-0.00468249381549482,-0.005403117305660334
external_lung,708,-0.002390588202387143,-0.0031610965649944422,-0.0044874120395720085
external_lung,709,0.005389545781693307,0.007169672278788905,0.002405920065031162
external_lung,710,0.002452783572152034,-0.001905958348170987,-0.0009838577147012286
external_lung,711,-0.007141739449215895,-0.006356841874441956,-0.006515532393487909
external_lung,712,-0.0021565719462685686,-0.006045517118663126,-0.0022313207813731786
external_lung,713,-0.00042879224712785713,-0.0006015434314242396,-3.1170988649594227e-06
external_lung,714,-0.0009317890359264355,-0.00023986343587518544,-0.004134426896013316
external_lung,715,-0.0022408944961390584,0.002094067761872533,-0.0027758059898662555
external_lung,716,0.0009732838959159348,0.0016464430212199954,0.0003551579920574218
external_lung,717,0.0031930045898422577,0.005592208255793365,-0.0010645302408660668
external_lung,718,-0.007819443698092723,-0.011993804780531516,-0.006569298383136608
external_lung,719,0.007058149125861807,0.010755378401301577,0.00583354851596854
external_lung,720,-0.0013240581768150887,-0.0006750002266127376,-0.009289836649831063
external_lung,721,-0.009392294583850982,-0.008559077264100795,-0.008923171656916501
external_lung,722,-0.003019056610459749,-0.003943122136840107,0.0008590274280263765
external_lung,723,0.002096655117389573,0.0017620060983532249,-0.004995453953841461
external_lung,724,0.004119697494307989,0.006984837051513546,0.0015909922627020123
external_lung,725,0.0019961055502105605,-0.001391928152873543,0.007038543544213599
external_lung,726,-0.004920900387597525,-0.0007110067143803935,0.0034060770659082576
external_lung,727,-0.0007110331294809998,-0.001180128111195472,-0.0016054381862432299
external_lung,728,-0.0004716307385439396,-0.000468226641104306,-0.004976309866816048
external_lung,729,0.009598788857482138,0.010822884864709087,0.010125059679953372
external_lung,730,-0.007666242237019089,-0.006350668324903765,-0.0008931005477828269
external_lung,731,-0.009444468076938356,-0.009431418064089564,-0.008642921406847462
external_lung,732,-0.004665919193627123,-0.004107919968088023,-0.0007707240139082912
external_lung,733,0.0017285627056691881,3.919142957758059e-05,-0.003622630181197692
external_lung,734,-0.005230787394263849,-0.0016158365521130682,-0.002580840092620634
external_lung,735,3.4582690591043276e-05,0.0003631818831682232,0.0016064082220992224
external_lung,736,-0.00555089292614692,-0.008222329343879889,-0.012352538083077153
external_lung,737,-0.007937565932025778,-0.009108077999831848,-0.0022967343838574588
external_lung,738,-0.0037141773220372245,-0.0011802696141672564,-0.0030110874629503217
external_lung,739,-0.005596761185550979,-0.0029141049499432545,0.0011656835885532433
external_lung,740,0.0012140299182795782,0.0030028846512544323,-0.004495917993411748
external_lung,741,0.0038177948717249277,0.0064786154078267655,0.004089003336390719
external_lung,742,0.008419931270730105,0.008043115942844134,0.010432891109668394
external_lung,743,-0.002033795383860476,-0.003405420104087074,0.004271531315365572
external_lung,744,0.0016449772145090968,0.00026831996379453327,-0.005847531220037755
external_lung,745,0.004888867429428965,0.000994338905891244,-0.003256356183613242
external_lung,746,-0.0007913305076422683,-0.0017484280555010259,-0.0032506127630258044
external_lung,747,0.0022351267744100956,0.006518100279421633,0.010009590049750744
external_lung,748,-0.002971915002674713,-0.004649041641798977,-0.0036878103095348835
external_lung,749,0.004499177246791691,0.0015127424353271837,0.00348208394549888
external_lung,750,-0.0057883008384764885,-0.004750308163602918,-0.0027923952752823096
external_lung,751,0.006508724285963598,0.002612114723106971,0.011376561203814315
external_lung,752,-0.002645423200867423,-0.004130730333369442,-0.0008642028871456984
external_lung,753,0.009752884821373384,0.011280673470194355,0.004804486713048441
external_lung,754,-0.0013727883057090366,-0.001563802436449833,0.0013047952447017193
external_lung,755,-0.0035242503660948923,-0.0017038880444661488,-0.005914384768835407
external_lung,756,0.00777660520667664,0.009148229926903237,0.0009854805845999166
external_lung,757,-0.001955334374592286,-0.004254909542538959,0.0006376431566627871
external_lung,758,-0.002093087837447244,-0.002027555087739987,0.001134565935463285
external_lung,759,-0.0031522334142239836,-2.395296027112503e-05,0.0001880159900011502
external_lung,760,0.00144620572470149,0.004392659589146984,-0.00641295673879408
external_lung,761,-0.0006523648582219266,-0.0004398167569555078,0.00026863296840398676
external_lung,762,0.00041294312360459773,-0.00022876989699267358,-0.0010016231611684097
external_lung,763,-0.002690855848245808,-0.001108264099180217,-0.005723088897817687
external_lung,764,-0.0034764992821822716,-0.0020153579455216286,-0.006988423291137219
external_lung,765,-0.003168082537747243,-0.0022572706408807985,-0.0012742665927109136
external_lung,766,0.002015735524199138,0.005538614395752438,0.0036835768017934407
external_lung,767,-0.006475843280592909,-0.005362581804139778,-0.010014559663907269
external_lung,768,-0.003749409338034813,-0.004584570620590542,-0.004255084501737236
external_lung,769,0.003114809068869989,0.0015811821913917223,0.0032461795442422317
external_lung,770,0.00036519203969197683,0.001629165384270483,0.005807556608771071
external_lung,771,-0.00148340620518105,0.0029801066586227776,-0.006005284861480803
external_lung,772,0.0027325759719698437,0.004962046417534255,0.005520974226563567
external_lung,773,-0.003965601530416742,7.431038761732123e-05,-0.0016081296044208322
external_lung,774,0.0031520095493495492,0.002640929087107826,0.0001961440691883587
external_lung,775,-0.0033212839988208767,-0.0008635815618922107,-0.007927123305064962
external_lung,776,0.006508724285963598,0.006450094421505745,0.0038734030448372143
external_lung,777,0.0022827840394493795,0.0011892401701964575,0.010801685976923703
external_lung,778,0.002627395915298749,0.0036542730948092668,0.000820555386837313
external_lung,779,0.0037694187976332894,0.003088669735744537,0.002489537385768191
external_lung,780,0.0006953194482525645,2.9438579880627035e-05,0.009407242000856991
external_lung,781,-0.0005036636967124993,-0.0033339152020005576,-0.00346468229325933
external_lung,782,0.0017807361987565624,-0.0001739716776094542,0.001348469661024948
external_lung,783,0.00992587030022593,0.006038676835758769,0.005771286469404918
external_lung,784,0.006046130450669994,0.007531437583172013,-0.002105507388472881
external_lung,785,0.00016286209956966244,0.00019004791125401543,0.003266218862192592
external_lung,786,0.0015269851705039157,0.005287064529636907,0.0008823672602979356
external_lung,787,-0.001928345006699463,0.00011517726465756794,-0.008981606607429296
external_lung,788,-0.0018922184878842618,-0.0028639766468365837,-0.00012581097146384846
external_lung,789,-0.0027051022833491645,-0.0014221742591822943,-0.005255024964940689
external_lung,790,0.0009401325700553279,0.005670524142362771,0.007048902988022437
external_lung,791,-0.0015103955730738732,-3.3173618056345743e-06,0.0021910528116410683
external_lung,792,0.005014068921177607,0.004870386349973267,0.00035657602627321185
external_lung,793,0.002213532208899092,0.003477505553477598,0.0020398994242424766
external_lung,794,0.0007443198976364307,-0.0005186549408027115,-0.002764677731482895
external_lung,795,-0.0015011141703031399,-0.000722036034354658,0.004884156039998856
external_lung,796,-0.003209701760567646,-0.003603283204484766,0.002329969609628696
external_lung,797,-0.005704094387220554,-0.0016692623294236875,0.002024489512119948
external_lung,798,-0.007285867981717774,-0.005323815175746677,-0.008315489167392137
external_lung,799,-0.009050258520401542,-0.006031573992652556,-0.014425110811088483
external_lung,800,-0.00213213421490141,0.0006260355585036661,0.000694598875598057
external_lung,801,-0.00390301192441303,-6.369929735900804e-05,-0.0028789432219848516
external_lung,802,0.0017650574465976898,0.0013484452017416826,0.007304728816794032
external_lung,803,-0.003949752406893482,-0.0042381157749375176,-0.009719725029223312
external_lung,804,0.004499177246791691,0.002881052906947762,0.009961004954053526
external_lung,805,0.007729842444454969,0.0037574644662868584,0.004325369634928772
external_lung,806,0.002249856578463207,0.0030119199475918956,0.0044119164656202525
external_lung,807,0.002731258801750782,0.003682518120952244,0.010395839280334116
external_lung,808,-0.002442496207178596,-0.006951808869076657,-0.01166583689737341
external_lung,809,-0.00019393071895700462,-0.0018517395535241066,-0.0038836259396034245
external_lung,810,0.0034764992821822716,0.005098336618407927,0.005644005533298441
external_lung,811,-0.007264624055812695,-0.008247766335350765,-0.008257143034796327
external_lung,812,0.006145445551542404,0.0034881434684619446,0.011481097459403336
external_lung,813,-0.0032487610826460365,-0.006423628916571472,-0.00259470569501688
external_lung,814,0.003950646909711096,0.004336695219181961,0.007573147562691257
external_lung,815,-0.0009762302157624211,-0.0008414118182618151,-0.0019369149217017916
external_lung,816,0.004808828457533322,0.0016733902408169279,0.003886658471287709
external_lung,817,0.0014939568086141108,0.0010440108132994397,-0.001334874458020635
external_lung,818,-0.0010849904970000694,-0.004196072661100623,-0.006918966540087067
external_lung,819,-0.0034929532443529567,-0.0023667634871515813,-0.006528673848795158
external_lung,820,0.0031784092763058693,-0.0011876677030877116,0.005406748812640055
external_lung,821,0.00618902451686527,0.003024011688892409,0.0035507699096952636
external_lung,822,-0.0008620880767671776,0.0028283763031809552,-0.006500643396515524
external_lung,823,0.004655626996459689,0.006728165274475109,0.0017153041673106106
external_lung,824,-0.005372848610967919,-0.0029147093184094344,-0.005915567804991334
external_lung,825,0.003934309046154966,0.007279606355405985,0.003333294283529159
external_lung,826,-1.2910902416155927e-06,0.0005172722913629562,0.007257648521845322
external_lung,827,-0.004866262262485793,-0.0003548685612688269,-0.005603805511819521
external_lung,828,0.0026835077178381608,0.0021002914162851585,0.00211898868761672
external_lung,829,-0.007675315165590844,-0.009380159100273039,-0.0012053457671339276
external_lung,830,-0.004623080702211041,-0.003935619011847348,-0.001165743647960025
external_lung,831,0.003409723062928499,0.005178327606941137,0.008178676031227211
external_lung,832,0.005231527868170632,0.004452449732222151,0.005461927184253396
external_lung,833,-0.003232577248000736,-0.005316080466376781,-0.004326599293738936
external_lung,834,-0.004414970795535757,-0.006876293243219968,-0.006236518785100962
external_lung,835,-0.002908314795238833,0.001430129483770535,0.0007073303325209148
external_lung,836,0.0024734291895572766,0.005208881094134819,-0.005470701340985141
external_lung,837,-0.010647256248243003,-0.011027509608768832,-0.01202094822185524
external_lung,838,0.0072913895588310835,0.004442371578795836,0.004266367541527085
external_lung,839,-0.0032425991246782526,-0.003537012319181456,0.004042530561682883
external_lung,840,0.002578057340677148,0.0012624167558888677,0.0029700845893602204
external_lung,841,-0.004671810831104989,-0.008065427885332257,-0.005138833909898027
external_lung,842,-0.004399862145919281,-0.0024647406993331218,0.00018829615955761204
external_lung,843,0.008994502027597764,0.009886282739065177,0.013857936180694318
external_lung,844,0.0016740513552889469,0.004321386597920205,0.0038304301987850675
external_lung,845,-0.007969244835392028,-0.0062704507271690016,-0.010013204427852074
external_lung,846,0.0020369760349078316,-0.00045417590154697707,0.0030067010703584323
external_lung,847,0.0021944020544073053,0.003639576972043636,-0.002848774477806321
external_lung,848,0.004533339174084466,0.005320180711663948,0.011750580445511444
external_lung,849,0.0034587913170601816,0.0015224815137881338,0.005723793519604753
external_lung,850,0.00686750397575391,0.005226348834971093,0.01228497651179793
external_lung,851,-0.005009171526391992,-0.0036345953149963346,-0.011803008983026008
external_lung,852,0.003421347628025919,0.009984163349371106,0.011572985467168794
external_lung,853,0.001381131839837929,-0.0012147910400976867,-0.0006055797484564216
external_lung,854,0.010836985353436421,0.011942445295502988,0.017317651667025376
external_lung,855,-0.00410620215656148,-0.002265548927361036,-0.005744307337246799
external_lung,856,-0.0007497112848218653,0.0017839415455339716,-0.004920270698955296
external_lung,857,-0.0035787736475253926,-0.004896867506522731,-0.008544282897083042
external_lung,858,-0.005804149961999748,-0.0009203953972645642,-0.011246514531078843
external_lung,859,0.002213532208899092,-0.001756764729950113,0.003243153394573456
external_lung,860,0.004258169151328511,0.005455302341118305,0.0025729645836929105
external_lung,861,-0.003730026445560484,-0.006654242755923754,-0.00487113919374918
external_lung,862,-8.586168086080481e-05,-0.0013812046243354321,-0.003985777044664971
external_lung,863,-0.00016775949435527773,-0.0022963292028998954,-0.004912049753549873
external_lung,864,-0.0028448548622917735,-0.006739383385829495,0.004414084749795165
external_lung,865,0.006635191308958871,0.007405954549080301,0.008219544724848602
external_lung,866,0.0007007409323135649,-0.0012454321017402274,-0.0030047163263669427
external_lung,867,0.004988923004208158,0.008320085978806669,0.004967135065526124
external_lung,868,-0.004524342297650909,-0.005546755567473869,-0.00021145115529389025
external_lung,869,-0.0017073187797641092,0.0017641477290935477,-0.011126080193297572
external_lung,870,-0.0020973955912963562,-0.0024258911742060796,-0.005732127720696839
external_lung,871,0.0026238286353564197,0.0015674378873888803,-0.006104069500560425
external_lung,872,-0.004855970065318359,-0.0050595873202080865,-0.0002492158405851541
external_lung,873,-0.010116515450333827,-0.00800844458154007,-0.009846787191010314
external_lung,874,0.0032158336216598638,0.00808652872822645,0.0003542200023655593
external_lung,875,-0.0016540453108868554,0.0008556438271085747,-0.0038215515620030243
external_lung,876,-0.0034122746994541633,-0.0029046762582102164,-0.002081637575505474
external_lung,877,-0.006048342123706668,-0.005229992997473297,-0.012963152771485992
external_lung,878,-0.0021565719462685686,-0.0026639394121285667,-0.007509776294481954
external_lung,879,-0.0017476056346545272,-0.003044032024553102,-0.0006316283838097105
external_lung,880,0.004351370588099877,0.005661931312650961,0.0038893679534592793
external_lung,881,0.000572291151970559,-0.00023310526255423958,0.0009643184006536316
external_lung,882,0.0019337398090812825,0.000611959266655443,3.2336695235066996e-05
external_lung,883,0.007953415055549038,0.007840434409487607,0.009744714605004524
external_lung,884,0.010647256248243003,0.008170238058690465,0.007135212363373103
external_lung,885,-0.0020149950502923544,-0.002638309997795657,-0.00679617397089935
external_lung,886,0.0012630096059048728,-0.0003864843328351777,0.005487568822683411
external_lung,887,-0.006374529063632848,-0.0007785607028525654,-0.007668122157260547
external_lung,888,-0.0059202865796024835,-0.008702657247477402,-0.010313032846240513
external_lung,889,0.002639677758879679,0.004891232960966561,-0.0027622537981583923
external_lung,890,-0.009767839442079032,-0.007962162197162531,-0.011002960586825808
external_lung,891,0.00623677560077789,0.005744649818124531,0.0027368183011697946
external_lung,892,-0.001296925388581995,-0.0014988102784680526,-0.0037288448467712454
external_lung,893,-0.0015595121210722946,-0.006023024984876122,-0.007688978306437157
external_lung,894,-0.005258261082884528,-0.005724643862838839,-0.002231139217439088
external_lung,895,0.003920454401239198,0.006861107496242108,0.004538580305097711
external_lung,896,0.0011904866897300321,0.0018468336587117347,-0.002734444586897783
external_lung,897,-0.0067736629659793934,-0.003844762799443393,-0.008411768146664713
external_lung,898,0.00015031701752910945,0.0039544638097526634,-0.010116969615945631
external_lung,899,0.004713801275318942,0.007219821405290566,0.003507183598266137
external_lung,900,-0.006262322643051922,-0.0013589816485368809,-0.0064943307248917035
external_lung,901,0.00019614145509508352,-0.0002204707897609237,-0.005056698738224018
external_lung,902,-0.0009672681334382723,0.00319474470236572,-0.0031900551865262734
external_lung,903,-0.0007904824604401395,-0.003090057628386813,-0.0010038021244102118
external_lung,904,-0.009599683360299751,-0.010700384992316209,-0.012736041571209491
external_lung,905,-0.008826191916907653,-0.010464466037772947,-0.0053895506300543905
external_lung,906,0.0027886027852635407,-4.164872002451747e-05,-0.0017819146930659609
external_lung,907,-0.0004700167866274381,0.0018780897240973555,0.0024258641565150507
external_lung,908,0.0008477804354194152,0.005230623530844146,0.00840102472039701
external_lung,909,0.004723984324192364,0.0061778874777079495,0.0032165596527480213
external_lung,910,-0.003866286429544332,-0.004760779342771906,-0.003928362489108874
external_lung,911,0.006338825654164576,0.010263322794919549,0.010039169970079245
external_lung,912,0.007020705436827544,0.005417148372695089,0.007164129336335414
external_lung,913,-0.0020308441738156138,-0.003880920235147476,0.00027745924423586144
external_lung,914,0.002421255696469902,0.0038494158472864395,0.002399467757787867
external_lung,915,-0.0016229962298936196,-0.0003625413383364917,0.0014962122362531527
external_lung,916,-0.0022105858890526056,-0.0015507548471398363,-0.003794939304942337
external_lung,917,-0.007881809439222,-0.008982511071238458,-0.00225534070473546
external_lung,918,-0.00041294312360459773,-0.0024670833285260485,-0.0010175022368590267
external_lung,919,-0.008878365409995028,-0.007313825009571979,-0.008426883310207939
external_lung,920,5.6177256102046824e-05,0.0021581982984366366,-0.002055666532388247
external_lung,921,0.0008798133935879748,0.001540624272257235,-0.00454281393084785
external_lung,922,0.002404177359006989,-0.0006471530566904506,-0.0029706749316799528
external_lung,923,0.0003691131646461158,0.00011876740323347551,-0.0036374182086784577
external_lung,924,-0.004258169151328511,-0.0037324547407023567,-0.005424353816340294
external_lung,925,-0.0027325759719698437,-0.0032092608902690076,-0.003957176581863111
external_lung,926,-0.0063442204565463955,-0.0103717174552727,-0.006361999521262864
external_lung,927,-0.005791836799259477,-0.008021693378353834,-0.0012871576709873687
external_lung,928,-0.006227343365036876,-0.004052991940030661,-0.008132852004546415
external_lung,929,0.0042323990520313675,0.00473113126763829,0.005439016729084173
external_lung,930,-0.0010562691876580637,-0.0009907364379508066,-0.0021793990030062977
external_lung,931,0.0027687024907850446,0.007107146769794412,-0.0016150034463417542
external_lung,932,-0.002976071923553545,-0.005927340900187585,-0.004118417300957253
external_lung,933,0.0015002196674855268,0.004161040203587364,-0.0049984295789438915
external_lung,934,0.005765071296241088,0.008775671903546972,0.007459316193387919
external_lung,935,0.004057826082469841,0.005066105017640293,0.004288225398552605
external_lung,936,0.0005104197401324118,-0.004672753813283702,0.0030391249717383884
external_lung,937,-0.0024250537303524278,-0.0024759014033474414,-0.002389505278073828
external_lung,938,0.00020937871717568077,-0.0006641961760759096,-0.0013373748975094117
external_lung,939,-0.008244734118840885,-0.006355761144664194,-0.008701801949633575
external_lung,940,-0.0033848842062567572,-0.003233051041936358,-0.009895286616754697
external_lung,941,-0.0005104197401324118,-0.0009012889822893704,0.001367323969893743
external_lung,942,0.00846450170359537,0.007496439215375988,0.012446672299889095
external_lung,943,0.0005558371897998737,0.0016225112862804276,0.006269281340861309
external_lung,944,0.002324728028047849,0.003355711071211992,0.010651705481553631
external_lung,945,-0.0030838760864913086,-0.0022610630505703793,-0.0015147633895404207
external_lung,946,0.00587866735678208,0.003631080941835461,0.001196593153360505
external_lung,947,-0.00228513782522613,-0.003293416760396582,0.00015659198980495304
external_lung,948,-0.0068724013705395255,-0.006565639929401522,-0.008638808886959939
external_lung,949,0.004568172256609391,0.003987338825425041,0.007896368236698897
external_lung,950,0.00015031701752910945,-0.0039174158057303414,0.002718222631961096
external_lung,951,-0.006804241893555764,-0.005653696083738548,-0.006523993099378742
external_lung,952,-0.005427710600954085,-0.008966456172163562,-0.012920219035500936
external_lung,953,0.004895029387396749,0.005611311040063839,0.005440763348050724
external_lung,954,0.004936749511120784,0.0050394468086692,-0.0013543924267081786
external_lung,955,-0.003954923344400868,-0.004205269105813508,-0.0029773970465065596
external_lung,956,0.0024986080097180083,0.0011829674249297282,0.0029381234001582455
external_lung,957,-0.002325622530865462,-0.0003832629011342459,-0.002029611028268513
external_lung,958,0.0006484212437360692,0.0015411817919599724,-0.0014072915127924988
external_lung,959,0.0029919210470768045,0.0036709377439618864,0.0018480954643308176
external_lung,960,0.004856710539225141,0.002921589092638982,0.006925030908716036
external_lung,961,-0.002908314795238833,-0.0007111291645873672,-0.002660234478388877
external_lung,962,-0.001104285759866606,-0.001641366965429723,-0.0014665769116406955
external_lung,963,-0.0009159399124031761,-0.001545304686365647,-0.008193908349761109
external_lung,964,0.0029615882641160864,0.004538596662038513,0.007328703959508456
external_lung,965,-0.00313616042582629,-0.003335874427559828,-0.00520272713840165
external_lung,966,0.004584021380132651,0.0029642650832259016,0.004059935361952233
external_lung,967,0.007307238682354343,0.010628434816503654,0.012795256463890375
external_lung,968,-0.009106708448178688,-0.011638096209166643,-0.015576677846635606
external_lung,969,0.0028016299517712173,0.0032245937520666568,0.00729689261399009
external_lung,970,0.0010406855524307257,0.0030651120176490576,0.001052912133901009
external_lung,971,0.012309373676516975,0.013604716619991603,0.018226828896808756
external_lung,972,0.0005681584069659925,-0.0016385611230757082,0.0013903921599548545
external_lung,973,0.005773216979621067,0.005179384796436934,0.012158487189923062
external_lung,974,0.006129596428019145,0.0036240131536773397,0.0039308738746517136
external_lung,975,0.011180831964617952,0.014412701739107681,0.010728908565711116
external_lung,976,0.0017321299856115173,0.001241967543345777,0.00011956950998904636
external_lung,977,0.0010562691876580637,0.004748814606925102,0.0006250415561489808
external_lung,978,-0.003949752406893482,0.0012689537373009692,-0.005866696499745647
external_lung,979,0.005329866699211566,0.004406639883037365,0.0014310868933276877
external_lung,980,0.001087202170036744,0.00015831166093332094,0.0052744484776023615
external_lung,981,-0.0002468446859511623,0.0005208493294115712,-0.0026369790886916766
external_lung,982,-0.0006858872125115508,-0.0014641971095054145,-0.0014453856669518947
external_lung,983,0.006085766469060662,0.007659491992489229,0.0009685090252261885
external_lung,984,0.0032661516883447927,0.006768732918584439,0.01374094563041999
external_lung,985,-0.0035813252840510568,-0.004288073037327912,-0.006836606621229341
external_lung,986,-0.00019393071895700462,-0.001515711261382844,-0.0013797722451440082
external_lung,987,0.0060474476208890555,0.005317669066673312,0.007536461437855404
external_lung,988,0.0003416394760254367,0.000915885229429712,0.007245929588951251
external_lung,989,-0.007953415055549038,-0.005270758819941313,-0.0033516812749682743
external_lung,990,0.000712286939467871,-0.0006490356424138737,0.005216966067739979
external_lung,991,0.0018431019398858401,-0.00044165107483522714,0.005343059239493936
external_lung,992,0.0018466849396022444,0.0040798420685951575,0.0017719361044976345
external_lung,993,0.007024862357706376,0.00948838364571026,0.0110439216154125
external_lung,994,-0.011414107746829744,-0.006648183583743962,-0.02069805572704056
external_lung,995,-0.0006058482406159083,0.0005826115661652458,0.004229082444786675
external_lung,996,-0.004576177665500549,-0.0032123351367367896,-0.006848120349414908
external_lung,997,-0.002645423200867423,-0.0022711278198634666,0.0035907556457156022
external_lung,998,-0.0032370775475649427,-0.004434210737354736,-0.010604462466415637
external_lung,999,-0.0007806442672005457,-0.0010139752617933928,-0.000957291818487721
external_lung,1000,-0.000464271344639694,-0.0020948106037913805,-0.0025287067199535975
external_lung,1001,-0.0012936770999876317,-0.00013929968161299766,-0.0012844967742679236
external_lung,1002,-0.0012620464904881206,-0.0012708321771452147,-0.004699920406556396
external_lung,1003,-0.0006964378159446116,0.0019043100467140694,-0.0007478647802409052
external_lung,1004,0.00213213421490141,-0.0017623943086363114,0.005936653475418616
external_lung,1005,-0.0038655459556375484,-0.002887949568027931,-0.0072916667076373025
external_lung,1006,-0.003644925491486937,-0.004077010394933531,-0.009512394065245169
external_lung,1007,-0.006534865606654293,-0.005472436458783361,-0.0037052643126889444
external_lung,1008,-0.00090492656818326,0.003663717724386645,-0.0031414253030338604
external_lung,1009,0.0022837329875551407,-0.0015555796394988814,0.0025247813989061523
external_lung,1010,0.00013646237261334218,-0.002728422307078084,-0.0024501316596883538
external_lung,1011,-0.0037291319427428713,-0.007939025615960002,-0.006364453183869255
external_lung,1012,0.00014577850973980047,-0.000525436652758717,-0.011298169324202237
external_lung,1013,0.003011551021065382,-0.0007755810043383791,0.005274453375468511
external_lung,1014,-5.6423400717699655e-05,0.002546844408822996,0.009449313429390658
external_lung,1015,-0.0010739771527801534,-0.0020488045364911722,-0.0014961644547780057
external_lung,1016,0.004622694283106567,0.007089096591027974,0.007272641584749781
external_lung,1017,-0.005073767137549118,-0.005836997243224294,-0.0022577413186876394
external_lung,1018,-0.0038887754978729483,-0.004393091064623035,-0.007853834952933968
external_lung,1019,0.00031965849140995944,0.003290462181745807,0.0010584611784525504
external_lung,1020,0.0070414519551364185,0.006595356945961241,0.010179689246554185
external_lung,1021,-0.007332384599323792,-0.011005834212452131,-0.0053178159946284855
external_lung,1022,-0.0006115936826036524,-0.0015522371201739846,0.006564476038571715
external_lung,1023,0.005029918044700867,0.0067466910457927385,0.008249490665741922
external_lung,1024,-0.006877796172921345,-0.00800980478119794,-0.00895515687192347
external_lung,1025,0.002129582578375746,0.002725495800878784,0.0014849646681697657
external_lung,1026,-0.0018914780139774785,-0.000968251197803277,-0.004015381117513474
external_lung,1027,-0.0014160132162295929,-0.003448315669711867,-0.0005937707787409449
external_lung,1028,-0.0070739789057047975,-0.007338817488951534,-0.004548319929849396
external_lung,1029,-0.005736127345389114,-0.0017719838426665342,-0.00841188159855652
external_lung,1030,0.0009175274031121561,-0.002928936252963449,-0.0004749496400675475
external_lung,1031,0.0011404756389139976,7.134852691039308e-06,-0.001395880252073443
external_lung,1032,0.003730026445560484,0.0035105754590446605,0.00023491320982629849
external_lung,1033,-0.005310236725222989,-0.001577455481422805,-0.011033760112018186
external_lung,1034,0.005427710600954085,0.0023414921333391454,-0.0013661268556799302
external_lung,1035,0.008404082147206846,0.00953609075548344,0.01144630369253849
external_lung,1036,0.003114809068869989,0.005726311353856215,0.00017448623972091126
external_lung,1037,-0.006583017815871496,-0.006871636061429662,-0.012988983793571246
external_lung,1038,0.008926741484086667,0.007343683259705072,0.004724789387423443
external_lung,1039,0.007814048895710904,0.008995709426910109,0.00950828510835795
external_lung,1040,-0.003966496033234355,-0.00986639812801742,-0.0074031373200876185
external_lung,1041,0.004967328438697155,0.00580659558490651,0.0027331059322665274
external_lung,1042,-0.005057918014025858,-0.009392880272037451,-0.005102313072823207
external_lung,1043,-0.004477582681280688,-0.006539505077664978,-0.0047380942308144405
external_lung,1044,-0.0014836300700554843,-0.005314397984262763,-0.004330872191168224
external_lung,1045,0.0067736629659793934,0.011056636470990932,0.00557712452466035
external_lung,1046,3.4582690591043276e-05,-0.004916705814010093,-0.005226798065355078
external_lung,1047,0.005486398215893427,0.008165179563231475,0.005157114950258659
external_lung,1048,-0.001387518109762148,0.0022618303282644823,0.0028333760973832944
external_lung,1049,0.0002952207600428007,-0.0039487553015808505,0.0036252460373756568
external_lung,1050,-0.012140323091920082,-0.010065264867022649,-0.02016138236690789
external_lung,1051,-0.006254817053657556,-0.004426139836201761,-0.005721690705965908
external_lung,1052,0.0060290468608401315,0.007699203942042034,0.0038615406097239624
external_lung,1053,-0.006676186349451579,-0.004802330625808288,-0.003323409060844893
external_lung,1054,0.0002506045116085857,0.0010374460491880677,0.003206478676269562
external_lung,1055,-0.0007275064353319538,0.006008258708220832,-0.0017515751377601325
external_lung,1056,-0.0010411605380415874,-0.0011836433260042634,-0.00568551456397943
external_lung,1057,-0.002549311240574087,-0.0030125108654026713,0.006094722897096181
external_lung,1058,0.012140323091920082,0.01025411912164199,0.010863685770616499
external_lung,1059,0.006083574139704256,0.007008000739120122,0.012027277610639975
external_lung,1060,0.0034122746994541633,0.004672729591011291,0.006766660753817867
external_lung,1061,0.0031312630310406744,0.00267867928784322,-0.0024402426121999297
external_lung,1062,-0.008279601995475219,-0.007264091610901664,-0.004962104602523915
external_lung,1063,-0.004761077373620702,-0.0024379774208767306,-0.004227774645650523
external_lung,1064,0.00090492656818326,-0.0013780747386104115,0.0021400477129300357
external_lung,1065,0.002404177359006989,0.003473371402369557,0.0069763687656712505
external_lung,1066,0.001965032293343059,0.007115559958810719,0.006375450876248495
external_lung,1067,-0.006583017815871496,-0.0018819892570186474,-0.00819605107973373
external_lung,1068,0.0011391584686949359,0.0007131233917075097,-0.005371243941803004
external_lung,1069,0.0047452282500974425,0.003987068134124944,0.003216155636179543
external_lung,1070,-0.007020705436827544,-0.008785845128230635,-0.008048439148888819
external_lung,1071,0.006032493000183409,0.005563398018468936,0.004825875323130603
external_lung,1072,0.006390378187156108,0.0034072262501854598,0.009359819142421169
external_lung,1073,0.005765071296241088,0.004176429720716329,0.0037221639874857877
external_lung,1074,-0.003025188471551967,-0.004119932124046553,-0.004719424684199012
external_lung,1075,0.004258169151328511,0.0006067396739829756,0.006133200026797375
external_lung,1076,-0.002976071923553545,-0.0056368924596553825,0.0020671046086600813
external_lung,1077,-0.006972688864619002,-0.0036142277746876823,-0.002937654023600458
external_lung,1078,-0.00036519203969197683,0.002235555822966704,0.0004747227140640779
external_lung,1079,0.007157588572739154,0.00539018381196818,0.003589136092515812
external_lung,1080,0.0029241639187620925,0.0035925647340160445,0.000881256610006792
external_lung,1081,0.0022837329875551407,-0.00021420322197338026,-0.003551347124332129
external_lung,1082,0.0020286325007789394,-0.00134044447078351,0.0011887177470228847
external_lung,1083,0.0015011141703031399,0.0050398597415126185,0.006089272475780033
external_lung,1084,-0.0034587913170601816,-0.0025478616191929684,-0.0067347684216362185
external_lung,1085,0.0006953194482525645,0.0017900631007471504,-0.0025806576563234722
external_lung,1086,-0.008328940570096819,-0.006497218187273066,-0.003949769778562659
external_lung,1087,-0.0032661516883447927,0.0017440724428637215,0.002731158656228
external_lung,1088,-0.0021565719462685686,-0.002345642114203822,0.0004942902738637642
external_lung,1089,0.005141926614532878,0.001672541144994127,0.0054221754087099006
external_lung,1090,-0.0037823367990209855,-0.003064855363112231,-0.008223012506535926
external_lung,1091,0.009095792068683559,0.00931642409039308,0.009660311098905
external_lung,1092,0.004841116345516344,0.0028549623644435382,0.007888890374094173
external_lung,1093,-0.008641292208787501,-0.005575572580923421,-0.007324221875442896
external_lung,1094,-0.004230811561322388,-0.003069089213342674,-0.002385199072036613
external_lung,1095,-0.00649202711523821,-0.003794291088311798,-0.008563437891687481
external_lung,1096,-0.0026464146684098224,-0.002325150534903203,-0.005238681059872657
external_lung,1097,0.0016759101968877772,-0.00014445212474096625,2.5838306855605845e-05
external_lung,1098,0.004855970065318359,0.010345407042844803,0.00037624838210543587
external_lung,1099,-0.003986845456321821,-0.0018051006900245505,0.0063890645362013705
external_lung,1100,-0.00675206840046839,-0.006863105083724277,0.0017875293044036884
external_lung,1101,0.0017240624061049814,-0.003286161725103533,-0.004320005219725022
external_lung,1102,-0.0055341492998060475,-0.005879849906310028,-0.008334634139661576
external_lung,1103,0.0057199435107438135,0.005048728348245296,0.002074690846489822
external_lung,1104,0.000934610992942018,0.0009915084923961999,0.0003461241146977637
external_lung,1105,-0.006508724285963598,-0.007189289824819839,-0.009324750104825075
external_lung,1106,-0.0028016299517712173,-0.0030896915908349885,-0.002572334704488727
external_lung,1107,0.0020837581408097716,0.0011729462439433271,0.003970542180347157
external_lung,1108,-0.00034713218003063856,-0.006878833179993836,0.005387959913504353
external_lung,1109,-0.006044895984363391,-0.00444353776055061,0.00025689504873381997
external_lung,1110,0.0005523092834427331,-0.002655459315945287,-0.0024847678300030556
external_lung,1111,-0.002421255696469902,-0.0029872669744286464,0.004632005904259931
external_lung,1112,0.0030678030980936153,0.004560013115845039,0.0008394635617594293
external_lung,1113,-0.0037216829114315917,-0.005812987664194201,-0.00045566105485590324
external_lung,1114,-0.004126948674870355,-0.004337278558235023,-0.007195418470845936
external_lung,1115,-0.0022737111108776242,-0.001852496966576291,-0.004536613465280753
external_lung,1116,0.0006523648582219266,0.002198690708583519,-0.005278665837173725
external_lung,1117,-0.009512228620449453,-0.012487277259394922,-0.01005605188327314
external_lung,1118,0.0016582022317656875,0.003228445734196478,0.010607319358045588
external_lung,1119,0.006298647012616038,0.0035682650977411725,0.011760474719877873
external_lung,1120,0.0036019709014562993,0.00861427607198372,-0.0018548305778284722
external_lung,1121,0.002489278313080536,0.0008579003437226933,0.008214809049403776
external_lung,1122,0.0024599338518107674,-0.00036208317803175993,0.002984019869991185
external_lung,1123,-0.0039143225401469806,-0.0008546527387420697,-0.004242346368072886
external_lung,1124,0.004434600769524334,0.0029305917830147925,0.0024655614974973907
external_lung,1125,-0.0031451225081504386,-0.003300420018063919,-0.0036800340018776356
external_lung,1126,-1.4558033281643809e-05,-0.0024701773789581145,0.005003815461000825
external_lung,1127,0.001575361244595554,-0.0031764291715879562,-0.006021330819053622
external_lung,1128,0.0019986571867362246,0.005786557451094604,-0.0014148559523012028
external_lung,1129,-0.00397914201617854,-0.003893459485449918,-0.002944279327323597
external_lung,1130,0.0017669008975210638,-0.0004405868714752552,-0.0006923813578624722
external_lung,1131,0.003363898625362525,0.001383327995432883,0.008826958961839373
external_lung,1132,0.003963292892655281,0.0035592837719482053,0.0037380065193383565
external_lung,1133,-0.0018922184878842618,0.00018031979013115795,0.0003989737889345071
external_lung,1134,0.0006953194482525645,-0.001002286303284574,-0.0014577001093932507
external_lung,1135,0.007953415055549038,0.006333658758642289,0.009376149223338246
external_lung,1136,-0.003421347628025919,-0.008139390953698561,-0.001616999166488359
external_lung,1137,0.0007413417365674524,0.00211591794796311,0.0015765363062381723
external_lung,1138,0.0034016278325976292,0.0033994485788940987,0.006373166963997969
external_lung,1139,-0.006915239861955608,-0.008959957234745639,-0.006707592557146674
external_lung,1140,0.002404177359006989,0.0018760800780121822,0.003957314472645459
external_lung,1141,0.005395677642785525,0.011015747178667518,0.002164977614124421
external_lung,1142,-0.00034295664624449845,-0.001512268930808904,-0.00619413221735914
external_lung,1143,0.0030355000123996703,0.0016658386325606918,0.00835622862065293
external_lung,1144,0.0006035882737124946,0.004444002103328931,-0.00117763204000923
external_lung,1145,-0.00024706855082559653,-0.0013841290671722333,-0.0029768709767498216
external_lung,1146,0.0047501256448830576,0.006130404958286456,-0.0002971564129938915
external_lung,1147,-0.0002952207600428007,-0.000926317899008942,0.0030171235165228627
external_lung,1148,-0.0008721099534446941,0.0028985852873194273,0.002760345947535816
external_lung,1149,-0.0022408944961390584,-0.0036044159183404776,-0.005028581610940544
external_lung,1150,-0.005878397036292162,-0.0038732883756309915,-0.005360635287327932
external_lung,1151,-0.001827054965613667,-0.004187509722973262,-0.007258102976761559
external_lung,1152,-0.009583834236776492,-0.009984750739764172,-0.007639810877573197
external_lung,1153,-0.00313063884871298,-0.005107926604148763,-0.004909843128406875
external_lung,1154,-0.0012298790418028376,-0.0037354623161446427,-0.004286913384435792
external_lung,1155,-0.007835292821615982,-0.00924131513771843,-0.011320257440134754
external_lung,1156,0.00565544880049032,0.005600632340355044,0.0026144866928675403
external_lung,1157,-0.005157973588805052,-0.003854747923324529,-0.006781086088401047
external_lung,1158,0.007985093958915288,0.00660285335705756,0.007147186554687277
external_lung,1159,0.003992367033435131,0.005122643276708055,-0.0005295116228646226
external_lung,1160,-0.0030596574147136366,-0.0016980799553177608,-0.0010450888100183298
external_lung,1161,0.00581347965863722,0.006387513814239623,0.004812361940656827
external_lung,1162,-0.004111099551347096,0.00036690813239451114,-0.006593262378419201
external_lung,1163,0.0003867866052029804,-0.001023322196971016,0.0028306727727390826
external_lung,1164,-0.0007107628089910815,0.0004615754206197623,-0.004196438567302091
external_lung,1165,0.0032358430812583403,0.004688013869770256,0.003088931626880148
external_lung,1166,0.002172421069791828,-0.0027030990194978253,0.00548705025927725
external_lung,1167,-0.0005071098360557765,-0.00234776306525622,-0.004209730380390418
external_lung,1168,-0.004895029387396749,-0.0055392623548760345,-0.003192625291733503
external_lung,1169,0.0012662034113669525,-0.0031477544054397677,0.002375766436111102
external_lung,1170,-0.0009819979374913839,0.0012598874273807845,0.005922292175434431
external_lung,1171,-0.0012333251811461148,0.0007642602156033202,-0.003317541405368653
external_lung,1172,0.0069427135505762865,0.006740828660690229,0.010836649292586254
external_lung,1173,-0.00718041760455676,-0.009485656465432655,-0.011133908352877985
external_lung,1174,-0.0027687024907850446,-0.004879293306460817,0.0009492826522770155
external_lung,1175,0.0035575297216203137,0.0019990391476564324,0.002028457107702414
external_lung,1176,-0.0034007333297800166,-0.004703747397458667,0.0003971069375630536
external_lung,1177,-0.0031804037549133615,-0.004714030632391628,0.00010609388451618407
external_lung,1178,-0.0016524567897779434,-0.003771492598932326,-0.002098784101173229
external_lung,1179,0.0033938739394052397,0.0055756187057025095,0.0007339713897616764
external_lung,1180,-0.008810342793384393,-0.009138503078398464,-0.009646769992270127
external_lung,1181,0.0023473331949910212,-0.00030173441264390744,-0.002104481688556268
external_lung,1182,-0.002155677443450956,-0.006050205966988678,0.002211438251941413
external_lung,1183,0.00452890156719879,0.008326998532963176,0.0018760278857199533
external_lung,1184,-0.0020179462603372167,-0.0075959538098812895,-0.007807749296309553
external_lung,1185,-0.002285335675975044,0.0010082298097233433,-0.0001734918874847502
external_lung,1186,-0.00036298130355389796,-0.0019180070249082324,-0.006889359297364256
external_lung,1187,-0.0006035882737124946,-0.0029954470100585218,0.00552396721382208
external_lung,1188,-0.00036298130355389796,0.00349156627296481,0.0007410292379440666
external_lung,1189,0.002976071923553545,0.003162622144606784,0.00900961901453004
external_lung,1190,0.0007920709815490515,-0.002397481929088628,0.0038863874146607504
external_lung,1191,0.006856552247016266,0.00614512063756668,0.008176637346991433
external_lung,1192,0.003930001292305853,0.007164732709131029,0.004294949274637795
external_lung,1193,-0.003442942193536922,-0.004612254478101327,0.001706946999894867
external_lung,1194,0.004359459192414307,0.003275331421550851,0.0050199288061441305
external_lung,1195,-0.0017650574465976898,-0.004070296307473584,-0.003376083360931879
external_lung,1196,-0.0005672639041483796,-0.003923781031274156,-0.007446752724013119
external_lung,1197,-0.0023112791459168245,-0.003096176720690763,-0.006890405806382274
external_lung,1198,-0.0020837581408097716,-0.001727860832899784,0.0015222941406182098
external_lung,1199,-0.008609259250618942,-0.010791004016916211,-0.009401765591198607
external_lung,1200,-0.0021499320014632117,-0.005716563098637745,-0.003053377387736672
external_lung,1201,-0.0008539423933871989,-0.004702671118830687,-0.002236243549135384
external_lung,1202,-0.0034764992821822716,-0.006347184731316282,-0.0003428539058298228
external_lung,1203,0.002771635294048234,0.0008095824880771374,0.00047899684273612153
external_lung,1204,-0.001104285759866606,-0.0026480916633461844,0.0010487337977792093
external_lung,1205,-0.007930925987220422,-0.014683705897593002,-0.008591395600950244
external_lung,1206,0.00126018764888929,-0.0009658179440655741,0.0026701163689052303
external_lung,1207,0.0032503025648215333,0.0021447759500820103,-0.000755189902280508
external_lung,1208,0.0014852650467798805,-0.0017187838224844616,0.0024173902810258425
external_lung,1209,-0.009561345168447874,-0.011960548834398982,-0.02040689944822463
external_lung,1210,0.0007913305076422683,-0.0024919516295431043,0.007467417544569875
external_lung,1211,-0.0011550075922181953,-0.0036405955551119156,-0.0005226001470625962
external_lung,1212,-0.0044470037537043166,-0.005759296843259071,-0.009659109002909125
external_lung,1213,0.0055341492998060475,0.0013577071780483483,0.009546055993008756
external_lung,1214,-0.0030596574147136366,-0.002415063374198843,-0.0018596311271295483
external_lung,1215,-5.6423400717699655e-05,-0.001213320765974348,0.0032559208758479634
external_lung,1216,-0.004882111386009053,-0.003625034192937998,-0.007585541573555926
external_lung,1217,-0.005863442415586516,-0.009464471108636898,-0.0023720942981143673
external_lung,1218,0.0027051022833491645,0.0034919438209286466,0.004174190360248363
external_lung,1219,-0.008994502027597764,-0.007492758110456106,-0.012278342836469457
external_lung,1220,-0.008099236097910531,-0.011121203500153377,-0.00119695333451276
external_lung,1221,-0.003664214565087929,-0.006860532371217244,-0.007755445126567423
external_lung,1222,-0.011196681088141211,-0.010615847656956862,-0.0056549115418095906
external_lung,1223,-0.0031145435805740676,-0.002920460225074574,-0.006906976255829468
external_lung,1224,-0.0023202277284836426,-0.004526947258525343,5.793996491001985e-05
external_lung,1225,0.009528077743972713,0.011888532501332308,0.01536506855369027
external_lung,1226,-0.0008071796311655277,-0.003119314643548874,-0.00913625526080659
external_lung,1227,0.004533339174084466,0.0024498359557084217,0.00319409286799983
external_lung,1228,-0.0011746375662067727,0.0008470490056443718,-0.012890365008398363
external_lung,1229,0.00032221012793562376,-0.0004761858125700199,0.0068662604380133885
external_lung,1230,0.003967236507141138,-0.0007928688048694232,-0.00033661430570465067
external_lung,1231,-0.0006055827523199867,-0.003560481610244091,-0.006040736289131201
external_lung,1232,0.010472460221658366,0.00895933218393096,0.011640652236198193
external_lung,1233,0.0033938739394052397,0.0016529000438435248,-0.0009711435798518504
external_lung,1234,0.00555089292614692,0.005355772931752499,0.009365932721517636
external_lung,1235,-0.0011188810734029941,-7.072480088098532e-05,0.0007138060921945595
external_lung,1236,0.0002664536351318451,-0.0009230896180732564,0.01034988825200773
external_lung,1237,0.0016952952811940258,0.0032783535055756208,0.0016056231464817439
external_lung,1238,-0.00600572749716502,-0.005965844764530631,-0.005084609794624152
external_lung,1239,0.0029241639187620925,0.0055515329034044976,0.0025618727669880033
external_lung,1240,0.0030680269629680492,0.008223379611158774,0.00310190148691189
external_lung,1241,0.008075683534243991,0.008793164970152745,0.001965207698822107
external_lung,1242,-0.005047001634530729,-0.002702983661810774,-0.0009411450125344041
external_lung,1243,-0.0019882618355784587,-0.0006460001288064547,-0.007550727149307833
external_lung,1244,0.001928345006699463,-0.001255624552795052,0.011028440970311425
external_lung,1245,0.0035451267374403315,0.004706849085420045,-0.0014032713708846119
external_lung,1246,0.0008287964764177499,-0.0009829305949579184,-0.0004685366122835858
external_lung,1247,0.0031938526370443865,0.004834646704791695,0.006827788743367175
external_lung,1248,0.00623677560077789,0.0067372401813884835,0.010909633094409704
external_lung,1249,0.004896570869572246,0.004684277645819959,0.013652096569756845
external_lung,1250,0.002807761812863435,0.004112527588469482,0.0021524469875254157
external_lung,1251,-0.0031087981385863237,-0.004632122877719738,-0.0021304324318797605
external_lung,1252,0.004194685042507186,0.004118469738495842,-0.00010328280024216041
external_lung,1253,0.0007171843342534864,0.001582059356512335,0.0016869093697040871
external_lung,1254,0.0025376543871721744,0.0018536245027228524,-0.00213537948673817
external_lung,1255,-0.0032700050085511154,-0.0044272634468432714,-0.010236469244990748
external_lung,1256,-0.0006700380889882914,-0.0025683302856289447,0.0005314684039380754
external_lung,1257,-0.006129596428019145,-0.008836453558096712,0.0004002691206615354
external_lung,1258,0.006044895984363391,0.0035355929798979078,0.006219567675242538
external_lung,1259,-0.0017921629131050683,-0.0011875477676759985,0.0018425692162954146
external_lung,1260,-0.008058241057417823,-0.006454683993285368,-0.012646399362894717
external_lung,1261,-0.002570551751282781,-0.001969219480347571,0.0038354142264169686
external_lung,1262,0.0030838760864913086,0.0051237684765582745,-0.0010643242453763266
external_lung,1263,0.002993509568185717,0.005920677369718047,-0.001870839503399955
external_lung,1264,0.003172258071533383,0.00030409256928138695,0.0018521729715582171
external_lung,1265,0.0012059346879487083,0.0023189845665999667,-0.004661533885809524
external_lung,1266,0.0004700167866274381,-0.0007040538079870762,0.004878304032271416
external_lung,1267,-0.008324043175311205,-0.007615663464971529,-0.0013257446658273093
external_lung,1268,-0.0012443385253660306,-0.00020100723556708733,0.005074652035758825
external_lung,1269,0.004600205214777951,0.003943996235554017,0.006296726340344755
external_lung,1270,-0.0015227087358141433,-0.00719444551190591,0.002482783731287898
external_lung,1271,-0.0008697915169104583,-0.008106468129773697,-0.001416758106779446
external_lung,1272,-0.0014226531610349498,-0.00631364590891519,-0.0033003968710611045
external_lung,1273,-0.00023025508852111964,0.004585320997487273,-0.005000913474274606
external_lung,1274,0.004414970795535757,0.0018120382838907136,0.004349879969340655
external_lung,1275,-0.0024427616954745177,-0.00247322832971944,-0.0027900601661592825
external_lung,1276,-0.006926864427053027,-0.006291134560241968,-0.012640308578114462
external_lung,1277,0.0014511031194871054,-0.0003254033668529479,0.0056276421554147344
external_lung,1278,-0.005231527868170632,-0.00662287019559744,0.0011801459616838927
external_lung,1279,-0.0010372394130874485,0.0030416699483345007,-0.008035537922571345
external_lung,1280,0.0018625340631255038,0.002113099771023317,7.079321455027055e-05
external_lung,1281,0.0009978470610146433,0.0006452503030032106,0.006638678609182963
external_lung,1282,0.0015704598197267643,-0.0019393595936579393,0.0013537721854066007
external_lung,1283,0.0014033672332854075,0.0032072927702745113,0.0018255545352832598
external_lung,1284,0.010821136229913162,0.009770460010509139,0.007335460471602152
external_lung,1285,0.0015908092428142302,0.0005066814719507742,-0.0009258094035299407
external_lung,1286,-0.0032244315646207575,-0.005529670425496652,-0.003660803628015695
external_lung,1287,-0.0033848842062567572,-0.0018385583558951648,0.004477943266871906
external_lung,1288,0.001309526223510891,7.447903675715994e-05,0.00031910542066253744
external_lung,1289,0.0015638198749214072,0.0002571101365098176,0.0018077946661080406
external_lung,1290,0.000989133019439194,0.0034747209823329144,-0.001452596795591889
external_lung,1291,0.005751976468912373,0.005837658999640995,0.0117945638894001
external_lung,1292,0.005622786214662584,0.0055624046422773354,0.011459038486169554
external_lung,1293,-0.0017805383480076487,-0.00028580838337421044,0.00020919669141704822
external_lung,1294,-0.00815499259071431,-0.004710147203840378,-0.004340911972985353
external_lung,1295,0.001965032293343059,0.004940849171243146,0.0006034269049926264
external_lung,1296,-0.0009455273724371475,0.00036503335211393606,-0.0032282105757489112
external_lung,1297,0.0018601855297157022,0.005509533967742333,-0.002424976865260377
external_lung,1298,0.0006549164947475908,0.0011830137757423975,0.0025437119956314793
external_lung,1299,-0.0041323434772521745,-0.005542240681624298,0.0021067035727967325
external_lung,1300,0.006900993426852252,0.009922960829095098,0.007843639195951723
external_lung,1301,-0.00040165945889476345,0.0030530409339317444,0.001641247849860537
external_lung,1302,0.0012604579693792084,-0.0007879791335345019,-0.005458931955061465
external_lung,1303,0.008122465640145932,0.009283627331594277,0.00047373686508643976
external_lung,1304,0.002893923116423456,0.004206471083492341,0.007083267600124352
external_lung,1305,0.003025188471551967,0.004683548635929041,0.004902932181578122
external_lung,1306,0.008671871136363871,0.00804659284847295,0.004482526652662975
external_lung,1307,-0.005258261082884528,-0.006624047574453831,-0.005485027661543731
external_lung,1308,8.229440091847562e-05,0.00184235423208437,0.001833778617731217
external_lung,1309,0.005878397036292162,0.004721138598000005,-0.0021862653862758192
external_lung,1310,-0.004665919193627123,-0.0062158650547442604,-0.002512899635981308
external_lung,1311,0.001244608845855949,-0.001286778915132005,0.003908131622603034
external_lung,1312,-0.004945711593444933,-0.004700215875249797,0.004067408953592135
external_lung,1313,-0.002206026619504725,-0.002993307064647316,-0.002332370866899904
external_lung,1314,-0.0004878145731892399,0.001388743481679694,0.0048765171826441935
external_lung,1315,-0.002304378604960383,-0.0032371201002033,-0.004564354579527891
external_lung,1316,-0.004432049132998671,-0.0060148957595783925,-0.0024438486548622558
external_lung,1317,0.0037591072567855857,0.00045587193387248504,0.0008632263136430967
external_lung,1318,0.002033795383860476,0.004536333492834324,0.006720493119669629
external_lung,1319,0.003743663896047069,-7.491423406348141e-05,0.002849258839284839
external_lung,1320,-0.002425794204259211,-0.003084661120122928,-0.009330084317185025
external_lung,1321,0.002142426412068845,0.0018642597454308167,0.0069822011613453385
external_lung,1322,0.002627395915298749,-0.00033121799094037053,0.0114678896825302
external_lung,1323,-0.002396109779500453,-0.00034305360875318703,-0.005446015145339739
external_lung,1324,0.005025020649915252,0.0013277913744754823,-0.0012127669624247923
external_lung,1325,-0.00686750397575391,-0.005834788567586097,-0.002251709421509475
external_lung,1326,0.0037216829114315917,0.0027458188888256447,0.0011908795036903361
external_lung,1327,-0.0037265803062172067,-0.005915320943390062,0.0035479002848756804
external_lung,1328,-0.006757813842456134,-0.00661161132436978,-0.0021420192882116995
external_lung,1329,-0.003045197931150443,-0.0012045447019499997,-0.003030345246269596
external_lung,1330,-0.0002896831773672448,0.00033559511052367685,-0.001002334393665899
external_lung,1331,0.0035416805980970543,0.0028371518738968724,0.0003105392703162033
external_lung,1332,-0.00675206840046839,-0.005810988107268239,-0.0033141944844001145
external_lung,1333,-0.0023328737114278277,-0.0013729145212336238,-0.0071571074816983715
external_lung,1334,0.008857618891686153,0.008123376427782852,0.003949348961794413
external_lung,1335,0.004841116345516344,0.008207167372032356,0.007727687409869835
external_lung,1336,0.0012771551401045966,0.0009796706689094066,0.0019345784980838443
external_lung,1337,0.0002309955624279029,-0.0022964234114197886,-0.005420356520593925
external_lung,1338,-0.00016162763326305987,0.0006520032567072694,-0.006365794154517129
external_lung,1339,0.010494054787169369,0.009132732205287625,0.011151478145148616
external_lung,1340,0.0058293287821604796,0.00607967454357312,0.010086863612868804
external_lung,1341,0.003194848040765632,0.003167664281014569,0.007773974701231081
external_lung,1342,-0.009343918509759344,-0.009346352640977006,-0.01122074730129638
external_lung,1343,-0.005908975963868533,-0.008396041414251793,-0.00037676777474866373
external_lung,1344,-0.0027600107289508144,-0.007961950757114117,0.001596408051309515
external_lung,1345,0.0006535993245285291,0.0003078987180245481,-0.0035465991152191603
external_lung,1346,-0.007931820490038035,-0.004298606701442841,-0.008203028954703828
external_lung,1347,-0.0010755582612590557,-0.00609753532093448,-0.00574357169101696
external_lung,1348,-0.0004716307385439396,-0.0047787054186571865,-0.0005507823384027128
external_lung,1349,0.0016524567897779434,0.0021692403540274074,0.008058422767477693
external_lung,1350,0.004920900387597525,0.0037237671978077314,0.006035609516233692
external_lung,1351,0.007307238682354343,0.00929364754094128,0.008116944550961652
external_lung,1352,0.0008462389532439182,0.0001175616015905897,-0.0026387256652748528
external_lung,1353,0.0007984878693312972,-0.00011532284845343821,-0.004762223787482542
external_lung,1354,0.000762936302078456,0.0013054628690269687,0.0027159999907929813
external_lung,1355,-0.003396425575930904,-0.003137544972206039,-0.0007592750375611705
external_lung,1356,-0.0030971011037478993,0.0021527197618285425,-0.007698834884328662
external_lung,1357,0.0010152895378408115,0.0006244202956838529,0.004894509134247225
external_lung,1358,-0.0030509433731381874,-0.005280413818702598,-0.0023272403659817995
external_lung,1359,0.0017395104043236576,0.0037237010450088446,-0.0018860050152870642
external_lung,1360,0.00452890156719879,0.0058336673428048364,-0.0014976136182787607
external_lung,1361,0.0036423738549612727,0.002407326668207542,-5.9074529753668555e-05
external_lung,1362,-0.004623080702211041,-0.002444955946669316,-0.003053968005260153
external_lung,1363,0.004434600769524334,0.006075394837271643,0.012596759143520719
external_lung,1364,0.005635099377402854,0.0035903820046128223,0.006523621464068642
external_lung,1365,-0.003936303524762458,-0.006072111416452133,-0.0002752881520885395
external_lung,1366,0.002172421069791828,-0.0038730463976032656,0.005973894074558459
external_lung,1367,0.005751976468912373,0.00351491608676327,0.008420519689811898
external_lung,1368,0.001045582947216341,-0.0022098116120706874,0.003197113615020092
external_lung,1369,0.006747791965778617,0.00732182612138102,0.01304797423311881
external_lung,1370,-0.0014523375857937078,-0.0008118243484381004,-0.007284484331637355
external_lung,1371,-0.0005261527650411157,0.0009887269806136874,-0.005020311358459715
external_lung,1372,0.0006390673712243314,0.006235035732004615,-0.00490060399897201
external_lung,1373,0.0037265803062172067,-0.0001555999706857143,0.002473420224630531
external_lung,1374,0.010285566034930721,0.007199347567315781,0.010108918483643545
external_lung,1375,-0.0012771551401045966,0.0007403684398643307,0.0010260038460610243
external_lung,1376,-0.0009819979374913839,0.0003323761913822756,0.0005882188282597769
external_lung,1377,0.003369436208038081,0.0060590883145213905,0.008122413593024375
external_lung,1378,0.0037107311826939473,0.005910436760227428,-0.0013485175845298534
external_lung,1379,-0.004882111386009053,-0.0025504416599238986,-0.0036827030692179645
external_lung,1380,0.00961351866153525,0.013584565049507235,0.016785482857047295
external_lung,1381,0.006693623994083751,0.0041758509356452185,0.006290899830268639
external_lung,1382,-0.0012469626316326994,0.00010591495677043472,-0.004279195681204578
external_lung,1383,0.006487129720452595,0.0062582626355473054,0.0018004319846434413
external_lung,1384,0.004499177246791691,0.006984279356787332,-0.0058767327457315
external_lung,1385,-0.004856710539225141,-0.005738039671772416,-0.0012362213475914834
external_lung,1386,-0.0005036636967124993,0.003391119704339353,-0.0021802275930921378
external_lung,1387,0.0023728802372650535,0.002628295988380371,0.0006658385768447408
external_lung,1388,-0.0037694187976332894,-0.003731617104317806,-0.004884136610769242
external_lung,1389,0.0026448335599309203,0.00573105202754586,0.008700028593380971
external_lung,1390,-0.006804241893555764,-0.00655269634890146,0.00048088779280537185
external_lung,1391,-0.006900993426852252,-0.008240735186742242,-0.0025846147296249107
external_lung,1392,-0.0033044705365163998,-0.004157978763838286,0.0024054773751749268
external_lung,1393,0.002788332464773622,0.0038507616126445543,0.007264810057425028
external_lung,1394,-0.008632811814285482,-0.005705644012753152,0.0008729250158228761
external_lung,1395,-0.0012771551401045966,-0.0003478784974712268,-0.0033328678966331646
external_lung,1396,0.004910878510920008,0.004622260265361842,0.010938445980102306
external_lung,1397,-0.003508802367876216,-0.004594031341302087,-0.006918947536563552
external_lung,1398,0.0017430463651066468,0.0008655682186988664,0.00805195769049774
external_lung,1399,-0.004432049132998671,-0.004887658821242563,0.00025002507042290456
external_lung,1400,-0.0006484212437360692,-0.0043239518961833145,-0.0014204475825579654
external_lung,1401,0.003912328061539488,-0.002412971964756677,0.004498495034234486
external_lung,1402,-0.0022900352200117455,-0.0006043769403018633,0.004886034501163622
external_lung,1403,-0.006374529063632848,-0.008139413877521809,-0.00934397001889791
external_lung,1404,7.001255733754541e-05,-0.0012216173897553566,0.006294874845989368
external_lung,1405,-0.005010166930113237,-0.002436717182787364,-0.0074823745091849945
external_lung,1406,-0.0008129473528944905,-0.0019500078692411271,-0.002258288640799013
external_lung,1407,0.004782428730577003,0.010157318180947904,0.010127738647347442
external_lung,1408,-0.0011391584686949359,-0.0007168431218311879,-0.0036599733806764274
external_lung,1409,-0.005153076194019436,-0.0028020886633771205,-0.00783213994977247
external_lung,1410,0.0037141773220372245,0.0016633199916096333,-0.000988592648782103
external_lung,1411,0.0018272528163625807,0.0025904829220377568,4.45522972985779e-05
external_lung,1412,0.001972786186535449,-0.0013583767880630628,0.0019812553724629185
external_lung,1413,0.002937753075381938,0.00784109406989698,0.010417733625547237
external_lung,1414,0.0010755582612590557,0.0005679598200151089,0.00651071179807027
external_lung,1415,-0.008878365409995028,-0.01033637442716424,-0.008343453916267831
external_lung,1416,0.005470549092370168,0.006582058860895903,0.0015601131937124924
external_lung,1417,0.003475874906890044,0.002356775201779617,-0.004603069056975023
external_lung,1418,-0.005205386547479938,-0.0057000322770153124,-0.0040822567321317045
external_lung,1419,0.001340755347540477,0.0033916126779680684,0.00024198630922309117
external_lung,1420,-0.0014056856698196434,0.0015587470874946958,-0.005496916231299137
external_lung,1421,-0.0013320635857062464,0.0006761376926743186,0.008627206693115239
external_lung,1422,0.005998379366757373,0.007526168015578344,0.0066276011891159186
external_lung,1423,0.003552632326834698,0.0014691291084586535,0.0015587594895371446
external_lung,1424,0.003460650158659012,0.0046175475239156605,0.006387747404052763
external_lung,1425,0.004063348467434474,0.003078849194575452,0.004051121885964191
external_lung,1426,0.0029548314128448514,0.0048083894951744905,2.7734167451100907e-05
external_lung,1427,-0.002140234082712439,-0.0024709143146085244,0.002057952895688747
external_lung,1428,0.0040426019491256,0.004282551775392283,0.0028603450491036433
external_lung,1429,0.005977135440852294,0.004802809968723648,0.005363889201806166
external_lung,1430,-0.004126948674870355,-0.004885108790842854,-0.006501628813393695
external_lung,1431,-0.0021731615436986116,-0.004165921957724981,-0.008186012867277354
external_lung,1432,0.0013956637931421267,0.0031518726381685276,0.0022734786081699265
external_lung,1433,5.026144274991595e-05,-0.0011383019736986948,-0.0006885412442926749
external_lung,1434,-0.0048621019264105765,-0.005573533535860163,-0.0022286913831144803
external_lung,1435,0.0016952952811940258,0.0023246600551564967,-0.0017196980631856798
external_lung,1436,-0.00771399332093171,-0.003734377159618543,-0.006304064600915769
external_lung,1437,-0.0029883537671344753,-8.421676654103228e-05,-0.0006279554613029441
external_lung,1438,-0.0026184338329746,-0.0006684441928716258,-0.002687630184833025
external_lung,1439,0.0024547780507595263,0.005696844526655262,-0.0028659505574937334
external_lung,1440,-0.0024583453307018555,-0.004658050908235336,-0.006366068394802239
external_lung,1441,-0.0030712301035471234,-0.004201294749018175,-0.005741873172588091
external_lung,1442,-0.0033336052159869956,-0.00833914549102278,-0.00808658260097329
external_lung,1443,0.0016865964373295,0.00298961050500815,-0.0005733795372380075
external_lung,1444,-0.004504572049173511,-0.002865529689353598,-0.00820491636508818
external_lung,1445,0.0016218778622015724,-0.003825497128986953,-0.0034412558991992193
external_lung,1446,-0.004067524001220614,-0.0013408618164694277,0.0016847676203420228
external_lung,1447,0.00623677560077789,0.004810800098947715,0.007789792838501406
external_lung,1448,0.0041955795453248,0.0052580086931957315,0.001930879274853498
external_lung,1449,0.0017909284467984659,0.0015890435569124082,0.0022393556063351936
external_lung,1450,0.006899390738432348,0.01104263709948915,0.012053288805829704
external_lung,1451,-0.007264624055812695,-0.004838367723590818,-0.0031602476391586476
external_lung,1452,-0.003683598394460854,-0.003158270117364646,-0.0019893621818138085
external_lung,1453,0.010355583130148846,0.008775805728327821,0.011172144523976569
external_lung,1454,-0.003536783203311439,-0.0032462016173656536,-0.007573050673544995
external_lung,1455,0.0022680542353962683,0.0006568327808017436,0.009572270923398138
external_lung,1456,0.004841116345516344,0.0027387600052861025,0.006432028878665258
external_lung,1457,-0.0015960068620007966,-0.001210957058669295,-0.005983818324790918
external_lung,1458,-7.779410135426897e-05,-0.0029887153750214244,-0.0013606902798499279
external_lung,1459,-0.0005273872313477183,0.0021382542374402125,-0.006183583378243457
external_lung,1460,-0.0008681888284905551,0.0016378313014810686,-0.005097592109143003
external_lung,1461,0.0029548314128448514,-0.00028821489980737636,0.0005944331070133202
external_lung,1462,-0.006365815022057399,-0.00210636630184316,-0.009100461511855534
external_lung,1463,0.0055341492998060475,0.007196222460564847,0.0015413296082440742
external_lung,1464,0.0024706271742827857,0.0022179804270660666,-0.0019262246180185667
external_lung,1465,-0.01052463371474574,-0.01463523418785409,-0.009587540428892455
external_lung,1466,0.003965601530416742,0.003275940999733375,0.006700248020214877
external_lung,1467,-0.0005752693130395373,0.0021106697970620465,0.001658214655180503
external_lung,1468,0.0008120770259511431,0.0014011909728722332,-0.0018202294485446802
external_lung,1469,0.0005899991170926489,0.0004930967684892706,0.0037263573280023887
external_lung,1470,0.003536783203311439,0.0008025310819755604,0.007254207171338798
external_lung,1471,-0.005719049007926201,-0.005681247314610718,-0.008024484222511796
external_lung,1472,-0.00144620572470149,-0.0031045658890785643,0.009997742109240546
external_lung,1473,-0.0009603810922391617,0.0010260277663477757,-0.0023239938301176377
external_lung,1474,-0.0003574885995486961,-0.00021662037558892175,-0.002065445178458127
external_lung,1475,-0.0040895049858360915,-0.00546978429923949,0.0022365174807877086
external_lung,1476,0.009751990318555772,0.011027183481009034,0.011520674063396158
external_lung,1477,-0.008159889985499926,-0.008035354936512334,-0.008679131939806434
external_lung,1478,0.0024590858046086386,0.004746908044088402,0.00771192599792774
external_lung,1479,-0.0012613060165813372,-0.0001530770706161717,-0.008817565068189492
external_lung,1480,0.0009193860517464533,0.003881619968741118,0.00862756967790996
external_lung,1481,0.0056118698351674545,0.006334752237875746,0.009505805577177423
external_lung,1482,-0.003866286429544332,-0.002653712375400343,-0.010686615892525814
external_lung,1483,0.0022692887017028707,0.0017943361484073772,0.0029447509965220184
external_lung,1484,-0.0041626520843386266,-0.005091928726971996,-0.0013022710942593345
external_lung,1485,0.0014056856698196434,0.0039388995926123715,0.0026870472870270208
external_lung,1486,-0.0004278007795854577,0.0011796072706864909,-0.005971577675445122
external_lung,1487,-0.004549188297607726,-0.003163895796640087,-0.0050548634613101495
external_lung,1488,0.00016100325797083204,-0.00012736011007320286,0.00310434085375047
external_lung,1489,-0.003194848040765632,-0.00421254307432555,0.005408753084863613
external_lung,1490,-0.0033710489050212586,-0.0029517981011075445,0.0011999098724279895
external_lung,1491,-0.0027874844175714932,-0.0044131986940001144,-0.006571188034775993
external_lung,1492,-0.004047499343911215,-0.006244684974562681,-0.006604551002296408
external_lung,1493,-0.008632811814285482,-0.006343045612000175,-0.009697313528754683
external_lung,1494,0.0004142602938236595,-0.003179772528351138,-0.0005164187659289591
external_lung,1495,0.0008549377971084441,0.004587719040908628,0.002771881889960609
external_lung,1496,-0.0018625340631255038,-0.004723900289795552,0.004798011994796153
external_lung,1497,-0.00016100325797083204,0.0012156539927437315,0.002893746171742364
external_lung,1498,0.0024583453307018555,0.005890375995624983,-0.0034626061289600345
external_lung,1499,-0.004104967690254878,-0.0034281218815223153,0.0010785694027567365
external_lung,1500,-0.0029029199928570135,-0.001213548716765406,-0.005816570323561634
external_lung,1501,0.00127789561401138,0.00421854870901429,-0.0031148506526266495
external_lung,1502,-0.00750626458099395,-0.006585918784737271,-0.006776678603741121
external_lung,1503,0.002829005738768514,0.0045183770148601215,0.006744896685885099
external_lung,1504,-0.003683598394460854,-0.002089575229718634,-0.002847171195575121
external_lung,1505,-8.155392701169235e-05,-0.00028168710897035393,-0.00029475371506681075
external_lung,1506,0.0036800636886111884,0.0025256862702365546,-0.004649011941029874
external_lung,1507,0.004233023234359062,0.0032142299752916477,0.01075940122816942
external_lung,1508,0.00051069006062233,-1.8156669495256184e-05,-0.0015262376263387722
external_lung,1509,-0.0034170711933361464,-0.0018469656806631245,-0.00803434595292286
external_lung,1510,-0.005564728227382419,-0.00639042228322087,-0.001996275747159077
external_lung,1511,-0.0017634547581777866,-0.0030598811480763615,-0.001200039796756619
external_lung,1512,-0.012658049684771772,-0.011957005033502657,-0.011451432007718967
external_lung,1513,-0.002993509568185717,-0.001367795291757096,-0.002383278095770149
external_lung,1514,0.007209762065826529,0.008841140035184372,0.004530698310073494
external_lung,1515,0.0014226531610349498,0.005742142760455954,0.0027532902849836394
external_lung,1516,0.00623677560077789,0.005592542633298604,0.003117567134631118
external_lung,1517,-0.0014033672332854075,-0.004073833684796404,-0.004445588778617051
external_lung,1518,0.0008721099534446941,0.0002556978911907962,0.0036238675844755355
external_lung,1519,0.0006317192408166842,5.768508521428184e-05,-0.0024358356366697793
external_lung,1520,0.0004278007795854577,-0.0017982048133694064,-0.005132910877228382
external_lung,1521,-0.003168082537747243,9.490195812447699e-05,-0.0028136637747685953
external_lung,1522,0.00020006258004922248,-0.004147247924597169,-0.009679352574491252
external_lung,1523,0.0022056884942669905,0.0026612981825108835,0.0038374101759989327
external_lung,1524,0.008404082147206846,0.004896782680704157,0.0022086382447381123
external_lung,1525,-0.010836985353436421,-0.007866181663100574,-0.0063256272319901765
external_lung,1526,0.0006650108411661119,0.0023657489121946818,-0.0037868040423811775
external_lung,1527,-0.008709314825398135,-0.006038848373887138,-0.013020849458751566
external_lung,1528,0.0017285627056691881,0.004215883033566579,0.0022723859684928758
external_lung,1529,-0.005547644637552557,-0.011389047961358062,-0.010657100818943322
external_lung,1530,-0.007285867981717774,-0.006876040009935479,-0.005412747804079197
external_lung,1531,0.0011008396205233288,0.000987858974461899,0.0014709320347411257
external_lung,1532,0.0038026862221084514,0.00501854775388987,0.004887667938335422
external_lung,1533,-0.004217174110835803,-0.004553904169191057,-0.0070176589506913325
external_lung,1534,0.005443559724477344,0.008326660092919111,0.002131215447911681
external_lung,1535,0.004211652533722493,0.0028506910248762563,0.009270901300946294
external_lung,1536,0.007588889923770982,0.007742106394365557,0.015458572922120061
external_lung,1537,0.00721135058693544,0.007095488920956489,0.006414252331290457
external_lung,1538,0.0012343166486885142,-0.0012993361816673228,-0.0017937201352460446
external_lung,1539,-0.005372848610967919,-0.0015304908185459392,-0.008112606284892493
external_lung,1540,-0.0018488956757403234,-0.0038261834311761056,-0.005935591091627178
external_lung,1541,0.002818713541601079,0.002372618532425902,-0.002712359089598502
external_lung,1542,0.0027090234083033036,0.002039422809807688,-0.0037896258381261145
external_lung,1543,-0.004469879241137407,-0.006448505908261506,0.005489391037684079
external_lung,1544,-0.0013595372743269256,0.0006307031928174296,0.0032421965062538376
external_lung,1545,0.005186367794368864,0.005964677691362727,0.002883208808203243
external_lung,1546,-0.0023405771515711085,-0.0023379314225515737,-0.004795103729875673
external_lung,1547,-0.0030293488076271837,-0.0016858873176135156,-0.00037940150598396883
external_lung,1548,-0.00013587273167683933,-0.0010888644158819718,-0.0062760358321737415
external_lung,1549,-0.002973232172893775,-0.00572771526287035,-0.0009729451094955543
external_lung,1550,-0.0011423344805128282,0.002752194043024893,0.001468324051509438
external_lung,1551,0.0015898449040330127,0.004217213888675418,-0.004146206367143737
external_lung,1552,-0.0026464146684098224,-0.0008032414923273648,-0.010886416705340712
external_lung,1553,-0.0029064559536400025,-0.004653130899276168,-0.007271473472897093
external_lung,1554,0.004866262262485793,0.003624205444022634,0.005430781292707233
external_lung,1555,-0.004549188297607726,-0.0018816028660142516,-0.002727640308042521
external_lung,1556,-0.007348233722847051,-0.008313415191148912,-0.00189143224356228
external_lung,1557,0.0023534951529588046,0.003331840989691202,-0.0022908588729790382
external_lung,1558,-0.00123111350810944,0.0029432475743293536,0.0042040400287017745
external_lung,1559,0.00126018764888929,0.0030108313816657184,0.008543708569493408
external_lung,1560,0.007332384599323792,0.010429218948569862,0.006150127699301835
external_lung,1561,-0.006780049235903612,-0.008383606300036067,-0.01031858923893944
external_lung,1562,0.002717621351264197,0.002987284917233999,0.0037524840401191397
external_lung,1563,-0.0031522334142239836,0.0005047794142647166,0.006514561488950197
external_lung,1564,0.00039910782236909914,0.0032052581525554478,0.0066330104405321515
external_lung,1565,-0.003945850415829112,-0.006466504494185167,-0.00786436746635626
external_lung,1566,0.007898893029051862,0.0093936229936853,0.01025580378001307
external_lung,1567,-0.0033221785016384897,-0.006958273310151206,0.004698880773349318
external_lung,1568,-0.0035845190895131365,-0.0047006615858837895,-0.005390100180265709
external_lung,1569,-0.0049124199930955055,-0.004192418610304736,-0.007283467394195285
external_lung,1570,0.007761875402623529,0.00784755793335215,0.017916566404783663
external_lung,1571,-0.006801643801414616,-0.002494314243787238,-0.008357707294888706
external_lung,1572,-0.0025419308218619465,-0.0046500016906557045,0.005684495739965073
external_lung,1573,-0.003019650888876411,-0.0026371210324269236,-0.004990395578358129
external_lung,1574,-0.002324728028047849,-0.0010224821993238171,0.001307727872932661
external_lung,1575,0.004973073880684899,0.0043898575791318966,0.002405168266252912
external_lung,1576,-0.00555089292614692,-0.004054218998707939,-0.008491215755296
external_lung,1577,-0.006191018995472762,-0.005750850171583065,-0.0015286820366944565
external_lung,1578,-0.004292682973160535,-0.004675212829610022,-0.004509370607480698
external_lung,1579,0.0016608263380323562,-0.002697915582290665,0.004545568105142497
external_lung,1580,0.0021998947584125073,0.0003076409616752467,0.002209075084132215
external_lung,1581,0.006534865606654293,0.005690773477721872,0.00033942170418555916
external_lung,1582,0.004386224695432696,0.0031643133371921095,-0.001272256364382801
external_lung,1583,0.0007275064353319538,0.005678794939933091,0.0012501122481700933
external_lung,1584,0.00358612177793304,0.005176515061385195,0.0035945909638605096
external_lung,1585,0.0016389614520314344,-0.0022855356887235374,0.0013109376241055293
external_lung,1586,0.001394769290324514,0.0007142037514682732,0.003004314999316425
external_lung,1587,-0.0005003978634548952,-0.001901595196834277,0.00024400091109924582
external_lung,1588,0.009561345168447874,0.01256589594929459,0.012571930275546195
external_lung,1589,-0.0012936770999876317,-0.0030805878701569422,0.000979745789269006
external_lung,1590,0.0010562691876580637,0.001498550792510665,-0.004474803443541517
external_lung,1591,0.0002867310304237869,-0.0019075735803101568,0.007088376187354019
external_lung,1592,-0.0060474476208890555,-0.005740686179751052,-0.0073267977767499295
external_lung,1593,-0.007712758854625107,-0.009292534204512842,-0.002861017396001762
external_lung,1594,-0.001087202170036744,-0.0029226442829841754,0.0016612845619387306
external_lung,1595,0.004967552303571589,0.00145290790746382,-0.0017206213186178234
external_lung,1596,-0.0029283208396409244,-0.0038096499721881985,-0.003311307758812767
external_lung,1597,-0.0038035807249260645,-0.001774304216490228,0.0012994919575113244
external_lung,1598,-0.006614314937613432,-0.0065090976931830025,-0.0059388526427942845
external_lung,1599,0.006988537988142261,0.008965825743578043,0.00895928267762398
external_lung,1600,-0.005765071296241088,-0.004285813990198237,-0.0054976279498373335
external_lung,1601,0.002506361902910398,0.007656889568378057,0.006887141460201575
external_lung,1602,0.001342085462383763,-0.0007509516553825166,-0.0016415402542783821
external_lung,1603,-0.0013249062240172176,-0.004438945596857545,0.002973061618732129
external_lung,1604,-0.00771399332093171,-0.005031337085323986,-0.0034930991137862672
external_lung,1605,-0.0004845487399316358,-0.0017343877498576334,0.0035219826333929374
external_lung,1606,-0.002992661520983588,-0.0031962787758733164,-0.009122127706348451
external_lung,1607,-0.0005558371897998737,0.0010718210494342906,-0.0023385377088638764
external_lung,1608,-0.00309895994534673,-0.002615562398572626,-0.0002829341264852514
external_lung,1609,0.004099051876902747,0.0065731890465377625,0.005310513617829462
external_lung,1610,-0.0012776301257154583,-0.00030280274200443946,-0.0038330078557658924
external_lung,1611,0.007419839339174089,0.006833245339135013,0.008308361425839877
external_lung,1612,0.005479287309819882,0.004719743887573208,-0.0004693842127231618
external_lung,1613,0.0021554535785765216,-0.0005025979536267175,0.010657155988023201
external_lung,1614,-0.002923898430466171,-0.001028126180707532,-0.005951196676190143
external_lung,1615,-0.004072062509009923,-0.0032847820638673324,0.003615425349755832
external_lung,1616,-0.00014577850973980047,-0.004606771426661614,0.007713383953755769
external_lung,1617,-0.005596020711644195,-0.008261662180432125,-0.006133032053512834
external_lung,1618,0.007460440143427977,0.00853325419754609,0.002397306382027185
external_lung,1619,-0.0054714435951877805,-0.0022160490359007523,-0.003773442264278698
external_lung,1620,0.00040655685368037875,-0.0015554959522907177,-0.0011832516106682622
external_lung,1621,-0.0019995516895538377,0.0006709147619571587,0.00016962848989709057
external_lung,1622,0.0010035925030023873,0.0005536465076877162,0.008419300753518589
external_lung,1623,0.004178501207861886,0.008446394921554735,0.0036357820138384713
external_lung,1624,0.0005045581995301122,-0.003353272251482455,-0.0005408565132983546
external_lung,1625,0.0022360212772277086,0.0002919292824928219,-0.0013579759080584821
external_lung,1626,-0.00013446789400585005,-0.0005147212545316785,-0.004156895122062068
external_lung,1627,0.008448652580072111,0.011903352972898618,0.007612353941601118
external_lung,1628,0.0032487610826460365,-0.002470856530858869,0.004683581835697051
external_lung,1629,-0.009991057998370792,-0.010327788056726045,-0.009372932094512279
external_lung,1630,-0.005982530243234113,-0.005451152139678737,-0.010738875598570497
external_lung,1631,0.0008965570199288472,0.0011538056665908922,0.007130459638091899
external_lung,1632,0.002850600304279518,0.0022763545508752425,-0.00576885252487357
external_lung,1633,-0.0028028644180778197,-0.00526418686576203,-0.00924803077860358
external_lung,1634,-0.0025322329031111737,-0.005362484408399232,-0.010694391277107557
external_lung,1635,-0.005704094387220554,-0.010726071446895979,-0.004592400025214947
external_lung,1636,0.0017866520121086933,0.0015218134288619567,0.007204124548152714
external_lung,1637,0.004114901000426006,0.004583995982140479,-0.0007248737488504868
external_lung,1638,0.001636607666254684,0.003661034131473016,0.006720217210509333
external_lung,1639,0.0032700050085511154,0.009801706008514313,-0.0013903246006991463
external_lung,1640,-0.002645423200867423,-0.004273081440101587,-0.0033454668042037505
external_lung,1641,0.011947683463204692,0.01238785228709439,0.016913192712762343
external_lung,1642,-0.010821136229913162,-0.01009423869561494,-0.007329907988355967
external_lung,1643,0.008419931270730105,0.003407626100202685,0.009046138326458092
external_lung,1644,0.002665709931276359,0.0034314599838335493,0.0004562904627768887
external_lung,1645,-0.001691134945118809,-0.0006275060140062128,0.0001178054314840693
external_lung,1646,0.009050258520401542,0.009691971540998812,0.009734761144731919
external_lung,1647,0.0029768123974603287,0.006160781956954844,-0.002550251359773686
external_lung,1648,0.0025144571332412677,0.005048109963597105,-0.0027383830600778334
external_lung,1649,0.00126018764888929,-0.0027831891217543203,-0.0011853072844038306
external_lung,1650,-0.004798501718974696,-0.006551665398633139,-0.0019296116553883988
external_lung,1651,-0.008588981855327,-0.008689402656951756,-0.007271911521982394
external_lung,1652,-0.00048011113304595915,-8.189696128392077e-05,0.0037218409636172642
external_lung,1653,0.004549188297607726,0.0008484405691465782,-0.0005244659986465743
external_lung,1654,-0.0035787736475253926,-0.005680794689859983,-0.008833222606601512
external_lung,1655,0.0005003978634548952,0.0045472126667383626,-0.006100988837583504
external_lung,1656,-0.004568172256609391,-0.0010075909858940266,0.0021143290064188818
external_lung,1657,-0.010287560513538213,-0.012320556752097728,-0.013751829364659232
external_lung,1658,-0.001716280862088258,-0.0024744409780607566,0.006590000824019772
external_lung,1659,-0.0009514190099150129,-0.000526722844615903,0.003059041508794352
external_lung,1660,0.006360069580069655,0.006638236246707683,0.011128720616295096
external_lung,1661,0.004307540629141395,0.003158727184327849,0.007318125736239717
external_lung,1662,-0.0022621384220441374,-0.000962193579124184,-0.011168911838452728
external_lung,1663,-0.00721135058693544,-0.004266977761808852,-0.009343674377183503
external_lung,1664,0.0031806016056622755,0.0037970136679161734,-0.006238159807871188
external_lung,1665,-0.0048295749758421975,-0.0058622903840100105,-0.006028983292633286
external_lung,1666,-0.0021243849591891795,-0.004089875797800133,-0.0025461309620672854
external_lung,1667,0.0033210601339464427,0.0007108894391563425,0.0037901830608809235
external_lung,1668,-0.0032994432886942204,-0.005577619612764826,-0.006129044582659568
external_lung,1669,-0.0015002196674855268,-0.002748326312407854,0.0053201097954959555
external_lung,1670,-0.00017608711682625308,0.0009572604031386581,8.041555874193271e-05
external_lung,1671,0.0015479707513981478,-0.0015932624142632836,0.0046564719459069315
external_lung,1672,0.005563493761075816,0.002608594903151712,0.009859185375405189
external_lung,1673,0.0042323990520313675,0.0035890047947582378,-0.0025300457220728545
external_lung,1674,-0.0054714435951877805,-0.005277548444529462,-0.006009714374765283
external_lung,1675,0.0039936014997417335,0.0008967671504956642,0.004872243848084036
external_lung,1676,-0.003945850415829112,-0.005339457812623802,-0.003509478352434175
external_lung,1677,-0.005961286317329034,-0.002074092852861873,-0.01267971706412795
external_lung,1678,-0.004777401482754823,-0.007494455314238396,-0.0030801418189774317
external_lung,1679,-0.001197846083634278,-0.0011198984146192636,-0.0042258828675688365
external_lung,1680,0.0030355000123996703,0.0010031975589173958,-0.0008774645548812929
external_lung,1681,0.004414970795535757,0.001075468435229774,0.003738960202799984
external_lung,1682,-0.001197846083634278,-0.002309355852160013,0.0003879535067487967
external_lung,1683,0.00444789825652193,0.0018193294886378612,0.012193681683890078
external_lung,1684,0.0057199435107438135,0.00350555285649809,0.0014635493505351744
external_lung,1685,-0.0008390886735851847,-0.0025125286292809468,0.0013836983795028164
external_lung,1686,-0.002452783572152034,-0.0011335229766082089,-0.01173673155236285
external_lung,1687,0.0024371048199931613,0.0046339293776091195,-0.006786235870201654
external_lung,1688,0.002645423200867423,0.0020694450824594772,-0.0038809547929429347
external_lung,1689,-0.0036290763679636775,0.0008823173332532888,-0.005316380783740721
external_lung,1690,-0.00675206840046839,-0.007035305056809096,-0.010243296642025584
external_lung,1691,0.008099236097910531,0.009080113308080718,0.01004591628767168
external_lung,1692,0.001092995905891227,-0.0004569499552259104,0.0022788374320782305
external_lung,1693,-0.006032493000183409,-0.0022617977594192873,-0.002528339434937993
external_lung,1694,-0.0030971011037478993,-0.001963760317524941,-0.004903941632209335
external_lung,1695,0.01052463371474574,0.011292327730108473,0.008758226198325328
external_lung,1696,-0.0017073187797641092,-0.0006474095787751915,0.0018975008724488593
external_lung,1697,0.00267580427769488,0.00047609870016139966,0.005996316437276744
external_lung,1698,0.0067245947118477105,0.006077480724450903,0.003883676859951159
external_lung,1699,0.005137227070496177,0.006720285294877772,0.00811077355142456
external_lung,1700,0.0008071796311655277,0.0017179915280319722,-0.0005927605930906483
external_lung,1701,0.011398258623306484,0.012285218402087803,0.008597773783450955
external_lung,1702,0.00725887861382495,0.008904497664295324,0.007626872851907468
external_lung,1703,0.0005672639041483796,0.0014518935865942086,-0.003690270926559945
external_lung,1704,-0.004776661008848039,-0.007632266666663362,-0.005571046429935731
external_lung,1705,2.315597624253744e-05,-0.0009527080463634097,-0.004481523152029571
external_lung,1706,-0.00127789561401138,-0.006997513227516286,0.002870304717856255
external_lung,1707,0.0021976830853758325,0.0007609531612181122,0.0003098467621337011
external_lung,1708,-0.004654373186472817,-0.0019902718278104097,9.293183935233772e-05
external_lung,1709,0.001225319772254957,-0.0014993984496906865,0.006642792308298978
external_lung,1710,-0.004945711593444933,-0.008764726579185303,-0.005782010231915926
external_lung,1711,-0.005464803650382423,-0.005686774583780261,-0.0012503236693376472
external_lung,1712,0.00994171942374919,0.012553221708735416,0.0006577714435383741
external_lung,1713,0.0021725371684063834,0.0017441719950834673,-0.00030268517729593446
external_lung,1714,0.004727520284975352,0.003816590587108139,0.007861165661327801
external_lung,1715,-0.0024905127793871384,0.00018344358522784376,-0.003632858156790847
external_lung,1716,0.00617317539334201,0.0075073041824026505,0.004090970630465976
external_lung,1717,0.0022657057019864666,0.0031878313155982536,0.0018334391642548522
external_lung,1718,-0.0072271997104587,-0.005455157133806204,-0.016645961123992165
external_lung,1719,-0.006438013172454173,-0.003047098449452547,-0.004097078004805382
external_lung,1720,0.00856150816670632,0.008709654647598217,0.0025435020547357736
external_lung,1721,0.001898858432689619,-0.0008556246572869557,0.009644641860057765
external_lung,1722,0.003949752406893482,0.006175503122334215,0.011442260841440333
external_lung,1723,1.2910902416155927e-06,-0.0026813651453661087,0.004956103424667227
external_lung,1724,-0.0029283208396409244,-0.001990960276564452,-0.001964979303143701
external_lung,1725,-0.0020179462603372167,0.0006393558227432428,-0.008343968726961016
external_lung,1726,0.003743663896047069,0.006076297748181275,0.0005261027363525168
external_lung,1727,0.0017669008975210638,0.003169208165308496,0.002074228958049216
external_lung,1728,-0.00014577850973980047,-0.002274348218284418,-0.004544110507383431
external_lung,1729,-0.00793018551331364,-0.010202778486241081,-0.00889087021925301
external_lung,1730,0.003538486792634974,0.002476057644764042,-0.0023647836662597237
external_lung,1731,0.007792454330199899,0.010082220532485206,0.009089787418901235
external_lung,1732,-0.00868772025988713,-0.008929751125472719,-0.014392555228812618
external_lung,1733,-0.005190500539373431,-0.009252395133975588,-0.002110338048924641
external_lung,1734,-0.0020369760349078316,0.0004566958484289916,0.0025688632713362545
external_lung,1735,0.0046160543383012105,0.0008395381945285794,0.010131151386188374
external_lung,1736,-0.004798277854100262,-0.008979438212121004,-0.0036963654887375765
external_lung,1737,0.004274018274851771,-0.0013977185012399957,0.005626062305990452
external_lung,1738,0.004549188297607726,0.004148271794620045,0.010701879282486181
external_lung,1739,-0.00020937871717568077,0.0011031692498932044,0.00203616034718615
external_lung,1740,-0.004010074998557221,-0.005850728227757665,0.001920955696838431
external_lung,1741,0.006926864427053027,0.007394015445961956,0.0045652334920064834
external_lung,1742,0.006365815022057399,0.0021066211793572907,0.010887693678357152
external_lung,1743,-8.675618367841771e-05,0.0066660237266941615,-0.00013617168662820772
external_lung,1744,-0.00868856830708926,-0.008476275083336971,-0.0073795791256141266
external_lung,1745,0.004904716552952225,0.004217254862588532,0.0031897845729074266
external_lung,1746,-0.0036981303477650516,-0.005260890930832994,-0.0044369330348076426
external_lung,1747,0.008671871136363871,0.009145787050764437,0.014023595279234977
external_lung,1748,-0.0015479707513981478,-0.00045114605958465614,-0.0047675433724392036
external_lung,1749,-0.007460440143427977,-0.006807944160585768,-0.006071207190809789
external_lung,1750,0.009095792068683559,0.00974485001888591,0.007109071795889422
external_lung,1751,0.0029919210470768045,0.0038881656682317745,0.004425509170912806
external_lung,1752,0.0005419825448841065,0.001194478527726315,-0.004141700424294487
external_lung,1753,-0.0037823367990209855,-0.004566484924672144,-0.008006896015799524
external_lung,1754,0.0006388695204754177,0.0009191489680763498,0.003208007764122417
external_lung,1755,0.0036972358449474385,0.007118301569509941,0.005132497897118199
external_lung,1756,0.002442496207178596,0.00816944887975406,0.004455456046116885
external_lung,1757,-0.0056118698351674545,-0.006295480539391653,-0.002698339380377788
external_lung,1758,0.0013798146696188673,-0.0006637076017381636,0.003557841455588545
external_lung,1759,0.0019124958831762036,-0.00041917384290895044,-0.0026192625114470347
external_lung,1760,-0.0008079201050723109,-0.006665760213517456,0.0024227799235887935
external_lung,1761,0.007209762065826529,0.011468955908526637,0.009387788851796208
external_lung,1762,-0.004739833447715623,-0.0049349534421100445,-0.0015202608266745672
external_lung,1763,0.006899390738432348,0.008907592016812913,0.006437388103791751
external_lung,1764,0.003560081358145978,0.0017949416667428868,-0.0005442950585080692
external_lung,1765,0.0010604366670183552,-8.470776977138428e-05,0.0018117672384424985
external_lung,1766,0.0041939445686004035,0.00582448382775209,-0.0016537431562491933
external_lung,1767,-0.00555089292614692,-0.0024071398136034745,-0.010093348235902199
external_lung,1768,-0.003508802367876216,-0.0009730684982014737,-0.0016305274018458362
external_lung,1769,-0.006445264353016539,-0.005523138739404752,-0.004173321669102179
external_lung,1770,-0.010508784591222481,-0.014251849183535678,-0.006431129504846857
external_lung,1771,-0.0016917593204110366,-0.0030831016478378437,-0.009635889850953455
external_lung,1772,0.0026599551541716207,0.007639064563998146,0.009517796031562803
external_lung,1773,-0.002818911392349993,-0.0016888467468789414,-0.003119855953924768
external_lung,1774,-0.004211652533722493,-0.00429985501133313,-0.008802865779449748
external_lung,1775,-0.0015262446965971326,0.0002778924381938441,0.0004177786626061626
external_lung,1776,0.0038684981025810064,0.004072115357470735,0.010529044160502663
external_lung,1777,-0.007449523763932847,-0.008917816129615072,-0.017823157528036065
external_lung,1778,0.006262322643051922,0.009877273485202703,0.010350626824695794
external_lung,1779,0.0021862563710273266,0.006005271356767696,0.00975321233776752
external_lung,1780,-0.005893126840345274,-0.012424827840308472,-0.004115402765993657
external_lung,1781,-0.0020149950502923544,0.0035295609477922854,-0.000600428765519347
external_lung,1782,-0.0025637957078628684,-0.0014630940758464104,-0.004814090449303671
external_lung,1783,0.0003055129572102355,0.004652823461856627,-0.0029428278985982603
external_lung,1784,-0.00443949816430995,-0.004941046779094729,0.0039959245959595895
external_lung,1785,-0.003701658254122192,-0.002588608375470934,-0.006615188708911859
external_lung,1786,0.007693715925639767,0.012157228789443595,0.00018051172369516234
external_lung,1787,-0.004798277854100262,-0.007942995092692761,0.0007867945797444265
external_lung,1788,-0.003369436208038081,0.0011351925976872492,-0.003338607939844816
external_lung,1789,0.0023328737114278277,0.000995462047873328,-0.0019246611192804968
external_lung,1790,0.0016952952811940258,0.002137576886046627,-0.00239502036179635
external_lung,1791,-0.0006642703672593286,-0.0008771201975060113,-0.013740511026517068
external_lung,1792,-0.0033551997814979992,-0.005436076857470653,-0.00331080472270065
external_lung,1793,0.004010074998557221,0.0014766061982503615,0.0027116378410556126
external_lung,1794,0.0007746333369168801,-0.0012507729650579427,0.00024133060894670122
external_lung,1795,-0.0029883537671344753,-0.005549224292441599,-0.002760230679471685
external_lung,1796,-0.007650393113495829,-0.007060280660435375,-0.009342808713399311
external_lung,1797,-0.0060041248087451165,-0.0018229644507243752,-0.008213544277244586
external_lung,1798,0.000701335210730227,0.0005216811411844399,0.004269787690953569
external_lung,1799,0.0025419308218619465,0.004106471222284996,0.0028093741682657008
external_lung,1800,0.005374437132076831,0.0005661961051389997,0.009962595437553724
external_lung,1801,-0.00587866735678208,-0.004331141723178823,-0.0009154343356444035
external_lung,1802,0.007792454330199899,0.008554517699328587,0.0029013926128355905
external_lung,1803,-0.0035226376691117147,-0.00601686088225851,-0.011762639706042605
external_lung,1804,-0.010990186814510056,-0.013744736577159586,-0.014732746279881295
external_lung,1805,-0.004910878510920008,-0.0006390815440709685,-0.009016293833796585
external_lung,1806,0.008937657863581796,0.010471284741060063,0.006688622559849857
external_lung,1807,0.004258169151328511,0.0090070785475945,-0.003514017895592164
external_lung,1808,-0.0018146519814336848,0.002098394366062582,6.510318993897357e-05
external_lung,1809,-0.005736127345389114,-0.005466530452092268,-0.009746587864098478
external_lung,1810,0.0014523375857937078,0.005767002202491646,-0.0052444452185316515
external_lung,1811,-0.0008243588695320733,-0.0025301669302633203,0.0024516182350439635
external_lung,1812,-0.003409723062928499,-0.00026128609421232274,-0.004707056151629835
external_lung,1813,-0.008953506987105056,-0.007079651263461764,-0.01134175391623248
external_lung,1814,-5.6177256102046824e-05,-0.004232619377859746,0.005130383288039914
external_lung,1815,-0.007915076863697162,-0.0070149812564026985,-0.008916194581677556
external_lung,1816,-0.0016524567897779434,0.0013988736259194963,0.00506693313466273
external_lung,1817,-0.002913212190024448,-0.006406377321874629,-0.003249958636735689
external_lung,1818,0.0004484222211164346,-0.004206018957763837,-0.004403439113421864
external_lung,1819,-0.0017807361987565624,-0.0014714548107365444,-0.008004683568919266
external_lung,1820,0.00750626458099395,0.00673550134087252,0.011514625251561873
external_lung,1821,0.0020315846477223973,0.0032560159528449983,-0.0033354599426683265
external_lung,1822,0.006365815022057399,0.005249672525686745,0.0037966767784103996
external_lung,1823,-0.003562924524002133,-0.0037580445183965547,-0.00034483210830335564
external_lung,1824,-0.0016449772145090968,-0.0022209553329170426,0.000673205941865864
external_lung,1825,-7.090706015515831e-05,-0.002747423338125323,0.0003547680881077394
external_lung,1826,0.004592026789023808,0.0028692039614727676,0.007171685567524316
external_lung,1827,-0.006550714730177552,-0.0030082494288443955,-0.007293004972090465
external_lung,1828,-0.00048011113304595915,-0.00192918930383848,0.00545136086146944
external_lung,1829,-0.01052463371474574,-0.009120574739030912,-0.014717024454197213
external_lung,1830,0.0074345691432272,0.008960413829242628,0.004613388535973918
external_lung,1831,0.005230787394263849,0.006543335361332734,0.00855697191300685
external_lung,1832,-0.004432049132998671,-0.0030604244127720726,-4.8343195871871844e-05
external_lung,1833,0.006583017815871496,0.0077642461732495465,0.01066971323175835
external_lung,1834,0.00443949816430995,0.00692656361469321,0.01088466452483571
external_lung,1835,0.004335521464576618,0.004208905376270121,0.0028064488506587184
external_lung,1836,0.006915239861955608,0.009551959222955736,0.009778333686592191
external_lung,1837,-0.0039513873836178786,0.001538049593908566,-0.005399968188543204
external_lung,1838,0.0032425991246782526,0.004980290145746108,0.010695907176399094
external_lung,1839,-0.002785780828247958,-0.002081114114290008,-0.011429814965918226
external_lung,1840,-0.0013956637931421267,0.0005132442851296566,-0.003268783970780703
external_lung,1841,-0.00033550761493321885,-0.006397411866967952,-0.0007611827631961166
external_lung,1842,0.006306792695996016,0.004970719944129833,0.0010946874467912078
external_lung,1843,0.004483328123268432,0.009666501676684546,0.002305301337298754
external_lung,1844,0.0016608263380323562,0.001852095346287284,0.009499293034130172
external_lung,1845,0.005122767586932984,0.003504643247089055,-0.0009037475985445662
external_lung,1846,0.0004716307385439396,0.0014712098027216494,0.0033188728596566797
external_lung,1847,0.0016952952811940258,-0.00031874422584383466,0.0018245659084248262
external_lung,1848,0.001636607666254684,0.005407302907018806,0.00756122413554967
external_lung,1849,0.009219309104998435,0.008724663375463062,0.008675357281760008
external_lung,1850,0.005378594052955664,0.006021988310228793,-0.003161003651916415
external_lung,1851,-0.001838204545100225,-0.0018481853331903202,0.0013734736444978857
external_lung,1852,0.006877796172921345,0.0019265076683202082,0.010372909408655531
external_lung,1853,-0.0037216829114315917,-0.004433114520881179,-0.009159851214873366
external_lung,1854,-0.005942267564217961,-0.009921883725531128,-0.00571297231693547
external_lung,1855,-0.001197846083634278,-0.0023187719505494793,0.0010641413522797332
external_lung,1856,0.007025602831613159,0.0043539115363660594,0.0035842413606745616
external_lung,1857,0.0028028644180778197,0.004962136051765348,0.001856333654801358
external_lung,1858,0.005009171526391992,0.005965849894025627,0.010650003074560311
external_lung,1859,-0.006318079135855702,-0.0037065768508694756,-0.010377178476594816
external_lung,1860,0.0016395858273236623,0.0014156709311202813,-0.0005119448404800884
external_lung,1861,0.005073767137549118,0.007798485359494761,0.006946887315187694
external_lung,1862,-0.0036336356375115584,-0.008883456503088,0.0006227585226970807
external_lung,1863,-0.0029064559536400025,-0.0009372521186473228,0.0033846859841889605
external_lung,1864,0.0005071098360557765,-0.0033114682940547737,0.002931909001951144
external_lung,1865,0.002522545737555698,0.005678647096733944,0.00016563498659448927
external_lung,1866,0.007025602831613159,0.008837329902988827,0.005493286127133744
external_lung,1867,-0.011180831964617952,-0.013854788329232934,-0.011919634651660543
external_lung,1868,-0.0020679090172865122,-0.0011317294894037377,-0.00048001125076815865
external_lung,1869,-0.0034007333297800166,-0.007380349491093183,-0.004967317358107617
external_lung,1870,0.00222153761779025,0.001585388570754067,0.0008069713330172425
external_lung,1871,-0.0010739771527801534,-0.0062169148816631215,-0.003457256030300254
external_lung,1872,-0.006899390738432348,-0.00824721641876544,-0.009547238191934121
external_lung,1873,0.003765258461558072,0.005032951536260257,0.00025522192621621476
external_lung,1874,-0.0028044519087868,-0.007170528888180381,-0.006757942657108024
external_lung,1875,-0.005563493761075816,-0.004819581459957802,-0.0005979845115181666
external_lung,1876,-0.010094920884822825,-0.005984320411714475,-0.0026129329851294816
external_lung,1877,-0.0062839172085629265,-0.008955608503810025,-0.007452109223102753
external_lung,1878,-0.0012604579693792084,0.001014761145951624,0.005915611751796159
external_lung,1879,-2.2261473424924533e-05,-0.0028284118036112733,0.006420628658680863
external_lung,1880,-0.000630978766909901,0.0007218988214932331,-0.0006794793513705729
external_lung,1881,-0.0012662034113669525,-0.001432465861641058,0.0031976665683221273
external_lung,1882,-0.007265518558630307,-0.004500583889733595,-0.01339498474399517
external_lung,1883,-0.004145568494508765,-0.006081878297780813,-0.004680479988235962
external_lung,1884,-0.0020308441738156138,-0.0043034371467430554,-0.006387262954075943
external_lung,1885,-0.007229194189066192,-0.007530160681259159,-0.00947822949279813
external_lung,1886,0.009806158290250638,0.008183882046461874,0.011402478415487222
external_lung,1887,-0.00148340620518105,-0.0011070297848581878,0.003059049104574228
external_lung,1888,1.2910902416155927e-06,-0.003589121721177637,0.00709340016147265
external_lung,1889,-0.0015008438498132215,-0.0019106718215955165,0.007097913211942114
external_lung,1890,-0.002815465253006716,-0.008732382114609572,0.0008079503184625636
external_lung,1891,0.007508816217519615,0.008007548433126538,0.014621621056148403
external_lung,1892,-0.0006390673712243314,4.496251322499056e-05,0.0007785451692992514
external_lung,1893,-0.004576177665500549,-0.004798148598898386,-0.008862828950318691
external_lung,1894,0.004104967690254878,0.008364416410469117,0.0006919858072216753
external_lung,1895,-0.0011204695945119063,-0.000964733177035317,0.002693611023217052
external_lung,1896,-0.002325622530865462,-0.004457911969533759,-0.007668306344225338
external_lung,1897,0.001450126849655629,0.0034936491210126597,0.005992582159410907
external_lung,1898,0.004477582681280688,0.004621265252485028,0.004486051867208157
external_lung,1899,0.0052063496628966905,0.004583336444373652,0.002844718727850147
external_lung,1900,0.0027600107289508144,0.0019343166731123629,0.0018813683806085113
external_lung,1901,0.0014546861192035094,0.002350930740358479,-0.002551845254121064
external_lung,1902,-0.007449523763932847,-0.01021642177321718,-0.010802301052539534
external_lung,1903,-0.009095792068683559,-0.0078938338961707,-0.009676406558132372
external_lung,1904,0.0023202277284836426,0.0025350408991179443,0.005634856917969064
external_lung,1905,-0.0021162850913781506,0.001050267846720234,0.0014851752749845126
external_lung,1906,-0.005373696658170048,-0.004243420414897123,-0.0008518180018702946
external_lung,1907,-0.0025651603640973464,-0.0019987161450796356,-0.0046460086179697935
external_lung,1908,0.006411972752667111,0.004686965276129708,0.012748515754144419
external_lung,1909,-0.0026990015316257867,-0.005162522819629672,-0.0018053350130741441
external_lung,1910,0.002378895999742716,-0.001066388294694326,0.013735868417109859
external_lung,1911,0.0009339813652828414,0.002200474656743362,-0.007664775696472494
external_lung,1912,-0.004945711593444933,-0.0022691953154747686,-0.0006500286636153454
external_lung,1913,0.00020937871717568077,0.0008827927199938728,-0.0007140238982849452
external_lung,1914,0.005580577350905678,0.009863550855917216,0.014237219101538273
external_lung,1915,-0.00038325869884583974,-9.464045328767362e-05,-0.0031593771069075294
external_lung,1916,0.002277987545567397,0.005264422357031904,0.008196931655701243
external_lung,1917,-0.0029877641261979726,-0.0042907781938766225,-0.0030055431909144412
external_lung,1918,-0.00222153761779025,-0.004988435627074582,-0.004475717353408043
external_lung,1919,-0.00134149582144726,-0.0009965634538978974,-0.005412030615529001
external_lung,1920,-0.003560081358145978,0.0006235989467567775,0.002854305306265838
external_lung,1921,-0.0024092046068291684,-0.005018625852496489,0.0008667724977468685
external_lung,1922,-0.008344789693620078,-0.007376727205400695,-0.006068962015528728
external_lung,1923,0.0044157112694425404,0.005910441234075979,0.007985643955008162
external_lung,1924,8.155392701169235e-05,-0.001376455090157519,-0.004018716963979032
external_lung,1925,-0.007179183138250157,-0.0075282614432402115,-0.00829390095138611
external_lung,1926,-0.0015098059321373702,-0.003100199215589526,0.007590290031474592
external_lung,1927,-0.00014515413444757264,-0.002118959868885578,-0.0009833634707488528
external_lung,1928,-0.005486398215893427,-0.002569846295992227,-0.011322650487400398
external_lung,1929,-0.005029918044700867,-0.007845484473276682,-0.002956753611336062
external_lung,1930,-0.008730558751303213,-0.008331374613319203,-0.010412267079568707
external_lung,1931,0.0012174760576228554,0.008454152670486095,9.582644761689995e-05
external_lung,1932,-0.0032244315646207575,-0.005800401258828645,-0.00935389774998562
external_lung,1933,-0.0012936770999876317,0.0004712077139013282,-8.008402179945917e-05
external_lung,1934,-8.675618367841771e-05,-0.0006768686367388718,0.00014136690398437274
external_lung,1935,-0.0024269125719512583,-0.009179692482323837,-0.0008254480148288206
external_lung,1936,0.0012810762650587355,0.0008977969594864688,0.00326927674319515
external_lung,1937,-0.005597655688368591,-0.0033815133261954713,-0.004761228489482859
external_lung,1938,-0.0005419825448841065,-0.0017545565990280954,-0.002430778045767995
external_lung,1939,-0.001813757478616072,3.4979671027474124e-05,-0.0009773302797303394
external_lung,1940,-0.00575123599500559,-0.0036112821658752232,0.0014660052764213878
external_lung,1941,0.0017750793232752065,0.0039722649539266726,-0.005889501155308128
external_lung,1942,-0.00126018764888929,-0.005048087913247669,-0.0009499332085255163
external_lung,1943,-0.00397914201617854,-0.0028490773707074884,-0.004925672779455001
external_lung,1944,-0.004406279033701527,-0.004801612185546043,-0.005769891771580003
external_lung,1945,-0.002602584709451341,-0.004885586016245012,-0.0028258637332402212
external_lung,1946,-0.001687336911236283,0.0006141822195159334,0.0045375253774155395
external_lung,1947,-0.0004845487399316358,-0.005166620567262831,0.005154006579816711
external_lung,1948,-0.004280150135943989,-0.005133665097007828,-0.002528665919131247
external_lung,1949,-5.026144274991595e-05,-0.002668214329002855,0.0038592152782660023
external_lung,1950,-0.00042094853249575553,0.0007093277107771689,-0.008747925986001538
external_lung,1951,-0.003023954005245364,-0.003252821090150654,-0.012334270112015072
external_lung,1952,-0.007729842444454969,-0.0043762063372467155,0.0006208811276596496
external_lung,1953,0.0012471604823816134,0.004451209351645956,-0.008355631000035401
external_lung,1954,0.002252205111873009,0.0006784795884444419,0.009939692970638764
external_lung,1955,-0.00016162763326305987,0.0011479631250660518,-0.0014817127332382256
external_lung,1956,-0.001387518109762148,-0.0027788604371889554,0.003299179626047005
external_lung,1957,-0.007025602831613159,-0.008776246564389587,-0.005790481686866383
external_lung,1958,0.0036503792638524304,0.00431119014252169,0.005317902830720839
external_lung,1959,-0.002788332464773622,0.0022218916664348922,-0.009001759300082818
external_lung,1960,-0.006491286641331427,-0.004372250832177044,-0.010400242334646825
external_lung,1961,0.0018223554215769655,0.005640933551687516,0.0026622701753330202
external_lung,1962,-0.008709314825398135,-0.005386386326245154,-0.011525340644259613
external_lung,1963,-0.005295128075606513,-0.002963458349521359,-0.009657099339113028
external_lung,1964,0.0008721099534446941,0.003090213604072143,0.002580066532354125
external_lung,1965,0.002547946584339609,0.007011459448143437,0.003949984984731064
external_lung,1966,-0.0006274428061269118,0.0036499848069561727,0.008595897884067902
external_lung,1967,0.006550714730177552,0.0008666297074509857,0.0026726306916914264
external_lung,1968,0.0001617437318776153,-0.0012405635359098166,-0.0012381964923785607
external_lung,1969,-0.0026135364381889847,-0.0025249728875428403,-0.008934414472926932
external_lung,1970,0.002274186096488486,0.0026751025994761666,-0.004046691938249461
external_lung,1971,0.007524665341042874,0.005961324723861489,0.0037947134886339626
external_lung,1972,-0.0026831524081025273,8.178226079418515e-05,-0.003747654122571729
external_lung,1973,0.004671810831104989,0.0035398022228283936,-0.0007849906481797826
external_lung,1974,-0.0002506045116085857,-0.0006789696849315019,0.006957596430307161
external_lung,1975,-0.0029397475539894302,-0.005126317303009767,-0.005892125479280299
external_lung,1976,-0.004994317806589978,-0.004766551924247103,-0.014283938145961933
external_lung,1977,-0.002602584709451341,-0.0061805826015628364,0.0010633637222004035
external_lung,1978,0.0017634547581777866,0.003352096333702546,0.003071484762011162
external_lung,1979,0.0036019709014562993,0.007523948095329256,0.0023788164660563755
external_lung,1980,-0.0024371048199931613,-0.004082723870463535,-0.004784056211135562
external_lung,1981,-0.005089950972194418,-0.006196447553155913,-0.006093323907224844
external_lung,1982,0.008463761229688588,0.00490123599616768,0.013337150630785489
external_lung,1983,-0.006083574139704256,-0.00630302512622008,-0.016080033340005247
external_lung,1984,0.002298633162972639,0.004054842007999039,0.0034945539248934046
external_lung,1985,0.004135546617831248,0.004591313516154429,0.005846991043005724
external_lung,1986,-0.004936749511120784,-0.005138634401006842,-0.010991944544570836
external_lung,1987,0.006507876238761469,0.0063597297578695715,0.006543424691040069
external_lung,1988,-0.001982808063212965,-0.005034138478910405,-0.00407007054318608
external_lung,1989,0.004056213385486664,-0.002475487614476533,0.006905740419519163
external_lung,1990,-0.0009181515854398506,-0.0025135580564562463,0.00203469912809078
external_lung,1991,-0.005892928989596359,-0.008682300131490434,0.004581864952478838
external_lung,1992,-0.008211442518491457,-0.008031795182687623,-0.003747572538802378
external_lung,1993,0.01052463371474574,0.008744507217650141,0.010710874112364682
external_lung,1994,0.001787886478415296,0.0017667525451234012,-0.007033918870946445
external_lung,1995,-0.006957245503880484,-0.007003747068188709,-0.005814900126476776
external_lung,1996,0.0006650108411661119,2.8861794129928843e-05,-0.005379056784663891
external_lung,1997,0.00031420471904446595,-0.0018745359181283896,0.004240616201014559
external_lung,1998,-0.0039440069649057385,-0.004828636647351568,-0.0073866278735532
external_lung,1999,-0.0021976830853758325,-0.005125619125862781,-0.008308158920797717
external_lung,2000,0.0007764767878402542,0.001877178419856712,0.001238479422480852
external_lung,2001,-0.0011617195648190766,-0.002322462076042299,0.0020866212909894195
external_lung,2002,-0.004624397872430103,-0.004883533353669099,-0.003805651674311563
external_lung,2003,0.0007284707741131713,-0.00015823994765156357,-0.003975779402048435
external_lung,2004,-0.0043362619384834005,0.0006256424477488667,0.007107685895458636
external_lung,2005,-0.0026448335599309203,0.0008698108361768486,-0.0010746167941797595
external_lung,2006,0.006788194919283591,0.006289462703676668,0.016093790841967964
external_lung,2007,-0.0028583037444227986,-0.001086261167770303,-0.0062996652153613966
external_lung,2008,-0.0011363187180351657,0.0013383984857132933,0.005959286592565977
external_lung,2009,-0.002202105494550586,-0.00036627724807320816,0.002114273202676755
external_lung,2010,-0.002325622530865462,-0.000710681346147259,-0.00302399220586703
external_lung,2011,-0.0023328737114278277,-0.005923219850174123,-0.0014443516247620394
external_lung,2012,0.007068441323029241,0.002523596070352842,0.008569541725257396
external_lung,2013,-0.0005578316684073659,-0.0017463950848559766,0.004326298252086941
external_lung,2014,0.0007841802279835349,0.0007848819941975265,-0.0038781567307947704
external_lung,2015,-0.003164554631390102,-0.003848165335614301,-0.0024378053684831385
external_lung,2016,-0.0031930045898422577,-0.002674441208237686,-0.011807302630603542
external_lung,2017,0.011398258623306484,0.012852161776822071,0.008390917606769679
external_lung,2018,-0.002645423200867423,-0.002701340863565114,-0.004057363382229867
external_lung,2019,-0.0008549377971084441,-0.0026681423559736517,0.008636517491702828
external_lung,2020,0.00817084171423757,0.011947357858010202,0.0073138473083688245
external_lung,2021,0.00444789825652193,0.009318593363088518,0.006959672838992191
external_lung,2022,-0.0005523092834427331,-0.001032086819461292,0.0024698445303953835
external_lung,2023,-0.003300313615637568,-0.003638776038996492,-0.005758336433312241
external_lung,2024,-0.004230811561322388,-0.003531728198507602,-0.014029023767078052
external_lung,2025,-0.005612610309074238,-0.0035798689480288546,-0.007835397362162239
external_lung,2026,0.009066107643924801,0.007282266098514187,0.005561954078679385
external_lung,2027,-0.0023373113183135044,-0.003437758072815831,-0.001362441850977049
external_lung,2028,-0.003252926671088202,-0.0032200398093293983,-0.0036201508818401174
external_lung,2029,0.0054714435951877805,0.00904155876529338,0.004399069491923137
external_lung,2030,0.0052063496628966905,0.006929172490447731,-0.003312552274577634
external_lung,2031,0.0036503792638524304,8.785403033152251e-05,-0.002298292258690613
external_lung,2032,-0.0012174760576228554,-0.0004796135829640096,0.00539233133012761
external_lung,2033,0.0021162850913781506,0.0002675479417346045,-0.0036188070021568415
external_lung,2034,0.002256743619662318,0.004146466042961788,0.003443624052071853
external_lung,2035,-0.0021263794377966716,-0.002647987984769201,-0.005522211576066907
external_lung,2036,-0.003019650888876411,-0.0004864369660836825,-0.004687174455744819
external_lung,2037,-0.001813757478616072,0.0009080797234120492,-0.00634551587323931
external_lung,2038,-0.0018556470219263932,-0.0025566937251287982,-0.0036555470690180407
external_lung,2039,-0.00020937871717568077,-0.0005068631883708707,0.002651002272903611
external_lung,2040,-0.0035416805980970543,-0.003430643914841168,-0.0003908356937169606
external_lung,2041,-0.002213532208899092,-0.005652327769313856,-0.0010832734167571891
external_lung,2042,0.004047499343911215,0.0070099881384200115,0.0029486332342991044
external_lung,2043,-0.0013256466979240007,-0.000843415887696384,-0.006069936957118595
external_lung,2044,0.0012443385253660306,0.0016759375759145452,0.0030899510146518054
external_lung,2045,0.001827054965613667,0.002002989305035776,0.0035715072769274643
external_lung,2046,-0.005470325227495733,-0.004280781974290632,-0.011873276438564923
external_lung,2047,0.0010248364289074663,0.002663878788727379,-0.003886921055854596
external_lung,2048,0.00455948049477516,0.004866496813427296,0.002781756420423544
external_lung,2049,0.0071939129423032695,0.005783804140129273,0.0036254604620799273
external_lung,2050,-0.0023086550396501557,-0.002077843991939323,0.0012883569122665952
external_lung,2051,-0.008295451118998478,-0.00883797768594699,-0.004701152001639019
external_lung,2052,-0.003055380980023864,8.585218563756736e-05,-0.0058304604818630226
external_lung,2053,0.00046266865621979086,0.00500751390889619,0.004128617087871535
external_lung,2054,0.006268068085039667,0.004071243527423709,0.0045876191944830376
external_lung,2055,-0.00868772025988713,-0.004899819995528751,-0.019337853816325235
external_lung,2056,-0.002578057340677148,0.0012090746847266132,-0.006172356458036607
external_lung,2057,-0.0014705352427267688,-0.0017211009506245822,-0.005695094459505307
external_lung,2058,-0.0012620464904881206,-0.0012443945781940025,-0.008922741974894463
external_lung,2059,0.0011188810734029941,0.0021919261029050563,-0.0016592446841867392
external_lung,2060,0.006438013172454173,0.005198141002977376,0.003367412039217134
external_lung,2061,-0.0008765323626194477,0.004999268557061907,0.007945272986742294
external_lung,2062,-0.007588889923770982,-0.007090624183480063,-0.007167143920892877
external_lung,2063,-0.0031520095493495492,-0.002996712039436069,-0.009365436384658744
external_lung,2064,-0.00917486792516245,-0.007763026757984783,-0.006924573183721647
external_lung,2065,0.009991057998370792,0.010521236318684504,0.01274155619169277
external_lung,2066,-0.005246636517787108,-0.006669093566595905,-0.006939052117690589
external_lung,2067,-0.002321462194790245,0.00042067264855152886,0.0046471002177846665
external_lung,2068,0.006083574139704256,0.004231117259937032,-0.00022533718568683737
external_lung,2069,-0.001092995905891227,-0.002994665801017954,-0.006058328775170346
external_lung,2070,-0.004713801275318942,-0.009939842478583955,-0.005398852197565945
external_lung,2071,0.0002664536351318451,0.002713538138496091,0.003578797911697508
external_lung,2072,0.007147890653988381,0.003943841784724039,0.003370450659822305
external_lung,2073,-0.0062054784790359545,-0.002569383670523238,-0.002790485134656249
external_lung,2074,0.0014160132162295929,-2.554169065119294e-05,0.0036353124230525486
external_lung,2075,-0.0013320635857062464,0.0002084661770214251,0.0020940571662935075
external_lung,2076,0.0010295359729441678,0.0002587727328227374,0.0010067888566203758
external_lung,2077,0.0009455273724371475,0.0010905415338376134,0.0029824550593982495
external_lung,2078,0.003970996332798561,0.006881917606465717,0.0007889351261672057
external_lung,2079,-0.005089950972194418,-0.003468113635968763,0.0016880347809157537
external_lung,2080,-0.004951479315173896,-0.0035806228339019157,-0.004846783010252274
external_lung,2081,0.006507876238761469,0.008014954450029707,0.011551052770975095
external_lung,2082,-0.00013446789400585005,-0.0020806409280596425,-0.0030873186075364802
external_lung,2083,0.004378844276720556,0.004427865787910795,-0.0013517994023685238
external_lung,2084,0.0052063496628966905,0.003352791580567052,-0.00209786702510518
external_lung,2085,-0.01122920803870959,-0.007469128679576598,-0.010340685952043802
external_lung,2086,0.00039930567311801296,-0.003237044012908835,0.0026358044079686136
external_lung,2087,-0.008826191916907653,-0.008819926177132573,-0.006460552107895543
external_lung,2088,-0.0018431019398858401,-0.0011625364010295993,2.0801527962975184e-05
external_lung,2089,0.0026448335599309203,0.0011765411942486943,0.005628459276593065
external_lung,2090,0.00639639394963377,0.007774783565352004,-0.002238599858525268
external_lung,2091,0.00390301192441303,0.00026666223838618186,0.00082284943396424
external_lung,2092,0.010094920884822825,0.005450763054455568,0.006668800132823071
external_lung,2093,-0.005170518670845605,-0.0035965621720330885,-0.0036540536698900315
external_lung,2094,-0.0010136868494209084,0.00016252832039290177,0.0038541500684298085
external_lung,2095,-0.0014303566011782305,-0.002690811492735358,-0.003900432842988531
external_lung,2096,-0.00641224307315703,-0.0044220026060126745,-0.013620444015072777
external_lung,2097,0.007264624055812695,0.005451164619433356,0.0066248502094806245
external_lung,2098,0.00725887861382495,0.0059617027748035956,0.012322012375225741
external_lung,2099,-0.005639599676967061,-0.009291029154312597,0.0033942166374677594
external_lung,2100,0.00156471437773902,-0.003177430123035332,0.004198124921035116
external_lung,2101,0.0037291319427428713,0.005380589221870541,0.0030320217054501664
external_lung,2102,0.003411649709275146,0.00431676055606714,0.010202774331351869
external_lung,2103,-0.007835292821615982,-0.01033783093058983,-0.0033035344269927444
external_lung,2104,-0.004727520284975352,-0.003643392514111896,-0.010299025928215955
external_lung,2105,0.006438013172454173,0.006455665084748291,0.011774282759713381
external_lung,2106,0.002489278313080536,-0.0017546977485431155,0.0080043753609677
external_lung,2107,0.004622694283106567,0.0014331413724688875,0.002301496360101046
external_lung,2108,0.0024706271742827857,0.0005138382585978631,0.0027715717358575607
external_lung,2109,0.006246473519528663,0.008727955618768758,0.008203457695413816
external_lung,2110,0.004945711593444933,0.005152209868252183,0.004738064288636
external_lung,2111,0.001955334374592286,0.004184804820156697,0.003167968275138701
external_lung,2112,0.0010604366670183552,0.0029159580897356136,0.0008039339914501693
external_lung,2113,0.0009016782795888967,-0.003405651278038481,0.0034283761616668296
external_lung,2114,0.007666242237019089,0.0076696463344587225,0.009123863371455645
external_lung,2115,0.0067736629659793934,0.005231052163932816,0.0069918308056418355
external_lung,2116,-0.0035110131040142953,0.00035240069814143626,-0.002202023922539163
external_lung,2117,0.0020973955912963562,-0.0016033521371647914,0.003048770418446728
external_lung,2118,-0.006044895984363391,-0.003448973104427775,-0.00754520036351385
external_lung,2119,-0.0020149950502923544,-0.005246864824782084,-0.0006206073092823634
external_lung,2120,-0.002081546467773097,-0.0057271751756760485,-0.008174341302427788
external_lung,2121,-0.0009401325700553279,-0.004338829484519792,-0.0009045841177767281
external_lung,2122,-0.002534227381718666,-0.0011798009513443728,0.0005849810844281065
external_lung,2123,0.00031066875826147683,0.00213103107989022,0.006020616669952804
external_lung,2124,0.005246636517787108,0.005936297048470475,0.004519887254880145
external_lung,2125,0.0028236109363866946,0.0066700745924622995,0.009876872537116527
external_lung,2126,-0.008609259250618942,-0.00942289014058927,-0.006125616218204557
external_lung,2127,-0.003045197931150443,0.0005969467038214422,-0.008337794989347827
external_lung,2128,0.0004484222211164346,0.0034234708600619037,0.00011469054103575388
external_lung,2129,0.003648119296949017,0.003198055500633577,-0.0015561135634603505
external_lung,2130,0.0012630096059048728,-0.0007614168593134592,-0.0051399416051643165
external_lung,2131,-0.007024862357706376,-0.010913807530100933,-0.010372087163066876
external_lung,2132,0.008926741484086667,0.012465487055296145,0.003196097804997587
external_lung,2133,-0.001965032293343059,1.359437378103956e-05,-0.0035488245341980897
external_lung,2134,0.006941396380357225,0.006612900797447502,-0.0013997658345456425
external_lung,2135,0.0013569391821857772,0.0038002102812274468,-0.00448005162753178
external_lung,2136,0.003023954005245364,0.004623047159690261,-0.0023349227021291588
external_lung,2137,0.0023202277284836426,-0.0004530218362401215,0.001868304329576807
external_lung,2138,0.0016608263380323562,8.104893621133091e-05,-0.0031269116998338215
external_lung,2139,0.004964730346556007,0.006744856843651605,0.008790777673631817
external_lung,2140,-0.0029290613135477075,-0.004689121144713601,-0.0016939401688009317
external_lung,2141,-0.0017921629131050683,-0.0007250499090614055,-0.014868403572362809
external_lung,2142,-0.004246858535594561,-0.0049515252495525115,-0.004120514288199382
external_lung,2143,-0.004122051280084739,-0.006221887673432966,0.0007457856377659777
external_lung,2144,0.0033221785016384897,0.0021481079070239757,-0.0038497856938735546
external_lung,2145,0.004568172256609391,0.006284945257701263,0.008202904386009874
external_lung,2146,0.008857618891686153,0.004139575566013511,0.006549315473634678
external_lung,2147,0.0034587913170601816,0.002049148990202189,0.002167474451852456
external_lung,2148,-0.00587866735678208,-0.005817086001155168,-0.011432523488375507
external_lung,2149,0.004910878510920008,0.008994857862044636,0.011356044871445769
external_lung,2150,0.0017231679032873686,0.0031350090704650355,-0.0039330282436083695
external_lung,2151,-0.0002896831773672448,0.00054958396884211,-0.007825246461577645
external_lung,2152,-0.00919071704868571,-0.01041514835380831,-0.009323916821301301
external_lung,2153,0.0029241639187620925,0.0024877148249960734,-0.0022200529155085576
external_lung,2154,-0.0016116856141596692,0.0028663220695819376,-0.0007082402278862088
external_lung,2155,-0.010287560513538213,-0.012465685269079938,-0.014570715558986248
external_lung,2156,0.006619342185435612,0.0035298408433268127,0.002725406443425643
external_lung,2157,0.00410620215656148,0.006090392797246666,0.006273708407677649
external_lung,2158,-0.001450126849655629,0.0002908470459060859,-0.0051160752813073735
external_lung,2159,0.001036884103351815,-0.002498343014836285,0.00012785298607275364
external_lung,2160,-0.007301717105241033,-0.012520423249435485,-0.000771851556560353
external_lung,2161,0.005374437132076831,0.003086614892597067,0.010256555591224636
external_lung,2162,0.01124505716223285,0.009665281812345114,0.008649422800419923
external_lung,2163,-0.0046972116778889,0.0005288295253761122,7.174129040981182e-05
external_lung,2164,-0.0034016278325976292,-0.0004572550074710413,0.00319975886844077
external_lung,2165,0.0020973955912963562,0.003664981157087364,0.006556421507111526
external_lung,2166,0.001716280862088258,0.0007167017979105481,0.0021823890223921782
external_lung,2167,0.002973232172893775,0.003413400996783472,0.003717630947447916
external_lung,2168,-0.006693623994083751,-0.010350636822572451,0.0003812855491196381
external_lung,2169,0.004600205214777951,0.0023465669214388736,0.006057826349214507
external_lung,2170,0.0008243588695320733,-0.0015748447964190337,0.008986517243528457
external_lung,2171,-0.0023883282354837296,-0.00197598031681942,0.0021838631711805314
external_lung,2172,0.007269794993320079,0.003948598859170769,0.011840753770769328
external_lung,2173,0.0007826387458080378,-0.0004414572614189113,-0.0035337399514193033
external_lung,2174,0.001402375765743008,0.0017884240752138736,-0.0035736540186681503
external_lung,2175,0.0020172057864304336,-0.000586062023110262,-0.003557346112560746
external_lung,2176,0.0009613764959604069,-0.0026156415593945976,-0.0046359757844163145
external_lung,2177,-0.0009159399124031761,0.0013987150468621847,0.0028764927628522246
external_lung,2178,-0.007588889923770982,-0.007046363356822469,-0.013323982017305974
external_lung,2179,-0.005780920419764348,-0.003571680942840632,-0.006824726366835796
external_lung,2180,-0.0030293488076271837,-0.003059815441872106,0.0014224660759201055
external_lung,2181,0.0035110131040142953,0.0018997916494197706,6.965163307569777e-05
external_lung,2182,0.00444789825652193,0.0021540261905829976,0.011793635232899068
external_lung,2183,0.0029397475539894302,0.0008559894580992544,0.005657857285440446
external_lung,2184,0.001316214462182987,0.0030693781418414294,0.006312940013991898
external_lung,2185,-0.003930001292305853,-0.004015683823034475,0.001688046755468622
external_lung,2186,-0.0090799429451603,-0.00912852554878743,-0.014654936143271225
external_lung,2187,0.00418466316582967,0.004883746528644456,0.011468184086433788
external_lung,2188,-0.000589752972476996,-0.005740280637944656,-0.007797953914392744
external_lung,2189,-0.0019837025660305783,0.000923315454480387,0.0009721715986303983
external_lung,2190,-0.0001458946083543559,-0.001819334564050118,0.004099360375821934
external_lung,2191,0.0008606832390961883,-9.927595109801568e-05,0.0033024130541272714
external_lung,2192,0.0014385022845582092,0.0009483398422924689,0.0030495281988923983
external_lung,2193,-7.80179662287032e-05,-0.0011787195982451613,0.008566016171441565
external_lung,2194,-0.0010604366670183552,-0.00320686044033916,-0.0024659626222801323
external_lung,2195,-0.001244608845855949,-0.0015069274822206713,0.004119722909977484
external_lung,2196,0.004135546617831248,0.005183702890353257,0.004371353526001681
external_lung,2197,-0.005428605103771698,-0.003143663884209456,-0.0064633707213319165
external_lung,2198,-0.0046702223099960765,-0.0010213127795325552,-0.004790894198230117
external_lung,2199,-0.0013436881508036662,-0.00069052433694769,0.003044123311986455
external_lung,2200,0.009577194291971134,0.006153608620526616,0.013294618259998493
external_lung,2201,0.00752211370451721,0.00491194300972711,0.003738290211397756
external_lung,2202,0.003349454339510255,0.002371108502777858,-0.004897667989714518
external_lung,2203,0.0013595372743269256,0.0038410193735670213,0.0063779107686093945
external_lung,2204,0.00793018551331364,0.01247791178590756,0.005059010536807584
external_lung,2205,0.0015147033269229855,0.0038656908575653015,0.007143448289829499
external_lung,2206,-0.005982530243234113,-0.006383446746221794,-0.0077269825545479105
external_lung,2207,0.005295128075606513,0.005303357155769212,0.001509815692644995
external_lung,2208,0.0074345691432272,0.008846410310404867,0.012966777332347069
external_lung,2209,0.002937753075381938,0.005659590277410059,0.004996635967449656
external_lung,2210,-0.00024520970922676616,0.0054388753134998,0.003262113991557801
external_lung,2211,0.0024599338518107674,0.001336009163977275,-0.002100504390784972
external_lung,2212,0.005836676912568127,0.009222958907724834,0.00012323276150669193
external_lung,2213,0.0012604579693792084,0.0013952763668798145,0.00488295862235937
external_lung,2214,-0.006877796172921345,-0.008594569174013217,-0.005086496623465858
external_lung,2215,-0.002874152867946058,-0.003806663387805026,0.0017712534416965318
external_lung,2216,0.005105059621810894,0.005426323755317514,0.009303246600212079
external_lung,2217,-0.0010295359729441678,-0.0024507932385113007,0.004802610772899479
external_lung,2218,0.00685165485223065,0.006392174957525744,0.011430781512696098
external_lung,2219,-0.00024520970922676616,0.005951539711277163,-0.007905905193633109
external_lung,2220,-0.008344789693620078,-0.014541539114124008,-0.014759176358031895
external_lung,2221,-0.0017866520121086933,-0.003818954465590968,-0.003376460476457334
external_lung,2222,-0.0042647021377253125,-0.005617579726128447,-0.003922811259128217
external_lung,2223,-0.0025419308218619465,-0.004310535365874585,-0.006906948341119037
external_lung,2224,0.0058599962762432385,0.008237465800422627,0.002257276472171712
external_lung,2225,2.2261473424924533e-05,-0.0019803939130271877,0.0029781269535861152
external_lung,2226,-0.0031531279170415962,0.003129855245402519,-0.0003875300438334153
external_lung,2227,-0.009577194291971134,-0.005518582571862838,-0.005476923400980409
external_lung,2228,-0.0042647021377253125,-0.004342649806740327,-0.003080836471946337
external_lung,2229,0.0013456527423260922,0.0026506107728102857,-0.0006425477358103227
external_lung,2230,-0.002639677758879679,-0.0024457826082213605,-0.0012472007156999756
external_lung,2231,-0.0028041815882968815,-0.00038854113770613475,-0.002577415009637679
external_lung,2232,-0.0019398534731823274,-0.0033251459741499663,-0.005142491333269207
external_lung,2233,-0.0009185380045443244,-0.00383790427169009,0.003093368688658384
external_lung,2234,-0.00039930567311801296,0.0013014323979105569,-0.00033612554475319817
external_lung,2235,-0.005804149961999748,-0.005543188318955977,-0.010876006342185876
external_lung,2236,-0.008641292208787501,-0.008352928840743467,-0.007650871405939148
external_lung,2237,0.0007571908600907118,1.3278558972697695e-05,-0.003943571761200572
external_lung,2238,0.0021944020544073053,0.0001639257627298052,0.003465243136761174
external_lung,2239,-0.006130336901925927,-0.003597122979133199,-0.01295066636490741
external_lung,2240,-0.007365317312676913,-0.00717624714474166,-0.0033713935523146665
external_lung,2241,-0.002140234082712439,0.00244667315630188,-0.003497830597097305
external_lung,2242,0.0029573830493705155,0.0036450996172483394,-0.006348212873313858
external_lung,2243,0.0009317890359264355,0.0008864872548598746,-0.005260942031985008
external_lung,2244,-0.007089828029228057,-0.010577174310003018,0.001281591310284316
external_lung,2245,-0.0059202865796024835,-0.002854566951738404,-0.0021062059618735256
external_lung,2246,0.0027334704747874563,0.003137734473008663,0.003409481067523229
external_lung,2247,0.0007275064353319538,-0.0018353274303627896,-0.00157792877925364
external_lung,2248,0.005567076760792221,0.0031057543131080096,0.008701826205944943
external_lung,2249,-0.0017866520121086933,0.0015791441368931864,-0.005433513442119703
external_lung,2250,-0.0007806442672005457,-0.00010748514189648506,0.0008781566808825266
external_lung,2251,-0.011931834339681433,-0.013540974754957052,-0.014955027059742082
external_lung,2252,0.0037278147725238095,0.0002346496406736287,0.0004439739636521167
external_lung,2253,0.0045810750602861645,0.0044402068363263904,0.00270333135026001
external_lung,2254,0.0027554514594029336,0.004812358616289693,0.003474516901802255
external_lung,2255,-0.0025653842289717808,-0.005875964481489962,0.0018864306545755085
external_lung,2256,-0.00358612177793304,-0.005360429423953419,0.0003459620631981928
external_lung,2257,-0.0034007333297800166,-0.004886144071949493,0.0007905218517511672
external_lung,2258,0.004041483581433553,0.001472298160299377,0.011554687783378158
external_lung,2259,0.0017240624061049814,0.0019435133926208048,-0.001689450732932446
external_lung,2260,0.002976071923553545,0.0008343663864957829,0.012286388030323253
external_lung,2261,0.005062477283573739,0.007297017718840828,-0.0018518920650858377
external_lung,2262,0.004524342297650909,0.0012651744078283713,0.008147757869120188
external_lung,2263,0.0022837329875551407,0.003219912515437915,0.0016968548750679047
external_lung,2264,0.0017231679032873686,0.0038144726560499775,-0.008251643354540067
external_lung,2265,-0.0014681867093169672,-0.00634370679860662,-0.001542935544421577
external_lung,2266,0.0008890774446600006,0.003326298717242502,0.004804968391776586
external_lung,2267,0.0036336356375115584,0.003970365695866812,0.004929058028382607
external_lung,2268,-0.0031312630310406744,-0.003417361329716826,-0.008176715791674274
external_lung,2269,0.0018647447992635828,0.0029484336625639302,0.006234875261286512
external_lung,2270,-0.008159889985499926,-0.010729075406634103,-0.009102535754599397
external_lung,2271,-0.0005419825448841065,-0.0007494507859133285,-0.0057964315039602254
external_lung,2272,-0.0015704598197267643,-0.0017771696923358875,0.009275094460049992
external_lung,2273,-0.011180831964617952,-0.011816561831429012,-0.014260994455066742
external_lung,2274,-0.0033219081811485716,-0.002136966827388796,-0.0061930831576546275
external_lung,2275,-0.008328940570096819,-0.00583778863364201,-0.008298112301903554
external_lung,2276,-0.0011355782441283824,0.0008695304165327877,-0.0035012180531404924
external_lung,2277,-0.002628984436407661,-0.004815554185427997,-0.005946481829358965
external_lung,2278,0.009106708448178688,0.008711375296334173,0.009789102539867839
external_lung,2279,0.00032651788178473623,-9.273292212897777e-05,-0.007270174181864439
external_lung,2280,-0.008279601995475219,-0.005056853324136645,-0.005073476289123293
external_lung,2281,-0.009599683360299751,-0.011680560436272405,-0.009011196482055497
external_lung,2282,-0.0014376077817405963,0.0005821348273050051,-0.003966313013346573
external_lung,2283,-0.009219309104998435,-0.011448779550562846,-0.007203481062594266
external_lung,2284,0.0034909587657454646,0.0017403150329690362,0.002030291375558333
external_lung,2285,0.0013311690828886336,0.004696965231890513,0.006394302844289425
external_lung,2286,0.002277987545567397,0.005929417022912933,0.0002882525061426999
external_lung,2287,0.008122465640145932,0.0034680244612656603,0.017789260543320112
external_lung,2288,-0.0015103955730738732,-0.0033386338829665594,0.000100630341260316
external_lung,2289,-0.00868772025988713,-0.005975299156248476,-0.010849780147044175
external_lung,2290,0.007301717105241033,0.007205069634151786,0.00466639586411465
external_lung,2291,0.001928345006699463,0.002694095059256653,-0.0016941556462806986
external_lung,2292,-0.0018037356019385553,-0.00040987332762973394,0.00325013784540711
external_lung,2293,0.007449523763932847,0.01084648831339364,0.01509825253899234
external_lung,2294,0.004010074998557221,0.0028133807163305364,0.010631968971569494
external_lung,2295,0.0015479707513981478,0.001272324031642134,-0.0026972842327781426
external_lung,2296,0.0007494874199474311,0.004130756227539898,-0.006847204643701745
external_lung,2297,-0.00286805211622268,-0.0036522002418738395,-0.008687591249104
external_lung,2298,-0.0005432363548709777,-0.0001523671127140191,0.00974569822107732
external_lung,2299,0.00994171942374919,0.010515753579351592,0.011446129328562973
external_lung,2300,-0.0036016026793429987,-0.002911621042097292,-0.005660485571410717
external_lung,2301,0.003934309046154966,0.0062669428982891715,-0.002011003190537773
external_lung,2302,-0.0028602982230302907,-0.0009655244794110156,-0.003975007351666458
external_lung,2303,-0.0010781098977847199,-0.00029806763578718576,0.0026245106465499213
external_lung,2304,-0.004399862145919281,-0.008288807318313838,-0.003963490082524344
external_lung,2305,0.004540191421174168,0.003088232230464125,0.0014488897546930295
external_lung,2306,0.0005881402754938184,-0.004901296702032626,0.002036721080419144
external_lung,2307,-0.0009319868866753492,-0.003985069010300185,0.0006210303510481666
external_lung,2308,-0.003560975860963591,-0.005845917080525833,-0.008313953245949884
external_lung,2309,-0.010132364573857086,-0.00877078711446121,-0.016564734171109364
external_lung,2310,0.005246636517787108,0.005675001691110024,0.010296844955499679
external_lung,2311,0.007814048895710904,0.008448027054594567,0.007947248668326495
external_lung,2312,-0.0036800636886111884,-0.002389790734839238,-0.009318619008359535
external_lung,2313,0.001381131839837929,0.0012361176784374632,-0.0055336788079413946
external_lung,2314,0.008344789693620078,0.010961010214869346,0.010015557351050003
external_lung,2315,-0.004967328438697155,0.000200213993590298,-0.001247897121141752
external_lung,2316,0.003051953974570356,0.0040123520723276684,0.0006825153392275947
external_lung,2317,-0.003337133122344136,5.090058073996739e-05,0.0012338256551051121
external_lung,2318,0.0041939445686004035,0.00721262909634939,0.005030371767486136
external_lung,2319,0.0005681584069659925,0.0006865400198269589,-0.006819922279282456
external_lung,2320,0.006453862295977432,0.007777026144677447,0.0032748158559766367
external_lung,2321,-0.005736127345389114,-0.005523277515142431,-0.007958914398477115
external_lung,2322,-0.001590585377939796,-0.004757138316038181,-0.0024819756680714657
external_lung,2323,0.005010166930113237,0.003907521335291236,0.010361359816980118
external_lung,2324,0.0010884366363433466,-0.002080060264560581,-0.002023560797535545
external_lung,2325,0.001421758658217337,0.0016236435481033946,0.003546921199462196
external_lung,2326,0.0038177948717249277,0.004069340416379232,0.007659238286648171
external_lung,2327,0.004274018274851771,0.0058441237875247925,0.003958919770614087
external_lung,2328,-0.00013646237261334218,-0.0012092764267314557,-0.003509935428617781
external_lung,2329,0.0014001640927063335,0.0009328014759955316,0.003844050260242436
external_lung,2330,0.002295430022393565,0.006004412226300243,0.0010555886935614547
external_lung,2331,-0.002321462194790245,-0.005238014114691445,-0.006011157415436665
external_lung,2332,-0.0018272528163625807,-0.0013477062557279706,-0.002245952563490111
external_lung,2333,0.005372848610967919,0.0049037536292534465,-0.00150664020889682
external_lung,2334,-0.0063442204565463955,-0.0037707707092205223,-0.003592462825515554
external_lung,2335,0.005047001634530729,0.003200208447692726,0.0027840992801276
external_lung,2336,-0.0012820525348902119,0.0011946045816268183,-0.005798963139582641
external_lung,2337,-0.005780920419764348,-0.004034245474128182,-0.012572045041841071
external_lung,2338,0.0024599338518107674,0.000891909378456651,-0.0016454814710658108
external_lung,2339,-0.00435211106200666,-0.004558820934615783,-0.004300684097710367
external_lung,2340,-0.003818535345631711,-0.00036383495280520317,-0.00955458661680846
external_lung,2341,-0.001687336911236283,7.272291992961133e-05,-0.005491736295838536
external_lung,2342,0.0033535870845148217,0.002980923660573685,0.0030838588251913086
external_lung,2343,-0.0033938739394052397,-0.007681917434119455,0.002551438297287499
external_lung,2344,-0.0023473331949910212,0.00045509740507164876,0.0012751674579891403
external_lung,2345,0.0023631823185142806,0.0009730397743291377,0.005997118424837069
external_lung,2346,-0.005904437456079224,-0.005548540148169237,0.0006396128539985406
external_lung,2347,0.002690855848245808,0.0024969606975874894,-0.0029499756999225115
external_lung,2348,-0.003936303524762458,-0.0056822290212758435,-0.0037081804370996674
external_lung,2349,0.000844244474636426,-2.933041861516439e-05,-0.0030370836544112156
external_lung,2350,-0.00021591170357248188,-0.0033127460528185513,-0.0021221588812926073
external_lung,2351,0.0019733758274719515,0.001703778934175106,-0.00010882893540408367
external_lung,2352,-0.0006365157346986672,-0.0015211454171444963,0.003480468294917706
external_lung,2353,-9.740305053495175e-05,-0.003682990879231139,0.0014190619504206212
external_lung,2354,0.00675206840046839,0.01053996866482677,0.008891512483010336
external_lung,2355,0.0027687024907850446,0.0017986960397601186,-0.0012432042024176642
external_lung,2356,-0.0023476035154809394,0.0019202901982119103,-0.008250873974375638
external_lung,2357,-0.0012343166486885142,0.0008382216293269056,-0.007743486429971441
external_lung,2358,0.0017395104043236576,-0.0009582256226027541,0.0033293188686722985
external_lung,2359,-0.003918459922631706,-0.0009150103443474056,-0.010594546959559314
external_lung,2360,0.006916842550375511,0.009100531279478324,0.010994497636751135
external_lung,2361,-0.010472460221658366,-0.012930162658587032,-0.007609366397021783
external_lung,2362,-0.005389545781693307,-0.002762176797050902,-0.007941997131908119
external_lung,2363,-3.871543559560986e-05,0.003354901618631658,0.00043040749133887074
external_lung,2364,-0.0015898449040330127,0.0006931564027606587,0.0005596784142426943
external_lung,2365,-0.003495163980491036,-0.005004186154564818,-0.00692128473249079
external_lung,2366,-0.0037706532639398918,-0.0016600624482641193,-0.0005525608482411142
external_lung,2367,-0.009460317200461615,-0.009182150533823588,-0.013540112308598484
external_lung,2368,-0.002206026619504725,-0.006564768539827746,0.002378772400121863
external_lung,2369,-0.0017866520121086933,0.003553839842386358,-0.00222616740254893
external_lung,2370,-0.0018112058420904076,-0.0051802828136528565,-0.008822111964536628
external_lung,2371,-0.005564728227382419,-0.006403995373591774,-0.008673229421891204
external_lung,2372,-0.009767839442079032,-0.008168746287634135,-0.007711824753477195
external_lung,2373,0.005014068921177607,0.003741756778641867,0.005644996160990928
external_lung,2374,0.0022056884942669905,-0.0014219613207671158,0.0019647371542107035
external_lung,2375,-0.0010914073847823151,6.975430666603111e-05,-0.0035930333500371614
external_lung,2376,0.003701658254122192,0.008572353360688779,0.002477057644228925
external_lung,2377,-0.0011458704412958172,-0.0009330206110491345,-0.005704301334363513
external_lung,2378,5.6423400717699655e-05,-0.0026743446476871118,0.004550581994136299
external_lung,2379,0.000589752972476996,0.0021913660738039076,0.00596583789237895
external_lung,2380,-0.006285552185287323,-0.009015934100162187,-0.007255277220737924
external_lung,2381,0.0040426019491256,-0.002078633933580977,0.001702770850277082
external_lung,2382,-0.002324728028047849,-0.0023269072817513796,-0.0018318583121186929
external_lung,2383,0.00449686860903023,0.004317221273226396,0.007892700747300465
external_lung,2384,-0.00148340620518105,0.002117622487869332,-0.01455964686443879
external_lung,2385,0.00012002360815357993,-0.00025635281216928224,-0.00040104764339627763
external_lung,2386,-0.0031522334142239836,-0.00430081588365358,-0.005011292818198889
external_lung,2387,-0.0033221785016384897,-0.0033133928149813954,-0.003529825806447423
external_lung,2388,-0.003023954005245364,-0.002729752408544034,0.0037671706168313592
external_lung,2389,0.0037058337879083323,0.007840213923328112,0.0051078721882997875
external_lung,2390,0.003051953974570356,0.005443812710916383,0.008196170808841005
external_lung,2391,0.0028347605158732525,0.0030802562340683883,0.005127398967185365
external_lung,2392,0.0016218778622015724,6.973316076476022e-05,0.0030794989966381283
external_lung,2393,0.003411649709275146,0.008423954879802567,0.0059787806033941016
external_lung,2394,-0.0008620880767671776,-0.0018738854649590075,0.002904535888324631
external_lung,2395,-0.0027325759719698437,-0.0020027974177541006,-0.00048354066823790487
external_lung,2396,0.002404177359006989,-0.0011898554631678084,0.003118840036652147
external_lung,2397,-0.0043753083159375665,-0.0037018943131193745,-0.005352834613831875
external_lung,2398,-0.001413389109962924,-0.00010257350789770947,-0.0003538204544715484
external_lung,2399,0.002378895999742716,0.00285558091804188,0.003448026012445843
external_lung,2400,-0.00575123599500559,-0.001403925490359198,-0.013034756915609708
external_lung,2401,0.0023011847994983035,0.0017052715769952653,0.00672116473961549
external_lung,2402,-0.005495471144465182,-0.0031321353671880654,-0.01714491893747963
external_lung,2403,-0.004524342297650909,-0.004635378980906796,-0.00014517150611674957
external_lung,2404,-0.0016582022317656875,-0.0016758541440598056,-0.004641827948427832
external_lung,2405,0.003954923344400868,0.008222817058093718,0.004987412733541113
external_lung,2406,0.0002236151437157626,0.001803390493603498,-0.0007397263927814608
external_lung,2407,-0.0035400994896181517,-0.00203609050310861,-0.0040734022175883304
external_lung,2408,-0.00278674394366471,-0.0035449040596372086,-0.0012129110626284874
external_lung,2409,-0.0021263794377966716,0.0026060931738296766,-0.0009304586758759059
external_lung,2410,-0.004504572049173511,-0.0009439907784581461,-0.012060831100781665
external_lung,2411,-0.0017024455608527593,0.0017056674520011712,-0.009946553123446972
external_lung,2412,-0.008588981855327,-0.0059172905600798995,-0.004762934528251189
external_lung,2413,0.003011551021065382,-0.0011628100613734114,0.0038371527444043354
external_lung,2414,-0.0032370775475649427,0.00046367018089620493,0.0035852633767630426
external_lung,2415,-0.007281367682153567,-0.002130840016685907,-0.00070067674851292
external_lung,2416,-0.006048342123706668,-0.0065468194617994595,-0.0032074242718101165
external_lung,2417,-0.005373696658170048,-0.006670123048068623,-0.01205619792119832
external_lung,2418,-0.003713084968470698,0.0020689867246629634,-0.0006928186282456708
external_lung,2419,0.00011262718387919368,0.0005626909801946338,-0.0009358022955798333
external_lung,2420,-0.0004119516560621983,-0.001967947343638504,-0.005983457299302802
external_lung,2421,-0.00019393071895700462,0.0028012039635002444,-0.0006609537977500431
external_lung,2422,-0.0009652784870247769,0.00047989643061155396,-4.187587156415096e-05
external_lung,2423,-0.0026990015316257867,-0.004983942751188028,0.00032602048567821184
external_lung,2424,-0.0008287964764177499,-0.0038322460547020507,0.004633031230844085
external_lung,2425,-0.0010914073847823151,-0.0015898847228751067,0.0021261537749122372
external_lung,2426,-0.002627395915298749,-0.005920961400997136,-0.0017651220792768985
external_lung,2427,-0.0016229962298936196,-0.0042045298976625956,-0.0053460925570821185
external_lung,2428,0.0009672681334382723,0.004333064282440152,0.00643032846991512
external_lung,2429,0.00535699948744466,0.0010375098880236553,0.0002539268050072707
external_lung,2430,0.004025904778400212,5.4858390428227585e-05,0.009833477201934681
external_lung,2431,0.0025651603640973464,0.0005216380927403155,0.002543893453115833
external_lung,2432,-0.0016229962298936196,0.002873968185369641,-0.0045612208829074186
external_lung,2433,-0.0008477804354194152,0.00016049849975103658,0.005386122182743637
external_lung,2434,-0.008099236097910531,-0.012579763728534152,-0.01163777610094636
external_lung,2435,0.0022995821110784,0.0040462570567145655,0.004743588154529456
external_lung,2436,0.004964730346556007,0.0006004050750898215,0.007309674388170364
external_lung,2437,-0.0019325053427746801,-0.004139993111770999,-0.0044824280243662045
external_lung,2438,0.0044157112694425404,0.0023431729914271207,0.004242078484785926
external_lung,2439,0.003268146166952285,0.0026705005794455763,-0.002818976308541267
external_lung,2440,0.001119729120605123,0.0033979054446757286,0.009913906905699108
external_lung,2441,-0.0037265803062172067,-0.002556068238411137,-0.0066966392322752675
external_lung,2442,-0.0032425991246782526,-0.0043278280981041235,-0.0011901304587112007
external_lung,2443,-0.00459250177463467,-0.007692618998374599,-0.004654722725357728
external_lung,2444,-0.0006650108411661119,-0.0002106009361638831,0.0008817427735189806
external_lung,2445,0.0008129473528944905,-0.00018663171128321932,-1.443951648001185e-05
external_lung,2446,0.007157588572739154,0.005025299134070857,0.011456326442819104
external_lung,2447,0.002075414606680879,0.005381169876475994,0.0015471323228631408
external_lung,2448,-0.0023892227383013422,-0.0025939886481049224,0.0015047130037086263
external_lung,2449,-0.001989224950995211,-0.002638669034727509,0.004591465982645436
external_lung,2450,-0.00038325869884583974,-0.0025576101238520554,-0.0019670509397008706
external_lung,2451,0.0010404200641348043,0.0031317248168974132,-0.00047120087294685864
external_lung,2452,0.003627841901657075,0.0028682984794104007,0.008273248211299666
external_lung,2453,-0.005231527868170632,-0.007129820064811286,0.0017793782542755892
external_lung,2454,-0.00697069438601151,-0.005329900318264201,-0.008337019958447277
external_lung,2455,0.004845018336580714,0.006953089205374472,0.003481405598702238
external_lung,2456,0.004122051280084739,0.004669296083296294,0.007905754897289239
external_lung,2457,-0.00228513782522613,-0.0015873739965175846,-0.005035636018548109
external_lung,2458,-0.01047820566364611,-0.007533832838519522,-0.011869547148905524
external_lung,2459,0.0005261527650411157,0.0028894885423182324,-0.00462774530235624
external_lung,2460,0.003912328061539488,0.0021380204155191096,0.005167317440369514
external_lung,2461,-0.005415687102384002,-0.003380864702019713,-0.008577052541617605
external_lung,2462,-0.00144620572470149,0.0029125361956215314,0.0027990492594748007
external_lung,2463,-0.0017510517739978044,-0.0014754050542417907,0.0002635168306975024
external_lung,2464,-0.006046130450669994,-0.00885579923387772,-0.007211276209459244
external_lung,2465,-0.005246636517787108,-0.006761516263441911,-0.006042502144217078
external_lung,2466,-0.0001458946083543559,0.004899862113632497,0.00030253255118237177
external_lung,2467,0.008794158958739093,0.0113759475040222,0.00780373815589074
external_lung,2468,-0.0006848918087903055,0.0012048306145091652,-0.0018530838233301317
external_lung,2469,0.004665919193627123,0.005512531269441558,0.0011181624808015338
external_lung,2470,-0.0003574885995486961,-0.0023715281065865568,-0.006278440059210586
external_lung,2471,-0.00033461311211560596,-0.001230857733270576,0.006044273599233013
external_lung,2472,-0.002324728028047849,-0.001575800487432305,0.00042577016527412925
external_lung,2473,-0.00017608711682625308,0.0034753423605192826,0.005144641491427007
external_lung,2474,-0.00548729271871104,-0.003627939687436364,-0.007882571553337409
external_lung,2475,-0.0035110131040142953,-0.005788431059664803,-0.004223143292612429
external_lung,2476,0.0005707100434916568,0.0010653557730270304,0.006229191103307154
external_lung,2477,-0.00012002360815357993,0.0018702168589907753,-0.003562644516801041
external_lung,2478,-0.0024547780507595263,-0.0002071916358129069,-0.01069705631611039
external_lung,2479,-0.0018931129907018747,-0.002855337250263962,-0.004345539720864998
external_lung,2480,0.007712758854625107,0.008432505359901745,0.00528311562485583
external_lung,2481,-0.002202105494550586,-0.001673258764433,-0.002306801799472208
external_lung,2482,-0.0018080120366283277,0.0025630781303294936,0.00017869955166602302
external_lung,2483,0.0017430463651066468,0.002340691952613355,-0.000434980420863031
external_lung,2484,-0.006270666177180815,-0.011413603906063784,-0.0035358433071041493
external_lung,2485,-0.00017608711682625308,-0.0014916610289415766,0.00020689980234558922
external_lung,2486,0.004015612581232776,0.0003251482012846434,0.017091853240490517
external_lung,2487,-0.003930001292305853,-0.003684505574110717,-0.0038695339984983292
external_lung,2488,0.007042300002338547,0.004555234551955287,0.012125909546593195
external_lung,2489,0.002785780828247958,0.0005559242491535998,0.0024313533807695242
external_lung,2490,0.006567168692348237,0.0054531389769404874,0.00787017825202917
external_lung,2491,-0.004026528960727906,-0.004668241981325177,-0.00837945989472319
external_lung,2492,-0.0007904824604401395,-0.0016811619693451372,0.002636597469201372
external_lung,2493,0.001506859612290884,0.00396456204921955,0.002120105851337012
external_lung,2494,-0.0003532833848031251,0.0032743664302309814,0.0018660158220198304
external_lung,2495,0.008083386974387272,0.005739369001667317,0.014941227851778455
external_lung,2496,0.005719049007926201,0.0027880678020712943,0.005549521748932909
external_lung,2497,0.0031145435805740676,0.006279556408546928,-0.002039354486823288
external_lung,2498,0.0039440069649057385,0.006219480957750703,0.002262298636640246
external_lung,2499,-0.0016865964373295,-0.0014448204492580423,-0.0029679580545368773
external_lung,2500,0.0013256466979240007,-0.0013216885447072575,0.0039875607089140674
external_lung,2501,0.0009978470610146433,0.0006092788046617634,-0.003136071729555906
external_lung,2502,-0.008937657863581796,-0.006600918147793965,-0.008792226614545883
external_lung,2503,-0.005343504149698151,-0.009130636175101913,-0.0006811671909198458
external_lung,2504,-0.0008606832390961883,0.003207049584163263,0.003821390964325387
external_lung,2505,0.006635191308958871,0.010797204144762863,0.0019464821118032145
external_lung,2506,-0.005029918044700867,-0.00181896629018712,-0.00499560222163728
external_lung,2507,-0.0024250537303524278,-0.0037487782355838106,-0.0007484898339727892
external_lung,2508,-0.002602584709451341,-0.0031878820503232486,-0.006387897092412859
external_lung,2509,0.004823423771069711,0.00952445232992256,0.0014068958654017234
external_lung,2510,-0.0008462389532439182,-0.00033515849100219475,-0.007068174862060119
external_lung,2511,-0.004798501718974696,-0.003750345446452687,-0.0030320942025542823
external_lung,2512,-0.002807761812863435,-0.004178618294135415,-0.0036333635362023886
external_lung,2513,-0.005942267564217961,-0.00591746462290226,-0.002693918023909679
external_lung,2514,0.007524665341042874,0.009818282529467676,0.00872617183396924
external_lung,2515,0.012827100269368666,0.0136737123451831,0.015099042953283025
external_lung,2516,0.003538486792634974,0.0017026585461575963,0.00531257812956303
external_lung,2517,-0.004308532096683794,0.001974451065760321,-0.0018837329307884267
external_lung,2518,-0.003160971631673698,-0.0019916593471092925,-0.00040051819035137127
external_lung,2519,-0.0015908092428142302,-0.003203230480650419,-0.005256757674465974
external_lung,2520,0.006817492924937875,0.007345151298369573,-0.0011237112257689212
external_lung,2521,0.00043679765601901493,0.0026425530600116633,-0.0028913983240704917
external_lung,2522,-0.007132041530465122,-0.011187171229575642,0.00044395476578630143
external_lung,2523,-0.00460835089815793,-0.00263914706316525,-0.0035438491836887282
external_lung,2524,-0.006788392770032505,-0.0068617270541263264,-0.007321695498002684
external_lung,2525,0.007746920781917882,0.0111705064533624,0.004602754870711925
external_lung,2526,0.00711681739712088,0.00956008849616255,0.0016834931575530152
external_lung,2527,-0.0015262446965971326,-0.00583331937671038,0.0035474095996571673
external_lung,2528,-0.002213532208899092,-0.006986240645058586,0.0011000446968815842
external_lung,2529,0.007588889923770982,0.00738142168274176,0.007641549517282288
external_lung,2530,0.0076969097311018475,0.009015003590099185,0.0031384788380341517
external_lung,2531,-0.00014161817366458349,-0.0008393820023731291,-0.004635776767083183
external_lung,2532,-0.0031784092763058693,-0.00411948956950602,-0.0013836221719800608
external_lung,2533,-0.0001626382346952282,-0.0008310390499491801,0.002601920732290421
external_lung,2534,0.00034934291616871743,-0.002036465993718141,0.0020937952274825145
external_lung,2535,0.0032700050085511154,0.004411429715217177,0.003039605692468352
external_lung,2536,-0.0023802606559771935,-0.0027149096750135417,-0.0076295548266615085
external_lung,2537,0.0029557945282616036,-0.00041580239018286025,0.00487125841577149
external_lung,2538,0.006614314937613432,0.009223736183280751,0.0020421235309491708
external_lung,2539,0.00051069006062233,0.003189659612801552,0.0009894058338885772
external_lung,2540,0.0009126300083265407,0.0025066531730687605,0.005017006424980588
external_lung,2541,0.009582939733958878,0.011090017945227118,0.013848895251379268
external_lung,2542,-0.001755359527846917,-0.005456107256308065,-0.006228822353867763
external_lung,2543,0.0021976830853758325,0.0015654372914958394,0.002420962109164713
external_lung,2544,0.001092995905891227,0.0013711625725292553,-0.0036202945997816094
external_lung,2545,-0.00718041760455676,-0.005636174845447363,-0.004931382300824821
external_lung,2546,0.003196450729185535,0.002193990645090303,0.0008389788031896253
external_lung,2547,0.007650393113495829,0.00891688640495635,0.0032939743332355
external_lung,2548,0.008857618891686153,0.013338146522309774,0.014026971223300683
external_lung,2549,-0.0011904866897300321,-0.0031954071455500277,-0.0005059840653996542
external_lung,2550,-0.0008956625171112342,0.0026744526529943655,-0.005471024059314646
external_lung,2551,0.00156471437773902,0.0011125695421046744,0.0018903649059502277
external_lung,2552,0.005009171526391992,0.006753765432709252,0.008530776768473644
external_lung,2553,0.010303409637061473,0.0071194400775669575,0.015357283084407137
external_lung,2554,-0.000989133019439194,-0.00013562479211730771,-0.0012024526834092664
external_lung,2555,-0.0008956625171112342,-0.0008922584196716007,-0.00132225258386325
external_lung,2556,-0.0010939590213079793,0.0018682748956866853,-0.009256117395304363
external_lung,2557,-0.0044337527223222055,-0.0053388635691141995,-0.008151296566264518
external_lung,2558,0.0010914073847823151,0.0018656890779251238,-0.0004751766435452849
external_lung,2559,0.0030293488076271837,-0.000962615600320784,0.002563240647323263
external_lung,2560,-0.005908975963868533,-0.006968885164857451,-0.009404089199602719
external_lung,2561,8.155392701169235e-05,0.000724948184284822,0.0054834854840497636
external_lung,2562,0.003283594165170961,0.0026666307731070906,0.006152484228757258
external_lung,2563,0.0023728802372650535,0.000312921181268383,0.006686244167861835
external_lung,2564,-0.007607554622079747,-0.0012822545957835814,-0.012635807854685701
external_lung,2565,0.003508802367876216,0.006198454474359525,0.009514721894584957
external_lung,2566,0.001381131839837929,0.002787154155940376,-0.008994778152685262
external_lung,2567,-0.0009819979374913839,-0.0037089149997567017,0.002936519113035764
external_lung,2568,-0.005656343303307933,-0.004977326606422851,-0.00988574658396038
external_lung,2569,0.005862818233258821,0.0016884571508200275,0.006886886935686999
external_lung,2570,-0.010508784591222481,-0.008606675788532645,-0.01591071614826055
external_lung,2571,0.0005432363548709777,0.0012410001835795232,0.0037144815324280656
external_lung,2572,0.00034713218003063856,8.988353336859362e-05,0.005785300483472413
external_lung,2573,-0.0013652827163146697,-0.0037619664353837623,-0.0019001942100418667
external_lung,2574,0.0027874844175714932,2.0586408287161413e-05,0.0036661267659137964
external_lung,2575,-0.0061016155925839215,-0.0062833507014486145,-0.011441373026108176
external_lung,2576,-0.001590585377939796,0.0005493684511905703,0.004442961713036699
external_lung,2577,-0.007476289266951236,-0.009329847349280876,-0.004439950691716035
external_lung,2578,-0.002971915002674713,-0.008753986695808375,0.0030133087566362737
external_lung,2579,0.006322976530641317,0.004949600102487323,0.004483747540308919
external_lung,2580,-0.006032493000183409,-0.0032779432375338777,-0.0002802013786207718
external_lung,2581,0.0021554535785765216,-0.0013797735396115784,0.0007978570641916556
external_lung,2582,-0.003552632326834698,-0.007966590143641417,-0.0026903584908128477
external_lung,2583,-0.004432049132998671,-0.00307457753725642,0.002919360202539606
external_lung,2584,-0.0024099450807359515,-0.008030014616617944,-0.005174504047721601
external_lung,2585,0.003936303524762458,0.0036351060571855423,0.009836559217026596
external_lung,2586,0.0007277303002063881,-0.0014627427019701378,-0.004315446232007239
external_lung,2587,-0.0072430294903016905,-0.010687874877175624,-0.0005341601007145258
external_lung,2588,-0.005454476103972474,-0.005216258642709461,-0.009211220330740797
external_lung,2589,0.004761077373620702,0.0027470378665828414,0.0041741992611334655
external_lung,2590,0.0003374342612798657,-0.001956437804659067,0.003583675268946919
external_lung,2591,0.006333928259378961,0.007749620412696122,0.003679821948685112
external_lung,2592,-0.0031806016056622755,-0.0032775039542656537,0.002351606583457594
external_lung,2593,-0.004840120941795099,-0.001063604798022468,-0.004362577328148552
external_lung,2594,-0.007042300002338547,-0.0034171701341864555,-0.001871715041509005
external_lung,2595,-0.0009762302157624211,0.0006177929489797988,-0.0031559624191868736
external_lung,2596,-0.001394769290324514,-0.0040037516284287256,-0.0004736515877836468
external_lung,2597,-0.00090492656818326,-0.0013367565941157233,-0.0021815638894868428
external_lung,2598,-0.0032100881796721195,-0.003218873866329214,0.0013759702776633318
external_lung,2599,-0.0023112791459168245,-0.004993935381524549,-0.004257959335677973
external_lung,2600,-0.002325622530865462,0.002714315340046171,0.00524133343587473
external_lung,2601,-0.003051953974570356,-0.0004281034429493291,0.0006654699934570034
external_lung,2602,0.00882545144300087,0.0067445743670282166,0.003931366274506215
external_lung,2603,-0.00024389253900770438,-0.00022624062671358636,0.006198997593098082
external_lung,2604,-0.008159889985499926,-0.011057675430653937,-0.01572684595224012
external_lung,2605,-0.006445264353016539,-0.010424880514329705,-0.009778304396979956
external_lung,2606,-0.0033044705365163998,-0.003680950566506719,-0.00710231080385947
external_lung,2607,-0.0026874288427923,-0.0025465606188325254,-0.0011830189379785176
external_lung,2608,-0.0021162850913781506,-0.002883979106740884,-0.00702455502126989
external_lung,2609,0.0038655459556375484,0.004255313995232092,0.004577676144235682
external_lung,2610,-0.003965601530416742,-0.005752723898387925,-0.0013302802892903583
external_lung,2611,-0.0054714435951877805,-0.007464204009214151,-0.01121112760378809
external_lung,2612,0.0003532833848031251,0.0013308797724127428,-0.0005678343177377421
external_lung,2613,-0.0017073187797641092,-0.0056783651677360936,-0.0036643029556492623
external_lung,2614,-0.0071939129423032695,-0.0060524882356372085,-0.014014242405284752
external_lung,2615,-0.0011091831546522213,-0.002855108651165607,0.004044714912745134
external_lung,2616,-0.002547676263849691,-0.004421531987492983,0.0022920984854268023
external_lung,2617,-0.007930925987220422,-0.00891913825646117,-0.014732571144150653
external_lung,2618,-0.001578163259870045,0.0013806388512102492,-0.011160258974889304
external_lung,2619,-0.0036265247314380133,-0.0018376699984631595,-0.002595294780006631
external_lung,2620,0.006306792695996016,0.005694844543429676,0.007880505701117285
external_lung,2621,0.0015098059321373702,0.0005587582107377809,0.01032467948462911
external_lung,2622,-0.004697952151795683,-0.0025497960134712077,-0.007984449791225229
external_lung,2623,0.0017492083230744304,0.003249698856562594,-0.0011403775079096199
external_lung,2624,0.0034170711933361464,0.003082422174299798,0.002965589093549057
external_lung,2625,0.009767839442079032,0.013403934250591748,0.013267796741687127
external_lung,2626,-0.006534865606654293,-0.0028230023828300925,-0.002955892591577442
external_lung,2627,-0.00919071704868571,-0.00956753237657168,-0.007303933009148324
external_lung,2628,0.001928345006699463,0.0005182362045254665,-0.008338941626775277
external_lung,2629,-0.00445534728783321,-0.004675979309542731,-0.001784704218792242
external_lung,2630,0.0021340828779399523,0.0032502253743106058,0.0015051629876546755
external_lung,2631,-0.002977437387639346,-0.002697157940038414,-0.0009997574443564397
external_lung,2632,0.005454476103972474,0.00630031994083229,0.006055667246876811
external_lung,2633,0.0062054784790359545,0.0032410457217216153,0.00818315842231886
external_lung,2634,-0.0037706532639398918,-0.0048547810348033476,-0.006252816091011998
external_lung,2635,-0.0008120770259511431,-0.0018909409065284246,0.001963002475888015
external_lung,2636,0.009806158290250638,0.010744718636568775,0.009800345934881022
external_lung,2637,0.0016526806546523776,5.13224308395972e-05,-0.00189655626351549
external_lung,2638,-0.0018037356019385553,-0.0044528032095734835,0.007200662326313176
external_lung,2639,-0.002075414606680879,-0.0022936658099550382,-0.005130164036394075
external_lung,2640,-0.0015227087358141433,0.0009349937011145226,-0.003210013151591186
external_lung,2641,0.002081546467773097,0.0038580529541131503,0.007153402847959225
external_lung,2642,-0.002452783572152034,-0.006654442769923635,-0.006558640194148359
external_lung,2643,-0.0009181515854398506,-0.0009031576097855154,-0.00907829849808973
external_lung,2644,0.007691164289114104,0.005430192988637755,0.008569806637456406
external_lung,2645,0.00992587030022593,0.004230032349032455,0.011415654144522882
external_lung,2646,0.009106708448178688,0.006171876256184289,0.005962542536972731
external_lung,2647,6.611056627317535e-05,0.003960639089810897,0.007774294192436683
external_lung,2648,0.0004878145731892399,0.00022549593682451757,-0.004669009874043738
external_lung,2649,-0.0016608263380323562,0.0008521633498616288,-0.00680516304821796
external_lung,2650,-0.003160971631673698,-0.002613726828462143,-0.007738609402297082
external_lung,2651,-0.012842949392891925,-0.01137685645527961,-0.012196055254265972
external_lung,2652,-0.0009819979374913839,0.0003247118009202057,0.0012167246158760467
external_lung,2653,0.010508784591222481,0.013792066728407854,0.01178866600308758
external_lung,2654,0.0008620880767671776,-0.002329545873189407,0.0006925608177738851
external_lung,2655,0.0004858659101506975,0.0032089695680934394,-0.0050886859888404825
external_lung,2656,-0.0022218757430279845,-0.004523831729410019,-0.011933112532208754
external_lung,2657,0.0021243849591891795,0.0019331159509342517,0.0016880128957942424
external_lung,2658,0.0016275347376829286,-0.0024587096828095805,0.003389098190229432
external_lung,2659,-0.0036265247314380133,-0.0013894643492889103,-0.0008388376166365286
external_lung,2660,-0.0009775603306057072,-0.005284635010718955,0.0009914789414212364
external_lung,2661,0.0008967808848032813,0.0027082530786648185,-0.0033277783319752567
external_lung,2662,-0.004929862469921674,-0.0076341996531172265,-0.005364136357181332
external_lung,2663,-0.0032158336216598638,-0.003857546642257135,-0.0009411781031882136
external_lung,2664,0.00031066875826147683,0.0005939054146021824,0.0005219810727035054
external_lung,2665,0.006986543509534769,0.006381928364105699,0.010864627548020894
external_lung,2666,0.0008755369588982024,0.004541651512955981,0.010673749164653865
external_lung,2667,0.002142228561319931,0.003929139331489241,0.001459834469630781
external_lung,2668,-0.0010739771527801534,-0.0040845777600860365,0.0016994284207242452
external_lung,2669,-0.0005120072308413918,-0.002776261405811599,-0.005750604486393668
external_lung,2670,-0.0037858727598039745,-0.004210568925103084,-0.007451821191455718
external_lung,2671,0.004937867878812831,0.0053590820231141645,-0.0012113355511953012
external_lung,2672,0.0020679090172865122,0.003496404465998702,0.006201827807857062
external_lung,2673,-0.0033210601339464427,-0.0023434637463368253,-0.011648037587452226
external_lung,2674,-0.00643711866963656,-0.005780909690412626,-0.0029957571986979625
external_lung,2675,0.005153076194019436,0.0035874345910339722,0.011375012102835636
external_lung,2676,0.003966496033234355,0.001961387372573185,0.0018150852413455583
external_lung,2677,-7.036532229359738e-06,-0.0035647367830272023,0.0027575224347562897
external_lung,2678,0.0061751698719495025,0.003978345314333545,0.003334252020052951
external_lung,2679,-0.006693623994083751,-0.005992577290881346,-0.009210242640427923
external_lung,2680,-0.010285566034930721,-0.011062124223997188,-0.012924992801720428
external_lung,2681,0.00017808159543374522,-0.002670936384601502,0.007167339775406409
external_lung,2682,-0.001326609813340753,-0.004395813514135899,-0.005898801220005014
external_lung,2683,0.0013652827163146697,-0.0026152975710475495,0.0030328062831830776
external_lung,2684,-0.001309526223510891,-0.0064648788717016166,-0.0005581956520867478
external_lung,2685,-0.006508724285963598,-0.007001406675111352,-0.005091111745440015
external_lung,2686,-0.002369344276482064,-0.006847351960223671,-0.00840289136745856
external_lung,2687,0.0004912607125325171,0.0007443463673123448,0.005456769962090166
external_lung,2688,0.005926418440694701,0.004636145486922752,0.009438462325564603
external_lung,2689,0.0021137334548524864,0.007035840924114717,0.002478681437184429
external_lung,2690,-0.00868772025988713,-0.01043231416620439,-0.005267054556346285
external_lung,2691,0.008328940570096819,0.0057330176901612025,0.02140518122935456
external_lung,2692,0.0012936770999876317,0.0012559652555057625,-0.004543313709729925
external_lung,2693,-0.0058770798660731,-0.0002570103301911073,-0.009728671898211758
external_lung,2694,-0.010116515450333827,-0.016648216450297022,-0.009233545846914224
external_lung,2695,-0.00745041826675046,-0.0031309286673294554,-0.008562112628756067
external_lung,2696,0.00018423280020623176,-0.0008002664726527905,0.0048679157693848245
external_lung,2697,4.0328132578787423e-05,-0.0016846793439586154,-0.00317776428311999
external_lung,2698,-0.006899390738432348,-0.006400658522825425,-0.0035948541621629027
external_lung,2699,-0.006926864427053027,-0.009134352196049345,-0.005534387383873324
external_lung,2700,-0.005961286317329034,-0.004759328144816176,-0.002359825950966371
external_lung,2701,0.0012936770999876317,0.00269773607570246,0.005997927276149238
external_lung,2702,0.001965032293343059,-0.0015926679574547837,0.0016106048458646252
external_lung,2703,-0.004378844276720556,-0.006442516329098952,-0.006463060500943094
external_lung,2704,0.002206026619504725,0.0038184478573409135,0.010284970583369793
external_lung,2705,-0.0012343166486885142,0.002213048685067433,-0.009474318685619404
external_lung,2706,0.0022218757430279845,0.004064982246437486,-0.002170870523610045
external_lung,2707,-0.0017285627056691881,-0.0001677420353698167,-0.003240183642750851
external_lung,2708,0.0017395104043236576,0.004315480098531546,-0.0003456207383879992
external_lung,2709,-0.001989224950995211,-0.0012187165883879116,-0.006643671590149031
external_lung,2710,-0.0017395104043236576,-0.0015453603761512076,-0.0010286128449405372
external_lung,2711,-0.003538486792634974,0.00013496282049336571,-0.0061983893422785374
external_lung,2712,0.008106616516622672,0.011065230422861791,0.007934813029209406
external_lung,2713,-0.009561345168447874,-0.009839511835085902,-0.013052693285920023
external_lung,2714,0.004549188297607726,0.006893206270327681,-0.001284787745479271
external_lung,2715,-0.004967552303571589,-0.006141622898186103,-0.0010283394856466874
external_lung,2716,-0.0028664494278027772,-0.0024343645243561827,0.003139470098905963
external_lung,2717,0.002156688044883124,0.00019989912919820153,-0.0058090904281328515
external_lung,2718,0.003337133122344136,0.0002714134944800566,0.003978580897010965
external_lung,2719,0.00919071704868571,0.009856348860041062,0.01134709589218183
external_lung,2720,0.0012620464904881206,0.002348255300670482,-0.008027573848883834
external_lung,2721,0.007985093958915288,0.005009277081015201,0.015228181867478383
external_lung,2722,0.005470549092370168,0.006556757902552529,0.0015575845250892046
external_lung,2723,-0.0061751698719495025,-0.006648897581508893,0.0020671083934013608
external_lung,2724,-0.0011091831546522213,0.00018724323524635378,-0.003035167577015617
external_lung,2725,-0.001638845353416879,0.0015871861924155553,-0.004951189629982542
external_lung,2726,0.0051337809311529,0.005550393176008907,0.006150994108360665
external_lung,2727,-0.004168814042306411,-0.0014190892623799451,-0.0030964399390417674
external_lung,2728,0.0038177948717249277,0.00470957558319234,-0.0001887365015996456
external_lung,2729,0.0031087981385863237,0.0018336049761330613,0.005205621975771189
external_lung,2730,0.0009672681334382723,0.0009219663523717114,-0.0015136620644188208
external_lung,2731,0.004765974768406317,0.0025087164643116944,0.004314492668619228
external_lung,2732,0.0003574885995486961,-0.0015886844345050963,-0.005478763671958274
external_lung,2733,7.227252424095905e-05,3.084094963541154e-05,0.008093331799228767
external_lung,2734,0.0058293287821604796,0.004841116512919732,0.0021278803974455382
external_lung,2735,-0.00483927289459297,-0.006631978613707318,-0.01037148108371284
external_lung,2736,0.001299136124720074,0.0015933377214214044,-0.00011280405664237003
external_lung,2737,-0.0025651603640973464,-0.000785033867001748,-0.004578120203035635
external_lung,2738,-0.0007904824604401395,-0.0004140024304498206,0.0016904477374169538
external_lung,2739,0.006129596428019145,0.0055614005010740375,0.005695322540759487
external_lung,2740,0.0024099450807359515,0.0026098900578534383,0.005140662425149295
external_lung,2741,-0.007349468189153653,-0.004645131005958101,-0.009577807725487839
external_lung,2742,0.0045810750602861645,0.006491715503561618,-0.004745216629795961
external_lung,2743,0.0017650574465976898,0.0023903357344886114,0.0016472537618295313
external_lung,2744,0.0017321299856115173,0.004918980565023555,-0.0013798674482673743
external_lung,2745,0.0031451225081504386,0.0012430137054606032,0.0037461372707762453
external_lung,2746,0.0010739771527801534,0.0017423779680341054,0.005265232334311337
external_lung,2747,-0.006411972752667111,-0.010249505562366026,-0.005529003149247508
external_lung,2748,-0.0060290468608401315,-0.006339581632513645,-0.008180577528643882
external_lung,2749,-0.0031464879722362393,-0.005959973361493148,-0.0006655577743791461
external_lung,2750,-0.002526081698338687,-0.0015083866647787694,-0.013664111353762748
external_lung,2751,0.0019350569793003443,0.0015158061753866303,0.007100921756044551
external_lung,2752,0.004718238882204619,0.006723414215538745,-0.0012127918131910331
external_lung,2753,-0.003920454401239198,-0.006001143272370677,-0.005312931444418902
external_lung,2754,-0.00452042117269677,-0.0027794472771350553,-0.003542894874802462
external_lung,2755,-0.006524573409486857,-0.005595296766853487,-0.0038610506327397725
external_lung,2756,-0.0070739789057047975,-0.0032335650760883607,-0.0009604883036523531
external_lung,2757,-0.00039930567311801296,-0.003085244783219597,-0.006405225199826753
external_lung,2758,-0.0007107628089910815,-0.00046139688433493215,0.0020517888084665243
external_lung,2759,0.0018146519814336848,0.002415984252368895,0.002233471604476169
external_lung,2760,-0.010285566034930721,-0.009142941545022995,-0.014347680142300395
external_lung,2761,-0.0007443198976364307,-9.720591023962277e-05,-0.0029834754630448843
external_lung,2762,-0.0038026862221084514,-0.007589818247512212,-0.002690253321892257
external_lung,2763,0.002379636473649499,0.0014878557621820867,0.0010811993161478906
external_lung,2764,-0.002256743619662318,0.003822175399192209,-0.008840360933138586
external_lung,2765,-0.004083373124743874,-0.00806298928605704,-0.003169230823338374
external_lung,2766,-0.0015595121210722946,-0.0028617579497963266,-0.0018604566826470694
external_lung,2767,0.004105354109359351,0.005870238923248311,0.005849806420673148
external_lung,2768,-3.3177852920054006e-05,-0.0007710403275788998,1.1217205877295244e-05
external_lung,2769,0.003883030055885204,0.0005601015567322232,-0.0006216490723869044
external_lung,2770,-0.006407820663982276,-0.0073015453382552315,-0.006001926364628013
external_lung,2771,-0.0048621019264105765,0.0007338664343697066,-0.014879256894109322
external_lung,2772,-0.004904716552952225,-0.004130434859809416,-0.0011479723261839012
external_lung,2773,0.004776661008848039,0.004881878253278469,0.005591742197333484
external_lung,2774,0.004623080702211041,0.0019077785786548638,0.0018346824476173176
external_lung,2775,0.004964730346556007,0.0040911554533044165,0.007618836657249856
external_lung,2776,-0.0011581836040360876,0.0001755083293947337,-0.006500867417395964
external_lung,2777,0.0058076859227827364,0.009015454522170757,0.010496395119938393
external_lung,2778,-0.00051069006062233,-0.0017078232504121236,-0.0003814194333915295
external_lung,2779,-0.002489278313080536,-0.004385050562839175,0.0008529784406726415
external_lung,2780,0.0031520095493495492,0.006690755120559028,0.0037782166050775354
external_lung,2781,0.00476081188532478,0.005386090173215702,0.005041060679501802
external_lung,2782,0.008910892360563407,0.008690260338853886,0.007841762347860281
external_lung,2783,-0.0034170711933361464,-0.005446347701771983,0.00015286149222947442
external_lung,2784,-0.00336290322164128,-0.0040926817758570235,-0.006870226922425847
external_lung,2785,0.004860867460103974,0.00512570604335071,0.010402637006435594
external_lung,2786,0.002378895999742716,-0.00037927377366236015,0.005295472710282958
external_lung,2787,-0.004010074998557221,-0.002837481891432246,-0.0030959326971517214
external_lung,2788,-0.002578057340677148,-0.0018532309751633134,0.00171762558915244
external_lung,2789,-0.0060290468608401315,-0.009434095330744028,-0.0053821527222141785
external_lung,2790,-0.0010604366670183552,4.00100874839715e-05,-0.0010386487283363204
external_lung,2791,-0.00032710752272123905,0.0034673694322876016,-0.001295593491104317
external_lung,2792,0.0026498608077530996,0.003081459858301614,-0.004348437701730795
external_lung,2793,-0.002142228561319931,-0.0019899762167744084,0.0007929498359432927
external_lung,2794,0.008588981855327,0.010284506567545232,0.005260785875237492
external_lung,2795,-0.004856710539225141,-0.003955314740748163,-0.004519964092513901
external_lung,2796,-0.0015259897667826705,-0.0011374215104297907,-0.003358676932380224
external_lung,2797,0.005231527868170632,0.003369103560203969,0.0072254007054681855
external_lung,2798,-0.00014515413444757264,-0.0008224191234052584,0.002441439897854123
external_lung,2799,-0.001394769290324514,0.0010665531573596971,0.0032119849344086904
external_lung,2800,0.006772345795760332,0.007117278163309694,0.007694515782005945
external_lung,2801,0.012309373676516975,0.016239434790833035,0.022086890114874885
external_lung,2802,0.0009516893304049312,-0.003422919289574268,0.0020491989310134533
external_lung,2803,-0.0027325759719698437,-0.004497715663372935,-0.0023137563489273594
external_lung,2804,0.0014215347933429028,0.00026037310189455654,-0.005688255278655324
external_lung,2805,-0.005613504811891851,-0.004971725118621623,-0.009648539652910394
external_lung,2806,0.001955334374592286,0.00027820773546802214,-0.002411781320800083
external_lung,2807,-0.005106918463409725,-0.005431701049937723,-0.005442130348832684
external_lung,2808,-0.00919071704868571,-0.009895245772885891,-0.0037596690375378177
external_lung,2809,0.007761875402623529,0.008846003173486985,0.0026347382204655696
external_lung,2810,0.003896478938016229,0.006993313287262298,0.010406881348514169
external_lung,2811,-0.0016740513552889469,-0.0053830335591956244,0.0050453385691517265
external_lung,2812,-0.00040655685368037875,0.0004670180395712117,0.0005619291147026991
external_lung,2813,-0.0016759101968877772,-0.0003653494723366937,-0.002125946122181523
external_lung,2814,-0.0023534951529588046,-0.004971448039211743,-0.0036093120651033333
external_lung,2815,0.006270666177180815,0.003387565808739048,0.001765987048908707
external_lung,2816,-0.0007964933907238051,-0.003025963836288216,0.0017450172886554391
external_lung,2817,-0.007084290446552501,-0.005269004848368388,-0.012267827539564114
external_lung,2818,-0.0019337398090812825,-0.002617350513305481,-0.007212770076674581
external_lung,2819,-0.0029219039518586787,-0.005105592680961493,-0.005954137001430557
external_lung,2820,0.0015917037456318432,0.001001336415057258,0.005510220796158992
external_lung,2821,0.00026291767434885593,0.002975338777987511,-0.005450526476712579
external_lung,2822,-0.004687659954628248,-0.0032719678013110876,-0.01486997852105614
external_lung,2823,-0.004624397872430103,-0.005062046749437786,-0.004848238071253684
external_lung,2824,-0.0038707088387190856,-0.005231670347565323,-0.004499628729004362
external_lung,2825,0.0012217838114719677,-0.0009199217255857945,3.079785339910957e-05
external_lung,2826,-0.003337133122344136,0.0009068429392795154,0.0071027802909362225
external_lung,2827,-0.0002597416625309638,-7.0949153142448864e-06,0.005314810236460216
external_lung,2828,-0.001381131839837929,-4.372017628342939e-05,-0.002010826450436237
external_lung,2829,0.006298647012616038,0.0062313625549813845,0.007498673300200126
external_lung,2830,-0.0013249062240172176,-0.004559637640842394,0.006348396873351453
external_lung,2831,0.001326609813340753,-0.003201798654696007,0.009250044576485419
external_lung,2832,0.001424961798796411,0.0003195018567298442,-0.001302829165781311
external_lung,2833,-0.00118849221112254,-0.002205086042120043,0.005004238856788903
external_lung,2834,0.003442942193536922,0.0013994199221798913,0.004089836332162875
external_lung,2835,0.00366200382894985,0.0014676992182159065,0.00817891443364228
external_lung,2836,-0.0004845487399316358,-0.0003477690539767005,-0.0004102412039467725
external_lung,2837,-0.0015262446965971326,0.0047567384658469825,-0.0004937553074568872
external_lung,2838,-0.0015111360469806563,-0.0006019387141171135,-0.003697427367664291
external_lung,2839,0.0015747362544165366,0.00267291793955098,0.0023898174429019814
external_lung,2840,0.0008085097460088139,0.003981112510566366,-0.003296905576867764
external_lung,2841,0.005190500539373431,0.005535432906922794,0.0013182127398370198
external_lung,2842,0.0030293488076271837,0.0019456599443268365,0.014765772017216525
external_lung,2843,-0.0024905127793871384,-0.0009202692769563481,0.0041748773424084284
external_lung,2844,-0.007179183138250157,-0.006507756377949767,-0.005491878722473115
external_lung,2845,0.001668529778175637,0.002064224003055661,-0.004374057642312089
external_lung,2846,-0.0009652784870247769,-0.0010345242331137594,-0.002283829025711661
external_lung,2847,0.006411972752667111,0.008921661890662541,0.007816881028530611
external_lung,2848,-0.00024389253900770438,-0.0017456364561493631,-0.0015469020986886388
external_lung,2849,-0.0039936014997417335,-0.005329674251607917,-0.0018263971806988335
external_lung,2850,-0.008778309835215834,-0.006044057713879955,-0.009688787126988238
external_lung,2851,0.0035787736475253926,0.004262384351749591,0.006690771081404284
external_lung,2852,0.0017321299856115173,0.004912011007101193,0.0008336194031859646
external_lung,2853,-0.003883030055885204,-0.0015111245052669047,0.0007228092503588821
external_lung,2854,-0.005149630054676159,-0.004430467382091546,-0.00019115271061745376
external_lung,2855,-0.003337133122344136,0.001329497840632863,-0.013797742303022248
external_lung,2856,0.0028236109363866946,0.004023605768511934,0.0076102449054525996
external_lung,2857,0.00252280066737016,0.004150458906604324,0.004368293280740981
external_lung,2858,0.006262322643051922,0.011882647056448046,0.004470581794476689
external_lung,2859,-0.001296925388581995,-0.002922639665010616,-0.0023030111581697115
external_lung,2860,-0.0006848918087903055,-0.0036436939198705998,-0.005604521682347809
external_lung,2861,-0.007675315165590844,-0.007858682231518357,-0.006293014009842659
external_lung,2862,-0.007588889923770982,-0.0075640869824552814,-0.009352429236725513
external_lung,2863,-0.007163334014726898,-0.010575166757704507,-0.00751924166754761
external_lung,2864,0.00043679765601901493,-0.0011277427444040347,-0.000985936511770193
external_lung,2865,0.00033805925145888316,-0.002360228105277501,-0.001992179001057868
external_lung,2866,-0.0019711834981155454,-0.0029363649664174056,0.0030760985597614037
external_lung,2867,0.0017395104043236576,-0.00185452241785114,-0.0008020002750555866
external_lung,2868,0.0012298790418028376,0.003085400464520096,-0.0029183212900647975
external_lung,2869,0.0026184338329746,0.0005879575412971001,0.00638807256469697
external_lung,2870,-0.008295451118998478,-0.008015171671397547,-0.004572354791809979
external_lung,2871,0.0013865266422197486,0.0012861058405949921,-0.002296136672927727
external_lung,2872,0.003713282819219612,0.0014766613446336174,-0.00317031152630845
external_lung,2873,-0.003172258071533383,-0.002585664071494307,-0.0003717732316778537
external_lung,2874,0.0010562691876580637,0.0008729021217305511,-0.005036525646996627
external_lung,2875,0.005580577350905678,0.0027048219120689907,0.014508046534712021
external_lung,2876,-0.003209701760567646,-0.006575497909569525,-0.009358905190575778
external_lung,2877,-0.0017921629131050683,-0.0022033297965756795,-0.001076267606244898
external_lung,2878,-0.004041753901923471,-0.008313550868772512,-0.009529771683459504
external_lung,2879,0.0014303566011782305,-0.0004965303699623984,0.003269585591510628
external_lung,2880,-0.0022657057019864666,-0.0031123177778009012,-0.0015626158428995638
external_lung,2881,0.0033787523451645394,0.003934231623821625,0.009887922126447466
external_lung,2882,-0.001787886478415296,-0.002371102779968298,0.002121069214900101
external_lung,2883,0.0006787298508225218,0.0015838386456812255,0.0007530373868073851
external_lung,2884,-0.006524573409486857,-0.006138525100015992,-0.00742308399191241
external_lung,2885,0.00449686860903023,0.004166188377134145,0.0010056403674730354
external_lung,2886,0.0015488652542157606,-0.003456675020820024,0.005548805238071617
external_lung,2887,-0.00457532961829842,-0.0031730223505109876,-0.012085046265372702
external_lung,2888,-0.006817492924937875,-0.005111684864206628,-0.003333076604335729
external_lung,2889,0.0015638198749214072,-0.0012423304552649415,0.006646196789961044
external_lung,2890,0.0023954855971727584,0.004697441583554793,0.0021652311722485107
external_lung,2891,0.00345747414684112,0.006184391209106438,0.006441099863503265
external_lung,2892,0.006780049235903612,0.00903040465474883,0.005431762600307745
external_lung,2893,-0.00868856830708926,-0.007467655454988036,-0.012113516899469313
external_lung,2894,0.0005399880662766143,0.005561965125952038,-0.0042163572890597705
external_lung,2895,0.002923898430466171,0.00016941534048959617,0.000934163391041474
external_lung,2896,0.0027392642106419396,0.006057367727071855,0.0004772767747279285
external_lung,2897,0.006130336901925927,0.009803786515054267,0.006968546238227208
external_lung,2898,0.0029029199928570135,0.0010987828580660368,0.00217132666607614
external_lung,2899,-0.007623403745603006,-0.01352330584038607,-0.007699191486930148
external_lung,2900,0.003765258461558072,0.007611722117633677,0.0038137590460187443
external_lung,2901,-0.005064079971993642,-0.002284992178612582,-0.01340524218689651
external_lung,2902,-0.006370252628943075,-0.007831393965603718,-0.007641093711296944
external_lung,2903,-0.0047452282500974425,-0.004924875585901277,-0.006822588949099567
external_lung,2904,-0.0010152895378408115,0.000846583440315879,-0.0027110146403299213
external_lung,2905,-0.0006055827523199867,0.0005649293154860827,0.0004240384333543771
external_lung,2906,-0.00043679765601901493,-0.005285019629975861,0.0029893230959807393
external_lung,2907,0.0058599962762432385,0.005485700895239282,0.003019078424346687
external_lung,2908,0.011196681088141211,0.011879327666316358,0.01299510092989058
external_lung,2909,-0.0017242862709794156,-0.003978361419948312,-0.0018640774330637246
external_lung,2910,-0.004390429910178267,-0.008804387726984986,-0.007027580448548001
external_lung,2911,0.008075683534243991,0.006984404734358953,0.008144879886102416
external_lung,2912,-0.0011746375662067727,-0.0014520359938901828,0.002179748488156931
external_lung,2913,-0.006757813842456134,-0.006991144837048981,-0.009063249057041728
external_lung,2914,-0.0007964933907238051,0.0005395793611423784,-0.006936656491220708
external_lung,2915,0.007712758854625107,0.009484801431277603,0.012741012087231062
external_lung,2916,0.003194848040765632,0.004225831083929775,-0.00029082771754537773
external_lung,2917,0.005542747242766942,0.010630565951091714,0.008192694544410156
external_lung,2918,0.00791433638979038,0.0070034066919231665,-0.0003256656471405106
external_lung,2919,-0.0037107311826939473,-0.0028541710562621503,-0.00615246099772503
external_lung,2920,-0.0056118698351674545,-0.004162791664374933,-0.001685458353197361
external_lung,2921,-0.002992661520983588,0.0037431036225691974,-0.004218742336219133
external_lung,2922,-0.0007746333369168801,-0.004410728145429596,-0.003962989655706675
external_lung,2923,0.005567076760792221,0.0044940317312901585,0.0033041744063890916
external_lung,2924,0.000370937481679721,0.00463038620189396,0.0035056869268324424
external_lung,2925,0.0018112058420904076,0.006562996258273918,-0.00010573825076175725
external_lung,2926,0.003986845456321821,0.0019747672377382892,0.011441205791747408
external_lung,2927,-0.0008477804354194152,0.005214123816615318,-0.006679927181263062
external_lung,2928,0.0009242834465320685,-9.341158702784924e-05,0.002690690962952482
external_lung,2929,0.007762769905441141,0.006608392487066507,0.00847595237774402
external_lung,2930,0.0015103955730738732,0.0007614680324583291,0.004827892966025177
external_lung,2931,-0.0009126300083265407,0.0011794429833906868,0.001273661312357094
external_lung,2932,0.003854859715195826,0.004973959420306253,0.004824584750646427
external_lung,2933,-0.0025637957078628684,-0.0025430986302007923,0.0004771663997599116
external_lung,2934,0.004652378707865325,0.003995730821078282,0.0033710170906579478
external_lung,2935,-0.00857313273180374,-0.011262784838287049,-0.012482609452819659
external_lung,2936,0.0058599962762432385,0.008124250451213446,0.00380111338417552
external_lung,2937,-0.0021396044550532622,-0.0066509981562702285,0.0035880244574052573
external_lung,2938,-0.007937565932025778,-0.0064611896459004494,-0.009050175212520504
external_lung,2939,-0.006116501600690429,-0.007544661751506966,-0.011177230573256508
external_lung,2940,0.0006523648582219266,-0.0016528740026539681,0.002047193898351664
external_lung,2941,0.0015479707513981478,-0.0012655146378587612,0.0004353614709034226
external_lung,2942,0.009991057998370792,0.0058998003903140426,0.011574850239225823
external_lung,2943,-0.004988923004208158,-0.011520624004171354,-0.0004464676944528805
external_lung,2944,0.00039930567311801296,-0.0014986512256269884,-0.0004241962020794983
external_lung,2945,-0.0005322846261333336,-0.00284441963851668,-0.005426369794627989
external_lung,2946,-0.009235158228521695,-0.007621196880559983,-0.01322908198888394
external_lung,2947,-0.00046266865621979086,0.00022136122822953114,-0.004096604762542579
external_lung,2948,0.0037591072567855857,0.003517076391199997,0.0038211833163501276
external_lung,2949,-7.80179662287032e-05,0.0007203779742769405,-0.00020938844160094577
external_lung,2950,-0.007865960315698741,-0.005256977977594529,-0.0034851807584075642
external_lung,2951,0.0017807361987565624,-6.933986257529989e-05,0.006443073157534868
external_lung,2952,-0.005270574245624798,-0.004334394717742024,-0.010540564183706868
external_lung,2953,0.00144620572470149,0.0062523657123204155,0.0019153286516359704
external_lung,2954,0.0006952033496380091,0.000981301648314161,0.00019329330419762258
external_lung,2955,-0.005709616772185187,-0.007177909137867413,-0.012293234085661455
external_lung,2956,0.008862516286471769,0.007126557630407584,0.010544224614737262
external_lung,2957,0.008339892298834464,0.0048011467276249855,0.003558713378227469
external_lung,2958,-0.002662263791933082,-0.0010039036275560074,-0.007222702034528822
external_lung,2959,-0.009219309104998435,-0.007211319424419743,-0.019215768305299426
external_lung,2960,0.00555089292614692,0.007364097485012128,0.012211438984068578
external_lung,2961,0.0034929532443529567,0.0007071005554802612,0.0005194067634245736
external_lung,2962,0.00051069006062233,-0.0010797032228298253,-0.0035255774096112267
external_lung,2963,-0.005186367794368864,-0.0051285061688656295,0.0031406096591369186
external_lung,2964,-0.0029241639187620925,-0.0023892673621853378,-0.0055092777457215105
external_lung,2965,-0.007365317312676913,-0.003826316863953303,-0.005321357720216866
external_lung,2966,0.004148192600775434,0.0031396826902210335,0.006623414946477751
external_lung,2967,-0.004190408607817414,-0.007605424505920749,-0.00590185303299189
external_lung,2968,-0.008075683534243991,-0.006481660369501771,-0.009179694075741957
external_lung,2969,-0.0012443385253660306,0.0025949741016879913,0.0002817193219213088
external_lung,2970,-0.0005262688636556712,0.0017883860956096898,-0.00690515557500429
external_lung,2971,-0.009095792068683559,-0.013559304932487387,-0.009918025821672422
external_lung,2972,-0.005025020649915252,-0.008921630212771878,-0.006655262126304916
external_lung,2973,0.0012936770999876317,0.006215784569249863,0.003492399653355062
external_lung,2974,-0.0010939590213079793,-0.00018885022644927563,0.0025000381639782117
external_lung,2975,0.003749409338034813,0.0004038571512696614,-0.0016887589654069617
external_lung,2976,-0.003475874906890044,-0.0069856943202747475,-0.0062849689288815205
external_lung,2977,-0.005639599676967061,-0.003631398398586496,-0.00021697235253123615
external_lung,2978,0.0004142602938236595,0.0022459826766474122,-0.0021272503855555847
external_lung,2979,-0.004275252741158374,0.0007038566686681513,-0.00605297681550999
external_lung,2980,0.00587866735678208,0.0016217385834498554,0.006606773128692632
external_lung,2981,0.0057883008384764885,0.01015437781787007,0.007567633678585123
external_lung,2982,-0.009122557571701948,-0.006946952763042236,-0.010986461039550763
external_lung,2983,-0.0006794703247293051,0.0007265519913731421,-0.004483989585246512
external_lung,2984,0.0006642703672593286,0.0019596133107339557,0.0016938915529336924
external_lung,2985,-0.008518669675290238,-0.0077989231700136006,-0.006280341643196288
external_lung,2986,0.004616948841118823,0.0051078795223391815,0.0011376873089084805
external_lung,2987,-0.006381664145580658,-0.0038780248340443964,-0.001520241453830608
external_lung,2988,-0.0029064559536400025,-0.0011083686453081942,-0.0008906279112358326
external_lung,2989,0.0033848842062567572,0.0014193933676458033,0.005055651863686682
external_lung,2990,0.005274110206407788,0.008496858877746363,0.0012378427361742312
external_lung,2991,-0.001590585377939796,-0.00647433994267498,-0.009298769004103303
external_lung,2992,-0.00024520970922676616,-0.003495845958463685,-0.004459248391151796
external_lung,2993,-0.0038727033173265777,-0.0034894240117543107,-0.005510808498011897
external_lung,2994,-0.0024706271742827857,-0.0025758444187132155,-0.004478034529974889
external_lung,2995,-0.00016775949435527773,0.001706096229288014,-0.0041901867224114955
external_lung,2996,-0.005010166930113237,-0.0006628564254668456,-0.0029108510260044958
external_lung,2997,-0.0027167268484465843,-0.0010853488790887416,0.002532567322237731
external_lung,2998,-0.002506361902910398,-0.0024649303283048505,0.003938804457615362
external_lung,2999,0.0032158336216598638,0.003015888644542377,0.0004965517305891474
external_lung,3000,-0.00740399021565083,-0.005295480439293962,-0.007256950200857898
external_lung,3001,-0.001578163259870045,-0.003389635453731582,-0.009142842998190265
external_lung,3002,0.0032700050085511154,0.005606358590809,0.010085490407658687
external_lung,3003,-0.0063442204565463955,-0.0026831190900528565,-0.004564887616437761
external_lung,3004,-0.0003213620807334949,0.0021125586419504516,-0.00964765377081562
external_lung,3005,-0.0007435794237296475,0.00010226441313016899,0.0007567249554208121
external_lung,3006,0.009582939733958878,0.011335664506054213,7.720290385052064e-05
external_lung,3007,-0.0008879590769679535,0.0023818246944857144,-0.0016160648488785048
external_lung,3008,-0.00034295664624449845,-0.00239381397667209,0.004443677322821407
external_lung,3009,0.0033052110104231833,0.0035719935564754632,-0.00736089812932734
external_lung,3010,-0.0005756074382772721,-0.0008800923834916171,-0.003806748766058123
external_lung,3011,-0.004776661008848039,-0.002366841461265802,-0.006350374013969308
external_lung,3012,-0.004233023234359062,-0.007923487614307195,-0.012944945786963489
external_lung,3013,0.006333928259378961,0.008287436352503313,0.005511694506390099
external_lung,3014,-0.0021286880755581328,0.0030715002446777733,0.007582548713622636
external_lung,3015,-0.0016794461576707664,-0.0012162465328421819,-0.0031130342815067673
external_lung,3016,0.008419931270730105,0.008950109591043818,0.009823977020649605
external_lung,3017,0.011180831964617952,0.013614752687301898,0.014541777136240839
external_lung,3018,-0.0006549164947475908,0.0027810174233317275,-0.00028996851241564847
external_lung,3019,-0.004126948674870355,0.002069800745633574,0.003230874886768588
external_lung,3020,0.008730558751303213,0.009396439619675151,0.008789014583764234
external_lung,3021,0.00011878914184697738,-0.005552947634244789,-0.0013928317952346856
external_lung,3022,-0.005564728227382419,-0.004683818275060268,-0.00808134687372659
external_lung,3023,-0.0027167268484465843,-0.0053812671146721,-0.004208610540884977
external_lung,3024,0.0006388695204754177,0.0008722005150682648,-0.004478387923359056
external_lung,3025,-0.00961351866153525,-0.011865073863622132,-0.008378397516788474
external_lung,3026,0.0025069515438469006,0.0020608565346717234,0.0069804143698677466
external_lung,3027,2.9017516844837e-05,-0.004510008884756343,0.0006864408748240847
external_lung,3028,-0.0009926689802221833,-0.0032941881109744,-0.005079364396109037
external_lung,3029,0.0030678030980936153,0.0021646555916892407,0.0016342149742576142
external_lung,3030,-0.007524665341042874,-0.00810064345945082,-0.011158601447365663
external_lung,3031,0.0006964378159446116,-0.0002718362700766438,0.007431803323697704
external_lung,3032,0.006032493000183409,0.003994671778900829,-0.000189442908632792
external_lung,3033,0.002829005738768514,0.0020669423696398257,0.004030512231694881
external_lung,3034,0.004584021380132651,0.0017154169703175464,-0.0032995018603937656
external_lung,3035,0.005270574245624798,0.0007077681817121888,0.006364596291362999
external_lung,3036,-0.0025019242960247212,-0.00759698118749455,-0.006576564615769785
external_lung,3037,0.005105059621810894,0.0044131340217596435,0.002959201313168282
external_lung,3038,0.0005597583147540127,0.0001431460698980055,0.0010823641275921523
external_lung,3039,0.0006115936826036524,0.003037850014825529,2.3106804359398158e-05
external_lung,3040,0.00011262718387919368,0.002649718046874888,0.0017564354508729414
external_lung,3041,-0.008344789693620078,-0.009659163822493738,-0.004697928263609069
external_lung,3042,0.0036290763679636775,0.00398167312597511,-0.0006666065618659103
external_lung,3043,-0.0019192078557770849,-0.0035304293103716093,0.0014782330482501678
external_lung,3044,-0.0006787298508225218,-0.0010240951594308507,-0.0032638436777819393
external_lung,3045,-0.010303409637061473,-0.009775312356066665,-0.011295928616045106
external_lung,3046,-0.005079929095516901,-0.006815887751581086,-0.006097022396809712
external_lung,3047,0.0072913895588310835,0.0067840220929710855,0.010137151474601546
external_lung,3048,-0.005073767137549118,-0.0039875583273667565,-0.005703461748147426
external_lung,3049,0.0008890774446600006,0.0003602307145424144,-0.0006583873098173302
external_lung,3050,5.026144274991595e-05,0.00046008941453221097,-0.00480536501005042
external_lung,3051,-0.008857618891686153,-0.007668075638481052,-0.017806736017966056
external_lung,3052,-0.005186367794368864,-0.0029408624187411505,-0.010683695454693895
external_lung,3053,-0.0005558371897998737,0.0006049053214233491,-0.0037744506331991723
external_lung,3054,-0.005047001634530729,-0.004257640150069232,-0.008844841901873799
external_lung,3055,-0.006772345795760332,-0.012672247890543397,-0.009907095240913053
external_lung,3056,0.009408143707374242,0.009658489468786882,0.011881266204935117
external_lung,3057,0.005326420559868289,0.004457439673955815,0.011475623989876421
external_lung,3058,-0.003950646909711096,-0.000505801522837163,0.002288400140337811
external_lung,3059,0.0027334704747874563,0.0003824829441451405,0.0023127633781318824
external_lung,3060,0.0005273872313477183,6.100445139340749e-05,0.004480877979668943
external_lung,3061,0.005231527868170632,0.004010869893583541,0.0028961451837680265
external_lung,3062,0.004639777872936429,0.009121269629609102,0.0061400822520868885
external_lung,3063,-0.00455948049477516,-0.0020280927337872063,-0.00542175433079701
external_lung,3064,-0.0012820525348902119,-0.005793446236107178,0.001018449620717556
external_lung,3065,-0.0006793542261147497,0.0038176101891485106,0.004959201093633597
external_lung,3066,0.00426270765911782,0.0038082977541155916,0.004388932030598046
external_lung,3067,-0.003765258461558072,-0.002239413775542644,0.007678689372383965
external_lung,3068,0.00573538687148233,0.0043254896671102066,0.005106466981197053
external_lung,3069,-0.0029557945282616036,-0.002867230977615459,-0.001178070453909987
external_lung,3070,-0.0039513873836178786,-0.003173289084425888,-0.006187886118468479
external_lung,3071,-0.001708213282581722,0.0009498382496215172,-0.0029148309596345274
external_lung,3072,0.00345747414684112,0.00485108154363581,-0.006831460429107178
external_lung,3073,-2.9017516844837e-05,-0.0038513153770790656,0.0012694196406567715
external_lung,3074,0.005254725122101539,0.004768807628445421,0.00012758793994357975
external_lung,3075,-0.0016275347376829286,-0.0014086350809770776,-0.0016153081562126452
external_lung,3076,-0.0017634547581777866,0.0032250707500382043,0.0018975606144961317
external_lung,3077,-0.0023747390788638836,-0.0030757837301329987,-0.0026849935192276575
external_lung,3078,-0.00643711866963656,-0.011383327314000501,-0.01022082228684106
external_lung,3079,-0.0022209126276112323,-0.002844227575114535,-0.006883249586389538
external_lung,3080,-0.003157404351731369,-0.002641721990044319,0.003518682685196238
external_lung,3081,0.004814350842497955,0.006354880605225627,0.0014169099384707027
external_lung,3082,-6.4123499016651335e-06,-0.0031903819093961803,-0.004124355557159795
external_lung,3083,0.0019337398090812825,0.00014990031560395867,0.006899249058638932
external_lung,3084,-5.6423400717699655e-05,0.0019392180332261923,0.005155681848487109
external_lung,3085,0.002051862043014339,0.001986329293307082,0.008204553027892794
external_lung,3086,0.005564728227382419,0.00953710620555053,0.004288090906078837
external_lung,3087,0.00032710752272123905,-0.001670477874028196,-0.0012466054824000299
external_lung,3088,0.0038707088387190856,0.00810226998103498,0.004615107613273227
external_lung,3089,-0.006129596428019145,-0.008778664035654074,-0.013802899525387815
external_lung,3090,-0.0006964378159446116,0.0031522909094988763,-0.004591632995663444
external_lung,3091,-0.002184045634889248,-0.002519444103048376,-0.004561772029163164
external_lung,3092,-0.004866262262485793,-0.004071830788321619,-0.003270901314890967
external_lung,3093,-0.001058128029256894,0.0006885469163792717,0.004927095730054093
external_lung,3094,-0.0007923259113635136,-0.0016106750375968852,-0.0059491503585964904
external_lung,3095,0.009583834236776492,0.010227228494049622,0.00881381524748264
external_lung,3096,-0.0013956637931421267,-0.002840838710778458,0.0007835956220425635
external_lung,3097,-0.00042879224712785713,-0.00015160541724631993,0.0011414245186233036
external_lung,3098,0.0017492083230744304,0.005597937048517918,0.0029174003376142565
external_lung,3099,-0.00882545144300087,-0.008736887892354725,-0.003073159821438233
external_lung,3100,0.001036884103351815,0.0022939612964228695,-0.004107332730918835
external_lung,3101,0.003945850415829112,0.006026472614287634,-0.0033321180215288206
external_lung,3102,-0.009343918509759344,-0.008796673706547789,-0.008454136985384691
external_lung,3103,-0.00030332062785382957,0.0012466252332633079,0.006771588915349559
external_lung,3104,0.005961286317329034,0.007373009683505932,0.0056068675543503865
external_lung,3105,0.002475782975334027,0.003609123761556985,0.0029070106068431094
external_lung,3106,0.002534227381718666,0.00327813968283668,0.0034277175199917778
external_lung,3107,0.0008681888284905551,0.0024232145498448896,0.00879162359163522
external_lung,3108,0.0011617195648190766,-0.004738182529963988,0.004673763449688978
external_lung,3109,-0.003240280688144017,-0.00735942587409911,-0.007054361305872975
external_lung,3110,-0.0005432363548709777,-0.0016765771410939359,0.007409934505182671
external_lung,3111,-0.0020172057864304336,0.0016917764174762444,0.004093270048991451
external_lung,3112,-0.002256743619662318,-0.00041237066033819624,-0.002675563242704802
external_lung,3113,-0.0012059346879487083,0.00045187414661839375,-0.005010453948465915
external_lung,3114,0.005486398215893427,0.004893765815950959,0.009689309490198408
external_lung,3115,0.0012832870011968145,0.0023563320306988766,0.005097367618925772
external_lung,3116,0.001949588932604542,0.0015577398536910925,0.0003178672508725999
external_lung,3117,-0.007116593532246446,-0.006779462699083648,-0.01410585171221911
external_lung,3118,0.006614314937613432,0.007164079687707001,0.005379193792866656
external_lung,3119,-0.002378895999742716,-0.001710495184488764,0.007930734343603335
external_lung,3120,-0.0011827374340178016,-0.0018317953842201529,-0.005271041615661673
external_lung,3121,0.00558292588431548,0.004474696938350314,-0.00074309658230832
external_lung,3122,0.0013830805028764714,0.0016419611066013362,0.0019269037657001589
external_lung,3123,0.000701335210730227,0.003801452434470156,0.009714455757767295
external_lung,3124,-0.004417903598798946,-0.001690986536533628,-0.007168401792120924
external_lung,3125,0.0021499320014632117,0.004410903301939559,0.009139190181435875
external_lung,3126,0.006381664145580658,0.006500045758441625,0.0050726749641055256
external_lung,3127,-0.0017909284467984659,-0.005427023255311182,-0.0008687584605528524
external_lung,3128,0.002172421069791828,-0.0001237160655149878,0.0034945176311134973
external_lung,3129,-0.008616962690762222,-0.004812815898538669,-0.007043249685640953
external_lung,3130,-0.004524342297650909,-0.004736635521403196,-0.005418747354413139
external_lung,3131,-0.00012002360815357993,0.0015865526915322854,-0.0015290374096804023
external_lung,3132,-0.0015259897667826705,-0.0006797129888638879,0.009319564512994085
external_lung,3133,0.0062839172085629265,0.007634623908813541,0.004311390381665661
external_lung,3134,0.0038684981025810064,0.00416464366208788,0.004156637216382514
external_lung,3135,0.0035787736475253926,0.004095557211774857,0.0017572256579601877
external_lung,3136,0.0009514190099150129,0.0028955110046498997,0.001402901109702102
external_lung,3137,0.00452042117269677,0.005094455328299173,0.001971978696447524
external_lung,3138,0.0006848918087903055,0.00019024607925493175,0.012421315018379647
external_lung,3139,0.008873468015209413,0.010519087065679786,0.014531949075024909
external_lung,3140,0.00034295664624449845,0.0019772156355198633,-0.0038335823896831303
external_lung,3141,0.00725887861382495,0.00787584200588882,0.015116033727792477
external_lung,3142,0.003300313615637568,0.005395431772722753,-0.0038923463472722297
external_lung,3143,0.0047130608014121595,0.0028813384185884068,0.003364774165816292
external_lung,3144,0.0008477804354194152,-0.0011969369373706165,-0.0011212588366075285
external_lung,3145,0.0017750793232752065,0.0009144133331897842,0.005285115858617064
external_lung,3146,0.0005273872313477183,0.0020066445373905692,0.007786326843434657
external_lung,3147,0.008502820551766979,0.005015474270992018,0.013422450425324483
external_lung,3148,-0.0034274988327984055,-0.0010641630555212889,-0.0003473363423496154
external_lung,3149,-0.007281367682153567,-0.007707402759140993,-0.015415022588455979
external_lung,3150,-0.006539303213539969,-0.006348034205285041,-0.0051216906730163865
external_lung,3151,-0.0025651603640973464,-0.004387348847530864,-0.00027881215115248747
external_lung,3152,0.011180831964617952,0.008446579843282074,0.010758644662620099
external_lung,3153,0.0026990015316257867,-0.00020513546896765633,0.0035389162853818414
external_lung,3154,0.0006952033496380091,0.002590975599396648,0.004769843669383073
external_lung,3155,-0.002766737899262619,-0.0020467365164718496,0.003542173426128475
external_lung,3156,-0.006475843280592909,-0.0073465565315090535,-0.011990940328480072
external_lung,3157,0.004432049132998671,0.004410915199706776,0.007457071150302669
external_lung,3158,-0.005549998423329307,-0.005703214893923882,-0.00577738297278151
external_lung,3159,-0.001982808063212965,-0.004429892566577212,-0.000546507104819673
external_lung,3160,0.0015940123833933044,0.004230731744393433,-0.003488364531646332
external_lung,3161,-0.0007923259113635136,-0.0004473935438141508,0.004638722099784378
external_lung,3162,-0.00038236419602822685,1.6566042126037227e-07,0.0002485630437850938
external_lung,3163,-0.0015011141703031399,-0.005003695400542786,-0.0010776942390902748
external_lung,3164,0.006083574139704256,0.005307015950637789,0.0021746184463888596
external_lung,3165,-0.0029299093607498363,-0.00511359808985265,-0.002706630336960956
external_lung,3166,-0.0014659759731788884,-0.0009713302436435146,-0.0011100683203581763
external_lung,3167,0.0006388695204754177,0.002691670813708552,0.003108945762285718
external_lung,3168,-0.0005756074382772721,0.005783144139478327,-0.003324094170252747
external_lung,3169,0.0038035807249260645,0.003975893001659338,0.0027864874236332533
external_lung,3170,0.006238770079385382,0.0012596606695588573,0.004114318677932762
external_lung,3171,0.007967250356784536,0.006894436302666423,0.016317973928899155
external_lung,3172,0.006986543509534769,0.009271296524255837,0.0050833110984452035
external_lung,3173,0.002724872531826563,0.0010477458927022991,-0.0038015054619837947
external_lung,3174,-0.008058241057417823,-0.00946426337352027,-0.0017373630226798767
external_lung,3175,0.004280150135943989,0.003650785361981518,0.001707003018331423
external_lung,3176,0.001590585377939796,0.001320921811969994,-9.671903783724689e-05
external_lung,3177,0.0031520095493495492,0.003453207016926465,0.002525802493621563
external_lung,3178,-0.0017240624061049814,-0.0037484888713233133,-0.001301875104107129
external_lung,3179,-0.000548133749656593,0.0006762975554660082,-0.003968799453197438
external_lung,3180,-0.00017871122309292184,-0.0010391223356642128,-0.004578577782024834
external_lung,3181,-0.0012936770999876317,-0.0025357339184507908,-0.005355791207357306
external_lung,3182,-0.002645423200867423,-0.004398147972962757,-0.0024377758960584897
external_lung,3183,-0.004025904778400212,-0.003504296231427682,-0.0065783561286150245
external_lung,3184,-2.9017516844837e-05,-0.0023342563777207317,-0.0029551555845968303
external_lung,3185,-0.0019711834981155454,-0.003940387333108225,-0.0003873912572605145
external_lung,3186,-0.0017805383480076487,-0.004697023595235892,-0.004138010274003559
external_lung,3187,-0.0033551997814979992,-0.0038291156958985646,-0.004166734947348659
external_lung,3188,-0.003147112154563934,-0.007518202321521755,-0.010724717216572375
external_lung,3189,-0.002226435012575865,-0.005620052066803133,-0.006789586089728896
external_lung,3190,0.004308532096683794,0.00733049949892664,0.00968810457145607
external_lung,3191,-0.0047023897586813595,-0.003824911612273579,-0.003146326265207268
external_lung,3192,-0.00460835089815793,-0.004890362710762533,-0.015083144840233126
external_lung,3193,-0.0005273872313477183,-0.0004511719273363745,-0.002514107504141855
external_lung,3194,0.0062839172085629265,0.005240585918763983,0.008214228886003622
external_lung,3195,-0.005329866699211566,-0.0031411260620387107,0.0009742005623056176
external_lung,3196,0.0010939590213079793,0.00176711814661204,-0.0013640637963666937
external_lung,3197,0.008714709627779954,0.00907665676214911,0.00314320398453935
external_lung,3198,0.0023257386294800175,-0.0014928395006305328,0.0027569662609891
external_lung,3199,0.0025941043149493213,0.002496970990961994,-0.0040940693072400915
external_lung,3200,0.0010372394130874485,0.002614247811009875,-0.003992273257227369
external_lung,3201,0.0039440069649057385,0.00810601980070973,0.008133351448606635
external_lung,3202,0.003994225875033962,0.006269444990364794,-0.001523797552688823
external_lung,3203,-0.0024250537303524278,-0.0019034451833798982,-0.005835198899039764
external_lung,3204,0.0011458704412958172,-0.0029801708961667284,0.002678187145775233
external_lung,3205,-0.002220172153704449,-3.360240468411324e-05,-0.007566520976697419
external_lung,3206,-0.003898473416623721,-0.005868760698040348,-0.0006501238763154393
external_lung,3207,-0.009512228620449453,-0.010537161837154427,-0.008395690194569936
external_lung,3208,0.00316256015278261,0.002324517850309358,0.004597380905833623
external_lung,3209,0.00854565904318306,0.013306019232707753,0.009069745061363477
external_lung,3210,0.008641292208787501,0.007835895794262703,0.015541476796049994
external_lung,3211,-0.0024734291895572766,-0.003193430572348046,0.0006978159879998114
external_lung,3212,0.004111099551347096,0.004618697992591042,0.00011717579098484941
external_lung,3213,0.0017031860347595424,0.0020857158912090295,0.004255637384974355
external_lung,3214,0.005863442415586516,0.010545514242917711,0.00440582128114996
external_lung,3215,0.005464803650382423,0.0031866273263118174,0.0029148809687908985
external_lung,3216,0.0034178116672429295,0.004475390771896357,0.002287552875101027
external_lung,3217,-0.004654373186472817,-0.004955570654049732,-0.007550254129615306
external_lung,3218,0.0033161627391608273,0.00647512574067452,0.005219395150250393
external_lung,3219,0.00156471437773902,-0.0023004511323441073,0.006826095133685141
external_lung,3220,0.009528077743972713,0.008792635496827747,0.01025269566961822
external_lung,3221,0.003252926671088202,0.0014170984246108242,0.007264302108286685
external_lung,3222,-0.006445264353016539,-0.0038902126787846345,-0.00658916104076417
external_lung,3223,0.002172421069791828,0.0032655327652235944,-0.0018203986217701453
external_lung,3224,-0.00039070773015711935,-0.0012270176676267008,-0.003734444689252575
external_lung,3225,-0.0008765323626194477,0.0020992845152806396,0.002560108924233815
external_lung,3226,0.0015011141703031399,0.0021335434872156445,0.008093771813290638
external_lung,3227,0.0017634547581777866,-0.0008183337871053205,-0.0029094027354540277
external_lung,3228,0.0026831524081025273,0.00657793580915438,0.00898333467544272
external_lung,3229,0.001708213282581722,0.007584014202263077,-0.006232990868125074
external_lung,3230,0.001575361244595554,0.005114106815805032,-0.001100393008571852
external_lung,3231,0.0014939568086141108,0.0026579801423979033,-0.0061935310501516445
external_lung,3232,0.0020973955912963562,-0.0008335856145585503,0.0015954855458559696
external_lung,3233,0.00010478346924709207,-0.00040281497199685473,7.395520105382691e-05
external_lung,3234,-0.0008071796311655277,0.00350014992646185,3.072777306248331e-05
external_lung,3235,0.0015002196674855268,0.005098155742816514,-0.002217765475576533
external_lung,3236,-0.00024706855082559653,0.0029397820285864407,-0.003551605127095042
external_lung,3237,0.00213213421490141,-0.0010731144376045962,-0.00457368891893518
external_lung,3238,0.002421255696469902,0.0006260300304735398,0.005059510303639908
external_lung,3239,0.0009181515854398506,0.001228686357113364,0.004120789445526731
external_lung,3240,-0.0022657057019864666,0.000862574751966392,-0.004362529539171332
external_lung,3241,0.0025322329031111737,0.004956737527405654,0.007885437251324559
external_lung,3242,-0.0022995821110784,-0.006903504116912512,-0.006322009339134618
external_lung,3243,0.0006952033496380091,0.0006041198521098505,0.000180987623308565
external_lung,3244,0.000989133019439194,0.001203946190073496,0.005066788105814818
external_lung,3245,-0.005709616772185187,-0.008091805671316501,-0.00013462357407426073
external_lung,3246,0.003683598394460854,0.0017963577852878334,0.003698451079341701
external_lung,3247,0.0004959602565692186,0.0033162449214080756,0.0022646440014096048
external_lung,3248,0.003196450729185535,0.0011884610486068425,0.011079973969711951
external_lung,3249,9.660638496028495e-06,0.003418973434591623,-0.002943190075034602
external_lung,3250,0.002219277650886836,0.0020433433114647273,2.0555097519405537e-05
external_lung,3251,-0.0016794461576707664,-0.0014574752242729287,-0.0031556545268638476
external_lung,3252,-0.0019569370630121894,-0.0015011701646890088,0.005828046747181967
external_lung,3253,-0.005014068921177607,-0.0061205655021391026,0.0010124462642999432
external_lung,3254,-0.0015917037456318432,-0.0012942192744366532,0.0051151582944272776
external_lung,3255,0.005535043802623661,0.005009329391997506,0.006263149574534213
external_lung,3256,0.0037274283534193355,0.0025461999960412853,-0.001918247258622894
external_lung,3257,0.003801721883327234,0.0021433617189501597,0.005482170773883863
external_lung,3258,0.006429415229493279,0.00596992860104642,0.004126256243327658
external_lung,3259,-0.0016449772145090968,-0.002219011370111499,0.00016396316209378137
external_lung,3260,0.004544750690722049,0.005884929306241858,0.004562529755438517
external_lung,3261,0.0008755369588982024,0.0004437069329657391,0.012013566614322263
external_lung,3262,0.0031087981385863237,0.001589093410208455,0.005470429073632868
external_lung,3263,0.008953506987105056,0.007923748787677015,0.01237845557948511
external_lung,3264,0.0030274001445886414,0.005037333787972877,0.008817203180560979
external_lung,3265,0.006360069580069655,0.008645010799631897,0.005097869168971749
external_lung,3266,-0.0036019709014562993,-0.00553104252158329,0.0005892842800748845
external_lung,3267,0.0005536264536617949,0.00570897910185252,-0.0022197791198426036
external_lung,3268,0.00118849221112254,0.0006631639340263321,0.0065104802570846625
external_lung,3269,-0.0006523648582219266,0.0015733858572188064,0.0017519543059156726
external_lung,3270,0.0031520095493495492,0.0005209208345834659,-0.0026002820722130877
external_lung,3271,0.0018080120366283277,0.004785580622455811,0.003890216799504363
external_lung,3272,-0.0010562691876580637,-0.0018616656021828624,-0.0012865236125823114
external_lung,3273,0.004624397872430103,0.0020904901645601346,0.0076919527499165665
external_lung,3274,0.0004278007795854577,0.0007348170982375928,-0.0031234434881104536
external_lung,3275,-0.0012604579693792084,-0.0014401120389249955,-0.003499613534787662
external_lung,3276,-0.0009498304888061008,-0.0017890976350154555,-0.0030028304107773776
external_lung,3277,-0.0017646892244843893,0.0008360586381742918,-0.0017327253983708362
external_lung,3278,-0.002369344276482064,0.0009759530327689558,-0.008217032001331661
external_lung,3279,0.005597655688368591,0.0075878961555129465,0.004772053965029638
external_lung,3280,0.005719049007926201,0.005574034846525735,0.01008616470331857
external_lung,3281,-0.0019837025660305783,-0.004489722696002202,-0.004854877542536634
external_lung,3282,-0.00495371700233609,-0.007037220220712135,-0.002940757163397802
external_lung,3283,0.0027167268484465843,0.0009757529528848694,0.00045202657797528255
external_lung,3284,0.0033710489050212586,0.0072197776304647465,-0.0020464236310227626
external_lung,3285,0.0005752693130395373,0.004512114700429309,-0.003573642158620336
external_lung,3286,0.003209701760567646,0.003113054289478399,0.005371761647724691
external_lung,3287,-0.0041323434772521745,-0.007252959540742963,0.00042809476534356496
external_lung,3288,-0.008027932450331371,-0.006253624804310992,-0.010576374926580617
external_lung,3289,-0.0019557025967055866,-0.003268250563774472,-0.00019413914415908318
external_lung,3290,0.0025622082171538885,0.005362694854411015,-0.0004925412125593074
external_lung,3291,0.005345715822734826,0.006953123873006774,-0.0025171116503938384
external_lung,3292,-0.0008287964764177499,-0.0007405939988071135,-0.0020374215029985987
external_lung,3293,-0.001087202170036744,-0.006051626503151025,0.0025491387251207567
external_lung,3294,-0.002908314795238833,-0.005620735898877488,-0.007926688289521302
external_lung,3295,-0.004258169151328511,-0.006047023884303365,0.0013854991111856745
external_lung,3296,0.004728260758882136,0.005843254600338937,0.00611623427379146
external_lung,3297,0.0011417101052206002,0.0031203367723446986,-0.005356939141208818
external_lung,3298,-0.00697069438601151,-0.005604907894442207,-0.007129701110151293
external_lung,3299,-0.0007962279024278837,-0.0037406007275544717,0.008695227386383387
external_lung,3300,0.004824677581056582,0.003221120516924127,0.01006555106502883
external_lung,3301,-0.0013249062240172176,0.0018405455115187523,0.0023945250935381857
external_lung,3302,-0.0012771551401045966,0.0010832996172549978,0.00319630768591625
external_lung,3303,0.0027687024907850446,0.0015715693009952512,0.0030252051663532302
external_lung,3304,0.004230811561322388,0.005852648897548043,0.013158280745128731
external_lung,3305,0.0034893702446365527,0.005103331592598265,0.005249894790960524
external_lung,3306,0.0015488652542157606,0.004914916280731772,0.009200520409110874
external_lung,3307,0.003066792496661447,-7.058968286049105e-05,0.0019648801312987614
external_lung,3308,-0.004010074998557221,-0.003883458910250724,-0.0051762596635690035
external_lung,3309,0.0038026862221084514,0.0033803708752447037,-0.0019197982584642135
external_lung,3310,-0.0074345691432272,-0.004247718563815163,-0.00399194823457974
external_lung,3311,-0.0023373113183135044,-0.0035531728500949227,-0.004146251694916382
external_lung,3312,0.002274186096488486,0.001993906648887554,0.0015389277600745175
external_lung,3313,-0.00033805925145888316,0.004230585041111022,-0.003276283904472682
external_lung,3314,0.0024371048199931613,-6.0831389535359603e-05,0.00557075019634561
external_lung,3315,-0.0010562691876580637,0.00394927108737772,0.0030058449197116104
external_lung,3316,-0.0030081048817221048,-0.0010545967885977519,-0.008343756789583037
external_lung,3317,0.0029290613135477075,-0.0003301065762748301,0.011977062389379612
external_lung,3318,0.003854859715195826,0.006581776777461144,0.009387067904315696
external_lung,3319,0.006508724285963598,0.008495133144550535,0.007169193899693421
external_lung,3320,9.903802725934792e-05,-0.001909163251121217,-0.0022598800732299045
external_lung,3321,-0.0013579345859070224,-0.0010882710199372203,-0.0056743132831343635
external_lung,3322,0.0028041815882968815,0.002352291630176667,0.0064275971597661605
external_lung,3323,0.004910878510920008,0.0030370227872767164,-0.0038832992741739767
external_lung,3324,0.005149630054676159,0.0030173406160078626,-0.001942479016554875
external_lung,3325,-0.002937753075381938,0.0011019039651379943,0.008419219341985204
external_lung,3326,0.007025602831613159,0.005087961438144985,0.002312312325940323
external_lung,3327,0.0015488652542157606,-0.0008961382098295796,0.0018840771396387197
external_lung,3328,-0.002206026619504725,-0.002889637323728924,-0.005260776049217921
external_lung,3329,-0.004483328123268432,-0.0012326918740315127,-0.012921027111957945
external_lung,3330,0.003970996332798561,0.0022061115189096012,0.007520233250966429
external_lung,3331,-0.00041515479664127236,-0.003301875175838585,-0.005862363429594277
external_lung,3332,0.0022367617511344917,0.002736971454230954,-0.001529862213957317
external_lung,3333,0.0009126300083265407,0.0022652766213457263,0.009159752337551313
external_lung,3334,-0.0062839172085629265,-0.006147137522607991,-0.008049065287274476
external_lung,3335,-0.0024706271742827857,-0.006979939836180847,-0.005908501090351062
external_lung,3336,0.0026874288427923,0.004299850080628488,0.007278642088519555
external_lung,3337,0.00031420471904446595,-0.0027752966230643328,0.0025507034538950666
external_lung,3338,-0.005062477283573739,-0.0046667830586937156,-0.013564179693020418
external_lung,3339,-0.004592026789023808,-0.003559311380855995,-0.006319764216841874
external_lung,3340,0.00267580427769488,0.003028401035706313,0.00030122121046626416
external_lung,3341,0.0031804037549133615,0.006087421775424326,0.00022755304138273114
external_lung,3342,0.006333928259378961,0.0053826689401774985,0.0076323654168805695
external_lung,3343,0.003258448248201512,0.0026043203082964836,-0.008185499585740524
external_lung,3344,-0.002378895999742716,-0.0026916154204025917,-0.00030748522329344507
external_lung,3345,-0.005836676912568127,-0.0033916734485227866,-0.0054947860339710315
external_lung,3346,-0.00028747150433057017,-0.0049316293346978275,0.00690929398424255
external_lung,3347,-8.155392701169235e-05,-0.0017586805661359561,-0.002636931657062127
external_lung,3348,0.006635191308958871,0.009402089318243203,0.01016004064160204
external_lung,3349,-0.005343504149698151,-0.0033573501686253453,-0.009062935467253555
external_lung,3350,-0.006962990945868229,-0.006850010299806799,-0.014314400281406505
external_lung,3351,-0.00043679765601901493,0.004305346844755337,0.0014499863835183702
external_lung,3352,0.0017920468144905128,-0.0009145554380729228,0.008150237758441379
external_lung,3353,0.0045810750602861645,0.0038512965060704214,0.014163170775305423
external_lung,3354,0.001534333300911563,-0.0020988804876836313,0.0049424711200708555
external_lung,3355,-0.0035746133114501755,-0.0076145252294842385,0.006692673322024565
external_lung,3356,-0.00750626458099395,-0.006873835264081446,-0.005491695976298644
external_lung,3357,4.902697644331341e-05,-0.0004198757503930117,0.003462008859476516
external_lung,3358,0.0050892104982876345,0.0017231594717716232,0.0026452044548365785
external_lung,3359,0.004776661008848039,0.005299494399556672,0.003799134710953731
external_lung,3360,-0.003949752406893482,-0.0054935583103730605,-0.006007375861252337
external_lung,3361,-0.002627395915298749,-0.0014307016330720643,0.0018067379674813473
external_lung,3362,2.315597624253744e-05,-0.004694887349430105,-0.007920974554299881
external_lung,3363,0.005359353273221411,0.00585761901351233,0.006103752047775551
external_lung,3364,0.004454030117614148,0.002307606344293343,0.0038379156751021386
external_lung,3365,0.0013107606898174935,-0.0033902678690353556,0.0034602840080932007
external_lung,3366,0.0016794461576707664,0.003733586362592217,-0.0007501970720985109
external_lung,3367,0.0019569370630121894,0.0001895323022412152,-0.002731772134143467
external_lung,3368,-0.002257861987354365,-0.003852068675129096,-0.00028533516045709884
external_lung,3369,0.0028144737854643165,0.004177995207665736,0.0039291915986002695
external_lung,3370,-0.0018922184878842618,-0.004377806450777982,0.004200576346770429
external_lung,3371,0.004114901000426006,0.0031762015256612173,0.006778423777173091
external_lung,3372,-0.002178552930884046,-0.0009626913991026274,-0.0016739300508863686
external_lung,3373,-0.00033805925145888316,0.0016595261452905519,-0.006335369596031676
external_lung,3374,0.0014659759731788884,0.0026385690803038637,0.003939098470739764
external_lung,3375,0.0008890774446600006,-0.0001733517032109314,0.004953020849273025
external_lung,3376,0.0073823956501398265,0.009884933759113673,0.00781950625174535
external_lung,3377,0.0070414519551364185,0.0026827100348133974,0.009224198925191432
external_lung,3378,0.0051058000957176775,0.008033736136204625,0.0029599417870750655
external_lung,3379,-0.006507135764854686,-0.008049746566901264,-0.005692054576369242
external_lung,3380,0.0031520095493495492,0.0064422921605540775,0.011992503316580999
external_lung,3381,0.0009652784870247769,-0.0004868923014871388,-0.006753425673992239
external_lung,3382,0.006817492924937875,0.0004166793608443575,0.011681841996523546
external_lung,3383,-0.007042300002338547,-0.007626617506453964,-0.008447384658480578
external_lung,3384,0.008099236097910531,0.010132232336470046,0.004342491871142207
external_lung,3385,-0.0035442322346227184,-0.006633733576731518,-0.0046442339021551165
external_lung,3386,-0.0034274988327984055,-0.002144570808631535,0.0056867818922106406
external_lung,3387,0.0027687024907850446,0.0020676578395159295,0.004577642867387923
external_lung,3388,-0.003051953974570356,-9.991675898169804e-05,-0.0018609680164974978
external_lung,3389,0.00444789825652193,0.0051562779668616054,0.0008010368265109207
external_lung,3390,0.004009450623264993,0.004909546230559457,0.007031604437103109
external_lung,3391,-0.008196983034928265,-0.008396928012045751,-0.0063379236309533595
external_lung,3392,-0.008328940570096819,-0.005420539243311678,-0.014743327234508635
external_lung,3393,-0.004739833447715623,-0.007799503249120534,0.0005964361395435856
external_lung,3394,0.003896478938016229,0.0037240630516154984,0.00700847637189512
external_lung,3395,0.005739925379271639,0.007888081517596113,0.007420374269828269
external_lung,3396,0.0017807361987565624,0.00016261185891263308,0.005871051841746938
external_lung,3397,0.005106918463409725,0.007624691521848258,-0.0023750694362836182
external_lung,3398,0.0012604579693792084,-0.002634070554158513,-0.003092472964616076
external_lung,3399,-0.0036981303477650516,-0.00434524433516186,-0.004325817608835316
external_lung,3400,-0.0007787854256017154,0.0008038063234638756,0.004474054767717386
external_lung,3401,0.006795898359426872,0.003281253963319103,0.008862465072002232
external_lung,3402,-0.0019192078557770849,-0.001927993542434179,-0.010163315418371299
external_lung,3403,0.005231527868170632,0.007519561705452269,0.011448619713112923
external_lung,3404,0.0026835077178381608,-0.0029368166955579624,0.008034700604705042
external_lung,3405,-0.004845018336580714,-0.0032621717100009924,-0.004233306658822868
external_lung,3406,-0.0003687267455416421,0.002881909503695277,-0.005764274803626336
external_lung,3407,0.0037141773220372245,0.0014771169398881214,0.00806710825603251
external_lung,3408,0.001787886478415296,-0.00019852238017164158,-0.004682082920041621
external_lung,3409,-0.0012184675251652548,0.0003613098766557705,0.0033304020106906893
external_lung,3410,0.004544750690722049,0.005273197066991429,0.009510259940279698
external_lung,3411,-0.0003213620807334949,0.004486624068690205,-0.00904926021665034
external_lung,3412,-0.00181402779910599,-0.0022879437135065552,0.0023753166845949065
external_lung,3413,-0.007084290446552501,-0.008529465364188832,-0.014943452910048071
external_lung,3414,-0.00675206840046839,-0.008532194897563988,-0.009431132156221425
external_lung,3415,-0.00555089292614692,-0.006712054617595267,-0.007796431990508751
external_lung,3416,-0.0037274283534193355,-0.001765375547448239,-0.0005453671467879799
external_lung,3417,0.0005432363548709777,-0.0037640932027564003,0.005894960497742084
external_lung,3418,-0.0005548609199683974,-0.0007615707925775206,0.006840151563150053
external_lung,3419,-0.0024427616954745177,-0.0012722496276684483,0.0002207610812725671
external_lung,3420,-0.0062526247243011495,-0.006024858841958275,-0.0006012726412793212
external_lung,3421,0.0007497112848218653,-0.0019485760719145187,-0.010986711924767476
external_lung,3422,-0.001424961798796411,-0.0016679626306039714,-3.2484755616707384e-05
external_lung,3423,-0.0006642703672593286,-0.005251177606273648,-0.0017080763143307771
external_lung,3424,0.0004716307385439396,0.0014396932267633222,-0.00018579261943530806
external_lung,3425,-0.0015103955730738732,-0.004800678184278401,-0.004173918349820958
external_lung,3426,-0.0011391584686949359,0.0015745948128900826,0.0012183134573009737
external_lung,3427,0.005863442415586516,0.0033025718902793917,0.008030948666702686
external_lung,3428,-0.005580577350905678,-0.006163354744895572,-0.0025004148604568883
external_lung,3429,-0.003854859715195826,-0.002788185618715272,-0.0021469031362863953
external_lung,3430,0.0015739957805097533,-0.0008321107706907584,-0.002640484200535023
external_lung,3431,-0.00040165945889476345,0.0015825311817904235,-0.006258387513255591
external_lung,3432,0.0019808814168663182,0.0020015784945283943,0.0034819818190944722
external_lung,3433,0.007285867981717774,0.010681566075263948,0.0027369984458618293
external_lung,3434,-0.0019091859790995684,-0.0007348605069709229,-0.005622327058287718
external_lung,3435,-0.006386101752466335,-0.00513820670534588,-0.006391914107835951
external_lung,3436,-0.0011819969601110185,0.0013122262530357771,-0.005850010389868923
external_lung,3437,-0.0039143225401469806,-0.00142922043015134,-0.00617722489455011
external_lung,3438,0.004967328438697155,0.004382031097825247,0.010133193215441361
external_lung,3439,-0.0011423344805128282,0.0007524392631064469,-0.004471886969605922
external_lung,3440,0.0021715265669742154,-0.0012999399418834414,0.006605660449754311
external_lung,3441,0.005470325227495733,0.005291110065513055,0.01214641226442334
external_lung,3442,0.0003691131646461158,-0.0009341125008344071,0.0001973096772328505
external_lung,3443,-0.00026291767434885593,-5.66902768681099e-06,-0.0015583400652199042
external_lung,3444,0.0026918512519670534,0.0006743276719981262,-0.007170364374545777
external_lung,3445,0.0015227087358141433,0.0031540867051719863,-0.0007507141534424944
external_lung,3446,-0.0029919210470768045,0.0010479908709572585,-0.005156257162653823
external_lung,3447,-0.005375400247493584,-0.01005747207482478,0.002104580302671716
external_lung,3448,0.001980256426687301,0.002268619794731336,0.009785936004279211
external_lung,3449,0.00607742293493177,0.005921686517455181,0.00044867797202525605
external_lung,3450,0.0014001640927063335,0.0011140657940301817,0.0009689364611972506
external_lung,3451,0.006285552185287323,0.006516802140561264,0.004910186283340326
external_lung,3452,0.0038821355530675914,0.0020810910359960097,0.002877529988822153
external_lung,3453,0.006411972752667111,0.00408887279992314,0.012635920122829814
external_lung,3454,0.008181133911405005,0.010253672189420426,0.008298937596173164
external_lung,3455,-0.0025644198901905633,-0.00165349019232335,-0.005006149705221646
external_lung,3456,0.002172421069791828,-0.0011308142531212726,0.002016469285902406
external_lung,3457,-0.005908975963868533,-0.006097725025241446,0.0010716730339681846
external_lung,3458,-0.004644675267722044,-0.0023991698920943307,-0.0036169415556607703
external_lung,3459,-0.0009352351752697127,-0.001846164873136926,0.00024702172475224427
external_lung,3460,-0.0002236151437157626,0.0016319062790014958,0.0007340547955930476
external_lung,3461,-0.003285854132074375,-0.004558166274610115,-0.003683025812643302
external_lung,3462,-0.0005756074382772721,-0.005391183524285664,-0.004274342988434922
external_lung,3463,-0.0050892104982876345,-0.003546599696241057,-0.004065141795859456
external_lung,3464,-0.00034713218003063856,0.0037441254280261107,-0.002333843768324989
external_lung,3465,-0.008106616516622672,-0.00786966551127428,-0.004786104357040808
external_lung,3466,0.005073767137549118,0.004357485484882027,0.002523844455957593
external_lung,3467,-0.0022351267744100956,-0.0039266826994880655,0.0051911020109596155
external_lung,3468,-0.0036423738549612727,0.0005891872873546216,-0.006683335962584053
external_lung,3469,-0.0012059346879487083,-0.003260074892870159,0.0003778575529063226
external_lung,3470,0.003898473416623721,0.0017626655249340464,0.004295645097192648
external_lung,3471,-0.000934610992942018,0.0017872262090861033,0.0006764149213921712
external_lung,3472,0.011196681088141211,0.01192535843979454,0.014799400892212738
external_lung,3473,-0.005415687102384002,-0.006558311592291727,-0.0021961144813429463
external_lung,3474,-0.0014303566011782305,-0.001828570772940269,0.001787735814520547
external_lung,3475,-0.0032700050085511154,-0.006687401725089813,0.0007121655877426101
external_lung,3476,-0.0048295749758421975,-2.341498822327169e-05,-0.0010599362441198286
external_lung,3477,-0.005025020649915252,-0.003202832166481734,-0.003990157961060309
external_lung,3478,0.003221004559167249,5.927255375495766e-05,0.00999414624840351
external_lung,3479,-0.0012094706487316975,-0.00017675524056388436,-0.004216811665268503
external_lung,3480,0.006795898359426872,0.01117050697940607,0.0060721953522704835
external_lung,3481,0.0034735211211132933,0.0029730565405027,0.006900601050754804
external_lung,3482,-0.0002309955624279029,-0.001543543529496788,-0.003161725545245214
external_lung,3483,0.003560975860963591,-0.0011908145552199192,0.003491779509105166
external_lung,3484,0.002475782975334027,0.003216928324486732,0.00848863429891277
external_lung,3485,0.0007277303002063881,-0.002522905949030531,0.0035011358737107867
external_lung,3486,0.005998379366757373,0.008477917503191925,0.006006848552684842
external_lung,3487,6.4123499016651335e-06,0.0016127837612786855,-0.0025299435410857754
external_lung,3488,0.007814048895710904,0.010561253728755354,0.0070169506400659205
external_lung,3489,0.007623403745603006,0.009620428485821075,0.010554133728420317
external_lung,3490,0.00016100325797083204,-0.0018510749606126995,-0.001296617876465724
external_lung,3491,0.00278674394366471,0.0012259232733653387,-0.0021545338723663503
external_lung,3492,0.0007277303002063881,0.005822787191676217,0.006673042536899126
external_lung,3493,-0.0018223554215769655,-0.0010901939969925703,-0.01124111683511043
external_lung,3494,0.0018714961454496526,0.002037758595723758,-0.0028974568228490594
external_lung,3495,0.007460440143427977,0.007023991049661958,0.011063159947499504
external_lung,3496,-0.003285854132074375,0.0029108952884295543,-0.006050413099060024
external_lung,3497,0.004183060477409767,0.0036422662754649246,0.010201066589380314
external_lung,3498,-0.005671902762661006,-0.006545477655912596,-0.011343950613080588
external_lung,3499,-0.0020286325007789394,0.003871269594004125,-0.0013888586544468693
external_lung,3500,0.004105354109359351,0.00025889045328374594,0.014064624388180836
external_lung,3501,0.0012887797052020162,-0.0005822143761058294,-0.002053477048551161
external_lung,3502,-0.0037265803062172067,-0.004793254402697761,-0.0029030784310196955
external_lung,3503,0.002298633162972639,0.004360555559356928,0.006406024346257247
external_lung,3504,0.00452890156719879,0.007262721514713513,0.0006724654711862212
external_lung,3505,-0.0027090234083033036,-0.0017868977946915166,0.0002519951882435272
external_lung,3506,-0.00313616042582629,-0.0037832744132230978,-0.00850216610999448
external_lung,3507,0.002619552200666647,0.002692674886958596,0.009381996974770868
external_lung,3508,-0.0032661516883447927,0.0010409229917684544,0.0003563489646353688
external_lung,3509,0.004026528960727906,0.005779253732823239,0.006686431510371469
external_lung,3510,-0.00381716988154591,-0.005534362062862905,-0.004929779162040635
external_lung,3511,-0.005464803650382423,-0.007559921807467608,-0.009932558624248494
external_lung,3512,-0.0050311525110074695,-0.0036767260806331763,-0.009131423401998195
external_lung,3513,0.008344789693620078,0.007011097760189257,0.006969423791673081
external_lung,3514,0.0045127177325534895,0.0006703599401315097,0.010056494628413154
external_lung,3515,0.0007266119325143409,-0.0012704128077037267,0.0013663857788464109
external_lung,3516,-0.005329866699211566,-0.007499421681412108,-0.0004655176276258943
external_lung,3517,-0.007883043905528603,-0.008591423615868279,-0.0105164544488247
external_lung,3518,-0.005719049007926201,-0.003658858976545582,-0.014646518191732544
external_lung,3519,0.00256352538737295,0.0019970811683552394,0.002416613932994758
external_lung,3520,0.0011575592287438596,0.003490193080878066,0.004007086262776358
external_lung,3521,0.00278674394366471,0.0004234081663875935,0.00900867985248091
external_lung,3522,0.0007923259113635136,-0.0017302721297980843,-0.0028137263700644677
external_lung,3523,0.0015960068620007966,0.007216076397882789,0.008113344526299924
external_lung,3524,-0.00460835089815793,-0.006263639785843017,-0.004464454210410298
external_lung,3525,-0.0055113202679884414,-0.007349643400853395,-0.008451643097137519
external_lung,3526,0.005908975963868533,0.007002519833121455,0.004584011199080982
external_lung,3527,-0.007931820490038035,-0.003832972945396594,-0.011389157544289052
external_lung,3528,-0.010821136229913162,-0.01331228816636797,-0.011053144311752944
external_lung,3529,0.004499177246791691,-0.0009479428668827021,0.002346157689145876
external_lung,3530,0.0008549377971084441,-0.00132293208091915,0.004072498956802996
external_lung,3531,-0.003648119296949017,-0.007017196268511466,-0.004186390076526519
external_lung,3532,0.0002309955624279029,-0.0015807315089477654,-0.0021471721309657596
external_lung,3533,0.0044157112694425404,0.005901018401944559,0.0007142628847275991
external_lung,3534,-0.0008697915169104583,-0.0031510604587004594,-0.0006430249382512558
external_lung,3535,0.006221327602559214,0.004607366254597502,0.01194485098935441
external_lung,3536,-0.001534333300911563,-0.004931297850372357,-0.0049980538541159565
external_lung,3537,-0.0047433694084986116,-0.005907831649845513,-0.015409478548249134
external_lung,3538,0.002547946584339609,0.0023049457525320485,0.0003286473775166534
external_lung,3539,-0.0037591072567855857,-0.004640272086621868,0.004103720216343079
external_lung,3540,-0.001755359527846917,-0.008007227968909042,-0.003534572492040598
external_lung,3541,0.004665919193627123,0.003267241807129756,0.00536111873308954
external_lung,3542,-0.009359027159375819,-0.010437891039953101,-0.010997132340061139
external_lung,3543,0.005443559724477344,0.004492512003077755,0.00607278154683589
external_lung,3544,-0.003172258071533383,-0.004727283792887717,0.0016371279088063522
external_lung,3545,0.008994502027597764,0.007018395307355679,0.008103111737466095
external_lung,3546,0.0016794461576707664,0.007876195578174695,0.007325121769712996
external_lung,3547,-0.007229194189066192,-0.005877648778609421,-0.0064126327952384685
external_lung,3548,0.0003867866052029804,0.00023495344088258116,-0.004135092051096773
external_lung,3549,0.0022737111108776242,0.00043910770813634925,0.004151454820903779
external_lung,3550,-0.00046266865621979086,-0.003801069813963359,0.00843340784505676
external_lung,3551,-0.00868856830708926,-0.008073337280029059,-0.005344702787579064
external_lung,3552,-0.0004959602565692186,-0.0022017683173004656,-0.0016746728059625535
external_lung,3553,0.0018298769226292495,-0.00123584270523483,0.00013746132272576816
external_lung,3554,-0.00015746729718784289,0.0004956965166681333,0.0030611461462114555
external_lung,3555,0.004280150135943989,0.005380596890446315,0.010420313236440892
external_lung,3556,-0.00252280066737016,1.429019562553457e-05,-0.0052883985405783405
external_lung,3557,0.000589752972476996,-0.0032804257251703717,0.0011542720026984366
external_lung,3558,0.007953415055549038,0.010905452271137695,0.009922454327575981
external_lung,3559,-0.009343918509759344,-0.0072727635380181,-0.012451160266559264
external_lung,3560,-0.004967552303571589,-0.0022829521051583217,-0.0046338206234909085
external_lung,3561,0.0007962279024278837,0.001869041956545997,0.0007330477740630689
external_lung,3562,0.005926418440694701,0.009067651606356133,0.005469350609902011
external_lung,3563,0.00144620572470149,0.0003685666878603111,-0.0032796923939336737
external_lung,3564,0.0007826387458080378,-0.0003955377124601015,0.0019057685611562716
external_lung,3565,0.006972688864619002,0.006244011512965673,0.006074178282193449
external_lung,3566,-3.871543559560986e-05,0.0002894448494184613,0.00078003076252293
external_lung,3567,-0.00267580427769488,-0.0016508710609899056,-0.0003951325357296198
external_lung,3568,-0.0031520095493495492,-0.00338654032718406,-0.00041780435867116083
external_lung,3569,-0.002252205111873009,0.0004194861833740904,0.00030317261817742547
external_lung,3570,-0.005639375812092627,-0.005818590974075305,-0.008870517139873479
external_lung,3571,0.0005672639041483796,-9.160301171533736e-05,0.0011969585147466877
external_lung,3572,0.0016752858215955495,0.003442690582366524,0.006916159305567798
external_lung,3573,0.002298633162972639,0.002431699852545849,0.002750115262759728
external_lung,3574,-0.00309895994534673,-0.004273030539961244,-0.00137615557650649
external_lung,3575,0.0019091859790995684,0.0016814200967566937,-0.000592439986155278
external_lung,3576,-0.005373696658170048,-0.005072730165977081,-0.001864699029050722
external_lung,3577,0.0031789989172423725,0.0030353163460380326,-0.00024166678629847227
external_lung,3578,0.006270666177180815,0.009475914829686821,-0.00023069590380589422
external_lung,3579,-0.0012140299182795782,-0.0018043972488541635,-0.004420155624631504
external_lung,3580,-0.010132364573857086,-0.013108181451757173,-0.012783758049993644
external_lung,3581,0.0025144571332412677,0.0006161649366006143,-0.004843366428397675
external_lung,3582,-0.004544750690722049,-0.0037664407937281854,-0.0028772271238536413
external_lung,3583,0.003432920316859406,0.001707912840322003,0.0041858596540405675
external_lung,3584,7.001255733754541e-05,0.006805777700890331,0.0064816863871920705
external_lung,3585,-0.0020446794750511124,-0.0038335342080259662,-0.007482847778492887
external_lung,3586,0.0057883008384764885,0.006264985756775652,0.002501803199046943
external_lung,3587,-0.005372848610967919,-0.00526763136653749,-0.007713783778616709
external_lung,3588,0.001450126849655629,1.04867886310811e-06,0.00037775274639098577
external_lung,3589,0.002298633162972639,0.0011442557445980048,0.003193038219734869
external_lung,3590,0.004041483581433553,0.006094539752180819,-0.0033847452039361585
external_lung,3591,-0.004450449893047594,-0.005890060837122836,-0.0034504362438674734
external_lung,3592,-0.0025376543871721744,-0.004435611285917176,-0.005954182292840162
external_lung,3593,-0.000619437397235754,0.0036693743364330793,-0.00329519165040316
external_lung,3594,-0.0060290468608401315,-0.009719511240788264,-0.008751165466256714
external_lung,3595,0.0015630794010146238,0.006608836123001477,-0.003856533156790641
external_lung,3596,-0.0039046246213962077,-8.01505853958084e-06,-0.006279207688624824
external_lung,3597,0.0008721099534446941,0.001068962312842786,0.009627635653629294
external_lung,3598,-0.006238770079385382,-0.008157644998106367,0.00011942086456548373
external_lung,3599,-0.0019192078557770849,-0.0027891528677386106,-0.0006378462385697077
external_lung,3600,-0.0018601855297157022,0.00016909097872013423,-0.008818051027158574
external_lung,3601,-0.006314496136139297,-0.003109247483633291,-0.0021232409546081132
external_lung,3602,0.0021243849591891795,0.005770013667092131,-0.006909431355245641
external_lung,3603,-0.0014001640927063335,-0.0025429277110607107,0.0007700549929671268
external_lung,3604,0.0046972116778889,0.005386872208572267,0.001313434635760456
external_lung,3605,0.0012776301257154583,0.002535808521348927,0.00036715283394305365
external_lung,3606,-0.0013652827163146697,-0.0006455362110380317,0.003596690867114144
external_lung,3607,-0.0019882618355784587,-0.004221602487603884,9.595438864407968e-05
external_lung,3608,-0.0012094706487316975,-0.004171704565726362,0.003073684396716338
external_lung,3609,0.0027032779663155593,0.0027999254374048064,0.0037357673554558046
external_lung,3610,0.00600572749716502,0.005115047988260023,0.008064610389232738
external_lung,3611,-0.004540191421174168,-0.004986286430349346,-0.006183999688167916
external_lung,3612,-0.0029883537671344753,-0.0030261554604499585,-0.009582620175878992
external_lung,3613,0.005186367794368864,0.0008975560607000308,-0.004329448271473256
external_lung,3614,-0.008641292208787501,-0.01041585473232201,-0.012798802419444135
external_lung,3615,-0.0014843705439622674,0.0012825274653220644,0.0009565892437382133
external_lung,3616,-0.0026184338329746,0.000636960726312428,-0.005734096276486587
external_lung,3617,-0.0007841802279835349,-0.0005976300069302961,-0.007169450438285531
external_lung,3618,-0.0036019709014562993,-0.004669083905499962,0.00019586936588677096
external_lung,3619,0.0030678030980936153,0.0022026731983206356,0.0037146972367195683
external_lung,3620,0.0018431019398858401,0.004130924179365604,0.0016961818010078622
external_lung,3621,-0.0018146519814336848,-0.0015728759933622272,0.0015397340729300193
external_lung,3622,0.002724872531826563,0.005875390539861645,-0.0005749438603575479
external_lung,3623,-0.0026464146684098224,0.000270070578818421,-0.0014329414661366038
external_lung,3624,0.004619500477644488,-0.0007209913768505636,0.010399993634827825
external_lung,3625,-0.0034600257833667845,-0.0014897385019501572,0.004136666280282392
external_lung,3626,0.004233023234359062,0.00871103091810067,0.003275353295050252
external_lung,3627,-0.0070365545603508035,-0.006365339397852286,-0.011029374251912777
external_lung,3628,-0.004056213385486664,0.0013909067281877296,0.004758660167005075
external_lung,3629,-0.00865714133231076,-0.008109896529099206,-0.009632010799647216
external_lung,3630,0.005863442415586516,0.006792332924689939,0.008812187603453824
external_lung,3631,-0.001989224950995211,-0.0018065257160814658,-0.0024421872561245783
external_lung,3632,-0.0035226376691117147,-0.004546382529130801,-0.00280094612330183
external_lung,3633,0.00039070773015711935,0.00020195866878420601,0.0022570159868406476
external_lung,3634,0.0032661516883447927,0.0027373049582272066,-0.0015028012799539192
external_lung,3635,-0.0038019457482016683,-0.003950092229093566,-0.002976344024862715
external_lung,3636,0.009359767633282603,0.011160812150354185,0.0064750258661724625
external_lung,3637,0.00791433638979038,0.003030581825055196,0.004070616746447164
external_lung,3638,0.00962936778505851,0.0096852854477562,0.01394090241841194
external_lung,3639,-0.001578163259870045,-0.001077953556773583,0.0028301239857739333
external_lung,3640,-0.011006035938033315,-0.012035794137461355,-0.010600141638679053
external_lung,3641,-0.0010152895378408115,-0.0009775776933589424,0.0009150221395998839
external_lung,3642,-0.002281889536631767,-0.0029535711744462885,-0.0016773304233773378
external_lung,3643,0.0007746333369168801,0.0036855546105840353,-0.002319683096194819
external_lung,3644,0.007433674640409588,0.00889481597707023,0.00838020540368605
external_lung,3645,0.00711681739712088,0.008450946186181519,0.009665259873370125
external_lung,3646,-0.006191018995472762,-0.0063360331568732275,-0.003168865181634645
external_lung,3647,-0.010303409637061473,-0.008443801728272665,-0.008524205357367578
external_lung,3648,-0.0030355000123996703,-0.003183646493291568,-0.00607646212002245
external_lung,3649,-0.005428605103771698,-0.0032228496997790497,0.0007962571848801241
external_lung,3650,-0.010472460221658366,-0.014453040509020586,-0.014620660553526002
external_lung,3651,0.0028313143765299753,-0.0005402825419144885,0.007493651335308281
external_lung,3652,-0.0030042028906577347,-0.004677642846353497,-0.008145051754578294
external_lung,3653,-0.0008557858443105729,0.0007384208434641585,0.00593533877776615
external_lung,3654,0.004167211353886507,0.002134215115326993,0.006113891543647655
external_lung,3655,-0.005415687102384002,-0.00766932539572308,-0.009811920923892353
external_lung,3656,0.0023373113183135044,0.0018096529448818066,0.003262194139116409
external_lung,3657,0.005863442415586516,0.008141618739657122,0.007945550107167826
external_lung,3658,-0.0012174760576228554,-0.00247455325069391,5.678377777068588e-06
external_lung,3659,-0.006093272058455029,-0.0032005018527985485,-0.008271298844424707
external_lung,3660,-0.007349468189153653,-0.008702345777556787,-0.009866086835497823
external_lung,3661,0.001484994726289962,0.0028485161484913812,-0.0012184354612569115
external_lung,3662,-0.0024686326956752935,-9.924709193900871e-05,-0.004059545228824207
external_lung,3663,-0.006306792695996016,-0.004556148963219588,-0.014250923226538434
external_lung,3664,-0.0024590858046086386,0.0037376636158952905,-0.007358315404989149
external_lung,3665,-0.008027932450331371,-0.009275827497451825,-0.006639958935422047
external_lung,3666,-0.006780049235903612,-0.008830906566331204,-0.009101247158909134
external_lung,3667,-0.005454476103972474,-0.0016837808632083522,-0.007813394204461727
external_lung,3668,-0.003970996332798561,-0.003998180092549625,-0.0014003778838092835
external_lung,3669,-0.006534865606654293,-0.009182200849285551,-0.00712103257934929
external_lung,3670,-0.009806158290250638,-0.011820197797288498,-0.0075007230756650445
external_lung,3671,-0.0017866520121086933,0.001660458444133123,0.0021955185841850324
external_lung,3672,0.0013240581768150887,0.0014485932258026801,0.010716629516074355
external_lung,3673,-0.007476289266951236,-0.010403457068483566,-0.003417189926212122
external_lung,3674,-0.007835292821615982,-0.008943521767581147,-0.014224059271288086
external_lung,3675,-0.0009126300083265407,0.003895611018611291,-0.0015202038882115299
external_lung,3676,0.0033336052159869956,0.003761970389309912,0.0059864788974658325
external_lung,3677,0.00019393071895700462,0.0003307104049119399,0.005653746964872336
external_lung,3678,0.0005399880662766143,-0.00023832183071724933,-0.0019017417487544688
external_lung,3679,-0.0010933340311289619,-0.0023980998067350085,-0.005957683102714634
external_lung,3680,0.010663105371766263,0.014212721702121003,0.016696652462742757
external_lung,3681,-0.0010152895378408115,-0.0016887035406590034,-0.0006679910671560467
external_lung,3682,0.0008755369588982024,0.003773322404052213,0.0022982711266874103
external_lung,3683,-0.002923898430466171,-0.003174464138363984,-0.011252974060107232
external_lung,3684,-0.0028448548622917735,-0.004021070032105584,-0.008888922488121776
external_lung,3685,0.0039046246213962077,0.0032035799701270926,0.007309097430922404
external_lung,3686,0.00020937871717568077,-0.0022721033820644145,-0.0005973123848010686
external_lung,3687,0.0036800636886111884,0.003771147186139347,-0.0049549301195478505
external_lung,3688,-0.009991057998370792,-0.00954704402851452,-0.008973844821163026
external_lung,3689,-0.010836985353436421,-0.010661051014014312,-0.012961436754889042
external_lung,3690,-0.005359551123970324,-0.00492795207342181,-0.006348437365530396
external_lung,3691,0.006524573409486857,0.005667345452041292,0.01349103764592649
external_lung,3692,-0.0012832870011968145,-0.0068792553619770975,-0.0005537010239439847
external_lung,3693,-0.0033787523451645394,-0.002059491749620714,-0.007039767717838458
external_lung,3694,0.004025634457910293,0.002083274828179077,0.004821500084340263
external_lung,3695,-0.00040655685368037875,-0.004945583255281559,0.004276997555083474
external_lung,3696,0.003130392704097327,0.0013171881452321195,0.0017997555801486374
external_lung,3697,0.006085766469060662,0.007447343928456538,0.004861165859167395
external_lung,3698,-0.007798199772187643,-0.007069522420534315,-0.0067132180559606736
external_lung,3699,0.0006793542261147497,0.004072971280342018,0.0013914844147128829
external_lung,3700,-0.00022522784069894017,0.00017298633106309821,-0.0026153622434394548
external_lung,3701,-0.005908975963868533,-0.007855148997922326,-0.0031620979976500767
external_lung,3702,0.0020808059938663137,0.005082475754795507,-0.00046911668772521087
external_lung,3703,-0.0005261527650411157,-0.0025343540434216807,-0.00371450908383091
external_lung,3704,-0.002526081698338687,-0.0046249195855475505,-0.0014964605126643233
external_lung,3705,0.0006523648582219266,-3.028171995321982e-05,-0.00509691199671015
external_lung,3706,0.0030815223007145585,0.0020790622166193262,0.00234626396430059
external_lung,3707,0.00014515413444757264,0.005765478547843696,-0.002810711345713618
external_lung,3708,-0.004929862469921674,-0.006417354251410055,-0.004038472179790004
external_lung,3709,0.00917486792516245,0.00699312315886518,0.00903507676307814
external_lung,3710,0.006044895984363391,0.00988725377678537,0.010397826918358676
external_lung,3711,-0.0017321299856115173,-0.005858171323074063,0.0018065863977028416
external_lung,3712,0.002893923116423456,0.0075605540794004555,0.005376085943495562
external_lung,3713,-0.0012094706487316975,-0.004507987735381755,0.0038359821119019017
external_lung,3714,-0.0029299093607498363,-0.004746394742175614,-0.0030903962902318984
external_lung,3715,-0.008953506987105056,-0.008506442011707907,-0.011644657328119895
external_lung,3716,-0.004291101864681633,-0.002507260319271019,-0.004327909754669096
external_lung,3717,0.0008620880767671776,-0.002763041791384914,-0.002229213589713961
external_lung,3718,-0.0040426019491256,-0.005258463480907019,-0.0023747606715312976
external_lung,3719,0.006626847774829979,0.003124266544590332,0.007045547521957509
external_lung,3720,0.0021089369609705033,0.0025255492058265105,0.0001885050218532931
external_lung,3721,-0.008138295419988922,-0.01036048760862121,-0.011574936706842185
external_lung,3722,-0.004576177665500549,-0.008233190493989248,-0.002878176334591466
external_lung,3723,-0.00286805211622268,0.0027099554333213927,0.0030806194063203634
external_lung,3724,-0.003713282819219612,-0.003530352608921918,-0.0041445104507286945
external_lung,3725,-0.0002506045116085857,-0.005086478238930631,-0.0038520648779712487
external_lung,3726,-0.001413389109962924,-0.000681227685378529,-0.003854348897663405
external_lung,3727,-0.00014161817366458349,-0.0010380007845773216,0.0022851883417588275
external_lung,3728,0.0014466807103123518,0.0019130634902666626,0.004932356468623361
external_lung,3729,0.005062477283573739,0.0036925849283508116,8.792770450485876e-05
external_lung,3730,-0.0010570096615648468,-0.0007767302139639145,0.004002239105658954
external_lung,3731,0.00042879224712785713,0.0037853093742536334,0.006366943234817392
external_lung,3732,0.008826191916907653,0.007127397808684626,0.006910728029397766
external_lung,3733,-0.005246636517787108,-0.009065651503527478,-0.007065169740721753
external_lung,3734,0.00024706855082559653,3.9600309796374494e-05,-0.004295386758929681
external_lung,3735,0.007163334014726898,0.008337404609341412,-0.0017641351690794458
external_lung,3736,-0.006926864427053027,-0.005757618815161578,-0.005963522890555803
external_lung,3737,-0.004335521464576618,-0.006309327199014623,-0.008149602082305576
external_lung,3738,0.0015008438498132215,0.00288112316321662,-0.0026993545899344678
external_lung,3739,-0.006565174213740745,-0.0062879873838592075,0.0008298382693777053
external_lung,3740,-0.0022621384220441374,0.002893214226146588,-0.005517419759222422
external_lung,3741,-0.004608548748906843,-0.006503067615011987,-0.005189163238355656
external_lung,3742,0.004431154630181057,0.0024114120211354557,0.003791380783848987
external_lung,3743,7.036532229359738e-06,0.004725079857902002,0.002109839991208423
external_lung,3744,0.0016449772145090968,0.007265046750391089,-0.002747769052128933
external_lung,3745,0.004973073880684899,0.007447791084433358,-0.0022144312938330952
external_lung,3746,-0.0017231679032873686,-0.0057207629574693815,-0.0009787691287332276
external_lung,3747,0.009095792068683559,0.005960353851967165,0.011815073959754275
external_lung,3748,-8.675618367841771e-05,0.004284333983279404,0.0005178029295760112
external_lung,3749,-0.0006694484480517885,0.001642686564331558,2.892122694977961e-05
external_lung,3750,0.0013046288287252756,0.007629928855021441,-0.0032538020643424204
external_lung,3751,0.00038236419602822685,0.00439057513184137,0.009708655886110352
external_lung,3752,0.005221235671003198,0.0070050772164138115,0.01130835814649675
external_lung,3753,0.0041955795453248,0.003217983157715182,0.003355664791568745
external_lung,3754,0.002578255191426062,-0.00135859019596371,0.0028063782790888523
external_lung,3755,-0.0016275347376829286,-0.005079715183627423,-0.002352152663328435
external_lung,3756,0.0011423344805128282,0.0024660589857442112,-0.003254517311788524
external_lung,3757,-0.0007336382964241717,-0.0021827164672166928,0.009555296279524126
external_lung,3758,-0.0017321299856115173,-0.0039099998636391116,-0.003137038261475017
external_lung,3759,-0.0032700050085511154,-0.002022109961430661,0.0011977499653149557
external_lung,3760,-0.0067245947118477105,-0.004380576739127756,-0.009232604176055934
external_lung,3761,0.001036884103351815,-0.003435073753930623,0.0005226683770223709
external_lung,3762,-0.004105354109359351,-0.004231970197665848,-0.0018868943113486505
external_lung,3763,-0.0009514190099150129,0.0006644863008522425,0.007208727902734867
external_lung,3764,-0.006370252628943075,-0.0038294487695656556,0.0018057459872306463
external_lung,3765,-0.00645999415706965,-0.006748357525113685,-0.0017996645478193882
external_lung,3766,-0.009582939733958878,-0.010906664239190261,-0.01655150214653379
external_lung,3767,-0.00252280066737016,-0.00026916237403108246,-0.005244919272786743
external_lung,3768,0.008227291642014717,0.008141609111286094,0.00837420309639291
external_lung,3769,0.0013789201668012545,-0.005653692302472396,-0.002796359431417511
external_lung,3770,9.38670897519626e-05,-0.000147908898319495,0.005415855135714086
external_lung,3771,0.012124473968396823,0.011213662071530378,0.01726881067858243
external_lung,3772,0.0054115267663087845,0.005707672325815658,0.004502495649029723
external_lung,3773,0.011414107746829744,0.01733778950392424,0.010756684388850496
external_lung,3774,0.003936303524762458,0.00604689434043823,0.010046779360184343
external_lung,3775,-0.0034274988327984055,-0.0038203120377609074,-0.0015506700412613688
external_lung,3776,0.0051879489028477666,0.005209082836139661,-0.005544439886079897
external_lung,3777,-0.0013956637931421267,-0.0018514306914653074,-0.006289748961636782
external_lung,3778,0.0009672681334382723,0.001875998990985811,-0.004467885403372942
external_lung,3779,-0.0011404756389139976,-0.0001408965747362878,0.0031687827660194607
external_lung,3780,0.00019393071895700462,0.0011208772652548844,-0.0016651286850179008
external_lung,3781,-0.0027687024907850446,-0.008464540441978521,-0.0036051296896707774
external_lung,3782,0.0003984111703004001,-0.0009417674452194085,0.00038923084458069207
external_lung,3783,-0.001104285759866606,-0.005238665895286386,-0.005415820393220037
external_lung,3784,0.003100954423954222,0.002240543311382931,0.004229459559180591
external_lung,3785,-0.005470549092370168,-0.003174411957063352,-0.005758688206171675
external_lung,3786,-0.003231682745183123,-0.003446495915817425,0.001244492915395014
external_lung,3787,0.003994225875033962,0.004905037771900406,0.009521289632267976
external_lung,3788,-0.0021089369609705033,-0.0007748081719098632,0.002604353544702333
external_lung,3789,-0.0006953194482525645,0.0010104886124786827,0.00012692298923608347
external_lung,3790,0.006407820663982276,0.011011742669816388,0.005885214851144137
external_lung,3791,-0.0025322329031111737,0.0017748417770020735,-0.004419016942648559
external_lung,3792,-0.0033044705365163998,-0.0033648521089016483,0.0009144122092825395
external_lung,3793,0.0007336382964241717,0.0007608220561752347,0.003857690826444854
external_lung,3794,-0.0017646892244843893,-0.0009148939935442283,-0.0023344876848589344
external_lung,3795,0.008075683534243991,0.010840849178524653,0.0134119531215032
external_lung,3796,-0.005704094387220554,-0.007408938321902749,-0.01031084861195376
external_lung,3797,-0.0006952033496380091,0.002643197808105559,-0.00014946938898403417
external_lung,3798,0.0034733232703643793,0.0034154616448611452,0.011040279237104572
external_lung,3799,0.007264624055812695,0.005090272630806479,0.004904097189566424
external_lung,3800,-0.0033535870845148217,-0.005963008330182143,0.0037213224586885676
external_lung,3801,0.000902688881021065,-0.0015550115039743109,0.006920694992991611
external_lung,3802,-0.006270666177180815,-0.007534894399273453,-0.0030616140909932683
external_lung,3803,-0.0023802606559771935,-0.002631806200631498,0.0016401551107325199
external_lung,3804,0.00016286209956966244,-0.0006425343149551361,0.0034388392041456994
external_lung,3805,-0.0016740513552889469,0.0019748581751745744,0.0021696682880542697
external_lung,3806,-0.0014056856698196434,6.369014228653014e-05,-1.645271720145591e-05
external_lung,3807,0.005892928989596359,0.008512633583776694,0.010663587375349845
external_lung,3808,-0.0031930045898422577,-0.0023116754572949836,-0.010901188216005765
external_lung,3809,0.0012604579693792084,0.00011213037746374277,0.0035816558923847295
external_lung,3810,0.00711681739712088,0.004646925176095486,0.0018623684380447607
external_lung,3811,0.0068936452964446044,0.008456405879512546,0.009724387260909639
external_lung,3812,-0.008244734118840885,-0.008482951580103898,-0.005115537156934349
external_lung,3813,-0.004665919193627123,-0.004356637805607105,-0.0007878351551409975
external_lung,3814,-0.006130336901925927,-0.00924141906602648,-0.004821347720450795
external_lung,3815,-0.00024389253900770438,-0.0013866561573620817,0.006952872949565416
external_lung,3816,0.0036019709014562993,0.008302999460309149,0.0035122987667440173
external_lung,3817,0.0026184338329746,0.0020797206703486635,-0.00029509662181506635
external_lung,3818,0.0005899991170926489,0.0010699648579523824,0.0066557146853962095
external_lung,3819,0.009219309104998435,0.01567524168965015,0.014007047142864614
external_lung,3820,0.0032158336216598638,0.004463940266582191,0.004786050387411024
external_lung,3821,-0.0028044519087868,-0.0016510444566341378,2.724923331999052e-05
external_lung,3822,-0.0035787736475253926,-0.00037472477826105055,-0.0005555809274647439
external_lung,3823,0.002602584709451341,0.0017729874004566992,0.004945430574930419
external_lung,3824,0.0018625340631255038,-0.00019160614179594693,-0.00021831419074694325
external_lung,3825,-0.005399837978860743,-0.00903618766488759,-0.01247029910761822
external_lung,3826,0.004041483581433553,0.004090505092623792,0.011521464131598852
external_lung,3827,-0.0005273872313477183,-0.00329428524063205,0.000573755106684365
external_lung,3828,0.0016389614520314344,0.0023380448148462205,-0.003762970105006637
external_lung,3829,0.001893336855576309,0.00214836647316168,0.0012831053831607413
external_lung,3830,-0.0009319868866753492,-0.003745472275932258,-0.005492425129271089
external_lung,3831,0.00649202711523821,0.0035513740202353,0.003921408666248932
external_lung,3832,0.00012063259277035147,0.000552231643318866,-0.008031005246372524
external_lung,3833,0.0007923259113635136,0.0012999243526074604,-0.006774630055376679
external_lung,3834,-0.008878365409995028,-0.010713807522942459,-0.013107768690647476
external_lung,3835,0.0035110131040142953,0.007972006020936109,0.006230294995085012
external_lung,3836,0.002378895999742716,0.0041660183677139,0.0013777782817623228
external_lung,3837,-0.002304378604960383,-0.0013418994678841647,-0.0020633301936093715
external_lung,3838,0.0005036636967124993,0.00030353051475383774,0.011236052485640163
external_lung,3839,0.0026135364381889847,-0.0018978572630279815,0.006398848821150502
external_lung,3840,-0.005089950972194418,-0.008273920531688933,-0.006864042309122474
external_lung,3841,-0.0011724452368503668,0.0002393959303273001,-0.0025507375186329855
external_lung,3842,0.0023405771515711085,0.002157210085643596,0.0027623231544492144
external_lung,3843,0.0010411605380415874,0.0016705253120040582,-0.001995916575404201
external_lung,3844,-0.00022936058570350673,-0.0012099829183595627,-0.006964726093456599
external_lung,3845,-0.0016740513552889469,-0.0017432971013779293,0.0014873140839446555
external_lung,3846,0.008826191916907653,0.010002407086721463,0.008266273194856594
external_lung,3847,0.004888867429428965,0.008179150040633493,0.008097919515616513
external_lung,3848,-0.007967250356784536,-0.004504018323372411,-0.009567579355986686
external_lung,3849,-0.0005523092834427331,-0.000746459311615183,0.000600556628814484
external_lung,3850,0.0050311525110074695,0.0068996266454333,0.002101526596990431
external_lung,3851,-0.0015182863266393898,-0.001929453210110001,-0.005443217603267205
external_lung,3852,0.0030719705774539066,0.0023516081216276297,0.004429567091838772
external_lung,3853,0.005982530243234113,0.009330347499367148,0.01526647822344493
external_lung,3854,0.0030596574147136366,0.004951911211450897,-0.002514894484277543
external_lung,3855,0.004980579470079266,0.006156794639893076,0.0013442385749217653
external_lung,3856,0.00649202711523821,0.00383472503215775,0.0076707396646315444
external_lung,3857,-0.000464271344639694,-0.00026065408974996573,0.0009110945573073033
external_lung,3858,-0.0018922184878842618,0.0024550920167621297,0.004134296697593289
external_lung,3859,0.0036639684204722764,0.0017717146237350159,0.009756763255126968
external_lung,3860,0.003664214565087929,0.006237664312413802,0.003034519954489621
external_lung,3861,0.0014994791935787437,0.0022192256988553816,0.009077084255587184
external_lung,3862,0.004047499343911215,0.004731110048135413,0.007017558269969276
external_lung,3863,0.010303409637061473,0.01068593949351096,0.015543142450534037
external_lung,3864,0.0117786328786078,0.017064005712544655,0.017220997447686896
external_lung,3865,0.003337757304671831,0.0016966021638890143,-0.004720490891795482
external_lung,3866,0.0013652827163146697,0.005858158593573091,0.002834370793213868
external_lung,3867,-0.005635099377402854,-0.002470086549429993,-0.007146720314484517
external_lung,3868,-0.0035746133114501755,-0.0033916831011524817,0.0005120821044366786
external_lung,3869,-0.0057883008384764885,-0.0074101381747021435,-0.009862941158221552
external_lung,3870,0.0038684981025810064,0.0032917705350502813,0.0029363728683350445
external_lung,3871,0.004083373124743874,0.002421299963985074,-0.0005896607491664707
external_lung,3872,0.0022360212772277086,0.0026736701542353913,0.005481347366405645
external_lung,3873,-0.007301717105241033,-0.011828044533958887,-0.01377168650369795
external_lung,3874,0.0034735211211132933,0.007954048751736914,0.0032553532814508512
external_lung,3875,-0.002676002128443794,-0.0027834188009441354,0.0058635955764282845
external_lung,3876,-0.00024520970922676616,0.0005313484798397012,0.0031683034298106614
external_lung,3877,0.009050258520401542,0.011238999157574397,0.014897946245251138
external_lung,3878,0.0008697915169104583,0.004543241130038798,0.009984072241919505
external_lung,3879,0.0016066583663374896,0.0030184995335151565,-0.0011231440595867355
external_lung,3880,0.0057199435107438135,0.011404028533470379,0.014733064057780881
external_lung,3881,0.0006035882737124946,-0.0007827408661500724,-0.0028606805774085238
external_lung,3882,0.008704417430612519,0.007089476245894315,0.0033248449558402424
external_lung,3883,-0.00449686860903023,-0.001009522328255269,-0.006913795386130156
external_lung,3884,-0.0008477804354194152,0.0023749682359191595,0.00775097662633592
external_lung,3885,-0.00024290107146530496,-0.0009807635461241508,0.0019528067152715654
external_lung,3886,-0.003965601530416742,-0.005863893727057395,-0.004868308378479615
external_lung,3887,0.0011404756389139976,-0.001645377049958698,0.0022815883871026934
external_lung,3888,0.010990186814510056,0.00981611621989554,0.00774184595870156
external_lung,3889,0.00030332062785382957,-0.0017048806505267353,-0.00016580229908065103
external_lung,3890,0.0027334704747874563,0.003839967055748951,0.0038058445780520993
external_lung,3891,-0.006085766469060662,-0.004818073394358477,-0.0029494082581509222
external_lung,3892,-0.0056118698351674545,-0.010320562784482373,-0.006532987537708322
external_lung,3893,-5.6177256102046824e-05,-0.0021457303009372597,-0.0008415223476785083
external_lung,3894,-0.0057573678560978074,-0.0039532307213068305,-0.014597861623329256
external_lung,3895,0.00443949816430995,0.008671059306625845,0.003358281566345017
external_lung,3896,0.006626847774829979,0.004266393017470385,0.00450168523358512
external_lung,3897,-0.00529575306578553,-0.002981098106520169,-0.006119254940983042
external_lung,3898,0.005613504811891851,0.004881343387307456,0.002109351246646435
external_lung,3899,0.004855970065318359,0.003036964737010567,-0.000575077945829533
external_lung,3900,-0.002142426412068845,-0.003104650671630932,-0.003423788029276222
external_lung,3901,-0.00397914201617854,-0.005275568406077115,-0.0046775116911801085
external_lung,3902,0.0010570096615648468,0.002168519430090582,0.0034818088274602144
external_lung,3903,-0.012309373676516975,-0.012196393030455544,-0.011274510987662032
external_lung,3904,-0.0015863089432500237,-0.0029764514874351666,0.005317981169675791
external_lung,3905,0.0014659759731788884,0.002667934145691747,-0.002547410925366098
external_lung,3906,-0.0003845758690649015,-0.0014698048424907721,0.002919960707204544
external_lung,3907,0.0014836300700554843,0.002195061679505071,0.004879462208325719
external_lung,3908,0.003369436208038081,0.002813956929380995,0.003017024794587477
external_lung,3909,0.0007920709815490515,0.0009987808541581746,0.008369676043557492
external_lung,3910,-0.0026918512519670534,-0.004463893828619549,-0.006849361462623688
external_lung,3911,0.004603651354121228,0.0040542219019233106,-0.00029557824625928153
external_lung,3912,-0.007588889923770982,-0.005694116180151707,-0.006307528306563605
external_lung,3913,-0.0015908092428142302,-0.0064941502373292714,0.0029033493506043697
external_lung,3914,-0.00381716988154591,-0.0038757997460037623,-0.013235931295079374
external_lung,3915,-0.005639375812092627,-0.006086440787489776,-0.002824609430940012
external_lung,3916,-0.0030093586917089763,-0.005723111973293995,0.0011452251391120363
external_lung,3917,8.675618367841771e-05,0.002574076511575809,0.0038740759161679794
external_lung,3918,0.0006317192408166842,-0.0029586935706025683,-0.0039474074196487645
external_lung,3919,0.004211652533722493,0.008322253006830843,0.0071847262264111145
external_lung,3920,-0.0013436881508036662,0.0011542480587248547,-0.00252952967699067
external_lung,3921,-0.00857313273180374,-0.006784277998828886,-0.018160072510696908
external_lung,3922,5.6177256102046824e-05,0.0033594125790151474,0.0011157459115934225
external_lung,3923,-0.0034371967515491784,-0.0031590300849111503,0.004806910811045034
external_lung,3924,-0.004671810831104989,-0.00429155747057916,0.0035546157307220303
external_lung,3925,-0.0018037356019385553,-0.0076615757103837,0.002362814938229309
external_lung,3926,0.0008557858443105729,0.003974650199873965,-0.004601015634974198
external_lung,3927,0.0062526247243011495,0.007654931992088582,0.007948349826790258
external_lung,3928,0.0031087981385863237,0.0026827630615988973,0.004900538987161557
external_lung,3929,-0.005470325227495733,-0.00143041330946167,0.0004783462950473105
external_lung,3930,-0.0027334704747874563,-0.002139638291603324,-0.004081757110383323
external_lung,3931,0.0015341354501626492,0.003964205186707101,-0.0006752840183368212
external_lung,3932,-0.0021499320014632117,0.000781187194149463,-0.002298983477602647
external_lung,3933,-0.0007116573118086944,0.0006856367684144975,-0.002113695712200149
external_lung,3934,-8.675618367841771e-05,0.0014172528028311242,-0.008743397934311014
external_lung,3935,0.00435211106200666,0.007747809155552833,-0.0010789369491412317
external_lung,3936,0.003536783203311439,0.0060889538576258204,0.002807197226058609
external_lung,3937,-0.008324043175311205,-0.0035818986745368526,-0.009207012778730808
external_lung,3938,0.0037278147725238095,0.0007989146059878089,0.00468849947846318
external_lung,3939,-0.0025163837795879143,-0.0011430073514339203,-0.004171299733493995
external_lung,3940,-0.005470325227495733,-0.010458850735711723,-0.0042264750246980565
external_lung,3941,0.0037216829114315917,0.0073468127795836835,-0.0034955583599953857
external_lung,3942,-0.005470549092370168,-0.007247055578710221,-0.000723244066545013
external_lung,3943,-0.0007806442672005457,-0.001191811150671157,0.002289956866036493
external_lung,3944,-0.004183060477409767,-0.00595956696374982,-0.005549386049845534
external_lung,3945,-0.008625108374142201,-0.004614377491447044,-0.002792961628298554
external_lung,3946,-0.004178501207861886,-0.008304542545324431,-0.006358233411286338
external_lung,3947,0.00126018764888929,-0.0020027968469824298,-0.003592725969353755
external_lung,3948,-0.0058293287821604796,-0.006765508310043254,-0.014267027770849993
external_lung,3949,-0.004190408607817414,-0.00225276721434924,-0.001824768798805304
external_lung,3950,0.007332384599323792,0.007921498546244882,0.008737469255465823
external_lung,3951,-0.0006751938900395327,2.0837573665342447e-05,0.0045861868659065885
external_lung,3952,0.004073675205993101,0.00334677767169488,0.00472057802911884
external_lung,3953,-0.00024520970922676616,-0.0030859932138164827,-0.0009005245345647857
external_lung,3954,0.0029029199928570135,0.005644074999442297,0.004806152403946579
external_lung,3955,0.005342269683391548,0.004342690619213839,0.00013016443418673983
external_lung,3956,-0.002526081698338687,-0.006033381164841376,-0.0005427293958946422
external_lung,3957,0.0022367617511344917,-0.0015673850410890624,-0.0016355260484019196
external_lung,3958,-0.00455948049477516,-0.005329988857382459,-0.009303770753969754
external_lung,3959,0.005149630054676159,0.006511207514072035,0.0031594222270117005
external_lung,3960,-0.0022692887017028707,-0.003756780483191252,0.00030941089915587994
external_lung,3961,-0.003114809068869989,0.00030877660257452866,-0.006171843411502944
external_lung,3962,-0.007281367682153567,-0.005467908245774228,-0.00792826182077952
external_lung,3963,0.00338577870907437,0.005911116643603155,0.0022329127968171527
external_lung,3964,0.00286805211622268,0.005426060999194357,-0.000658056654129352
external_lung,3965,-0.0009672681334382723,-0.00275997385255262,-0.0004626452534405949
external_lung,3966,0.0008120770259511431,0.002494216852639647,-0.00040151605223702946
external_lung,3967,0.0007826387458080378,0.000772469752876768,-0.0012994689457732729
external_lung,3968,-0.004126948674870355,-0.0006302650899987958,0.00030718520790974126
external_lung,3969,-0.0011355782441283824,-0.00035553598213084825,-0.0011533573088448508
external_lung,3970,-0.0030719705774539066,-0.004202246820726831,-0.003538993656246945
external_lung,3971,-0.004504572049173511,-0.002715717316198657,-0.0005860549986463626
external_lung,3972,0.003337757304671831,0.006683309491436982,-0.003107409055853929
external_lung,3973,0.0017476056346545272,0.002463887287321618,0.004172404800549895
external_lung,3974,0.008794158958739093,0.003832254572506826,0.017408456999500378
external_lung,3975,0.0019325053427746801,0.004312174295023979,-0.001285055816919872
external_lung,3976,7.422951333833454e-06,-0.003286142534364554,-0.006145268033544621
external_lung,3977,-0.0060041248087451165,-0.005420908507192114,-0.007200518358905644
external_lung,3978,-0.0005120072308413918,-0.0029181137820419034,0.00508534504953533
external_lung,3979,0.0028236109363866946,0.003992856548278144,0.004978509574540537
external_lung,3980,0.0035400994896181517,0.00503482945425159,-0.00327721520673277
external_lung,3981,0.00016162763326305987,0.0022882533790021344,0.005497897220522269
external_lung,3982,-0.0013320635857062464,-0.0003051864061957288,-0.007253015045368136
external_lung,3983,-0.00020937871717568077,-0.003696724997950642,-0.0002009095312482112
external_lung,3984,0.0035787736475253926,-0.0005832391882785999,0.002301032257421537
external_lung,3985,0.005279903942262271,0.008724749329136203,0.002807696363190513
external_lung,3986,0.0021582755355921044,-0.0005460616476034479,0.006764114841836191
external_lung,3987,-0.006360069580069655,-0.0075677288026569645,-0.015309186706349556
external_lung,3988,-0.004072062509009923,-0.0014434937411258544,0.0014459609187128615
external_lung,3989,0.005342269683391548,0.003282310627394878,0.008045699870938422
external_lung,3990,0.005479287309819882,0.007512283548379396,0.013624510922862088
external_lung,3991,-0.0022995821110784,-0.004383340206968575,0.0015048172735238527
external_lung,3992,0.0046817683171503826,0.004499069082236637,0.0006593410890941651
external_lung,3993,7.422951333833454e-06,0.002525196009772366,-0.001790996890415536
external_lung,3994,-0.0015269851705039157,-0.0001926447836414027,-0.0008872113241718456
external_lung,3995,-0.007433674640409588,-0.006522862743543144,-0.012091167535313984
external_lung,3996,-0.00600572749716502,-0.005159883660305203,-0.011924671607298865
external_lung,3997,-0.00815499259071431,-0.006184705309297683,-0.0014481305506551896
external_lung,3998,0.004945711593444933,0.007171717186399798,0.0009252958267352198
external_lung,3999,0.0034893702446365527,0.0061937074278321045,0.004285235871066523
immune,0,-0.013204618047291963,-0.02769633476243389,0.00829640379389257
immune,1,0.010221708103562946,0.02473292713083284,-0.01688687043805594
immune,2,0.00870108116713133,0.026665809275726995,0.01910313148920942
immune,3,-0.010974543848286727,-0.0026622555571923744,-0.013641141169700444
immune,4,0.008211363382430684,0.011487227347366203,-0.028964221792366768
immune,5,0.014921926204038441,0.035747012009417115,0.018286299477883728
immune,6,0.0027546760242883003,0.0023595125193194705,0.003351892619998455
immune,7,0.003918968886912737,-0.0005191732227611224,0.02600360772746524
immune,8,-0.0024769194014327748,-0.025001642217009366,0.03011755637590503
immune,9,-0.006250574892161497,0.021107453538057788,0.004938082008174101
immune,10,0.00528049881513111,0.017599501629569372,0.008300718466851062
immune,11,-0.004030803244953922,0.005991649338282894,0.0032169034739194437
immune,12,0.002369150577441697,-0.009897558962078532,0.04429946516765249
immune,13,-0.004628880241831136,0.0011048866728484846,-0.009435393374018414
immune,14,0.010429657905922951,0.001681915001191945,0.024381948986492347
immune,15,0.007995849659008805,0.0036351515634863024,0.0015555125815255866
immune,16,-0.007465331497803267,-0.0489504303847136,0.005899673803982273
immune,17,-0.000656838872363207,0.016385535773873895,-0.034746866344333965
immune,18,0.009597065670506883,-0.007758507875519566,0.0316384012998486
immune,19,0.0098397270716156,0.0154945206704103,0.017942826269124506
immune,20,0.01081274372032628,0.015040373953971254,0.008404920182861281
immune,21,-0.006830987830735542,-0.014355644160893646,0.018170142144871816
immune,22,-0.014213491972835349,0.00888250802147754,-0.06790071398410862
immune,23,-0.004118104580430072,-0.01599985751071277,0.007631318836059618
immune,24,0.013806089872085892,0.028449951982898083,0.005409494827889974
immune,25,0.009432605688648654,0.012557855700536696,-0.009957422182147893
immune,26,-0.0027827116330973504,-0.022100823521660172,-0.029211605006991787
immune,27,-0.00785576797308428,-0.0014926473527999652,-0.025561190748107133
immune,28,0.004324907539697206,0.00414240311402347,0.01572070862588066
immune,29,0.0009042470885717163,-0.0018645476410950553,0.004659567095487741
immune,30,0.009543135951532672,0.002862655223494285,-0.02158357467627111
immune,31,0.013006959477489935,0.03030681085350945,0.020662620075302163
immune,32,-0.006236286585497033,0.008882473701870272,-0.001948346312635768
immune,33,-0.002725762189503817,-0.017984103287576922,-0.028418181609209225
immune,34,-0.0021840535453784052,0.029942685326853808,-0.02821957465785544
immune,35,-0.004073966319785696,0.009097022804485716,-0.043040964065829516
immune,36,-0.000726476149536188,-0.02532663482730282,-0.041365836486925406
immune,37,0.003701001245668953,-0.0019986647387355977,-0.00154765978788321
immune,38,-0.00494645214900868,0.0063379112042549245,0.016435651167729343
immune,39,0.004378269302542061,-0.00919670601139105,-0.010856693961564672
immune,40,0.008351052500151617,0.009342768346358337,0.04744052959427525
immune,41,0.020359440028025175,0.03816572893085018,0.03774049012303821
immune,42,0.00717845388832368,-0.007463876779865722,-0.00505486447473317
immune,43,-0.0098397270716156,-0.024958513374513366,-0.024671185693030645
immune,44,-2.571034909177224e-05,-0.0095192936328033,0.02477987971704133
immune,45,0.01445407493244276,0.009449281967405545,-0.002426539750620616
immune,46,0.003525777145101249,0.016748452044334786,0.01741897710565511
immune,47,0.0033067440937266887,0.004191597163198469,0.0005317438916226471
immune,48,-0.0061517707735151,0.005563904193372127,-0.02446235952286237
immune,49,0.014400791117324402,0.02764298462990243,0.03633593952775103
immune,50,-0.014168535169416152,-0.014563698674384982,0.009890088205246858
immune,51,-0.0058906978933366315,0.004852469278852693,0.023094685474943748
immune,52,-0.0001051166939757588,-0.006371433533743665,-0.02286224227180746
immune,53,0.005192461340627151,-0.013292599226132348,-0.019892581436757022
immune,54,-0.00340616081189786,-0.027801925042558347,-0.003493297289740923
immune,55,-0.0015347520986061282,0.030989608226911967,0.0008284334912684415
immune,56,0.007914194540393119,0.0315390638342313,-0.026314077281987085
immune,57,-0.007058669992102136,-0.016201912979168107,0.009690203046540426
immune,58,0.007508255887608649,0.004201132241290627,0.011415304892900907
immune,59,-0.005541153394247188,0.018412258272869228,-0.019460661901140403
immune,60,0.009746292910905391,0.011111280099759308,0.01802265760075028
immune,61,0.006854738686385277,-0.0004877497954652258,-0.009473583459567243
immune,62,-0.004350406556225812,-7.901060125854731e-05,-0.021305312241623697
immune,63,-0.001964427931290013,0.00553226032825431,0.037926347402936336
immune,64,-0.007279521602222426,-0.015679881946562026,-0.024606240148602833
immune,65,0.009746292910905391,0.00972155949969119,0.03685487145252428
immune,66,-0.00884280967558311,-0.0032136572491333294,8.154124714904176e-05
immune,67,-0.0018657586338854254,0.0061250641455566305,0.0018233973569588466
immune,68,0.006225179739417473,0.013170638837199447,0.009703511802638232
immune,69,-0.0016459702981021184,-0.006643632217257736,-0.023926769304686468
immune,70,-0.0008260452796820574,0.0004984502269905164,-0.015461343735065258
immune,71,-0.00017132354246435685,0.0234088406566461,-0.013950354124476188
immune,72,0.00413636995651924,-0.005359923453535564,0.033575190300747806
immune,73,0.007510334329109955,0.012701373620092507,0.01869899122944555
immune,74,-0.009035826266088487,-0.019122352191750326,0.00570406899677057
immune,75,0.002872838830841389,0.018324406935094236,0.04909525536427302
immune,76,0.008243996539678089,-0.0012075657601185313,0.03787736614084573
immune,77,-0.00636222840107338,0.001096883829950819,-0.01584402363287027
immune,78,0.00590237269554555,0.030067261627626747,0.013342418003361178
immune,79,0.0036700079338317696,0.005545734743155918,0.0150103938325436
immune,80,0.002956574916391346,0.022001897727497152,0.019660378702742277
immune,81,-0.004979913989828791,-0.003907208908235459,-0.006660092204889556
immune,82,0.004942495306528243,0.0019994131429478023,-0.014388441444252768
immune,83,0.012964035087684553,-0.002820465183570566,0.04463118287868494
immune,84,0.008263170073833736,0.013743650223184306,0.010163451971339305
immune,85,-0.010221708103562946,-0.014841470215809203,-0.011036789813467543
immune,86,0.007510334329109955,0.013472268556914815,-0.014219630251782606
immune,87,-0.0015828192406019913,-0.004708069252490034,-0.040674507002722446
immune,88,-0.009773030366122912,-0.043278205435274844,-0.04052217206057089
immune,89,0.0066807084663174044,-0.01078995738625995,0.013607151158364602
immune,90,0.009150182894747574,-0.012650192294559551,-0.014908440479915436
immune,91,0.0029930568714699505,0.0016600338112016343,0.03961428512267428
immune,92,0.00017132354246435685,-0.018725326991542238,0.015210126640539242
immune,93,0.007369308598029344,-0.00398625914354088,0.037955705437675936
immune,94,0.003170483084463415,0.0035307062824867464,0.014025970382489688
immune,95,0.0039014453389651974,-0.000898953178965873,0.03273509970886934
immune,96,0.0024766807164063828,0.0005911690600022416,0.01219096409228776
immune,97,-0.003374414390180274,-0.000619779339998077,-0.04765016685608797
immune,98,0.007483041583993928,-0.006623644278357039,0.022428969493608304
immune,99,0.0036149973497876845,0.00594130625247187,0.04549098039136586
immune,100,0.0011644118106837048,0.03460474722790483,0.008090854502730904
immune,101,-0.005323423204936492,0.00598066179470364,-0.0037309669515036186
immune,102,0.00846106616365328,0.030161661394084098,-0.04734963081185636
immune,103,0.006926526562619194,-0.015802590700063547,-0.028040429881946858
immune,104,-0.0010187986173111202,0.025091177367053154,-0.02187404489360521
immune,105,-0.006950901168111058,-0.025490453817567496,0.0163778662161509
immune,106,-0.0012448157319991243,-0.013178743470164275,-0.010555594465188814
immune,107,0.0014474047352424867,-0.006234159358063489,-0.013384053886172559
immune,108,-0.002173694120065429,-0.01066251341294637,0.005596463666199675
immune,109,-0.0013316393356640893,-0.013508358484020188,-0.01627149584399104
immune,110,-0.001124597691370563,-0.01776137498636339,0.0072659259515379295
immune,111,-0.002763821578762283,0.021310151910291873,-0.05038783924565618
immune,112,-0.0007947956920855934,-0.00021469582865643133,0.009381234629281754
immune,113,-0.0016553545376024926,-0.016063238627576013,-0.01683819692107341
immune,114,-0.015790048970617213,-0.025857072584151083,-0.05399074171823131
immune,115,-0.0038035349329656513,0.008445100728947195,0.010224386880096312
immune,116,-0.0018286956560495161,-0.02453405487731092,-0.016568590918908572
immune,117,0.003964596396465324,0.007171478246068863,0.017881894235361722
immune,118,0.0034737329336806816,-0.016370538128064157,0.01550481972941826
immune,119,0.0011134908452910032,-0.011514770655283339,-0.005494056657584947
immune,120,-0.008523573480972116,-0.0081478680646491,-0.025502430763197987
immune,121,0.010121722419742948,-0.000966908974918898,-0.012353739778840866
immune,122,-0.010207419796898482,-0.01675126138342275,0.0006458568331309724
immune,123,0.0013208726915216508,-0.00919957640515405,0.02029710347315743
immune,124,-0.0022493666812201524,-0.023987610204050522,-0.010054517709158255
immune,125,-0.013882212849835074,-0.011113444135698763,-0.019396533770885398
immune,126,-0.0028406810851784453,-0.0005241591704634777,-0.013282371294043952
immune,127,-0.00661253463710941,4.987221332159331e-05,-0.01796892402757097
immune,128,-0.005964854280005589,-0.01555750067671111,0.008918460011691914
immune,129,0.009773030366122912,0.009224955155978029,0.016621631657680724
immune,130,0.002489949640827563,-0.003702020206428361,0.016755108743878498
immune,131,0.0028911042069305567,-0.006851428252967645,0.0015981989517462232
immune,132,-0.00034933316652627683,0.012611710135403145,-0.025436586611907265
immune,133,-0.004272863328276639,0.005933127595451461,0.01505807342250437
immune,134,0.013830168638414506,0.023590989624347206,0.02571307899328034
immune,135,-0.010091654397320085,-0.0009734813988344498,-0.023065836341074314
immune,136,-0.014181519380923449,-0.013837838617884712,-0.01354209036596953
immune,137,-0.0030769141025113974,-0.020498914587409996,-0.0129437716261879
immune,138,0.0012431946423306685,0.0039763309835691195,0.006598331532212916
immune,139,0.001614976986264935,-0.018042305314670017,0.034402062531479705
immune,140,0.010132489063885386,0.025916989335140507,0.011824499746385275
immune,141,-0.00591257138355863,0.021531997657283107,0.011456236207026117
immune,142,-0.0018657586338854254,-0.021721046770909472,0.030664763795377442
immune,143,0.0036149973497876845,0.02823169846253891,0.026982308373877523
immune,144,0.0008840147317631525,7.717686020731107e-05,-0.023277250457438486
immune,145,0.003906738794805312,0.00835126951549622,0.0253512184193604
immune,146,0.00472300451368166,-0.0018896727827452343,-0.0017186443937060782
immune,147,-0.004732150068155643,0.006098787801966131,0.018071072105566903
immune,148,0.0022655536158080144,0.009421795771713181,0.028846148087825145
immune,149,0.006305278957479847,-0.0006465687513191737,-0.010149455071442992
immune,150,0.012182496593832132,0.020575800135843557,-0.005198553501180906
immune,151,0.008132898320664711,-0.022023382155391284,0.0160158907490922
immune,152,-0.0021510020870686105,-0.0053716089974054125,-0.008851424778405068
immune,153,0.011392248500833846,-0.004604997389945504,0.020218356824403504
immune,154,-0.0026225325948053594,-0.003711780111383285,-0.032539176484313655
immune,155,-0.009170672815318632,-0.0075524227357769,0.00747879942239967
immune,156,0.00856005543605072,0.0057063312573440664,0.009225646715829447
immune,157,0.007385256847590814,0.0041226528279803415,0.005899000230311535
immune,158,-0.013052586987042522,-0.036589384227635455,0.008484767825973072
immune,159,0.0010816733015651808,0.007779712524894043,0.030520493645793744
immune,160,0.012059498718823175,0.03130016659323464,-0.03521886835191301
immune,161,-0.012191378895429802,-0.022669992476210772,-0.00954634097445096
immune,162,-0.017099955026614235,-0.0507446848909415,-0.02385092155832863
immune,163,-0.005364620893900575,-0.014431108117424082,0.004006560789209172
immune,164,-0.007411665031705368,-0.009622881627838647,0.020677233314725502
immune,165,0.005417982656745428,0.026178254825723755,0.024738987317064132
immune,166,-0.006425062853701392,0.01667364726695477,-0.03191450911186955
immune,167,0.012902108793123021,0.010490737177960438,0.010025928426799105
immune,168,0.01033426977054131,0.03309535116180965,-0.01447793017896474
immune,169,-0.008227550317018545,-0.013570676458646683,-0.026226755600678157
immune,170,-0.017090835204999048,-0.002991206144976253,-0.034994008557492975
immune,171,0.007893068470937703,-0.007243097502725861,0.03733188881516627
immune,172,0.004161765109263263,-0.013712073571835823,0.01639508347232011
immune,173,0.005583008069300052,0.024746920180169055,0.032014112111191304
immune,174,0.006592044716538352,0.009356466754689766,0.023263076354691527
immune,175,-0.006108846383709718,-0.0017954273039383212,-0.0470282796889076
immune,176,0.004062960990616866,-0.013372764555014991,0.01760477718911485
immune,177,-0.00254212867348994,-0.006417434617794107,-0.036615148999592576
immune,178,7.133785864435933e-05,-0.011932564180517417,-0.018380459251544544
immune,179,-0.009082009065539581,-0.020962898744510614,-0.02002437317577485
immune,180,0.003541007361128006,-0.001661049005133757,-0.016803359578052013
immune,181,-0.002913650526585964,0.0071728753990758735,0.01184348919224103
immune,182,-0.008351052500151617,-0.014374260273199255,0.02303443191160088
immune,183,0.001935751616523045,-0.030190987255709168,-0.006513863146400984
immune,184,-0.0026209115051369033,0.0011148396439919265,0.029561749659971426
immune,185,-0.016813077417134645,-0.015200354838187522,-0.033213479897424854
immune,186,0.002565899756083942,0.007909025897712082,-0.019369248654342686
immune,187,-0.0016553545376024926,-0.011397886997500694,0.042968259192459744
immune,188,-0.0014049947702911153,-0.024466893834328932,-0.008873961918492313
immune,189,0.007609891557636754,0.02824159999118849,0.029748861946821886
immune,190,-0.006383208178648528,0.00497791093815754,-0.0005204166992458514
immune,191,-0.002981706816259056,0.024365330554211476,0.01491153444577257
immune,192,-0.0007729222018635953,0.009046366021577068,-0.015229199092537532
immune,193,0.010723194244536877,0.01579208442664035,-0.0051643914488006
immune,194,-0.014202314004747552,-0.04521967439791934,-0.028154605085316947
immune,195,-0.003932438650802381,-0.011358759757821288,-0.007828967018560035
immune,196,0.007374490203448376,0.007734713401471707,0.027984517030126554
immune,197,-0.005715151498782993,-0.0008994964774958706,-0.016911529821584077
immune,198,0.0024871180894458548,-0.027669162386610144,-0.0036693170405391142
immune,199,-0.005222529363050015,-0.044285357673114104,-0.0468940701693121
immune,200,-0.013830168638414506,-0.02623169213086217,-7.730032122748275e-05
immune,201,-0.007620090245649834,-0.005954285384026439,-0.05134500828586575
immune,202,-0.00507051659915729,-0.015901454469279062,0.05237397642139475
immune,203,-0.007412232987834726,0.017982634512494097,-0.006274579228927962
immune,204,-0.004783877674704094,-0.004889600321304907,0.025290228379078593
immune,205,0.0009446246399092741,0.003375086192985123,-0.011084251487831487
immune,206,-0.003813562912647316,-0.01516913065421754,-0.010665686702106464
immune,207,0.003885190051581338,-0.010389626176514653,0.020339924080504175
immune,208,0.0042713862045613326,0.012883217857633019,0.04236145497800986
immune,209,-0.005088180657460459,0.0008737535703444016,-0.012623311821733412
immune,210,-0.006480391207626469,-0.017056562474309103,0.024106005632020124
immune,211,0.002360586045725019,0.002869481520847562,0.016703700484325727
immune,212,-0.009104555385194987,-0.01933975358795604,0.016373521418217313
immune,213,0.0006369524066055834,-0.01564554437808842,-0.002702131652087334
immune,214,-0.004915757851310723,-0.006447491194871234,0.01447558184939034
immune,215,-0.00936833138512066,0.028380900379954513,-0.011258092645091625
immune,216,-0.0012953736749930455,-0.004058617029423973,0.023102800994286715
immune,217,0.011021746656225384,0.021799672482683503,-0.0034766192786528927
immune,218,0.0038035349329656513,0.00943539748575871,-0.025184059103311545
immune,219,0.006216615207700796,-0.00029073075461394805,-0.008418683247682404
immune,220,-0.005902927985444058,-0.01734017916924248,-0.0227195893204325
immune,221,0.004184199578497587,0.0037542774192599647,-0.01248683205965559
immune,222,0.0075829154173928425,0.020567658215718918,-0.026579192388915606
immune,223,0.0037745953653223704,0.0019169424336056052,0.03375361556264773
immune,224,0.013589585678807095,0.005160649763897809,0.03128096531839401
immune,225,-0.009763884811648929,-0.03263314679783513,-0.025063435051569542
immune,226,0.00040713609114061133,-0.027391713459999953,0.014365188237861704
immune,227,0.005823907633779578,0.013846781082036377,-0.04382472943618803
immune,228,-0.003876044497107355,-0.002576601407387344,0.01840827700737833
immune,229,0.003301310127530946,0.023039974515381298,0.008823941018119053
immune,230,0.00017618854301127326,0.0024564463763651206,0.009940404252149149
immune,231,-0.00378362273434923,-0.008456422905789606,0.007549688108956778
immune,232,-0.009469780516905646,-0.004801353036980626,0.03110400219213451
immune,233,-0.001901299305846015,-0.007557624347263503,-0.022305293485768873
immune,234,-0.014411150542637377,-0.007777950971239321,-0.022684966329096175
immune,235,0.004918724223934241,0.008139331134271044,-0.0029121444419126967
immune,236,-0.004100440522126904,-0.00026984181343968393,0.023009221658330976
immune,237,0.000392257556331659,-0.0012231751489587411,0.0070383486990354864
immune,238,-0.0031333082562064233,-0.02568929075316552,-0.01034602173340679
immune,239,0.0016857855824241365,0.009144897813448336,0.039256953686635815
immune,240,-0.006284353727492896,0.007038696231893641,0.008859945016150145
immune,241,0.010429657905922951,-0.004732469339961878,-0.01900916243830561
immune,242,0.007660812523029456,0.005078290134838482,0.0049967641050018274
immune,243,-0.017942009811015572,-0.017975841959590098,-0.016454441363831774
immune,244,0.0010869724465191143,-0.00796849984261441,0.010022569448967695
immune,245,-0.003996288270594714,0.002110752127621328,-0.002679612946978688
immune,246,0.0011027242011485648,0.0057335012477848085,-0.0005879746514468043
immune,247,0.006012683901983937,0.0020559958707643683,0.011838388288721923
immune,248,0.002565899756083942,0.019468129678817572,0.0292008257767337
immune,249,-0.00979310198563158,-0.024701942466187357,-0.005423149287970322
immune,250,-0.004324907539697206,-0.007111081940129776,0.009901385107393421
immune,251,0.006336160418895949,-0.0005857755636670264,0.03237168153137299
immune,252,-0.002412074967247079,0.011809703201654795,-0.0071057305507968484
immune,253,0.0029930568714699505,0.0006980076501682669,0.009946996564721597
immune,254,0.013128821815212785,0.02419616248450846,0.014819520667808153
immune,255,-0.00747447705227725,-0.015636905295709384,0.0082219679469621
immune,256,0.004783638989677703,-0.0069403429261454585,-0.006158725120557567
immune,257,0.0010187986173111202,0.028817648168451684,-0.0005565271152142004
immune,258,-0.014400791117324402,-0.039000949795091035,-0.007281895901274557
immune,259,-0.005991591735223109,-0.020224386979404194,0.008991567984314627
immune,260,0.013033433679831142,0.016414628978878812,0.03852066927000248
immune,261,0.011585136659704717,0.03583101482717252,0.04560382543717472
immune,262,-0.012561128825750256,0.003623836288572541,-0.029904647201182633
immune,263,-0.005552331362334985,-0.007184556253410075,0.009214275072912826
immune,264,-0.005933622283142014,-0.011597024186185443,0.0439293574031187
immune,265,-0.0032026408301263584,0.0016130141911607642,-0.021248694729373213
immune,266,0.012901553503224514,0.023650272050649686,0.04440951726305683
immune,267,-0.002565899756083942,0.008828010484727417,0.01020994306312691
immune,268,-0.00015847845682061268,-0.0015080439520735224,-0.0019315318603418858
immune,269,-0.0003232651843488449,0.015332697367010147,0.009852765137018502
immune,270,0.009746292910905391,0.020897466205369468,0.016789557394462667
immune,271,-0.0029415679499478903,0.002538912199402679,-0.03266205167342434
immune,272,-0.00687448118618975,-0.016333963539626208,-0.009543289175600284
immune,273,0.00016055689832191836,-0.008407933811762705,-0.002986074636368352
immune,274,-0.005755851344106486,-0.008962733193710026,-0.0002685415051022211
immune,275,-0.0025386070109679145,-0.00929236840430371,0.023905178315583715
immune,276,-0.0027263174794023245,0.006400383072679053,-0.002270929501091386
immune,277,-0.0007729222018635953,-0.010859448127525434,0.01102090067279642
immune,278,-0.0008726703656660775,-0.008011506835274984,0.008493751746060763
immune,279,0.005093528790346251,-0.00847991508096407,0.020933392818424046
immune,280,0.002423252935334875,-0.007106594429737772,-0.02228053671002076
immune,281,0.011133400165137267,-0.0068257765682225545,-0.012141035670492063
immune,282,-0.00693041124754,-0.02023691877194194,-0.006782871819776881
immune,283,-0.016563111383035737,-0.02511214400447455,0.0081406782623199
immune,284,-0.009632922947339589,0.01477938371830549,0.012451715893212914
immune,285,0.0018126355560669632,0.00832850907197745,0.0054275005445767275
immune,286,-0.013171746205018167,-0.012364908333462326,-0.009769044874289978
immune,287,-0.011261421457766313,-0.011726975989901795,-0.03989063359235437
immune,288,0.011861840149021146,-0.0011229026493049278,0.02013344526748313
immune,289,0.007369308598029344,-0.01047324438615678,0.046491557840350736
immune,290,0.010032615230486472,0.012883629282849848,0.020450307179854764
immune,291,-4.725909231574621e-05,0.02115110019659935,-0.025737467844024337
immune,292,-0.003943616618890177,0.020617362323854117,-0.02983219620462743
immune,293,0.012113504221849319,0.006428629625392605,0.05228818150357392
immune,294,0.004721065654132213,-0.008974553341587647,0.020272159538071006
immune,295,-0.0010133783268656965,0.003387811450838149,0.0054352408199017654
immune,296,-0.008038774048814187,0.00517966142234251,-0.022344687459689816
immune,297,-0.000214247932269739,0.011921979533905017,-0.021176770060096328
immune,298,-0.008075948877071179,-0.022105878975879685,0.01516139986589346
immune,299,0.0017125230376416566,0.0033142306821987945,-0.0030917794265488035
immune,300,-0.00340616081189786,-0.017421957246752252,0.013006097042306597
immune,301,-0.013589585678807095,-0.017903004758578492,-0.025747273309371377
immune,302,-0.002058511971514488,0.01358372551911124,0.013163196867916737
immune,303,-0.0021053745775160234,-0.023701355319717007,-0.0023683100318243147
immune,304,0.000683576327580727,-0.016792640900232473,-0.007164422859173763
immune,305,-0.005541153394247188,-0.007007342638673794,-0.04788994050917137
immune,306,0.0011112887328652427,0.00555581945355615,0.023797803050138094
immune,307,-0.0035260158301276406,-0.00885663593181599,-0.025863357053341435
immune,308,-0.0016879876948498972,0.0011798701478108696,-0.029720343824651323
immune,309,-0.01609378298772475,-0.03799877266526172,-0.017026994511315424
immune,310,0.0017866794243106138,0.0003561225527818669,0.03473122713379977
immune,311,0.00426224065008735,-0.01649641821641918,0.0029693353949030166
immune,312,-0.0035729799530399057,-0.003057719741541551,-0.01836720676453159
immune,313,-0.008424970201794182,-0.014079763800588882,0.01446451727701592
immune,314,0.004732150068155643,0.017428639778676706,-0.006252064596863866
immune,315,-0.01023173608324461,0.006934043774712021,0.04489816418544805
immune,316,0.007609891557636754,0.019409399149692388,0.020470911049317753
immune,317,0.0011021689112500576,-0.02536281547326784,0.016962257603383084
immune,318,-0.006861682128433498,-0.002587442783684441,-0.0227879577431134
immune,319,-0.002694829206779469,0.0038210443091310172,-0.03568709858152831
immune,320,-0.006569610247304028,-0.005648261553622723,-0.010865244042377237
immune,321,-0.0017547779544069507,0.00880485087729109,0.001067070863284336
immune,322,-0.0035260158301276406,-0.017760340376042287,-0.041213891790789
immune,323,0.00456516122820165,0.015761065632923912,0.0012238665015119146
immune,324,-0.013414361578239392,-0.016623953554186208,-0.009525554632947224
immune,325,0.00020348128812730051,-0.01337149402580581,-0.007122066831235452
immune,326,0.009762407687933622,0.00978429770936603,0.03619351172982488
immune,327,0.0034308085438752994,0.012921550578694258,0.019845277066076573
immune,328,0.015253205327038716,0.006239756162709326,0.012845381789573718
immune,329,-0.0057613342982340875,-0.011851832261465536,-0.004944830631093106
immune,330,0.0022135094043874474,-0.01476455123002574,0.04983752707128135
immune,331,0.007166223796216255,0.030228122860254072,0.006194468632797703
immune,332,-0.004020604556940842,-0.013979447575556844,-0.0028771897318823807
immune,333,-0.003703786769163169,0.010431474663757484,0.006623944650326868
immune,334,-0.003276049796028732,0.0022854456042389103,0.006503085766019878
immune,335,-0.014082530108526009,-0.005569761568448319,-0.042008410381997346
immune,336,0.0014049947702911153,0.006560401688375808,0.0025484095953495767
immune,337,-0.004334291779197581,0.0026992393718296374,-0.033725390458166464
immune,338,0.003249336908661133,0.006169488026239932,0.009537944987768119
immune,339,0.008658420030202263,0.0033796079003980363,0.043282274781996685
immune,340,0.0034631102554913925,0.008716852396715283,-0.02188279359879889
immune,341,-0.0036902346015265145,0.006936308821489115,-0.04521835637895014
immune,342,0.003683291159478292,-0.005697883928495143,-0.025150363210425852
immune,343,-0.0021164814235955834,0.009592136740963472,-0.011052078426044165
immune,344,-0.0029523345940903286,-0.011905900380448062,0.0033125034165849645
immune,345,-0.00530971598911376,-0.021094216260368878,0.0016464343721347054
immune,346,0.01264122804381263,-0.008656220373626922,0.03416896105738592
immune,347,-0.003233149974073271,0.011885610313294034,-0.026402989002226745
immune,348,0.010210941459420508,0.024702658174562433,0.009407692216955033
immune,349,-0.0075168204193253275,-0.021731327137471914,0.000741530274461148
immune,350,0.006861682128433498,0.01118611614259488,0.008608024359566016
immune,351,-0.00469787261381395,0.007027287985729699,0.02427920078492864
immune,352,-0.008451378385908736,-0.03064580892181372,-0.0019484276905086442
immune,353,-0.014300678598899094,-0.0001517159798864135,-0.00537853834416376
immune,354,-0.0051134409889626725,-0.001801944651129294,0.016966438280206924
immune,355,0.009009016653311335,0.008269835807937633,-0.004880660809341186
immune,356,0.0007831208898766753,-0.008154415702924148,-0.03438217467923275
immune,357,-0.002042325036926626,0.0032882950647617247,0.014943142128672194
immune,358,0.005526375230578635,0.02394291551984433,0.04214981414977978
immune,359,0.0019849178518610705,0.015155906976132482,0.026583855014681263
immune,360,0.0062932360290905666,0.030003168035407143,0.019568280800997855
immune,361,-0.011585136659704717,0.0015928071292706375,-0.03496075265955392
immune,362,-0.0003652814160877473,-0.01586986156400425,-0.004660915211160956
immune,363,-0.0035729799530399057,-0.007257045327206608,0.003639733524160462
immune,364,-0.009082009065539581,-0.008493442173213355,-0.04418589803061056
immune,365,-0.0027778064009243847,-0.00835737567879941,0.0084185719218767
immune,366,-0.012634233088399583,-0.019079739451784653,-0.02166270527930867
immune,367,0.003353489160193323,-0.007797684134270755,0.012543100375207719
immune,368,-0.006920206870413101,0.013256845992686814,0.01645761979743292
immune,369,-0.007768581347020534,-0.011520874931133957,-0.014017777730405623
immune,370,-0.0035371226762072002,0.003006718910317068,-0.008892259566089447
immune,371,0.004147321754412722,0.004630557312626797,-0.02078823059284558
immune,372,-0.0022002404799662673,0.009073107938907352,-0.02069864771632231
immune,373,0.006032426401788411,0.008445327318684559,0.012470524911021269
immune,374,0.0059018047394161915,0.01867930970085433,-0.038373947726491504
immune,375,-0.0016553545376024926,-0.013974357352040756,-0.040669200899233565
immune,376,-0.004260619560418895,-0.023243810705047947,0.01778902603846061
immune,377,0.014992879867626832,-0.01656720814924202,0.028936888878911986
immune,378,-0.0026225325948053594,0.006884751874998193,-0.015936875127374156
immune,379,-0.014431640463208434,-0.022448962536229387,-0.010694534616038956
immune,380,-0.0008039155137007786,0.004807678417458526,0.009655988854911276
immune,381,0.00530971598911376,0.015343159632099326,-0.028237787026702998
immune,382,0.0029148550625802913,-0.00727434367536312,-0.013550399603877153
immune,383,-0.007180532329824986,0.008881027572778276,-0.013826623472528814
immune,384,-0.0001454942453133166,-0.007036170546493789,0.006975611638733345
immune,385,0.002464689309325349,0.030198699208535105,0.02587307745737231
immune,386,-0.008436749877307151,-0.0027733479742637207,-0.019268467106901728
immune,387,0.0021053745775160234,-0.009792920787751269,-0.03136471834251255
immune,388,-0.015199921511920358,-0.001696150586293868,-0.01637966431503146
immune,389,0.012572306793838051,0.019307996450455688,0.016860247066699315
immune,390,0.013953166513423465,0.008341572582264159,0.04019312986121659
immune,391,-0.00472300451368166,-0.009396983368842524,-0.0031476787811563394
immune,392,0.007214311165156385,0.001935499035352159,0.010026538183405367
immune,393,-0.008645151105781082,0.018263773129222224,-0.011389589827684185
immune,394,-0.004962203903638131,-0.011120225629613203,-0.017412871888287145
immune,395,-0.011861840149021146,-0.012382651735755345,-0.002549749585926936
immune,396,-0.002683722360699909,0.015319884127605298,0.01976811605096676
immune,397,0.00585088377402349,-0.008704906283543454,-0.013281682142728856
immune,398,0.004037700659114653,0.006770837000353104,0.0018270892170352089
immune,399,0.001775572578231054,0.005522338661749869,-0.0008306217932626074
immune,400,0.013492402649829155,0.02169741793086309,-0.009838575402429625
immune,401,-0.0006278068521316007,-0.029803272584553762,-0.0083590981824364
immune,402,0.009881139460135538,0.038563999974393526,0.04355505435892262
immune,403,-0.0025237284761589623,0.002149071695281414,-0.012374944372545263
immune,404,0.005364620893900575,0.01813941786988466,0.006260745324826558
immune,405,-0.011851217470831857,-0.011419763868971445,0.0035004536497245664
immune,406,-0.00016055689832191836,0.000854089993886443,-0.01894320812679723
immune,407,-0.002895385150496796,-0.024840866510215106,-0.009465845560708053
immune,408,0.00590237269554555,0.027975536962309696,0.010592505781193983
immune,409,-0.002784048246457028,0.026996250760608496,-0.013243952615069082
immune,410,0.00717845388832368,-0.00311530773333687,0.014030577677782829
immune,411,0.002720897188956901,-0.011122786583906266,-0.043874462506965486
immune,412,0.00798672983739362,0.01651048943722006,0.05656729724066782
immune,413,-0.017852790771338015,-0.024028218183609344,-0.036969353196340635
immune,414,0.0024126302571455863,0.003947047711518914,0.011000365995439632
immune,415,0.00016924510096305115,0.0048175827837789965,-0.019218572101836674
immune,416,-0.00856005543605072,-0.01055240385365934,-0.02542881474519985
immune,417,-0.006926526562619194,-0.011070324171095764,-0.03779972018850778
immune,418,-0.009303120948054619,-0.006972439353855076,0.008233180643235988
immune,419,-0.01300966259723714,-0.029916518843343707,0.004747881058421527
immune,420,0.010342834302257986,0.026340080193037338,0.0060788456262247095
immune,421,-0.007483041583993928,-0.007493940545677587,3.804644484308329e-05
immune,422,0.003396413549998705,-0.0073467536221906195,-0.0008915267228625603
immune,423,-0.006711203934513997,-0.002386769920352615,0.01585346911931506
immune,424,0.011052996243821847,-0.0028072299640259143,-0.017035902102609024
immune,425,-0.004525345943879632,-0.005076238528275845,0.01884196508021021
immune,426,0.003941584205276363,0.009821886595365727,0.004243063299412532
immune,427,0.015700829930939655,-0.0019255650010650861,-0.0002737559496462441
immune,428,-8.268222474143438e-05,-0.01868989190038001,0.026552243795908325
immune,429,0.00739117511113431,0.00979306109364047,0.02342009254035284
immune,430,-0.00254212867348994,-0.025970910469157907,0.03045675058463185
immune,431,-0.004961648613739623,0.0034024476492388557,-0.00011626403181362165
immune,432,0.0013940429723976328,-0.0013774358680819546,0.03636575898834659
immune,433,0.006021659757645972,0.019966227929552507,-0.005466902581937605
immune,434,0.00011555406701523052,-0.004515222979621013,-0.0051927342072797715
immune,435,-0.0048197349515368,0.009664850717723527,-0.005650281754113723
immune,436,-0.006001917257841498,-0.033365497063296626,-0.03853022901910755
immune,437,-0.003801888110438398,-0.004218085208942758,-0.00997545376133092
immune,438,0.0006385734962740391,0.012905283035794269,0.022083053120829126
immune,439,0.00018751047705221902,0.008658258033215002,0.0018734497582646819
immune,440,0.00580425868803947,-0.0022296058199660776,0.024782700137672066
immune,441,-0.007762261654814441,-0.038407053011652904,0.015947891161496214
immune,442,0.007333767926068754,0.045082999691143925,0.016683390208743626
immune,443,0.00959914411200819,0.015692326186052454,0.04417527719854293
immune,444,-0.00636222840107338,0.03290499435609685,-0.009703523127763116
immune,445,0.009422577708966989,0.017413400488409045,0.0018909690425953736
immune,446,-0.0001332641532058911,0.029636043794110885,0.01065849798781097
immune,447,-0.0033841834578912794,-0.009485672480871479,0.004347107872413519
immune,448,-0.008263170073833736,-0.01851491071157938,-0.02480760087716021
immune,449,-0.012572306793838051,0.012366159044989044,-0.010736877082499716
immune,450,-0.01361202014804142,-0.028741797510687936,-0.022383796922978448
immune,451,0.007850144081132321,0.021461930451683778,-0.014549573449898537
immune,452,0.008425208886820574,0.01323815378176442,0.0076608261003154035
immune,453,-0.015790048970617213,-0.037678496213169585,-0.03128205173454047
immune,454,-0.008781748341323064,-0.01436131761919809,-0.003977445877132604
immune,455,-0.012234303285235185,-0.006536168743453423,0.009614579820103886
immune,456,-0.0095541412807015,-0.0015648478029930083,-0.011621333693942498
immune,457,0.004895292498589586,0.019050643728619313,0.008739699985711427
immune,458,-0.009365628265373455,0.02131965477364635,-0.016307712584710855
immune,459,-0.004895292498589586,0.004391055089123228,-0.0006550738909880021
immune,460,0.010111396897124559,0.0082372015304232,0.043449316868031114
immune,461,0.007031305089426477,0.0027178860096550806,0.0005874455140419217
immune,462,-0.015700829930939655,-0.010515315999662486,-0.009000407239603197
immune,463,-0.005091567498740675,-0.0014011135135569243,-0.024479384701540402
immune,464,-0.0013743004725931586,-0.0037399223737382,-0.0029823983533162346
immune,465,-0.006320212169334478,-0.02427785746007151,0.0005341501883750297
immune,466,0.003760610543160269,-0.00535970139790406,-0.03429059177432795
immune,467,-0.008930975581721573,-0.014193245276541205,0.02085570602666153
immune,468,-0.004783638989677703,-0.0004536774749217126,0.01032136199330383
immune,469,-0.0037557053109873034,-0.021713376617254795,-0.011638697739414791
immune,470,0.007508255887608649,0.01546628968393464,-0.03509930501126426
immune,471,0.009015336345517428,-0.003778711050905303,0.0012101853175793256
immune,472,0.0015685309339375276,0.002524612266357163,-0.011796474367848012
immune,473,0.009761852398035115,-0.007569258659366905,0.02699253901324985
immune,474,-0.002247288239718847,-0.0022198468430505948,-0.03168610858394741
immune,475,0.0054260493448215165,-0.0034289665699699058,-0.0033661286287886187
immune,476,0.005313131972378514,-0.004195681799158603,0.004122868531732807
immune,477,-0.010509493871109013,-0.031329054316782304,-0.0016629843488662477
immune,478,0.005437156190901076,0.007683313093979853,0.01330301809842101
immune,479,0.0025237284761589623,-0.002289216418784883,0.02909307686845966
immune,480,0.0023350870291964135,0.018512969325660576,0.01516109037272929
immune,481,0.002030784046440049,-0.010139546490899001,-0.010793907467188307
immune,482,0.010874670014887811,0.012338720316735722,0.010473613585209502
immune,483,0.007857800386698094,-0.0185249646751232,0.03629234932928668
immune,484,0.0013419987609770655,-0.017431272576840455,-0.013018246198531194
immune,485,-0.008110469540544207,0.014028238825353844,0.031934245460055195
immune,486,-0.0036719692254373465,-0.012198438951607063,-0.02660075446490896
immune,487,0.007444866145082131,-0.003910701596488093,0.030406433958229923
immune,488,0.008899002989809673,0.007576036784870664,-0.005536872702191154
immune,489,0.007182338573244486,0.008518045744325617,0.006038923748186024
immune,490,-0.008992901876283104,0.0023682172405229632,0.004357773628116752
immune,491,0.009642068501813572,-0.00495053261237172,0.010404240620321924
immune,492,0.009193107284552957,0.00403061754860963,-0.007174512622061074
immune,493,0.008658420030202263,0.024184033771654297,-0.0035748983328545876
immune,494,-0.006545861917087258,-0.03212683533848772,-0.003204567190397522
immune,495,-0.007939693556921723,-0.0041944567751364716,-0.023120325272395825
immune,496,0.00604353324786797,-0.014186557674426066,0.0320816032637311
immune,497,-0.006465762699024884,-0.03141275609144772,-0.01187744180553658
immune,498,-0.0011134908452910032,-0.0005696550632229614,-0.016460762750471297
immune,499,0.006532435419047036,0.024490106725314528,0.015722046634061432
immune,500,-0.0012075748855154788,0.0133146590761444,-0.00814965920485288
immune,501,0.000834848496425127,0.007003887297679409,-0.03538639760998885
immune,502,0.0009042470885717163,0.006482284923823953,-0.008970920404642571
immune,503,-0.008362396866248692,-5.9823899313088055e-05,-0.02039348366198627
immune,504,0.00591257138355863,0.016819034929912876,0.0005960010399793849
immune,505,0.008368576048099157,-0.0016984475654347134,0.021305226272272725
immune,506,-0.006744982769845397,-0.009157883686741544,0.004611406620616164
immune,507,0.009615331046596051,0.0006464015089742096,0.014535006630856561
immune,508,-0.015199921511920358,-0.009921109382116131,0.0110943733845054
immune,509,-0.00510429543448869,-0.020115040276931027,-0.000814144493630607
immune,510,-0.00017618854301127326,0.020981679063722482,-0.02513875197231563
immune,511,0.015460246971332242,0.0014444505364778516,0.034034284940180855
immune,512,-0.0053434948244451596,-0.009437097763509403,-0.012934303236090156
immune,513,-0.00046306615249086064,0.01652054585715817,-0.017134097790644037
immune,514,-0.005715151498782993,-0.0061870707672942865,-0.01718658331745902
immune,515,0.006773130229075529,-0.016199466694407052,0.01682731928699908
immune,516,0.004872858029355262,-0.02819420390432944,0.02732821893892327
immune,517,0.003078391226226704,0.03894252866291686,-0.009138923645080418
immune,518,0.013006959477489935,-0.0026894687405199375,-0.009750166100341767
immune,519,0.013589585678807095,0.0017861400139874192,0.0031296813101950403
immune,520,0.00633639910392234,0.01178124688037505,-0.0019107055101477049
immune,521,-0.00577047985270807,-0.011942359902854919,-0.043623311336167626
immune,522,0.012703631680546173,0.01088647043101075,0.028485878972189814
immune,523,-0.014959101032295433,-0.024605572146541778,-0.053964642418167126
immune,524,0.004278283618722063,-0.01080216018493457,-0.007955034744334788
immune,525,-0.012427191444106056,-0.05293147558738255,0.005130669547619428
immune,526,-0.01238015516363416,-0.01960282425841147,0.01823426467830571
immune,527,0.006402950678453002,0.008395299096061622,-0.032402908043485515
immune,528,-0.011610396991206931,-0.0052989621458847435,-0.0193656349245613
immune,529,-0.011631945734430904,-0.007345160012669072,-0.007352315431107425
immune,530,-0.0068118142965798946,-0.029367796793538993,-0.003194738640073312
immune,531,-0.0030027577158424404,-0.001471024372281929,-0.0030898941936855035
immune,532,0.0017866794243106138,0.00464592896272265,0.01911339797069102
immune,533,-0.00510429543448869,-0.0040177320287235795,0.006714997648341872
immune,534,-0.008451946342038094,0.0005260819329440721,-0.015306308699747601
immune,535,0.008621245201945271,6.122152075771145e-05,0.01960545986696478
immune,536,0.009233484835890515,0.0018056322862488186,0.030485625871503337
immune,537,0.016872686714625964,0.023380032676940707,-0.001707732946530073
immune,538,0.0007795992273546501,-0.015792338415707367,0.0005541954926270205
immune,539,0.006225179739417473,0.000593317186624415,0.03832999950403642
immune,540,0.010309055466926587,0.015494569398203756,0.021515954427262275
immune,541,7.133785864435933e-05,0.0038070890077731893,0.0006023565694478669
immune,542,0.009009016653311335,0.03087066538786124,0.015722896092361043
immune,543,-0.0019596575203588568,-0.03129085233220841,0.01916367201243045
immune,544,-0.0010322683812007637,-0.01274088654575982,-0.02362443843623427
immune,545,-0.0019419934620556883,0.010958890695571521,0.023806103205021762
immune,546,-0.005653225204221461,0.025485401458091164,-0.048002012319145644
immune,547,-0.00883379255274363,0.006746313271405343,-0.0222148013462789
immune,548,-0.00410439736460734,-0.026183950242388534,-0.03574453407356167
immune,549,0.002042325036926626,0.0004296024579795027,-0.032169943293703845
immune,550,0.008964754417052972,0.017200286944604862,-0.0030503288869348777
immune,551,0.005494105634494609,0.010568523317192689,0.011650540764479578
immune,552,-0.013993311068848449,0.0005179079584214426,0.008344030154365346
immune,553,-0.003954568416783659,-0.003997492031751597,-0.002268629135571196
immune,554,-0.012191378895429802,-0.023022316765551575,0.021689065531630754
immune,555,-0.003623561881504362,-0.007080889247544385,-0.019676103097640035
immune,556,0.0022311013051309844,-0.01528845686566928,-0.009562721569529031
immune,557,0.016718108815908697,0.013878109697935306,0.03308572872252273
immune,558,0.009961543381450957,0.027432209234028313,0.004087528728806976
immune,559,-0.0037126690707608386,0.012290128195254357,-0.002026729789548376
immune,560,0.007594695092905811,0.014303751391513884,0.002675019508645302
immune,561,0.010207419796898482,0.02208917272718118,0.011154674455925096
immune,562,0.010588347695306732,0.016188950566717288,0.027480639762787744
immune,563,0.0009576088514165702,0.03304385604146744,0.011756553932813394
immune,564,0.008090727040739732,0.005879510444606453,0.009101968916676176
immune,565,-0.010048730007514703,-0.0200892564683589,0.014112535181686935
immune,566,-0.00378362273434923,0.016071665402674816,0.01199862455729441
immune,567,0.000153058166375189,0.01758607358566377,-0.001455039714347887
immune,568,0.007465331497803267,-0.00773173605502706,0.005785153282742502
immune,569,-0.014082530108526009,-0.009077737143488793,-0.021576906964974267
immune,570,0.002720897188956901,0.022371790878874805,-0.01679785804883288
immune,571,-0.0017055795955934344,0.001570284369342085,0.024172479352609216
immune,572,0.0029415679499478903,-0.008517886389997375,0.022472155655176795
immune,573,0.0007267394024125009,-0.027700175824685865,0.0019326444703484102
immune,574,0.004235359228916681,0.009390766147001375,-0.02835911654842112
immune,575,-0.0008704682532403168,-0.011497011676255947,0.007724497624984264
immune,576,0.016813077417134645,0.009300967463989316,0.016550141962826354
immune,577,-0.006543202063189475,-0.028343577252496602,0.02684904945634971
immune,578,0.010075539620291854,0.000534675179939997,0.005581566700675268
immune,579,0.0062932360290905666,0.0018550939194167072,0.02151494486852179
immune,580,-0.0007369380904255809,-0.013976155424643713,-0.01209553814888396
immune,581,-0.0054744566887545,0.01079149766095491,-0.0010408867190579707
immune,582,0.0028244314869084047,0.014024962215003605,-0.020115599832279635
immune,583,-0.0006385734962740391,0.0016432157797025976,0.03127158307634544
immune,584,0.003743925635474335,-0.011005267809450006,-0.02721541436666301
immune,585,0.016431786496327618,-0.005683398754351435,0.030737699907203247
immune,586,0.0005428683663811079,0.0018658345713201175,-0.010789207562792938
immune,587,0.003552185329215802,0.014385833325680853,0.02093323542422884
immune,588,-0.0018998221821307087,0.006091000597311347,0.007465265193216488
immune,589,0.004278283618722063,0.02591899547118123,0.018428945533320123
immune,590,-0.003786825457429796,-0.038584784082694924,-0.012264463222647098
immune,591,0.013369404774820196,0.00015096930366349792,0.03019789857724776
immune,592,-0.006926526562619194,-0.0025697665398607353,-0.05242706926527672
immune,593,0.005821968774230131,-0.012259081728226432,0.03184755779624487
immune,594,0.0051672010091249375,0.02126680205565654,-0.0021924539948152133
immune,595,-0.010460088950744595,0.005639512095787008,-0.03274441045523028
immune,596,-0.011969949243033772,-0.000864775413387333,-0.02878437700355027
immune,597,-0.002261596773327578,0.00811018004624891,-0.03661039802924706
immune,598,-0.014082530108526009,-0.0047781107840950375,-0.009818541432492733
immune,599,-0.0004968449878222601,-0.01744288096895117,0.014683786727651842
immune,600,0.008451378385908736,0.012505873853830068,0.01823051394795735
immune,601,0.0028149812291813764,0.0038500380183751582,-0.030669880268464962
immune,602,-0.00720428318547472,0.014163530243601022,-0.018552362606398493
immune,603,0.002042325036926626,0.01168805371630842,0.04679590104811406
immune,604,0.008541165381715654,-0.000602077605350318,0.03545837503817089
immune,605,0.000782565599978168,-0.018197917559196832,0.018540109255636834
immune,606,-0.010264632493368328,-0.03664455416540782,-0.007487421623267468
immune,607,-0.015678395461705328,-0.0037966425314226292,0.006803676620251435
immune,608,0.007434099500939692,0.0006482874387891552,0.005223488058860248
immune,609,-0.0031036515577289175,-0.0013019725264931808,0.0007928768100287364
immune,610,0.0007267394024125009,-0.006688566770216421,0.03134591881573528
immune,611,-0.003396413549998705,0.007124035546676996,0.031163716044786304
immune,612,0.006643533638060413,-0.01279584451964325,0.03711322262125732
immune,613,0.004354518446892326,0.004837754005106401,0.005116690565400678
immune,614,-0.013699206774105166,-0.0402863662830326,-0.00845471676486361
immune,615,-0.0116280610495101,-0.011522338402909288,-0.024489080541191095
immune,616,-0.0072676729280012385,-0.029823655424960335,-0.002828031557017283
immune,617,0.002412074967247079,0.02975911233771761,-0.005470917461180409
immune,618,0.007715297531902175,0.03417905182911008,0.009946310172654727
immune,619,0.005766958190186046,-0.0056242419242820375,-0.010508490518552911
immune,620,-0.008654898367680236,-0.01777307136616587,-0.050331198745325226
immune,621,-0.0021840535453784052,-0.003603593341627941,-0.032180318198671704
immune,622,-0.006155186756779854,-0.017108299751311166,-0.025486123507560864
immune,623,-0.00717845388832368,-0.0011607974905118862,-0.024505172434704087
immune,624,0.0004533188905917057,-0.004703619470115776,0.02654793112308428
immune,625,-0.003990664378642757,-0.013443758121062164,0.011791582913000882
immune,626,0.015253205327038716,0.0030116465267518103,0.023610956821749452
immune,627,-0.016718108815908697,-0.021792526498606777,-0.03074824129696748
immune,628,-0.016751887651240097,0.012385929788782515,0.008930011130930709
immune,629,0.002827211321288802,6.278928313738696e-05,0.00016316290326117344
immune,630,0.003886667175296644,0.007910645396700023,0.05151289551018737
immune,631,-0.007333767926068754,0.003671030843424688,-0.010542889703636473
immune,632,0.015503171361137625,0.039136347603911735,0.02124925498409061
immune,633,0.0026648890284813828,0.028149058669365443,0.02746826842661767
immune,634,-0.007166223796216255,0.020191804634003028,0.04160548430115608
immune,635,0.004743500123366537,0.0002794670905476625,-0.03317552924499967
immune,636,-0.0007486059155174668,0.015683776932369217,-0.01918339587983824
immune,637,-0.0034939596013754265,-0.003010724043161351,0.0042998219718068205
immune,638,-0.002763821578762283,-0.011291820606665563,-0.009462932440194222
immune,639,-0.0046126933072432735,-0.010770715033218345,-0.05392483856781221
immune,640,-0.008654898367680236,0.005945622800144892,-0.02475353617970675
immune,641,0.012756993443391026,0.02899614928509797,0.024100901840004192
immune,642,0.0009247145770866447,0.007503288802349245,-0.005645745833124613
immune,643,-0.006545861917087258,-0.009314630631223567,-0.0058535594649197775
immune,644,-0.002935649686404395,0.012655473213023788,0.02744247593823652
immune,645,-0.008550047683313322,-0.009021966951824615,-0.029405293959607413
immune,646,-0.002935649686404395,-0.01955870192066396,-0.010122953455357705
immune,647,0.00013546626563165168,-0.023938507223422504,-0.00603809938526087
immune,648,-0.003875489207208848,-0.0023346831418184734,-0.0010982783371079885
immune,649,-0.011052996243821847,-0.005400611416057628,-0.041667416085761716
immune,650,-0.0055210817747385205,-0.01821488737444677,-0.0612561480177556
immune,651,0.010789890950029565,-0.0030269943148311333,-0.012165605461830802
immune,652,0.001833125476638021,0.01185680814718483,-0.0055230070294007925
immune,653,-0.00576077900833558,0.021973230890874176,-0.003898028830410673
immune,654,-0.0038175197551277525,-0.023135631643690577,-0.004620768997593228
immune,655,0.012311981334426167,0.017523136438048256,-0.0037576904026170588
immune,656,0.003823761600660396,-0.00921403746481149,-0.022211759511816642
immune,657,0.008436749877307151,0.01424172118029339,0.002037190014123752
immune,658,-7.4449730026043826e-06,-0.01748095207447253,0.03163269173595173
immune,659,-0.00633639910392234,0.002713545684616574,-0.05006131714413826
immune,660,0.0058906978933366315,-0.003755773220909712,0.04445550282659329
immune,661,0.010874670014887811,0.016559544611344526,0.01609168592940004
immune,662,-0.0004119065020717673,0.013015162844267916,-0.0005559234319335489
immune,663,0.016751887651240097,0.019364927285949022,0.016877890585043465
immune,664,-0.0009683754955590087,-0.00549724818030869,-7.225106463302588e-05
immune,665,0.0010565414016974705,0.0076897409730955265,0.01493497278463356
immune,666,-0.009432605688648654,0.0060930080528033784,-0.021315516043514487
immune,667,-0.00669293855842483,0.005106569033630803,-0.037702941329778916
immune,668,0.00815339393034959,-0.000860055233979801,-0.007596070787617868
immune,669,-0.0010444984733081891,0.018273613415254634,0.00728619776516933
immune,670,-0.005417982656745428,0.011347332358143527,0.0014214598480533453
immune,671,0.0015347520986061282,-0.008716988539139514,0.0003444886579604214
immune,672,0.0053434948244451596,0.035462127008101606,0.015051168316953589
immune,673,0.0030798804751349155,0.007904037034487318,-0.006644923538281064
immune,674,0.008452501631936601,0.01981515219136546,0.034622744596921745
immune,675,0.0047728723455352645,0.0028986769788339056,0.053544580442907594
immune,676,-0.00969813338440563,-0.021411124240480042,-0.0033493596654784004
immune,677,-0.009365628265373455,-0.004203138529430129,-0.0013830585014038277
immune,678,0.004729947955729882,-0.007595443469725427,-0.023356739722704172
immune,679,0.004073727634759304,0.009264792941272318,0.005087180178692566
immune,680,0.00013546626563165168,-0.01251631835016169,0.024259644362168598
immune,681,0.013369404774820196,0.004311224500232622,-0.01972550641446727
immune,682,-0.004841864717518078,-0.015275773203571322,-0.009411468369627233
immune,683,-0.0067327526777379715,0.010250859331911059,-0.021540436236942906
immune,684,-0.0023910951896719316,-0.022535822044174772,-0.009230537694470705
immune,685,0.015583007326323686,0.008511694619458401,0.04249800631478211
immune,686,-0.006947016483190252,0.0017415709334238968,0.028234282577668905
immune,687,-0.005859448305740168,0.0051618928987378675,-0.011214585195622417
immune,688,-0.011124372796110407,-0.004403400385890678,0.029514987541278813
immune,689,0.007663014635455216,0.003918956537390453,0.04227747577887286
immune,690,0.016761588495612587,0.02481087469721914,0.03493760467598464
immune,691,-0.012268501654722277,-0.02623405919668219,0.004131900825567931
immune,692,0.006075350791593793,0.005571081639844188,-0.01635238974173034
immune,693,0.000153058166375189,-0.02033442492514612,-0.017352681944714482
immune,694,0.012858629113419132,-0.004124982896229899,0.012325399734618806
immune,695,0.0045014400400438205,-0.006329497830077953,-0.008847923634451516
immune,696,-0.009167706442695114,-0.013980651337638959,-0.03164977852465188
immune,697,0.007342332457785432,-0.017348715647477777,-0.016537269352168316
immune,698,0.008592972073118705,0.008481698051282047,-0.0006049491114334775
immune,699,-0.0036700079338317696,0.008588394656752527,0.006651652084370841
immune,700,0.008621245201945271,0.0257870250599019,0.03287600084238659
immune,701,0.0038175197551277525,0.006177408628360243,0.0038639019251461197
immune,702,0.0011644118106837048,0.020448420628082234,-0.007285202952240324
immune,703,-0.010210386169522,-0.012526908084236968,-0.03209560224669213
immune,704,-0.00856005543605072,-0.019187341293930897,-0.032723531293249175
immune,705,-4.195994736181282e-05,0.011725221636096742,-0.04935410520793075
immune,706,-0.0030875367807006865,-0.01791203529719769,-0.02353837957621079
immune,707,0.0008777728862305092,0.002406662840009228,-0.03171891355910411
immune,708,-0.011204472014172781,-0.05026730032423687,-0.05029615977629324
immune,709,-0.0017429982788939823,-0.01872105891330717,-0.008505797278047502
immune,710,0.006532435419047036,0.009370903094397637,0.014467548728110338
immune,711,-0.006075350791593793,-0.00901288157993839,-0.027603083805167083
immune,712,0.004116627456714765,-0.013605828820941836,-0.026497792385225104
immune,713,-0.006950901168111058,-0.012074283432911472,-0.007154745502403813
immune,714,-0.004784194279576211,-0.006119901450657342,-0.03771161146815781
immune,715,-0.0056828819026989675,0.020608967716095286,0.007143121440833909
immune,716,0.013851717381638479,-0.0007558806478125922,0.021105185166663543
immune,717,0.006126510442012886,-0.006648286533971199,0.030524685111292648
immune,718,-0.0008704682532403168,-0.007656280315390854,0.026108148007253373
immune,719,0.003660862379357787,-0.010975079677814567,-0.0036624750720081474
immune,720,-0.0053942318010956935,-0.018022493301670037,0.0327714677048454
immune,721,-0.003576936795520342,-0.003426483038661346,0.043569257326093826
immune,722,-0.0030027577158424404,0.0026263947106073405,-0.0036661383276243484
immune,723,-0.008371542420722675,-0.009714326453429747,-0.016064290111199597
immune,724,-0.004208812869015842,0.007068473622621822,0.005631033572614603
immune,725,-0.007857800386698094,0.0011976719024354293,-0.01773649037781372
immune,726,-0.0019126212398869608,0.003860325409814999,0.022548194947563216
immune,727,-0.003713985457176249,-0.00872074611369219,-0.044557788029881557
immune,728,0.01445407493244276,0.017100694537699992,0.028872820103536034
immune,729,-0.009741057774211012,0.005456009778619314,-0.013143759104939201
immune,730,0.005353854249758136,0.01665793924939827,0.016701933670681908
immune,731,0.0055731259861590875,0.011173728857569643,0.02796232287965534
immune,732,0.009763884811648929,0.027690735536411673,-0.007118940539411266
immune,733,-0.018182592770622983,-0.019879657313628882,-0.018837663412867106
immune,734,-0.014070989118039431,0.00282485219367715,-0.052635794051296085
immune,735,0.009365628265373455,0.012134422995040226,-0.029547037932037737
immune,736,0.0035891668876277677,-0.002665233840528483,-0.0029894145402648937
immune,737,-0.001431970910535027,-0.01107844202478137,-0.04055422015285642
immune,738,0.009881139460135538,0.008275493742814355,0.03283663587199591
immune,739,-0.007637619482711193,-0.016021824287362294,0.016280520973292016
immune,740,0.006711203934513997,0.004738673344673441,0.020025546467082794
immune,741,-0.003353489160193323,-0.0014777623508691747,0.00012484290302743496
immune,742,-0.013052586987042522,-0.0011186592488773711,-0.01044639261554886
immune,743,0.0014474047352424867,0.0193185332899983,-0.021239109582030364
immune,744,0.013006959477489935,-0.0012148186914119393,0.016219631653212534
immune,745,0.006206914363328306,0.0028270310114396394,0.038194912336437174
immune,746,-0.014411150542637377,0.004566515242286292,-0.010504101537345118
immune,747,-0.0013208726915216508,-0.028681609107194986,-0.01683310011950014
immune,748,0.005551776072436477,-0.013612136038432525,0.007336684849871998
immune,749,0.0022894595196438264,-0.012872667726241002,0.02641363761618077
immune,750,-0.010121722419742948,0.0016454591637156072,-0.01831769680571236
immune,751,-0.008075948877071179,-0.013267014183584194,-0.01730886330329636
immune,752,0.017273841280728956,0.0050767122353874376,0.008079470494331654
immune,753,-0.003452343611348954,-0.017750682954663942,0.0036665516047008906
immune,754,0.00880197500901781,0.0053650575399632056,0.009401402272724782
immune,755,0.014202314004747552,0.01878581203563269,0.0347580092827931
immune,756,0.012561128825750256,0.014025179127598167,0.003914042066889861
immune,757,0.009512704906711028,0.019350281656186193,0.013419753912003285
immune,758,0.0006530671836338144,-0.024474562614473835,-0.006497004775396137
immune,759,0.001133717512985748,0.028578286553827485,-0.0042214193768965
immune,760,-0.0032112053618430364,0.009528651307195551,0.0026239657413157647
immune,761,-0.003812654754580836,-0.012222500731576855,0.017649069325942186
immune,762,-0.0067327526777379715,0.007501571868176677,0.0019493273227954213
immune,763,-0.009224339281416532,-0.0012224994266952643,0.023084922718518502
immune,764,-0.018182592770622983,-0.02148703230612819,0.016431868372794655
immune,765,0.007943805447588237,0.04031949349600712,0.003718506692897388
immune,766,-0.00856005543605072,-0.0027871087863487604,-0.03403813223946302
immune,767,0.011611874114922238,0.04094306892677178,0.014824546290644836
immune,768,-0.003472086111153428,-0.010358389720818545,-0.018964088875076685
immune,769,0.004915757851310723,-0.013568072628138781,0.029862556278285452
immune,770,0.01400374844188792,-0.006753680337308615,0.02307151839345852
immune,771,0.013830168638414506,-0.0006920653232453718,0.005213643359755049
immune,772,0.00015847845682061268,-0.029943611291851243,-0.008640309400162471
immune,773,0.0042713862045613326,0.0004660545612537913,0.005206808396148824
immune,774,0.003724013436857914,0.0036182907902571016,-0.0035813100184496067
immune,775,0.011480912250612896,0.017119163414423003,-0.0018579307863478382
immune,776,-0.0009042470885717163,0.015280692010220618,0.0090850897831846
immune,777,-0.0004962432803970879,-0.015945101258306657,-0.009768455467283776
immune,778,0.00459189868341917,0.025954160737259067,-0.029342877292274017
immune,779,-0.014516001227004291,-0.020116578082884386,-0.040341939294571125
immune,780,0.0015477363101134244,-0.007455951881777208,0.009341517883295672
immune,781,0.008472173009732839,-0.010908639588182098,0.01906667585581357
immune,782,0.012812004027435112,0.011024050056932638,0.03522497598314148
immune,783,-0.017047910815193665,-0.01989061791862111,-0.03267463543162503
immune,784,-0.010342834302257986,-0.004336168964194942,0.01595146059416777
immune,785,-7.133785864435933e-05,0.000847095181375726,-0.015110140956719245
immune,786,0.0014988936567645467,-0.0062176107434869276,-0.0031446014024631985
immune,787,-0.001874561850628495,0.023502017123665828,-0.03958914898367861
immune,788,-0.0015347520986061282,0.004692850121547655,-0.009608885221131746
immune,789,-0.004042471070045808,0.011687537118512368,0.002660162289287467
immune,790,0.009934830494083358,0.010969887283277139,0.00914503799933113
immune,791,0.0053740051334009485,0.0010440436186449579,0.026229251409695037
immune,792,0.00668391118939797,-0.0037527052821093258,0.006282854759719662
immune,793,-0.0017977023442123329,-0.02387086661097648,0.016309913243597686
immune,794,-0.0037331589913318967,-0.0014166110610864674,0.003506265658257226
immune,795,-0.01068178185601694,-0.011390445454872689,-0.013905823486495392
immune,796,-0.0013620703804857331,0.005625409701211147,-0.008679336430564243
immune,797,0.0030027577158424404,0.009194727563098365,-0.012692375453492387
immune,798,0.0157210565986344,0.024129723891909934,0.030009839488602474
immune,799,-0.00046306615249086064,-0.00373893011742638,0.00037872672980249206
immune,800,-0.002173694120065429,-0.019107183724181562,-0.032152714317390786
immune,801,-0.012311981334426167,-0.020827433985316675,-0.03418227755868557
immune,802,-0.0006101427938284323,-0.025653939966767673,-0.022054622418383518
immune,803,0.014661116576736286,0.029865240931894785,0.024026226858558604
immune,804,0.0015347520986061282,-0.016879080205205517,-0.007869201732701373
immune,805,-0.006425062853701392,-0.004178905950622615,-0.031840218109535044
immune,806,-0.010802121042136991,-0.028278338269950194,-0.023628124385669868
immune,807,0.012781309729737155,0.022675198577547385,0.021970920944751553
immune,808,0.009380561477228086,0.04190492180274618,-0.015620568498379273
immune,809,0.00530971598911376,0.033043725888323515,-0.00895765378193399
immune,810,0.00039636944699817284,-0.014806249481067998,0.02427818192494874
immune,811,-0.00042957056037493574,-0.0183126152267424,-0.008083020490190348
immune,812,-0.00539011991042918,-0.0007188511816115933,0.012920468838918092
immune,813,0.00669293855842483,-0.003784169595263809,0.02347458374526515
immune,814,0.006394386146736324,0.0038949424783284955,-0.009469247949773163
immune,815,-0.0043251462247235984,-0.008599385569472656,-0.0042139118685379975
immune,816,0.008132343030766204,-0.004525830196044186,0.0073040068961860985
immune,817,-0.00693041124754,-0.020353241165802845,-0.00970762211764086
immune,818,0.009162412986855,-0.010260422735864068,0.038690320811289376
immune,819,0.020402364417830558,0.018614410447328082,0.04903157655241861
immune,820,-0.007015745602296754,0.014719789935079566,-0.021782352037544566
immune,821,-0.004378269302542061,-0.03408273759792803,-0.004517526661020936
immune,822,-0.004324907539697206,-0.004291075391122681,-0.021277602557098273
immune,823,-0.002683722360699909,-0.0006302025354727411,0.009345153767040853
immune,824,-0.01000446777125634,-0.00801211935364772,0.0028202237423720165
immune,825,-0.0012164571871131485,-0.00933839374836394,-0.007658106094500887
immune,826,-0.009392102467714663,-0.029620661947385905,-0.010685007722898997
immune,827,0.009857391129918769,-0.00874984456125027,-0.006510228776695262
immune,828,0.013941822147326388,0.006515501040307481,-0.015613706053351864
immune,829,-0.001919564681935183,0.009350940347156644,0.014549235388898721
immune,830,0.0037126690707608386,0.01093533816553815,0.021415881177786877
immune,831,0.0019317947740426084,0.01790952205147747,0.0010529147990845644
immune,832,-0.0018234022002094018,0.009392610746185484,-0.021892991863690973
immune,833,0.016872686714625964,0.008359918174548274,-0.03176221223728086
immune,834,9.344886888387287e-05,0.03209162400568949,-0.022393382784455795
immune,835,-0.0004752962445982861,0.004891587938451185,0.031230395186229977
immune,836,0.008209886258715377,-0.009666769796635043,0.009106010689641359
immune,837,0.0027827116330973504,-0.014564941859289261,0.011027605579170579
immune,838,-0.003876044497107355,0.014127561991197852,-0.005168949752291689
immune,839,0.004784194279576211,0.003915883645089024,0.0035536653322089384
immune,840,-0.01107379086764595,0.021590124253047488,0.0044146893983759705
immune,841,-0.007411665031705368,0.014782765504199616,-0.040403934406454206
immune,842,-0.01468134324443103,-0.03396535206182956,-0.011936904522527927
immune,843,-0.0017866794243106138,-0.0007949657189931191,3.3981709409954377e-05
immune,844,-0.004543056030070293,-0.010066903137938385,0.04551960632012361
immune,845,-0.006349429343317128,-0.0010593009238101204,-0.0017114171383045091
immune,846,-0.006053406179363559,-0.026977581113266688,-0.02491567817162387
immune,847,0.0032223833299308328,0.008516617153336065,0.0023918365273539097
immune,848,0.016761588495612587,0.01370188258285845,0.01810882529942955
immune,849,0.00018898760076752527,-0.011147061527458205,-0.009856891487618239
immune,850,-0.0004232508681688424,0.03071537579414378,0.009338754172972216
immune,851,0.017230916890923573,0.017336665553054846,0.01654082510675291
immune,852,0.009710363476513056,0.006668946089793418,-0.040352298873680845
immune,853,0.010890784791916042,0.03545176373466034,0.016107800706428272
immune,854,0.01370068389782047,0.007002642533602383,0.04367970409514583
immune,855,-0.010541311414834836,0.007854447011369425,0.032011917935405435
immune,856,-0.0010136170118920883,0.016425789159302765,0.023796372269617144
immune,857,0.0007369380904255809,-0.005794357119085913,0.04186595444053366
immune,858,-0.013701239187718978,-0.028257029245285923,-0.0209406638373081
immune,859,-0.00883379255274363,-0.005613185642406829,-0.04620198749541805
immune,860,-0.0019447789855499044,-0.008665751395769633,-0.026545926816366916
immune,861,0.0024974093220038324,0.0012712468975812307,0.0017054061592547873
immune,862,0.01337143718843401,0.035927419685393105,0.036128562766265714
immune,863,0.007166223796216255,-0.024960515076015957,-0.0002114452037823098
immune,864,0.004235359228916681,0.016485526333452318,-0.017172033302973712
immune,865,0.009051941043116718,0.009700391313414599,0.013695436102344463
immune,866,0.016813077417134645,0.027730558038768102,0.030873771378394366
immune,867,0.007653869080981234,-0.0046867528322996664,0.025550432550102215
immune,868,0.01207084308492025,0.00872169845468732,-0.01456408293572951
immune,869,0.015199921511920358,0.032999133553119425,0.022955159445274726
immune,870,-0.005694422893185544,-0.005511944483042268,-0.032819004926554166
immune,871,-0.000683576327580727,-0.014906584583792593,0.030779749484661157
immune,872,-0.0007356217040101707,0.006050190358140366,-0.000874879062489046
immune,873,0.0006939018501991162,0.001137957673390852,-0.03189095212769638
immune,874,0.005548809699812959,0.025855656385649458,-0.01344563524156937
immune,875,0.013110556439123617,0.023670185270821657,0.006609816411720342
immune,876,0.0006638338277762529,0.011864364555871454,-0.007720928748980541
immune,877,-0.006324169011814915,-0.00018641590747359594,-0.038915094390997836
immune,878,0.012892407948750531,0.009629803929140058,-0.0028850797715102017
immune,879,-0.0021532041994943713,0.022974425598613277,0.026832179168786007
immune,880,-0.01445407493244276,-0.03755007492675565,-0.01622712833596403
immune,881,0.010472319042852021,0.01940193558201301,0.04326161525606361
immune,882,-0.0053273800474169285,-0.02177805142133811,-0.01775183910457191
immune,883,0.006205437239613,0.002049133591196642,0.016080604732827287
immune,884,0.00506031791114421,0.0014103556081418028,0.01741158509486896
immune,885,0.0006477190507480218,-0.011694516165004679,0.008003828650311712
immune,886,-0.003474288223579189,-0.004509345012772971,-0.018819349460762663
immune,887,-0.01361202014804142,0.007145408631155115,0.025479667614079035
immune,888,0.0018228342440800432,0.004742985361658842,-0.010334853386484238
immune,889,0.016300824632018276,0.015407444008950754,0.021710293070533154
immune,890,0.01403048589710544,0.008520798468721922,0.035023853148769546
immune,891,-0.0064712456531524866,0.006760914878737474,-0.02141110216147944
immune,892,0.002872838830841389,0.027556830133776425,0.01797783981382292
immune,893,0.00636313655913986,0.008162107604921545,0.009650099737196965
immune,894,0.004208812869015842,-0.021463049979881202,0.0433005006311363
immune,895,0.007031305089426477,0.02770219325800056,0.01567839184828687
immune,896,-0.0007571704472341447,-0.015333229126434844,0.010446178114946664
immune,897,-0.003987142716120731,-0.024741863509863214,0.011736013455507371
immune,898,0.011062446501548875,0.011566715653298481,0.010255646860928521
immune,899,0.009934830494083358,0.023630449489803217,0.006593535767393622
immune,900,0.006126510442012886,-0.01280248997523202,0.009879619780932094
immune,901,0.008227550317018545,0.00895275635085889,0.011002550519122587
immune,902,0.011861576896144832,0.0015678152744842827,-0.02113509169398014
immune,903,0.017612207811730604,0.018796558594899707,0.0416081896682232
immune,904,0.005102674344820234,-0.006605943819738822,0.01501638048408398
immune,905,0.009961543381450957,0.021112716675915036,-0.006814340739237663
immune,906,-0.011966427580511746,-0.01805960965455601,0.018992912421625596
immune,907,0.019442487028813252,0.04573433664760751,0.03713607733639698
immune,908,0.01114254571961125,0.006663911927756047,-0.000667280646798496
immune,909,0.003159716440320976,-0.00969646262257851,0.012316555507137616
immune,910,-0.0009345966602276092,-0.009494646356945632,-0.033321700060652035
immune,911,-0.00040713609114061133,0.01551890541133212,-0.0008236576134912448
immune,912,-0.007630118225331499,-0.0041498598132898344,-0.04076580662891879
immune,913,-0.0028911042069305567,0.0030708300208743037,-0.00475861395623837
immune,914,0.0008812348973827553,-0.011476947652077848,-0.011917294351420795
immune,915,-0.0025138555446633745,-0.009933788040665234,0.04387351651156646
immune,916,-0.006351461756930942,-0.008153140788166677,-0.016218319280607445
immune,917,0.010362417229771442,0.025436472422411024,-0.0014590865210559363
immune,918,0.0029930568714699505,0.003175535281613226,-0.02778726156595813
immune,919,-0.004033588768448139,-0.01948244674635771,0.0028150125231096723
immune,920,0.002698952576726666,0.0028729294488046607,0.021483814473198797
immune,921,-0.010462291063170356,-0.01848513849589669,-0.0670199547301501
immune,922,0.005560895894051662,0.0039552501767304805,0.020196194349434864
immune,923,-0.0047856714032915165,-0.02044163395465051,-0.023363880396450737
immune,924,0.011585136659704717,-0.00185847512161956,0.024926190364662267
immune,925,0.008368576048099157,0.022601371292280244,-0.00291040324657422
immune,926,-0.0022360977567989723,-0.015098665430715506,-0.01687139621218217
immune,927,-0.0018438921207804594,0.014876717799380773,-0.017758312361546114
immune,928,-0.0011913879509276165,0.00759400324620294,0.024766291761060034
immune,929,0.015678395461705328,0.0275984648756987,0.03715179692664598
immune,930,-0.004618852262149471,-0.0007435463178453038,-0.010790207245045175
immune,931,0.001375777596308465,0.018374811299558504,0.02638518964120007
immune,932,-0.00278428693148342,0.01149052929661257,-0.01578578934182422
immune,933,-0.001714725150067417,0.029368179342238274,-0.011979842951640582
immune,934,-0.008754772201079153,-0.016744065678787647,-0.0059489268751375945
immune,935,-0.010803598165852297,-0.01751265446446037,0.028210248195778775
immune,936,0.017603643280013927,0.012598850314976713,-0.0108730714191492
immune,937,0.01023173608324461,0.010256469494458811,0.015754366973832718
immune,938,0.006820959851053877,0.030774371518170293,0.0255315307451915
immune,939,-0.0040484673032570905,-0.020148068349788693,0.028933281433957143
immune,940,-0.012660970543617103,0.0009167127557700577,-0.006312196824689874
immune,941,0.008038774048814187,0.01699233983517192,0.03461936852083132
immune,942,-0.0010133783268656965,0.00737992521514573,0.009213172928404465
immune,943,0.0016346259320050432,0.00010289258844453186,0.017131388267311205
immune,944,0.0075265212636978175,0.02782544789589448,-0.00825572602794582
immune,945,-0.013204618047291963,-0.026566847741700837,-0.052218464408923033
immune,946,-0.004915757851310723,0.0018364742402915092,-0.044715253402294215
immune,947,0.004030803244953922,0.008660050989856602,0.024483856708460844
immune,948,-0.0029844923397532724,-0.006720243488882102,-0.027108670436290217
immune,949,-0.0017238449716826022,0.026808401589527915,-0.0021381558260364177
immune,950,0.004602665327561609,0.0111163999008934,0.022510598251438446
immune,951,-0.00892183002724759,-0.008053519392760403,-0.00215903102809407
immune,952,0.01468134324443103,-0.018675159547621688,0.0038849470664202943
immune,953,0.013222209948035501,0.01973808346394599,-0.001953402295504881
immune,954,-0.002924883042261956,-0.019190837391971367,-0.025878168786125505
immune,955,-0.01136981403159952,-0.01687950145998304,-0.001464412868095141
immune,956,-0.00023471328499087563,-0.024232856062365474,-0.012104166892143461
immune,957,-0.0021629274759229905,0.012513506263430707,-0.007986421194664157
immune,958,-0.003701001245668953,-0.01604162315894985,-0.03484924836743249
immune,959,0.002464689309325349,0.008118304224399561,-0.01974991181235235
immune,960,-0.013970876599614124,-0.008444345380933216,-0.03490175360840078
immune,961,-0.003464587379206699,-0.02085426185550822,-0.00578847520841976
immune,962,0.014672223422815845,0.02035709801927256,0.00607946821258808
immune,963,-0.007663014635455216,0.00172917752779743,-0.028105547461427533
immune,964,0.0005187896000524947,-0.0007806534896675164,-0.00844412786898266
immune,965,-0.0037331589913318967,-0.0018464172476177628,-0.02054760965832352
immune,966,-0.0036263417158847594,0.00016244749243818834,-0.02749763355630072
immune,967,-0.015460246971332242,0.013222613542925749,-0.02518505098474822
immune,968,0.011383366199236175,0.009701018902628186,0.01219016583985653
immune,969,0.001375777596308465,-0.0023061488352795435,-0.015069252406093749
immune,970,0.006920206870413101,-0.005776282840107963,0.017107914576198084
immune,971,0.00043491869326072835,-0.008049274276247275,0.022513486132525806
immune,972,0.0019174862404338772,0.00043879095606748353,0.027609905660139284
immune,973,0.004926380529500012,0.016813658819488094,0.013412328264255102
immune,974,-0.003213407474268797,-0.029151002598294687,0.013368555048638339
immune,975,0.013351694688629534,-0.014049533409225145,0.015608916256876122
immune,976,-0.009857391129918769,-0.028835056914842436,-0.00970985170215565
immune,977,-0.004522566109499235,-0.005339190969024295,0.036805873003991206
immune,978,0.007051013686536364,0.004253037693367106,-0.03667390435367955
immune,979,0.016051121850795682,0.03167579870524171,0.028192805989610235
immune,980,0.004575927872344089,-0.013426448528651123,-0.0028908286078602923
immune,981,-0.010179691871824043,0.002611647539144637,-0.018114805180887344
immune,982,0.0011605271257628992,-0.020663080464858666,-0.006492922804052513
immune,983,-0.012824234119542538,0.010317816944100689,-0.01400397692265364
immune,984,-0.009139978517620675,-0.012115851805206407,0.020856286135672624
immune,985,-0.006121076475817143,-0.012313046323073066,-0.05414419957002661
immune,986,-0.004532289385927854,-0.027592657007342883,-0.026417505463097984
immune,987,0.0032223833299308328,0.012675477072350241,0.010625341545081768
immune,988,-0.011115808264393729,0.010664458383240776,-0.011919057506859204
immune,989,-0.007901950772535374,-0.005963523253859113,-0.03633871038312078
immune,990,-0.00545144449756554,0.019083874528270282,0.028033417000080798
immune,991,0.0017667693614879844,-0.02737104807853463,0.03463347567048776
immune,992,0.0015776764884115103,-0.00985957469538691,0.004519865787785691
immune,993,-0.010032615230486472,-0.024707737022681163,-0.023002037602857794
immune,994,-0.010091654397320085,0.010190729799891982,0.029942539965744717
immune,995,-0.011351548655510352,-0.009866464760126911,-0.020417107939084134
immune,996,0.002261596773327578,0.023473681122975935,0.024146812850497707
immune,997,-0.010789890950029565,-0.0007591314178568148,0.029100884384196786
immune,998,0.005311193112829067,0.04182336349179798,0.004078453497464977
immune,999,-0.004763726791061282,-0.021929506649017914,-0.002505393683722157
immune,1000,0.0033228588707549197,-0.006130234871664489,0.015198694170214928
immune,1001,0.0021164814235955834,-0.012999594752958907,0.001972464493733802
immune,1002,0.0009042470885717163,0.024333028884239685,0.04988039742126014
immune,1003,0.012320545866142845,-0.0071007584139534344,0.02151491665254015
immune,1004,-0.00017618854301127326,-0.011619828337826743,0.007292778605189926
immune,1005,-0.002015850834585419,0.0035847260212946755,-0.01628322060563317
immune,1006,-0.003436228834320723,-0.0053091122538630785,-0.019183482884291364
immune,1007,0.006795564698309854,-0.014029521107068819,-0.013688050245398004
immune,1008,-0.002763821578762283,-0.012034747472874089,-0.006850999358083115
immune,1009,-0.006032426401788411,-0.001736567958196716,0.04035494565444142
immune,1010,0.008351052500151617,-0.020824413232270543,0.034254400663506636
immune,1011,-0.0003652814160877473,0.027433568135052818,0.01099331864237063
immune,1012,-0.012191642148306115,-0.01204962940481372,0.006398399312292228
immune,1013,-0.015209067066394341,-0.029412556709261718,-0.019499218007252423
immune,1014,-0.0001051166939757588,0.015924093325389195,-0.006551525172746403
immune,1015,0.0060104817895581765,0.00610521337641024,-0.007217714366761867
immune,1016,-0.011412738421404903,-0.00867957606463599,-0.05110959215784978
immune,1017,0.011969949243033772,0.011465680091284167,0.03089293211487592
immune,1018,-0.0012164571871131485,-0.021975116053619678,0.011624237818264938
immune,1019,0.005565059298083,-0.007878552483241277,0.03650062923178865
immune,1020,-0.001714725150067417,-0.025821048522359887,0.026374173196363454
immune,1021,0.015209067066394341,0.014865386303355604,0.020931380620915634
immune,1022,-0.008470211718127263,-0.02504214936118928,-0.03997817547795958
immune,1023,-0.0018998221821307087,-0.0033638724839786206,-0.004263007772005278
immune,1024,-0.0004011398579293289,0.008602548333961305,0.04435243615325811
immune,1025,0.0006385734962740391,-0.008283732608701194,0.0028935843965238093
immune,1026,0.006293499281966879,-0.015431045195660693,0.01279644997736697
immune,1027,-0.004147321754412722,0.02275454567826241,-0.008719136074518696
immune,1028,-0.002829914441036007,-0.00856084010682306,-0.0061168776190931124
immune,1029,0.007331565813642994,-0.03193565694352724,-0.0005991482800441752
immune,1030,-0.009015336345517428,0.013745745045750912,-0.039974676347654774
immune,1031,0.004305165039892732,-0.0018325880644485867,0.003966484918031485
immune,1032,0.0013518716924726532,0.019309516983209683,-0.012916809908479618
immune,1033,0.0026117659506629206,-0.01911277852696465,0.05171787856447654
immune,1034,0.003374414390180274,0.0023716836095835684,0.010617361537670733
immune,1035,-0.0031956458747133126,-0.012248274774065043,-0.008389975359632845
immune,1036,0.005626487749003942,-0.011689906062000169,0.017655363876744705
immune,1037,-0.01524284590172574,-0.00025017279600155796,0.026281753377796556
immune,1038,-0.004565490499304617,0.00954119536304635,0.01796418931285144
immune,1039,-0.0129106733248397,-0.01963164573505943,-0.01822117226713152
immune,1040,-0.010540188168806969,0.021546059021243902,-0.029402460161067283
immune,1041,-0.00199372106860414,0.0045541165758919465,-0.0035861773220370137
immune,1042,0.0017866794243106138,-0.0162156969766846,0.002008537754661782
immune,1043,3.5479416802777775e-05,-0.0020180404084243903,-0.02840128019378263
immune,1044,0.016850252245391637,0.01970003621044502,0.062119641540344314
immune,1045,0.016850252245391637,0.004750288860578001,0.0034465570222636695
immune,1046,-0.004147321754412722,0.015168651191571406,0.014430887238746498
immune,1047,0.0017394766163719572,0.016428456732738426,0.004203842370466402
immune,1048,-0.009522909283837927,-0.014110345387487108,0.006646339788747438
immune,1049,-0.0056038202838570444,-0.032561409886539106,0.008259146006406723
immune,1050,0.010262430380942567,0.00031550347393822023,0.005425355768554351
immune,1051,-0.002366447457694492,-0.005292987186290339,-0.012769809609677099
immune,1052,-0.009873505906947,-0.021671426212061293,-0.01914571809383369
immune,1053,5.9489184423171713e-05,-0.005464357923444921,0.0007517916365906523
immune,1054,0.004763726791061282,0.0038886346940282582,-0.02009619482370445
immune,1055,0.008645151105781082,0.021063217033213337,0.0054371129670523575
immune,1056,-0.015909832866838756,-0.02422212115793311,-0.06305602698845292
immune,1057,0.004127250134904055,0.0014806305296468235,-0.011623526412967922
immune,1058,0.007313300437553826,0.010589164402489346,-0.01715103824779769
immune,1059,-0.002041550690582488,-0.010942823202022191,-0.002297515905511055
immune,1060,-0.00459189868341917,0.025510191065252687,0.03599313010533742
immune,1061,-0.0030246312060644384,0.009844993270180269,-0.00367970184830856
immune,1062,0.0028357758530054796,0.01847801334363121,-0.013531844053608551
immune,1063,-0.010920852814338905,-0.03552653685181092,-0.002449824932494552
immune,1064,0.007699110597314314,0.005823383787990166,-0.012743422228658003
immune,1065,0.013141806026720082,0.02637547198570237,-0.0007366253562160092
immune,1066,-0.0001153153819888388,0.007349348224271204,0.010276214302554643
immune,1067,0.001002611682723258,0.010884698937796797,-0.012797978299723445
immune,1068,0.007959920224616468,0.014507757869112556,-0.002982443885618802
immune,1069,-0.008409021952232712,0.006356713927676222,0.010039224759801308
immune,1070,0.007620090245649834,0.01592266321258544,-0.02296630659399676
immune,1071,0.0011027242011485648,0.004872423471558247,0.0013609000840739498
immune,1072,0.0070137131886829395,0.009793498978098461,-0.001511532306733658
immune,1073,0.010441198896409529,0.01250180153949533,-0.0032054697846239013
immune,1074,-0.00437695291612665,-0.026177328105433776,-0.03636495088923552
immune,1075,0.013830168638414506,0.031219843114716025,0.036756743209889295
immune,1076,0.0017055795955934344,0.008739110746620652,0.04180462614482547
immune,1077,0.004020036600811484,0.0109063402104766,0.03796664504394379
immune,1078,0.004862091385212823,0.0036987722159052498,0.04182809351510008
immune,1079,-0.00739117511113431,-0.007282742338190221,0.0006807473433944888
immune,1080,-0.011387478089902689,-0.021050491639133626,0.005426972577088934
immune,1081,0.0068622374183320055,0.0064022342614323685,-0.009411899460502436
immune,1082,0.012050353164349192,0.021460103822892315,0.02082212993928622
immune,1083,-0.008550047683313322,-0.010715213210116262,-0.06080950629629951
immune,1084,-0.0008468399035061608,0.010956605761313515,0.016496678471926218
immune,1085,0.0009866408716481766,-0.01964506756190356,0.017288251845211943
immune,1086,0.005583008069300052,0.0010833426635833187,0.033645697488236884
immune,1087,0.004062960990616866,0.014085413573853681,-0.051747735984892775
immune,1088,0.001874561850628495,0.008905382875312437,-0.04670600555264571
immune,1089,0.00950992507233063,-0.002303307580458264,-0.009278487222296378
immune,1090,-0.0045014400400438205,0.009449516742879763,0.005725111215226341
immune,1091,-0.008373481280272122,0.009961676922078172,0.0005508696424600303
immune,1092,-0.0038175197551277525,-0.010481458048181546,0.03020116902234225
immune,1093,0.007422431675847806,0.011112885661031555,0.02655368576269563
immune,1094,-0.005323423204936492,-0.00210281629459969,-0.00977299666638275
immune,1095,0.011271449437447978,0.007965504474850444,0.04025683280572836
immune,1096,-0.005672115258556529,0.0014019075746520325,-0.019550546641492618
immune,1097,0.00031323720466717997,0.015969199756026172,-0.007250860034589061
immune,1098,0.007553258718915337,0.014233739446953723,0.01580036333298538
immune,1099,-0.017090835204999048,-0.02187872768299033,-0.009557914708722914
immune,1100,0.00562624906397755,0.01158818329178241,-0.0007247353229464983
immune,1101,0.001614976986264935,-0.022383165791109664,0.027655257670124878
immune,1102,0.008503422597329302,-0.015514828721717921,0.018076497612369048
immune,1103,-0.01572131985151071,-0.038903862597335276,-0.014785897659923218
immune,1104,0.006340283788843146,0.010303360431079763,-0.016615212623017222
immune,1105,-0.001452197578229772,0.0024551568939999114,-0.001946129196368588
immune,1106,-0.008236432618616216,0.005341250680770945,-0.010134503848124967
immune,1107,-0.003276049796028732,-0.0025745172430545796,-0.03626610850278075
immune,1108,0.0008586195790191292,0.011162168188648897,-0.041071695011191664
immune,1109,0.003436228834320723,-0.009443182629893201,0.05058242295593489
immune,1110,-0.0014372060472294067,0.008582538550553359,0.05329050140867608
immune,1111,0.006514170042957869,0.0031650232718357144,0.045105686148603275
immune,1112,-0.008885734065388493,0.0100109164686181,-0.04351619870055586
immune,1113,-0.0005629399858897757,-0.015616886636856736,-0.045316515997077214
immune,1114,-0.006696895400905266,0.0016587338331761495,0.025687997331522338
immune,1115,-0.0001246996214892132,-0.004315106341069866,-0.02417501302661444
immune,1116,-0.0006838150126071187,-0.011503737948338907,0.0021284120056418625
immune,1117,0.005694422893185544,-0.007749188888138733,-0.03400243084325933
immune,1118,0.00413113481982486,0.0327262246361504,0.007823841208824012
immune,1119,0.013154036118827506,-0.0014653635033602536,0.016893352633993802
immune,1120,-0.015122243462729376,-0.02457804519060284,-0.046632417890558504
immune,1121,-0.007369308598029344,-0.0007069017475983402,0.0007723342393074388
immune,1122,0.0036719692254373465,0.020605458829553478,0.002865169584816992
immune,1123,0.007637619482711193,-0.0007556840593002335,-0.006722625476797066
immune,1124,0.014082530108526009,-0.0016138981094838637,0.041051860645617055
immune,1125,-0.009285529047311081,0.005314992120514048,-0.00738745781780233
immune,1126,0.0006482743406465291,-0.010094892831542796,0.007255821843522479
immune,1127,-0.004926380529500012,0.0024121698795864467,-0.020225930769420624
immune,1128,0.004654948224008568,0.013504412763564145,-0.03634410584497431
immune,1129,0.010179691871824043,0.0379137017710338,-0.014105625248818207
immune,1130,-0.015253205327038716,-0.01466463843471249,-0.02706303169344846
immune,1131,0.01931972667382181,0.02245895149724321,0.07117699247402082
immune,1132,0.001612191462770719,0.010738892014852095,0.010985583813877282
immune,1133,-0.01240064508420522,0.007454643052818828,-0.002222404094841054
immune,1134,0.015011145243716,0.0224702574747402,7.349940338586755e-05
immune,1135,-0.015790048970617213,-0.02531989633568986,-0.026181578655160694
immune,1136,-0.007015190312398246,-0.0018040352087761585,0.011359196702002472
immune,1137,-0.0025237284761589623,0.0013946430713499313,-0.010571150426295825
immune,1138,0.017273841280728956,-0.010089738524726173,-0.020249605158223032
immune,1139,0.005253522674887198,0.013575597953950769,0.0220679504354037
immune,1140,0.004534491498353614,0.009646557473451245,0.001040155943383127
immune,1141,0.004208812869015842,0.01133584774588806,-0.003836398413124202
immune,1142,-0.006623038028375536,0.004528135266088543,-0.002724298992621064
immune,1143,-0.007496025795501224,0.0052843225557187064,0.0009899219392538652
immune,1144,0.0004188039162324973,-0.004405352643119906,-0.002883079114735343
immune,1145,0.003396413549998705,0.012451885839132228,0.0013292211367577078
immune,1146,-0.007311339145948249,0.007377640970418222,-0.01407282631519725
immune,1147,0.014541261558506505,0.023122258308530916,0.02036475527724767
immune,1148,-0.006262242717253383,0.005990608498095068,-0.0009517437749615625
immune,1149,-0.003770638522841934,-0.009585396813797392,-0.007651163398849858
immune,1150,0.003943616618890177,-0.008630723982751807,-0.011943969074447301
immune,1151,-0.0003866461705695536,-0.005156250122526337,0.009480211353106949
immune,1152,-0.014411150542637377,-0.025155496398547188,-0.03050978835466389
immune,1153,-0.006950901168111058,-0.01791652020258216,-0.04684167650233741
immune,1154,0.006843972042242838,0.010975223273706633,0.03746315145556561
immune,1155,0.016051121850795682,0.009796721122639431,0.0067014995681208105
immune,1156,-0.009500779517856647,-0.005144019495098189,0.007391512549624363
immune,1157,0.003033434422807508,-0.011490330981475158,0.0011764453110342983
immune,1158,-0.0008601088279273408,0.001841002860026831,-0.013796759052100909
immune,1159,-0.007990614522314426,-0.024852352762866715,-0.025898547446191265
immune,1160,0.005653225204221461,0.034896347962825765,-0.04202512401130508
immune,1161,-0.002360586045725019,-0.0009483177002307709,0.026116128653438108
immune,1162,-0.003206412518855751,0.008893550865957885,0.0067108440185628775
immune,1163,-0.01207972538651792,-0.026739616690887022,-0.0034304279596607083
immune,1164,0.0006889966180261506,-0.014429763669341155,-0.007552346929892197
immune,1165,-0.004884525854447148,0.014098665290181903,0.0024410222649156044
immune,1166,0.0064253794585735075,0.011056158646098976,-0.026848553295423218
immune,1167,0.0029148550625802913,-0.014518160356708292,-0.014439183950386689
immune,1168,-0.013806089872085892,-0.019401141368260603,0.018578802860341713
immune,1169,0.01008465944190704,0.02534029041363687,-0.01500259400347395
immune,1170,-0.004718099281508695,-0.007217542949916523,0.04138760939547325
immune,1171,0.006532435419047036,-0.01374994877816503,-0.012453188970965524
immune,1172,-0.0026176273626323937,0.03226416388780114,-0.029456995618598242
immune,1173,0.005505885310007577,0.020579940502647158,0.006682082708742219
immune,1174,-0.012561128825750256,0.007667430653920988,-0.02828428499737836
immune,1175,-0.017603643280013927,-0.039870889365808106,-0.017959453922782725
immune,1176,-0.0010562781488211576,-0.015736951316251697,0.006683318157243008
immune,1177,0.0018556717962934278,0.011385519161366075,-0.04364487090636409
immune,1178,-0.005211351394962219,-0.011855568041639484,0.028723424580730968
immune,1179,0.0027166166350298345,-0.004325416054062664,-0.019773765416464712
immune,1180,-0.0028927252965990128,-0.0002461056913417815,-0.006234020023288748
immune,1181,0.006863714542047312,0.0143353328130113,0.04906908262813305
immune,1182,0.013970876599614124,0.013948986578181716,0.05209948901289053
immune,1183,-0.004314140895554768,0.013650587213040896,-0.023841206102882335
immune,1184,0.006818757738628116,0.02560857151143023,0.001510469464333114
immune,1185,0.0053942318010956935,0.013922230828998974,-0.011974575789489055
immune,1186,0.0062160599178022885,0.00225937188658272,-0.011884325530077195
immune,1187,-0.017560718890208545,-0.014220015273342218,-0.014220507802357804
immune,1188,-0.0064253794585735075,0.0008530118062107378,-0.003650379256469466
immune,1189,0.000913392643045699,-0.004715759783404082,0.0037291700594495603
immune,1190,0.005881578071721447,0.005775855425120634,0.012460159499614109
immune,1191,0.0033052669700113827,0.019714126702679066,-0.045120048936985235
immune,1192,-0.00039636944699817284,-0.012771094431443369,0.014924740193357312
immune,1193,0.012572306793838051,-0.011501666695216106,0.044881568793773086
immune,1194,-0.015503171361137625,-0.02066566109708095,-0.04701334578896675
immune,1195,0.0017866794243106138,0.029232779907775144,0.009591830452248717
immune,1196,-0.003091421465621492,-0.009598767427936236,-0.013896976430391264
immune,1197,0.011010639810145823,0.011596291048810829,-0.004847238213990386
immune,1198,-0.002360586045725019,-0.009078715066162955,0.015197274946000466
immune,1199,-0.002871930672774909,-0.03409438996025594,-0.03989226435129479
immune,1200,0.010048730007514703,-0.009644184666318108,0.026863180674506326
immune,1201,-0.007995849659008805,0.012268973902023559,-0.013869864311652786
immune,1202,0.006320212169334478,-0.016821838894308747,-0.0014193841367296876
immune,1203,0.0008677651334931119,-0.03159175554009418,-0.027592946073920283
immune,1204,-0.007991737768342291,-0.026974928912971343,-0.013710500924708702
immune,1205,0.008340848123024719,-0.0006726010413046716,0.02492412247583637
immune,1206,0.0028927252965990128,-0.012766054629011309,0.01038710215304727
immune,1207,0.00580425868803947,-0.010224951331325484,0.05403696482715914
immune,1208,-0.0109181496945917,-0.005846549386144951,-0.014144401993066972
immune,1209,-0.004763726791061282,-0.0037286700018675,0.022075641464904566
immune,1210,-0.00023471328499087563,0.00646048468944542,0.024774698759900727
immune,1211,-0.012342675632124123,0.0027734005444303676,-0.013314430795542676
immune,1212,-0.0016459702981021184,-0.005920209642851176,0.0069489955801224626
immune,1213,0.00946329998634661,0.009494422008577858,0.028853327857143157
immune,1214,0.016718108815908697,0.03525766146536513,0.05065288479160188
immune,1215,-0.0060645841474513545,0.0038321480901406663,-0.009428957421296643
immune,1216,0.005235257298798031,0.021858309533057597,0.006465786246165303
immune,1217,-0.0029728245146613866,-0.010987170409322441,0.018876058590677685
immune,1218,-0.0010592445214446754,-0.03136572871722267,-0.000944487667357737
immune,1219,8.488433716719497e-05,-0.027799329281764564,0.01798584702166431
immune,1220,-0.0075829154173928425,0.006939318544267035,-0.04367198857468481
immune,1221,0.0023910951896719316,-0.005089050634887798,-0.028940057673447938
immune,1222,-0.0014468494453439794,0.013854832595716187,0.02606083452359046
immune,1223,0.0006482743406465291,0.016432774611901648,-0.0030344999578903187
immune,1224,0.011261421457766313,-0.009370286975785425,-0.0132029172275852
immune,1225,-0.010274660473049993,-0.012923990204650501,0.00462589827461545
immune,1226,-0.010222616261629425,-0.01916146480158925,0.00372967481893997
immune,1227,-0.006155186756779854,-0.015606749056576474,0.017136493534817415
immune,1228,0.00524852622321921,-0.01645206900721161,0.03966940781347638
immune,1229,-0.0015828192406019913,-0.01991920753026228,-0.03236313767803007
immune,1230,0.010164758659969414,0.014761981751587813,0.044585640250226585
immune,1231,0.002837415698415701,0.0074857533812316464,-0.015754836430179463
immune,1232,0.0181396683808176,-0.0008003491117065178,0.04437742106061391
immune,1233,0.00669293855842483,-0.010349436087812271,-0.009772316108032614
immune,1234,-0.007846020711185125,-0.004989479158227141,0.01495059157916447
immune,1235,-0.007193516541332282,0.002216234117210841,0.020473589948190336
immune,1236,-0.005088180657460459,-0.00968540374907886,-0.01882612912173675
immune,1237,-0.004030803244953922,0.00640949385211637,-0.020332414218517687
immune,1238,0.0018438921207804594,-0.0028900794582784658,-0.010391636910273208
immune,1239,-0.0051657238854096316,0.02185952274345457,-0.01057519232392451
immune,1240,-0.004053237714188247,-0.011456627775205513,-0.028084540622264686
immune,1241,-0.0002601141268487178,0.026160299227372123,-0.014123080417112485
immune,1242,-0.014070989118039431,-0.023006994268217465,-0.01872279414680496
immune,1243,0.0046126933072432735,-1.6554437659406333e-05,0.019788305550783654
immune,1244,0.004062960990616866,-0.023050357691492582,-0.004938800027903469
immune,1245,0.0021714920076396685,-0.005364375986926994,0.0017161040293287302
immune,1246,-0.0013518716924726532,0.00588181447758387,-0.02819479034659338
immune,1247,-0.00940211022045206,-0.005227518046001202,-0.057425233314661525
immune,1248,-4.785119104821119e-06,-0.02092896005300795,0.02428053200153743
immune,1249,-0.01585320002811734,-0.03720447102220849,0.005270129504671966
immune,1250,0.011412738421404903,0.01361971558946134,0.015302656905789608
immune,1251,0.012990772542902073,0.01732226335939163,0.004171883396903183
immune,1252,0.016829762324820582,0.00928681746862798,0.027056313580090745
immune,1253,0.0006278068521316007,0.006989480590348267,0.008281256781947013
immune,1254,0.007333212636170247,-0.010677470713760902,-0.015353301681102605
immune,1255,-0.0006838150126071187,0.016582456392864094,-0.01906427342829526
immune,1256,0.008173620598044334,0.009689964174810278,0.022479534008919964
immune,1257,-0.013732985609436565,0.0041095673747495575,-0.07847732858503204
immune,1258,-0.006653971011099884,0.008881403702790905,-0.011291983216112503
immune,1259,-0.00892183002724759,-0.017918736756592387,0.005742434503118898
immune,1260,-0.005222529363050015,-0.028654021285061258,0.02791315904053727
immune,1261,0.003776797477748131,0.010409997049146188,0.005509585374547839
immune,1262,0.0006530671836338144,-0.024217170445246558,0.00709692675901837
immune,1263,5.9489184423171713e-05,-0.030263537446339424,-0.02581856976377948
immune,1264,-0.007003965926783785,0.006673364542901576,-0.0002507887270725706
immune,1265,-0.001625175674278015,-0.006737241649375646,0.019230070602016074
immune,1266,0.0026209115051369033,-0.0016533278396121541,0.03391257765573888
immune,1267,0.005626487749003942,-0.010558477365318855,-0.02387470890304168
immune,1268,-0.0031450879317193917,-0.013436008304487376,-0.0005353710623243932
immune,1269,0.009632922947339589,-0.0008457166489718396,0.042768611350926876
immune,1270,0.0003040916501931973,0.00085216686033808,-0.017253769341532287
immune,1271,-0.004294398395750294,0.0070682521636785635,0.03846841399940018
immune,1272,-0.007508255887608649,-0.014658109432496767,-0.005238553325513669
immune,1273,0.007003965926783785,-0.011006717423147364,-0.018483269663387553
immune,1274,0.007374490203448376,0.00472518648737833,-0.010120729270106689
immune,1275,0.011861576896144832,0.02588997769321977,0.03672149851091056
immune,1276,-0.0030126397989834047,0.020612229494854774,-0.008604991072379498
immune,1277,-0.011799173259411289,-0.0019052844116010607,-0.051317005431146895
immune,1278,0.002784048246457028,0.003369699485122034,0.014132127667380801
immune,1279,0.0064712456531524866,0.03063460314261089,0.03899955741441853
immune,1280,-0.0032890800354235202,0.0023212838084257924,-0.011938377462280731
immune,1281,0.014280188678328037,0.026197573981508595,0.03128575713294266
immune,1282,-0.0004968449878222601,-0.008487667767264315,0.03371959436711882
immune,1283,-0.013052586987042522,-0.01564883443596676,-0.04766704813046016
immune,1284,-0.008227550317018545,0.019655131859290423,-0.007358137058481317
immune,1285,-0.011387478089902689,-0.02328577345516998,-0.04397233206779819
immune,1286,2.571034909177224e-05,0.008434377642367305,0.02242542788012263
immune,1287,-0.011019785364619806,-0.0072730171402117655,-0.04850468816374391
immune,1288,0.014280188678328037,0.03170218916322663,-0.022288918692240478
immune,1289,-0.0055210817747385205,-0.014896731503006572,0.004720957479679091
immune,1290,-0.009521269438427704,-0.0056486476049363524,0.028733754857819024
immune,1291,0.0037441643205007266,-0.0018564385509098288,0.010244904347904002
immune,1292,0.008122699632651631,-0.0033565725350616967,0.0035508853125456588
immune,1293,-0.01445407493244276,-0.008359662771088502,-0.008618903829283958
immune,1294,-0.015952757256644138,-0.02075315577457521,-0.04459249002876679
immune,1295,0.015340391953102462,0.02196098930316919,0.002514388609569585
immune,1296,-0.008472173009732839,0.008418140801389137,-0.009815010598173671
immune,1297,0.003812654754580836,-0.0018192077982122222,-0.001161352378312303
immune,1298,0.0013051209368922002,0.004242677740767258,-0.007478774967433692
immune,1299,-0.005417982656745428,-0.010800288533395905,-0.014618114509294428
immune,1300,0.014629299033010463,0.027800288157281874,0.000683079353728494
immune,1301,0.0009243979722145292,0.0026443935612220685,0.0008372614943714662
immune,1302,0.012964035087684553,-0.012887017284829657,-0.006565240787639832
immune,1303,0.007609323601507396,0.0267732357123764,0.008210062695118888
immune,1304,0.007784696124048765,0.018261804277737402,0.012631164344813761
immune,1305,0.0002331379866048061,0.004063736695292025,0.016093226678737832
immune,1306,0.002837415698415701,0.024699064432965604,-0.00937989917289142
immune,1307,0.003776797477748131,0.00943159107654283,0.0020930688645324864
immune,1308,-0.008899002989809673,-0.03387796051081811,0.025449798266109804
immune,1309,0.007369308598029344,0.027600578204043866,0.02929393637092137
immune,1310,-0.009365628265373455,-0.00991501542267734,-0.051432752001049756
immune,1311,-0.0025641060274965203,0.0021634769405453566,-0.04127232998959162
immune,1312,6.245555704668948e-05,-0.0031581513532901125,0.02446063022632645
immune,1313,-0.00307635881261289,0.011832481667942887,-0.011836303120110792
immune,1314,0.009877617797613513,0.02664293281250247,0.03392572053474192
immune,1315,-0.00190747848769648,-0.004273100388841521,-0.020012883407509684
immune,1316,0.0046126933072432735,-0.008162103668740811,-0.0350841604292016
immune,1317,0.004916021104187036,0.02119851788888104,0.021589263410337033
immune,1318,-0.0036664862713097443,-0.0027088734962673194,-0.0024218912820314076
immune,1319,0.009150182894747574,0.029704447314147956,0.008397477492660038
immune,1320,-0.006351461756930942,-0.007060125355786692,-0.001024959322889392
immune,1321,0.012234303285235185,0.015978361383299947,0.009977081716988597
immune,1322,0.0013620703804857331,-0.005391691012850063,-0.0032772536544314057
immune,1323,-0.0033189741858341143,0.011203259775825763,-0.03230656822211131
immune,1324,0.011063762887964285,-0.0028871938949592973,0.009471306634531412
immune,1325,-0.010986323523799696,-0.012820027208319712,-0.01782355536060165
immune,1326,-0.007673042615136881,-0.017966804236797432,-0.04190000260761256
immune,1327,-0.003301310127530946,-0.008200797773986471,0.00456455177998899
immune,1328,-0.0017394766163719572,0.006942722189225143,-0.013134194063716418
immune,1329,0.004602665327561609,-0.017740437485442587,0.013971298107285266
immune,1330,-0.007307817483426224,-0.030345254058839612,0.003971161811247154
immune,1331,-0.003906738794805312,0.019524753127205932,-0.05213944493392498
immune,1332,0.0015258697970084584,-0.011716323715569571,0.008686462393573013
immune,1333,0.004774493435203721,0.00260932790840078,0.023636765427464033
immune,1334,0.013369404774820196,0.007554646483864738,0.029979390300020604
immune,1335,0.0017658848004865103,0.026893514598594157,0.010156408443395003
immune,1336,0.013501548204303137,0.01122129037094929,-0.0038441808391260577
immune,1337,-0.0066859436030117835,-0.004888503999852888,-0.00045166707253742767
immune,1338,-0.003660862379357787,0.011270909147199632,0.011174118739958595
immune,1339,-0.0035629519733582408,0.014717714146295113,-0.010011571120125703
immune,1340,-0.004522566109499235,0.017655321991421155,-0.012934649152842601
immune,1341,0.008243996539678089,0.011152346064520199,0.04082885051757359
immune,1342,-0.01969245306291216,-0.033906959781058746,-0.03409794380932993
immune,1343,0.012427191444106056,-0.005043474408471299,-0.014699601257259378
immune,1344,-0.007520342081847352,0.0013252082595854179,0.016046391705624857
immune,1345,0.006801047652437456,0.012457372693854944,-0.01109219360959417
immune,1346,0.004732150068155643,0.0006275321947014122,-0.00500829557255054
immune,1347,0.003002202425943933,-0.00989599762087046,0.01287958058715504
immune,1348,-0.007699110597314314,-0.016669218818656642,-0.07914803793460581
immune,1349,0.0043882972822237255,-0.004466718632567697,0.03425282029109621
immune,1350,-0.0011428630674597308,-0.006792105291018586,-0.010955389042503604
immune,1351,-0.009260777581006541,0.005230939134135384,-0.020603374147715188
immune,1352,0.010733960888679317,0.012142289020520294,-0.005192314726000588
immune,1353,-0.0034538207350642606,-0.0009543770666564323,-0.027163973551374915
immune,1354,0.005572002740131222,-0.0014572889828191552,0.021161640263897896
immune,1355,0.003875489207208848,0.011483978162535357,-0.018576349204457825
immune,1356,0.007454894124763796,2.5862891401612007e-05,0.038951002510681856
immune,1357,0.0032209062062155264,0.019215175918634978,0.01401045767923557
immune,1358,-0.001874561850628495,-0.028695414032386554,-8.744240519615687e-05
immune,1359,0.011261421457766313,0.0269901995590145,0.0026736857194722685
immune,1360,-0.0055312804627516005,0.0073669195840627925,-0.00867791199744187
immune,1361,0.011204472014172781,0.0046132934266896325,0.02019440056525399
immune,1362,-0.006236286585497033,0.010537379601810008,0.016102366467621282
immune,1363,-0.0036664862713097443,-0.0030416552976223984,0.008207138360153448
immune,1364,-0.008974953105066052,-0.006830517836811847,-0.03608353164668494
immune,1365,-0.005417982656745428,-0.01438691219436727,-0.030421323300349606
immune,1366,0.0064563124412978555,0.024413957732034884,-0.026815409644702057
immune,1367,0.005548809699812959,0.012389113844660436,0.009311204762134808
immune,1368,0.0016553545376024926,0.0010953632158459542,-0.007709755744219828
immune,1369,-0.0034469954784631615,-0.0006069963604897707,-0.026801052077877495
immune,1370,-0.006580376891446467,0.0038955525785216846,-0.0017499121624311997
immune,1371,-0.0055312804627516005,-0.00936581938509209,0.017424215949108767
immune,1372,-0.0024769194014327748,-0.029311496643924094,0.012058533626110191
immune,1373,-0.004491567108548232,-0.007874267834688229,-0.04533536968125354
immune,1374,-0.0059128100685850215,-0.01585973697558937,0.01736383643504113
immune,1375,-0.004511799465356796,-0.01697188637670396,-0.0012270469552965084
immune,1376,0.010875225304786318,0.018830415711330515,0.03444195909225853
immune,1377,-0.005541153394247188,0.011979634863863067,0.006678372145056751
immune,1378,0.00558276938427366,0.034825892142877964,-0.025090741577681746
immune,1379,-0.004084325745098673,-0.013139795893342968,-0.03303468797145251
immune,1380,0.005872432517247464,-0.006195566738980571,-0.009909814774396175
immune,1381,0.002412074967247079,0.017670416065320185,0.007736366733291811
immune,1382,-0.0098397270716156,-0.0038750827174674632,-0.04214898907155064
immune,1383,-0.010240881637718593,-0.012568420627712773,-0.01885740691637805
immune,1384,0.004575927872344089,0.01027406241412585,-0.010799367035129476
immune,1385,0.0020728002781789517,0.014847597254163037,0.010463323921087444
immune,1386,-0.011982179335141197,-0.032031549291195276,-0.012096936189228136
immune,1387,-0.013204618047291963,-0.04282525371750953,0.010087062244305306
immune,1388,0.00426224065008735,0.02082316121787016,0.01265531319638193
immune,1389,0.011115808264393729,0.037225784248758005,-0.0011580488235428399
immune,1390,-0.020359440028025175,-0.05515739865329031,0.00022357571660694409
immune,1391,-0.007135290813491906,0.023022521105186884,-0.007629222431630722
immune,1392,-0.006402950678453002,0.002654050912414084,-0.028830691211777136
immune,1393,0.007672134457070402,2.7381420382772796e-05,0.02336857945630975
immune,1394,-0.0072676729280012385,-0.004814280328923748,-0.0009166885410771906
immune,1395,0.01207084308492025,-0.0042959956638325275,0.037017641511894975
immune,1396,0.011053564199951205,0.025004520982874787,0.04405244345807299
immune,1397,-0.0011204342873392253,0.019699126158334065,-0.016710071811105898
immune,1398,-0.012122649776323302,-0.03332524849331524,0.005582772998699552
immune,1399,-0.009078487403017555,-0.031261900863643326,0.00226298213453327
immune,1400,0.007483041583993928,-0.0018213777404370432,-0.00963923472707039
immune,1401,0.00747447705227725,0.011562552490746886,0.021780390463152877
immune,1402,0.0026225325948053594,0.0030539601811353095,-0.0021454418913324593
immune,1403,0.007725656957215152,-0.019183267277788154,-0.015214374361972888
immune,1404,0.005091567498740675,-0.0034251152394598238,-0.0003179009397742032
immune,1405,0.014921926204038441,0.016643453235668768,0.0033868771133271445
immune,1406,0.0181396683808176,0.022540858158521446,0.04284345802617324
immune,1407,-0.004962203903638131,-0.0067675635604368635,-0.017390185458694446
immune,1408,0.0005428683663811079,-0.01127159437371778,-5.4348229329046816e-05
immune,1409,0.012122649776323302,0.00400071321507251,-0.017268448902645582
immune,1410,-0.007233894092669839,0.018693914043386835,-0.008371547851576603
immune,1411,0.00926934211272322,-0.0031907447986239453,0.020122618742752674
immune,1412,4.195994736181282e-05,0.01661389759042383,-0.0005974690675921064
immune,1413,0.01328339971393005,0.022693150372473173,0.02116418147436072
immune,1414,-0.007572148773250405,-0.005699265353708049,0.004851198744812037
immune,1415,-0.019112685029528283,-0.04208922002577491,-0.024483586921740158
immune,1416,0.008055458956500122,-0.011322645655960762,0.04100000666598928
immune,1417,0.0031542334861933744,0.0017346936899438384,0.02799038503252741
immune,1418,-0.005821968774230131,-0.028165071587234327,0.01598761657044743
immune,1419,-0.006597906128507826,0.006905864797118665,-0.04121236727192546
immune,1420,-0.00510429543448869,0.0006330188423154109,-0.01002176035075238
immune,1421,0.0075441131644413545,0.01598959151433523,0.02252858471388361
immune,1422,0.009857391129918769,0.00878031335681008,0.015051720614838301
immune,1423,0.0012448157319991243,0.013902988958809514,-0.01828577197322978
immune,1424,-0.0017658848004865103,0.00034071730741692973,-0.0025556772952387377
immune,1425,0.009543135951532672,-0.005197529939795928,0.0281193845883781
immune,1426,-0.006465762699024884,-0.0082180842966295,0.004058128886496999
immune,1427,-4.195994736181282e-05,0.002017111253101199,-0.032632885326544736
immune,1428,-0.0018436288679041467,-0.01069186332014973,0.027787530065266675
immune,1429,-0.017612207811730604,-0.0026029922710218284,-0.029355870162068594
immune,1430,-0.003605851795313702,-0.008461998498782167,0.020800632843503846
immune,1431,-0.005677976670526001,-0.0056998666919584095,-0.017753462924433906
immune,1432,-0.0024769194014327748,0.02488110902878651,-0.011850311752539339
immune,1433,0.017047910815193665,0.04695677355768578,0.026527495378993737
immune,1434,-0.0025641060274965203,-0.022785588645541824,0.01879643788880663
immune,1435,0.0028406810851784453,0.0050923893634930665,0.010080105734767569
immune,1436,0.002565899756083942,0.01782424085415705,0.0035771416320203864
immune,1437,-0.009961543381450957,-0.0027144117980492143,0.039224189996147664
immune,1438,-0.008043679280987153,-0.02350374892330528,-0.004550655555921185
immune,1439,-0.015763980988439782,-0.008734689265489405,-0.009992608150334426
immune,1440,0.0064151807705604275,0.03300234027948787,-0.020012601064241475
immune,1441,-0.0029474293619173634,-0.021387918898379807,-0.033523305564029354
immune,1442,0.010655044400799419,0.00031523170980853055,-0.011617444636247145
immune,1443,-0.012182496593832132,-0.009586249144907896,-0.0449695821390469
immune,1444,0.0029415679499478903,0.004284351982654963,-0.011800537980907985
immune,1445,0.0038175197551277525,0.03441897016897915,0.01021929028630797
immune,1446,-0.010211509415549866,-0.008273081896873605,0.021830820106191633
immune,1447,0.009078487403017555,-0.0019220719383990469,-0.008227829944689744
immune,1448,-0.00011555406701523052,-0.013823719439747867,0.01326545472652004
immune,1449,-0.0010992025386265397,0.0027871183400676133,0.02078601353854359
immune,1450,0.0006101427938284323,0.009017579999793973,-0.0002592704647087958
immune,1451,0.004618852262149471,-0.010639488835923635,0.004415007927856716
immune,1452,-0.003091421465621492,0.021598095197018927,-0.009930863970420265
immune,1453,0.011115808264393729,0.015326032811742444,0.013401152453778912
immune,1454,0.007385256847590814,0.0047890093986665775,0.00791627555839432
immune,1455,0.010588347695306732,-0.0014810984429889512,-0.006909110346498696
immune,1456,0.010901962760003839,0.008585440845288872,0.004550978373079791
immune,1457,0.0005899161261336874,-0.016929642044666578,0.0068763135372438555
immune,1458,-0.002683722360699909,-0.005995218698533288,0.01467692653564002
immune,1459,-0.004324907539697206,-0.0012834901529775685,-0.013514518754711602
immune,1460,0.008325096368395268,-0.0026797024010981746,0.027317330641780775
immune,1461,-0.0015700201828457393,-0.035214750047173005,0.008678090472859298
immune,1462,0.009062300468429693,-0.02055833520178787,0.049785573607595716
immune,1463,0.0008130610681747613,0.03388012300185946,-0.059578745304794525
immune,1464,0.007401941755276749,-0.004100853527655578,0.007548169353135348
immune,1465,-0.00968486445998445,-0.02919153280787192,-0.018558085154615968
immune,1466,-0.004423896812094648,0.003047721458869339,0.009531944666629627
immune,1467,-0.005385349499498024,-0.010946844899765665,0.024476962841377643
immune,1468,0.013360259220346213,0.023549457958289624,0.01670862900244177
immune,1469,-0.00011588333811819729,0.02395809015093596,0.01887856160326413
immune,1470,-0.007812843583278897,0.00584228373025962,0.004538423600445854
immune,1471,0.003770638522841934,0.013801398055014685,-0.0020378214079281123
immune,1472,-0.001953343517266582,0.011620100354043738,0.047358801743302356
immune,1473,-0.007846622418610297,-0.016632013615740855,-0.008048256084906233
immune,1474,-5.216432448871174e-05,-0.0022633809206219907,-0.02792371304932742
immune,1475,-0.0011021689112500576,0.0022385347056162698,0.022893812945242537
immune,1476,0.003724013436857914,0.01902569547791808,0.012921934621410096
immune,1477,-0.009500474814603602,0.0005017091469994624,0.011462047313222989
immune,1478,0.009082009065539581,-0.003088321471799469,0.034094971508586064
immune,1479,-0.01221186881600086,-0.009851979942768369,0.01106477768762529
immune,1480,0.0005542127324781829,-0.01655241163736159,-0.027880336210110407
immune,1481,-0.005525038617218957,-0.030209029920153993,0.010064598906547716
immune,1482,-0.0025655831512118262,0.00835189747042163,0.013897460847248801
immune,1483,0.003921672006659942,-0.014836177637556576,-0.03707738206232293
immune,1484,-0.008352389113511294,-0.0060287903371703845,0.013732249727041209
immune,1485,0.0035683722638036645,-0.0035000991941690532,0.02550352067423029
immune,1486,0.005964854280005589,-0.0048130715464525286,0.02841669269167226
immune,1487,-0.002369150577441697,0.011660779521366807,0.011431439405005007
immune,1488,-0.013632510068612477,-0.04243199433204417,-0.001220532005305891
immune,1489,-0.00011588333811819729,-0.0086000763076262,-0.0038050393289624693
immune,1490,-0.0034469954784631615,-0.0184577403209055,0.02210849142073732
immune,1491,-0.010207419796898482,-0.038590994081009786,-0.0001615407085127172
immune,1492,0.005781246496850509,0.016408532354730686,-0.008637498674242766
immune,1493,-0.011251222769753233,-0.02018083930891422,-0.040882381702924055
immune,1494,0.004278283618722063,0.004708205777959685,0.0016094756293115282
immune,1495,-0.011500620847722784,-0.013113343426669907,-0.029746357410902823
immune,1496,0.009015336345517428,0.00937555954354076,-0.0161024785800645
immune,1497,0.014211459559221535,0.018606260725908333,0.03318769034085731
immune,1498,-0.005284455657611546,-0.012175131958792018,-0.020026561588467422
immune,1499,0.006566088584782003,0.02502465199885183,0.004709099473008793
immune,1500,-0.0075279983874131234,0.023694460900067906,-0.02036869339279121
immune,1501,0.004334291779197581,-0.028125228894389707,0.006193491558967609
immune,1502,-0.0020728002781789517,-0.0283333902155907,0.015383880549326656
immune,1503,0.006600609248255031,-0.03168579876528137,0.02900163860919041
immune,1504,-0.0028911042069305567,-0.0011031502364280824,0.006477528572793101
immune,1505,-0.006225179739417473,-0.0071436127794375585,-0.030042140031200804
immune,1506,-0.009115662231274546,-0.010988545650816903,-0.01770339796956859
immune,1507,0.003906738794805312,-0.005009178699152872,0.04353874034508295
immune,1508,0.0030607271679235354,-0.0036574018525144013,-0.021901836261380824
immune,1509,0.013440358438408587,0.012798985029736648,0.01961392408930111
immune,1510,-0.018313554634932325,-0.030580264174452552,-0.007383671518545446
immune,1511,-0.0003452097965790796,-0.011261936512827276,-0.014688324235179786
immune,1512,0.0022163552569944983,-0.002596589637949347,-0.0016003713539599804
immune,1513,-0.0020263542258515447,-0.021870625287596382,0.0033309933320275205
immune,1514,0.0036365460930116583,0.008406150044968443,0.022210584061860272
immune,1515,-0.0024769194014327748,0.0008165051996824463,0.012898375506040791
immune,1516,-0.014181519380923449,-0.0003646341160627505,-0.024980464462320273
immune,1517,-0.008436749877307151,0.0055142069056164315,0.01636884018882595
immune,1518,-0.01001466645926942,-0.004615818147634347,-0.01993192299668805
immune,1519,0.01229975124231874,0.020829062217381025,0.05998031112584209
immune,1520,0.009303120948054619,0.006979496156183249,-0.005463485487193193
immune,1521,-0.005677976670526001,-0.010326314353341946,-0.02153585469466221
immune,1522,-0.0044493958286232526,-0.021765789639627362,-0.0021910627212841276
immune,1523,0.004204689499068645,0.006703379262091214,-0.006587072641948216
immune,1524,-0.017081689650525065,-0.01367041335381538,-0.0351195848555271
immune,1525,0.005640995112114036,0.01208011286448206,-0.0022397866483166353
immune,1526,0.001919564681935183,0.000966191334969599,0.050500132085209384
immune,1527,-0.0064051527908787625,-0.004772927899803672,0.010553303292674
immune,1528,0.005333621892949572,-0.0221529702726963,0.029588377533390886
immune,1529,-0.001436967362203015,0.01846034175873594,0.006356814210979232
immune,1530,0.001964427931290013,0.005223749461240939,0.011099707597671779
immune,1531,-0.007529487636321335,0.009944019465148592,0.023894540415259045
immune,1532,-0.009616808170311358,-0.03271280816462425,-0.0027773656655125847
immune,1533,0.009710363476513056,0.03295289894623569,-0.040352298873680845
immune,1534,0.010102832365407882,0.035286184333522465,0.004747695475525634
immune,1535,0.006566088584782003,-0.009618850514010333,0.0427094932907066
immune,1536,0.005801478853659073,0.0014391674556647705,0.0124475699963629
immune,1537,-0.00973191221973703,-0.00886237149793985,0.0010736427450327435
immune,1538,-0.00577047985270807,0.01726695672270532,0.013604856356243266
immune,1539,0.0036263417158847594,0.005309431447357298,-0.004308771593178542
immune,1540,0.009891906104277976,0.023134099616856005,0.00906488179960239
immune,1541,-0.0032223833299308328,0.010926579289081848,-0.021682462509403977
immune,1542,0.0009753189376072308,-0.019406128372598832,0.04345646795350982
immune,1543,0.0008777728862305092,-0.016748622045774233,-0.02575715313441925
immune,1544,-0.0016816736917576226,0.018992055725709025,0.030903180286137876
immune,1545,0.012423079553439543,0.01807787315223424,0.027774750673995964
immune,1546,-0.00037587952642711514,-0.0026709287477287985,0.012989125775358426
immune,1547,0.009092775709682019,0.003972101430335657,0.026593756249388784
immune,1548,0.006830987830735542,0.004852068629877938,0.00019451848747401978
immune,1549,-0.009761852398035115,0.00855007340300074,-0.015827007744777223
immune,1550,0.00437695291612665,-0.00916446630189939,0.013571323702523952
immune,1551,0.013492402649829155,0.02181176780254945,0.023271538211877767
immune,1552,0.00895104720123024,0.001153601793615117,0.026642426840817156
immune,1553,-0.004378269302542061,-0.009498943581888422,-0.02283227708072778
immune,1554,-0.003213407474268797,0.005580334895279846,-0.017480777245316548
immune,1555,-0.017603643280013927,0.00047740722244263636,-0.01623630518718116
immune,1556,-0.0015243926732931522,-0.018342789970858378,0.01691260795902444
immune,1557,-0.0160419762963217,-0.006159889041248161,0.006036591142943377
immune,1558,0.007995849659008805,0.0013681754473161322,-0.017089193118375368
immune,1559,0.008055458956500122,0.02074926455620837,-0.002338281396040179
immune,1560,0.01624878042059771,0.025298725209136626,0.0013006139427329724
immune,1561,0.0038013328205398905,-0.004992409549008753,-0.018236457404425366
immune,1562,0.004841864717518078,0.00029885836881428374,-0.013402560015757441
immune,1563,-0.005356056362183896,0.017886479107538735,0.006399438455593219
immune,1564,0.01300966259723714,0.02428301101611076,-0.0017569438380106717
immune,1565,0.002041550690582488,0.010570861665644773,0.016462506529672582
immune,1566,-2.571034909177224e-05,-0.014517427064233698,0.0062234860342933185
immune,1567,-0.00830542499059903,-0.009226773684280334,-0.027848493689676325
immune,1568,-0.0015477363101134244,-0.01898714248130828,-0.05057821819143446
immune,1569,0.0054260493448215165,-0.012445079209934293,0.03693622377265064
immune,1570,-0.01238015516363416,-5.430179188964726e-06,-0.04313150752607895
immune,1571,-0.006963131260218483,0.00582973745248376,-0.01721124191592352
immune,1572,0.00856005543605072,-0.00916240084160588,0.03806125208809634
immune,1573,-0.003990664378642757,0.014989818780532242,0.017739300202249803
immune,1574,0.005300570434639777,0.0005729874665979006,-0.04293082387457536
immune,1575,0.004873096714381654,0.0030756571112227583,0.04436476662129245
immune,1576,0.009408289402302525,0.004841583557202077,0.05762916307398306
immune,1577,-0.004628880241831136,0.013871492672602962,-0.02808233764216973
immune,1578,-0.01652045024610667,-0.010940880968231644,0.008968996012061487
immune,1579,0.01432311306813342,0.029984600979197792,-0.02372587858135798
immune,1580,0.00576077900833558,0.02120963698624515,0.02311481802130256
immune,1581,0.017273841280728956,0.00994236773326844,0.032219769190343334
immune,1582,0.0031125136323823196,-0.0019590606605339685,-0.02782305630132333
immune,1583,-0.013851717381638479,-0.02405770830536658,-0.007962214729847048
immune,1584,0.0051134409889626725,-0.026972806201088197,0.008930167599917152
immune,1585,0.012012873632839155,-0.0004472132785080102,0.017422342071354034
immune,1586,0.004001771224722316,-0.0011536356933623771,0.011249477943595682
immune,1587,-0.008930975581721573,0.0003399503123902338,-0.026825328382845737
immune,1588,-0.011631945734430904,-0.01166577788300543,0.008788051937241683
immune,1589,0.0001153153819888388,0.021853558904819208,-0.01403534653260922
immune,1590,-0.009282326324230516,-0.0191114015356404,-1.2324805340645922e-05
immune,1591,-0.005825384757494885,-0.0009692640695568812,0.023832485348064692
immune,1592,0.004350406556225812,0.0008510582062708819,0.012708158050936547
immune,1593,0.003876044497107355,0.027412841737700287,-0.01545965182505656
immune,1594,-0.01068178185601694,-0.03431495809879105,0.0041391561278635025
immune,1595,-0.011392248500833846,-0.02168316887360183,-0.03890410349407889
immune,1596,-0.005644197835194602,0.0047661875356396445,-0.005442564168898665
immune,1597,-0.0021532041994943713,-0.0014509292116556688,-0.01944239102629412
immune,1598,-0.006744982769845397,-0.010126178068893066,-0.014309080009101638
immune,1599,0.00693041124754,0.02100083302852985,0.0026926314990007583
immune,1600,0.009469780516905646,-0.001814582836357959,0.008641444382325541
immune,1601,-0.010656521524514725,-0.0197832220765961,-0.04891154582076145
immune,1602,0.008273607446873207,0.007232162046662378,0.031983760263183864
immune,1603,-0.011124372796110407,-0.021418134417770955,-0.006416025550715428
immune,1604,0.002971508128245976,0.01231641913485829,0.013971726285015213
immune,1605,-0.0047856714032915165,-0.015089220012921284,-0.028495824219602173
immune,1606,0.0014468494453439794,0.013124207928520532,-0.008404366451042321
immune,1607,-0.008110469540544207,-0.01760826837769134,-7.370343035301152e-06
immune,1608,-0.0028911042069305567,-0.027838097599353392,0.006345355623671084
immune,1609,-0.004368070614528981,-0.026008782466988147,-0.007709365341218716
immune,1610,-0.006372256380755045,0.01733767562556153,-0.0062307883542793525
immune,1611,-0.0022163552569944983,0.0024034068552517595,-0.013613283372335777
immune,1612,0.00929455641633794,-7.956186930732287e-05,-0.0017056617404312968
immune,1613,0.006351461756930942,0.008495897025185148,0.012177166143668927
immune,1614,-0.0013620703804857331,-0.013613416168741857,0.008489145515900567
immune,1615,-0.021531296811711485,-0.003194908522051197,-0.03306634590242278
immune,1616,0.005715151498782993,-0.011391472871056782,0.006380742778561719
immune,1617,-0.0036149973497876845,0.023498321332321766,-0.037288912248574765
immune,1618,-0.005560895894051662,0.015801392175318698,-0.006158112489761817
immune,1619,-0.0012448157319991243,-0.01165520110283337,-0.004984132247165421
immune,1620,-0.01676103320571408,-0.0022025351626930815,-0.03102971480666635
immune,1621,-0.003943616618890177,0.022643542890037262,0.02945084556864583
immune,1622,-0.002837415698415701,-0.011803527861786211,-0.003613653858835118
immune,1623,0.008550047683313322,0.027989425841016984,0.04623792364397468
immune,1624,-0.010926714226308379,-0.014852142576145446,-0.006701415471617529
immune,1625,-0.004862091385212823,-0.022382879643323077,-0.002322094898625809
immune,1626,-0.0035362145181407206,-0.010962535625159628,0.02609715508302692
immune,1627,-0.0014474047352424867,-0.024501383745640468,-0.02807815973158164
immune,1628,-0.00019433573365331783,-0.0024055523297865965,-0.02077735147828544
immune,1629,0.0010295652614535588,-0.0033437371962894927,-0.006091540622593103
immune,1630,0.008351052500151617,-0.03037899400855739,6.893173793344996e-05
immune,1631,0.0031542334861933744,0.004987937170713391,0.016495287191150926
immune,1632,0.011392248500833846,0.009334355984091321,0.022185122180943245
immune,1633,0.004334291779197581,0.002361761189357025,0.03720099808819735
immune,1634,-0.01852059627922585,-0.03328510207182479,-0.0002783822139471488
immune,1635,-0.0029844923397532724,0.009673680887057117,-0.00371995328587287
immune,1636,-0.010864787931746847,-0.014881635107268629,0.022476654537061047
immune,1637,0.011773674242882684,0.02305956903876908,0.011474405816743333
immune,1638,-0.005296685749718972,-0.015243612656723318,0.009061348541792469
immune,1639,0.008184625927213163,-0.004504806980979728,-0.005180379374572377
immune,1640,0.0035371226762072002,-0.008344630254075499,0.014336067757604024
immune,1641,-0.004970768435354808,-0.0006978410377647543,-0.0026854242459696254
immune,1642,0.0095541412807015,0.023689402713622153,0.04965318782993353
immune,1643,-0.01591897842131274,-0.016997234878141913,-0.0027451138136253255
immune,1644,-0.004020036600811484,-0.010718077965029573,0.0108091834523532
immune,1645,0.01033426977054131,0.024094120918236074,0.017624824648231063
immune,1646,0.0025138555446633745,0.002174414209701478,0.030036231175443028
immune,1647,-0.0038558178294126103,-0.02632745836231293,-0.013775285034828055
immune,1648,0.011882066816715891,0.018321184569083916,0.004721474220151336
immune,1649,0.012660970543617103,-0.006319512615557896,-0.026251695653794087
immune,1650,0.011631945734430904,0.021662705266603653,-0.010795794798893229
immune,1651,0.003064684010403972,0.01774535717783451,0.007356795307575844
immune,1652,0.007051013686536364,0.014038493768233243,0.03402962994703006
immune,1653,0.008209886258715377,0.016295558738605047,0.02023876238645614
immune,1654,6.219230417037665e-05,-0.0050932146139143165,0.015448856666399799
immune,1655,-0.0037347800810003523,-0.03458396588494496,0.0043801515839476755
immune,1656,0.0006997632621685892,0.003155865987589356,0.0025351929735069243
immune,1657,-0.002160147641542593,-0.022829504367493883,0.024674461043040347
immune,1658,0.0006838150126071187,-0.016670227090796543,0.01993691036289874
immune,1659,0.012901553503224514,0.016924789289763344,0.0008803987979492389
immune,1660,0.00585088377402349,0.00791148641710929,-0.018312592083174966
immune,1661,0.006367093401620297,0.0024269478053853223,0.010994584969098314
immune,1662,0.004718099281508695,0.011751630432535912,-0.03082013945009148
immune,1663,0.0007267394024125009,-0.031359507787638366,-0.016692854332428418
immune,1664,-0.00774614687778621,0.0035382164754773947,-0.03560169211087519
immune,1665,-0.0040125378688647545,-0.02640034577659667,-0.032997921237145136
immune,1666,-0.01131437382725336,0.004276749072174823,-0.0008704729503910356
immune,1667,-0.0027309251686385657,0.006150889254155325,-0.0242319470098231
immune,1668,-0.002565899756083942,0.0021069004153564342,-0.007209394815311687
immune,1669,-0.0006530671836338144,-0.011173516280309517,0.022830951696905716
immune,1670,-0.0035260158301276406,-0.015446085244121013,0.004064792581517355
immune,1671,-0.005657182046701899,0.008810861187573835,0.02652326845040961
immune,1672,-0.005093528790346251,0.01630922494567499,0.02865010649124881
immune,1673,0.007412232987834726,0.008453678388045555,0.03221782305396783
immune,1674,0.00661253463710941,0.013739569513981628,0.04124299927227678
immune,1675,-0.004084325745098673,0.006023189550616541,-0.030653674137399372
immune,1676,-0.013851717381638479,-0.020094801820091948,-0.011994728269865269
immune,1677,0.004251474005944912,0.0030253115815223105,0.001978248945948595
immune,1678,-0.015251728203323411,-0.009077164042363747,-0.019143857355704934
immune,1679,0.006570178203433387,0.012813262641886855,0.014966773247629305
immune,1680,0.006465762699024884,-0.0038013996323217657,0.03229170076659172
immune,1681,0.0060104817895581765,0.009393208531228636,0.014286846479403065
immune,1682,0.0051657238854096316,0.02017646872785197,-0.00966925723390675
immune,1683,-0.007661367812927963,-0.007636634401713763,-0.023354290314265974
immune,1684,-0.001790201086832639,0.0016237853362203226,0.0312020682879162
immune,1685,0.010560982792631074,0.023459182839445467,-0.004419966258909844
immune,1686,-0.0181396683808176,-0.01516379509323187,-0.012409049850536941
immune,1687,-0.010656521524514725,-0.02817730978262498,-0.021180413110036607
immune,1688,-0.0015258697970084584,-0.0011656465989851271,0.022467901391487317
immune,1689,0.0029523345940903286,0.02270642067554169,0.029791702850056178
immune,1690,-0.0033291728738471943,-0.004303328083874213,-0.0040818782759347305
immune,1691,-0.008774753385910017,-0.006872589948594876,-0.00044405714743249794
immune,1692,-0.00459189868341917,0.010912681464497333,0.000520229424843986
immune,1693,-0.0004752962445982861,0.004070118875135989,0.00039411701393894194
immune,1694,-0.010075539620291854,-0.007793750344315217,0.00010270136907231109
immune,1695,-0.014181519380923449,-0.0088508992792351,0.031087869914029224
immune,1696,-0.020402364417830558,-0.035927978159282586,-0.02113175396266273
immune,1697,0.015253205327038716,0.022801701558467162,-0.0067964402718407885
immune,1698,0.006947016483190252,0.014194148066591996,-0.0286971862700379
immune,1699,0.004336253070803158,0.03182284523644903,0.015677722608353983
immune,1700,-0.0007261714462831423,-0.013904115235258497,0.014106599005036424
immune,1701,0.0011644118106837048,0.0033088470789379106,0.0038262495607145155
immune,1702,0.014046672831693302,0.00141841133111896,0.0022273797488627407
immune,1703,0.004179294346324622,0.006714370387630309,-0.019906340110384446
immune,1704,-0.0005187896000524947,0.006705410937347606,-0.019229360494190117
immune,1705,-0.009150182894747574,-0.021696812557606422,-0.00935402722904033
immune,1706,0.010032615230486472,0.02290223970673118,-0.01042043823302045
immune,1707,-0.007067234523818813,-0.005647694727569277,-0.005459136643095737
immune,1708,0.016761588495612587,0.020778435671134368,-0.00911868112058688
immune,1709,-0.014181519380923449,-0.006842968971836991,-0.015398793903615213
immune,1710,0.0010767680693922154,-0.019151791410279027,-0.01403635393127072
immune,1711,0.010187193129203737,0.008521388267580341,0.0099356271296513
immune,1712,-0.009365628265373455,-0.036183663072880186,0.001423923207646588
immune,1713,0.004393202514396691,0.0066017089841866935,0.022439256413643544
immune,1714,-0.007850144081132321,-0.012071385703760248,0.01817961596519302
immune,1715,0.0100936868109339,0.009354505965560197,0.00975512062413304
immune,1716,-0.005657182046701899,0.008810861187573835,-0.01597884206490451
immune,1717,-0.007193516541332282,0.019726424768950233,-0.022022736594496967
immune,1718,0.004643942894839738,0.020383712055836674,0.0018281654784358765
immune,1719,-0.010592232380227537,-0.023814907279461076,0.019929312273251825
immune,1720,-0.010986323523799696,0.012646852718974417,-0.02867991383138343
immune,1721,-0.007421115289432396,-0.013525314438755872,-0.03946344481117389
immune,1722,-0.001591964795075974,0.004853541568309097,0.024437795251249367
immune,1723,-0.009251076736634051,-0.010883301627709141,-0.026942456376220968
immune,1724,-0.010207419796898482,0.02011560683386411,0.012798775538361314
immune,1725,-0.006284353727492896,-0.015336982626844627,0.005589270903970296
immune,1726,-0.004053815436142884,-0.018609605493709828,-0.003777625557159085
immune,1727,0.01524284590172574,-0.0016501520202090482,-0.0001324490057478256
immune,1728,0.0109181496945917,0.016646391249565937,-0.02957779161395907
immune,1729,0.006425062853701392,0.02110573602113193,0.0011924053118989586
immune,1730,-0.01146937126012632,-0.004235685090069797,0.00710687737671911
immune,1731,-0.008090727040739732,-0.01271997478564241,-0.0143771244518499
immune,1732,0.0024871180894458548,-0.021677770842635342,-0.005433075366706711
immune,1733,0.001775572578231054,-0.011714038667910862,0.002042058430694225
immune,1734,-0.009851071437712675,0.0028628239591046486,0.0298457822987322
immune,1735,-0.004020604556940842,0.019156386813647883,-0.013214975343338143
immune,1736,-0.0021200030861176083,-0.00966294794231021,-0.012229869391413203
immune,1737,-0.00529644706469258,0.012707159423612627,-0.02080646382467425
immune,1738,-0.0018743231656021032,0.01612805323539311,0.023525912237320812
immune,1739,-0.0017667693614879844,-0.010122424611099861,-0.028397524357827136
immune,1740,0.004654709538982176,0.0314079046945581,0.014922038008552158
immune,1741,-0.008340848123024719,-0.03914669298398226,-0.007161105319913616
immune,1742,0.01956030963342922,0.01765814619611408,0.06216787053230213
immune,1743,0.007411969734958414,0.02290400350586214,-0.0149266833181599
immune,1744,-0.0028836054749838275,-0.01040826180514193,-0.007175716772155699
immune,1745,-0.0009238300160851707,-0.02880651219239414,0.01343420427542627
immune,1746,-0.006394386146736324,-0.014803053440011857,0.01820455101608387
immune,1747,0.013950386679043067,0.029001623203666747,0.0017148576479893984
immune,1748,-0.004916021104187036,-0.01588164013865814,0.02219255743743185
immune,1749,-0.0020067052801114363,0.023122455960619,-0.008485885907079835
immune,1750,0.011851217470831857,0.006853555551676239,0.02091677675440564
immune,1751,0.0008586195790191292,-0.0013163329357530292,-0.0151702978501994
immune,1752,-0.0037262155492836743,0.014133898071082151,0.031812023182316504
immune,1753,0.0037262155492836743,-0.002929802690130282,0.008416348634932106
immune,1754,0.00668391118939797,0.007633603910800558,4.965251413326533e-05
immune,1755,0.006711203934513997,0.02918284446741432,0.009587384300837914
immune,1756,1.600950471928227e-05,0.024551328530555104,-0.001771109940713056
immune,1757,0.014046672831693302,0.0017953530589676393,0.019506662204110993
immune,1758,-0.0019849178518610705,-0.0019574764551928184,-0.02788826601521609
immune,1759,0.01585320002811734,0.017186223088385657,-0.004569008311552065
immune,1760,0.01238015516363416,0.007259480884287799,-0.005255547228580711
immune,1761,0.004706754915411619,0.009151285636102527,-0.01839823192657462
immune,1762,0.0027101305448144625,0.003147109506380257,-0.031170313882246094
immune,1763,0.012363470255948228,0.012705621717253401,-0.01607328935463718
immune,1764,-0.00666620110320731,-0.003933064761968859,-0.010958312400379182
immune,1765,-0.009062300468429693,-0.002341328058209964,-0.05728317414011023
immune,1766,0.00744266403265637,0.02928777033222168,0.0012105981701788313
immune,1767,-0.0036902346015265145,0.003383762216151586,0.0340243525315236
immune,1768,0.006012683901983937,0.022552657416460356,0.004321985049388567
immune,1769,-0.0032758111110023406,0.001917938306323488,-0.006560563621062629
immune,1770,-0.0001454942453133166,0.012551021480738209,-0.015250495228294848
immune,1771,-0.005149536950821769,0.009986629022841795,0.020930383619825597
immune,1772,-0.007850144081132321,-0.016410193777850343,0.011615514522156792
immune,1773,0.012113504221849319,0.0020937596240665542,0.028784535860002493
immune,1774,0.005323423204936492,0.014776514806466676,0.045894995245979835
immune,1775,0.0116280610495101,0.013047600845759635,0.030216790680203925
immune,1776,-0.002720897188956901,-0.01319800534264554,0.0011736708224869647
immune,1777,0.0013208726915216508,-0.003222133657182144,-0.013037161599989789
immune,1778,0.004924903405784706,-0.014919367655960133,0.01230478307378009
immune,1779,0.007803096321379742,0.00875278904278233,-0.0036705461652930997
immune,1780,0.0012002702525252863,-0.00597281569367727,-0.02121270170318108
immune,1781,-0.0010133783268656965,0.006753549834231473,-0.03361006477220032
immune,1782,0.0032223833299308328,0.008036506908595165,-0.01453737099372465
immune,1783,0.003923874119085703,0.015198751839692885,-0.013972689350035278
immune,1784,0.005525038617218957,0.01581595898998694,-0.01893577757023122
immune,1785,0.0043251462247235984,-0.007828641877630858,-0.022517772429397127
immune,1786,-0.0013743004725931586,-0.016757614351368823,0.00035627675620973176
immune,1787,0.006854738686385277,-0.00548194515413158,-0.04225358459542515
immune,1788,-0.002743909380145862,-0.0021958341700009792,0.01448677723506887
immune,1789,0.01211154293024374,0.020873260646508105,0.050366567226490466
immune,1790,-0.007067234523818813,0.0004686334707478491,-0.008167801190060886
immune,1791,0.006347940094408917,0.023821447195878843,0.02390801175413122
immune,1792,-0.0028149812291813764,-0.024028597021452523,-0.012164603511856248
immune,1793,0.0006369524066055834,0.015688188931229266,0.015339760576799949
immune,1794,0.0075265212636978175,0.00638419146444362,0.01397514041046528
immune,1795,0.0008439940508991097,0.01774622397363274,0.03199224117266264
immune,1796,-0.005801478853659073,-0.023600690894858136,-0.028140131906777388
immune,1797,-0.013673946442602952,-0.036145586975503276,-0.00828603740452295
immune,1798,-0.0002803407945434627,-0.0028933804292523894,0.016085068444073748
immune,1799,0.01001466645926942,0.023711814756722842,-0.01183421664606965
immune,1800,-0.0098397270716156,-0.02411454329971159,-0.018084621017688828
immune,1801,-0.012650347865427814,-0.03326551386399496,0.007905347412617733
immune,1802,0.01860043224441191,0.03622682717641665,-0.005560832944789727
immune,1803,0.005791274476532174,-0.006460045296193489,0.01516245615964192
immune,1804,-0.014431640463208434,0.00022825084116066818,-0.016213003836267493
immune,1805,6.439441659613725e-05,-0.009055917524468193,-0.024333780252683623
immune,1806,0.007081863032420398,0.0311613878967104,0.024442511928760326
immune,1807,0.017942009811015572,0.01721680377717523,-0.008627338581285126
immune,1808,-0.00717845388832368,-0.0007393361359556566,-0.025278839336203163
immune,1809,0.004522566109499235,0.039404357359932765,-0.03112163664372892
immune,1810,0.006728867992817166,-0.0009471447252529658,0.004060060003406631
immune,1811,0.0017847181327050367,0.01025546568886782,0.022058750031502695
immune,1812,-0.00671769002472937,-0.015988615918841174,-0.011501668002616917
immune,1813,0.012389300718108143,0.03831710885416482,0.021793254549415643
immune,1814,-0.0062160599178022885,-0.0008854398161139377,0.00876488913373863
immune,1815,0.010462291063170356,0.03548458952716585,-0.0047726722009363756
immune,1816,0.004368070614528981,-0.002252526735537751,-0.02044412933497707
immune,1817,-0.007180532329824986,-0.002108932021378236,-0.011418312078364228
immune,1818,0.0025386070109679145,0.003457040050988,0.01935305767795954
immune,1819,-0.00530971598911376,-0.02184968950359018,-0.011001468063434114
immune,1820,-0.004260619560418895,-0.012358798080248354,0.005116323188842549
immune,1821,0.016542884715340992,0.018112266351301053,0.033773571330555724
immune,1822,0.007465331497803267,-0.005368028897080319,0.011291524825178562
immune,1823,0.0010018373363791199,-0.018842433725365718,-0.017496569899976923
immune,1824,-0.007256328561904164,0.0045108530215543915,0.005542200686899386
immune,1825,-0.015110702472242799,-0.031543085320129484,-0.022880860258507902
immune,1826,-0.010931619458481345,-0.01312205419155319,-0.027398185954843307
immune,1827,-9.508871429409389e-05,0.00258279057234564,-0.009665953061337024
immune,1828,0.007104297501654723,0.025439455704005017,-0.022837635603005946
immune,1829,-0.002806721400717744,-0.006306069750672674,0.008397938991367584
immune,1830,-0.010672636301542957,-0.00897557175853706,-0.02407764335457544
immune,1831,0.0005629399858897757,0.005377063564554108,-0.006226570185652499
immune,1832,0.006532435419047036,0.011385871996172223,0.03109280603556423
immune,1833,0.007104297501654723,0.002828528855172102,-0.004645125914834967
immune,1834,0.012409527385802888,-0.004022855462083795,0.025684572157710174
immune,1835,-0.014212014849120042,0.0188117061415776,0.005718326809833687
immune,1836,0.009718928008229733,-0.02108691685272781,-0.01994722416661409
immune,1837,-0.010986323523799696,-0.00024044836615631782,-0.011739028925887232
immune,1838,-0.014663077868341862,-0.01744925226877443,-0.012795568119034048
immune,1839,0.003987142716120731,0.01891891424267815,0.012779320689730866
immune,1840,0.007160789830020511,0.0034167317319557474,-0.021414090755934912
immune,1841,-0.0012541999714994988,-0.015475978140401372,0.021701296440360868
immune,1842,-0.004289050262864501,-0.019814664004316532,0.010656877646749875
immune,1843,0.009251076736634051,0.018012794452898415,0.03883331610970106
immune,1844,-0.004305165039892732,-0.010431927084485301,0.010232498655647054
immune,1845,0.0008704682532403168,0.020393679036112385,0.009149043611082023
immune,1846,-0.002682837799698435,0.01365274126767184,0.014547848815516297
immune,1847,-0.0019317947740426084,-0.008506430926541162,0.022061976414453167
immune,1848,-0.007939693556921723,-0.019140224285016924,0.003004881221310365
immune,1849,0.0025655831512118262,-0.001963289533537855,0.02601904055155042
immune,1850,6.439441659613725e-05,-0.0035002059595043017,0.02507956752763944
immune,1851,-0.008744005556936713,-0.012034586768270142,-0.018867914997668246
immune,1852,0.003902781952324875,0.0015752429623306962,-0.035615050219410735
immune,1853,-0.0030027577158424404,0.019886006582471735,-0.012176727303566634
immune,1854,-0.0007486059155174668,0.007635598889133635,-0.032134090327269965
immune,1855,0.009710363476513056,-0.004523961069401592,0.030565609752807144
immune,1856,-0.005672115258556529,0.005871171706557141,0.01657366260610128
immune,1857,-0.007160789830020511,-0.011079161377529404,-0.011403219105618912
immune,1858,0.003472086111153428,-0.0033137259509971088,-0.022955695723648473
immune,1859,-0.001133717512985748,-0.008753418132720814,-0.02606926986024405
immune,1860,0.0006750117958640491,0.007459593770704593,-0.010114539677155993
immune,1861,0.002554358765597365,0.00678810642816508,0.02568696598382748
immune,1862,0.00880197500901781,0.0014634245999313508,-0.021194289644275492
immune,1863,0.011762907598740246,0.01861156291600581,0.05931129453314159
immune,1864,0.009834956660684444,0.003537380139534034,-0.023979289881469468
immune,1865,-0.013351694688629534,-0.021400980890236086,-0.03672952135647556
immune,1866,-0.004743500123366537,-0.0042834969664669,-0.016156431730457547
immune,1867,-0.003701001245668953,0.016516543299612305,0.006023802767747027
immune,1868,0.0017547779544069507,-6.238329512847163e-05,-0.0015471050765608894
immune,1869,-0.007058669992102136,-0.01886919465943698,0.01699164341302309
immune,1870,-0.004485325263015589,-0.04375254802018582,0.007938022255046851
immune,1871,0.0022922910710255345,-0.013785811266562323,-0.029750038450715964
immune,1872,0.0017287099722295186,0.002360617807542806,0.018006369348965295
immune,1873,0.004862091385212823,-0.005957831550518965,0.007534449772778238
immune,1874,-0.007465092812776876,-0.0063254731398659555,0.021172429291348965
immune,1875,0.00687448118618975,0.024313887357384604,-0.005361047844863918
immune,1876,0.010592232380227537,0.023643756506432682,-0.007649981685051165
immune,1877,-0.0077509172887173655,-0.021509236993789337,-0.014936010389673859
immune,1878,-0.006189250305025137,-0.008429016456197641,-0.014430593852943485
immune,1879,-0.01054542330550135,-0.009806242460127648,0.0017444372741849488
immune,1880,-0.0013581856955649275,0.014232937203863255,0.012594105385004467
immune,1881,-0.011124372796110407,-0.04143638235159379,-0.004724812932927008
immune,1882,-0.0029523345940903286,0.0027633605838711336,-0.002222945049258157
immune,1883,0.00494645214900868,0.005647984701982833,-0.0004414568890713233
immune,1884,0.010187193129203737,0.012602804172443161,0.040458511278371974
immune,1885,0.004262096684134201,0.015432110165711449,0.003662669420427228
immune,1886,-0.0015828192406019913,-0.007313744906389044,0.009815420704643807
immune,1887,0.009267263671221914,0.013900750844201434,-0.006510224049038818
immune,1888,-0.0017667693614879844,-0.02690962964742122,-0.01203188716306115
immune,1889,-0.0055312804627516005,-0.012368874481255801,0.012224951363002546
immune,1890,-0.00884280967558311,-0.001231610593913325,-0.022903503636842827
immune,1891,0.013162600650544184,-0.00394402371929559,-0.014902527627454993
immune,1892,0.001919564681935183,0.024058273047833235,-0.004446453492959986
immune,1893,-0.017801301849815956,-0.027555045974122713,0.022694639458734813
immune,1894,0.008325096368395268,0.00403562653582062,0.0018812367930107123
immune,1895,0.008263170073833736,0.021481605544990436,0.01644411067183203
immune,1896,0.007233894092669839,-0.0014483047129272607,0.007185301254654654
immune,1897,0.006543202063189475,-0.018327035565690895,0.014992816826113503
immune,1898,0.0003223570262823651,0.014536863744428951,0.0012674010173121624
immune,1899,-0.0083820458119888,-0.005935041823928358,-0.007485921381062817
immune,1900,0.0030769141025113974,0.008913875549613698,-0.002437406818538925
immune,1901,-0.0027101305448144625,0.006346871046052624,-0.035691879282028695
immune,1902,-0.014411150542637377,-0.018686919189119997,0.010187786620182816
immune,1903,0.007893068470937703,-0.0009690243054796596,-0.011031041430062264
immune,1904,0.0026654569846107415,0.01072029456145314,-0.015778618703112673
immune,1905,-0.0013743004725931586,-0.006005079660118627,-0.02747022453499025
immune,1906,0.006021659757645972,0.0038146825895895345,-0.016016130467319284
immune,1907,-0.011852694594547164,-0.0029303884895719307,-0.056476308324609405
immune,1908,0.0012340490878566858,-0.014410896388223094,0.01678514297179548
immune,1909,-0.005791274476532174,-0.018540802246247358,0.026212365123866897
immune,1910,0.000861585951642647,-0.007983964389790123,0.033648671496857414
immune,1911,-0.005356056362183896,-0.008662027340311892,0.0023991815711704723
immune,1912,-0.0011204342873392253,0.020536820000104535,-0.024153340794987776
immune,1913,0.0021629274759229905,-0.014698810764629297,0.02764100427933529
immune,1914,-0.006502937527281876,0.01339437159365708,-0.031710720406202146
immune,1915,-0.01000446777125634,0.011198130945735598,0.016075452799391026
immune,1916,-0.011251222769753233,-0.013619552656352327,0.006450677507368283
immune,1917,-0.0016816736917576226,-0.01972862112304989,-0.025135131092096214
immune,1918,-0.0009247145770866447,0.001357074698889992,0.03819753466523475
immune,1919,-0.020689242027310147,-0.01629444086062335,-0.01527977358879527
immune,1920,-0.0032316728503579647,0.011549484723151978,0.006790436169596108
immune,1921,-0.009380561477228086,0.0029629038258346067,-0.008618389358719733
immune,1922,0.008452501631936601,0.007931690045202403,0.0010578254860699092
immune,1923,-0.010592232380227537,-0.004381172595058348,0.021794871020196886
immune,1924,0.0032965397165997897,0.02547442781752018,-0.013170026779762175
immune,1925,-0.0001246996214892132,0.010685190333554506,0.006316949285898525
immune,1926,-0.003813562912647316,-0.02394727483276017,0.03375760519156436
immune,1927,0.002683722360699909,-0.02471750573715477,-0.019806659690794638
immune,1928,0.011302143735145936,0.022606228734786068,0.016916054408976904
immune,1929,-0.0026950678918058607,-0.009357474742236863,-0.006591596259563515
immune,1930,0.004184199578497587,0.006973084105273433,-0.020762598848477143
immune,1931,0.004684320446177295,-0.0012803239079708416,0.023342770459679103
immune,1932,-0.013369404774820196,0.022493201219247173,-0.010222773240129926
immune,1933,-0.00946329998634661,0.0035214167964490034,0.01356960652130194
immune,1934,-0.012423079553439543,-0.01625520970474955,-0.034639891343114064
immune,1935,-0.01649996032553561,-0.028737581053058472,0.008504692147973086
immune,1936,0.003579138907946103,-0.018221236281361023,0.01927427207728093
immune,1937,-0.004147321754412722,-0.017529659990494224,-0.015894534502905594
immune,1938,0.010179691871824043,0.026751629514886063,0.0019033271819791538
immune,1939,0.013006959477489935,0.012382128503802589,0.022771175186627808
immune,1940,0.004628880241831136,0.024051715964550205,-0.0017742250257287238
immune,1941,0.0025838485273009942,-0.019594039573619396,0.0034143953298779173
immune,1942,-0.004602665327561609,-0.003749776386675429,0.022505913214057278
immune,1943,0.0056828819026989675,0.010182547308415701,0.03790086411939114
immune,1944,0.00637333524715294,0.02323507348770523,0.02681586807312526
immune,1945,0.005149536950821769,-0.0043035546507084145,-0.003130350236924457
immune,1946,0.001714725150067417,-0.009071641689757303,-0.024776781841743895
immune,1947,0.011204472014172781,0.00692870336769016,-0.01124736639749389
immune,1948,-0.01122878830051891,-0.016419853607031923,0.01305652882012334
immune,1949,-0.015503171361137625,-0.017871501247736718,-0.023026470057971454
immune,1950,0.0029523345940903286,-0.0017125455237102104,0.0022889539823084206
immune,1951,0.0027263174794023245,-0.013199724023070408,0.021382556824907317
immune,1952,0.002247288239718847,-0.004986397930337677,-0.006599221282523918
immune,1953,0.0007261714462831423,0.0007370704079668009,-0.008302300744625948
immune,1954,0.005902927985444058,0.0008981350204068424,-0.012685801645249767
immune,1955,-0.005323423204936492,0.001225943741293159,-0.01384866870035309
immune,1956,0.007661367812927963,0.0016903348477627783,-0.009569318802286769
immune,1957,-0.003813562912647316,0.012159924936710703,-0.01613205794817431
immune,1958,-0.0039308175611339246,-0.013865198091125495,0.003472140654017011
immune,1959,-0.0018184969680364361,-0.003599394136210738,-0.00668765161839413
immune,1960,0.0011542131226706248,0.0025862992959329355,-0.014280172904818478
immune,1961,0.0003652814160877473,0.0007255046141110786,-0.011571960487410715
immune,1962,-0.010396196065102841,0.0015211892380777164,-0.02646586780214607
immune,1963,-0.008754772201079153,-0.0057816090398366965,-0.026252230242884582
immune,1964,-0.004895292498589586,-0.02337912297803909,-0.00858223782143704
immune,1965,0.0002825429069692233,0.015540884005042329,-0.01924560593919734
immune,1966,-0.006773130229075529,-0.03466286920771267,-0.05493967235212344
immune,1967,-0.010032615230486472,-0.010953963924167776,-0.01638359961741052
immune,1968,-0.0023965154801173553,-0.01527592694433128,0.0009425685785755624
immune,1969,0.005694422893185544,0.0075646222019150845,-0.0017002532526811482
immune,1970,-0.007901950772535374,0.0073116592152795475,-0.01118891395059248
immune,1971,-0.0025138555446633745,0.0009065194894066347,-0.04315321588205259
immune,1972,0.01591897842131274,0.020549757608838207,0.03269486254200136
immune,1973,-0.004783877674704094,-0.02523086908404406,-0.021652636983853224
immune,1974,-0.002827211321288802,-0.00786405297546676,0.027246894732493886
immune,1975,0.0006658662413900664,0.017996977298792086,0.01344170906060092
immune,1976,0.005626487749003942,0.01964510155810966,-0.0022157503715988514
immune,1977,0.0017429982788939823,-0.00900134757701583,0.013562291361724543
immune,1978,-0.007995849659008805,-0.02117379344798416,-0.014398954926568664
immune,1979,0.00752596597379931,0.004370198715393315,0.0002206425184917895
immune,1980,0.0066807084663174044,0.006128637198200703,0.026622882592710256
immune,1981,-0.0008677651334931119,0.010930155171621181,-0.0054395794535990845
immune,1982,0.014870119512635388,0.02138385408596718,0.018157082690692494
immune,1983,-0.0026856836523054864,0.010932491329263017,0.011464978262292572
immune,1984,-0.004815127262300559,0.005747344959179274,-0.03741181370763518
immune,1985,-0.00199372106860414,0.007513563401199413,0.021888091409346427
immune,1986,-0.014661116576736286,-0.02378781712881766,-0.03200684562016548
immune,1987,0.01652045024610667,0.02883945306054493,0.02629958580815528
immune,1988,-0.007715058846875784,0.006846282585927006,-0.07103163842418418
immune,1989,-0.004368070614528981,0.0024109599850757196,-0.0035648213720635056
immune,1990,0.005565059298083,0.013036677569046987,0.012408901018257906
immune,1991,0.003996288270594714,-0.030801670354670414,0.010265885852652912
immune,1992,0.0026322558712339786,0.012213887333549514,0.026917572991876228
immune,1993,0.006653971011099884,0.000563473047868435,0.022552926159193215
immune,1994,-0.004116627456714765,0.0034945456094245594,0.0063397544139959525
immune,1995,0.0018743231656021032,-0.00400597922448726,-0.006713412572691942
immune,1996,-0.015832973360422595,-0.015416776261918235,-0.034423014821020934
immune,1997,0.010091654397320085,-0.0017078531947355476,0.0218854772719801
immune,1998,-0.00558276938427366,0.0028270765927223595,-0.03257738913651708
immune,1999,0.0057240338003806636,0.002033579815196913,-0.0034433259039705804
immune,2000,-0.004062960990616866,-0.00647857203385629,-0.01890918818964968
immune,2001,-0.005039523287320107,0.012918148018947386,-0.02150832335815401
immune,2002,0.008209886258715377,-0.008955893599241255,-0.0167934543848888
immune,2003,0.0004533188905917057,0.006492008881939029,-0.015243126108647642
immune,2004,-0.014400791117324402,-0.02487789927101304,-0.033517353542327016
immune,2005,-0.006643533638060413,-0.0018193770787080094,-0.04012839513570675
immune,2006,-0.005356056362183896,-0.012051254336620191,-0.0005412332604588319
immune,2007,4.725909231574621e-05,0.01578702825331268,0.03318294749590303
immune,2008,-0.010570683637003564,-0.016427462911873927,0.029603993644721036
immune,2009,-0.009521269438427704,-0.020339660931536704,0.01636731014730955
immune,2010,0.00410439736460734,0.004050456674360191,0.002550631032516894
immune,2011,-0.0088176777757154,-0.011063834678794177,0.035860267502979465
immune,2012,0.013110556439123617,0.01879543103558033,0.038988615387326266
immune,2013,-0.00307635881261289,-0.015856681148302357,-0.01886215650241141
immune,2014,0.006336160418895949,0.03557928317750025,0.01821907077376178
immune,2015,-0.011251222769753233,-0.0012122277515318226,0.010117626122309284
immune,2016,0.008022587114226326,-0.004875612932588067,0.03499191765131737
immune,2017,-0.009479984894032545,-0.03290876668970051,0.03204813688339108
immune,2018,0.005548809699812959,-0.017171780009274037,-0.01793520918072657
immune,2019,-0.004246125873059119,0.01884987412125377,0.003493470433005047
immune,2020,0.015010589953817493,-0.0019479520672512022,-0.01162016504252166
immune,2021,0.018270630245126943,0.03215235516191845,0.043178862125798675
immune,2022,0.0008130610681747613,0.011880401737470436,-0.00783623635868245
immune,2023,-0.001955545629692343,-0.02363959842513857,0.0017336103611519291
immune,2024,0.0013581856955649275,-0.002055800727488034,0.008312125388816574
immune,2025,-0.015801155816696773,0.0012969409995472608,-0.038795518684517444
immune,2026,0.0077509172887173655,0.03530234910629404,0.008449291142172272
immune,2027,0.009078487403017555,0.021012415141182704,0.011402375232230616
immune,2028,0.0077609250414547625,0.03127624958863441,0.02674876009946414
immune,2029,0.000886655187828179,0.02921450730193255,0.0037650462221489136
immune,2030,0.00895104720123024,0.013581824247866484,0.022844247161784098
immune,2031,0.016751887651240097,0.02855533331605977,0.06517720355823672
immune,2032,-0.0059018047394161915,0.02085139041615973,0.004515887209952099
immune,2033,0.00426224065008735,-0.011772520744513446,-0.01959340956303841
immune,2034,0.013821023083940523,0.006869175375141502,0.006095492819787422
immune,2035,-0.0007795992273546501,0.013704986441905678,-0.02941933199947731
immune,2036,0.00969813338440563,-0.0031714910918390765,0.025975792761141408
immune,2037,-0.010274660473049993,0.011992585612744185,-0.01720110316509719
immune,2038,0.006543202063189475,0.027158368061756623,-0.017878924202918273
immune,2039,-0.002041550690582488,-0.012026354981419754,-0.00464774506207615
immune,2040,-0.007214311165156385,-0.011847798338135906,0.008022862766947164
immune,2041,0.00020348128812730051,-0.0030290417338211576,0.0044447835345678794
immune,2042,0.008470211718127263,0.007514130385707627,0.03183973341021392
immune,2043,0.0004950387444027602,-0.020856232249688387,0.023662667104559415
immune,2044,0.005364859578926966,0.008540348483709487,-0.007433669669876584
immune,2045,-0.004915757851310723,0.004134186937228191,-0.022038034162375042
immune,2046,0.0009238300160851707,-0.009822045141558208,-0.017520245671638242
immune,2047,0.0016553545376024926,0.01862242411226693,0.008960677992910013
immune,2048,0.014992879867626832,-0.011964709735055232,0.00579495868307465
immune,2049,-0.0007593725596599052,0.009429826178283507,0.03824616882621179
immune,2050,0.0030607271679235354,-0.013801011072628752,0.03210044208483655
immune,2051,-0.0013316393356640893,0.007453751861466467,0.015137160735169814
immune,2052,0.0029993708745622246,-0.004536497120004437,-0.00945129711008679
immune,2053,0.0005899161261336874,0.014016985472473372,0.00952551312858227
immune,2054,-0.00577047985270807,-0.005716539162460921,-0.006436071132486796
immune,2055,0.0009910706922366813,-0.0019820924690057743,0.03492584666792987
immune,2056,0.0030607271679235354,-0.01761300224954311,0.009271379911480748
immune,2057,-0.004001771224722316,0.01351901703338794,-0.031111433405180196
immune,2058,0.002527840366825476,-0.008776244632814656,0.005548060018545428
immune,2059,0.010986323523799696,0.012000970416008058,0.034002222885580115
immune,2060,0.008899002989809673,0.009335981951375468,0.01660651925790436
immune,2061,-0.0028836054749838275,0.00789432035147429,0.002877246725586924
immune,2062,0.0100936868109339,0.009058630021740118,-0.03813770749828124
immune,2063,0.011302143735145936,0.006671364547620467,0.012105392977611412
immune,2064,-0.0055833246741721675,-0.011721077778513486,-0.01597289400240186
immune,2065,0.005572002740131222,-0.016233923824411748,0.007302579968934113
immune,2066,-0.010262430380942567,-0.024823771813745357,0.0012726187097687296
immune,2067,0.010974543848286727,0.015558041879171865,-0.04579270286360321
immune,2068,0.0075829154173928425,0.010774946757159957,0.023454859483440116
immune,2069,-0.013369404774820196,-0.02535501828794747,-0.035239700999079596
immune,2070,0.0012340490878566858,-0.0015347196262796247,0.009629332302148085
immune,2071,0.007609891557636754,0.006688542863955449,0.03246760250440567
immune,2072,0.005149536950821769,0.003631661931433036,-0.030015758618287657
immune,2073,-0.011250654813623875,-0.009618429922548785,-0.02654799438554767
immune,2074,0.004231247338250167,0.0012489854396473868,-0.013274492772839503
immune,2075,-0.008680854499436586,-0.012245454875537024,-0.01995983379410996
immune,2076,-0.00576077900833558,-0.023687629733098323,-0.029808881745463985
immune,2077,6.219230417037665e-05,-0.0031298390355967384,-0.028577540467952283
immune,2078,-0.00883379255274363,-0.007292986487353255,-0.0011025012224388318
immune,2079,0.018270630245126943,0.023084753823791274,0.029612099782677766
immune,2080,-0.0109181496945917,-0.0020686851550361235,0.006852850708780214
immune,2081,-0.002173694120065429,0.013383179302769107,-0.018756968472877084
immune,2082,0.0030875367807006865,0.002166188087019382,0.008856698950809223
immune,2083,0.0011428630674597308,-0.009871421334690132,0.018643843607166494
immune,2084,0.0025138555446633745,-0.0011765984405203759,0.009831121594741884
immune,2085,0.014181519380923449,0.03414705671180912,-0.01572187008390934
immune,2086,0.009873505906947,0.017949391398867455,-0.043813716104326265
immune,2087,0.013716870832408334,-0.00423101348588994,-0.017266420766556996
immune,2088,0.011610396991206931,0.031531229227364885,0.024549257883377314
immune,2089,-0.011581024769038203,-0.0016779039204291354,0.014986112955265678
immune,2090,-0.0032758111110023406,-0.02574745164390266,0.004440015126630134
immune,2091,0.015471353817411803,0.03111359130803753,0.061858725873641635
immune,2092,0.0045951014064997365,0.03025990745306861,0.019970396313973304
immune,2093,-0.009312266502528602,-0.0175310068442958,0.003883157505593685
immune,2094,-0.0006258455605260236,0.0009758620840311141,-0.008016971308237836
immune,2095,0.007857800386698094,0.0007727864937407828,-0.0008361349877495459
immune,2096,-0.015253205327038716,-0.008331269344475742,-0.018050740683442486
immune,2097,-0.008254024519359754,-0.005400326356183562,-0.032539341640002
immune,2098,-0.0008586195790191292,-0.010696196328494292,-0.0011348094580029278
immune,2099,0.007104297501654723,0.010857454337079811,0.012023973085915232
immune,2100,-3.5479416802777775e-05,-0.003936445278015413,0.01561795637201734
immune,2101,0.001901299305846015,-0.0069805151169478755,0.045571885797429296
immune,2102,-0.01652045024610667,-0.005690742463294887,0.006833606353307663
immune,2103,0.0035260158301276406,0.005851146049091338,0.01231212240245035
immune,2104,-0.007663014635455216,0.011720641352241514,-0.020524034127136215
immune,2105,-0.005192461340627151,-0.011699807302941895,0.011042985616864863
immune,2106,-0.01478387693172773,0.006706948857538758,-0.014520941477419438
immune,2107,0.0001153153819888388,-0.01809980663853061,0.02471646321280585
immune,2108,-0.0032209062062155264,-0.00749383360380558,0.022469302545493064
immune,2109,0.013162600650544184,0.0033250239010690213,0.0067139815037767225
immune,2110,0.01025386584922589,0.03349640131894852,0.04467829783763794
immune,2111,-0.0004533188905917057,-0.01500910894815865,-0.023782086274853665
immune,2112,0.017230916890923573,0.005892728820119148,0.0052097621856482985
immune,2113,0.016030631930224623,0.03718849953695838,-0.009332402444973215
immune,2114,-0.0054744566887545,0.014929193777598406,0.0017732500301188654
immune,2115,0.005772100942376526,0.020826047593343486,0.008549311812477386
immune,2116,0.004727244835982677,-0.011012550340544717,0.003951006675563261
immune,2117,-0.006021659757645972,0.005745521825812583,0.005788166608763773
immune,2118,-0.001964427931290013,0.0031213060411108503,-0.0222544633218374
immune,2119,-0.0053434948244451596,0.002705791377161394,0.004523362699231343
immune,2120,-0.004706754915411619,0.0021419004018539464,0.02111918315215522
immune,2121,-0.004765928903487042,-0.017091320328942353,-0.020152593265716463
immune,2122,-0.012677157478204965,-0.02417995276113729,0.00664384718211374
immune,2123,-0.015971022632733308,-0.037567003374934294,-0.001514745742059372
immune,2124,-0.00612255359953245,-0.015587561312674289,-0.03925955383302425
immune,2125,-0.009580878735919021,0.008634243284600426,0.017388451801172027
immune,2126,-0.01315125628444711,-0.008433936486299184,-0.024225793343804397
immune,2127,-0.00950992507233063,-0.025544686466931425,-0.006571906797267055
immune,2128,0.0014988936567645467,0.00783005014846326,0.007244977279717531
immune,2129,0.0004119065020717673,0.02490804579288525,-0.015335347547898873
immune,2130,-0.00929455641633794,0.005672847483117338,-0.02325260856305903
immune,2131,0.003552185329215802,0.013758176252943902,0.003091777878971145
immune,2132,0.011250654813623875,0.01066208792129765,0.01104681047933112
immune,2133,0.017047910815193665,0.02794798575053086,0.02481806860145877
immune,2134,-0.00752596597379931,-0.030178327472939588,-0.012985955346217003
immune,2135,0.004033588768448139,0.010615006383492531,-0.007155068131887459
immune,2136,0.011021746656225384,0.010959364952611633,0.017666525969024693
immune,2137,-0.00360561311028731,0.02597029144967207,-0.014616351904591152
immune,2138,-0.0035683722638036645,0.016919110827717646,0.04281899979242616
immune,2139,-0.00014229152223275052,-0.002544177504738912,0.020983248678553373
immune,2140,0.00566178973593814,0.018358305461989664,-0.017410414532371916
immune,2141,0.00021448661729613072,0.016208756329715582,0.009381846321647375
immune,2142,-0.0035553880522963682,0.006378992477695203,-0.0074381235963011105
immune,2143,-0.007637619482711193,0.008340107794723668,0.0008119952802128358
immune,2144,0.005821968774230131,-0.0007258688702659558,0.020117361547571155
immune,2145,-0.0032209062062155264,-0.00803385110115937,-0.006444947836693979
immune,2146,0.004961648613739623,-0.013645587077429414,0.023956093555121953
immune,2147,-0.0034737329336806816,0.013948267551217915,-0.027871907602960443
immune,2148,0.009750177595826198,0.00471333594164824,-0.009574998088803114
immune,2149,-0.011861840149021146,-0.019011693693909267,-0.003824938836418889
immune,2150,0.0019237280859665206,-0.007202972466114856,-0.01645673032972162
immune,2151,-0.007004567634208957,0.021323284479895413,0.004867096640940445
immune,2152,-0.004727244835982677,-0.012932260117016614,-0.013215403238734583
immune,2153,-0.008514427926498133,-0.0003094126454641962,0.0042614148927127195
immune,2154,0.007699110597314314,0.015125431704333222,-0.010815300130791461
immune,2155,-0.011610396991206931,-0.029575125099802594,0.002656972779840819
immune,2156,0.013821023083940523,0.015618462687099419,0.041909921430371394
immune,2157,0.00636313655913986,-0.005888183213585803,0.02963757239476919
immune,2158,-0.011914938658989687,0.003139007991977272,-0.043422902418822004
immune,2159,-0.0014360828012015409,-0.033960443126719635,-0.0016854381327571593
immune,2160,0.0010018373363791199,-0.0075109312036985695,-0.0016043570351145415
immune,2161,-0.006142625219041117,-0.021156080187826734,-0.02443917083295245
immune,2162,0.003417338779985656,-0.004615295640709897,0.017847453405834785
immune,2163,-0.010441198896409529,-0.0032169983590094276,-0.04210834668740992
immune,2164,0.012953597714645082,0.019658027689880217,0.029189044672137093
immune,2165,0.004815127262300559,0.009005533981881211,-0.019231640738448203
immune,2166,0.0009064492009974769,-0.015276984470702531,-0.026965099523841234
immune,2167,-0.005672115258556529,0.0045796253791891145,-0.040643831274505486
immune,2168,0.008583826518644722,-0.009696839601008632,0.005759767032956617
immune,2169,-0.00609058100762055,-0.0031822314827784407,-0.01093817625754337
immune,2170,-0.013673946442602952,-0.002280036201791593,-0.01433377665622998
immune,2171,-0.005653225204221461,-0.008442109730997308,0.01783079367631807
immune,2172,-0.008424970201794182,-0.0034209196716215168,-0.02775845585596128
immune,2173,0.004628880241831136,0.024762592161943993,-0.025037271933012684
immune,2174,-0.00940211022045206,-0.03820159448388375,0.010530670297564012
immune,2175,0.017560718890208545,0.01803263815871984,0.03681381424050017
immune,2176,0.0066859436030117835,0.014719808111017332,0.02908566113404264
immune,2177,0.0019174862404338772,-0.011444743453974998,-0.00034745675027819667
immune,2178,-0.011852694594547164,-0.008022093744970718,-0.002283142077408753
immune,2179,-0.005417982656745428,-0.02187018333240017,0.0053726524551136095
immune,2180,0.012148717758500733,0.020588644733158766,-0.00644132370209761
immune,2181,-0.006336160418895949,-0.037021443457915755,-0.01734689921319979
immune,2182,0.005854840616503927,0.018103476278416773,0.013891741929106183
immune,2183,-0.007058669992102136,-0.011332909336851193,-0.014714330589914365
immune,2184,0.011053564199951205,-0.003855276280604572,-0.019351272597078466
immune,2185,0.0009064492009974769,-0.010980829088990604,0.004208332231965317
immune,2186,-0.005050867653417182,0.01372240368440034,0.03212340569147575
immune,2187,0.006744982769845397,0.0023814412845411014,0.02664499113966371
immune,2188,0.00955390259567511,-0.0033442974511392835,0.031692872984860246
immune,2189,-0.006580376891446467,-0.015172390716750087,-0.0069968984137971
immune,2190,0.015583007326323686,0.040199708439074916,0.0194114113216958
immune,2191,0.003760610543160269,-0.014187273775138004,-0.011072159908159296
immune,2192,0.011966427580511746,0.04175227796281312,0.01064975225689572
immune,2193,-0.00870164912326069,-0.0008274479521031049,0.0072751474253220285
immune,2194,0.015251728203323411,0.0039071515215019365,0.03860578480273774
immune,2195,0.0033291728738471943,0.0195112945983882,0.0070684893890134905
immune,2196,0.0029728245146613866,0.038504180149996466,-0.028639991727706374
immune,2197,-0.002962057870518948,-0.023193327476533472,-0.010419347634302514
immune,2198,-0.00016924510096305115,-0.0018587234434526377,0.016606639019725568
immune,2199,0.006282732637824441,0.033984778408448595,-0.03341191043062361
immune,2200,0.005872432517247464,-0.0021448895557734885,0.006816164678372742
immune,2201,-0.0049729705477805685,-0.013337066810759048,-0.004373543284073596
immune,2202,0.011882066816715891,0.009866195283888273,0.01019357863211734
immune,2203,0.008371542420722675,-0.0012978597395253092,-0.019717355925708197
immune,2204,-0.00968486445998445,0.02584649117535063,0.0005654568637174055
immune,2205,-0.00469787261381395,0.02865863017823877,0.0036328236246635694
immune,2206,0.008452501631936601,-0.010006061782133226,-0.00850595445161616
immune,2207,0.011631945734430904,-0.00313379014547803,0.022828324057231987
immune,2208,0.0054744566887545,-0.005630717140891939,-0.016860673866462478
immune,2209,-0.007846020711185125,-0.02538223066289639,-0.021211026012970667
immune,2210,0.0116280610495101,-0.004390157910106104,-0.021709858921396458
immune,2211,0.0066033890826354275,-0.006146138687079755,-0.018483864362745562
immune,2212,-0.010291345380735928,-0.018453773624168064,0.0011055827346053513
immune,2213,9.344886888387287e-05,-0.02957052774432075,0.010484978553427355
immune,2214,-0.0003184723413615596,0.0039600064314643385,-0.012202617610359354
immune,2215,0.0100936868109339,0.02424264942994658,-0.01339033206960563
immune,2216,0.002725762189503817,-0.003974987160168322,0.059337757405116175
immune,2217,0.0025012940069246378,-0.01100960796458345,-0.0227821196044882
immune,2218,-0.014541261558506505,0.02472596119866373,-0.06967116182719917
immune,2219,0.0049729705477805685,-0.0034993063101157783,0.00994476701267689
immune,2220,0.0009238300160851707,-0.013290676702061415,-0.0013471843759143287
immune,2221,-0.009345138344802398,-0.03250384118935662,-0.041563120561494575
immune,2222,-0.007812843583278897,-0.012052979856863658,-0.02456171662192146
immune,2223,-0.0008439940508991097,0.017169399425375317,0.006514349123136523
immune,2224,-0.012427191444106056,-0.005729152220777194,-0.0060276315809226575
immune,2225,0.004784194279576211,0.03488628402824807,-0.008322160613300034
immune,2226,-0.006545861917087258,-0.0054522417089939755,0.016470037444693164
immune,2227,0.008075948877071179,-6.14093777806194e-05,-0.0022435004731346155
immune,2228,0.011062446501548875,0.027964676424282506,-0.0058902485158521915
immune,2229,-0.003760610543160269,0.01929975707825476,0.008662736974902172
immune,2230,-0.012113504221849319,-0.009711618239343158,-0.045583597141877895
immune,2231,0.007191484127718468,0.00022620720216843214,0.038522636990838334
immune,2232,0.008043679280987153,0.009311862689324662,-0.0018350107101284714
immune,2233,-0.0033291728738471943,-0.0015768512762425791,0.008960687705839104
immune,2234,-0.005311193112829067,-0.02096997303843939,0.005482992397184851
immune,2235,0.006711203934513997,0.01300609634485159,0.018121924873608187
immune,2236,0.004895531183615978,0.022058467651790818,-0.010855245364256
immune,2237,-0.005050867653417182,0.004069444287647148,0.01863257399050472
immune,2238,-0.0001454942453133166,0.0023015097427471257,-0.01053506357354301
immune,2239,-0.005244402853272013,-0.024492147589309423,0.011537242333568305
immune,2240,0.0008942191088900514,-0.005621654407020435,0.016820494723569956
immune,2241,0.012964035087684553,0.015802502763035155,0.01644457781890213
immune,2242,-0.0019596575203588568,0.015954646827391113,-0.027320481227559878
immune,2243,-0.011818915759215764,0.0009724236517529156,-0.02041167096944353
immune,2244,0.00466409377848255,-0.006607641337919268,-0.050117945226055574
immune,2245,-0.019112685029528283,-0.029770488133926416,-0.060238150981481484
immune,2246,0.013382388986327492,0.0045969977891969355,0.008948819016630962
immune,2247,-0.001995360914014361,-0.002890270838815448,0.0055954474976306345
immune,2248,-0.00669293855842483,-0.007056137934808059,-0.013532381063223603
immune,2249,-0.004924903405784706,-0.009238322485556102,-0.038066663210659414
immune,2250,-0.0002654075826888323,0.0049968621121308,-0.019518502932980457
immune,2251,0.011581024769038203,-0.0006390353223049566,0.032988417300928594
immune,2252,0.010931619458481345,0.020969435792982268,0.02267883220697422
immune,2253,0.0024072821242597936,-0.012589329054228432,-0.011095967527935189
immune,2254,-0.0003652814160877473,-0.0060962070818748,-0.0021383348196090204
immune,2255,0.0017766514446289489,0.005082622422756944,-0.020362318944556184
immune,2256,0.007846020711185125,-0.002963869243858594,-0.010936630517290184
immune,2257,0.004783877674704094,0.01254372301794263,-0.003253023637898163
immune,2258,-0.007104297501654723,0.003276006871517508,0.0262914765157858
immune,2259,-0.00550614856288389,0.0231767119513741,0.009443329744885366
immune,2260,0.009035826266088487,0.03614914494819794,-0.02040299407814008
immune,2261,0.0033626347146673056,-0.006534097522924715,-0.009865561441652737
immune,2262,0.00636313655913986,-0.024924162380271977,0.0015791585812523126
immune,2263,0.007630118225331499,0.040171020985834194,-0.010804671738989274
immune,2264,0.009762407687933622,-0.010351801920051267,0.020567962652703393
immune,2265,0.007742034987119696,0.0025335900098408855,-0.009243432178479123
immune,2266,-0.00636313655913986,0.004788036735324218,-0.017218623857166132
immune,2267,-0.011271449437447978,-0.006229056408034177,0.0198552611903558
immune,2268,-0.00992406384994092,-0.015186333544760552,0.00019984559079061492
immune,2269,-0.004073727634759304,8.257601365705379e-05,-0.02795332944471305
immune,2270,0.0015828192406019913,0.001219619864218762,-0.0013050385101395594
immune,2271,-0.006108846383709718,-0.005471411047801823,-0.02374454877592459
immune,2272,0.015002025422100815,0.036492851211367305,0.013269237525301106
immune,2273,-0.006653971011099884,0.005516359526239166,0.017377331896976555
immune,2274,0.005323423204936492,-0.013616594287587627,-0.02042467346214096
immune,2275,0.0032316728503579647,-0.01963758913582824,0.009633443381538181
immune,2276,-0.004585955852025754,0.014797700135670975,0.013990292784819676
immune,2277,0.0007694005393415702,0.015369921707166698,0.030750631404663747
immune,2278,0.004246125873059119,-0.0008282918096389619,-0.005120296238667722
immune,2279,-0.0016879876948498972,-0.01172580402935082,-0.012672202359869406
immune,2280,0.001964427931290013,0.0002986230696666178,-0.007875418510340432
immune,2281,-0.017090835204999048,-0.0015024224319141414,-0.007047166784610101
immune,2282,-0.0012541999714994988,-0.00912284976742124,0.017944563830159493
immune,2283,0.002956574916391346,0.013311809300983243,0.010696171222455511
immune,2284,-0.00011588333811819729,-0.02171186408031918,-0.019108117611503706
immune,2285,-0.0022135094043874474,-0.003292995948526616,-0.003580847497220217
immune,2286,-0.0015828192406019913,-0.017322588401598928,0.007302233921468652
immune,2287,0.005657182046701899,0.023744621160175512,0.012266940217574667
immune,2288,0.004684320446177295,0.006998158250079448,-0.02844915728941317
immune,2289,0.006402950678453002,0.01872834210390831,0.02880398003938838
immune,2290,0.01149709918520076,0.008514837286597979,-0.003993591748817979
immune,2291,-0.013481058283732078,-0.020114257855130133,-0.043948536598932164
immune,2292,-0.018651921165933973,-0.005873186117185843,-0.04063892524664306
immune,2293,0.00019433573365331783,-0.012496628617162364,-0.025498083686052088
immune,2294,0.008592972073118705,-0.014232948970080444,0.004696443705361051
immune,2295,0.006524936687100307,0.002025271281383573,0.0010023057965121984
immune,2296,0.0021532041994943713,0.016299456692163775,0.011116121668529525
immune,2297,0.0054260493448215165,0.0029699466194007497,0.045460243707886316
immune,2298,-0.001995360914014361,-0.004277150189990997,-0.007189690398933893
immune,2299,0.012191642148306115,-0.0035047860697037577,-0.030966753176258577
immune,2300,-0.018643356634217293,-0.020115934489660946,-0.0334397941137058
immune,2301,-0.002956574916391346,-0.0269142260115846,0.03031735783760538
immune,2302,0.0033841834578912794,0.020361014004994474,0.002205752484684696
immune,2303,0.008800013717412231,0.01111656164765766,0.007069436488609341
immune,2304,-0.0004124842240264039,-0.041897583110936734,0.017046407271476022
immune,2305,-0.010604462472334963,-0.005222156595684485,0.02286563044769361
immune,2306,0.0054744566887545,0.014387530792930892,-0.0009273138424257159
immune,2307,-0.0095541412807015,0.00715545156418052,-0.02583180065743728
immune,2308,0.003452343611348954,0.004037994850013961,-0.024473536662122385
immune,2309,0.009741057774211012,-0.003243659008584601,-0.013212227969652535
immune,2310,-0.006131280852944042,-0.0026334618047226762,0.008266051199228908
immune,2311,0.002682837799698435,-0.002980564103344995,-0.015417547648181049
immune,2312,-0.0003458115040042518,-0.0012407214288053386,-0.049657956764573186
immune,2313,-0.015054069633521383,-0.004308194475878005,-0.007522460967149767
immune,2314,0.008523573480972116,-0.027255199887926844,0.05579972988371148
immune,2315,0.00524852622321921,0.01032294390591729,-0.012659406700657627
immune,2316,0.011082936422119933,0.012549125666546538,-0.005331532100081341
immune,2317,0.0027778064009243847,0.013947819882501633,0.01760702645408907
immune,2318,-0.0034081932255116735,-0.0063528068317149035,0.0029034934007508653
immune,2319,-0.009162412986855,-0.005448435886452252,-0.028707692353929115
immune,2320,0.004053237714188247,-0.015330418273508482,-0.018797706124793978
immune,2321,0.021201494812426516,0.031160337831042516,0.02971861929016171
immune,2322,0.011302143735145936,-0.008162501487937407,0.009520780362086877
immune,2323,-0.0018009677309750772,0.001514075968982782,0.01569649031083035
immune,2324,-0.003046418634314804,-0.011035712112023296,0.0033939184431684144
immune,2325,-0.007279521602222426,-0.011029131075523033,0.024333294640145334
immune,2326,-0.007307817483426224,-0.021866315526447223,-0.002390352567162533
immune,2327,0.003918968886912737,0.015722414551732414,-0.027412183976207132
immune,2328,-0.001874561850628495,-0.009186533085961044,0.03213805552555408
immune,2329,0.01370068389782047,0.009761280736450046,-0.009707704250226492
immune,2330,-0.00456516122820165,0.018304100757984557,-0.012088459925035478
immune,2331,0.006349429343317128,0.008709318216549619,-0.003877121911953033
immune,2332,-0.0036719692254373465,-0.0019519736364298074,0.0010341673519608146
immune,2333,0.004447906579715041,-0.014009125391731995,0.022884907212032634
immune,2334,-0.004602665327561609,-0.01641318785400723,-0.008217530316071373
immune,2335,-0.005991591735223109,-0.009931737331458083,-0.008815651220911214
immune,2336,-0.009851071437712675,-0.012016236964515615,0.01638166177014992
immune,2337,0.0036365460930116583,-0.0015572033243141702,-0.012828708573445785
immune,2338,-0.004727244835982677,0.01648483951366568,-0.014994573305552658
immune,2339,-0.009365365012497143,0.0014125347984305144,-0.05547107368947909
immune,2340,-0.0018009677309750772,0.013983532540280041,-0.00264276061326843
immune,2341,0.0039014453389651974,0.013237915332210911,0.011149152057838563
immune,2342,0.0001051166939757588,0.008501237610238518,-0.0161703320147632
immune,2343,0.0053434948244451596,0.010347545354617824,-0.029080937163966886
immune,2344,-0.011982179335141197,-0.016698745227903863,-0.04762638208836935
immune,2345,0.0025237284761589623,-0.02234650915272141,0.0033327387847761347
immune,2346,-0.0009576088514165702,-0.009523183907839974,0.011277920179637099
immune,2347,-0.006324169011814915,0.006415687657223673,0.012615944380934784
immune,2348,0.0033067440937266887,0.010710134154743955,-0.028154371050518375
immune,2349,-0.003525777145101249,0.0216018526530064,-0.0047430516677930135
immune,2350,-0.002950713504421873,0.007955750041932372,0.013753090281929059
immune,2351,0.003776797477748131,0.01744857657219765,-0.001992364692360406
immune,2352,-0.007857800386698094,-0.0025789882568938672,-0.013759135505928648
immune,2353,0.0030126397989834047,-0.004407292697018454,0.0428121353499669
immune,2354,-0.012268501654722277,0.004303435988339741,0.013634846508632743
immune,2355,0.007115064145797161,0.023176624048400422,0.032119716619305856
immune,2356,0.00340616081189786,-0.004269851906172272,-0.006835878442519752
immune,2357,-0.0018743231656021032,-0.011423628619320563,0.01199085379265848
immune,2358,-0.004037700659114653,-0.008367662173870643,-0.0024601642585925145
immune,2359,-0.01116729718591579,0.009509142357894133,-0.022371957578001117
immune,2360,-0.0037745953653223704,0.021353034432785276,-0.007138968639167659
immune,2361,0.005256182528784982,0.005249522995178164,0.04396440649088008
immune,2362,0.005635052280720619,-0.00896393744448172,-0.020253527305016637
immune,2363,0.001117602735957517,-0.005915928415069702,0.007519373267137733
immune,2364,-0.007051013686536364,-0.022164248614198287,-0.02372425599268636
immune,2365,0.003648776185119084,-0.014267059605253674,0.018624965665277094
immune,2366,0.005196573231293665,0.021170061080651684,0.035192837884586964
immune,2367,0.006843972042242838,-0.014523841386832905,-0.0041006027359892505
immune,2368,0.001591964795075974,0.008829890393209338,0.021865996693873634
immune,2369,0.005353854249758136,0.02187006972281322,0.013085145580062935
immune,2370,-0.009741057774211012,0.011545373567949328,-0.009081227560583984
immune,2371,0.0032112053618430364,-0.00020278106120992512,0.031647964972428444
immune,2372,0.010509493871109013,0.011649113544019934,0.02634935789918681
immune,2373,-0.014411150542637377,-0.03131338046537101,-0.013271286115733796
immune,2374,0.011914938658989687,0.011045397937192508,0.006736612665819884
immune,2375,0.0022493666812201524,0.02167220240393922,-0.009544456193439863
immune,2376,0.001253961286473107,0.00743491405844982,-0.0167296023698963
immune,2377,-0.0006728096834382885,-0.00113836421557377,0.020312398873980998
immune,2378,0.004643168548495599,0.016909878088015827,-0.030382879016085988
immune,2379,-0.015583007326323686,-0.04869209238481252,-0.014352478378956415
immune,2380,0.00011588333811819729,0.027849893237327953,-0.024741827608650718
immune,2381,-0.0032965397165997897,-0.007390142655664034,0.004266245692751932
immune,2382,0.004962203903638131,-0.01698327745608018,0.05046274660629565
immune,2383,-0.004979913989828791,0.011575481218248636,-0.03072801065690624
immune,2384,-0.013882212849835074,-0.0019648275466545156,-0.038895175292881556
immune,2385,0.0003184723413615596,0.0028179160097693877,0.033710723860900745
immune,2386,0.000913392643045699,0.00036132137492899763,0.003046162684635756
immune,2387,-0.004727244835982677,0.010097253680514326,-0.005419547288150158
immune,2388,-0.020161781458223147,-0.001221789981229491,0.00553063796148226
immune,2389,0.0013051209368922002,-0.014713098022724002,-0.008402552555616227
immune,2390,-0.0019174862404338772,0.02936981269897796,0.00795768125278041
immune,2391,0.002157316090160885,-0.007873443442011865,-0.005945783107348021
immune,2392,0.009213333952247701,0.0059374699873121824,0.01296644329116691
immune,2393,0.013632510068612477,0.0031538964878315093,-0.03917778297006549
immune,2394,0.004465616665905702,0.02522427553241223,-0.010159161151942892
immune,2395,0.0011945906740081825,0.03705872811069834,0.014024765041851666
immune,2396,-0.00437695291612665,0.007877210246380805,-0.015178108665520293
immune,2397,0.0004968449878222601,-0.02017404318075182,-0.040226428151343765
immune,2398,-0.001833125476638021,0.015497985580764,-0.005530591437020079
immune,2399,0.0025237284761589623,0.017272921921083303,-0.005521482805981082
immune,2400,0.012660970543617103,-0.0015620377125947632,-0.007215039566703996
immune,2401,0.0013294372232383288,0.007691110961454996,-0.012665702016147456
immune,2402,-0.016751887651240097,-0.0002591952934040097,-0.016218658272439773
immune,2403,0.0027635583258859703,0.006919861974302328,-0.021940231319469667
immune,2404,-0.00042957056037493574,-0.012310460239345969,-0.04100114260141828
immune,2405,0.005428010636427093,-0.005402927233694681,-0.00030481856185038403
immune,2406,-0.010874670014887811,0.011121050237724977,0.007499716999512908
immune,2407,-0.005574204852556983,-0.016490931568805177,-0.053252554068083525
immune,2408,-0.020689242027310147,-0.012891796619695025,-0.007308233233774877
immune,2409,0.005201478463466631,0.012966875181941012,0.027050361568805702
immune,2410,-0.005407783968732348,-0.025161870050183707,-0.018815001689761652
immune,2411,0.014663077868341862,0.011182819456300197,0.014003247654714834
immune,2412,0.004030803244953922,-0.0036452094731162094,-0.02896807601316787
immune,2413,-0.007307817483426224,-0.017497016221369635,-0.03629672334960794
immune,2414,0.009830581517141617,0.015212887393792096,0.011125697440322768
immune,2415,0.015971022632733308,0.021602885185526367,-0.0024659779995842845
immune,2416,-0.000861585951642647,-0.010743673206716185,-0.022389318965215937
immune,2417,0.0018556717962934278,-0.017040978737713167,0.0022699826506472434
immune,2418,-0.003452343611348954,0.012914495137403822,0.0197152847488077
immune,2419,7.295894831281513e-05,0.012906319343196401,-0.022750364514425536
immune,2420,0.004053237714188247,0.00494661833725577,-0.01931407330990159
immune,2421,0.002725762189503817,-0.00757070955850001,0.029695092726594867
immune,2422,-0.008038774048814187,-0.01963229990682234,-0.017503438759703525
immune,2423,-0.007914194540393119,-0.03244951356622894,-0.03556529753816601
immune,2424,-7.295894831281513e-05,0.005807343441776548,0.004619384805332434
immune,2425,0.0059128100685850215,0.010458225188319296,0.03072501001809107
immune,2426,0.004378269302542061,-0.005130544468995056,-0.009367989131272014
immune,2427,-0.0011134908452910032,-0.0011243898069746617,-0.03077136095085058
immune,2428,-0.011412738421404903,-0.016213136939335973,-0.01319631246246078
immune,2429,-0.011851217470831857,-0.026948505064785876,-0.049428995458416475
immune,2430,-0.00550614856288389,-0.022413004808990458,-0.0333776972877226
immune,2431,0.008121576386623766,-0.01447774705332239,-0.01736786987154439
immune,2432,-0.01432311306813342,-0.019329873724649362,0.0003678626346218239
immune,2433,0.0013173510289996259,0.006514781071888451,-0.0002601853715225124
immune,2434,0.018651921165933973,-0.0021731646394447003,0.03654627396705814
immune,2435,0.0026729557165574708,0.013943460745649297,0.0023714766224213015
immune,2436,0.003692436713952275,-0.0035859545508319705,0.000374912055694232
immune,2437,-0.013953166513423465,-0.048751125138688595,-0.03875654591155975
immune,2438,0.003064684010403972,-0.01727342235681503,-0.028985804205582343
immune,2439,0.005657182046701899,-0.0146809243205171,0.013097227354517526
immune,2440,0.0002331379866048061,0.00717859708438678,0.01969756167576196
immune,2441,-0.0036664862713097443,-0.00984105043226941,-0.02300349442337818
immune,2442,-0.0005080229559100563,0.015276477315345063,0.022315300506828294
immune,2443,0.005102674344820234,0.011733032667325722,0.031530456179622135
immune,2444,-0.003683291159478292,0.011413996434475729,0.027065850534969682
immune,2445,-0.009479984894032545,0.0004977365789460876,0.008416578575088438
immune,2446,-0.013222209948035501,0.003800581796635871,-0.0330982200583566
immune,2447,0.002015587581709106,0.0029897427917361247,0.00019492644798853776
immune,2448,-0.014541261558506505,-0.006455589078616833,-0.03879601719894782
immune,2449,0.0007831208898766753,-0.020415238399038423,0.027352469282177373
immune,2450,0.013821023083940523,0.01583689461676814,-0.034408160557277793
immune,2451,-0.00517634656359892,-0.004099268790490232,-0.021070542140309345
immune,2452,-0.008173620598044334,-0.008315633341536729,-0.029709663581155406
immune,2453,-0.005525038617218957,-0.004092952443956646,0.027065886761963965
immune,2454,-0.001124597691370563,-0.010515559767313215,0.009593957086150786
immune,2455,0.01609378298772475,0.014597682017062097,0.05506078073376857
immune,2456,-0.011387478089902689,-0.02514732923759745,-0.03397964814493619
immune,2457,0.007279521602222426,-0.003995356118384756,-0.03316869804106866
immune,2458,0.00413113481982486,0.010662430029336353,0.016366663850878527
immune,2459,-0.016030631930224623,-0.010225634611707921,-0.019922761082606145
immune,2460,-0.0028357758530054796,-0.018415881677154453,-0.011226299495913972
immune,2461,0.0014629642223722105,-0.016010542879097714,-0.0009002213675023592
immune,2462,-0.007322445992027808,-0.009821135755050378,-0.011612596932885891
immune,2463,0.0006482743406465291,-0.029220096719664242,-0.04506185140692119
immune,2464,-0.0024871180894458548,-0.028950872386653757,-0.03394823323369092
immune,2465,0.005026254362898927,-0.009109007070021727,0.01119982001379145
immune,2466,-0.0022135094043874474,0.006022023123164442,-0.010730633882122642
immune,2467,-0.007510334329109955,-0.016562963228461687,0.00731888572405473
immune,2468,-0.003091421465621492,0.03465781029945368,0.0034871599622711695
immune,2469,0.011151665541226435,0.005989175805283109,0.02099151198285688
immune,2470,0.0020533303660954564,-0.01213765323683213,0.010641066104389502
immune,2471,-0.011914938658989687,-0.015328925082042649,-0.011975363964443996
immune,2472,-0.013440358438408587,-0.009681676243278115,-0.005635207410470485
immune,2473,0.020689242027310147,0.01034942933631926,-0.015454162678614446
immune,2474,-0.007003965926783785,-0.00879432866831674,-0.011310120359391598
immune,2475,-0.005933622283142014,0.004086122314640751,-0.005439690665003197
immune,2476,-0.0039308175611339246,0.0028482130384707757,-0.012212938323352091
immune,2477,0.011914938658989687,-0.004601276814065398,0.02386818405423788
immune,2478,-0.0051657238854096316,0.02737517887509306,-0.002287332851088897
immune,2479,-0.005973999834479572,-0.007859511490883713,-0.02904620410278963
immune,2480,0.005196573231293665,-0.03386625507877042,0.03818663193804569
immune,2481,0.0008439940508991097,-0.015876615869262124,0.017121653427634886
immune,2482,-0.007081863032420398,0.009458110482056022,0.01441694814076732
immune,2483,-0.011062446501548875,-0.02381197427126406,-0.05006798788742057
immune,2484,0.0016553545376024926,-0.0015975783813313856,-0.0038046348348152
immune,2485,0.02049158345750812,0.032218275499674556,0.011334744390691478
immune,2486,0.0016668955280890695,0.013831698564833511,-0.006213886232341602
immune,2487,-0.01229975124231874,-0.021667480916946955,0.020837248991173063
immune,2488,0.0022043638499134647,-0.004339477736610803,0.013201059508781365
immune,2489,0.0017847181327050367,0.005498695233107785,-0.031310193056582426
immune,2490,-0.003953363880789332,0.005943368356802689,0.018087971748552385
immune,2491,-0.004565729184331009,0.01121877108692411,0.03635370412086687
immune,2492,0.000214247932269739,0.007694393756829468,-0.037914364481006664
immune,2493,0.007331565813642994,0.010564088835591453,0.036964935414810635
immune,2494,0.001405233455317507,-0.012017596462945337,-0.0019431363267780517
immune,2495,0.0011331622230872408,0.029728252039412782,0.012340061183422929
immune,2496,0.001975772297387088,0.010492455035587586,-0.010099713956520817
immune,2497,0.001833125476638021,0.0036234882181709754,0.02013319358845069
immune,2498,0.008362396866248692,0.020243286545219723,0.03204583851017059
immune,2499,0.004423896812094648,-0.01633476205441188,0.015214531923953684
immune,2500,0.0043251462247235984,-0.01762033513499471,0.012158225558567354
immune,2501,0.0037262155492836743,-0.02256563406951058,0.018086460508791934
immune,2502,0.0006728096834382885,-0.027754105543660076,-0.018717218187358258
immune,2503,-0.002283145516551552,-0.022416857436664408,-0.023754336313495394
immune,2504,-0.005991591735223109,-0.0016348317124646504,0.023925052154285188
immune,2505,-0.008964754417052972,-0.005132624265742963,-0.018291298152572293
immune,2506,0.004260619560418895,0.015079011053527894,-0.007097980498039484
immune,2507,-0.014400791117324402,0.00869236762809592,-0.03031521135809006
immune,2508,0.005176083310722608,-0.005827184016148045,0.00032848806079978886
immune,2509,-0.007322445992027808,0.0011617469774801948,-0.0489987463696728
immune,2510,0.0025655831512118262,0.017036310496300375,0.0007842197781527669
immune,2511,0.0010816733015651808,-0.017847327115679726,0.008407221420927934
immune,2512,-0.005211351394962219,0.0017944172127691603,-0.028540118779224178
immune,2513,0.002173694120065429,-0.0028239677990901887,-0.012106930075657829
immune,2514,0.00015847845682061268,0.0011145597892402485,-0.005676692646338188
immune,2515,0.011261421457766313,0.008454978435699992,0.04802298135233747
immune,2516,-0.008122699632651631,-0.0027795734910234923,-0.007921065966355695
immune,2517,0.008043679280987153,-0.0023966178160831388,0.014677937956251857
immune,2518,0.0037262155492836743,0.009531212867800376,0.048995604844236346
immune,2519,-0.001124597691370563,0.014177084349689603,-0.02010303914100316
immune,2520,0.0033372395619232823,-0.025089675665175084,0.03756198888640215
immune,2521,-0.0026209115051369033,-0.002069992905210228,-0.02079692768550896
immune,2522,0.00744266403265637,0.004382958119902233,0.037163147756132824
immune,2523,0.0005187896000524947,-0.010819398470751931,0.018424511855932517
immune,2524,-0.0027263174794023245,-0.01830765339086129,-0.019308280002309462
immune,2525,0.005417982656745428,0.03126903502925964,-0.019982252746177487
immune,2526,-0.000365520101114139,0.009130773308940665,-0.001196066903691062
immune,2527,-0.0010751927710061459,-0.005346588725973411,-0.048753541986532686
immune,2528,0.001790201086832639,-0.013865735448995891,-0.001008569183703095
immune,2529,-0.008340848123024719,-0.004317612336485889,-0.023173618574344284
immune,2530,0.010503013340549977,0.026158949876378505,-0.0023111575355437754
immune,2531,0.0008260452796820574,0.005498845451122433,-0.003399253475008792
immune,2532,0.01207972538651792,0.02498060954414513,0.016317505135057163
immune,2533,0.007643102436838796,0.0076092702882642705,0.013451562367608843
immune,2534,0.005059749955014852,0.020262342867550562,-0.041327622101214975
immune,2535,-0.016239634866123728,-0.03038588735879313,0.023802869466478856
immune,2536,-0.006614155726777866,0.0006237698713554979,0.014348366401048723
immune,2537,-0.004030803244953922,0.028428717428633368,-0.0005524711817331642
immune,2538,0.017612207811730604,0.0024151402589002776,0.012770373627959481
immune,2539,-0.010759459905207922,-0.0008627276676159007,0.02345280842542255
immune,2540,-8.488433716719497e-05,-0.019030427189396695,0.004156417909273384
immune,2541,-0.00529644706469258,-0.006928671955767671,0.012947977668582938
immune,2542,-0.003144486224294219,0.015251272201910042,-0.021581486856611813
immune,2543,-0.006514170042957869,-0.005438621571582744,-0.020536020454732407
immune,2544,-0.000365520101114139,0.0048282293162116895,0.032908412652882586
immune,2545,-0.00016704298853729058,-0.011120155983068605,0.008604733786399735
immune,2546,0.0005080229559100563,0.008831627536707192,0.014425320794806453
immune,2547,0.005323423204936492,0.032243364515219,-0.003462683367386218
immune,2548,-0.011151110251327928,-0.004260433950147456,-0.04333156074843944
immune,2549,-0.0006838150126071187,0.0029463294626272257,0.012697193780928151
immune,2550,0.002345957537123434,-0.017959357706090272,0.03293014370877321
immune,2551,0.0011204342873392253,-0.022985889084953245,-0.02771322008256492
immune,2552,0.013111111729022124,0.03940296134781638,0.04502479079954294
immune,2553,-0.0017664527566158689,0.02007865354294944,0.04462091929961396
immune,2554,-0.0010992025386265397,0.0002237636663124699,-0.036637441270226716
immune,2555,-0.005964854280005589,-0.0011507307013412568,-0.019279196812574385
immune,2556,0.0020530916810690644,-0.009811255562917376,0.025344771972666335
immune,2557,-0.0037441643205007266,-0.012747852512391359,-0.009993360703885817
immune,2558,-0.008472173009732839,-0.015645258955935396,-0.03154216661004608
immune,2559,0.011914938658989687,0.00861049912348448,-0.0168274359276716
immune,2560,0.01008465944190704,0.014457961899650092,0.01031006317663467
immune,2561,-0.003906738794805312,-0.019635516896053497,0.011788394374529516
immune,2562,-0.003986541008695559,0.002188886403575771,0.006419031811283866
immune,2563,-0.005284455657611546,0.0030278326334828064,-0.030402270583193475
immune,2564,0.014543293972120319,0.015867789478792894,-0.01041926945718404
immune,2565,-0.0066033890826354275,-0.018928780508090735,-0.0055899365387021656
immune,2566,-0.011293579203429258,0.016589102972879712,-0.020863131720567668
immune,2567,0.006665962418180918,0.013299161989578975,0.04280936712410551
immune,2568,-0.0018645540978910978,-0.009464736104281673,-0.04994200874073318
immune,2569,-0.0006658662413900664,-0.009514100693635652,-0.015301164696773267
immune,2570,0.0033632364220924776,-0.004992418827519399,0.01154417702009077
immune,2571,-0.007385256847590814,-0.01457713137639384,-0.021290699312572964
immune,2572,-0.0009667544058905528,-0.0008247416623981586,-0.01320228343694422
immune,2573,-0.0027348820111190025,0.009140482308146647,-0.018034432251039616
immune,2574,0.003524892584099775,9.038388607565239e-05,-0.04511000636780704
immune,2575,0.005973999834479572,0.02171932037071235,-0.019707898947691233
immune,2576,-0.010362417229771442,0.001888928558484682,0.027803282276169655
immune,2577,0.011601251436732948,0.010732940802245761,0.03926835792625556
immune,2578,0.0026648890284813828,0.013494596811293164,-0.02579582217893201
immune,2579,0.004783877674704094,0.015411163532584274,0.01982268077277898
immune,2580,0.007661367812927963,0.020170164315436043,0.03574805549136202
immune,2581,0.01628255925592911,0.0029595092965425725,0.0025363008221150358
immune,2582,0.0065549817387024435,0.019455865896329652,-0.01691411728892635
immune,2583,0.010503013340549977,0.0049764821218690695,-0.012825754043711982
immune,2584,0.0020366454584095223,0.012771204326350117,0.011501310169298859
immune,2585,0.013950386679043067,0.008864652706642204,-0.001600707204895727
immune,2586,0.013110556439123617,0.005087682990866819,0.029577122935485582
immune,2587,0.0008726703656660775,-0.010991676878320361,0.02328564232137244
immune,2588,-0.01445407493244276,-0.014596087675935154,-0.009608690350516758
immune,2589,0.004512062718233109,0.017261590487948293,-0.010632236025409933
immune,2590,0.008654898367680236,0.009524439089477416,0.016967580610099342
immune,2591,-0.005508851682631095,-0.030198368345271516,0.0069180462335862265
immune,2592,-0.0006258455605260236,0.02144731870623812,-0.01348686505220702
immune,2593,0.00020348128812730051,-0.007475374819724623,-0.02582627875819804
immune,2594,0.015471353817411803,0.009815028775994314,0.003120086633687052
immune,2595,-0.00517634656359892,0.004265730103541278,0.007144359139924895
immune,2596,0.005333621892949572,0.008187320056125763,0.01218798425065908
immune,2597,-0.007003965926783785,-0.02952868874236038,-0.04216926149589321
immune,2598,0.004423896812094648,-0.011111477901796143,0.004567913741956429
immune,2599,-0.0026729557165574708,-0.01820835644597872,0.004769300259254973
immune,2600,0.002565899756083942,0.009277640165504832,0.032601462170038745
immune,2601,-0.014992879867626832,0.0015625153404505952,-0.0300303711357972
immune,2602,0.0047728723455352645,0.011428890584949222,-0.011015136012260073
immune,2603,-0.0012541999714994988,0.013301590086067447,0.001069687857713562
immune,2604,-0.008899002989809673,0.011926108831099463,-0.022280011783344943
immune,2605,-0.006920206870413101,-0.020681369965266864,-0.015061849707749883
immune,2606,-0.011194589931031817,-0.004458900274414179,-0.04433159016452362
immune,2607,-0.003990664378642757,0.0022524200598107117,-0.059671399073027195
immune,2608,-0.005525038617218957,-0.01732454620927459,-0.03451394448340067
immune,2609,-0.0014741421904600066,0.008959766295593238,0.03998781557089187
immune,2610,0.0100936868109339,0.010530665772499694,0.009403595026763236
immune,2611,0.006012683901983937,0.02219480562652494,-0.024044291630891196
immune,2612,0.0005428683663811079,-0.023090307876393004,-0.011869109696925478
immune,2613,-0.012329691420616828,-0.01045396461129268,-0.00896531814677154
immune,2614,-0.0029952589838957108,-0.013351723455797599,-0.005871439350219628
immune,2615,-0.0022041251648870727,-0.008551824091570381,0.006614763981111818
immune,2616,-0.014202314004747552,-0.015430005730903718,0.0022629406617098915
immune,2617,-0.001972926444780037,-0.009453072269339766,-0.006260866717641303
immune,2618,-0.0015685309339375276,-0.020637086146357772,-0.020506433658690405
immune,2619,0.005311193112829067,0.014804776396540594,0.011622879739091607
immune,2620,0.0011913879509276165,0.023367744609225218,-0.03030826583936691
immune,2621,0.002763821578762283,0.018343927402911256,-0.03185063956465536
immune,2622,0.0016879876948498972,-0.005923211386819888,-0.032935867056944526
immune,2623,-0.0011027242011485648,-0.010106412393039197,0.002786082744143603
immune,2624,-0.0027263174794023245,0.010847126391907996,-0.02371968473106643
immune,2625,0.009322703875568073,0.038898608435527456,-0.034750075428802374
immune,2626,-0.0030798804751349155,0.0007397032991623186,-0.02061618206642552
immune,2627,0.0021629274759229905,0.01291164602334816,0.034756091423356276
immune,2628,0.018643356634217293,-0.005479509173059768,0.04548848595633484
immune,2629,-0.005975476958194878,-0.008428869557272367,-0.005042265434604204
immune,2630,0.008514427926498133,-0.011263416196374557,-0.017917987945297642
immune,2631,0.006524936687100307,0.023841330498104416,0.033494267224191354
immune,2632,-0.013919387678092065,-0.00042977643195014903,0.01093832326867685
immune,2633,0.014543293972120319,0.036227346767566546,0.025887202368733486
immune,2634,-0.013752728109241039,-0.01606656591314319,-0.003308827232378714
immune,2635,0.013120257283496107,0.017791526012313694,0.01395080408607303
immune,2636,-0.0057240338003806636,0.011376201958442064,0.01641493658880447
immune,2637,0.006926526562619194,0.023893596137283632,0.02900509400188427
immune,2638,-0.0028406810851784453,-0.003796762417598081,0.06042156694349732
immune,2639,0.010655044400799419,0.01025988089583059,-0.031021255976845574
immune,2640,-0.013351694688629534,-0.03508723022600586,-0.007942226250114657
immune,2641,-0.002651904816974087,0.006403565331270209,0.0577399015559952
immune,2642,-0.0017977023442123329,-0.017249244432934716,-0.022201696524135194
immune,2643,0.0022655536158080144,0.00889875318720607,-0.015294518043914287
immune,2644,0.0009910706922366813,0.01421374559147022,-0.02906590484063845
immune,2645,-0.00612255359953245,0.011719999384653672,-0.04717593921714795
immune,2646,0.003254685041546926,0.011738878011054929,-0.005441461000897532
immune,2647,-0.0010992025386265397,-0.0034255114413107254,-0.00849608935249005
immune,2648,-0.0010018373363791199,0.015407022396288566,0.0009875136763724905
immune,2649,0.0026267729171063764,0.006866909190691138,-0.020544377940951614
immune,2650,-0.002763821578762283,0.014658178906136314,-0.021215618688951186
immune,2651,0.0028149812291813764,0.007412204320799777,-0.04357239082704845
immune,2652,-0.0012340490878566858,-0.003557673879728056,-0.016744065847838357
immune,2653,-0.002380328545529493,-0.0024575016370910795,-0.025413235053178045
immune,2654,0.012182496593832132,0.013103845287513436,-0.013180537781365706
immune,2655,-0.012409527385802888,-0.017572017121746213,-0.018811297916983105
immune,2656,-0.012059498718823175,-0.022686784576703353,-0.009618903033160422
immune,2657,0.014181519380923449,0.01613823542563421,-0.01090573406445754
immune,2658,-0.00992406384994092,0.010252989013158995,-0.006638184310722809
immune,2659,0.001614976986264935,-0.0035934679910138755,0.017472855010401144
immune,2660,0.013950386679043067,0.020671359089262795,0.047435248176689405
immune,2661,0.001452197578229772,0.02421327896949811,-0.011651946646649656
immune,2662,0.008583826518644722,0.03504881090316262,0.05721872547055154
immune,2663,-0.008472173009732839,-0.023552616813389472,-0.023163148712488084
immune,2664,0.005975476958194878,-0.0025900980982285268,-0.01497104167788198
immune,2665,0.008022587114226326,0.009025317894823031,-0.01653778350229087
immune,2666,-0.0029993708745622246,-0.0029911798983326176,0.014499398997147724
immune,2667,0.013589585678807095,0.018661159971723382,-0.021040878956360275
immune,2668,-0.0011945906740081825,-0.0011406499837610337,0.01671113158187184
immune,2669,0.00633639910392234,0.019507388228193753,-0.008603457404404612
immune,2670,-0.002981706816259056,0.006061161110653917,-0.0070688845955798885
immune,2671,0.0019849178518610705,0.005247521871471544,0.041616919402138706
immune,2672,-0.013204618047291963,-0.0026421718413425915,-0.0021382020056160776
immune,2673,0.002283145516551552,0.005913289991785897,-0.015892870663820502
immune,2674,-0.00507051659915729,-0.008507434068211894,0.0069506381061179845
immune,2675,-0.0030126397989834047,-0.005745776140221856,0.00998055264181961
immune,2676,0.00870164912326069,0.0034548616467407435,0.027227737235784095
immune,2677,0.008307386282204607,-0.005054843412204269,0.007127643479093504
immune,2678,-0.005574204852556983,0.0033974348114081347,0.02360584170772286
immune,2679,0.003464587379206699,0.007595838610670494,-0.011880473857976775
immune,2680,0.002857642366110446,-0.006595449235419737,0.03381477170025097
immune,2681,-0.013476287872800924,-0.029849515232570747,-0.013272443538508169
immune,2682,-0.015010589953817493,-0.029942361480374914,-0.0316600621915358
immune,2683,0.00011588333811819729,-0.004697061556825648,-0.024282291331161564
immune,2684,-0.01001466645926942,-0.012610913908193655,-0.001756315765482944
immune,2685,0.012901553503224514,-0.009819036205862483,-0.004995009965896469
immune,2686,-0.003875489207208848,0.027263137455103777,0.0034298342480986728
immune,2687,0.00017618854301127326,0.017341968400967904,0.000866280327181936
immune,2688,-0.0032117606517415437,0.013425016643251284,-0.014019526284508135
immune,2689,-0.007850144081132321,-0.0101776830711265,-0.017216566192859162
immune,2690,-0.005313131972378514,-0.00030637131586257194,0.009119193321467434
immune,2691,0.007148559737913086,0.012001996315038274,-0.00527942181714323
immune,2692,0.0034308085438752994,-0.0022228063711989127,0.011611749141873592
immune,2693,0.006570178203433387,0.013086051719343874,-0.009703958675401053
immune,2694,-0.011170818848437814,-0.02478260521898927,-0.020740371365576223
immune,2695,0.0012448157319991243,-0.006584654328900277,0.009692219826926335
immune,2696,-0.015790048970617213,-0.008108484877311237,-0.006553589140015572
immune,2697,0.007991737768342291,-0.000524944969858207,0.02214018901494353
immune,2698,-0.0002703128148617978,0.0082463699233387,0.019468888149993802
immune,2699,-0.003420041899732861,-0.0038042143449529414,0.022659878670914506
immune,2700,-0.0002601141268487178,-0.011803401091962387,-0.039777946298584325
immune,2701,-0.005677976670526001,0.002354657750169552,-0.03935189156931308
immune,2702,-0.012148717758500733,0.008133666438711334,0.0026707982681433255
immune,2703,0.015199921511920358,0.04433773895194297,0.03474299021099765
immune,2704,-0.003885190051581338,-0.008959607734279418,-0.027451923839053545
immune,2705,0.002585053063295322,0.010459254234452908,0.04227138616220558
immune,2706,0.0016346259320050432,0.01198986031659694,0.014973468968965778
immune,2707,-0.013476287872800924,-0.040229483028376846,0.0040189316007541425
immune,2708,-0.013110556439123617,0.002349513203194511,-0.052077554185167435
immune,2709,0.017612207811730604,0.025092353636290334,-0.01715506596890226
immune,2710,0.005755851344106486,0.009169837767159447,0.008029076404102803
immune,2711,-0.0028244314869084047,-0.023131278172744903,0.00749501786329739
immune,2712,-0.001133717512985748,-0.00969376720970377,0.017648933715489562
immune,2713,-0.01264122804381263,-0.041068143270910996,0.010209715795169596
immune,2714,0.009251632026532558,0.04275680709568449,0.01729905397666942
immune,2715,0.00604353324786797,-0.0005936065371833551,0.03952839474551431
immune,2716,-0.0028841607648823347,0.005500044039768767,-0.0371089100893612
immune,2717,0.005644197835194602,-0.01609688907741756,-0.010040414696605625
immune,2718,-0.010451524419027918,-0.0048223719925781375,-0.018525657541553536
immune,2719,-0.007762261654814441,-0.004381066355766771,-0.01391869678479941
immune,2720,-0.004272863328276639,-0.0018258593402161972,-0.031117992650394187
immune,2721,0.005815025332181908,0.006323920807304452,0.03238437372448261
immune,2722,-0.013690061219631183,0.002038716881617003,0.011672973155566655
immune,2723,0.005525038617218957,-0.009637088628665871,0.014410091779289601
immune,2724,-0.013154036118827506,-0.0051367140458065536,-0.008861924821655634
immune,2725,-0.001612191462770719,-0.015221267706978897,0.0151694537240696
immune,2726,0.01652045024610667,0.03682576548932037,0.02571482103250397
immune,2727,-0.011904501285950215,-0.014115717882083493,-0.0250999252940725
immune,2728,0.005640995112114036,0.004341552022394025,-0.0035591367404349625
immune,2729,-0.006899980202718356,-0.03499411362846164,0.0051288959250224055
immune,2730,0.010802121042136991,0.0007155951164751536,-0.0181749523566056
immune,2731,0.008451378385908736,0.01843063130151016,0.008247534051615981
immune,2732,-0.006795564698309854,-0.026113676586872678,-0.03910482669824489
immune,2733,0.015763980988439782,0.04235114049736722,-0.00616895675399003
immune,2734,-0.016829762324820582,-0.025511961130417683,0.024900869601457026
immune,2735,0.00870164912326069,0.0012369855170006475,0.025707217577875315
immune,2736,0.0059018047394161915,-0.0040325757905753795,0.013706955767354295
immune,2737,0.003923874119085703,-0.0050587804792694,0.03342507077113133
immune,2738,0.0054260493448215165,0.007339424446545215,0.02811256366209437
immune,2739,0.009763884811648929,0.009732762789417681,-0.001032511366361807
immune,2740,-0.0009247145770866447,-0.015613694693453115,-0.01596220584525701
immune,2741,-0.014082530108526009,-0.015804057140156338,-0.02595419438367541
immune,2742,0.0010133783268656965,0.009491182685356652,0.0032239897689451402
immune,2743,-0.00669293855842483,0.01771936810722025,-0.013530170395226786
immune,2744,0.0022135094043874474,-0.0006249582709631539,-0.012051649698663486
immune,2745,-0.0009241592871881374,0.004520688489264573,0.012014701604982247
immune,2746,-0.001874561850628495,-0.003406295194189006,-0.02695353322672524
immune,2747,0.0007356217040101707,-0.026085230477747887,-0.022639994295839034
immune,2748,-0.009597065670506883,-0.03846209403307248,-0.0367216477038755
immune,2749,-0.00017674383290978055,-0.005893968312604807,-0.049362477210508404
immune,2750,0.016431786496327618,0.00113989144323667,0.057405551350158124
immune,2751,-0.0015477363101134244,-0.014006293919727023,-0.04232534099791209
immune,2752,-0.0006750117958640491,0.0012034229989141506,0.015908262556947605
immune,2753,0.009345138344802398,-0.0016079746497289164,-0.038886255964412746
immune,2754,0.014672223422815845,0.011745683694219997,0.03967687589632454
immune,2755,0.0006939018501991162,-0.011649563452863576,-0.007076255936065988
immune,2756,-0.002924883042261956,-0.004337151387756204,0.028987484198354337
immune,2757,-0.010592232380227537,0.008732268119352335,0.012204379910122059
immune,2758,0.0030027577158424404,0.015631019216416783,0.028495754372165477
immune,2759,0.0056038202838570444,0.012153187230086696,0.01562592930381112
immune,2760,-0.0051657238854096316,-0.010443305927903865,-0.019994943938574317
immune,2761,-0.0012744266391942437,-0.021581273325030743,0.05385547362949842
immune,2762,0.007529487636321335,-0.0014918815816478926,0.024680553487751063
immune,2763,-0.0020728002781789517,-0.004653875784302278,-0.0051473514785315335
immune,2764,0.007421115289432396,0.0042653480310264015,0.008021854383043888
immune,2765,-0.003623561881504362,0.009246062594740345,0.0006685494156675096
immune,2766,-0.0023965154801173553,0.008804015247977845,0.005343080825946811
immune,2767,0.007762261654814441,-0.017260036809181055,0.007229032276014116
immune,2768,0.007004567634208957,0.018816621603277364,0.033096969198704716
immune,2769,0.0026729557165574708,0.01518175221906555,-0.03134573306091253
immune,2770,-0.010733960888679317,0.010102141991978569,-0.0421579889402597
immune,2771,0.004862091385212823,-0.001873598271404815,-0.03483476235123205
immune,2772,0.003159716440320976,0.02281061013023888,-0.00926695328483082
immune,2773,0.0047728723455352645,-0.005109214909538274,0.00308914373231962
immune,2774,-0.0031125136323823196,0.002981898528971937,-0.008883886470487675
immune,2775,-0.0012110368966677248,-0.022053528388342656,-0.01876889788839321
immune,2776,0.0029415679499478903,0.00017279923581157985,-0.004297856699641232
immune,2777,-8.210450278679782e-05,0.016901507506862232,-0.013056286446541027
immune,2778,-0.005975476958194878,0.0060101365549324,-0.014461424692949967
immune,2779,0.00020348128812730051,-0.019693827832811654,-0.039895565261104736
immune,2780,-0.007180532329824986,-0.028295058993571678,-0.006826932355053004
immune,2781,-0.0002911074386859012,0.0025625907244902907,-0.006153898918088578
immune,2782,0.006053406179363559,0.01097362408436782,0.0017590842141948695
immune,2783,-0.007912717416677812,-0.007806994770076999,-0.00857254763030484
immune,2784,0.006854738686385277,0.02021696838079415,0.025842573744394658
immune,2785,0.011558590299803878,-0.0010340388278726048,-0.01171805620382227
immune,2786,-0.002042325036926626,-0.0037946466345312414,-0.008894448826385775
immune,2787,0.015909832866838756,0.02772306551962765,0.022755885255010478
immune,2788,-0.00017132354246435685,0.0005373400563913934,-0.016536732781081566
immune,2789,-0.01969245306291216,-0.028540687515157745,-0.025306363736743127
immune,2790,0.00888985743533569,-0.025991933815097838,-0.0009888325557799345
immune,2791,-0.0011644118106837048,0.0021820248340951726,0.0016957650638904829
immune,2792,0.003682735869579785,0.016552360345824493,0.007175759594645753
immune,2793,-0.00888985743533569,-0.01066367774188405,-0.021891359845676493
immune,2794,-0.0018837074051024777,-0.01635175063937821,0.0014806658687428107
immune,2795,-0.01969245306291216,-0.01009980666620664,-0.02721354109174917
immune,2796,0.0035254478739982823,-0.014197008403658317,0.00844512345825879
immune,2797,-0.009139978517620675,-0.028423987335019205,0.006157361054303118
immune,2798,-0.013154036118827506,-0.006894107890076647,-0.06138543042804265
immune,2799,-0.0005766472017125074,0.005157119712967113,0.017875149908476395
immune,2800,0.012409527385802888,0.013367140160845312,-0.017662367999982977
immune,2801,-0.01969245306291216,0.01903759344579685,-0.03701441203790966
immune,2802,0.003941584205276363,-0.020164739167016107,-0.006851289474833036
immune,2803,0.012268501654722277,0.026384673149729664,-0.010159238878601855
immune,2804,-0.000392257556331659,0.005849596794811817,0.006108482471071616
immune,2805,-0.004447906579715041,-0.020900107255369785,0.003599515370421821
immune,2806,-0.00550614856288389,-0.005495249601200232,0.010149497893933046
immune,2807,-0.00644332822979056,-0.013017964382289113,-0.044416689146789395
immune,2808,-0.004502917163759126,-0.006826515940100036,-0.021488384329357946
immune,2809,0.002554358765597365,-4.1888683326871123e-05,0.03931591866016852
immune,2810,0.008451946342038094,0.0060390454251419475,-0.024078576087224773
immune,2811,-0.004073966319785696,-0.009229373237870389,-0.014864601431644734
immune,2812,-0.011271449437447978,-0.016999664976891753,-0.003466298409509876
immune,2813,0.007977584282919637,0.0036140427976153414,0.004290638960072183
immune,2814,-0.010179691871824043,-0.019151329394899934,-0.02458518261824181
immune,2815,-0.01000446777125634,-0.033097626516676665,0.005030812828917208
immune,2816,-0.011392248500833846,-0.024634442013411875,-0.027369045049416563
immune,2817,-0.007333212636170247,0.003938522480231571,0.0069354689647820236
immune,2818,-0.0021164814235955834,-0.011202690293495618,0.002728903158330418
immune,2819,0.0017847181327050367,0.03480843912340268,0.03342485484165937
immune,2820,-0.00870108116713133,-0.02703746945679162,-0.009163699285372806
immune,2821,-0.0010136170118920883,0.007517225405792984,-0.041059643842396014
immune,2822,-0.00856771174161649,-0.0006152293205263452,-0.012396115736988603
immune,2823,0.012561128825750256,0.015327080165635235,-0.02406009942545407
immune,2824,0.008328618030917292,0.0032570437380010043,-0.021743277354868574
immune,2825,0.0025655831512118262,-0.026117277363046164,0.023422141257410434
immune,2826,-0.004208812869015842,-0.003710932328283285,-0.021714552980105512
immune,2827,0.0037126690707608386,-0.008185626294506454,0.00406626904553282
immune,2828,0.014082530108526009,0.017493806405235693,-0.014006368237904862
immune,2829,0.0001153153819888388,0.03696026756231283,0.013108507822791854
immune,2830,-0.005497003008409908,-0.030808037883570324,-0.004831411728631182
immune,2831,0.0032223833299308328,0.01656138062302527,0.008610292368010836
immune,2832,-0.011251222769753233,-0.020758507239556787,-0.029022223173125146
immune,2833,-0.009750177595826198,0.004537144672209581,-0.013052060626794038
immune,2834,-0.0022002404799662673,-0.03251225003544965,0.003956194650018702
immune,2835,0.003623561881504362,0.009068409657957072,-0.0026628355296058064
immune,2836,0.001696552226566575,0.00015574616117620022,0.01254982885659603
immune,2837,-0.0001332641532058911,-0.027494000568879226,0.031252220258546605
immune,2838,0.0002911074386859012,0.002706718481925325,-0.023994209681956348
immune,2839,0.004469138328427727,-0.007993658709262714,0.00022914791189166794
immune,2840,-0.011904501285950215,0.011601036273260217,-0.013893852298701825
immune,2841,0.007673042615136881,0.011559363493831035,0.025300623989670347
immune,2842,2.571034909177224e-05,0.014624700074294113,-0.008773077507891311
immune,2843,0.012059498718823175,0.004246571092908366,-0.018720819718604904
immune,2844,0.0068101932069114385,-0.007878786909455033,-0.014175015350507848
immune,2845,0.00426224065008735,-0.021017534543690566,0.015406498092252623
immune,2846,0.009233484835890515,0.03150073092168469,0.008288440844860717
immune,2847,0.009500779517856647,0.007811301175367061,-0.018531576611944777
immune,2848,-0.006653971011099884,0.007290597160806651,0.05079052200945215
immune,2849,-0.006012683901983937,0.01167925512915471,0.042153858221063975
immune,2850,-0.009851071437712675,-0.01164851104087157,0.014028530372241072
immune,2851,0.014663077868341862,0.047772162926830695,-0.013293647528966992
immune,2852,0.0055312804627516005,0.003217442658849448,-0.005612976979413672
immune,2853,-0.011280594991921961,-0.024265311774717573,0.007642387879920184
immune,2854,-0.003906738794805312,0.003122552928145066,-0.033980844848588
immune,2855,-0.0020263542258515447,-0.029472454709316073,-0.011740637601732922
immune,2856,0.0059128100685850215,0.0025636654383520926,-0.010001610172180635
immune,2857,0.006744982769845397,0.029887033833488622,-0.023288368976112594
immune,2858,-0.00469787261381395,0.01698618018163228,-0.004988831070415515
immune,2859,0.003724013436857914,-0.0009094737361216069,0.024231398448997465
immune,2860,-0.017010735986936674,-0.027840443769748455,0.011976858049340521
immune,2861,0.006843972042242838,0.012242820353877911,0.013147499974260558
immune,2862,0.010759459905207922,0.03225028569447441,0.03008818598799211
immune,2863,0.004127250134904055,0.0009352187951369396,0.019756185419332238
immune,2864,0.01956030963342922,0.03188723250150732,0.039040736814336105
immune,2865,0.0030027577158424404,-0.012006457824866335,0.03052513334662209
immune,2866,-0.0003866461705695536,0.026531763697090174,0.007541857255120799
immune,2867,-0.00018898760076752527,-0.00016709757933511724,0.009008933583784656
immune,2868,0.0010133783268656965,0.0005301427686516212,0.009347597063244553
immune,2869,0.0026856836523054864,-0.025909406164020057,0.024225249133317896
immune,2870,-0.0040125378688647545,0.004380765673146672,-0.00590229912883572
immune,2871,0.009139978517620675,0.006202447729276079,0.01102973977759164
immune,2872,-0.0010444984733081891,-0.0005236868865739902,0.03796934788832288
immune,2873,-0.0035371226762072002,-0.02899753427566993,-0.0054351939057159515
immune,2874,-0.003964596396465324,0.008979654719679406,-0.011218064181490387
immune,2875,-0.0072676729280012385,-0.019674747795684747,-0.01648936418098511
immune,2876,0.001833125476638021,0.010359595202807737,0.005043374283363562
immune,2877,-0.007160789830020511,0.007517175351955974,0.0010841041160527167
immune,2878,-0.009761852398035115,-0.006457412862529908,0.020911658563920292
immune,2879,-0.0030027577158424404,-0.00435232321109535,0.011830012735477125
immune,2880,0.006816054618880911,0.01117281464163937,-0.027202634158589093
immune,2881,-0.00017822095662508677,-0.010558525329797317,0.03971255437760127
immune,2882,-0.0002703128148617978,-0.03239705168709401,0.008177091280065413
immune,2883,0.010274660473049993,0.0023221780519598473,-0.014429129172305644
immune,2884,-0.0064820122972949245,-0.01164450203323825,0.01740111201056016
immune,2885,-0.004147321754412722,0.01425549347411971,-0.0265483511153481
immune,2886,0.0024871180894458548,0.011015117117349135,0.041078634195091265
immune,2887,0.011271449437447978,0.01882690033358037,0.019440712651028636
immune,2888,-0.0009243979722145292,-0.023523721412160685,0.001873137384189242
immune,2889,-4.785119104821119e-06,0.0005432900910400615,0.019538283579972476
immune,2890,0.007661367812927963,0.007117532030859922,0.014450877984470239
immune,2891,0.014761442462493404,0.013681955918354236,0.048988402454969084
immune,2892,-0.0012340490878566858,0.019524609778649844,0.034855024069435275
immune,2893,0.013111111729022124,0.024395475082285727,0.005961039769992173
immune,2894,0.008964754417052972,0.0009099168402105749,0.045183789855470134
immune,2895,0.017081689650525065,0.04212548682346431,0.046261736210804906
immune,2896,0.0058386536819160645,0.034370900243126584,0.026693899958210154
immune,2897,-0.004895531183615978,0.013385134936037376,0.015609643160526755
immune,2898,0.017081689650525065,0.009661757154523207,0.00367447192949576
immune,2899,-0.002829914441036007,-0.011389938122223567,0.028837233349964384
immune,2900,0.01585320002811734,-0.009190597144821903,0.03874268750692744
immune,2901,-0.009082009065539581,-0.006835852162460803,-0.059144671415733485
immune,2902,-0.004457052134189024,-0.018233445716868378,-0.004513954941741995
immune,2903,0.006623038028375536,-0.013675888603821126,0.026501486997758977
immune,2904,-0.003472086111153428,-0.01774690233924942,0.019009985970803334
immune,2905,0.009718928008229733,-0.013861210175350263,-0.0006027320099728783
immune,2906,-0.012050353164349192,-0.02420414126670365,-0.01094978649810712
immune,2907,3.5479416802777775e-05,0.012286825205058902,0.028098168835739613
immune,2908,-0.009408289402302525,0.003629509663169361,-0.026530565713366844
immune,2909,0.020161781458223147,-0.0069515372238863025,0.013758676190663288
immune,2910,-0.007990614522314426,0.005705004473405434,0.04003250857189504
immune,2911,0.004841864717518078,-0.0032563138023113817,0.02622617870225292
immune,2912,-0.005677976670526001,0.02920381457990753,-0.05282417079214017
immune,2913,0.0008065753675985619,-0.014202640173110214,-0.029110068521909734
immune,2914,-0.006480391207626469,-0.00026933142245728035,-0.003254138909151198
immune,2915,-0.010032615230486472,-0.024640213259937545,-0.0026682006551634148
immune,2916,0.016030631930224623,0.03202787782100397,0.019715616896758287
immune,2917,-0.009934830494083358,0.009986001742074596,-0.0174989277333396
immune,2918,-0.017340537986221646,-0.03208973143114599,0.01599959265268173
immune,2919,-0.0028841607648823347,0.006665144688836125,0.002087635700013986
immune,2920,-0.005235257298798031,0.000621521976072334,-0.009124064244090199
immune,2921,0.002173694120065429,-0.014932930249774346,0.0058606394429128825
immune,2922,0.0019596575203588568,-0.001432830193750359,0.038721217414930016
immune,2923,-0.0047097212880351375,-0.014097973237634514,0.0034052103769128903
immune,2924,0.009303120948054619,0.004266279293876661,0.02754533501333332
immune,2925,0.005933622283142014,-0.014211104571360829,0.0054782343048310755
immune,2926,-0.0031333082562064233,-0.007072711417576849,-0.02705144871220963
immune,2927,0.008744005556936713,0.05022910444384704,0.017911365261287955
immune,2928,-0.003682735869579785,0.00014786283910743492,-0.04935431797731962
immune,2929,0.013128821815212785,0.020895749976309955,0.023936587447979378
immune,2930,0.0005288175797341597,0.023249407288821158,0.03406140074264018
immune,2931,0.001375777596308465,0.008525631141196583,0.01421647260168655
immune,2932,-0.005149536950821769,-0.016512187510250628,0.008728894432114321
immune,2933,0.006021659757645972,0.009768425841164788,-0.005727763658843718
immune,2934,-0.010509493871109013,-0.004942470970246762,0.01284456272830532
immune,2935,-0.003064684010403972,-0.0037974762447606273,-0.028746582792574776
immune,2936,0.012423079553439543,0.02142121637009433,-0.003503196061240362
immune,2937,-0.00587563524032803,0.0002285639089954451,-0.006847390403746581
immune,2938,0.009051941043116718,0.005221340193540272,-0.03186749226208116
immune,2939,0.006383208178648528,0.006320826475034777,0.033222576434614376
immune,2940,-0.0009042470885717163,0.012144566911290155,-0.04872292794746509
immune,2941,0.001612191462770719,0.0008138551292801583,-0.028047889310785674
immune,2942,-0.003648776185119084,-0.004948219274839095,0.006463300788173327
immune,2943,-0.0056038202838570444,-0.018399399122902567,0.012894586952499
immune,2944,-0.001002611682723258,0.0038968759637322686,0.013433264009277569
immune,2945,0.008373481280272122,0.009248573377305145,0.01226452679381465
immune,2946,-0.0027778064009243847,-0.02620929832293563,-0.00011728048079809317
immune,2947,-0.017612207811730604,-0.028529688433364057,0.0062976276685132344
immune,2948,-0.0031655778522904493,0.026702793208020322,0.05264511912321919
immune,2949,-0.004354518446892326,0.013505595173473498,-0.014676178465094936
immune,2950,-0.0010869724465191143,0.024840835689537558,-0.006895432377289161
immune,2951,0.017273841280728956,0.006529495424819143,0.05475874407985307
immune,2952,0.007401941755276749,0.02305790430663574,-0.02103260718731184
immune,2953,0.0016860488353004494,0.010657686358376342,-0.011678956466485091
immune,2954,0.01078600626510876,0.03166684025602483,-0.007062835538752541
immune,2955,0.00884280967558311,0.005801392288863472,0.008755673197740047
immune,2956,-0.008328618030917292,-0.00974088637641154,-0.02432044836747113
immune,2957,0.021201494812426516,0.02192670084626686,0.09265042214971801
immune,2958,-0.0008726703656660775,-0.0013815658407886205,0.019634714646473476
immune,2959,0.014792441463444406,0.03948348956870761,0.036727589873871036
immune,2960,0.0019174862404338772,-0.017460618372027007,0.008678973409682877
immune,2961,-0.005859448305740168,-0.02091068483036385,-0.0048876931423216165
immune,2962,-0.006873004062474444,-0.03699163624613089,-0.02252865051929138
immune,2963,0.001975772297387088,0.0071759103257299645,-0.02931589385321489
immune,2964,0.009167706442695114,0.013832586560495654,0.002765935911514898
immune,2965,0.004915757851310723,0.01287094825785492,0.004649271998847552
immune,2966,0.0037927682888232125,0.021601767317991495,-0.016292824866408085
immune,2967,0.012164904693088596,0.01453323457968769,0.048731801395660294
immune,2968,-0.0028836054749838275,0.02682086282040214,-0.009931889430474822
immune,2969,0.00254212867348994,0.0200463744966156,0.0319809490177185
immune,2970,0.0005766472017125074,0.0026301670269396754,0.01572094594535555
immune,2971,-0.00752596597379931,-0.001379745840560928,-0.01597337006872652
immune,2972,0.002371352689867457,-0.01829953547870662,-0.006591564779167697
immune,2973,0.0024072821242597936,-0.01705736309882355,-0.014368601996428827
immune,2974,-0.006351461756930942,-0.02533194491610594,-0.03093854354583689
immune,2975,0.00039636944699817284,0.011874112312977938,-0.005835696415479366
immune,2976,0.0008586195790191292,-0.0006264643163643123,0.006107280612571292
immune,2977,-0.010187193129203737,-0.007873355325301585,-0.04583139588243189
immune,2978,-0.005626487749003942,-0.04613077189228044,-0.0246121121390165
immune,2979,0.0026322558712339786,-0.009503971594940777,0.02601008253908
immune,2980,0.00954370390766203,0.019644830592360198,0.024389931106694844
immune,2981,-0.0011223955789448025,-0.014907316715219901,-0.017666826382271277
immune,2982,0.0056038202838570444,-0.01619655490545008,0.01955611136442644
immune,2983,-0.008362396866248692,0.014736313254407472,-0.04095556081368198
immune,2984,0.0010751927710061459,-0.0009406787618214719,0.02152824623451307
immune,2985,-0.006696895400905266,-0.015475155552154226,-0.009303089772398927
immune,2986,-0.003144486224294219,-0.019637178582130307,0.004042817544659091
immune,2987,-0.008680854499436586,0.0019483990499223197,0.03913782635945679
immune,2988,0.007653869080981234,-0.0007422518352815247,0.00814780069912005
immune,2989,0.006206914363328306,-0.016889085630984582,-0.005126396479977702
immune,2990,0.012659493419901796,-0.0037493663127658883,0.014753696915188852
immune,2991,-0.0017670080465143762,-0.00033492187325206524,-0.008532017713664714
immune,2992,-0.010655044400799419,-0.01214012829618286,0.010705499515503732
immune,2993,0.00955390259567511,0.006713903477701719,0.004359573110755577
immune,2994,-0.0024126302571455863,-0.023377296873230057,-0.028236357656715606
immune,2995,-0.00815339393034959,0.004066666160993571,0.007167715710005896
immune,2996,0.0006258455605260236,0.01805886312070383,0.028133529529460466
immune,2997,0.012874816048006993,0.012142023813650338,0.030255866143020033
immune,2998,0.009303120948054619,-0.006201459199861883,0.0006091855736069796
immune,2999,0.01315125628444711,-0.0013404604306948148,0.036002200123429334
immune,3000,0.0013370935288040998,0.029135943079944663,-0.004185537361784009
immune,3001,0.0002878420519231567,-0.005452315614662737,0.0009272710668770759
immune,3002,-0.01238015516363416,-0.015572186503401276,-0.01722775041355698
immune,3003,-0.011500620847722784,0.0008428444553399087,-0.02460476507260221
immune,3004,-0.013716870832408334,-0.018873809193115817,-0.027363539513441764
immune,3005,-0.004260619560418895,-0.031618647990638175,0.001613395092225087
immune,3006,-0.0017866794243106138,-0.01128026270802214,-0.043662662465888784
immune,3007,-0.016850252245391637,-0.001205306769311857,-0.009490597241451487
immune,3008,0.005757812635712063,-0.02160021579450722,0.011167281074226942
immune,3009,-0.005428010636427093,-0.002272243378021098,0.0020292791273564727
immune,3010,0.0040125378688647545,0.02295252934585841,0.011179740348802258
immune,3011,0.0012953736749930455,-0.020777790591771098,-0.005755120948494766
immune,3012,-0.0019317947740426084,0.016032933334553055,0.030587050270802628
immune,3013,0.00871184781127377,-0.00861926324612825,0.0069931259563851276
immune,3014,0.0095541412807015,0.009523019258470253,0.014384606009716767
immune,3015,0.0068101932069114385,0.03692882539056788,0.035447715311037284
immune,3016,-0.0066500141686194475,0.002759736489923675,-0.015442192142229583
immune,3017,0.00497842474092058,0.007303554959884278,-0.019431582395798303
immune,3018,0.00950992507233063,-0.007423564531785502,-0.0061190102120975524
immune,3019,-0.003813562912647316,-0.02420056159808922,0.005343276154169324
immune,3020,0.0004119065020717673,-0.017535977816226508,0.013815601725199736
immune,3021,0.007290288246364865,-0.0072319457152950125,0.041920752881532235
immune,3022,-0.013882212849835074,-0.022948700073358582,-0.03225659986423579
immune,3023,0.007850144081132321,0.020557650866932595,0.0075836582286691505
immune,3024,0.0018556717962934278,0.017304529774202996,-0.019672061217279862
immune,3025,0.0032890800354235202,0.011426438290275318,-0.004028186014654989
immune,3026,-0.01337143718843401,-0.020982610254573333,-0.02435565185345352
immune,3027,0.006536716362613275,0.0022232972828418783,0.0038748786125824644
immune,3028,0.008679214654026365,0.0019269825624241331,0.006811704904718552
immune,3029,0.0017766514446289489,0.011270234728340475,0.008730591137880595
immune,3030,0.003170483084463415,-0.0267383796580287,-0.005753867838268737
immune,3031,0.012210532202641183,0.009123115351103907,-0.0016813559280081554
immune,3032,-0.013481058283732078,-0.01592806227179252,0.01008567550374013
immune,3033,0.006633329260933514,-0.010756345215368005,0.023922516087733263
immune,3034,0.0014360828012015409,0.006698352496021173,-0.0005532682115500696
immune,3035,0.010262430380942567,-0.01337345598817482,0.0018719067380340744
immune,3036,-0.014543293972120319,-0.021155971268547215,-0.006310232493486214
immune,3037,-0.000913392643045699,-0.022111751931960796,-0.0004990817886918835
immune,3038,0.006383208178648528,0.011983785034528623,-0.01390682721189886
immune,3039,0.0075829154173928425,0.01734373640332554,0.021383505399839547
immune,3040,0.00011588333811819729,-0.019350293327587934,-0.023910659998575334
immune,3041,-0.0019849178518610705,0.004152835252480248,-0.020444997031334216
immune,3042,0.005233296007192453,-0.030545477361706506,0.004198284062824316
immune,3043,-0.0021307697302600467,0.019948783147521146,0.012301555563585902
immune,3044,-0.003954568416783659,0.004516179139379124,0.010001273061940614
immune,3045,0.0008039155137007786,-0.008689667770010748,0.04138894430245737
immune,3046,-0.01374416357752436,-0.014381598913432256,-0.021922893507525833
immune,3047,0.0016668955280890695,-0.03739593278197502,-0.002972428506828069
immune,3048,0.0002825429069692233,-0.00011262059799960666,0.028369230585403277
immune,3049,0.00340616081189786,0.008003383903516261,-0.0008734694914256198
immune,3050,0.013962312067897447,0.023021722429795013,0.01820009181643669
immune,3051,0.006394386146736324,-0.004966732970069744,0.03979016016417685
immune,3052,-0.0020263542258515447,0.0005561681623394293,0.006218539720221683
immune,3053,-0.0022894595196438264,-0.013726710703442249,-0.0007119231191216881
immune,3054,0.006205437239613,-0.025081861699798837,0.003908260582788694
immune,3055,-0.003885190051581338,-0.008518677224560858,-0.0057683414281793546
immune,3056,-0.0100936868109339,-0.033522468606601866,-0.04336540889693381
immune,3057,0.002971508128245976,-0.004899982916568332,0.008845522780889958
immune,3058,-0.001671800760262035,-0.018649861394675223,-0.006241404412371189
immune,3059,0.00017618854301127326,0.0029586823178808465,-0.04845210052552261
immune,3060,-0.00507051659915729,0.0009005163660078946,-0.015351399403060082
immune,3061,-0.013632510068612477,0.007963470673588505,-0.026060491623668795
immune,3062,0.006239808248019059,0.0047736190035924525,0.0023327592427268007
immune,3063,0.0034629662895382433,-0.004492224117005953,0.0026442519544004435
immune,3064,0.004100440522126904,0.013166927745650411,0.019480495000983377
immune,3065,0.005552331362334985,0.024008184650061534,-0.05080089006932867
immune,3066,0.013716870832408334,0.008102568915794977,0.02800565372237641
immune,3067,-0.004147321754412722,-0.016896849524127906,0.004237440822344072
immune,3068,0.008738823951517682,0.032984702118985486,0.06529648761849742
immune,3069,0.00997068893592494,0.004680560516417932,-0.012109190333244656
immune,3070,-0.007715297531902175,-0.019386267404061682,0.005277894908900839
immune,3071,0.007529487636321335,0.0042235166581933384,0.03254466074736464
immune,3072,0.008328618030917292,0.005829928267894724,-0.018649998229576397
immune,3073,-0.0022043638499134647,-0.011507253872610873,-0.02987147033943608
immune,3074,-0.006095577459288538,0.007482105840098623,-0.03145640116648956
immune,3075,-0.013240475324124668,-0.010923927393879238,0.001528341779119962
immune,3076,0.0026729557165574708,0.021956964533956,0.0011889097672750093
immune,3077,0.0011644118106837048,0.007300659487932695,-0.037001287695257394
immune,3078,0.015712174297036727,0.019062850369892446,0.010354826739157663
immune,3079,-0.0013518716924726532,-0.005252837553685288,-0.009122029478737758
immune,3080,0.00644332822979056,0.005042076959575523,0.01571554041667725
immune,3081,0.006121076475817143,-0.008567903640549327,-0.007826455033369345
immune,3082,-0.010926714226308379,0.006096077518362993,-0.01081195737222144
immune,3083,0.009249599612918746,0.009505208322712238,-0.006779317816299783
immune,3084,0.011251222769753233,0.01159066410471513,0.034128877781124216
immune,3085,0.01734201510993695,0.0011433509504113516,0.020220406144257685
immune,3086,0.0019596575203588568,0.0071570875632476815,0.01719462078446559
immune,3087,-0.003254685041546926,0.00414870501947034,0.019685346277641114
immune,3088,0.007058669992102136,0.010879483853709362,0.013328267574160335
immune,3089,-0.0095541412807015,-0.007752462249465764,-0.01384846324587019
immune,3090,0.0038546945833847442,-0.0028418153382105548,0.021612238239043412
immune,3091,-0.00690409209338487,-0.008370281337811475,0.0035536016072303667
immune,3092,-0.007483041583993928,-0.0018267165425764394,-0.0235355828001296
immune,3093,-0.013251582170204229,0.007508689998774099,-0.011388831992279322
immune,3094,0.011010639810145823,-0.008509727582944453,0.015302751107317695
immune,3095,-0.02049158345750812,-0.029943145757304737,-0.014590248338277566
immune,3096,-0.0006369524066055834,-0.005827991697588135,0.006733223234869172
immune,3097,-0.0003223570262823651,0.004879699339979398,-0.01078226139489442
immune,3098,-0.010221708103562946,-0.022097072422828594,-0.028669954815596966
immune,3099,-0.016300824632018276,-0.029875799945951388,-0.02634449305240722
immune,3100,0.010022733147345508,0.01894503925232074,0.043364175616153404
immune,3101,-0.01649996032553561,-0.03010903656974379,0.007752584646908887
immune,3102,-0.008837904443410144,-0.02161270141939423,-0.012730033595791668
immune,3103,0.00968486445998445,0.03372634818034611,0.01711883836651265
immune,3104,-0.011387478089902689,0.008185971585863858,-0.03597455987880864
immune,3105,-0.012164904693088596,-0.008140926471685217,-0.019521014292652288
immune,3106,-0.004273418618175147,-0.015443432099752394,0.041948997915256483
immune,3107,-0.011010639810145823,0.0013299821031350773,0.011402332145560542
immune,3108,0.006612839340362456,0.0064540344110853715,0.017014889662440545
immune,3109,-0.007510334329109955,-0.022561570853733635,-0.0026649497471839534
immune,3110,0.002981706816259056,0.011586461607704799,0.010580825197441837
immune,3111,0.013716870832408334,-0.012327561052822034,-0.019210546356173266
immune,3112,-0.014672223422815845,-0.021919355006217587,8.491629601115047e-05
immune,3113,-0.004815127262300559,-0.010583834483925678,0.009527987176300148
immune,3114,0.00540721601260299,0.02069911106569394,0.024740701666770087
immune,3115,0.006947016483190252,0.003973853321947796,-0.01840549725447298
immune,3116,-0.0027370841235447633,-0.010639834849741575,-0.015166192707758902
immune,3117,0.0037927682888232125,0.0009753342070081411,-0.014785440704336008
immune,3118,-0.004514001577782557,0.0034725817735826578,0.008347017913898441
immune,3119,0.002881958652456574,0.0032256394154953115,0.014910834780197335
immune,3120,0.008243996539678089,-0.008196887846273876,0.024707040538138714
immune,3121,-0.00037587952642711514,0.014706095719852305,0.0020862755596705125
immune,3122,0.0068118142965798946,-0.002331428690486077,-0.012523882025584021
immune,3123,0.0051134409889626725,-0.014406926404127603,-0.0018673332517171555
immune,3124,5.216432448871174e-05,-0.005579698228304347,-0.024742905104109786
immune,3125,0.0022922910710255345,-0.016841103793325516,0.03384273100557623
immune,3126,0.0026322558712339786,0.003130136411966536,-0.016353368518778583
immune,3127,0.001124597691370563,-0.02644337656119071,-0.0061288700936545
immune,3128,-0.006239808248019059,0.00012186549019760785,0.006696841976154509
immune,3129,0.007850144081132321,0.013180764182820673,0.026696412581642903
immune,3130,0.0001153153819888388,-0.009803035954445819,-0.017779037419135328
immune,3131,0.00888985743533569,0.01941183797463418,-0.04491407243238726
immune,3132,-0.0008704682532403168,0.017549752661588373,0.0019513805644509699
immune,3133,-0.009115662231274546,0.008948845836197422,-0.041119301831673616
immune,3134,0.0010754314560325374,-0.022353350339635432,-0.013282602835478902
immune,3135,-0.0022655536158080144,0.022425494489455192,-0.0339327014068084
immune,3136,-0.015700829930939655,-0.006851365391384078,-0.009260492853456436
immune,3137,-0.0006838150126071187,-0.00823926590873951,0.025208287071031475
immune,3138,0.013481058283732078,0.0111535192937379,-0.008560277345609638
immune,3139,0.0004533188905917057,0.012457220929753482,0.0010540579842031974
immune,3140,0.00539011991042918,0.02953693496490299,0.029273244218284263
immune,3141,-0.001372361613043711,0.006002452877403868,-0.008903970279415327
immune,3142,0.0011204342873392253,-0.012909495811469279,0.02066571365441334
immune,3143,0.007859289635606304,0.011170785973439682,0.019744746734508618
immune,3144,-0.00018898760076752527,0.004377718244332923,0.008493092399765867
immune,3145,0.003987142716120731,0.01903837924074441,0.026271464220606416
immune,3146,-0.004512062718233109,-0.02623660719586068,0.004856570061490548
immune,3147,0.00785576797308428,0.003751150099630049,0.005042229124930778
immune,3148,8.488433716719497e-05,0.0015699682325506364,-0.03667667555740396
immune,3149,-0.014959101032295433,-0.011608424959439714,-0.046085811660099216
immune,3150,-0.0027101305448144625,-0.0025596767879554664,-0.01804688181246015
immune,3151,0.004195543944594662,-0.005835215587578088,-0.0015639964260715693
immune,3152,0.0018657586338854254,0.01708360804977719,-0.02805309592361969
immune,3153,-0.011063762887964285,0.006325911588337235,-0.07432601091664005
immune,3154,0.00016055689832191836,-0.0010237938848471858,-0.02331991158406273
immune,3155,-0.01136981403159952,-0.010637021797242865,-0.014708898090292438
immune,3156,0.0006939018501991162,-0.002077576990280471,0.028603778631920724
immune,3157,0.0019849178518610705,-0.001971770179358498,-0.021468539548477522
immune,3158,0.003986541008695559,0.010704670029133495,0.0369788103834444
immune,3159,-0.001995360914014361,0.010411713953669147,-0.01941495464885528
immune,3160,0.00644332822979056,0.008669395335760263,0.03938787593927972
immune,3161,0.011969949243033772,0.0327286081095403,0.018219145626418864
immune,3162,-0.00017822095662508677,-0.005515795723017382,-0.0033931038003445027
immune,3163,0.008236432618616216,0.0033154722787474044,-0.018602935637349632
immune,3164,-0.01552339802883237,-0.04190331970087187,-0.027317220903492385
immune,3165,0.001424975955121981,-0.014797637451600365,-0.0159185424203104
immune,3166,0.019442487028813252,0.04014542372531285,0.028315707723444772
immune,3167,0.0022311013051309844,-0.002569297212800086,-0.025624443927957992
immune,3168,0.010472319042852021,0.011988662619617965,0.013966654597822509
immune,3169,-0.0007369380904255809,0.014360349503528439,0.03293918747635831
immune,3170,0.004378269302542061,-0.020227414734929953,0.027732325901956394
immune,3171,-0.0100599079756025,-0.02132772889388151,-0.0034234386323409773
immune,3172,-0.005222529363050015,0.009770143742674167,0.010274232972256148
immune,3173,-0.006937870928716269,-0.003721890341752405,-0.014056766144766114
immune,3174,-0.007051013686536364,-0.006630577159955163,-0.013905376044245871
immune,3175,-0.006795564698309854,-0.023335538212786274,0.008833370586118328
immune,3176,-0.013369404774820196,-0.01007204210094093,-0.023481481748112605
immune,3177,0.006580376891446467,-0.005633294588879646,0.028081398732631
immune,3178,0.0027827116330973504,0.005958200537879872,0.0020450400189809355
immune,3179,-0.012427191444106056,-0.0031243014214086488,-0.03831353246159295
immune,3180,0.007223456719630368,0.01202385523756144,-0.017861586057753804
immune,3181,-0.004367502658399622,-0.004839421926910915,0.03276953887656995
immune,3182,0.0017670080465143762,0.00838607395395832,-0.013729754288791788
immune,3183,-0.0034538207350642606,-0.0016634579935313062,-0.051685215044279406
immune,3184,0.00666620110320731,0.018863330148548827,0.015667962121727646
immune,3185,0.0035254478739982823,-0.004304022186901119,0.020756134489213013
immune,3186,0.009479984894032545,0.0395820746427044,-0.022084521082429212
immune,3187,0.010211509415549866,0.01847074143949841,0.014491139718873346
immune,3188,-0.011099621329805867,-0.033294051865710855,-0.0435388456108661
immune,3189,-0.011631945734430904,-0.024290118961241294,-0.0170436248409426
immune,3190,-0.009182902907426058,-0.02507255813161567,0.0077959543747998135
immune,3191,-0.007620090245649834,0.0055152665057237186,-0.033107325835821176
immune,3192,-0.011133400165137267,-0.02451573840121877,0.004589756006490836
immune,3193,-0.0010295652614535588,-0.016685527812812552,-0.001689395475080587
immune,3194,0.004246125873059119,0.02962270484735344,-0.017279396472517354
immune,3195,-0.0004752962445982861,0.009477158163000668,-0.01161734301876674
immune,3196,-0.006350906467032434,-0.03220195883954664,-0.015286503469481016
immune,3197,-0.0027370841235447633,0.014004557410477998,0.001906410935682982
immune,3198,0.005525038617218957,0.022085959185001766,-0.0029631197855329488
immune,3199,-0.014181519380923449,-0.030590379113591134,0.0052062978218762775
immune,3200,-0.0055210817747385205,-0.0027566597365871054,0.007886135946290784
immune,3201,-0.007135290813491906,-0.02796037661887058,-0.024257567124556224
immune,3202,-0.001972926444780037,0.017765737943070316,0.008081262613143514
immune,3203,6.245555704668948e-05,-0.019626086425270764,-0.01946460965028088
immune,3204,-0.004334291779197581,-0.009134690297128652,-0.03450797516852241
immune,3205,0.008273607446873207,0.009229688779292844,-0.021722657206420092
immune,3206,-0.009285529047311081,-0.00771614741135102,-0.033683703716590845
immune,3207,-0.011021746656225384,-0.021045429326772194,-0.029613998784820544
immune,3208,0.0034538207350642606,0.020958066558189922,0.0015968316232910509
immune,3209,0.004602665327561609,-0.004683682260151206,0.0044564377297030095
immune,3210,-0.006349429343317128,-0.02422055789807294,-0.01314115018285622
immune,3211,-0.014870119512635388,-0.00948781363598491,-0.030447924568962937
immune,3212,0.012122649776323302,0.018874881867925533,0.033969322213665554
immune,3213,-0.011383366199236175,-0.02889313738206722,0.0039705155893170665
immune,3214,0.0035940721198007334,0.009161095020662985,-0.008481414134107171
immune,3215,-0.004037700659114653,0.01268290926104658,-0.024490754122621576
immune,3216,-0.004554723855162178,-0.012174424474897244,0.006519813204195109
immune,3217,-0.013111111729022124,-0.017127958904543904,-0.011290450595301555
immune,3218,-0.01033426977054131,-0.021234344705878507,0.009565738599277005
immune,3219,-0.0032117606517415437,0.01426327789235117,0.0005413486871776638
immune,3220,-0.000656838872363207,-0.016855503031888805,0.009067965141052773
immune,3221,-0.011392248500833846,-0.04717102186973281,-0.0323231255096205
immune,3222,0.003494198286401818,-0.006452728620602529,-0.029901575731038705
immune,3223,-0.011882066816715891,0.0027958962243713695,0.010167578782163613
immune,3224,-0.006239808248019059,-0.0034851731978368617,0.05120468477253298
immune,3225,-0.0020828282578606166,-0.021927099319605455,0.0036745014448087976
immune,3226,-0.0034737329336806816,0.01943602073468687,-0.03045234919417437
immune,3227,-0.0047097212880351375,-0.013645726438213171,-0.0008653138009132957
immune,3228,-0.014516001227004291,-0.002339282078648192,0.0018962566272001657
immune,3229,0.005955734458390404,-0.006209068578354039,0.012807858247849552
immune,3230,8.210450278679782e-05,0.010271303240730209,-0.011866969868150787
immune,3231,-0.004565729184331009,-0.003857065585475259,-0.0034223143592725476
immune,3232,-0.00413113481982486,0.004392624780001579,-0.0071513544715448105
immune,3233,-0.00413636995651924,-0.0069748376318698405,-0.01145363600659775
immune,3234,-0.010144268739398355,-0.01351991266321018,0.0066842250630292106
immune,3235,0.008227550317018545,0.0039141312372471485,0.0300742227543608
immune,3236,-0.005300570434639777,-0.024240561911633433,-0.007663756024514347
immune,3237,0.002157316090160885,-0.035591915674914286,0.00294931925290993
immune,3238,-0.008930975581721573,-0.020689716151813527,-0.008267594969939665
immune,3239,-0.007725656957215152,-0.02560231301256557,-0.012919986442134684
immune,3240,-0.0017667693614879844,0.022398119570593213,-0.01650887529234386
immune,3241,0.002763821578762283,-0.017909907838704362,0.039938094923655215
immune,3242,-0.008974953105066052,-0.014438641068631932,-0.013544556757175207
immune,3243,0.005737585968017318,0.019619310884808824,0.006169027343278686
immune,3244,-0.0066747656349239876,-0.020616623680487244,-0.007067663370357478
immune,3245,-0.004721065654132213,0.022830366163444464,-0.02234864702866568
immune,3246,-0.005859448305740168,-0.010530717034557754,-0.023905502204987022
immune,3247,-4.195994736181282e-05,-5.132960731190721e-05,0.00813898065063648
immune,3248,-0.014543293972120319,-0.009622333632251508,-0.008309017441645963
immune,3249,-0.00609058100762055,-0.0033273376531896227,-0.03191430840719057
immune,3250,0.0015811981509335354,-0.00419021919703486,0.010954590502040099
immune,3251,0.007256328561904164,0.011086927270591384,0.014198412881241565
immune,3252,0.002369150577441697,0.01201562169168804,-0.01674741184756092
immune,3253,-0.012598303654007248,-0.01624673665527609,-0.015885266832064353
immune,3254,-0.006019627344032159,-0.0097663955684402,0.026198354872660017
immune,3255,-0.00501369282516019,0.002233438758241553,-0.007619887196653852
immune,3256,0.0017125230376416566,-0.008914762820238523,-0.003071454940245891
immune,3257,-0.0068101932069114385,-0.005734646876425539,-0.021501168909666683
immune,3258,0.005296685749718972,-0.025990613189692865,0.023542422312899013
immune,3259,-0.016761588495612587,-0.007789948831647469,-0.05699875602021464
immune,3260,-0.010451524419027918,0.015840325199766338,0.008938503451768628
immune,3261,-0.007264893093620842,-0.012376959068718472,0.002097983613729537
immune,3262,-0.0029614801485643113,-0.027123525690863716,0.016581588550512984
immune,3263,0.009710363476513056,-0.013804961070666593,0.020428918254034405
immune,3264,0.016872686714625964,0.02415107797941021,0.028742140321778548
immune,3265,-0.0068525365739595155,0.011394549575145532,0.026823588992824377
immune,3266,0.004512062718233109,-0.00029935287497717244,-0.010437415589536148
immune,3267,0.0008704682532403168,-0.009878250294184853,0.009150355440986543
immune,3268,0.001775572578231054,-0.01225676629160793,0.04358404590499805
immune,3269,-0.013120257283496107,-0.0074710150599372515,-0.030678118275221593
immune,3270,-0.0027066088822924376,-0.021700817102200697,0.006428670784089327
immune,3271,-0.007529487636321335,-0.007960915222651285,0.014004316778539382
immune,3272,0.013716870832408334,0.02310906299566098,0.007994557277887043
immune,3273,-0.00666620110320731,-0.007640356313234328,-0.008274298983930386
immune,3274,-0.008098383346305504,-0.04396252078299566,-0.015555673110089069
immune,3275,-0.009051941043116718,-0.012549760091338083,0.025974106521464868
immune,3276,0.0025661384411103335,-0.017007311234656212,0.027575550486001937
immune,3277,0.0028836054749838275,0.005777795320341362,0.004977808970270883
immune,3278,-0.00459189868341917,0.0020705081670118336,0.030031956068375252
immune,3279,-0.001655115852576101,0.020606604873512693,0.00305102072482206
immune,3280,0.004753698811379617,0.009964853915001706,0.031197484137931247
immune,3281,0.013458623814497755,0.019052143868049678,0.014675898337189519
immune,3282,0.0010654237032951402,0.017250388817617937,-0.048042899578515284
immune,3283,-0.0013294372232383288,0.0008790692465516735,-0.028851812854017982
immune,3284,0.01008465944190704,0.004620971478341161,-0.0009260793523968025
immune,3285,-0.013993311068848449,-0.005131218292431086,-0.008158139965689648
immune,3286,-0.002683722360699909,-0.016905500529601783,0.014301744804898911
immune,3287,0.0030135243599848788,0.016958092531891414,0.009247800890459235
immune,3288,-0.0020366454584095223,-0.024561368273986115,-0.022489698921916445
immune,3289,-0.002694829206779469,-0.02972007583564367,-0.02825031610597995
immune,3290,0.0061387405341203115,0.004455650802647773,0.02363751040583026
immune,3291,0.003353489160193323,-0.0028360719160321203,0.04406848023007511
immune,3292,0.005353854249758136,0.0004977335618201323,0.02852148260991479
immune,3293,0.0004950387444027602,-0.011234494546656246,0.01686044798301997
immune,3294,-0.003452343611348954,-0.02224215738415107,0.00899832437330006
immune,3295,-0.0031333082562064233,0.007072682667521677,0.03301009644971817
immune,3296,0.012389300718108143,0.009686958942843979,-0.023668927315346304
immune,3297,-0.0030875367807006865,0.011187279447395304,-0.0024481077657467674
immune,3298,-0.009345138344802398,0.01427549152095894,-0.004773324024696425
immune,3299,0.004119593829338283,0.0012642823636902917,0.055976859629537294
immune,3300,0.002261596773327578,0.009810093004756026,0.03642370457963603
immune,3301,0.0032965397165997897,0.02602565697928253,0.002003634461415456
immune,3302,0.0008726703656660775,-0.018260724498684974,0.0026054582624657854
immune,3303,0.004729947955729882,0.0026708767552668703,-0.04137576072125206
immune,3304,0.014202314004747552,0.002802015152919144,0.03272619144927414
immune,3305,0.005364620893900575,0.028085210602987572,0.014714243176575447
immune,3306,-0.0018126355560669632,-0.008703311857247435,0.016431789177208556
immune,3307,0.010733960888679317,0.014623125157155262,0.010467475036216145
immune,3308,-0.0006209094379708707,0.0014381617624921413,-0.0003447195589870722
immune,3309,-0.014992879867626832,-0.023771140018875793,-0.027768722686837687
immune,3310,-0.0036670415612082515,0.014834862795848636,-0.012055354536119925
immune,3311,-0.0010754314560325374,0.008678312668274221,0.003578584240729812
immune,3312,0.0017235283668104867,-0.0005715208544911968,0.03336366507576482
immune,3313,0.008211363382430684,0.0073584744415445035,0.03963539143401106
immune,3314,0.005551776072436477,-0.018944363218377006,0.0056003689104516625
immune,3315,0.01624878042059771,0.02739995371506179,0.003422777077064834
immune,3316,-0.000834848496425127,0.010968597168394548,-0.03801043367122258
immune,3317,-0.0009446246399092741,0.014708627785106438,0.014429358437659773
immune,3318,0.01136981403159952,0.009891118747233127,-0.01145350943113883
immune,3319,-0.0017021636123286804,0.0038075238160548376,-0.0070104518866236825
immune,3320,0.013830168638414506,-0.002231391264188757,-0.018698143122851542
immune,3321,0.003579138907946103,0.011902743488743239,-0.004679211785840373
immune,3322,0.008436749877307151,-0.005785028291594723,0.03652564822373802
immune,3323,0.0057613342982340875,-0.010300225604369176,0.04446955826032919
immune,3324,-0.004127250134904055,-0.015397755163995882,-0.04983737588247177
immune,3325,0.016051121850795682,0.006014834818028324,0.010526280292210755
immune,3326,-0.005551776072436477,-0.009201738375438886,-0.006730207045643061
immune,3327,-0.009563286835175483,-0.018490219263523653,-0.008528274890807347
immune,3328,-0.008233229895535649,0.012213761513804317,-0.029602078787598164
immune,3329,0.008781748341323064,-0.012918846889107756,0.0377321105676769
immune,3330,-0.004367502658399622,-0.017203573179626487,-0.0010178979621721005
immune,3331,0.008566234617901186,6.210936713626353e-06,0.03163622821821443
immune,3332,-0.0017547779544069507,0.007100237960384471,0.003991305668546033
immune,3333,0.003975363040607763,-0.0022775083858149235,-0.006967001069627507
immune,3334,-0.004841601464641766,-0.015047592388369866,-0.03823737548208229
immune,3335,-0.009830581517141617,0.012431139208947178,-0.03374517656876836
immune,3336,0.008328618030917292,0.008441423495376738,0.002557245192811937
immune,3337,0.0007571704472341447,0.022645617689786516,-0.0016506530902308525
immune,3338,0.013993311068848449,0.018990972988004066,0.03141645020806583
immune,3339,0.0003919943034553462,-0.004805435739433478,-0.0022803640841100687
immune,3340,-0.01131437382725336,-0.010220753619160078,-0.0170835359973619
immune,3341,-0.00461665014972371,0.009453771631266136,-0.014467866046110011
immune,3342,-0.0015585029542558627,-0.017736385250720025,0.019769268813849532
immune,3343,-0.006012683901983937,0.003579962494721584,0.016462778296599877
immune,3344,0.0034538207350642606,-0.014503824555672768,0.033527926788846946
immune,3345,0.009961543381450957,0.02070471055364028,-0.021600751927013988
immune,3346,-0.006142625219041117,0.014560311477458478,-0.020502870178549376
immune,3347,0.013458623814497755,0.00387699235218222,-0.031694057624005234
immune,3348,-0.00973010597631753,-0.02644123026382234,-0.010908536949524114
immune,3349,0.005091567498740675,-0.00533132391203336,0.01225216009530523
immune,3350,0.01445407493244276,-0.010729277035671822,0.0026347818496121975
immune,3351,-0.00017618854301127326,-0.014687407570281166,-0.002461532732396456
immune,3352,0.010164758659969414,0.004057718261753372,-0.028003151513968497
immune,3353,0.007331565813642994,0.021886125783899948,0.008399349906208886
immune,3354,0.018313554634932325,0.019444823135425157,0.009980647728457989
immune,3355,-0.00016704298853729058,0.014452356633650468,-0.031663151374455356
immune,3356,-0.013732985609436565,0.0012596874962876176,-0.05430455765047991
immune,3357,-0.0042713862045613326,0.010810589041718086,0.01418041090562757
immune,3358,0.009873505906947,0.018035934150379136,-0.008029667445546932
immune,3359,0.006340283788843146,0.03173515128917197,0.0227139750967446
immune,3360,0.0003040916501931973,0.00509198412818448,-0.015865157422392168
immune,3361,-0.0037927682888232125,-0.006617285188496917,0.00721797050548063
immune,3362,-0.000834848496425127,0.0014816734182898405,0.0313478126686832
immune,3363,0.0026856836523054864,0.015541862715204973,-0.012071456066521508
immune,3364,-0.0018438921207804594,0.002045272147695486,-0.023779040531207087
immune,3365,-0.007643102436838796,-0.010142546105246624,0.010601322296436722
immune,3366,-0.00917261167486808,-0.016413354647252777,-0.01893461671600914
immune,3367,-0.0032112053618430364,0.008953597674901406,-0.021996067258315165
immune,3368,0.008425208886820574,-0.005917835551222139,0.04599637699103225
immune,3369,-0.007432459655529471,-0.009319201399243604,0.0068362219454228
immune,3370,-0.015971022632733308,-0.0008577877050713854,-0.007723918018663263
immune,3371,0.003648776185119084,0.00023478976206612245,0.022083566149439855
immune,3372,-0.0022311013051309844,0.005249044519428744,-0.003242343181067429
immune,3373,0.00040713609114061133,0.009883160879561662,0.010320842230404359
immune,3374,0.004053237714188247,0.019183015076834762,0.0130161551832234
immune,3375,-0.010032615230486472,-0.019135366535371102,-0.019406007581593034
immune,3376,0.008523573480972116,0.018277317605278877,0.03530385061692243
immune,3377,-0.0042713862045613326,0.022546648602945397,-0.02230928140956337
immune,3378,0.010604462472334963,-0.005804397260332722,0.004315854393227977
immune,3379,-0.00034933316652627683,0.004859111810752534,0.0003883384475901382
immune,3380,-0.004514001577782557,-0.02533908738316123,0.013920788386538215
immune,3381,-0.013188431112704102,0.0080747678281418,0.005401610347894241
immune,3382,-0.003144486224294219,0.004736791808489307,-0.019197027440429892
immune,3383,-0.0018009677309750772,-0.0035984073341339727,0.008375062590392269
immune,3384,0.006250574892161497,0.0002118849008141731,0.02771229897268452
immune,3385,0.014959101032295433,0.002496303994604992,0.01976561416448271
immune,3386,0.006653971011099884,-0.011657954789935972,0.021488952130416267
immune,3387,0.007331565813642994,0.028534164530634933,-0.012059773887058069
immune,3388,-0.010560982792631074,-0.016752952639887,-0.009355077724695165
immune,3389,-0.00690409209338487,-0.006352020825268169,0.017558035923969827
immune,3390,-0.003986541008695559,0.02071399272922407,0.0337013349519658
immune,3391,0.0016459702981021184,0.00976790685935291,0.0350382218176413
immune,3392,-0.0007571704472341447,0.0016584405960052792,0.040218805074593175
immune,3393,0.004525345943879632,-0.00944021159808028,-0.010282337615325304
immune,3394,0.009946610169596326,0.027456381352427374,0.006118206174224214
immune,3395,-0.005244402853272013,-0.002387861300314029,-0.02729404845215152
immune,3396,0.008425208886820574,-0.0023179582853687514,-0.005521010792461395
immune,3397,-0.006623038028375536,0.0033562148872258862,-0.006824671694671473
immune,3398,0.002895385150496796,0.027001708522789266,0.04190092653636849
immune,3399,0.009193107284552957,0.0271199580093157,-0.015616881996956277
immune,3400,-0.009479984894032545,-0.023791065203489656,-0.04604909226460106
immune,3401,-0.001962489071740565,0.03070142604895287,-0.018666292858091498
immune,3402,-0.005176083310722608,-0.019390590028869194,-0.013627009903551156
immune,3403,0.0020263542258515447,0.010049227674108343,-0.01789981640879158
immune,3404,0.006754864852986361,0.005065386510496775,0.01315442471616976
immune,3405,0.011982179335141197,-0.0027584865561874027,-0.013135635590440732
immune,3406,0.00585088377402349,0.007329579058389883,0.019935347803714903
immune,3407,0.010803598165852297,0.01885288436745885,0.00976858622148416
immune,3408,-0.003906738794805312,-0.003563058031766574,0.015424197955975699
immune,3409,-0.007411665031705368,0.02274614688697342,0.03263304996889404
immune,3410,0.008368576048099157,0.0005556484221843488,0.043135849828732024
immune,3411,0.008090727040739732,0.0005548590461730693,0.03453451236729136
immune,3412,0.00917261167486808,0.003376141909947122,0.07243485970354384
immune,3413,-0.002895385150496796,0.021251429903977017,-0.0014113392012143344
immune,3414,-0.006347940094408917,-0.007274814147795605,-0.023021182400558914
immune,3415,0.007846020711185125,0.004872831534412208,0.01516935816255106
immune,3416,0.0030154856515904557,-0.004669759067278517,-0.022345338055610564
immune,3417,-0.0007369380904255809,-0.01648379006928115,-0.011154630039793872
immune,3418,0.0032117606517415437,0.021127596442114302,-0.005575657750485685
immune,3419,0.005672115258556529,-0.0022306354676402823,-0.016260822483873283
immune,3420,0.00037587952642711514,-0.020300560017382806,-0.026458729158155826
immune,3421,-0.002806721400717744,0.0023178909513926625,-0.028299718057040783
immune,3422,-0.004608085618007032,0.0010022782258422803,-0.03467643060563802
immune,3423,-0.003452343611348954,0.010224986858336407,-0.03090986705596137
immune,3424,0.003436228834320723,-0.008287753081502439,-0.0010111339591287183
immune,3425,0.007454894124763796,0.023653558284289396,0.003688328038131341
immune,3426,0.00810694787802218,0.012263251526438538,0.0018338048915875196
immune,3427,-0.0024974093220038324,0.01861711734174286,-0.03093416893258924
immune,3428,0.005694422893185544,-0.019821710876284118,0.031046936630848777
immune,3429,0.008569200990524703,0.01897958636135895,0.041496618179106305
immune,3430,0.009260777581006541,0.011542566856983178,-0.016022636030406295
immune,3431,0.0015700201828457393,-0.010756902685232361,-0.024316320834641154
immune,3432,-4.785119104821119e-06,0.01235339743035578,-0.015844649147182616
immune,3433,-0.01107379086764595,-0.03333551159373475,-0.03616104431302694
immune,3434,-0.01078600626510876,0.005580832483644016,-0.004141226952309452
immune,3435,-0.0005303068286423712,-0.0009465039271467311,0.01521694722132827
immune,3436,0.004350406556225812,0.004208393812733418,0.0077147798300711
immune,3437,0.003396413549998705,-0.006250057564247638,0.007966017202107859
immune,3438,-0.007191484127718468,0.016849999592643192,0.0010520979884502393
immune,3439,-0.005881578071721447,-0.03899066313021028,-0.016146695873294613
immune,3440,-0.0033067440937266887,0.017891615195188407,-0.02171997465761259
immune,3441,0.001972926444780037,-0.018781794348962447,0.025042920045093276
immune,3442,-0.010638857466211557,0.0021106703035036253,-0.016795292596196526
immune,3443,-0.006524936687100307,-0.039965272104321437,-0.01388106919313912
immune,3444,0.006973335637345382,0.029777757971600784,-0.03563422526152753
immune,3445,-0.0035150105009588103,-0.001724647759425856,-0.026713815604095574
immune,3446,0.009934830494083358,0.007180195443901161,0.043076590298958065
immune,3447,-2.571034909177224e-05,0.005714447317494121,-0.01551771311301503
immune,3448,0.01624878042059771,0.0451138087831633,0.015058516979952004
immune,3449,-0.009031451122545659,0.008504758829165604,-0.04507367566425037
immune,3450,-0.004654709538982176,0.0046497097854487955,0.025261934350526122
immune,3451,-0.0018179290119070778,0.008744543209572755,0.00039268243017236593
immune,3452,0.0026209115051369033,-0.01133004527778668,-0.0012712176472446197
immune,3453,4.725909231574621e-05,0.03557861472765082,-0.01237941063283605
immune,3454,-0.008236432618616216,-0.0039496468968543835,-0.005374045076045211
immune,3455,0.017942009811015572,0.024122962582992284,0.0025903386904591492
immune,3456,0.01140359286693092,0.019759222101012337,0.0015523769705446198
immune,3457,0.002366447457694492,-0.0037377495507397575,0.023223005563893097
immune,3458,-0.007411969734958414,-0.004503620210116304,-0.01753366850769313
immune,3459,0.003396413549998705,0.014787613664466789,-0.004991899424912969
immune,3460,-0.004841864717518078,-0.0006450693869203775,-0.0031533765329195274
immune,3461,-0.005563098006477423,0.002048075059661902,0.008288012909872095
immune,3462,-0.0006838150126071187,-0.0030857009951132802,0.004158019171164004
immune,3463,0.005715151498782993,0.016675219158018253,-0.009234326808986264
immune,3464,0.018643356634217293,0.006015095133642951,0.0379742933849983
immune,3465,-0.00968486445998445,0.01062198222585205,0.024945600175182922
immune,3466,-0.00046306615249086064,-0.007998934147057523,0.032878376316317036
immune,3467,-0.004654948224008568,-0.011002647150691876,-0.03540630058645336
immune,3468,0.007768581347020534,0.017317886800738994,0.032783754458063835
immune,3469,6.219230417037665e-05,0.00017499776862982264,0.041733733110432464
immune,3470,-0.013021892689344566,-0.021807283886475123,0.0427910149541619
immune,3471,0.008425208886820574,0.005505057769241775,0.0003883075742183162
immune,3472,-0.013052586987042522,0.007579121446509216,-0.011477261254517201
immune,3473,0.008440271539829175,0.005091126909596247,0.03594795550876362
immune,3474,0.0030154856515904557,0.00068917674890627,-0.00906000060231745
immune,3475,0.010048730007514703,0.019886306756989866,0.027027587289740574
immune,3476,0.005364859578926966,0.030408656751866207,-0.001991272927111848
immune,3477,0.0052914506130245925,0.009939788295840538,-0.00988416163051579
immune,3478,-0.010588347695306732,0.00736932361096076,-0.03354163343917028
immune,3479,-0.0037441643205007266,-0.01025151028281547,-0.004082730507301587
immune,3480,0.013752728109241039,0.01856685168790537,0.02965168325733437
immune,3481,0.0027066088822924376,0.005384488168932172,0.010345025024136728
immune,3482,0.0008601088279273408,-0.0025743998700967817,-0.00919408022999621
immune,3483,-0.0049729705477805685,-0.02338951083704626,0.0341730487629725
immune,3484,-0.01468134324443103,0.0018113491134050565,-0.026565488513428825
immune,3485,0.012311981334426167,0.01516570551313282,0.020624663576845274
immune,3486,0.002423252935334875,-0.011692918559672513,-0.004971423210531817
immune,3487,2.571034909177224e-05,-0.007482294200155333,-0.005720373273861212
immune,3488,-0.008670650122309687,-0.004436902459741972,-0.009063547857743177
immune,3489,-0.008236432618616216,0.0074223473069941065,-0.005875457696738464
immune,3490,0.005548809699812959,0.006881832760081276,0.027598455298692464
immune,3491,-0.005256182528784982,-0.0052780985657478515,-0.03076958038378113
immune,3492,-0.001953343517266582,-0.01064193093388073,0.06096104324725465
immune,3493,0.015460246971332242,0.03753979984911344,0.0017073786541452196
immune,3494,0.0016459702981021184,-0.02477444305611872,0.02097114598273143
immune,3495,0.0064256181435998995,-0.002877271879097508,0.03956130654718718
immune,3496,-0.008483195929634558,-0.022599367424641945,0.021921640867395113
immune,3497,-0.00507051659915729,-0.004368984046183137,0.008819160863495231
immune,3498,0.0004124842240264039,-0.019894362461810096,-0.023635618513102002
immune,3499,-0.0027635583258859703,-0.012786010909122786,-0.04147178228798107
immune,3500,0.006830987830735542,0.010661588680311987,0.032993109778039285
immune,3501,0.015700829930939655,-0.005457063691324558,0.04708631434269216
immune,3502,0.0007836888460060337,0.010430159960252377,0.06117549521897532
immune,3503,0.0010992025386265397,-0.0018063035964337774,0.018425921085006947
immune,3504,-0.001124597691370563,0.010792787611809995,-0.050034550139152326
immune,3505,0.010803598165852297,0.010781708144419888,0.015721063082115988
immune,3506,-0.0025138555446633745,0.019565697333117818,-0.007383010195021069
immune,3507,0.018313554634932325,0.036797385114381825,0.02654882678156325
immune,3508,-0.019112685029528283,-0.014499979719610197,-0.017424196844929733
immune,3509,0.004798940327712696,-0.015955780466029787,-0.0035137419147064095
immune,3510,0.005296685749718972,-0.0018219081137866439,-0.019563235865046758
immune,3511,-0.008919797613633776,-0.0009736799289194412,0.02447245390590541
immune,3512,-0.0009875490297146562,0.0225926151693958,-0.019973173419727215
immune,3513,-0.0019849178518610705,0.009744615439197935,0.007364704430813801
immune,3514,0.0068525365739595155,0.026574658526825272,-0.026144132016165455
immune,3515,0.0023350870291964135,0.028272682153222303,-0.007976640898543894
immune,3516,-0.00870108116713133,-0.009101796047336005,-0.04012510921871171
immune,3517,0.009512704906711028,0.011823701461720612,0.01179804909609621
immune,3518,-0.005526375230578635,-0.012901189721026215,-0.0008905736935628334
immune,3519,0.003623561881504362,-0.023737174534168973,0.04434683502067038
immune,3520,0.005030377732846124,0.019552611694506002,0.028408204400692146
immune,3521,0.013128821815212785,0.02649105150962166,0.01865497520370223
immune,3522,-0.005093528790346251,-0.0011304521481096345,-0.027850654368177952
immune,3523,-0.003064684010403972,-0.0023624090225652697,0.021341800628413576
immune,3524,-0.0035553880522963682,-0.011103884283724816,0.009947861599898614
immune,3525,0.01229975124231874,0.01300841484117449,0.016189669726703444
immune,3526,-0.0012953736749930455,-0.004336791061712683,0.017079013339407673
immune,3527,-0.009616808170311358,-0.003736505780221995,-0.01055223036189885
immune,3528,0.005779044384424749,0.02841885950655225,-0.020110847031217023
immune,3529,-0.008483195929634558,0.017454399194391332,-0.021822038966595292
immune,3530,-0.002527840366825476,-0.0016527482697924526,0.0013642887855560468
immune,3531,0.002247288239718847,0.029693388723183375,-0.015458134535304006
immune,3532,-0.002682837799698435,0.004872613096433956,0.011234460039197963
immune,3533,-0.003055564188788787,0.008099848533752133,0.011701575530038208
immune,3534,-0.013752728109241039,-0.0014860185697208091,0.011262445001802263
immune,3535,-0.002245481996299347,0.025305949821277332,0.020241349657040324
immune,3536,-0.007432459655529471,-0.017470275990030395,0.0040389721631465545
immune,3537,0.0007518713022802113,-0.010691768492535258,-0.017004360523473934
immune,3538,-0.005073302122651506,-0.02335396824230486,0.034623551613793366
immune,3539,-0.0006939018501991162,-0.003620441578794963,0.03388223123633562
immune,3540,0.0025838485273009942,0.015446416201217528,0.013001540476669285
immune,3541,0.015011145243716,0.030803996687389208,-0.005431387582256317
immune,3542,0.00472300451368166,0.03396612727228596,-0.032800441925270325
immune,3543,0.008184387242186772,0.029003947687860063,0.0003399384535871606
immune,3544,-0.010022733147345508,-0.013809990913045666,-0.03645383718923676
immune,3545,0.00019433573365331783,-0.021546751178958844,0.016649069762576157
immune,3546,0.005683656249043105,-0.0022338858651015413,-0.01249235993132895
immune,3547,0.008930975581721573,-0.004311217930856457,0.0010829763949670827
immune,3548,-0.002971508128245976,-0.005078110236149416,0.020022854739574693
immune,3549,0.0023235230678891098,-0.01613233021983744,-0.00011707261777364275
immune,3550,-0.00517634656359892,-0.038200067554296564,-0.009020754050720762
immune,3551,-0.004481368420535152,0.021099605000865315,-0.03447763307382845
immune,3552,0.002857642366110446,-0.002740117115518317,-0.015180252838891592
immune,3553,0.018313554634932325,0.005895488707500068,0.0336586158721158
immune,3554,0.0015811981509335354,-0.01589230895053639,-0.00031687307857521563
immune,3555,0.002041550690582488,0.010487029040476367,0.05067644964248931
immune,3556,0.010111396897124559,7.087043628035972e-05,0.05178293770338664
immune,3557,-0.0022360977567989723,-0.013961258356342621,-0.040271834981614865
immune,3558,0.01403048589710544,0.021851604785586752,0.005334339854660983
immune,3559,-0.009285529047311081,0.023090159001107807,-0.04431157661189267
immune,3560,-0.0006101427938284323,-0.02607055439329116,-0.03051353225866122
immune,3561,-0.009422577708966989,0.015664560406959314,0.0066760601030595255
immune,3562,-0.0006838150126071187,-0.018557653693706204,-0.01495249661355939
immune,3563,-0.0010136170118920883,-0.029481023921171797,-0.02582581696139814
immune,3564,0.012812004027435112,-0.021277895774687562,-0.008595388504455282
immune,3565,-0.0025968327388082905,-0.03595333553086101,-0.016138648937306276
immune,3566,0.0026654569846107415,0.013225085816308782,0.03605991917214675
immune,3567,0.012122649776323302,0.017127442741360518,0.011996646842519934
immune,3568,0.008193771481687146,-0.00529583976445477,-0.0076781725843601285
immune,3569,0.0037126690707608386,-0.020156909971187173,-0.0334616042741321
immune,3570,-0.0062160599178022885,-0.006736871504536487,-0.008078810095727196
immune,3571,-0.0033841834578912794,-0.0034899321200225534,-0.0201600675785799
immune,3572,0.009761852398035115,0.015933732448181963,0.013126225671880404
immune,3573,0.005881578071721447,0.039526307936048714,0.004741713644817865
immune,3574,-0.010264632493368328,-0.019759747219702646,-0.049756302400279125
immune,3575,0.0083820458119888,0.002577074509002561,0.017731668094663672
immune,3576,0.0013518716924726532,0.013064862548547065,-0.015970087282524848
immune,3577,-0.002794491308610319,-0.005660817708648297,-0.012840370396996084
immune,3578,0.006465762699024884,-0.012472723350876444,0.009612394233715155
immune,3579,-0.005583008069300052,-0.014919478062545765,0.0026908077171587472
immune,3580,0.00545144449756554,-0.00306132404251215,0.028208570075397243
immune,3581,0.006942641339647425,-0.0011430311402422467,-0.004801021010690566
immune,3582,0.007742034987119696,0.006872494265322516,0.03781614104090238
immune,3583,-0.0009753189376072308,-0.005455482031195997,0.00829468258128264
immune,3584,0.010472319042852021,0.019266061412400663,0.009736858096732423
immune,3585,0.003576936795520342,0.013873408543524169,0.00821626083043748
immune,3586,-0.0068118142965798946,-0.01755498146876922,0.006553191005205646
immune,3587,0.011412738421404903,-0.0008248823061179581,-0.014625331594458224
immune,3588,0.006095577459288538,0.008068108049129094,0.007840607860516538
immune,3589,-0.02049158345750812,-0.03372527543202087,-0.01408847818994826
immune,3590,-0.0011737960501840793,-0.02587432978810371,0.00853387744232435
immune,3591,0.0010654237032951402,-0.0018611160253007067,0.013477401766601727
immune,3592,0.008755010886105544,0.0007969770897795544,0.006633486924231916
immune,3593,0.0009556475598109931,0.019407128156022187,-0.0053931261591162365
immune,3594,-0.004700575733561155,0.0008789935443138707,-0.020327300349992517
immune,3595,-0.003766030833605693,0.00981449585556326,0.023073337422360157
immune,3596,-0.008254024519359754,-0.006448664862561021,-0.03126021985461955
immune,3597,-0.016829762324820582,-0.004664959288076139,-0.019270358010483334
immune,3598,-0.003987142716120731,-0.004976148435984175,0.023061808584755317
immune,3599,0.010561538082529581,-0.0026568973886271167,0.003724306245727625
immune,3600,0.003033434422807508,0.011715633228404607,0.04865068498191473
immune,3601,0.014761442462493404,-0.018595060329559314,-0.018912472436293674
immune,3602,-1.9531167241307323e-05,-0.0022099659003131517,-0.018732312729375745
immune,3603,0.002720897188956901,0.010753531609652454,-0.031159547238103654
immune,3604,0.0005949125778016753,0.009079105547309679,-0.03294428046847729
immune,3605,-0.009092775709682019,0.004487750979486935,0.015710603688454266
immune,3606,-1.9531167241307323e-05,-0.011413441408052666,0.009690352993263937
immune,3607,0.004466171955804209,-0.002041174006510535,-0.013776042109474494
immune,3608,-0.0012002702525252863,-0.034640605669746416,0.0005460719786072321
immune,3609,-0.01689291338232071,-0.010798501220966452,-0.0013694398746257903
immune,3610,0.002975464970726413,-0.01592118556328018,0.012341887082453254
immune,3611,-0.003002202425943933,0.0019789170582270913,-0.02904027244180706
immune,3612,-0.00777246603194134,-0.009825985857168509,-0.022580149591146275
immune,3613,-0.013673946442602952,-0.020522601759868517,-0.03936636586230836
immune,3614,-0.01008465944190704,-0.03083938023564952,0.014850892905351262
immune,3615,0.01468134324443103,0.0011036599450438694,-0.0006659286607492623
immune,3616,-0.0019126212398869608,0.007617226125185686,0.006124280072715297
immune,3617,0.0060104817895581765,0.02237461041196768,-0.0014584853586430222
immune,3618,0.0029993708745622246,0.010032902025589444,-0.0042911840031275295
immune,3619,-0.0100599079756025,-0.023225345724638066,0.015433088680720538
immune,3620,-0.00426224065008735,0.019370935592686763,0.02216665272380709
immune,3621,-0.004235359228916681,0.0023432149963459187,-0.021526756723713247
immune,3622,0.015011145243716,0.010223252765724718,0.016358382047532965
immune,3623,-0.00668391118939797,-0.0131885730408999,0.0017937265758193321
immune,3624,0.014202314004747552,0.018021897779044786,0.005754909909820341
immune,3625,0.00693041124754,-0.006746919222145362,0.010215163757600287
immune,3626,0.012812004027435112,0.0019810661573133378,-0.04435082561386904
immune,3627,0.0014474047352424867,-0.006064705217902843,0.018339696802723498
immune,3628,-0.005683656249043105,-0.0031025807429197793,0.02020492333669415
immune,3629,-0.011251222769753233,0.008714314561132442,-0.018504690554778297
immune,3630,0.01160151468960926,0.005156008326224189,0.015490321634901428
immune,3631,0.004260619560418895,-0.018793359449979084,0.014180086765834338
immune,3632,0.000913392643045699,0.005392026434900901,0.019571842656547506
immune,3633,-0.0006369524066055834,0.009386730263941226,-0.012508616681754986
immune,3634,0.00846106616365328,0.010294769848173296,-0.015453528887973465
immune,3635,-0.005296685749718972,0.014425436203146784,0.003174342132125381
immune,3636,0.002565899756083942,0.018584118715700145,0.027581072867127243
immune,3637,-0.012634233088399583,-0.008745068819923638,0.02034751564881465
immune,3638,-0.00739117511113431,-0.029506360361813363,-0.010090544580745783
immune,3639,0.01240064508420522,0.003911825791324278,0.04916220497877638
immune,3640,-0.008227550317018545,-0.026563938606678834,-0.029611864301753388
immune,3641,0.0013370935288040998,-0.014303612519198839,-0.03958233977639378
immune,3642,0.006514170042957869,0.023814021418977385,0.005335761976226409
immune,3643,0.007031305089426477,-0.003069821595271689,-0.027935651355139573
immune,3644,-0.011383366199236175,-0.016003128311482432,-0.003309233076710558
immune,3645,-0.004811170419820122,-0.007634155876871038,0.04048493004752131
immune,3646,-0.008790868162938248,0.004818208081269931,-0.009555250949443417
immune,3647,0.008451378385908736,-0.016527579135099703,0.03596323337915378
immune,3648,0.00307635881261289,0.019818000346635653,0.005307371453365442
immune,3649,-0.001306244182920066,-0.01081352865272362,-0.00036120019189026886
immune,3650,0.009420375596541228,0.03061591751120499,-0.004868407293426849
immune,3651,-0.006347940094408917,0.0006940925946835822,-0.020807762389459316
immune,3652,0.0031956458747133126,0.021004644903881594,-0.006177746476393251
immune,3653,0.007893068470937703,0.019962514609233387,0.005353071984350689
immune,3654,0.0010444984733081891,0.014005541775237612,0.001913911731845417
immune,3655,-0.01000446777125634,-0.01776986448973072,-0.05050040907980711
immune,3656,0.004961648613739623,0.013883954718714855,0.014532512960782552
immune,3657,0.008680854499436586,0.020492908468504992,0.024552798565483862
immune,3658,-0.0043251462247235984,-0.012090542943197979,-0.03772092024216412
immune,3659,0.006225179739417473,0.00231782526718779,0.025948377212523344
immune,3660,-0.00558276938427366,-0.005590960360503267,0.008363450295008307
immune,3661,0.015700829930939655,0.023386074649808627,0.016945424920217993
immune,3662,-0.002371352689867457,0.012096690544408276,-0.02832903240185511
immune,3663,0.001424975955121981,0.017005081779270955,-0.03968912054207535
immune,3664,-0.008436749877307151,-0.0008200254359319826,-0.003997108506323195
immune,3665,0.002858210322239804,0.012334235110660854,-0.026862273401236647
immune,3666,0.010460088950744595,0.0244900190495531,-0.016120505521272532
immune,3667,-0.006394386146736324,-0.006982953039062549,0.0248705688314769
immune,3668,0.0019447789855499044,0.0010513983624823816,-0.023737119796620902
immune,3669,-0.009015336345517428,-0.0010272215515294229,0.022549169630944332
immune,3670,0.002464689309325349,-0.012003353924950383,0.0057505688485434605
immune,3671,0.0026090628309157157,-0.00019738019115060623,-0.005532580006421067
immune,3672,0.015583007326323686,0.006456306774242309,-0.02997186692496647
immune,3673,0.005284455657611546,-0.007057779558141154,0.013809701153028143
immune,3674,-0.0008635248111920948,0.011477097102088805,0.006062917880855103
immune,3675,0.0014468494453439794,0.03160466136402277,0.007177467975624639
immune,3676,-0.0012164571871131485,0.0077804495422316485,0.011722403705057236
immune,3677,-0.0062321746948305196,-0.005716914483332165,-0.016623704379374
immune,3678,-0.0026176273626323937,-0.004006372592907643,-0.011994570111893837
immune,3679,0.01211154293024374,-0.008713568890665395,0.03681533257559938
immune,3680,0.0038240002856867877,0.004255453887547199,-0.025293556031715608
immune,3681,-0.004397442836697708,0.01842847820650144,-0.008094908797079766
immune,3682,-0.007725656957215152,0.015370343037097736,-0.015316465368860149
immune,3683,0.004116627456714765,0.014456440147705654,0.029234442382296694
immune,3684,0.00669293855842483,0.027362295284376118,0.02622769728796434
immune,3685,0.00011588333811819729,-0.023399441209061452,-0.012912630154268662
immune,3686,-0.005356056362183896,-0.016321675396654998,-0.030716880069384916
immune,3687,-0.010322039678433884,-0.021056598546374476,-0.04371429119797307
immune,3688,-0.0064051527908787625,-0.005114150714525353,-0.026474742454360333
immune,3689,0.01491304390244077,0.011082443052864325,0.03356928324794576
immune,3690,-0.008110469540544207,-0.02105472065668894,0.013824678869882421
immune,3691,-0.0066747656349239876,-0.009324095366524496,-0.013601208326971186
immune,3692,-0.005955734458390404,-0.032980981087254606,-0.016950469760944515
immune,3693,0.001964427931290013,0.00014726668175459056,0.028059040163782585
immune,3694,-0.002041550690582488,0.013077235612315278,-0.025405311316517444
immune,3695,0.0007836888460060337,-0.0010529304921752015,-0.00671289867843904
immune,3696,-0.004512062718233109,0.020864516256061214,-0.020399648411570586
immune,3697,0.010974543848286727,0.001931675921373754,-0.0033142390416813494
immune,3698,0.0019447789855499044,-0.010391904854966952,0.012342069736245086
immune,3699,-0.006973335637345382,-0.019193395728688542,-0.002136261024957166
immune,3700,-0.004841601464641766,-0.009655725043306099,-0.010665095183382933
immune,3701,-0.01033426977054131,-0.00035501685493988765,0.023209682847120564
immune,3702,0.0009667544058905528,0.003911368012093783,0.01395773617869675
immune,3703,0.001655115852576101,-0.012022214617109261,0.026670288963619403
immune,3704,-0.003648776185119084,-0.02728466255423647,-0.02264101045850459
immune,3705,0.003276049796028732,0.002466501798129614,0.017141226754289314
immune,3706,-0.013623364514138495,-0.021978993748219912,-0.02242215237112158
immune,3707,0.00456516122820165,0.005643417685030826,0.0006728038847546025
immune,3708,0.004783877674704094,0.014718258204695665,0.02227909714825916
immune,3709,0.004926380529500012,0.024836195690378753,0.011677347061214408
immune,3710,-0.014879265067109371,-0.032688264096277654,-0.036814413477536
immune,3711,-0.005463224173078508,-0.022894710290633526,-0.015865274495156595
immune,3712,-0.009015336345517428,0.004971252810304014,0.0023793811018270328
immune,3713,-0.008670650122309687,-0.03747013438574138,0.00519231616795408
immune,3714,-0.004958682241116105,-0.02563241165858275,0.003115450881409512
immune,3715,0.003879010869730873,0.02340222165260294,-0.012396437839008085
immune,3716,-0.0018527744223781294,-0.02306485877202649,-0.00363768319981365
immune,3717,0.0010133783268656965,-0.004029014702548105,0.013028461630853546
immune,3718,-0.0055731259861590875,0.00014409849353593917,-0.006576057892557746
immune,3719,-0.0024974093220038324,-0.013758153378656901,-0.018596047134030347
immune,3720,0.017942009811015572,-0.01418472906121664,0.027313191494125318
immune,3721,0.007609891557636754,0.009495403214040896,0.005199857352174939
immune,3722,0.002720897188956901,0.008738553586768694,-0.02785497901315509
immune,3723,-0.0018743231656021032,0.03065003715991599,0.02771974867490403
immune,3724,-0.005311193112829067,-0.005674392489212296,0.03636510726481593
immune,3725,-0.005115473402576486,-0.01403777950755172,-0.028407153694173754
immune,3726,-0.0014930322447950738,0.0014828410427906583,-0.019186622552378806
immune,3727,0.0024337563266010006,-0.0008568248847324279,-0.002202045210414801
immune,3728,0.001833125476638021,-0.021076628191729528,0.0006003858612739315
immune,3729,-0.003918968886912737,-0.007724300530220278,-0.03158607537643535
immune,3730,-0.0008812348973827553,-0.018236808443409205,0.025562550429168874
immune,3731,-0.005766958190186046,-0.0336677142441024,0.024212062007139313
immune,3732,0.011062446501548875,0.006388467646388012,0.052390885615039316
immune,3733,0.01609378298772475,0.020494972765428596,0.007309887083398858
immune,3734,-0.01023173608324461,-0.019130092941023094,0.006544148037444009
immune,3735,-0.014411150542637377,-0.014774349919020607,0.007926190680576418
immune,3736,0.003918968886912737,0.02143975714502299,-0.03321807264805683
immune,3737,-0.006643533638060413,-0.0231597491111155,-0.020910903409108162
immune,3738,0.008897513740901461,0.011072466255673619,-0.03168751504785513
immune,3739,0.00034933316652627683,0.02620309566538376,0.008284446475589579
immune,3740,0.0021307697302600467,-0.01862950243871828,0.036761234365427414
immune,3741,0.0007469660701072458,0.010409979619338183,0.0004954000705548097
immune,3742,-0.01300966259723714,0.003755652417651814,-0.04723662258971282
immune,3743,-0.0035683722638036645,-0.030402949506294984,-0.02039686606623123
immune,3744,-0.010638857466211557,-0.016165388684892465,-0.0039516891995506065
immune,3745,0.00968486445998445,0.006273588163274765,0.013922644208523691
immune,3746,-0.001612191462770719,-0.0016893645543323058,0.0017521818110745695
immune,3747,-0.006566088584782003,0.03027886359554199,0.029476135956922712
immune,3748,-0.0021714920076396685,-0.02284793155144959,0.01791410114759163
immune,3749,-0.006873004062474444,0.01304782817368351,-0.036374200714520064
immune,3750,0.009500779517856647,0.014324936077209052,0.0009080243076288828
immune,3751,-0.002360586045725019,0.0141793874687514,-0.04711637272490927
immune,3752,-0.017801301849815956,-0.02857920166074361,-0.026318426327551152
immune,3753,-0.009420375596541228,-0.022265537584161506,-0.019732103524281536
immune,3754,0.010102832365407882,0.0015218356153834708,-0.018534689738717962
immune,3755,0.002924883042261956,0.010011426236952831,0.005534599911656954
immune,3756,-0.01114254571961125,-0.03698258315773548,-0.007802334631760508
immune,3757,-0.005565059298083,-0.014586428516052227,-0.008929432571928289
immune,3758,0.01628255925592911,0.014030850977614489,-0.0050995440608089145
immune,3759,-0.001775572578231054,-0.007882612976447096,0.008450978677039107
immune,3760,0.007313300437553826,0.023868695645631252,0.0067125613439423335
immune,3761,0.0012541999714994988,-0.011783599093972388,-0.01643939033608423
immune,3762,0.0017667693614879844,0.03192304983754398,-0.015014875825352334
immune,3763,0.0008039155137007786,0.0040957268123442,0.009083825607922128
immune,3764,-7.265424505976947e-05,-0.01082137279248494,-0.01489580289693703
immune,3765,-0.004534491498353614,-0.01663445488316725,0.023375385283367994
immune,3766,-0.015209067066394341,-0.029160023849317922,0.000444368722425776
immune,3767,0.016761588495612587,0.029597659016839452,0.01593101878656054
immune,3768,0.003579138907946103,0.010216278692997429,-0.005369712519177986
immune,3769,-0.0044493958286232526,-0.0034904711064218242,0.0013114563719474987
immune,3770,-0.012012873632839155,0.01326690156093876,-0.0018994848296422229
immune,3771,0.003579138907946103,0.013612582550931668,-0.003817747905917407
immune,3772,0.0015477363101134244,-0.02294840298070006,-0.0014619627040719228
immune,3773,-0.006963131260218483,0.00781802631329146,0.006580895606276319
immune,3774,0.00019433573365331783,0.006742173378149405,0.01570435249363499
immune,3775,0.0077609250414547625,0.02191272890936001,0.0005096679244265172
immune,3776,0.001953343517266582,0.01642407086235513,-0.045672884817624146
immune,3777,0.013882212849835074,0.0355662656452813,0.015474669103267946
immune,3778,-0.006486252619595942,0.02459665187270975,-0.02043247229887791
immune,3779,0.013204618047291963,0.026339974798665518,-0.00893435234189317
immune,3780,-0.011818915759215764,-0.01441516320814,-0.008744364558863182
immune,3781,-0.0003452097965790796,-0.006861083312489566,-0.0032075973391500847
immune,3782,-0.006701503090141507,-0.011600990736597034,-0.0211224589292316
immune,3783,0.0012744266391942437,-0.016684750094165576,-0.013960536624912489
immune,3784,-0.012092709598025215,-0.031038252450254718,-0.02746800450549878
immune,3785,-0.0014474047352424867,0.014818549614466924,3.664121403997478e-05
immune,3786,0.01264122804381263,0.019563164026375604,0.023028586704045506
immune,3787,0.009035826266088487,-0.006544279558060487,-0.009746824962386822
immune,3788,0.011115808264393729,0.016015295910849256,0.011932311931534711
immune,3789,-0.000153058166375189,-0.006666792739706981,0.013874863646686775
immune,3790,0.006126510442012886,0.024733720117651462,0.013080450135264533
immune,3791,0.017809866381532632,0.014119412396348882,-0.02439550170455311
immune,3792,-0.004522566109499235,-0.0047050705351729715,-0.011824367066905418
immune,3793,-0.00039636944699817284,-0.021554263069262385,0.001460619664775037
immune,3794,-0.0024340195794773137,-0.00022280298334403491,0.025628669839459522
immune,3795,-0.010075539620291854,-0.027946668175047665,-0.01805810938426148
immune,3796,-0.013863947473745905,-0.0006317869418559444,-0.042503680245868564
immune,3797,-0.003524892584099775,-0.0007534137436201876,-0.024932285115990167
immune,3798,-0.009543135951532672,0.002337753727438361,-0.0011583733747758777
immune,3799,0.00199372106860414,0.007068138751302221,-0.005724315837025151
immune,3800,0.0019237280859665206,-0.00421251959128247,0.005147769716444974
immune,3801,-0.019442487028813252,0.005686674211917184,-0.004469847946810121
immune,3802,-0.002142437555351933,0.021437700628228064,0.01705632624630706
immune,3803,0.0027309251686385657,-0.0030740461343476736,-0.03798406590124322
immune,3804,-0.004368070614528981,0.0186045263089536,-0.0527933865215256
immune,3805,0.003301310127530946,-5.813518787076144e-06,0.004131856930107869
immune,3806,0.008680854499436586,0.026563899165804053,-0.010295376282199195
immune,3807,-0.00384481250024378,-0.002070992193695419,0.036392355024358274
immune,3808,-0.0036700079338317696,-0.004684654826040131,-0.00393425521804458
immune,3809,0.000834848496425127,0.009330058541212341,0.04216328760991557
immune,3810,0.01300966259723714,-0.00732844376998186,0.054534261876759436
immune,3811,0.008075948877071179,0.024803615599560583,-0.024233313122863857
immune,3812,-0.0019174862404338772,-0.00973860512891519,0.029644809068031068
immune,3813,-0.014212014849120042,-0.023602976925062694,-0.015820112729843117
immune,3814,-0.005672115258556529,-0.042184285637525444,-0.025572123628374844
immune,3815,0.0019447789855499044,0.016051464847900872,0.0016805317013370937
immune,3816,-0.014724267634236413,-0.005379356627624099,-0.021372569444937057
immune,3817,0.010875225304786318,-0.008274711994549327,0.018723224491540808
immune,3818,-0.019442487028813252,-0.04692907919445913,-0.0015393136763193205
immune,3819,0.008523573480972116,0.01527733487430791,0.026022343352682064
immune,3820,0.003579138907946103,0.029516734031971994,-0.014328794015930735
immune,3821,-0.009345138344802398,-0.011215337653531937,-0.03469765208246563
immune,3822,-0.005815025332181908,-0.0067334583722019935,-0.03010034245282416
immune,3823,0.013204618047291963,-0.007349646372108418,0.03096216170295063
immune,3824,-0.0031450879317193917,-0.011013737727641134,-0.0028541294751178265
immune,3825,0.000975874227505738,0.011785764182549457,7.974979657975523e-05
immune,3826,-0.011250654813623875,0.0072497181008102235,-0.020823729828663623
immune,3827,0.010429657905922951,-0.01943871315438782,0.01049008321137726
immune,3828,-0.006236286585497033,-0.03125858504949253,0.025946374579611298
immune,3829,0.0025641060274965203,0.027255154132759727,-0.013297317401016149
immune,3830,-0.0026729557165574708,0.028012327322462335,-0.0010954193160353325
immune,3831,0.004832719163044096,-0.028812010701283173,0.014312303726844167
immune,3832,0.0014049947702911153,0.011883634366602544,-0.00047815660630690093
immune,3833,-0.01146937126012632,-0.02615004442755686,0.00279931034082595
immune,3834,-0.009150182894747574,-0.008070696350608406,-0.01754070653765607
immune,3835,-0.01630230175573358,-0.017258383088153216,-0.014091690313654138
immune,3836,0.004397442836697708,0.002435175416751104,-0.003310073431396979
immune,3837,0.0044543922802912405,-0.006634239114370606,-0.009951098466126528
immune,3838,-0.013141806026720082,-0.008018423761919668,-0.04452729043847258
immune,3839,-0.005088180657460459,-0.0038620182330378573,0.0020724119391040963
immune,3840,-0.0015258697970084584,0.011248927178975627,-0.003515220809760069
immune,3841,0.005030377732846124,-0.023437029176433585,-0.010323504055707117
immune,3842,-0.003923874119085703,-0.01904263440645301,0.0023457234629724964
immune,3843,-0.0009866408716481766,0.007474319696545388,0.014295778847364882
immune,3844,0.008930975581721573,-0.00035537200599124186,0.054227076049063
immune,3845,0.009251076736634051,0.01021000145883548,-0.0030674182988929457
immune,3846,-0.013110556439123617,-0.0042092839276839135,-0.013119851516477293
immune,3847,-0.009763884811648929,0.0006590065991251056,-0.04473084125621498
immune,3848,0.011941676114207206,0.01156597069788419,-0.030665884784665705
immune,3849,-0.0008039155137007786,0.016091925798015803,0.007038322606902014
immune,3850,-0.0018983329332224973,-0.005378591345264162,0.012922605050657945
immune,3851,-0.004884525854447148,-0.00029708975079796585,0.030082430590118902
immune,3852,-0.0035553880522963682,-0.018155909220121495,0.008895279932352645
immune,3853,-0.0014629642223722105,-0.00894311004693194,0.03275347513256887
immune,3854,-0.005030377732846124,0.001211476618297352,-0.004766130448633313
immune,3855,-0.008738823951517682,0.017371152032846594,-0.002259643324549283
immune,3856,-0.00517634656359892,-0.012852359281669052,-0.016031833861625194
immune,3857,0.0004752962445982861,0.01051311257909921,0.03148529901595237
immune,3858,-0.008254024519359754,-0.019072416012468753,-0.004362979005817225
immune,3859,-0.015471353817411803,-0.02382700906702368,0.00987455003687848
immune,3860,0.009512704906711028,0.03083162601756386,0.0005638534795869392
immune,3861,-0.01195786304879507,-0.01742155101236095,-0.028537614903705384
immune,3862,-0.002069278615656927,-0.0228943644210356,-0.004735875937070644
immune,3863,-0.004205291206493818,-0.02632047645717287,0.005121252529025501
immune,3864,-0.002369150577441697,-0.01983981643001905,0.04565397251676777
immune,3865,0.007135290813491906,-0.013541148730318017,0.010897685875813754
immune,3866,0.008930975581721573,0.030144591373992717,0.02308294932622415
immune,3867,-0.008243996539678089,-0.01783935306272689,0.02161831580119758
immune,3868,0.0064820122972949245,0.007018771217737025,0.03297351928910624
immune,3869,0.007067234523818813,0.01044711787570748,-0.013354973815850591
immune,3870,-0.0009910706922366813,0.029127561491419766,-0.0002383652901491451
immune,3871,-0.002720897188956901,-0.006544419036018179,-0.02956602651107445
immune,3872,-0.011133400165137267,-0.0177693098628786,0.01455901925456814
immune,3873,-0.014213491972835349,-0.014244613995066597,-0.024323358278130945
immune,3874,0.0028911042069305567,-0.009858423562784626,-0.05278963048745389
immune,3875,-0.002173694120065429,0.023870737765164938,0.007175928162609443
immune,3876,0.003417338779985656,0.022313989313992248,-0.011465975511711846
immune,3877,-0.005026254362898927,-0.010393138545948397,-0.01322222874886834
immune,3878,0.007004567634208957,0.003593291337499272,-0.002152271432607684
immune,3879,0.004161765109263263,-0.012868103497034048,0.014993482338857842
immune,3880,0.011914938658989687,0.00307646517918286,0.009643924266990189
immune,3881,-0.0007831208898766753,-0.021625612381551605,-0.00246684950309232
immune,3882,0.011052996243821847,-0.017373918983276518,-0.012316525448264809
immune,3883,0.00046306615249086064,-0.015426589071698754,-0.007402795755029075
immune,3884,-0.0019849178518610705,0.007844157359548812,-0.027799178535010276
immune,3885,-0.009193107284552957,0.0007916970062843091,-0.010164862447971509
immune,3886,-0.0008704682532403168,-0.009925938401484613,0.01033419213884501
immune,3887,-0.010262430380942567,-0.021005597553131892,-0.003862870517759168
immune,3888,0.019649528673106778,0.00040886079869531175,-0.009944543167399355
immune,3889,0.0056038202838570444,0.04191159621571981,-0.0021663375024080595
immune,3890,-0.00254212867348994,0.0003520611718675947,0.008661219888690869
immune,3891,-0.003879010869730873,-0.013555999230495169,-0.0036230456548023058
immune,3892,0.0002878420519231567,0.002160725471465512,0.007052851719073494
immune,3893,0.012441344929528711,-0.006541846215100341,-0.006691220987223634
immune,3894,-0.0006258455605260236,-0.015828438473061732,-0.013049193078588464
immune,3895,0.00517634656359892,0.01596271340342364,0.04432015520635519
immune,3896,-0.01104001203231455,-0.016651605963473856,-0.0012780069911734922
immune,3897,-0.010222616261629425,-0.014950199229671302,0.007280913181463429
immune,3898,-0.009322703875568073,-0.01639117533354079,-0.013958505412583875
immune,3899,0.008373481280272122,0.017825043580068742,0.034121577947349574
immune,3900,0.0032758111110023406,0.002933659649697167,-0.012628905103242686
immune,3901,0.002182576421663099,-0.034329593957305816,0.0006985304723806374
immune,3902,0.0008635248111920948,0.012366320094124422,-0.03063258357472597
immune,3903,-0.00417163804075885,-0.0051862849329672115,0.041383236210531305
immune,3904,0.0031036515577289175,-0.016635012830121435,-0.007690533952285
immune,3905,0.0053942318010956935,-0.02250652425282066,0.01771493750461951
immune,3906,-0.003091421465621492,0.011568469838747611,0.010661446851565531
immune,3907,-0.00340616081189786,0.0017875886054279687,0.001233163223019279
immune,3908,-0.014159970637699476,-0.018971386230909756,-0.028053170598253335
immune,3909,0.0013581856955649275,-0.01802262690235001,0.00017623222445700693
immune,3910,0.006126510442012886,0.0018285130558424968,-0.027010489791478916
immune,3911,0.006754864852986361,-0.0005766086944741554,0.0201198701547719
immune,3912,0.008451946342038094,0.002614984894935793,0.03248324925011453
immune,3913,-0.01211154293024374,-0.02326695565278466,-0.052826534000125526
immune,3914,-0.007784696124048765,-0.02018621961649643,-0.01153525871893149
immune,3915,0.006465762699024884,-0.02762413710309779,-0.042510387633663535
immune,3916,-0.004841864717518078,-0.026040224006433174,-0.005091220049073697
immune,3917,0.015909832866838756,0.012770608043417354,0.00912032269529648
immune,3918,-0.0064151807705604275,-0.008538325313448461,-0.021907183534483683
immune,3919,-0.009469780516905646,-0.030756211859065984,-0.0016275423963028526
immune,3920,-0.008440271539829175,-0.016840631884168775,-0.026142171816950693
immune,3921,-0.005975476958194878,-0.002144876108618433,-0.001735486541658819
immune,3922,-0.00248080408635358,-0.02465869218727397,-0.03924236398092474
immune,3923,0.001253961286473107,-0.005691497811308867,-0.015562700048515333
immune,3924,0.0016346259320050432,-0.0011883595250458726,0.01291360522667842
immune,3925,0.017852790771338015,0.02528064332097971,-0.006952799294795087
immune,3926,-0.004983329973093545,-0.01024262348955328,0.007815199275710005
immune,3927,0.006121076475817143,-0.014366406615704166,0.015987933999493647
immune,3928,0.007803096321379742,0.029443808173838907,-0.0033411611207855305
immune,3929,-0.015952757256644138,-0.016489516177086237,0.009925301691558513
immune,3930,0.008371542420722675,-0.011382543660728685,-0.005479568495626844
immune,3931,-0.0011112887328652427,-0.01747812748161802,-0.002458525536682206
immune,3932,0.005825384757494885,0.009574994230795494,0.03389051303549406
immune,3933,0.012409527385802888,0.019195339447953423,0.026944980413345854
immune,3934,0.009411255774926042,0.006438066598153125,0.024553343850572264
immune,3935,-0.01149709918520076,0.010283167462433745,-0.05262256513715396
immune,3936,-0.005256182528784982,-0.009552040972376677,-0.03477063360550611
immune,3937,0.004798940327712696,0.00490468898984397,0.03575828032985004
immune,3938,-0.005933622283142014,0.009146821520514617,-0.046381841926433104
immune,3939,0.0009247145770866447,-0.0031297808908346872,-0.03618470658163905
immune,3940,-0.004020036600811484,-0.01732777421252342,-0.046782848995961954
immune,3941,-0.00461665014972371,0.012731003342662903,0.0018625304772446893
immune,3942,-0.008550047683313322,0.003910039228033842,0.0006864121472883178
immune,3943,0.0013419987609770655,0.006980249924787171,0.0031150521644983387
immune,3944,0.004491567108548232,0.01296384396644458,-0.007935102616603563
immune,3945,0.0019849178518610705,-0.02340994964846775,-0.012846540769553974
immune,3946,-0.005059749955014852,-0.001141378407505958,0.042620809928508495
immune,3947,-0.0010654237032951402,0.028265771108554407,0.01586571191367105
immune,3948,-0.006696895400905266,-0.02214843748962765,0.007194992729744072
immune,3949,-0.021531296811711485,-0.050214157325969476,0.03523594990017845
immune,3950,-0.009215536064673463,-0.01503029435562892,-0.024191725544831476
immune,3951,-0.009982033302022015,-0.008103598507243815,-0.009730467302469578
immune,3952,1.600950471928227e-05,-0.004340750518039177,-0.0021946019373601613
immune,3953,0.0036365460930116583,0.010799845051244997,0.02316469493917822
immune,3954,0.0012075748855154788,-0.002641097700779124,0.035822036028933114
immune,3955,-0.002261596773327578,-0.009388631650199796,0.013113698134145988
immune,3956,-0.0002654075826888323,0.0016213341610253015,0.01719348391281359
immune,3957,0.012677157478204965,0.01606964519231418,0.06453442327840397
immune,3958,-0.006950901168111058,0.005491114006517949,0.00033965370957869667
immune,3959,0.007432459655529471,-0.007576755885179305,0.0005816476959748422
immune,3960,-0.0013518716924726532,-0.0003372248002642918,-0.0016905518143338998
immune,3961,-0.00031323720466717997,-0.024476594694125584,0.009396646955838065
immune,3962,0.008307386282204607,-0.009046655821199054,0.03581924127544965
immune,3963,-0.00413113481982486,0.027995604052407353,-0.03412739947311816
immune,3964,-0.0008065753675985619,-0.007880598200807123,-0.018982591547970617
immune,3965,0.0013518716924726532,0.0255544089169534,-0.04141094070267782
immune,3966,0.0025012940069246378,0.008524501779972276,0.00640003304267911
immune,3967,-0.0033841834578912794,0.0044829348954076725,-0.023310354092534402
immune,3968,-0.0003360642421050969,-0.015101800122014031,-0.0052535291583687875
immune,3969,0.016829762324820582,0.018218507555095832,0.05015937232618935
immune,3970,0.0024766807164063828,0.011036730413124404,0.015299161562037922
immune,3971,0.004336253070803158,-0.0017581590905510992,-0.009959139702537867
immune,3972,-0.00378362273434923,-0.004775336439666725,-0.0019208725564243225
immune,3973,-0.002058511971514488,-0.01480803974122967,-0.009422926546837546
immune,3974,0.0003458115040042518,-0.021583127420729462,0.005703159061883317
immune,3975,-0.0060077786698109715,-0.039568675908969834,-0.03566564877537055
immune,3976,-0.003911644026978277,-0.020095077698678285,-0.028072909216179914
immune,3977,-0.002142437555351933,-0.00303734748015302,0.01994220128520057
immune,3978,0.0027635583258859703,0.02914077201247142,-0.009557147377637845
immune,3979,-0.00378362273434923,-0.011652272530270971,0.006404084971435752
immune,3980,-0.002872838830841389,-0.0061053618527898475,0.003532477104715289
immune,3981,-0.0062932360290905666,0.0048767774524866815,0.023091252766505366
immune,3982,-0.007092629676562837,0.008560622748452876,0.014754042760779417
immune,3983,0.004841601464641766,-0.00634238682846884,0.032751478246363375
immune,3984,0.0047728723455352645,-0.02555015428522733,0.060453607039919706
immune,3985,0.006273587083350458,-0.00999236726635895,0.009486259259073057
immune,3986,0.00973010597631753,-0.0008295228553805104,0.011077342780134494
immune,3987,-0.0016769032808264667,0.025686676524628662,0.006504037317171826
immune,3988,-0.009035826266088487,-0.003555346116737917,-0.0152464790096457
immune,3989,0.009035826266088487,0.02841393087854937,-0.014530907521383722
immune,3990,-0.010759459905207922,0.012302439158829895,-0.009944378195303324
immune,3991,-7.265424505976947e-05,0.02668054091051615,-0.024327409885501083
immune,3992,-0.002041550690582488,-0.01671667248277718,-0.01123947187513467
immune,3993,-0.008452501631936601,-0.017300736084182186,-0.01434807568501546
immune,3994,-0.0031333082562064233,-0.012060240684554593,0.015995735162644586
immune,3995,0.00633639910392234,0.01259079983207859,0.026236407473740654
immune,3996,-0.0054744566887545,-0.024247728026572022,0.002948849527830172
immune,3997,-0.002858210322239804,-0.0039978299951507245,0.02597544404766434
immune,3998,0.0024974093220038324,0.036002584391155765,0.03167745588228367
immune,3999,0.0033189741858341143,-0.004671848593607942,-0.0028916785577230986
lung,0,0.004398467008288082,0.005663406026307004,-0.0020641773932905394
lung,1,-0.006409186844001685,0.00040511511041745486,0.0006715350787099379
lung,2,0.010965257614612303,0.010785790922767408,0.014709528605583546
lung,3,0.0009707774991110363,-0.0035948706746028554,0.005763920782255859
lung,4,0.007973625303501772,0.017874310964487244,0.006118346350789773
lung,5,-0.0013210555974743725,0.0048221047425086126,0.004076197980068114
lung,6,-0.007369098137570927,-0.009906374842647253,-0.016223427935830714
lung,7,-0.0030219748588136233,-0.009787832298151916,0.004163822200473649
lung,8,0.010965257614612303,0.010399269154847984,0.001591381774734845
lung,9,0.0059064370137962745,0.0034370352634283947,0.005578235177193422
lung,10,-0.006727899920695936,-0.009570268827826975,-0.005097397539803103
lung,11,0.0016894330797113204,0.007437237907875177,0.0034354902614714133
lung,12,0.0024867139781458067,-0.002485254021299593,-0.001159599631123174
lung,13,-0.0006123580353934918,-0.0021091779989042456,0.004696454209710608
lung,14,-0.007378870793645918,-0.010379845234019996,-0.006798115550077116
lung,15,0.004245964890385839,0.006744794075414737,0.005943211254921245
lung,16,0.005077340120151162,0.00915139523591375,0.001325553530966889
lung,17,0.00043263111003774557,-0.005439480665269013,0.01075127248497442
lung,18,0.0023722481628428993,0.00028516563961306996,-0.0024030541402404364
lung,19,-0.004177587670763455,-0.007358128953326373,0.009728041075275723
lung,20,-0.002069694639888403,0.0007134577256867705,-0.004445027468339385
lung,21,0.002770606099066384,0.00982651718175001,-0.0006535990215581766
lung,22,-0.00804194922636145,-0.012984515179528356,-0.002925380527714895
lung,23,0.0007497629779410023,0.005412016315971556,0.004449778703623443
lung,24,0.006161489885098302,0.009578764112923271,0.0039767098540148356
lung,25,0.0027314715814076573,0.008540757209333439,0.00417068814322033
lung,26,-0.005972432142142353,-0.009229991094650511,-0.005166486026943908
lung,27,0.005975462184497136,0.013435975796145982,0.0002451646002579839
lung,28,0.005442375003165939,0.006081120296159287,0.012158407555140426
lung,29,-0.003348338706021516,-0.003914894347617706,7.586641460304456e-05
lung,30,-0.0019922003163784694,0.0027379450096745674,-0.004457867227522015
lung,31,-0.00627018099679356,-0.010606880251174466,-0.003334749578337228
lung,32,-0.003556968493110981,0.0011711756703307315,0.004342366023992988
lung,33,-0.002089730248165842,0.0033031100950013845,-0.0031343835901920893
lung,34,0.004245964890385839,-0.002617460663714942,0.006385451621724483
lung,35,-0.005395156898917536,-0.0006256295648666239,0.0018838426733890261
lung,36,0.0010440855505471636,-0.01036585141811048,-0.0013739571314708063
lung,37,-0.0032775869962317905,0.003612035092252765,-0.008204362369628765
lung,38,0.0013971276549686422,0.00040540200627595113,0.005181573540544188
lung,39,8.594378537538083e-05,-9.219233783920125e-05,-0.0028283219333320917
lung,40,-0.0036508922289760124,-0.009638890419294008,-0.004669998682074785
lung,41,-0.002558275863444065,-0.0020736027369996635,-0.0010659057588577974
lung,42,-0.00012377681183782982,-0.005636950422323992,0.0010833474796657732
lung,43,-0.0001059793936528201,-0.0032822230128410623,-0.0041498449610763155
lung,44,-0.0006932024904139448,-0.008758165853383376,-0.008390716429597775
lung,45,-0.009234790103003848,-0.011054968214373934,-0.013935094409586929
lung,46,0.0019442047592440153,0.00212367145108891,0.0004902265557231444
lung,47,0.0003304038598898329,0.0032070883864350475,0.0002215295885367637
lung,48,0.004819753086476003,0.0034698682612876175,0.0042730233620994025
lung,49,-0.011949691676171742,-0.011642311401233294,-0.003947539446156528
lung,50,0.010154242243022962,0.003982737597320236,0.00960751251864636
lung,51,0.0038017260963728317,-0.0026408271140061224,-0.004790526181349647
lung,52,0.0023415255299802837,-0.0012997015061122956,0.007718931713543977
lung,53,0.004137273778690581,-0.0013230913348171074,0.008237499301216894
lung,54,0.0035917345174340067,0.0001303134379028641,-0.009751130499299201
lung,55,-0.007920740797338335,-0.013401407663584285,-0.010142088755427298
lung,56,-0.008848681717215525,-0.008807024481770242,-0.006371187799795591
lung,57,0.005678646587558446,0.007798766151274403,0.007491447752961113
lung,58,-0.0023312787185825836,0.005571188654659026,0.004646423490053647
lung,59,0.0037074842089538282,0.0038321031222712893,-0.008089824933576323
lung,60,0.007516871953149641,0.005478297119840445,0.015912829921968064
lung,61,0.004083663934898424,0.0002638179534785643,0.00804726249111945
lung,62,-0.0034282094573005553,-0.01631073279950308,-0.005948616519313582
lung,63,-0.006439064893795393,-0.010666324095115986,-0.008708794561993147
lung,64,0.005034899963054905,0.006126408434249285,0.0024241059004580794
lung,65,0.004431992590987005,0.01141420604625858,0.003697624116849587
lung,66,-0.0073871796596266985,-0.002585145581335574,-0.0005016120848889225
lung,67,0.0037672959896958382,0.008599483248880666,0.008152860859615649
lung,68,0.002594452136258927,-0.004071814768015039,-0.005380885552105374
lung,69,0.004568096042338238,0.0018311922560535951,0.001843212740372848
lung,70,0.0038697318676785366,-0.0011906785646065934,0.0026635759556362195
lung,71,0.003713984961465198,0.0025128590224952154,0.008872023478058572
lung,72,-0.001409163491691151,-0.010094676182679924,-0.0030907127219933954
lung,73,-0.001591584996369975,-0.0021054657283942533,0.0008776248430987694
lung,74,-0.006390489768997244,0.004308307667465362,-0.0060278220550580575
lung,75,-0.0030864201387952963,-0.0011476464136917772,-0.005183822852653517
lung,76,-0.0010457852935033447,-0.0051725697422851285,0.005211669566318365
lung,77,-0.0013135876461254452,-0.011454615858198078,-0.00470600527087725
lung,78,-0.0017112751761708584,-0.003936036712076901,0.005369446746540765
lung,79,-0.0007207517456940538,-0.0037642116396377767,-0.0037476081991902055
lung,80,0.0033880476363245073,-0.00530857486588431,-0.0015772482384025792
lung,81,0.00024429870471051607,0.004420302700014746,-0.002217999242596256
lung,82,0.0021902638537021437,0.006476739596578601,0.00016402658253549408
lung,83,0.009206127477191656,0.011572042493252638,0.0032833843453308103
lung,84,-0.0018980792037788519,-0.004834601877159089,0.0050201717694554155
lung,85,0.002031543461871982,-0.0028831271686413735,-0.003464705531828788
lung,86,-0.003993686235185673,0.005352875128365029,0.0008461240193555113
lung,87,-0.003592761820751328,-0.0009835793301228766,-0.010331860123340114
lung,88,-0.0017266611444038866,-0.006548876796937821,-0.008188797711861198
lung,89,-0.0006908052436649473,-0.0025574437408185935,-0.009351143625725708
lung,90,0.007128197089150458,0.0073274400186185045,0.0122559639133549
lung,91,0.0036469625298017985,0.005532316244238953,-0.0012614366274323239
lung,92,0.008848681717215525,0.011750065622525277,0.003020018887398548
lung,93,-0.00017303878510085968,-0.005804808009320456,0.0014826313960754345
lung,94,-0.00846555472096619,-0.012996540234581088,-0.00997634892383989
lung,95,-0.0006158962875682054,-0.0008080399712261284,-0.0005281420986840238
lung,96,-0.0034508115437888545,-0.002256645229701676,-0.012477382120532149
lung,97,-0.006710139462295567,-0.015394005808732078,-0.010974077259781362
lung,98,0.01149788549461142,0.010148000669423035,0.01904126548016032
lung,99,0.002410044229520708,0.005028352402071917,-0.0012302352766108784
lung,100,0.004169467124389138,0.008309007728943227,-0.0021433390412037203
lung,101,-0.001243293300066034,0.00017848027736043948,-0.00937717374834715
lung,102,0.0006655606931109023,-0.005821139368974225,-0.0026701635051740447
lung,103,-0.008362300167500955,-0.01641797162630057,-0.005935568115341544
lung,104,0.001278784662017779,0.004934133491098494,-0.005206722199149037
lung,105,-0.0027755490050463496,0.008030909488052972,-0.014708538447905123
lung,106,0.0011843544549923108,-0.0034778988830382425,0.004488635290400935
lung,107,-0.00028209477138832484,0.0015360992106844735,0.00289649844267025
lung,108,-0.0006277440036265199,-0.0066972067161974545,-0.00487555033847419
lung,109,0.004829876371887781,0.013772102039004261,0.006765219044776144
lung,110,0.00024299721351423811,-0.0058188199394391404,-0.0007133173380046802
lung,111,-0.002310277536754899,-0.0012751288724292633,-0.0012782656469328133
lung,112,-0.0054473179091459045,-0.0006826724536155753,0.0018341336391386005
lung,113,0.001346436544011444,-0.0017734433958205011,0.006425691477769159
lung,114,-0.00455230136319069,-0.011763581336082324,-0.013869483776601289
lung,115,0.006176257260928529,0.009461326283136739,0.0029976640468699542
lung,116,0.0014293210006671997,0.003177012735742178,-0.001677091338884005
lung,117,0.004464841488873004,0.008855074986465067,0.0026077850581815356
lung,118,0.0025138964741167704,-0.00030659059531920607,0.01328121233899085
lung,119,-0.0001660477472944233,0.00044696828008532663,0.000977471225580349
lung,120,0.004784575394076405,0.0060965861872818074,-0.000876090217247133
lung,121,0.007764979179434241,0.0065638532404642584,0.01616784904041464
lung,122,0.0002860244705625385,0.0013803896764440402,0.0010646482099887593
lung,123,-0.006070100311606402,-0.012817682549200283,-0.001954022195024635
lung,124,-0.0009547865691081255,-0.0008723303781995503,0.002685492937023461
lung,125,0.0023667002950930514,0.002275676036087887,-0.0053820637845262975
lung,126,-0.0010129363956173458,-0.003297536078358411,-0.00294703903288554
lung,127,0.0006452069332794907,0.0009779616557724728,0.0021933956191821646
lung,128,0.005397729577542004,0.005720528319537742,-0.0021616520853352623
lung,129,0.0032066534349630047,0.007280708550725592,0.0003396857746283308
lung,130,0.0003405271453016112,0.005593586748208266,-0.008545042724808391
lung,131,-0.005577774654451723,-0.005497302592840435,-0.0036598983524734063
lung,132,0.0016622505837403563,0.002939945757531583,0.009357312546946245
lung,133,0.0019819535049807693,0.006285781941122606,0.010860114142290034
lung,134,-0.003907564894140986,-0.004452238698042112,-0.0019734622568727917
lung,135,0.008790588268775481,0.0067035057455456515,-0.0006031349650807705
lung,136,0.0009314089595113354,-0.003760271813180236,-0.00908376075931469
lung,137,-0.006502194586069219,-0.005220184715589281,0.0002254339348027965
lung,138,0.004422570553416411,0.004614714237074334,0.0032268463886348424
lung,139,-0.0020946731541458077,0.0080725515923106,-0.0031112446482818947
lung,140,-0.0022330397861445583,0.0026282108337024324,-0.007520058969124453
lung,141,0.0007010520550626472,0.0006157391294669505,0.0010277485816642211
lung,142,0.005054263878340154,0.008991255891187534,0.007950966300523768
lung,143,-0.00041913483934362855,-0.0062006393771606525,0.0013081129828936926
lung,144,-0.0035672153045086807,-0.007052381520356135,-0.00391808504838619
lung,145,0.0025162011788428342,0.0012341913083628955,0.0018006420642281877
lung,146,0.0073871796596266985,0.01155405797300817,0.013500273587690912
lung,147,0.007104417047274002,0.005016736899987153,0.009760706410779798
lung,148,0.006308616278680744,0.005590958279110908,0.014552892269842178
lung,149,-0.0036712090290227837,0.003634170286670762,0.0002127401068323558
lung,150,0.001632939938029071,-0.0033982446029721947,-0.001637280312233471
lung,151,0.003471165303620266,-0.00048826913062280375,0.004675504147781885
lung,152,-0.0029891259609276244,-0.006209646875545436,-0.00846040915550908
lung,153,-0.004013721843463112,-0.014073406868506139,-0.002127093062185624
lung,154,0.006055332935776175,0.0042184237364198685,0.004191364612922734
lung,155,-0.008435608218937083,-0.009669173574336174,-0.004186763849633392
lung,156,0.0038017260963728317,0.004728754448542104,0.0065317734207587155
lung,157,0.00353950556345801,0.005406144060611656,0.012945129309306996
lung,158,0.005062572744320935,-0.00581579153433051,0.007100279797204355
lung,159,0.0011588079387496637,0.0005092906192812977,-0.0032395688335826274
lung,160,0.006746315735110429,0.005742540733404624,0.011310939741364889
lung,161,0.006806874374047099,0.0031312237922281236,0.012953025441842228
lung,162,-0.0029949936055187567,-0.003293365796821518,0.01079933134849384
lung,163,-0.0007010890148472874,0.004121126637686647,0.0014247548273793138
lung,164,-0.0013057011216921026,0.0029637208020373744,-0.0013746459510535123
lung,165,-0.0044461444138685635,-0.002377894706209314,0.003694647926574526
lung,166,0.0014976982202895839,0.0034407567633314524,0.0038803467472304696
lung,167,0.006055369895560815,0.008250711099484376,0.00040493403033387866
lung,168,-0.001583276130389194,-0.00410888244054485,0.00884044038112313
lung,169,-0.007777474317488829,-0.00394501004428674,-0.009675503225488352
lung,170,-0.004189837221198617,0.0020938549936601507,0.004836733355544678
lung,171,-0.004829680121032419,0.0017071108006858158,-0.0015670711047347614
lung,172,0.0011509375551210694,0.007462222941084368,0.00029969814017780083
lung,173,-0.006630231751231887,-0.00657350482593691,-0.006830225224667613
lung,174,0.0028376285307297835,0.0021269944854983474,0.002429667517045773
lung,175,-0.0001862052562704719,-0.0003918684824991414,0.002120533633720917
lung,176,0.009034709417816691,0.009485229455468619,0.002716231395682029
lung,177,0.0036256107186373268,0.004215911496549827,-0.0016199608812481705
lung,178,-0.0010749965030162438,-0.0057717670038381266,0.0020713452785266206
lung,179,-0.004719894360175031,-0.004859363134261043,-0.006719339692330989
lung,180,-0.0008213223110149955,-0.008225070779175439,0.009997160711309858
lung,181,0.0014371395813529142,0.005160380398456113,-0.004573740339851112
lung,182,0.003799788150955913,0.0076049147153306185,-0.0035428092911288693
lung,183,0.002857990497348093,0.005066020945267914,0.0056335331226429475
lung,184,0.003345308663666733,0.012858159021416505,0.0066411034199600205
lung,185,-0.0022001908882585595,-0.005755144128759743,-0.010870256674916784
lung,186,-0.007005354154573641,-0.014323544049486778,-0.004175700259127807
lung,187,-0.005164836954253488,-0.004149366169244485,0.004588255244035231
lung,188,0.010154242243022962,0.0069493886423118625,0.01061088950991097
lung,189,0.0025613059057988477,0.0021780802321123838,0.005126170234264824
lung,190,-0.006319844804433437,-0.014883360850236976,-0.007307804719992826
lung,191,-0.002286633292958649,-0.003641129539733695,-0.0015649944579266364
lung,192,-0.009206127477191656,-0.005052059743029774,-0.008548093960788474
lung,193,-0.005115775402038346,-0.0027983049010582113,-0.015539491913550668
lung,194,0.0011042874528579087,0.000762407048442169,0.004660417352569196
lung,195,-0.007183070436969761,-0.007479323867374127,-0.005159590974738218
lung,196,-0.003405706816832841,-0.00229865236695508,-0.0009774343887182695
lung,197,-0.0018935792621528984,-0.005486285199413733,0.0019037026279403455
lung,198,0.003637035495245383,0.002534592466954283,0.0025777012296510733
lung,199,0.004278776828487198,0.016695618306094683,0.0072597035478525005
lung,200,0.007195219520813857,0.0058297887169420914,0.0039893039309830585
lung,201,0.002556672406559185,0.005737213689122103,0.0031572344276871813
lung,202,0.0056576823655154025,0.0020255810113455805,-0.0023984525343860768
lung,203,-0.0008236511055285944,-0.004869120220990462,-0.0015664100230294944
lung,204,-0.0013812574997851175,-0.0015264085722158371,0.0036322914847860457
lung,205,-0.0009379286012250373,0.0061110045708717975,-0.008048727664012054
lung,206,0.006481840826237807,0.00019814861137903983,-0.00020153242934540638
lung,207,-0.0006158962875682054,0.004009590032980709,-0.0013817903878890203
lung,208,-0.0028208809668207138,-0.012005095529576616,-0.0028795960500855216
lung,209,-0.004239099194461647,-0.005001034489461052,-0.0037342445802221185
lung,210,0.00397302338092841,-0.0037540293161913707,0.013128039387956859
lung,211,-0.004003108272756267,0.006291207969964454,0.004666957513901957
lung,212,-0.004283744620085582,-0.006405848313098826,-0.0012517710513108666
lung,213,-0.0014293373376452663,-0.003507891803009357,-0.013290749139443014
lung,214,0.002702228879444,-0.0039250030575169095,0.013069251964489464
lung,215,-0.0029680771458444333,-0.0018064175759974672,-0.0066031926295555265
lung,216,-0.002069694639888403,0.001849741876595784,-0.010067894787840898
lung,217,-0.0016894330797113204,-0.002774672603670064,0.006529172769667514
lung,218,0.002661839511335149,0.005129796460527922,-0.0030964870029029277
lung,219,-0.003739586248645168,-0.007124438093355066,-0.0106208280000858
lung,220,0.0028308080013771295,0.007965271990550351,-0.0022402653963604544
lung,221,-0.004964620470986124,0.0002792964166837362,-0.0026495975030435457
lung,222,0.0073679390713851005,0.004968324345670951,0.01137428758289365
lung,223,-0.002283271595769678,-0.001111041542824848,-0.008385167398276003
lung,224,0.0010897269190618304,0.0012405253334490292,0.00019681568500759517
lung,225,0.009322211461070198,0.010736069746708776,0.0006333363148892015
lung,226,0.004193766920372831,0.0024722717196816275,0.015369629577933207
lung,227,-0.003117010027608974,0.0006887141608227509,-0.002308202782695066
lung,228,-0.009355060358956196,-0.015229273861847314,-0.0036377013211658
lung,229,0.0008749158178290861,0.004182427261432984,0.0005477520156822551
lung,230,-0.002926351379992411,0.0037399155242815543,0.0024677365247394076
lung,231,0.0015252474755696928,-0.009140679142653846,-0.0019183373066328873
lung,232,0.006977644413522971,0.007102246293526395,0.011632655420361227
lung,233,-0.0025467453720027697,-0.00934428010069239,-0.00923860470670132
lung,234,-0.0025313594037697416,-0.005136995365638729,-0.003852771189901359
lung,235,-0.008790588268775481,-0.002313013888613112,-0.01396106494654691
lung,236,-0.004152041154520808,-0.00121042875301026,-0.006201140885275652
lung,237,0.00294638698826985,-0.00024528113882714897,0.009557344403668688
lung,238,0.0014648493224035848,-0.003490902104377423,-0.0010071760295006507
lung,239,-0.005344882031163206,-0.00401176443170434,-0.006301398583846272
lung,240,0.002594452136258927,0.014052833619997419,0.005990867605566006
lung,241,0.002435449265845315,0.006849648040900741,0.0014830867963891159
lung,242,-0.0005324872841144523,-0.006117796122550488,-0.0013464116443069238
lung,243,0.0002568502208342797,0.004277485325930502,-0.00268810531119341
lung,244,0.000975140328939537,-0.0023986017045503167,-0.005294955983086333
lung,245,0.00298026318947317,0.01284095093269976,0.010793129928360115
lung,246,-0.006446617438184467,-0.005875764133213603,-0.011752445980687132
lung,247,-0.0033733172202789208,8.04374316102272e-05,-0.008895850555295893
lung,248,-0.002838275952726057,0.0004726859771344294,-0.00046294312427507455
lung,249,-0.0058226365633430215,-0.007719234720601329,-0.013833274872473572
lung,250,0.006075686695607587,0.009040197745231524,0.004445184314714754
lung,251,0.00494259602105282,0.0001973810051500895,0.011466080483474556
lung,252,0.003235316060775197,-0.0004437779046218282,-0.0034935524957169875
lung,253,0.0010769344484331627,0.0002979411464090661,-0.008296941391444296
lung,254,-0.000849984936827188,0.009010702806399401,-0.003631431484921501
lung,255,0.005413524256689552,0.013744055429367658,0.005378640012474224
lung,256,-0.0026674628551209742,-0.009532889571833078,0.004258034161608462
lung,257,-0.0017834926136565583,-0.0008817765783965813,-0.008261481775169324
lung,258,0.0015777652224239862,-0.00746938623741671,-0.0053516838763681684
lung,259,-3.26713422166928e-05,0.002482357382162561,-0.0073594691081372565
lung,260,0.003832990230402964,0.006041020678322785,0.007689723355898172
lung,261,-0.0006603535925279458,0.0006059479495091058,-0.009545923462637948
lung,262,-0.006221558238739905,0.0010966316561732319,-0.011971600675026794
lung,263,-0.0008065549351847686,0.0010728397177411828,0.001624502940271786
lung,264,0.006733523264481761,0.00900827342922684,0.0013134072273510806
lung,265,-0.004834819277867747,0.0032224985254841274,-0.00931013471398533
lung,266,-0.00021271641912641118,0.0062061086882502685,0.006868005503585212
lung,267,0.0017752362692020351,-0.003477806300390583,-0.005577792920143497
lung,268,-0.008654484817424249,-0.0028153930492895813,-0.00848140152139129
lung,269,0.0031691710378373428,0.00482557583294151,0.004842436190188398
lung,270,0.004028086787013672,0.0034662655469006325,-0.001684946427479581
lung,271,0.00967154480486318,0.01719134591028192,0.0070805981362451476
lung,272,0.004169467124389138,0.009917271952552995,-0.0009738904686361722
lung,273,0.0005184342995284604,8.240012886352271e-05,0.0001556640436582158
lung,274,0.001059642027233974,-0.004731005225819845,0.007589030412455169
lung,275,0.0053196005208245205,0.0031510534753417525,0.0011497430253825935
lung,276,0.003987753796973997,0.0034752995804208375,-0.004161220079489223
lung,277,-0.0022629178359382662,-0.0006606398542596537,-0.005909231445207247
lung,278,0.0027463063030826926,-0.0026908113355141035,0.014687781825056803
lung,279,-0.0031714300469096643,-0.0010701603320783237,0.006399648351018111
lung,280,-0.001812666863384817,-0.007560471691548673,-0.013916308791741078
lung,281,0.006012593963118401,0.0024698575502673423,0.010170013297382274
lung,282,0.0011135069609382875,-0.000820425900180823,7.280570097475958e-05
lung,283,0.0025162011788428342,-0.00587902729035869,0.007469058892391864
lung,284,0.00040043776433918804,-0.005946481557485367,-0.0035631607918818384
lung,285,-0.0037859314172252836,-0.0053593915677713115,-0.0012212690899234546
lung,286,0.0015193150373580173,-0.0014222973641525307,-9.260222002861296e-05
lung,287,0.0015386307047652592,0.0020833045086663857,-0.004779847317369403
lung,288,-0.005463188064329429,-0.005149731129592707,-0.0029068098149787887
lung,289,0.0018364469052612742,0.002374523009058003,-0.0004974917876163685
lung,290,0.0027801825042860127,0.0064796781850729,0.008112825588439593
lung,291,-2.0213163946745476e-05,-0.0030003915274773954,-0.0061221089664530715
lung,292,0.003637035495245383,0.0016939769522035149,-0.0019849011198054363
lung,293,0.005397729577542004,0.006947224450624669,0.0002811608788954494
lung,294,-0.0003491541628363644,0.0013107110491598906,-0.008359792471966915
lung,295,0.005753555543655188,0.007151601018079387,0.0012884347876803235
lung,296,0.0066680647776943365,-0.004649784831168373,0.005184592950592861
lung,297,0.0012728891835907437,-0.003453088922811015,-0.007078813519938877
lung,298,0.007484023055263643,0.0037224457185380906,0.008812680884890428
lung,299,0.000204286778326244,0.005531219262768275,-0.006761385133007493
lung,300,0.0080797822528239,0.010976998938482373,0.019909953982771428
lung,301,6.425362780079769e-05,-0.005338541288703286,-0.0010033647157447017
lung,302,-0.00490974712316682,-0.012626706878412376,-0.005886143722698606
lung,303,0.0045150732984981234,0.004167481560672916,0.008417430325167017
lung,304,-0.00044668409462373754,8.631931435671797e-05,-0.004682589917478673
lung,305,-0.0002607799200084933,-0.0038534688239552917,0.005036562543378836
lung,306,0.0020518972217033935,0.004413759250657892,0.0002717794547972183
lung,307,0.0019322896973408925,-0.006681317208095754,0.012697070603252286
lung,308,0.004470427872874189,0.005469227378994477,0.009125438879712445
lung,309,-0.00037107133846154644,0.0015719872045803218,-0.0026441901600523414
lung,310,-0.006144063915229971,0.0030977208445295374,-0.003717331863070559
lung,311,0.006002378644171459,-0.003181835918584443,0.015707089132351387
lung,312,0.005720409313195109,-0.0037686959082383524,0.01315339375586369
lung,313,-0.0034711283438356257,0.0021128179705822794,-0.0067566933540323115
lung,314,-0.0029680771458444333,-0.00046012227889277724,-0.013087238349510116
lung,315,-0.0026542023383465583,0.0021588876322646187,-0.0009307779979072415
lung,316,0.006421638923927063,0.005327273718045561,0.010796880513439439
lung,317,0.011959618710728157,0.0068251547215549355,0.014057021424586378
lung,318,0.0027427001071603507,0.005541519786642237,0.008750718898648913
lung,319,-0.0009298080548507207,0.001912560852280319,-0.0012925783107209654
lung,320,-0.00779782807732024,-0.010503962772950173,-0.018410927005574645
lung,321,0.0007924031123032101,-0.010109689269350509,-0.0011427375594210052
lung,322,-0.001289943402329195,-0.004919112730340171,-0.007210740866044628
lung,323,0.005917368736057092,0.008230786249930743,-0.0044427424568264
lung,324,-0.011073015468595043,-0.019071116730391052,-0.009744357638968257
lung,325,0.006552774387506594,0.0021385756124511672,0.009795576626245056
lung,326,0.008942605453080557,0.004697993558494587,0.006262281959499174
lung,327,0.004408916349175997,0.0034009741278189136,-0.0065537330525928155
lung,328,-0.007165273018784751,-0.007495095715118888,-0.0051856750806075855
lung,329,0.005475223901051938,0.010145797867490047,0.008985857209992298
lung,330,-0.004306486569537869,-0.012404320750746368,-0.0005962761637127076
lung,331,-0.002236969485318772,-0.007551145813988497,-0.005317605317675084
lung,332,-0.009355060358956196,-0.0019182748503096259,-0.013254556255909627
lung,333,0.003905945100278039,-0.0012727961843247517,0.000687124073723927
lung,334,0.006319844804433437,0.0022900840174144566,-0.0077365576701164665
lung,335,-0.009312284426513781,-0.006192404486681836,-0.0026204250918152308
lung,336,-0.005377693969264565,-0.008198164005386505,-0.007898101031277591
lung,337,0.0002466034094365799,-0.002309795972595924,-0.003083216866048908
lung,338,-0.002118317397942058,0.002671044469666845,0.0026757942646640502
lung,339,-0.001240279594689318,0.002191032635804141,-0.0022727993186327142
lung,340,0.0013030065423690247,0.008491720454726431,0.007675263943363847
lung,341,-0.0015498592305179526,-0.003660836078997115,0.0053288475619599944
lung,342,0.006315481974604936,0.011368914496303274,0.016426157099155285
lung,343,-0.0003149436692743239,0.00016972945717007765,0.0025276487726202668
lung,344,-0.004220683380047154,-0.008053147653249243,-0.0023718084853758164
lung,345,0.0008308383941903937,0.0055125392051625826,0.001003921690223351
lung,346,-0.001059642027233974,-0.00728656909860434,0.009562546686186826
lung,347,-0.0004743258919267801,0.003304604138064151,-0.00581716365622308
lung,348,-2.0176204162105266e-05,-0.00308036718609205,-0.003801964251048294
lung,349,-0.004259461161079957,-0.005030539171316156,-0.006778830188636962
lung,350,-0.005442834304498018,-0.008139014426791094,-0.004158736283255239
lung,351,0.004528727502738537,0.006724068706662099,-0.002963402342374845
lung,352,0.0019063717327815661,0.001815347473776402,0.009849961515174338
lung,353,0.0037570491782981386,0.009274179435294228,-0.0006541635985518506
lung,354,-0.002213893243507764,-0.0034232461938203673,-0.011061311149605577
lung,355,0.0019148941135327298,0.006669234811358217,-0.007902260127603986
lung,356,0.004924608544601851,0.012538910456954608,0.012971016039905869
lung,357,-0.007702899653750807,-0.0001942253928661486,-0.0020184032033777888
lung,358,-0.004306486569537869,-0.0010930744687358833,-0.011034115090409885
lung,359,-0.0057063563286091174,0.0013552660874839766,0.0016476412401977003
lung,360,-0.0061338171038322715,-0.005600699462307022,-0.007392138617880156
lung,361,-0.01022755029445909,-0.007987097463424197,-0.017452134053519468
lung,362,0.0032769477810224157,0.00652536401829378,0.0053818660930936655
lung,363,-0.009322211461070198,-0.00587206641500616,0.002123244315240514
lung,364,0.0022076588396074868,0.0007767425469442184,0.002458922012425045
lung,365,0.000778546378572581,-0.0017470599315830746,0.0003619706855085188
lung,366,-0.0029369649506992557,-0.003483118876905583,-0.00776658052509772
lung,367,-0.005471617705129596,-0.0038208952083701357,-0.004871108601892835
lung,368,-0.002431519566671101,-0.003915721238399625,-0.007224662849815924
lung,369,-0.002236969485318772,-0.011820146195844455,-0.007895689428496897
lung,370,-0.002894769094408306,-0.007915181608934552,-0.00995718644708653
lung,371,-0.009322211461070198,-0.0039031916168332332,-0.006903965488026123
lung,372,0.005203196760104695,0.008815720197609483,0.005749926484481295
lung,373,-0.0040458472454140415,-0.0004966905358023597,-0.016774781375390506
lung,374,0.0056264855773300775,0.006661634241655713,0.008271305159119103
lung,375,0.000975140328939537,0.0023239252423051158,0.0004286138955890417
lung,376,-0.00420883566398884,-0.01374786552280835,-0.007269624102366359
lung,377,-0.008145240739611323,-0.004877727213766309,-0.009834971505933699
lung,378,-0.004119192256634809,0.00035422305997648285,0.002616922343352544
lung,379,0.00225378439507265,0.001299376416926725,-0.000965036631481462
lung,380,-0.0015916219561546152,-0.001112038557840524,-0.010605462893792503
lung,381,-0.007516834993365001,-0.005381307955054324,-0.0075933910566912954
lung,382,-0.004889711514889382,-0.004453677344224444,-0.012702578253776325
lung,383,-0.003832990230402964,-0.0016644431849201962,-0.00011264700409501383
lung,384,-0.0012426083892029167,-0.008620177356293621,-0.0002778077585686618
lung,385,0.00043263111003774557,0.0024768882416916493,-2.371161375505637e-05
lung,386,-0.0005578028391281612,0.00040150042644945816,-0.007701122111106101
lung,387,0.00025053310861079353,0.004751729515330844,-0.004448733163516266
lung,388,0.004968685968240544,0.005534674428004861,0.007698733292626428
lung,389,-0.004691678961528695,-0.0112419102618584,-0.009792245982846882
lung,390,-0.0005570990390627121,-0.00487205431973863,-0.0011576610601907085
lung,391,0.0012206912135777348,-0.0015997958558582417,-0.0038685551092965953
lung,392,-0.006465981353469717,-0.0038661589558042684,0.0017340393724029164
lung,393,-0.0023496460763546,-0.003789700896376952,-0.011038521222535597
lung,394,-0.006055369895560815,-0.00771014537942676,-0.0005333443946651528
lung,395,-0.005291572628219878,-0.011105947984275971,-0.005449894282544637
lung,396,-0.005595237584104694,-0.0013116938673870815,-0.007708439974127133
lung,397,0.003222055544000781,0.004319984311955785,0.0050403252749191465
lung,398,0.007716915678552159,0.0071565745607443205,0.002755571885887792
lung,399,0.002155497829379118,0.0037085562645352843,-0.0007287664316264391
lung,400,0.00846555472096619,0.009169919818961989,0.006114560565685998
lung,401,-0.0019034693369246736,-0.0022353937608431684,0.004218714376305934
lung,402,-0.009332458272467897,0.0004469141374387753,-0.010400076616013396
lung,403,0.00497676955483022,0.005580659900287212,0.008363457619539836
lung,404,-0.0004088510681612885,-0.0029552704884744097,-0.005635613308524014
lung,405,-0.0012386786900287032,-0.0021819598236405466,0.0020555756903094247
lung,406,0.0015058187666639005,0.006428550186272817,0.0068997033803696135
lung,407,-0.007090364062688009,-0.008084167457742921,-0.002137709640165085
lung,408,0.011071414563934429,0.016474209480438512,0.006118760141411504
lung,409,0.007913912061198783,0.012064023148850736,0.0030768872539995813
lung,410,-0.0034258806627869565,-0.012368106329903436,-0.008021155450074358
lung,411,-0.004556231062364903,-0.008816527304171623,-0.00016101996284328002
lung,412,0.0034028044209759487,0.00275944770639594,-0.000851405971912383
lung,413,0.007090364062688009,0.006262926245583065,0.011690959256280081
lung,414,-0.0025602416426968866,-0.007128157766242195,0.005418079748268847
lung,415,-0.0004743258919267801,-0.007048285295258759,-0.001768415302286173
lung,416,0.0026674628551209742,0.008350570386761411,0.00045460097614734773
lung,417,0.007953589695224333,0.011595515179007615,0.01947051674718378
lung,418,0.002175533437656557,-0.00703323131493086,-0.007883891546458272
lung,419,0.00967154480486318,0.013264250742124015,0.0028302324954142073
lung,420,-0.00499456697301523,-0.003301681753846884,-0.003757170989122695
lung,421,-0.0025392774206538424,0.003913870408815551,-0.012300855698057899
lung,422,0.00092547652129966,0.006328271437803744,-0.009359139334444813
lung,423,0.00047208913094834437,-0.0006895704388986217,0.015696700142445626
lung,424,-0.006977644413522971,-0.007126962705604968,-0.012726751357284894
lung,425,0.0013372170359310653,-0.0021185217452553695,0.005037232761613506
lung,426,-0.006977644413522971,-0.0036125627729154675,-0.002566431636672982
lung,427,0.001119673421090937,0.0023446936853102527,-0.0068824788089242766
lung,428,0.003842059086412506,-0.0027081722139171986,0.013763351794220769
lung,429,-0.0025162011788428342,0.0006583960957931476,-0.004379967500532128
lung,430,-0.0034258806627869565,-0.002226832470179195,-0.00922048290745785
lung,431,-0.0035359673112832966,-0.0027010263189089596,-0.00821310332532102
lung,432,-0.0008749158178290861,0.0030550982844315027,0.004422426645558243
lung,433,0.00485003388086383,-0.00017606093200712557,0.002164241821766749
lung,434,-1.4059588466600972e-07,0.0025021319727222824,0.005828522233932311
lung,435,-0.00041909787955898836,0.002559434139419401,0.003956143709953387
lung,436,0.00225378439507265,0.00867260950244933,0.007775809895968312
lung,437,0.002181044345621765,0.005429460582893129,-0.006127440670219558
lung,438,-0.007090364062688009,-0.0074038209974247315,-0.00672789834991297
lung,439,-0.004352121839707966,-0.0016152180534233234,-0.009001228923746765
lung,440,0.002886339453608139,0.006060936728244121,0.009727651763057111
lung,441,-0.006657941492282558,-0.002354096022826685,-0.006524692002489406
lung,442,-0.005288999949595409,-0.0054620463446796805,0.004995615906149063
lung,443,0.001070076959295868,0.00016679374344290754,-0.003067463617981242
lung,444,9.406433174969735e-05,-0.0015546740357124758,-0.0016234560858901606
lung,445,-0.0022454918660699355,-0.011817541732061537,-0.002774476246136905
lung,446,0.009332458272467897,0.008313938465334412,0.011770925380725189
lung,447,0.0034021006209104996,0.0018571200081639319,-0.0009517163430377835
lung,448,0.00426339086025417,0.0027791891885256452,-0.007174549317843513
lung,449,0.002176410846382102,0.0002930412612422346,0.00028129598598927697
lung,450,0.0009549828199634883,-0.006431711829049974,-0.004752146471730306
lung,451,0.006524074801909761,0.013251822505945653,0.00687494454578727
lung,452,-0.005622154043779017,0.0030371621128259816,-0.005264806736144498
lung,453,0.00042902491411540383,0.006734598966669235,-0.0045362709606116824
lung,454,0.0026818751196125887,0.0077615041756947025,-0.0024215530314210623
lung,455,0.009880174591952645,0.014241590258412123,0.010426904316329247
lung,456,0.0030383566379132143,0.0032881667158480565,-0.006015413741716333
lung,457,0.0003987441197275769,0.007404685678001427,0.009201906760536588
lung,458,0.006315481974604936,0.0015964634930859811,0.010127959834811342
lung,459,-0.010885386863333263,-0.00886558167075486,-0.02187186710415156
lung,460,-0.0020040399022456155,-0.00463828584563746,-0.0009447056366513054
lung,461,0.001225512218859091,-2.5704579743999426e-05,0.007921697376854784
lung,462,-0.004143377177201414,-0.00021336307494082551,0.0034000028083474854
lung,463,-0.006524111761694401,-0.0037911829076236747,-0.014083493424571669
lung,464,-0.0005637352773398366,0.005341230282891953,0.0029714690922161002
lung,465,-0.005605484395502393,-0.011828113803498084,-0.009809035465061261
lung,466,-0.004065882853691481,-0.008527773272689767,-0.006889761571815155
lung,467,-0.0012386786900287032,-0.0035859382979036847,-0.010168503825427508
lung,468,0.0014293373376452663,0.00156737959626016,0.006291808050610498
lung,469,0.0015777652224239862,-0.004718683148207087,-0.00010368146594720096
lung,470,0.00593535621250806,0.007918508620149617,0.009635371938190501
lung,471,0.0011843544549923108,-0.001816619985381768,0.010210925031735606
lung,472,-0.005959639671513685,-0.011798714406334315,-0.012696792305957058
lung,473,-0.009128633153681722,-0.017845519507290325,-0.010663713111834977
lung,474,-0.003819456999924207,-0.0020817368715001228,0.00046535855671709725
lung,475,-0.007003025360060043,-0.012636896311863998,-0.014851192719713236
lung,476,8.00483069483456e-05,9.322600459416944e-05,0.0024315502963498476
lung,477,-0.0025642083016557404,-0.0070212578566696176,-0.006324480969955351
lung,478,0.0019426038545834006,0.0010408707860093866,0.005778299880594463
lung,479,-0.008259827329733618,-0.007599739527167388,-0.000980827757427056
lung,480,-0.004813818096040062,-0.01156319217549387,-0.012481680256359696
lung,481,-0.0007378479160378796,0.000529075231278329,0.0021919116458766486
lung,482,0.0028172747708983723,0.003330557878865631,-0.0006126599097683776
lung,483,0.012909602969740983,0.017502069283117806,0.017661074433774838
lung,484,0.007325668135928508,0.009461195174239184,0.017641524063523196
lung,485,-0.005605484395502393,0.003395957813169954,-0.00418274626383174
lung,486,-0.01314253255281414,-0.004507110721458476,-0.007779888010958645
lung,487,0.006376337946115686,0.002330868830653818,0.008572518103921187
lung,488,-0.0016254719866801437,-0.0014368796129124912,0.004737261300743321
lung,489,-0.007090364062688009,-0.004104474365747892,-0.016218164059356527
lung,490,0.0061338171038322715,0.009726523041093107,0.01428279098029549
lung,491,0.003279961486399132,0.0065752561023529055,0.006122755929457871
lung,492,-0.001544916324537987,0.00041089837427618625,-0.0010800875216298484
lung,493,-0.007253014153692385,-0.01298456620041367,-0.00478202683624417
lung,494,0.006008664263944187,0.0006987855986491376,-0.0022516134045456144
lung,495,0.002911584004162184,0.006378094811823637,-0.0035994622970814956
lung,496,0.003471165303620266,-0.0063649722497748085,0.0064496400470076265
lung,497,0.008284805843991022,0.01009838840447716,0.012939816850829278
lung,498,-0.002840230038947724,0.002754204481411069,-0.003194208382745469
lung,499,-0.003932861559952362,0.008297738791610988,-0.006911336303339723
lung,500,-0.007378870793645918,-0.001878507762379347,-0.010275573215829531
lung,501,0.002919502021046285,0.009537608276084436,-0.002621204239107435
lung,502,-0.00397302338092841,-0.008679423570665135,-0.0056288221623694195
lung,503,0.005726710088440529,-0.0010818805325691445,0.010080527052388811
lung,504,-0.0012909707056465158,0.0010813475738610523,0.0011355593453487487
lung,505,0.006886941376181501,0.005280610407396404,0.013864643584817732
lung,506,0.004814521896105511,0.0027947167035271094,0.009027759811685788
lung,507,-0.000352075447895589,0.0009128635701233327,0.002110425790437289
lung,508,-0.004013035307312683,-0.002002355796657039,-0.0053814601676682085
lung,509,-0.0017174416363235079,-0.008006790761144456,-0.0069602055540145995
lung,510,-0.0008035248928299857,-0.0020220035250653468,-0.008282004636407539
lung,511,-0.002411345720716986,0.0015691955197795478,-0.002761177430138475
lung,512,0.0072382837376467985,0.012728076285815506,0.014686158317471379
lung,513,0.0024558030256767263,-0.001827740691040886,0.006758960666295546
lung,514,0.0021337707120198945,0.0021819695794491334,0.00485834947089008
lung,515,-0.003925613949246333,-0.002676043495195503,-0.0034329954950207127
lung,516,-0.00108131361523973,-0.006491207777553937,-0.0030164542869639452
lung,517,0.0004743258919267801,-0.00011221176026483348,0.001450722491458565
lung,518,0.00010759756222845455,0.0014992078671699587,-0.0006593345725483812
lung,519,-0.009128633153681722,-0.009686063113355153,-0.014923235398352618
lung,520,-0.0013030065423690247,0.001067998201822268,-0.005768127298343889
lung,521,0.010547901235598595,0.00430154372460063,0.0001366228852643283
lung,522,0.0006908052436649473,0.00356051185962337,-0.004895830750619621
lung,523,0.0014874144491072439,0.0008835241036502517,-0.0030152233627825653
lung,524,0.0010497149926775584,0.0008675258823564921,0.006955316486279829
lung,525,0.0027929749749146804,-0.004205867337549046,6.839621604449531e-05
lung,526,-0.0013971276549686422,0.0028394234505217664,-0.0037355209166207255
lung,527,-0.0006780127730362795,0.0035822664354564033,-0.007866625344759043
lung,528,-0.002433120471331716,-0.0044768199891594505,2.9177475975056266e-05
lung,529,-0.0031291591114530706,-0.0013758930043456055,0.006486174551763507
lung,530,-0.0025705254138792266,-0.00665084947687745,-0.01040371965339168
lung,531,-0.00037177513852699556,-0.0007353229328968258,-0.012304764581385769
lung,532,0.0001660477472944233,-0.003381778393686946,-0.002706823835839709
lung,533,-0.005563758629650371,0.005754090979212339,-0.012960669343050282
lung,534,0.005308668798563704,5.3625066359762157e-05,0.0001039633105739679
lung,535,0.006435135194621179,0.012926149953395017,0.0065156433400101925
lung,536,0.005089792200076539,0.010581029549420352,0.003112979709241357
lung,537,-0.002042475184132799,-0.002305708607365074,-0.004239693376394321
lung,538,-0.008422210786538533,-0.008496606188351546,-0.005179408547800071
lung,539,0.006075723655392227,0.003370975465002563,0.005954411222861103
lung,540,0.010664304996318421,0.006033728947639197,0.01170604429073797
lung,541,-0.0004818617870233355,4.7088634850635746e-05,-0.002294662952426002
lung,542,-0.0014874144491072439,-0.010835959941955233,-0.0017805527320618741
lung,543,0.0035510360548993056,-0.0013695936371252528,0.007029149154648742
lung,544,-0.003565052079700657,-0.005177907647155672,-0.009642980527642462
lung,545,-0.0011410105205646541,0.0002836197915489409,0.0021649789158713533
lung,546,-0.0007665105418500721,-0.0006805760109752182,0.00011438065195739278
lung,547,-2.704190008629796e-05,-0.0008206376231899107,0.004016315833215886
lung,548,0.004713596137153876,-0.0003230691588149426,0.008805843414686163
lung,549,-0.0015639122151039446,-0.007241930018614072,-0.0006086356980410472
lung,550,0.00036200248245200445,0.002414827682202497,0.0011166984572149319
lung,551,-0.005661251601653104,-0.0007622482850464614,-0.0034103312929781213
lung,552,-0.0028172747708983723,-0.0048615319025522765,-0.00044291032190867585
lung,553,-0.008757739370889481,-0.009471247184122076,-0.008211212937538986
lung,554,-0.0032533035372261654,-0.0041985688001352954,-0.010276629647036083
lung,555,0.0031738045370770054,0.007076595163055005,0.012362846063297656
lung,556,-0.006188709340853906,-0.005418858754066604,-0.005473982397983865
lung,557,-0.0016102573836840606,0.006396969560034707,-0.002018218397368071
lung,558,0.008684431319453354,0.009821027436536928,0.008321763605514166
lung,559,0.002235368580658157,0.0026714027513230947,0.0057134816804075925
lung,560,0.000910709145469433,0.003812093050779184,0.00034014858204335174
lung,561,-0.004464841488873004,-0.008767040613776617,-0.008697886182012476
lung,562,0.010547901235598595,0.014554335383747407,0.010649529463456495
lung,563,-0.012065775660050284,-0.013758660879218631,-0.012169531526262833
lung,564,0.005889658995006421,0.003928949008760553,0.013207184272559597
lung,565,0.00309092008042125,0.004018832650065002,-0.006654656519654439
lung,566,-0.0074727945295109495,-0.0015678289692791598,-0.0009493100670892136
lung,567,-0.005048752970374946,-0.0009614049530383235,-0.007257662767285854
lung,568,-0.0031291591114530706,-0.013089061313994408,-0.005467552373105153
lung,569,-0.0017834926136565583,0.004248782872091008,0.0023966881621928044
lung,570,0.007152480548156083,0.014600375868022698,0.003779442584982297
lung,571,-0.002283271595769678,-0.0029462122605354766,0.001976668357160843
lung,572,-0.004862529018918417,-0.0010911275525794053,-0.004449099439718708
lung,573,-0.008990668953962638,-0.0034181162712989084,-0.010194879197859543
lung,574,0.0016254719866801437,0.003772368675522858,-0.005704694743077193
lung,575,0.0057864044415411875,0.006313708518862898,0.009354471398514502
lung,576,0.0012527153376366285,-0.0051661097697400515,-0.003132849532283183
lung,577,0.005344882031163206,0.010648487876735068,0.013942660577901769
lung,578,0.007046323598833957,-0.0013489048703675668,0.0003174550423417728
lung,579,-0.002894769094408306,-0.013127884666275874,-0.006225097204015104
lung,580,-0.0018896495629786847,-0.005105045793077958,-0.008366670345030164
lung,581,0.013036375603492014,0.007605799596879173,0.015603951978400542
lung,582,0.001210444402180035,0.008530426138953098,-0.000775057458796589
lung,583,0.0033936709801103324,0.006651212899304454,-0.00022544282627239443
lung,584,0.0004088674051393552,0.0034817476310655586,-0.0063608672632485905
lung,585,-0.0038901225872945886,-0.0010913029078127023,-1.4457529390637935e-05
lung,586,-0.003257233236400379,0.0005484909520313461,0.0010030112596253475
lung,587,0.006353261704304679,0.016213949447531267,0.0030832434552062844
lung,588,-0.0004569309060214373,-0.004054709538098546,-0.006380642417343568
lung,589,0.004237498289801032,0.005710573116995475,0.011208490607439439
lung,590,0.007198121916670751,0.008834241992350694,0.004815473389729865
lung,591,0.00312813180813575,0.011813644499124523,0.0007527989796847676
lung,592,0.007494269866661342,0.009284107290831168,0.0025416154441384176
lung,593,0.004365618110402082,0.003280378586443339,0.005873428610674349
lung,594,-0.00870971282979204,-0.010118675827998923,0.0020576030350820396
lung,595,0.003915367137848634,-0.0021499283550710235,0.011583229298168268
lung,596,-0.0017834926136565583,-0.0017090972118435446,-0.00573709978076097
lung,597,0.0028201944306702844,-0.006668910790763177,0.005798669174057644
lung,598,0.007855921525760284,0.009362565618884497,0.010356481193794518
lung,599,-0.004920678845427638,-0.003026199449067726,-0.0052177692104449875
lung,600,-0.001963537690566277,-0.00784675927709308,-0.00433887051901726
lung,601,-0.012942451867626983,-0.01743959528724055,-0.02331500122168853
lung,602,-0.0017441240740568575,-0.006279020190430075,0.003198503893395571
lung,603,-0.0021636183757534344,-0.003133693667806072,0.004325840567476101
lung,604,-0.0068462429136467995,0.000224505184369052,-0.01197079114714934
lung,605,-0.00045757832801771037,0.0016765622050526987,-0.01256122025637397
lung,606,0.005548991253820144,0.0017867154694038898,0.002824412494949959
lung,607,-0.0033649713945134996,-0.007571847625653855,-0.014319134717166976
lung,608,0.005397729577542004,-0.0019905943827096817,-0.006040210600555679
lung,609,0.004663969220478024,-0.002166436326450666,0.004772843491831094
lung,610,-0.001311633559903778,-0.007501793613792505,-0.0004307423660963132
lung,611,-0.003053087053958801,-0.002880040658874529,0.007026144707715223
lung,612,-0.006854092478295502,-0.008015752048142468,-0.020114550265727716
lung,613,-0.010041522593857924,-0.007238405251001362,-0.01676915111472994
lung,614,-0.009128633153681722,-0.007819846158075027,-0.016708235951772205
lung,615,-0.0029763334902989567,-0.008766963710038739,0.0012353991152800428
lung,616,-0.0036216810194631133,-0.004422922302184283,-0.018240847223318986
lung,617,-0.007833356399056626,-0.00420418707104565,0.0018071450644434137
lung,618,0.0023415255299802837,0.002206952043325966,0.0040230747602825285
lung,619,-0.004249534126523541,-0.0039267353845278035,-0.002919838262440734
lung,620,-0.002858629712557468,0.00717911905134321,0.0018900839425412823
lung,621,-0.0015685457143436072,-0.00429451494353153,0.0027287080034757534
lung,622,-0.004891312419549996,0.0003728569945767035,0.009276393847026488
lung,623,0.006012593963118401,-0.0009120322618355325,0.0025441335772050377
lung,624,0.00180021478345944,0.00424895310885523,0.011721507491267703
lung,625,-0.004364270923552062,-0.008906173960949643,-0.008805560840477445
lung,626,-0.0050208469784689125,-0.011884272532569694,-0.007498340895888847
lung,627,0.00342981036196117,0.005073459001293032,0.013286894045089545
lung,628,-0.0027225262612062353,-0.0063516955892172116,-0.010555720500718688
lung,629,-0.004172039803013607,-0.009564880146180833,-0.007465888891161482
lung,630,-0.002827381719332084,-0.005399980640714943,0.004397202039728293
lung,631,5.3131847274022016e-05,6.169812333318517e-05,-0.002285261414378061
lung,632,0.003031206838118259,0.0006693448091637613,0.002910769250737586
lung,633,-0.005256151051709411,-0.006986771934323371,-0.001510640025117999
lung,634,0.0057864044415411875,0.004294479765462128,0.005697410217036837
lung,635,-0.0014118950307988691,-0.006853162855732907,0.005121819177719468
lung,636,-0.003330541287836506,-0.007360302074855487,-0.008082012751870362
lung,637,-0.0011042874528579087,0.0018693492786887864,0.00650038750976418
lung,638,0.002925049888796133,0.00967442396824994,0.00529204572140469
lung,639,-0.0009994401249232288,-0.0026986873449173594,-0.0014801215218868218
lung,640,-0.0037530825193392847,0.0057360227020941765,-0.0036402561659234964
lung,641,-0.0030952829102497506,-0.00015876023686951313,0.0008342901267790752
lung,642,0.00619031024551452,0.005187457752287747,-0.004534092474766467
lung,643,-0.0010769344484331627,-0.0031548912897402344,0.0014794438009174775
lung,644,0.010724001901643345,0.012005994738809247,0.012536803067046012
lung,645,0.004003108272756267,0.0019645334394470713,0.00022868884225121788
lung,646,0.006108535593493586,0.007112310595199391,0.0023000555778424545
lung,647,0.008742524767893398,0.005704776207359142,0.008949228132326948
lung,648,-0.0025960719301218738,-0.0060441152486015535,-0.0006527497223775269
lung,649,-0.005475027650196575,-0.001642563376994486,-0.0040086112854976486
lung,650,-0.001754573414944773,-0.008910267320130089,0.003551377700443864
lung,651,-0.0023667002950930514,-0.008201477366539006,-0.00047685292311365956
lung,652,-0.012065775660050284,-0.009350498249183558,-0.013226232980157526
lung,653,0.002682193271166561,0.0004852896677808214,0.002089968245880989
lung,654,-0.0011843544549923108,0.0016472424256637104,-0.00623957525867444
lung,655,0.008245774345147625,0.008758228561700785,0.00738604885108902
lung,656,-0.0019034693369246736,-0.005320760598063681,0.001921028563528502
lung,657,0.009332458272467897,0.018985823471779413,0.00765101158409671
lung,658,0.0009882034689793668,-0.004137134838271097,0.00012331395250026833
lung,659,0.007773544618314615,0.0016318290795067358,0.009404046999207447
lung,660,0.0032533035372261654,0.008506363140132821,0.009025272940576284
lung,661,-0.0059115761706316034,0.0024244357570140556,-0.007192760144267683
lung,662,-0.0012206912135777348,-0.0004792880776915883,0.006834405651867723
lung,663,0.00846555472096619,0.005217138483694825,0.004954921412025831
lung,664,-0.00011152726140266818,-0.00399309684858241,0.0013622577196773975
lung,665,-0.002584382147609856,-0.004695358996089019,0.0057673205559197645
lung,666,0.003943076878899304,0.010143807415885896,0.011390951458723885
lung,667,-0.0039858158515570785,-0.0043888300150499255,0.0035906212737227368
lung,668,-0.0017268636738941023,-0.005489139458310357,-0.009218993519007485
lung,669,-0.006202459329358617,-0.009652486777135585,-0.013995275383240663
lung,670,0.007999715250689496,0.011665658698860649,0.010375048079140478
lung,671,-0.007414399115382303,-0.012072354790038181,-0.006913496583205493
lung,672,0.0016102573836840606,0.004753463962386175,-0.00828383552123795
lung,673,-0.004613737410852904,-0.0026286968207548662,-0.00572705434633348
lung,674,0.0024212727552734015,0.005564479333975516,0.005012016132865329
lung,675,-0.00903474637760133,-0.003872294012184409,-0.014611059091478463
lung,676,-0.0047339498969852884,0.004280181555683317,2.3255969354056896e-06
lung,677,0.007691671127998114,-0.0015738587680777056,0.008964673565614062
lung,678,0.004858463521663997,0.004626907387783051,0.010553154652179736
lung,679,0.01314253255281414,0.02010002959600714,0.014254811453838695
lung,680,0.00619031024551452,0.006363356640598792,0.009246660322591277
lung,681,0.008145240739611323,0.010102500239600604,0.001932041145078416
lung,682,-0.002468298163731314,-0.00011924671399640707,0.00237305246676503
lung,683,-0.0032769477810224157,-0.002239595158318351,-0.009512815282829979
lung,684,0.0008213223110149955,-0.001266357836271853,-0.0031736260737715203
lung,685,-0.007474096020707227,-0.014606044789576233,-0.004081678395955421
lung,686,-0.0007461567820186606,-0.012742125915904318,0.0013814294373272473
lung,687,0.0011298887400378783,0.005444844020713796,-0.005016262327757251
lung,688,-7.731676784062762e-05,-0.005528556199425559,0.0006374101750294126
lung,689,-0.006654011793108344,0.002858821531327391,-0.00392396446872246
lung,690,0.005168766653427702,0.010647787175121392,0.008508314333510653
lung,691,0.0005065192376253377,0.0012090924937612122,-0.004803261386940048
lung,692,0.006315481974604936,0.0038460802242370564,0.020736779682603394
lung,693,-0.00421714452996962,-0.00013893922786979186,-0.00107989253359315
lung,694,-0.002061824256259809,-0.0037808889764978926,-0.003311658401330399
lung,695,0.0013309826320307878,0.003286797330844961,-0.0027275710713845587
lung,696,-0.0030446574131586337,-0.001401008773826771,-0.010668141735303496
lung,697,0.004719894360175031,0.005647806929818783,0.008274782934404193
lung,698,0.006406284448144793,0.0016610694322420627,0.012398659552921253
lung,699,0.006896868410737916,0.011460724742591882,0.015043390311223195
lung,700,-0.007484023055263643,-0.008968224726992168,-0.004870443545324834
lung,701,-0.005082963463936986,-0.000849890698412856,-0.012412622359573012
lung,702,0.006640158785788303,0.005641359279668014,0.008526787567065791
lung,703,0.006630231751231887,0.0028251051868571813,0.006267767328318805
lung,704,0.0011752210141266946,0.0031859005247823384,0.004089486732834167
lung,705,-0.005735139729240696,0.005117028015026975,-0.0048839003142974275
lung,706,-0.0018913202530805768,0.0008304817564560678,-0.01240250971757
lung,707,-0.0014387593752158607,-0.004331135196889925,0.0032259384776438067
lung,708,0.002808965904917591,-0.001069125342295872,0.011445473447928872
lung,709,0.0028054270548400575,0.0033435201919508233,0.011390767440400563
lung,710,-0.002604698947656627,-0.004492171422992177,-0.01243785486612171
lung,711,-0.00031294093023686204,0.0019954038888205143,-0.005383506493853135
lung,712,-0.007495870771321957,-0.006305871676886056,-0.01493130718996848
lung,713,0.002468298163731314,0.011650866381934957,6.288819520493738e-05
lung,714,-0.009786469722555896,-0.006648335838670055,-0.02019774807289016
lung,715,0.002175533437656557,-0.001440900602606552,0.0017214406886775502
lung,716,-0.0019426038545834006,0.001485797217775651,-0.000476187489884474
lung,717,-0.0002176842107247945,-0.00689488567209548,0.0009258347621499778
lung,718,0.007378870793645918,0.008295673552069626,0.010103754095611308
lung,719,-0.014029135794947254,-0.010694806211680424,-0.015947012096925568
lung,720,-0.0003845676091556634,0.007458520691908378,-0.0037202918074406106
lung,721,0.0066076666245282285,0.0032495919049450876,-0.001285263834535079
lung,722,0.0027931712257700434,0.001377666595579206,0.008641884740591918
lung,723,0.0006778165221809166,-0.0018685858648181675,0.002873996679986418
lung,724,0.003176706932933898,0.0028131591385640677,0.0031120879268696313
lung,725,0.001624433894255974,0.009642936871441845,-0.0038980994407609992
lung,726,-0.0047323464401004085,-0.004336310187194353,-0.005335769590943867
lung,727,-0.0023999209441089298,-0.0021193348276112764,0.00016889546641976616
lung,728,-0.007935829236823963,-0.008104725445570993,-0.010856499013572097
lung,729,-0.007622991942687128,0.0031961557944084522,-0.013190818577448925
lung,730,-0.0013233603022004363,0.006983425734161357,-0.002110374484990139
lung,731,-0.009786469722555896,-0.011226524542578248,-0.010718407765772773
lung,732,-0.004547922196384123,0.0046608425562032945,-0.0075883831341361325
lung,733,-0.006161526844882942,-0.009380401414948494,-0.006944102666371882
lung,734,-0.0021242498361537334,0.0004940583363974758,-0.003444421586665182
lung,735,-0.00400180678155999,-0.010108383552297383,-0.0018968884694887393
lung,736,0.0002607799200084933,-0.0014698409626054676,0.008964335989757554
lung,737,-0.0002176842107247945,-0.000279306423451466,6.522432613323415e-05
lung,738,-0.0048828458189651884,-0.010237001779689808,0.00370940645875729
lung,739,-0.0051805946736163955,-0.00837026163810207,-0.004024637539563568
lung,740,0.0061338171038322715,0.014338561207062273,0.0034089338018668818
lung,741,0.004431992590987005,0.006105043276597361,0.009646927825073343
lung,742,-0.002495847419011423,-0.007963311778329235,-0.005584717705279102
lung,743,-0.0081396173958255,-0.004497691912042218,-0.018250292520375848
lung,744,-0.011424577443175293,-0.010123137133067756,-0.015221053626053332
lung,745,0.004051470589199867,0.0019173300561294575,0.0045055633381788735
lung,746,-0.0031264320651795685,-0.0014115175312787258,-0.005557489940636123
lung,747,-0.0036942852708337914,-0.003718589813013697,-0.009126431605266966
lung,748,-0.004629795686700623,-0.0033177848934952212,-0.008593394242921649
lung,749,0.009847325694066647,0.007786422671906556,0.011243832402312331
lung,750,-0.004193766920372831,-0.007802140171540378,-0.0030718353055122034
lung,751,0.000982692561014159,-0.0009947485132179301,-0.00833448985239644
lung,752,0.004829680121032419,0.0036553483405032308,0.0064370971923646365
lung,753,0.003836919929577178,0.0056978470933213565,0.011380299915126077
lung,754,0.0021636183757534344,-0.00503422121852673,0.010210533705178762
lung,755,0.001591584996369975,-0.008133685988493669,-0.007851047971272646
lung,756,-0.007234354038472585,-0.0027075357445089654,0.0008207428269728732
lung,757,0.002204120587432773,0.007612368405194719,0.0075139012119981585
lung,758,0.003058710397744626,0.006936801644958089,0.0010836402840287513
lung,759,0.0011657989765561,0.005906699295770118,0.006452818159535995
lung,760,-0.002886339453608139,-0.003136132498228944,0.004103366587801184
lung,761,-0.00212032013697952,-0.0006381025945482826,-0.009449979032615546
lung,762,0.002604698947656627,0.004228083735588704,-0.007192648515920894
lung,763,0.007764979179434241,-0.0009188871670022707,0.0052445721174212145
lung,764,0.009565387855541055,0.0034236723167331753,0.012995322536207804
lung,765,0.001961599745149358,-0.0034574200990876067,-0.0007696876148566936
lung,766,0.0006198259867424191,0.004115562685687736,-0.0036289158406302142
lung,767,-0.01162465812836245,-0.007885726016130402,-0.007716878153457831
lung,768,0.0033097966789084146,-0.0023980102314965592,0.0053208379799619026
lung,769,-0.003406734120150162,0.0015414887429789264,-0.010757817641350281
lung,770,0.010154242243022962,0.001212016575906482,0.0068614311893311075
lung,771,0.011949691676171742,0.020426235478693183,0.015219911926434284
lung,772,-0.004709666437979663,-0.01765140632173805,-0.016753051423718756
lung,773,0.005595237584104694,0.006452823800972535,0.009515157907297447
lung,774,0.007973625303501772,0.0023233885901004035,0.009421232308677927
lung,775,0.0012570945044431958,-0.004156277997837289,-0.004750720996019263
lung,776,-0.003637035495245383,-0.0007946665881143435,-0.000240620025938304
lung,777,-0.0012386786900287032,-0.0015213425528885771,-0.007610936091023526
lung,778,0.0007339009529486462,0.0015688419453229832,0.0003925553226424942
lung,779,0.0023391967354666845,0.005093869563242398,-0.002740058198291031
lung,780,-0.0002942808150170617,-0.005761745174334874,-0.008383905998009375
lung,781,0.00359476455978879,0.005124675482685664,0.004635465819752318
lung,782,0.0021226489314931187,-0.009014074667838295,-0.006185836084348206
lung,783,0.00490974712316682,0.00396448186025769,-0.005303291091516625
lung,784,-0.0037169062465244227,0.004979716255684394,-0.013783699847020391
lung,785,-0.0007484614867447245,-0.00042846292002404757,-0.005413159339604391
lung,786,0.00041909787955898836,0.0024422482049594276,0.003807027269750731
lung,787,0.003674635311067829,0.008267101624444653,0.010664341352477152
lung,788,0.004442924313247822,-0.0007509017147889303,-0.0036039910161775055
lung,789,-0.007972005509638827,-0.01236223900723089,0.0029906438921299856
lung,790,-0.0013332873367568516,0.0031492536617771984,-0.00021450183576057769
lung,791,-0.00204166674728376,0.007803596488034073,0.0028322040924035063
lung,792,-0.006017733119953729,-0.011190763071147053,-0.014490026046506389
lung,793,-0.008124886979779913,-0.01262203039939348,-0.0035983214032268103
lung,794,0.006161526844882942,0.004911956390832112,0.0018198434990175094
lung,795,0.00011152726140266818,0.004714765601254509,0.004419720324177265
lung,796,0.000816822369389042,0.006494840172899169,-0.005103975094326391
lung,797,0.003575335850882997,0.0014817116956692133,0.001993086579834241
lung,798,-0.006396037636747093,-0.011566135561781571,-0.014902391148445835
lung,799,0.003076867095835258,0.002947950519143122,0.006196009074491869
lung,800,0.0063289782452990535,0.011582020814891672,0.00046763201698558476
lung,801,-0.0032297296767740125,0.003786183488150731,-0.009024331921444907
lung,802,0.001583276130389194,-0.001724235313214704,-0.0008434559217702178
lung,803,0.0016294016858543574,0.0018074235765241458,0.005329417411536798
lung,804,-0.003565052079700657,-0.005031602308225182,-0.00720016756341175
lung,805,0.001311633559903778,0.006431260533744774,0.005813031336173419
lung,806,0.001971387255214979,0.0038477328860164473,0.007820100770036854
lung,807,-0.0023161204936556767,-0.0010685341689021337,-0.0030830526284325124
lung,808,0.00336500835429814,0.0002972178565022465,-0.0032996511775141564
lung,809,-0.0021337707120198945,-0.0064487259926958125,-0.0015415456867343227
lung,810,0.0011371363507439076,-0.0035616182793752615,-0.00022420487737936923
lung,811,-0.0027450048118864145,-0.0005045519808515217,-0.0037329647274458033
lung,812,-0.010227587254243728,-0.018009474884454618,-0.006419107238592597
lung,813,0.004231911905799847,0.00916737861315663,0.005052546156990143
lung,814,-0.004464804529088364,-0.0144247067316297,-0.0035606951694762408
lung,815,-9.410129153433755e-05,0.005323438430397426,-0.005237458884559648
lung,816,0.004627792947663162,0.004115896344936171,0.0013319981913698744
lung,817,0.006727899920695936,0.00017766862036623123,0.0068737834138426395
lung,818,0.002719623865349343,0.009232520461818244,-0.00895977413608746
lung,819,-0.006291182178621245,-0.0006537016209921809,-0.009488691117614884
lung,820,0.005851223713119237,0.008140913123990613,0.007172635499250854
lung,821,0.005495397747006053,0.003314161457527026,0.0010841849701560642
lung,822,0.000612676186947464,0.004079186994608916,-0.009281416717974547
lung,823,0.0032979489628501,0.0016759506801582909,0.002940601655215582
lung,824,-0.0022605433457709248,0.0010175477658504926,0.004057731385337632
lung,825,-0.001070076959295868,-0.008704213405206617,0.005453407503125868
lung,826,-0.0009707774991110363,0.0014845024582687085,0.00031040647452504344
lung,827,0.005657645405730762,0.0017810342808225002,0.008735115565276405
lung,828,0.003932861559952362,0.00560330435772502,0.002258477655005151
lung,829,-9.812982900411771e-05,0.0033518976187728497,0.0011776580559538137
lung,830,0.008651582421567355,0.011373384431104,-0.0039035194440682954
lung,831,0.0032769477810224157,-0.0010268806551194205,5.812675446830373e-05
lung,832,-0.005969566706070101,-0.00511198048920226,-0.0029690352103097506
lung,833,-0.006491262863808402,-0.0010308977503007133,-0.002049004567421732
lung,834,-0.009541088059557362,-0.012049042926509018,-0.015765485779648158
lung,835,-0.004073556986464712,-0.004288345894616139,-0.013454842059142907
lung,836,0.0047339498969852884,0.003465380405116819,-0.003503465311916319
lung,837,-0.0019922003163784694,-0.002382525235875057,-0.0037733561177406656
lung,838,0.00200966324603144,-0.0015157483272639307,0.0015419203955166032
lung,839,-0.0001862052562704719,0.00643190099876768,-0.005597231508234758
lung,840,-0.003847851651837995,-0.007288871015979276,0.00727696415631297
lung,841,0.0025879513837475574,0.004697298920988496,0.009022059021205944
lung,842,0.004364270923552062,-0.0021725199981661725,0.010275544273696136
lung,843,0.0022076588396074868,-0.005907229160747993,0.002942027313744905
lung,844,-0.0039858158515570785,-0.00691590335545462,-0.006838636749686313
lung,845,0.0038523058978102063,-0.0001496139900025082,0.0008517744020498561
lung,846,-0.001544916324537987,-0.001593115191967226,0.0011966007815646662
lung,847,0.00499456697301523,0.006889063402689179,0.010388451586720943
lung,848,0.003565052079700657,0.011058656650735623,-0.0031183211758825566
lung,849,0.0034711283438356257,0.009742202266912164,0.004490234796934398
lung,850,-0.0007681114465106867,0.00045468188241338614,-0.002699300036172183
lung,851,0.009267639000889847,0.003349900251571715,0.00440486374482941
lung,852,0.0007394488206984943,-0.0023283416770973992,-0.0031683311542061257
lung,853,0.00029718321087395433,0.006904233573592053,-0.0022591950384766857
lung,854,0.0006639597884502876,0.00011475684011947695,-0.009213451395303596
lung,855,0.006886941376181501,0.006972254301777198,0.018078805711070244
lung,856,0.004013721843463112,0.005181976964194026,-0.0012012133906232252
lung,857,0.007066986453091219,-0.0010308477281172805,0.010243329692335998
lung,858,-0.005357031115007303,-0.012669509676510973,0.008085440472785855
lung,859,-0.00023649646100286822,-0.0055463751262979175,0.0005421272784233525
lung,860,0.0014293373376452663,0.0024110830246185746,0.0028433860991744775
lung,861,-0.006899197205251516,-0.005680718573016155,-0.01089434759120218
lung,862,-0.0034886076104666632,-0.006704003840565936,-0.011372848699388528
lung,863,0.004523638737378498,0.0077504285992319455,0.0032061790333096
lung,864,0.0021476274457505238,0.00015401878755589692,0.005417847696013066
lung,865,-0.005553474858468031,-0.011196353893907673,-0.016516124260236843
lung,866,0.002861920196522307,0.009382345356643127,0.0071218601494528275
lung,867,0.0028991319242368065,0.0007881550757576441,-0.0007869487157609141
lung,868,-0.0034508115437888545,0.001558474126203311,-0.012154063070442709
lung,869,0.0022494215652441494,0.002432439566979315,0.007168015402620992
lung,870,0.007132126788324672,0.012114074749489456,0.014221132788987484
lung,871,-0.0006209850529282449,-0.0019267230264104576,-0.008454179292440698
lung,872,0.008790588268775481,0.008224032627179292,0.007576148278781975
lung,873,-0.0034886076104666632,-0.009702111336539596,-0.0006015579021191224
lung,874,0.0012954543102944027,-0.0015361425703616185,0.0054746667066824795
lung,875,-0.006390489768997244,-0.007571363181510388,-0.017471050311859405
lung,876,-0.0032020199357233417,-0.008408619152846436,-0.000826740025163595
lung,877,-0.003683704167077371,-0.003775452262155763,0.001315791589599186
lung,878,-0.0048726153445455556,-0.003270337362866943,-0.003563641719591994
lung,879,-0.006932046103137514,-0.004707284567231471,-0.013294779390560979
lung,880,0.0019363182348106727,0.00953196473897743,-0.0007199711286951236
lung,881,0.0036216810194631133,0.00274369308720541,-0.00038570552650145796
lung,882,-0.0028511617612085407,-0.010762754816372908,0.00039739402719451066
lung,883,-0.0048726153445455556,-0.007064907526344635,-0.002118159691994146
lung,884,0.0031830240451573844,0.004405817374081457,-0.0033463643400638106
lung,885,0.0006655606931109023,0.0023161689573255686,-0.006877819292437998
lung,886,-0.001243293300066034,0.007567664542634791,-0.0017682299623184294
lung,887,-0.010547901235598595,-0.009362974835978968,0.00027058178672625943
lung,888,0.002078003505869184,0.00391491270522549,-0.0036705956037714296
lung,889,-0.0025960719301218738,-0.007461279196478793,-0.012057420722976433
lung,890,-0.004618370910092567,-0.010534463314858439,-0.005197417552633986
lung,891,-0.003975888817000663,0.004184708434523167,-0.004175882290436389
lung,892,0.00787970156763674,0.0009313302063664961,0.006396229740535266
lung,893,0.0012954543102944027,-0.0010535971394405041,0.0065298277846220125
lung,894,-0.002664432812766191,-0.004717258012516684,-0.0036966479936143826
lung,895,-0.0047339498969852884,-0.005972410539816074,-0.006597716218674582
lung,896,-0.0009835699697397042,-0.011021318733640382,0.0037083276860062162
lung,897,-0.0007891126283383713,-0.004250533707869514,0.0015009445404848927
lung,898,-0.006421638923927063,-0.005360293725217652,-0.001983210136717142
lung,899,0.0019034693369246736,0.007324919661614758,-0.003143265387642119
lung,900,0.007658822230112115,0.002836606577578181,0.0019926303497724935
lung,901,-0.00624653675299731,-0.003590354548463117,-0.004789773102134456
lung,902,0.0036041865973593843,0.0008980348684154149,-0.007120419413947707
lung,903,0.0034383164057342672,0.0016920282092135939,0.007599889823225006
lung,904,6.528093111811868e-05,-0.0033126112887089756,0.0003293801084533754
lung,905,-2.7850336935336673e-05,0.0011530230755778064,0.007245115132233831
lung,906,0.0016690793198799088,-0.003033153650205539,-0.00027367258580919085
lung,907,-1.7755566930621747e-07,-0.0007866740329627956,0.0043454578722588455
lung,908,-0.0009274792603371218,-0.004412645476184576,0.0025948891047011167
lung,909,-0.001346436544011444,-0.004440423576191112,0.0029383790126298603
lung,910,-0.004608794504872939,-0.01355102017198942,-0.009918575129438324
lung,911,-0.003250083436605424,-0.003448768752247302,0.00407671432931514
lung,912,0.0025705254138792266,0.0035292310553998265,-0.005681266175495239
lung,913,-0.002813328734746092,0.0020856745818605507,0.0016017297587543242
lung,914,-0.003715286452661476,-0.003560878432449168,-0.008808484857598525
lung,915,-0.004338068855121974,-0.002062761076550725,-0.0024300485580058357
lung,916,-0.00360912950333935,-0.009076593862657162,-0.014682778154039539
lung,917,0.004087609971050704,0.002772746315645734,-0.008903401679463066
lung,918,-0.0034508115437888545,-0.012509089848163632,-0.004451583361760722
lung,919,-0.004523638737378498,-0.002010090135304445,-0.005366471501484607
lung,920,-0.0010769344484331627,0.005847691776520771,-0.0022273653134699074
lung,921,0.0016119757159860266,0.004375697641933601,-0.005931404269562873
lung,922,-0.0002568502208342797,0.006344488808474352,-0.0036810553414588403
lung,923,0.003556968493110981,0.001961764368859966,0.00826018684730076
lung,924,0.004790741854229054,0.009022168275200923,-0.004844439202966317
lung,925,-0.0010710668038420301,-2.8002847728497704e-05,0.005064889583810378
lung,926,0.0034507745840042145,0.00036731677230160886,0.006700945439123816
lung,927,-0.005563758629650371,-0.01051198149277946,0.00028495488517150426
lung,928,0.007484023055263643,0.014111254992224553,-0.0005385536009908922
lung,929,0.001846674827456642,0.004393077214455726,0.007092246427342139
lung,930,-0.003751116740086463,-0.0018657630256493085,0.00469854334514542
lung,931,-0.000597908811117237,-0.004470352716374221,0.005174060592232882
lung,932,0.007323293645761166,0.0017850565825116103,0.013117591347336855
lung,933,0.004237498289801032,0.009394860927087644,0.0037391502755332227
lung,934,0.0036572093411994986,-0.005493985214384312,0.0018695759760802937
lung,935,0.0059025073146220615,0.008945967208565785,0.0024003600847970394
lung,936,-0.0005020356329774508,-0.0021949208521457966,-0.0015437749273969994
lung,937,-0.006570534845906963,-0.014577928011872788,-0.005294618360684317
lung,938,-0.004626189490778282,-0.005595199890003723,-0.00679516984569753
lung,939,0.006904336362086844,0.0094299426722425,0.014277212945411167
lung,940,-0.007005354154573641,-0.0017614372669037814,-0.007074298983935051
lung,941,-0.004402396707462296,-0.0011173276852540865,0.005196710620464405
lung,942,0.004398467008288082,0.0046462759236116,0.010761200295711548
lung,943,-0.004608794504872939,-0.004081490427551228,0.0056042437098105065
lung,944,-0.0011019129626905673,-0.0005415718448827285,-0.0008656424689600649
lung,945,-0.006952399862968926,-0.009629924577076001,-0.005791942542861686
lung,946,0.0012458659786905024,-0.000498274446494205,0.0018771178131387158
lung,947,-0.0059025073146220615,6.367594977691772e-05,-0.002563997668995131
lung,948,-0.004964620470986124,0.00045682985370396056,-0.005141751484833655
lung,949,0.0012938731015034084,-0.0011705325377990943,-0.0008548332003113872
lung,950,0.00439646426925062,-0.00365490952617432,0.00970527651435472
lung,951,-0.0036797744679031574,-0.008618871649109489,-0.0027232579152200917
lung,952,0.005140067067830868,0.008124412651012797,0.017036982781420972
lung,953,0.0011298887400378783,0.0007979643161193835,-0.00033528156166213563
lung,954,0.0007497629779410023,0.003822643203867206,0.007941289597270465
lung,955,0.0029234317202204985,0.00728992008149625,-0.004262365339066774
lung,956,-0.0048019703799817475,-0.011588934625573505,-0.0023709125045251927
lung,957,-0.009892626671878022,-0.013030760555763863,-0.013337249488536623
lung,958,0.0006908052436649473,-0.0001540917292066346,0.001309618916935105
lung,959,0.0002176842107247945,0.009264835670565491,-0.005964073310793748
lung,960,0.003915367137848634,0.003419137849028355,-0.005458508702028824
lung,961,0.004691678961528695,0.0014776996788948373,0.012591013478632665
lung,962,-0.00015462297068636702,3.7520712971556014e-05,-0.0027910649402133705
lung,963,-0.0019322896973408925,0.0014692932353552273,-0.009205559709605265
lung,964,-0.005271537019942439,-0.008001416851888682,0.0025212790339396067
lung,965,0.004239099194461647,0.0034378579117404777,0.0004748744440993178
lung,966,0.0021476274457505238,-0.007106846558005243,-0.01111283034168169
lung,967,0.006904336362086844,0.001743364118975123,0.013866842600609913
lung,968,0.00013882829153881912,0.0034341229074925927,0.012000240093336566
lung,969,0.007516871953149641,0.007508305677090478,0.022290023027367534
lung,970,-0.007242767342294685,-0.010086581050600832,-0.0028317565666088436
lung,971,-0.0019335911885371704,-0.007719148713460679,-0.0021363424709080017
lung,972,-0.0005308863794538377,-0.006726136161472875,-0.0005146034662183904
lung,973,0.0017112751761708584,0.003990192560567217,0.0034001310973427825
lung,974,0.00108131361523973,-0.004222292230332131,-0.00778440886089148
lung,975,-0.00017593782206619854,0.008708717648046677,0.005319273137178551
lung,976,0.007301376470135984,0.004206791813899297,0.014101716302276902
lung,977,0.002506077893431056,0.0003091742900453165,-0.0005104552796576607
lung,978,-0.0007477576866792753,0.0033917829178748134,0.0020950367563794627
lung,979,-0.007242767342294685,-0.009844236084512395,-0.006174945707723081
lung,980,-0.0059064370137962745,-0.01091572268378844,-0.0084268440758093
lung,981,0.0009396283441812184,-0.0021985055397046225,-0.0014198518902143096
lung,982,0.006279953652868551,0.005013030505552343,0.0009098998782123193
lung,983,0.0015354942869673927,0.005819038003685005,-0.0010649764952219976
lung,984,0.0042104365686494545,0.010372815532429424,0.0006208163858473321
lung,985,0.002458014392548974,0.0033020810668460687,-0.005336042986815198
lung,986,0.003665622645021599,0.002704690068205756,0.008130946692022568
lung,987,-0.0034501641217925816,-0.0012704902317757318,-0.013569325325458265
lung,988,0.00526639786310711,0.00769080558465073,0.0065162320081777
lung,989,0.0064679840925071785,-0.0008611403595026783,0.00250589084628743
lung,990,-0.00024299721351423811,0.007062382102179307,0.0037206013427067883
lung,991,-0.0009274792603371218,0.007545595770223743,-0.0012244410250897564
lung,992,-0.004643652420431253,-0.00605751070606983,-0.005096301842763986
lung,993,0.0004917518617951108,-0.0043353456692594074,-0.006943684556851413
lung,994,-0.00779782807732024,-0.006373197765206645,0.0008722377093379838
lung,995,-0.004269707972477656,0.0010444683561920687,0.0017409686577002648
lung,996,0.0033282124933229074,0.001897296200659639,0.011546818342701742
lung,997,0.005246224017152995,0.0026604225888419986,-0.0029911911917486125
lung,998,-0.014029135794947254,-0.022890063162057855,-0.01758526569465854
lung,999,-0.011916842778285744,-0.006093175518059833,-0.018181618684006945
lung,1000,0.006524111761694401,0.013877935592468794,0.01072715499713196
lung,1001,0.001119673421090937,-0.00625787851268573,0.013666593750706455
lung,1002,0.005720409313195109,0.004679447084665935,0.007478897207282648
lung,1003,-0.00870971282979204,-0.012592685955526086,-0.013618111987026163
lung,1004,0.002481794434425431,-0.001067345241872214,0.0016832169356081244
lung,1005,-0.010664304996318421,-0.008331984634569736,-0.0019610534696645667
lung,1006,-0.00037177513852699556,-0.0001558863185527615,-0.0004922127259076685
lung,1007,0.007658822230112115,0.0006766087748405394,0.014793655422974719
lung,1008,-0.0066076666245282285,-0.0054135003104410495,-0.0023671063331757265
lung,1009,-0.0011298887400378783,-0.0035978456892306514,-0.0011461716532733257
lung,1010,0.0009835699697397042,0.005516347325214527,-0.002403321385996017
lung,1011,0.003082490439621083,0.0077313204323542035,0.0014007379182927326
lung,1012,-0.0007665105418500721,3.340044937229724e-06,-0.004936368037291999
lung,1013,-0.006883335180259159,-0.0036456107613089908,-0.016551036446645455
lung,1014,-0.002245475529091869,0.003138222098838563,-0.01048587444059491
lung,1015,-0.007578951478833075,-0.004117530399301933,-0.008169230835973235
lung,1016,0.000560129081417495,0.005241812859075647,-0.0013491325411807698
lung,1017,0.004302556870363655,0.0020847732450444043,0.003789520720103995
lung,1018,-0.0027147240174985876,0.0036230696224032093,-0.006749900214780641
lung,1019,0.002073860092982318,0.008215575631790198,0.0017796837755716668
lung,1020,-0.00257445511305344,0.004234135507956233,-0.0007307394763690447
lung,1021,0.007982252321036526,0.015475856892071493,0.0069405130266169774
lung,1022,-0.0033880476363245073,0.0035500189672408957,-0.008799073888288794
lung,1023,0.0050914919430327206,0.011641723243362425,0.008172127775389032
lung,1024,-0.00017593782206619854,-0.002688787976449549,-0.005128795535615229
lung,1025,0.005690494303616761,0.0035795174551375986,0.005328028590841721
lung,1026,0.006927980605883094,0.009343848113039815,0.016471736628038643
lung,1027,-0.005975462184497136,-0.0016889864416206792,0.003318857769325269
lung,1028,0.0019164950181933444,0.01279485929684479,-0.002127167258204046
lung,1029,-0.00312813180813575,-0.011483362359578392,0.007379891983543005
lung,1030,-0.004259461161079957,-0.010271353676647287,0.0014988653531581202
lung,1031,-0.006873088368861459,-0.012464108540706962,-0.014392434224334772
lung,1032,0.0025488538258734705,0.013691288758614353,0.008677949431266051
lung,1033,0.008339698081012656,0.00957384402715473,0.006729523200745333
lung,1034,-0.007290444747875167,-0.01159264387277878,-0.01805522565378656
lung,1035,0.0037688771984868328,0.008829287630771962,0.003000448139203332
lung,1036,0.0021771146464475513,-0.004382242335804911,0.0025038111730491253
lung,1037,0.001346436544011444,0.004089051663705555,0.0027740897897965133
lung,1038,0.0030202751158574423,0.0037884963914065206,-0.006091523203482708
lung,1039,-0.0016379671247347312,-0.0034313681109780594,-0.0021513078180895964
lung,1040,0.012297104338462825,0.006665335114243229,0.009511705708305793
lung,1041,0.002333851397207052,0.00028209109028375524,0.002533844870642778
lung,1042,0.0031691710378373428,0.0014542565039365,-0.0037936397437809315
lung,1043,-0.00038628594145762957,0.008830799439537343,0.003169843958253658
lung,1044,0.0009314089595113354,0.008949911936697206,0.011894058361280147
lung,1045,-0.0033440071724704554,-0.00011721731061700713,-0.002552945271866179
lung,1046,0.004626189490778282,0.006021967015371064,0.005080282239757289
lung,1047,0.001240279594689318,-0.001985888661884973,-0.0033549951925980846
lung,1048,-0.007006955059234256,-0.003374853705064434,-0.004842300527612151
lung,1049,0.00457099843819513,0.0048937971801908675,0.01510622203276014
lung,1050,0.0068133940157608,0.009660658210323534,0.009424188078357626
lung,1051,0.006481840826237807,-0.0033212767199851763,0.013570846826900618
lung,1052,0.007196521012010136,0.013272345725406856,0.0034687685529014487
lung,1053,-0.006188709340853906,0.0019718879106699243,-0.01891764347083037
lung,1054,0.005183497069473288,-0.0038636543903674088,-0.0007277762806707872
lung,1055,-0.003916191911675739,-0.006690218595328154,-0.00940415682742532
lung,1056,0.008843542560380196,0.014881614577017265,0.008386895293492189
lung,1057,-0.0006452069332794907,0.00012464365350781104,0.0062602080354370775
lung,1058,-0.0018383659614758612,-0.006927120699480732,-0.006655340083670164
lung,1059,0.008478703928220782,0.0023002213719312643,0.005010243542307419
lung,1060,-0.004490789839492498,0.002957105480374117,0.002576791535606221
lung,1061,0.003348338706021516,0.001140308258101695,0.009386337711971662
lung,1062,-0.0019426038545834006,-0.0022596912631696704,-0.000269338702232345
lung,1063,0.0030446574131586337,-0.0034904871640073407,-0.006970512305667392
lung,1064,-0.005851223713119237,-0.00878131121701678,0.002124113975245063
lung,1065,-0.004464804529088364,6.618098452653397e-05,0.003329454851439956
lung,1066,0.0034501641217925816,-0.004875277322755214,0.008150468428375662
lung,1067,-0.0008968893715234442,-0.006375909893217134,-0.0075488192642303355
lung,1068,0.0005065192376253377,0.0020525997621947123,0.006992026098792153
lung,1069,-0.005553474858468031,-0.010130516663936098,-0.013628419117892282
lung,1070,-0.0019922003163784694,-0.00010472784104291954,-0.0007622135652866717
lung,1071,-0.0038697318676785366,0.0026304085730180595,-0.0020144529149665373
lung,1072,-0.0059064370137962745,-0.005052414359001935,-3.4861039386204114e-05
lung,1073,-0.008571711670288315,-0.005875531547995239,-0.008566828883774903
lung,1074,-0.009128670113466361,-0.010937738413616402,-0.00487445972057803
lung,1075,-0.005763802355052888,-0.012952516267410296,-0.009560278537930927
lung,1076,-0.006376337946115686,-0.009065418822598637,-0.007958587217164442
lung,1077,0.00593535621250806,0.014140100315738063,0.004488787241787926
lung,1078,-0.003138581149023665,-0.0052454982058114845,-0.0002515314406761242
lung,1079,0.0008689833796174107,0.0011178922067637358,0.011335613035722827
lung,1080,0.0022330397861445583,0.007253452300670806,0.003550499490213456
lung,1081,0.007431825085250633,0.014678109194611644,0.015430025233203127
lung,1082,-0.0004917888215797509,-0.002994061390186699,-0.0016187558585961568
lung,1083,-0.0058065782874953025,-0.008478306470712876,-0.006260467745448204
lung,1084,-0.0033880476363245073,-0.006554999351342933,-0.00956980515784305
lung,1085,0.008848681717215525,0.015583453375589817,0.012383691534457925
lung,1086,8.855342378448945e-05,-0.0022604980259504173,0.0011332067658107365
lung,1087,0.0057864044415411875,0.009759967771450929,0.0034980896498372307
lung,1088,0.0057864044415411875,0.013743706747873905,0.015239267155280409
lung,1089,-0.002881705954368476,-0.012928580400191913,-0.012452784352296253
lung,1090,-0.005499327446180267,-0.012073286849512246,-0.003019887860614921
lung,1091,-0.0010254315336719333,0.0009133421914315858,0.004985245096505987
lung,1092,-0.0018415860620966025,0.0006712640922867479,-8.115249986365147e-05
lung,1093,0.008284805843991022,0.01755033574006684,0.008785708376167831
lung,1094,0.008283204939330407,0.012613827533913036,0.012028715965921819
lung,1095,-0.00427363767165187,-0.011673088476437637,-0.00679683018100688
lung,1096,0.00877023450894407,0.013100857103526698,0.019137257593989536
lung,1097,-0.005048752970374946,-0.008086501530909201,-0.004092438418856028
lung,1098,-0.004691678961528695,0.0023642321211549315,-0.0048407810453773015
lung,1099,-0.01065405818492072,-0.015526243361864431,-0.010300079841122975
lung,1100,-0.006524074801909761,-0.0059509775283296176,-0.005977345077533161
lung,1101,0.00024591849857346265,0.0003796759392500071,0.00813834112351546
lung,1102,0.00538922446070586,-0.0018240396414830606,0.0035254594288785246
lung,1103,0.0009751566659176036,-0.008432605368486251,0.0012238653208261618
lung,1104,-0.001971387255214979,-0.004436491342208184,0.0012988329950475628
lung,1105,0.004829876371887781,0.0035649373538688594,0.0014941521736028343
lung,1106,-0.0005148281036061186,0.0008164013133962662,0.006933046476218461
lung,1107,-0.011391728545289295,-0.006519543368345584,-0.009664480723051974
lung,1108,-0.006587997775559934,-0.0016673680835353755,-0.007917896930668846
lung,1109,0.003753119479123925,0.008285896834598747,0.004880086516140331
lung,1110,-0.0023555785145662755,-0.00974227316357974,-0.0009721805340700089
lung,1111,-0.008779656546514664,-0.009225662323830494,-0.009986780838018267
lung,1112,0.00426339086025417,0.012642366548013123,0.011325808212932395
lung,1113,0.0017713065700278214,-0.0005905554589266764,0.0051677220393349
lung,1114,0.0009882034689793668,-0.0038011583986295363,-0.006428928379633761
lung,1115,-0.0033594604865482916,-0.007318894920791361,-0.0009728598775446866
lung,1116,-0.0012148986481522461,0.0035702959998053785,-0.0069451962323913985
lung,1117,0.005796651252938888,0.010323469546902508,0.011545758196700812
lung,1118,-0.00048624095382990284,-0.0012670260977139247,0.002502969843486589
lung,1119,0.002602004368333549,-0.0017664851555535266,-0.0024447303562332434
lung,1120,-0.0059115761706316034,-0.008092812460110631,-0.005201337462321626
lung,1121,0.0007394488206984943,0.005859075794539491,0.006443792665050306
lung,1122,0.005168766653427702,0.0032742702237537526,0.004325933889321593
lung,1123,-0.001070076959295868,0.00702974135120992,0.0004679170464640854
lung,1124,-0.004119192256634809,-0.003547741327606925,-0.012966610162732622
lung,1125,-0.005401676540631238,-0.014120043016545042,-0.0031888146616576114
lung,1126,0.004169467124389138,0.0026290979332292313,0.0058252659058301475
lung,1127,0.0029369649506992557,0.0027221760425478283,0.010429094795812638
lung,1128,-0.006221558238739905,-0.00866421990433742,-0.0048092518543300005
lung,1129,-0.002752472763235342,0.005933039927753431,0.0032399023415411177
lung,1130,-0.0005923224271160524,0.006653961682244959,0.0035566182768830925
lung,1131,0.0039000126620663635,0.008077347226000906,0.013091915318002476
lung,1132,-0.0014955349954815604,-0.001263978861600614,0.005171985666046199
lung,1133,-0.00045757832801771037,-0.002319321537739662,-0.007153763486013404
lung,1134,0.0038523058978102063,0.0026946029744731688,0.009870351144369266
lung,1135,-0.008235527533749926,-0.012943407845791854,-0.008384576699707297
lung,1136,-0.004678418444754279,-0.00537794267876567,0.0005643454729368129
lung,1137,0.003592761820751328,-0.00664035375111624,-0.0010622491860869292
lung,1138,-0.007935792277039324,-0.008194728036896925,-7.74302372434088e-05
lung,1139,-0.005298421987166004,-4.326065667499025e-05,-0.011147135501987879
lung,1140,0.003275327987159469,0.01013875354126025,-0.005060373039041787
lung,1141,-0.006247104754982552,-0.0024272587735626925,-0.0073463684625685215
lung,1142,0.003907883045694958,-0.0006600330778503503,0.009969809816308397
lung,1143,-0.0004946542576520033,-0.005945893689236935,0.014992034274382587
lung,1144,0.00846555472096619,0.016521226179765806,0.007873329695680617
lung,1145,0.002925049888796133,0.004003747780770922,-0.00018136245075507174
lung,1146,0.0018364469052612742,0.0020250392790289264,-0.0017139534344078242
lung,1147,-0.0019963657694723838,-0.0030872526353876066,-0.01234508428448445
lung,1148,0.009772416737969905,0.016974553995624746,0.000508936440972765
lung,1149,0.007325668135928508,0.0021318421078917555,0.010944781942311235
lung,1150,0.0010897269190618304,0.0033144884549678733,-0.0005562158575170006
lung,1151,-0.002926351379992411,-0.006856365482252999,-0.003958566560840602
lung,1152,0.002431519566671101,-0.0011438166440103188,-0.0030448820330508755
lung,1153,-0.004494719538666712,0.002328708097675186,-0.012021580992353056
lung,1154,0.00020878671995219755,0.0029289594182506187,0.003677247105865561
lung,1155,-0.0028201944306702844,-0.003304867557114686,-0.0017166048997871717
lung,1156,0.006640515522414227,0.0005752200294945695,0.006687403599402647
lung,1157,0.00497676955483022,0.005156236246675114,0.003457691274005331
lung,1158,-0.0028511617612085407,-0.003894225717322073,-0.011247119730026964
lung,1159,0.00431659351797158,0.013441591539171616,0.007622582954407588
lung,1160,0.009277566035446263,0.007573423528020438,0.015183167529048535
lung,1161,-0.001544916324537987,-0.008622763668363963,-0.009375249434334978
lung,1162,0.009935365644535796,0.004039525766226764,0.018397463890945737
lung,1163,-0.002558275863444065,0.004606543723664008,-0.011875458276854664
lung,1164,-0.004492390744153113,-0.0017856584244661613,-0.0049962073239366205
lung,1165,0.006572138302791843,0.0026232743516466372,0.00789355008892346
lung,1166,0.0021804763436365227,0.009329096391394242,0.010192823253794456
lung,1167,-0.000975140328939537,0.0033084033877780754,0.005500136786130677
lung,1168,-0.004918374140701574,-0.0021201520852767073,-0.004138712366819333
lung,1169,-0.007325668135928508,-0.007143479025607441,-0.0027128367823225277
lung,1170,-0.00028213173117296503,-0.00939962657710361,-0.008546361481725486
lung,1171,0.0009285065636544428,-0.001148046739098324,0.0017787079441416906
lung,1172,-0.0015521639352440164,-0.003265432124592599,-0.0068137372124578805
lung,1173,-0.004845066089265447,-0.009700520178222937,-0.004827745141573979
lung,1174,0.0013231640513450733,0.001311548753161427,0.013010743588802009
lung,1175,-0.0013838671381942262,-0.001489038578570051,-0.010175559997286466
lung,1176,-0.007495870771321957,-0.008202958287793927,-0.005726951129973669
lung,1177,0.0031011505548408833,0.008751387268242252,0.00899766226327676
lung,1178,0.004177587670763455,0.008743235844477348,0.011807932775168145
lung,1179,-0.009128670113466361,-0.010785091941884567,0.005292627594532095
lung,1180,-0.0066273663151596345,-0.005266911006873385,-0.006768131403165817
lung,1181,-0.00037570483770120916,-0.004252315962609471,-0.002481497994922912
lung,1182,0.004214815735456022,0.006892340449563097,0.004050122882786547
lung,1183,-0.000982692561014159,0.003117273748104693,0.001028348740039329
lung,1184,-3.797362234711499e-05,-0.006639312651655747,-0.009871129540812198
lung,1185,0.004940976227189873,-0.0012375063290996444,0.006360345395023753
lung,1186,0.0022697753250755606,-0.000467128461209082,0.004506922959328742
lung,1187,-0.004492390744153113,-0.008215631561256312,0.0016150313273692969
lung,1188,-0.007253014153692385,-0.007516247576924659,-0.005125427934346477
lung,1189,0.0014648493224035848,-0.0026113718503989565,0.009267392780883094
lung,1190,-0.002858629712557468,0.000756012485845716,-0.005995881708933938
lung,1191,0.00040436746351340164,0.002148507888698109,-0.0012030496078188162
lung,1192,-0.0019457402723812671,0.0014952790917600138,-0.00484405776128143
lung,1193,-0.006683254495072001,0.0031620087402458317,-0.014626844277464773
lung,1194,-0.011959618710728157,-0.02466672737680885,-0.0069601229540516
lung,1195,-0.00019340075171916937,-0.003988530321060455,-0.0002402888287075892
lung,1196,-0.0031320615073099634,-0.0001048905325521099,-0.006877572533901375
lung,1197,0.0008830363642034026,0.0013866123385228393,-0.006205969636459409
lung,1198,0.0023312787185825836,-0.0024079922893932106,0.0012485669468549805
lung,1199,-0.007091964967348624,-0.004985047910560805,-0.012702431800682673
lung,1200,0.0003324065989272947,0.001814624141358532,0.005831569640234763
lung,1201,-0.005671178636209519,-0.011709250652846587,-0.0006716828795329619
lung,1202,0.003506656665572011,0.008338843924756839,0.013791272521316483
lung,1203,-0.005495397747006053,-0.0009644122333911558,0.00640151796658405
lung,1204,-0.0016977419456921012,-0.006487086779986967,-0.004524481793531238
lung,1205,0.0015267829887069446,0.003670630655425176,0.005446703311899698
lung,1206,0.000975140328939537,-0.004339035999730187,-0.0007137155922323871
lung,1207,-0.002719623865349343,-0.0062506827806011935,-0.008251844046387726
lung,1208,0.0074019470354569255,0.007069192312963943,0.005537978712603484
lung,1209,0.004580888512966906,-0.002162526504975698,0.00042346917870303424
lung,1210,0.00294638698826985,-0.000617691934154091,0.017565553192125723
lung,1211,-0.008145240739611323,-0.006057560592324474,-0.0033056337760962442
lung,1212,-1.7755566930621747e-07,-0.0005710308606401704,0.003998924912344076
lung,1213,0.002760322327884044,0.007659325644490686,0.011024552078436564
lung,1214,0.006952399862968926,0.004951691958964176,0.004783419508049678
lung,1215,0.005246224017152995,-0.003424201950672048,0.008991735043744406
lung,1216,0.0036334292993230413,0.005536569088565303,-0.011139721774894853
lung,1217,0.004813818096040062,0.006376002213118986,-0.0009722980695154966
lung,1218,0.004013721843463112,0.005261308168216655,0.00739494134265703
lung,1219,-0.004065919813476121,-0.0122968604510899,-0.012041257501840421
lung,1220,0.006814994920421415,0.01269623237765093,0.02087139739497132
lung,1221,-0.003879855153090315,-0.004658848455114412,0.0016993716083935164
lung,1222,0.002574098376427516,-0.004496649721588336,-0.0012314675916169173
lung,1223,-0.0015777652224239862,-0.0003091957305555171,-0.007361868243856956
lung,1224,-0.008990668953962638,-0.012017839928720492,-0.005913198794416994
lung,1225,-0.009234827062788489,-0.009332950567603776,-0.00865474238579105
lung,1226,-0.001210444402180035,-0.006951122130824078,-0.014399324548551223
lung,1227,-0.002637547845542626,-0.0005827385164948462,-0.006712653484816339
lung,1228,0.002911584004162184,0.0060548076161783355,0.006094331301447625
lung,1229,0.0047339498969852884,0.004200946488004833,0.002824688274387024
lung,1230,0.0016141870828582743,-0.004100597738133491,-0.0010761628657936044
lung,1231,0.00560155469632818,0.009919421135138506,0.00945325239966761
lung,1232,0.003471165303620266,0.002046517958192634,0.002359089693621817
lung,1233,-0.004306486569537869,0.0013273843822660851,0.004165806357014791
lung,1234,0.00041909787955898836,0.007144726822696484,-0.009865517976185484
lung,1235,-0.002584382147609856,-0.004460727778411324,-0.01334916305352125
lung,1236,0.006247104754982552,0.01128377005095137,0.012652547895973004
lung,1237,0.0005020356329774508,0.007666855220085524,0.01450727095007658
lung,1238,-0.00888581349583679,-0.009489537619046723,-0.011568691507327172
lung,1239,-0.003565052079700657,0.005305000969332702,-0.005519002110947644
lung,1240,-0.002979198926371209,0.00030453952720668753,-0.009552842576881207
lung,1241,0.00023307017895782267,-0.005673896543885291,-0.004133685331439217
lung,1242,-0.006465981353469717,-0.014473374519435544,-0.007846844375003298
lung,1243,-0.005413524256689552,-0.01232539432587118,-0.015732165631626226
lung,1244,-0.0001060163534374603,0.003679987533981068,0.006292017554752255
lung,1245,0.002498578958119141,0.0028769637678211966,0.008998232581491395
lung,1246,0.0085607799480275,0.005865157439560592,0.005128393291382807
lung,1247,0.005657645405730762,0.0006281072092817561,0.00323091335357135
lung,1248,0.003257233236400379,-0.0004241286788280638,-0.0008887934199920682
lung,1249,0.00042902491411540383,-0.010971786372619485,0.007394696825449141
lung,1250,0.0004569309060214373,0.007729411549766224,0.008459083136036652
lung,1251,0.008203334188051368,0.012734319701666264,0.011933872094502038
lung,1252,-0.0023999209441089298,0.0025207087479156287,0.0010325682544668202
lung,1253,0.002622161877309598,0.007616845126222248,-0.0046751422650303616
lung,1254,-0.004845066089265447,-0.008688657207001618,6.353635899478127e-05
lung,1255,-0.006597419813130528,-0.0031225583549879163,0.002530380183537989
lung,1256,0.0018658695211022276,-0.0012437848249841528,-0.0039060998822478916
lung,1257,-0.008390962793313148,-0.015569371947965713,-0.015808094641926274
lung,1258,-0.001983573298843716,0.004370445268790962,-0.006833410008455397
lung,1259,-0.003312810384285131,-0.005947056327676975,-0.008265668097834161
lung,1260,0.0006198259867424191,-0.0032829816725496175,-0.0010616207016287682
lung,1261,-0.007846852669750742,-0.010005419753514128,-0.015381895659457218
lung,1262,0.0007339009529486462,-0.008895736143360597,-0.005982334890051945
lung,1263,-0.000426330334792326,-0.0055993602859856495,0.010340985530081753
lung,1264,0.006547854843786218,0.004038473461363443,0.007316283903069718
lung,1265,-0.0014890342429701904,-0.0028848117675629725,-0.002421175577213173
lung,1266,0.004039018509274489,0.0014826191272419853,0.002303156007657116
lung,1267,-0.0014032310534794756,-0.008851126373346091,0.0015105268311066864
lung,1268,-0.009383722984768389,-0.011130011181289062,0.005226957139972149
lung,1269,-0.0058112117867349655,-0.009652801741859812,-0.015253844754377585
lung,1270,0.003943076878899304,0.007977152362606998,0.011531952165357174
lung,1271,-0.0014433739852531917,0.005771536461487989,-0.001035412971569181
lung,1272,0.003993686235185673,0.0012383149597192575,0.0033328672714405074
lung,1273,-0.002894769094408306,-0.00158598209880161,0.0017005056928790967
lung,1274,0.004658382836476839,0.006931706485750801,-0.004750224611973581
lung,1275,-0.002858629712557468,0.004965991099324801,-0.0013206357067975145
lung,1276,-0.003250083436605424,-0.005759464819028198,-0.0022777672077581397
lung,1277,-0.003235316060775197,-0.0015622653751648416,0.0014123263296819213
lung,1278,0.001156805199712202,-0.0020480484009988975,-0.00283016365021833
lung,1279,0.0007891126283383713,-0.001845133315053473,0.009978154154559021
lung,1280,-0.00805974664454646,0.0006348917283650717,-0.009949594016525851
lung,1281,-0.005203196760104695,-0.012798843264271453,-0.003930194322488746
lung,1282,0.0035650890394852974,0.01451132827284519,-0.0037078764296838707
lung,1283,0.00671316950465035,0.008148926661298028,0.002135640061672578
lung,1284,0.002082487110517071,-0.006172181630098982,-0.0020778462713534986
lung,1285,-0.0042499934278556195,-0.00043014744643575997,0.006986126172321925
lung,1286,-0.00865751485977903,-0.0022478154343251082,-0.011158074527813264
lung,1287,0.00028012899213550324,0.004300764097231726,-0.004266764085043108
lung,1288,0.007622991942687128,0.015359170321729667,0.013850373365379356
lung,1289,-0.002286633292958649,-0.003022077367333592,-0.005773435762849527
lung,1290,0.0017322090121537348,0.0005137303799183739,-0.004039760391196384
lung,1291,-0.0011145342642556084,-0.0013643273088764136,0.0017029860131073753
lung,1292,-0.0001059793936528201,-0.0027151618842812713,0.00414182694119485
lung,1293,-0.0013586923730814586,-0.004295215046461696,0.0006307615699578846
lung,1294,-0.002312514297733335,0.003041641662991285,0.0032197058833050483
lung,1295,0.0017174416363235079,-0.0081540181333781,-0.0022361655307809036
lung,1296,-0.00037177513852699556,0.0011904089785519285,-0.00017147583213410664
lung,1297,0.004302556870363655,0.0015633851342475948,0.0018971469018372786
lung,1298,0.003565052079700657,0.0019086302512824522,0.009973280668033093
lung,1299,0.0019718465565470578,-0.006434508757188548,-0.0056328284060750316
lung,1300,0.001311633559903778,0.00140173531042991,0.011117467102596635
lung,1301,-0.0034282094573005553,-0.008316683553430135,0.0009912873975006235
lung,1302,-0.0003987810795122171,0.007666182283457215,0.012592230571001553
lung,1303,0.0014900240875163524,0.004550215069446297,-0.0006260923501127853
lung,1304,0.0007891126283383713,-0.006614635839822071,-0.00791444344141069
lung,1305,0.0006780127730362795,0.002233218979528412,-0.01332722254406285
lung,1306,-0.0017608716379659273,-0.0020359769994960273,0.004750174663277752
lung,1307,-0.001289943402329195,-0.006219698776276511,-0.005689561500143612
lung,1308,0.012617418319817691,0.012560093770465694,0.009419909380824052
lung,1309,0.011453240068987486,0.004140761507483816,0.011866669648187195
lung,1310,-0.0027350777773299992,-0.006713730835370052,-0.005291456026680639
lung,1311,-0.00040436746351340164,-0.002298863893187351,0.004060753292461463
lung,1312,-0.003235316060775197,-0.0007689262921754076,-0.009506952748756228
lung,1313,0.00041913483934362855,-0.0012999469142084923,0.0012397690905339247
lung,1314,-0.009471464119676023,-0.016098696056636934,-0.004511897804991126
lung,1315,0.006481840826237807,0.01343933786943081,0.004735783644477715
lung,1316,0.004408916349175997,-0.0033010654954827674,-0.005606253369650029
lung,1317,0.008699785795235624,0.00922279220918266,0.013400292102982853
lung,1318,-0.0023667002950930514,0.008205126980328575,-0.011866201051959801
lung,1319,-0.009252587521188857,-0.008919832798695876,-0.018757817838097796
lung,1320,-0.0007790056799046596,0.004147335345529367,0.004050609894493805
lung,1321,-0.0009274792603371218,-0.0021524995245564378,-0.0027402804257397884
lung,1322,0.004323301479291747,0.014382986504334774,0.004523600785684635
lung,1323,0.0033594604865482916,0.002556739081521921,0.00831902680123319
lung,1324,-0.0009842737698051534,0.0018473231108508679,-0.006346918311660649
lung,1325,0.006806874374047099,0.007310450348366536,0.001935917581966531
lung,1326,0.0035569315333263407,0.014314945511344815,0.01580570061313588
lung,1327,0.0018364469052612742,-0.002104096417476377,-0.0011284781367756624
lung,1328,-0.0058226365633430215,0.00021545248660808335,-0.008595597032321997
lung,1329,0.002235368580658157,0.00743084095324717,0.004954217779486153
lung,1330,0.005548991253820144,0.01300950486546899,0.0031105241455628525
lung,1331,-0.002506077893431056,-0.001852262910588015,0.0023764422146771162
lung,1332,0.0016690793198799088,-0.006957216829552999,0.008405193919867262
lung,1333,-0.0061328272592861095,-0.006655236049176126,-0.006700473775105492
lung,1334,0.0048828458189651884,0.0029705803478001684,0.006805750330675495
lung,1335,0.007429450595083292,0.007895637946641934,0.017748091970019968
lung,1336,0.00802689774666046,0.008496631626978566,0.006665556518537184
lung,1337,0.001886043367056343,0.013344424850794834,0.007635150310818267
lung,1338,0.005675108335383733,0.0063857423806151685,0.011856865856902276
lung,1339,0.006640158785788303,0.00686317470528235,0.006424969342239416
lung,1340,-0.006673007683674302,-0.009947620455329442,-0.017548184132466015
lung,1341,-0.0018692958031472733,-0.0007551421074593889,0.007801389165840454
lung,1342,0.0007461567820186606,0.0037246888009970502,-0.0018185055452831682
lung,1343,0.00497676955483022,0.0028031327812171416,0.008409156211474911
lung,1344,-0.0008851626292267859,-0.010398012986976558,-0.006407188130122449
lung,1345,-0.007301376470135984,-0.00794924744505209,-0.008106814751213118
lung,1346,0.007953589695224333,0.009909404394038507,0.006592248467101057
lung,1347,-0.0021101968515677416,0.0001679676616906287,0.0011515373195794634
lung,1348,0.006435135194621179,0.0030329306566459027,0.007567261489624527
lung,1349,-0.006188709340853906,-0.004635650905697739,-0.00521231274132212
lung,1350,-0.007545534578961834,-0.015611978064236465,-0.013390879129946937
lung,1351,-0.005369066951729812,0.0010015975064110545,-0.003903896650029798
lung,1352,5.989079797229698e-05,0.002524994884965502,-0.007043499032013983
lung,1353,-0.001827434239215044,-0.0038645921250588244,0.002388250448426675
lung,1354,0.007764979179434241,0.0069300381870599035,0.005647622706184935
lung,1355,-0.0035979009775866564,-0.0004062498838036943,-0.005315421395226515
lung,1356,-0.001346436544011444,0.004942912580809505,0.003906650654087083
lung,1357,0.0063289782452990535,0.012376192977172917,0.008976618340383945
lung,1358,0.0028550914603827546,0.002655848530914708,0.0031730986168428863
lung,1359,-0.0025274297045955276,-0.006476293655740734,-0.002889692126344462
lung,1360,0.0015498592305179526,0.005044151128288163,0.004125921684541817
lung,1361,0.008884512004640513,0.007939229708417345,0.013056315168227852
lung,1362,0.000630757709003236,-0.006331621212710349,-0.0014741606030680143
lung,1363,-0.00137904613291287,-0.0008236003025367256,-0.010138991086033583
lung,1364,-0.0009221339220774893,-0.001772742228358539,-0.013315069381330988
lung,1365,-0.005530909731764372,0.0002110985655099833,-0.0036357948713715465
lung,1366,0.0016102573836840606,0.004026124890840782,0.003849350686082655
lung,1367,0.007152480548156083,0.009219908168986091,0.0142632796109431
lung,1368,-0.0007497629779410023,-0.008140088100804013,-0.004035327988137688
lung,1369,0.005959639671513685,0.012937685907133983,0.01297656172328294
lung,1370,-0.006213687855111311,-0.008316437692247852,-0.01100779951771742
lung,1371,0.0034610583551865546,-0.001980209469747483,0.0046272452353359845
lung,1372,0.002411345720716986,0.011140988230097895,0.005913364350277293
lung,1373,-0.0001862052562704719,-0.001393574077285788,0.00734597660372054
lung,1374,0.005403277445291853,0.012224557310297784,0.0043352538095561
lung,1375,-0.00846555472096619,-0.009497225045325547,-0.02077101722724259
lung,1376,0.001753546111627452,0.00928596550882842,0.006381341108105777
lung,1377,0.00023567168717576284,0.005167695010954497,0.002586665842455954
lung,1378,-0.0009891933135255289,-0.00037892755833164127,-0.00632234423180042
lung,1379,0.003168293629111798,-0.0004463485692913862,0.012022623427371584
lung,1380,-0.005509434394613978,-0.010902257704467167,-0.005498517504963172
lung,1381,0.006547854843786218,0.0075516298454920226,0.007823642728744149
lung,1382,0.001156805199712202,-0.0002678421457154301,0.005939718736760423
lung,1383,-0.0023200501928298902,0.0023287797999032305,-0.00551859716627955
lung,1384,0.008684431319453354,0.004827654728103082,0.010833442164363355
lung,1385,-0.0028730419770490825,1.7771445162804815e-05,-0.005146160798639878
lung,1386,0.0004917888215797509,0.005458667092894841,0.0023816361935591426
lung,1387,-0.002036845742002404,-0.0009355026255341108,-0.007084548846030483
lung,1388,0.0043849337778093245,0.010439651684952578,0.0066989187112958815
lung,1389,-0.00819088210812599,-0.0142865413550807,-0.004385316140081558
lung,1390,0.005170347862218695,-0.0012630796662375012,0.003853090159313945
lung,1391,-0.0015674814512416462,0.0013873224647344693,0.0032496959619787618
lung,1392,0.002858629712557468,0.001188186914784811,-0.0005978936160938681
lung,1393,0.0001506932715121534,-0.00665789734949752,0.005044411505178213
lung,1394,0.007823072627874286,-4.376080950606667e-05,0.006176926560269349
lung,1395,-0.007823072627874286,-0.0012617315163245364,-0.008360447451304737
lung,1396,-0.004815823387301789,0.0012338047917111556,-0.004061127412538862
lung,1397,0.006394419468171458,0.008147685575278923,0.005049079917376548
lung,1398,-0.005058680004931361,0.004349082029472494,-0.011545155245559463
lung,1399,0.0022076588396074868,-0.004946050936280541,0.0009317423543848404
lung,1400,0.0011762339086179945,-0.00024839640349560055,-0.000593654112191579
lung,1401,0.004713596137153876,0.01125951274079487,0.004775172350134147
lung,1402,0.003186953744331598,-0.004001760168025809,0.004693795865142578
lung,1403,0.0011929814725270642,-0.0001558034408385145,-0.0013200163566852257
lung,1404,-0.00013319884940842427,-0.0022533013798103447,0.0009855866515878497
lung,1405,-0.005671178636209519,-0.00017649080060911683,-0.008703152204984233
lung,1406,-0.007578951478833075,-0.011848373402562552,-0.005923152697392066
lung,1407,-0.009880174591952645,-0.002760981978855946,-0.009493333660737522
lung,1408,0.0065517845429604316,0.0006798389899007329,0.011709823059553804
lung,1409,8.594378537538083e-05,0.00017769188045377304,-0.003901025064555151
lung,1410,0.00627018099679356,0.009162556818467626,0.0009642298814049235
lung,1411,-0.00024591849857346265,0.007914678752950367,-0.00014532830517158257
lung,1412,-0.0009067794462952194,-0.0012387038702137143,-0.007869285684818289
lung,1413,-0.0028376285307297835,-0.0016434622166426047,-0.0075568485622479285
lung,1414,0.0009096818421521121,0.00014562778625431172,-0.0055797771010774235
lung,1415,0.007902980338937965,0.009945033512213439,-0.0023015717966301443
lung,1416,0.007104417047274002,0.009255611399491392,0.006241777505608698
lung,1417,-0.009659697088804866,-0.012101457503613865,-0.002127515228813854
lung,1418,0.0028054270548400575,0.0002917608544789341,-0.0008284483932508675
lung,1419,0.003235316060775197,0.006609058094265051,-0.0033325980296926108
lung,1420,-0.001716414333006187,0.006522029479876983,-0.008429281212170006
lung,1421,0.002482784278971593,0.006776632753394046,0.01238536326300894
lung,1422,-0.002078003505869184,-0.010641519551672723,-0.007039347298533552
lung,1423,-0.0035082575702326257,-0.0070301908035617176,-0.0004359058158275031
lung,1424,-0.00998342914541788,-0.016004447342907967,-0.012334727843793275
lung,1425,0.005695462095215144,0.010678007680436946,0.009176360642306564
lung,1426,-0.007740695720428616,-0.005154894292117619,-0.009684525762294272
lung,1427,0.00015462297068636702,-0.0006686476267672992,0.009753730298613067
lung,1428,-0.010227587254243728,-0.019352585275443764,-0.0055987542233093815
lung,1429,0.004065882853691481,0.006963116572663991,-0.005315402218986714
lung,1430,0.009471464119676023,0.018664804364354685,0.0072742459274145015
lung,1431,0.006055369895560815,0.0070870402199201725,0.007460966388972895
lung,1432,-0.002482784278971593,0.001473426357672771,-0.0026745962163871873
lung,1433,-0.0034383164057342672,-0.011493987864533883,0.0022278754746053544
lung,1434,0.005344882031163206,-0.0005033354188942185,0.013563487880542041
lung,1435,-0.006927980605883094,-0.007692034661780894,-0.002315149252277114
lung,1436,0.003058710397744626,0.0013594631777504955,0.007667589669287886
lung,1437,-0.005678646587558446,-0.008400465630409127,-0.00608982619194436
lung,1438,-0.0033936709801103324,0.004460351878050429,-0.008025311693239084
lung,1439,0.0015685457143436072,0.001488073652732319,0.0036941862655441027
lung,1440,-0.0032020199357233417,-0.0048907379352404095,-0.002069893640719994
lung,1441,5.302510204810429e-05,-7.894049676851478e-05,-0.001847016950074008
lung,1442,0.007999715250689496,0.013088469988694368,0.008570275814115577
lung,1443,0.00238055702882368,0.0030849221268194798,-0.006022312832156717
lung,1444,-0.002760322327884044,-0.00972270124959763,-0.005633193911018177
lung,1445,0.004845066089265447,5.5721254970581e-05,0.0014720281260916608
lung,1446,-0.00029718321087395433,0.0007396117980039418,0.0002829014661234845
lung,1447,0.0005049380288343434,-0.009414966255948112,0.003513080758559578
lung,1448,-0.011843534726849616,-0.014574479451623056,-0.0102075833393874
lung,1449,-0.004663969220478024,0.00096990173132593,-0.008195026955657705
lung,1450,0.010965257614612303,0.013183041239931553,0.014389462735236863
lung,1451,-0.00815367038041149,-0.008981108197516435,-0.0003511269219319815
lung,1452,-0.002238626170145743,-0.002569734548086465,-0.0011979249101822151
lung,1453,-0.0009107461052540733,-0.001680596692041375,0.0027755365359077946
lung,1454,-0.007323293645761166,0.00295826644118725,-0.013084534207605941
lung,1455,0.0029525534484224993,-0.001387755411783515,0.004939560619400402
lung,1456,0.0010440855505471636,0.00019837253169780833,0.0018038999304506123
lung,1457,-0.0014293373376452663,-0.008577957385402984,0.0003422943501455722
lung,1458,-0.008594787912099324,-0.011442052106662059,-0.016121649365785667
lung,1459,-0.0005308863794538377,0.0021375126527304797,0.0003119463846522711
lung,1460,0.004294638853479554,0.0014416994632506508,0.010946568746186446
lung,1461,-0.008876391458266195,-0.012160129911844092,-0.010989593848288634
lung,1462,0.0013210555974743725,0.003034323786822955,0.003184618628137561
lung,1463,0.0004772282877836727,-0.001591021419875577,0.002377270339905785
lung,1464,-0.004172039803013607,0.00035894571060129075,0.0013584717769973926
lung,1465,0.008757739370889481,0.004439872932079156,0.0014723357405422568
lung,1466,-0.0028822739563537183,-0.005482096354019167,-0.007952839519969992
lung,1467,0.0067210711845563835,0.008467359381077056,0.012782997955169823
lung,1468,-0.004065882853691481,0.0002247601088362543,-0.0016476368806474058
lung,1469,-0.0011315884829940597,-0.0015276247359001147,-0.0003529647435678389
lung,1470,-0.00031294093023686204,0.0014311994949478455,-0.006600579295546258
lung,1471,-0.004814521896105511,-0.003913386451588517,-0.009506542124737404
lung,1472,0.008235527533749926,0.015241469092023775,0.013605581308406157
lung,1473,-0.008779656546514664,-0.008836383471809641,-0.0015547682443590822
lung,1474,-0.002604698947656627,0.0045087823320306055,0.00038451184965986474
lung,1475,-0.0017499399157051103,0.00468754059985757,-0.007760819836909137
lung,1476,-0.0024540846933747604,-0.0012690440612103395,0.003909888629668873
lung,1477,-0.0037416947025158687,-0.010731411333056839,-0.0011412239203264785
lung,1478,-0.0015058187666639005,-0.004018668921047251,-0.008947289288447818
lung,1479,0.00426339086025417,0.010325208013207549,-0.0030662680353818568
lung,1480,0.0015346695131402872,-0.0008968653079231466,0.008364661124145403
lung,1481,-0.004968685968240544,0.0015681049534776908,-0.003762732057362374
lung,1482,0.0051513037237747306,0.00827831076312649,0.013854555250428585
lung,1483,0.000597908811117237,0.00497552401692707,0.005654097994260652
lung,1484,-0.0005265548459027769,0.005873172972900252,-0.0034630242988151296
lung,1485,0.005344882031163206,0.012474846670734924,0.0013579131812326744
lung,1486,0.006710139462295567,0.004200200466046624,0.009128385435339642
lung,1487,0.005904108219282676,0.015121193600277649,0.009902275194771095
lung,1488,0.0010904307191272795,0.003363754368401241,0.0014772716503424024
lung,1489,-0.006534358573092101,-0.004812863372400898,-0.010065416308271782
lung,1490,0.0015058187666639005,0.005967709185662187,0.008848416208748683
lung,1491,-0.009161482051567721,-0.0013853057547662988,-0.01128906827091363
lung,1492,-0.0058226365633430215,0.003690213794406751,-0.009468950172612001
lung,1493,-0.008245774345147625,-0.006488956928149889,-0.013805194329072262
lung,1494,-0.008284805843991022,-0.015482645438271186,-0.016911083640905704
lung,1495,0.004379794620973996,0.00011949837916727657,0.008615700443828932
lung,1496,0.005058680004931361,0.005071857702577185,0.009322617802417155
lung,1497,-0.008039083790289198,-0.01233293226471165,-0.007620494953102547
lung,1498,0.004813818096040062,0.006560106292560736,0.007052911398438657
lung,1499,-0.00819088210812599,-0.008306358306206657,-0.013584766721831704
lung,1500,0.0007207517456940538,-0.0073898385912867515,-0.0022146796727622784
lung,1501,-0.0051513037237747306,0.005902475230998544,-0.0002525572803766807
lung,1502,-0.005186527111828071,-0.003847698178959737,-0.00964366962280891
lung,1503,0.0015521639352440164,-0.0008904977303534991,0.004933383434437935
lung,1504,-0.0050914919430327206,-0.007453353971987218,-0.007078499114010622
lung,1505,-0.0019035062967093137,-0.005852370247854519,-0.006757997474818561
lung,1506,-0.0035359673112832966,-0.006529438576387983,-0.012434552374831886
lung,1507,-0.00619031024551452,-0.0042001799272861715,-0.016212848580721684
lung,1508,-0.0018180122016444495,-0.0036324789796050674,-0.00259663594107067
lung,1509,0.0013684650291564497,0.002733878799714179,0.01218003615931933
lung,1510,0.004556231062364903,0.003131600750251308,0.004487286233003493
lung,1511,0.0027450048118864145,-0.0004927196070637538,-0.0009550109137960263
lung,1512,0.0004917888215797509,0.0063546086927166925,0.007721841146155826
lung,1513,-0.007716952638336799,-0.0006519158737304147,-0.006061282457160505
lung,1514,-0.0012701576444830258,-0.004795569217778396,-0.002638582504838551
lung,1515,-6.528093111811868e-05,0.002924023114335289,0.007793081108677797
lung,1516,0.004924608544601851,0.00989148681591694,-0.0028696508359264683
lung,1517,0.004790741854229054,0.009384854512158137,0.014199349302679475
lung,1518,-0.002506077893431056,0.0059832220648626915,-0.012165293080702012
lung,1519,-0.0018180122016444495,-0.000748439991592418,-0.006917114529380958
lung,1520,0.0034988380848862966,0.000761934298601654,0.010666330574140171
lung,1521,-0.0031968807788880136,-0.011204107722606781,-0.010478332327172518
lung,1522,-0.0012570945044431958,-0.005506796127159476,-0.006222390379170282
lung,1523,-0.0059025073146220615,-0.002484635462740072,-0.009946169591019452
lung,1524,-0.003932861559952362,-0.00900239767416025,-0.006869331012864716
lung,1525,-0.004749772409968739,0.0013458868369859711,-0.006287766415728692
lung,1526,-0.00431659351797158,0.008625146365786807,-0.006211708378364406
lung,1527,-0.0008932831756011025,0.0005376331170621659,0.0043494807420899895
lung,1528,-0.005271537019942439,-0.006232486630072319,-0.015774240405316525
lung,1529,-0.006088181833662175,-0.008431274221885878,-0.009382436214000303
lung,1530,0.0018896495629786847,0.0028155780033251496,-0.004390473204117683
lung,1531,-0.0007790056799046596,0.0022430755667228832,-0.01600361669140194
lung,1532,-0.011810685828963616,-0.019537738526083398,-0.007597447913383339
lung,1533,-0.006464377896584837,-0.01323023533592313,0.0018202762802070052
lung,1534,0.006873088368861459,0.005927806072638292,0.008672548740257052
lung,1535,0.0006081925822995771,0.008077831875871178,-0.0026505578862461945
lung,1536,0.0012054766105816517,-0.00026759821661279104,0.000954010146737988
lung,1537,-0.005969566706070101,-0.009277078149673998,-0.0030406128513707775
lung,1538,-0.0019363182348106727,-0.00428536968454558,0.007005945061766188
lung,1539,-0.005889658995006421,-0.00031710631234269093,-0.010376295129567864
lung,1540,-0.005168766653427702,-0.009050336240607443,0.00023534770637461278
lung,1541,-0.0013588886239368214,0.001347263105007148,-0.009694589650138077
lung,1542,0.010766777834085759,0.004957492206159976,0.014669134860754652
lung,1543,-0.002506077893431056,-0.0030390813024115115,-0.013535471278842442
lung,1544,0.0035881283215116653,0.0017355107937124712,0.009912132612662411
lung,1545,0.003925613949246333,0.0018813568175924293,0.004993232292791833
lung,1546,0.0005476770014921176,0.0011971943209604836,0.0010164578864629754
lung,1547,-0.0012527153376366285,-0.004412593195227457,-0.00251277922880382
lung,1548,0.003842059086412506,0.007075872902604354,-0.004291821361868611
lung,1549,3.797362234711499e-05,0.003491728274236263,-0.008975867315290773
lung,1550,-0.0036334292993230413,-0.007964051893905671,-0.005632874631478999
lung,1551,-0.00019102626155182803,0.010234557805584549,-0.005318793085756271
lung,1552,-0.006673007683674302,-0.009897695817943392,-0.0065852534947901204
lung,1553,-0.006352693702319436,-0.006591376935720196,-0.0174775095104704
lung,1554,-0.0015521639352440164,1.0020181834907715e-05,-0.0043249211131968866
lung,1555,0.01065405818492072,0.009853438507478707,0.01407826330554528
lung,1556,0.002506077893431056,0.006311204457805761,-0.005378366486516916
lung,1557,-0.00238055702882368,0.0006580075776883485,-0.007384378608797379
lung,1558,-0.004187834482161155,0.006047265219003699,-0.005600342867735207
lung,1559,-0.001963537690566277,-0.0045057898912281204,0.006082869804737739
lung,1560,-0.01065405818492072,-0.018497146485984762,-0.019229168824384624
lung,1561,-0.005276504811540822,-0.002620322607006629,-0.0009107873355998037
lung,1562,0.00239831748722405,0.002439974722669334,0.000752841986190476
lung,1563,0.0023161204936556767,0.0024850167024027072,-0.010194726106691171
lung,1564,-0.009277566035446263,0.0014804479425722106,-0.007726842390580904
lung,1565,0.006465981353469717,0.005870318019355346,0.003611919129858356
lung,1566,-0.0007378479160378796,-0.0010235237606658434,0.0047926636639731195
lung,1567,0.002180017042304444,0.010144418594447285,0.004494001975791001
lung,1568,-0.0040458472454140415,-0.003002783289300509,-0.011989437027806813
lung,1569,0.0008968893715234442,0.008085603283880851,-0.003411303691251153
lung,1570,0.005695462095215144,-0.007187061246987379,0.0022120285891610394
lung,1571,-0.008124886979779913,-0.015633561240664572,-0.005738084369612161
lung,1572,-0.0012570945044431958,-0.0047513864022134065,-9.663718433595525e-05
lung,1573,0.00047208913094834437,-0.005113219707487691,0.001991369412937381
lung,1574,0.002213893243507764,-0.0038775987837956676,0.0006946129615187275
lung,1575,0.004400795802801681,0.005715659458206651,0.01101742507474232
lung,1576,0.0016651496207056953,0.005048017336118306,0.0032956520015985278
lung,1577,0.0019267418295910443,-0.00020448754534495772,0.0018798537526026244
lung,1578,0.0014259110556002208,0.003486814077760312,0.010714559152880823
lung,1579,-0.0016835654351201879,0.0015375130933237926,-0.007086139418967343
lung,1580,0.00312813180813575,-0.0021270295223552635,0.010093803719469488
lung,1581,0.0029891259609276244,0.0015801629627207419,-0.004735603988616138
lung,1582,-0.008097177238729242,-0.008275313361943823,-0.006028230113995605
lung,1583,-0.003842059086412506,-0.006306464725715008,0.01103069855886534
lung,1584,-0.0008236511055285944,0.005267840921774837,-0.001666483869634703
lung,1585,-0.005475223901051938,0.0015828349529676544,0.004873494613960129
lung,1586,-0.0037898611163994975,-0.007091697364337226,-0.005903265507586085
lung,1587,-0.0002549122754173609,-0.0032442163208707686,-0.0003679406299972969
lung,1588,-0.005990229560327363,-0.009391812493023483,-0.010344351067370852
lung,1589,-0.004618370910092567,-0.005191468183672711,0.00483274813666539
lung,1590,0.004003108272756267,0.012864035639866869,-0.005333921534633126
lung,1591,0.002245475529091869,0.004098093056891064,0.0011333999190934199
lung,1592,0.0018455157612708162,0.007776677855886381,0.004232318371438568
lung,1593,-0.0005020356329774508,0.002478142730553199,-0.004049678163711444
lung,1594,-0.0006780127730362795,-0.008066353766602002,-0.005637579087721177
lung,1595,-0.0037040579269087825,-0.0017858333942325593,0.005099104713900229
lung,1596,0.00494259602105282,0.010707046739722864,0.004727406577503933
lung,1597,-0.005990229560327363,-0.009063109786253567,-0.017182093895216105
lung,1598,0.005851223713119237,0.006133887575979111,0.018362070313466084
lung,1599,-0.0012054766105816517,0.004716559802111155,0.0021340710695012997
lung,1600,0.0009790863650918173,1.5078977697868812e-06,0.003274261939055602
lung,1601,0.0053196005208245205,0.0038227805573137668,0.005242076078036941
lung,1602,-0.0014900240875163524,-0.002682024344563577,-0.0017767911721262666
lung,1603,-0.0025160049279874717,-5.159928868496899e-05,-0.0015719265364824617
lung,1604,-0.006161526844882942,-0.014725042890686482,-0.012474333010475801
lung,1605,-0.0023161204936556767,-0.0033529155025335726,-0.0035232447851592796
lung,1606,-0.001924169150966576,0.0018147629612654723,-0.00429658793181086
lung,1607,0.007823072627874286,0.014265642871567277,0.008241661465060937
lung,1608,-0.0003324065989272947,0.005382378222064471,-0.0025712966102997836
lung,1609,-0.0072727138443237915,-0.008074877635523994,-0.0079911340886539
lung,1610,0.004164190238364905,0.00858751469534309,0.01065364918159444
lung,1611,0.005082926504152346,0.003443874402313557,0.005453878296042723
lung,1612,-0.004968649008455904,-0.0082523874620338,-0.009265902726275265
lung,1613,0.00360912950333935,0.0021024854102151365,0.016346549712431147
lung,1614,0.001156805199712202,0.00460695024577624,0.005328608363299542
lung,1615,-0.00026433431298795534,0.007055647423785107,0.0007661722668328521
lung,1616,0.011916842778285744,0.014955407384797772,0.015826568421335778
lung,1617,-0.010354322928210119,-0.015548148956246871,0.0023746112017663436
lung,1618,-0.0015813381849722752,-0.009969439554653986,0.007384295405314092
lung,1619,0.0012080699120126936,-0.005670780149996844,-0.0030324903793398084
lung,1620,0.0020493408800569914,0.004327505393315362,0.0009398474263744201
lung,1621,0.007823109587658925,0.0028967685622248987,0.00500455127583992
lung,1622,-0.0019922003163784694,0.004483389934486612,-0.012308056243973159
lung,1623,0.0007924031123032101,-0.009956485183792505,-0.0016825362872077234
lung,1624,0.009383722984768389,0.010714952401770774,0.005623450316468779
lung,1625,-0.005530909731764372,-0.0031649947157033897,-0.011686713513395574
lung,1626,0.0008968893715234442,-0.007217998628832036,-0.00533897813028412
lung,1627,-0.005753555543655188,-0.0040971337152369836,-0.011409720968924314
lung,1628,-0.00408368027187649,-0.00026383429045663065,-0.0017323815735010941
lung,1629,-0.0037278379687852394,0.0011662834693008197,0.00036420601772094207
lung,1630,0.0018205685432908514,0.00817458711092553,0.003078890057338736
lung,1631,0.006572138302791843,-0.0029169669186416185,0.009206634604173434
lung,1632,0.006814994920421415,0.008895715442825459,0.007815766738393282
lung,1633,0.005327084612978196,0.003217737075737257,0.002398130758278873
lung,1634,0.0022825677957042287,-0.003850022061180893,-0.003316700912071933
lung,1635,0.005082926504152346,0.0040215813054429355,0.008019395957064699
lung,1636,-0.0065517845429604316,-0.005283215051091962,-0.014954654403940828
lung,1637,-0.0031320615073099634,-0.0012703182975880116,0.0012217554566383198
lung,1638,0.0027473336064000133,0.008809150759353393,-0.007275204728807152
lung,1639,-0.010779229914011137,-0.020672937664409818,-0.006437546568145705
lung,1640,-0.0035241195952249818,-0.006662253479110822,-0.009724178642144985
lung,1641,-0.0003098045124389955,-0.013903467386836557,-0.012151368920257949
lung,1642,0.0013210555974743725,-0.0018493744575103315,0.008121395429615291
lung,1643,0.0022494215652441494,0.010223777690723848,0.0028170680810635325
lung,1644,-0.0014976982202895839,0.0027520034024266964,-0.00531017608049599
lung,1645,-0.005507833489953364,-0.0023479556323625357,0.0001863903650171179
lung,1646,-0.00020878671995219755,0.0015011523183631286,0.004420046310982149
lung,1647,-0.001119673421090937,-0.0012927198161752085,-0.003550731296547492
lung,1648,-0.0016938492063025279,0.003075678127748384,-0.0047131900615856506
lung,1649,-0.0033081768850454682,0.0035663755135893946,0.0025076740423590296
lung,1650,-0.007902980338937965,-0.0020071404606289327,-0.00030669581967935743
lung,1651,0.005620553139118402,0.001267488123140083,0.013152734999109414
lung,1652,-0.00029821051419127537,0.006445204503751328,0.003160055191579368
lung,1653,-0.004065882853691481,-0.00663848177507434,0.003023123146971331
lung,1654,0.0011726277126956526,0.00885671664970214,0.012412699394935917
lung,1655,0.005288999949595409,0.011193965509827198,-0.0011731366178619014
lung,1656,-0.001716414333006187,-0.008442043276143682,-0.004121824301532563
lung,1657,-0.00180021478345944,-0.004967166498477865,-0.01042649258037412
lung,1658,0.005357031115007303,0.005271718189411606,0.004938442277820652
lung,1659,0.013036375603492014,0.013563696714127762,0.003377160416221058
lung,1660,-0.004051470589199867,0.0015151230319526603,-0.0035973778402208596
lung,1661,-0.0023766273296494667,-0.007024758874691885,-0.011036965711710228
lung,1662,-0.0014118580710142288,-0.001983309000042112,0.0028359482638334417
lung,1663,-0.006352693702319436,-0.004772858142036512,-0.009206755925930796
lung,1664,-0.004464804529088364,-0.006398737390207474,-0.0011262948834614333
lung,1665,-0.0025641713418711,-0.004846503074780748,-0.011411589247968913
lung,1666,-0.006396037636747093,-0.014998588649863689,-0.006894385651014902
lung,1667,0.00593535621250806,0.002714835297890248,-0.0001665395899982658
lung,1668,0.008516134522403565,0.008244580470763735,0.017977483315258124
lung,1669,0.0035595411717354495,0.009754790953754486,0.0031409523345487986
lung,1670,0.004523638737378498,0.0024627357152184064,-0.005116862726121542
lung,1671,0.005796651252938888,0.011703617975782002,0.002364264596294195
lung,1672,-0.0018415860620966025,-0.006630930896391468,-0.004530193633629174
lung,1673,0.006859035384275468,0.004651004936355646,0.012425620693555139
lung,1674,-0.004997469368872122,-0.0075103195232554725,-0.00392995356725768
lung,1675,-0.0022001908882585595,0.0029785503963442313,0.000740766799213856
lung,1676,0.005939285911682274,0.012793585783860296,-0.00487919711064258
lung,1677,0.0025014443941913933,-0.00026450446705142405,0.00893555203164978
lung,1678,-0.006075686695607587,-0.008821233841460541,-0.01046557738882454
lung,1679,-3.797362234711499e-05,0.00476406045594401,0.0027859050957765585
lung,1680,0.001119673421090937,0.0017826140858567356,-0.002423815026416189
lung,1681,0.004776725829427703,0.004527817002281377,0.005844749465163455
lung,1682,0.005195949149398665,0.0035261039756830275,0.0013986672593054215
lung,1683,0.00019340075171916937,0.00630733520041829,-0.00819346743193286
lung,1684,0.0073679390713851005,0.004705336570090285,-0.002084923642354121
lung,1685,-0.006108535593493586,-0.009136328173530597,-0.0026788042038529414
lung,1686,-0.003751116740086463,-0.011428078577573136,-0.01470528006273994
lung,1687,0.006700717424724972,0.013110416850178896,0.01081679554130674
lung,1688,-0.003082490439621083,-0.0071122512266400635,-0.00035244311523519945
lung,1689,-0.0021511662958280573,-0.0013062693229564755,-0.007999879810649932
lung,1690,0.006927980605883094,0.005858408395831062,-0.0070772547112160356
lung,1691,-0.00413294224513952,0.005450234465386164,-0.009881541354780133
lung,1692,-0.006279953652868551,-0.019873616527266113,-0.008757650861314591
lung,1693,0.0004946542576520033,0.00639963685119783,0.004652073591915875
lung,1694,0.004065919813476121,-0.0019129526949191178,-0.0011557240217460836
lung,1695,0.010766777834085759,0.016936134708452517,0.012455633755257683
lung,1696,0.0016205041950817605,0.008676415277765387,0.008860283924255299
lung,1697,0.008790588268775481,-0.0012471604951251967,0.0008981656438334842
lung,1698,-0.004039018509274489,-0.013884281744592322,0.0007779556129198133
lung,1699,0.00285349055572214,0.00426247058724306,-0.0018497277984676395
lung,1700,0.004749772409968739,0.0034566527282687554,-0.00019285555748368988
lung,1701,0.002181044345621765,0.007212228886623031,0.004242582237554665
lung,1702,-0.006047024069795394,-0.004735013276589992,-0.009431260158527067
lung,1703,-0.0012148986481522461,-0.002213583921727741,0.005001162076096123
lung,1704,-0.006465981353469717,-0.01251319608534358,-0.00435257696228313
lung,1705,-0.0023393992649569004,-0.0012471818304113649,-0.012847423056635656
lung,1706,-0.003372857918946842,0.0024415174371092514,-0.0056017214752488356
lung,1707,0.0070341375552052205,0.00544501009075248,0.00990364017450258
lung,1708,0.005186527111828071,0.003713452284633628,0.0022058023936269155
lung,1709,-0.007623028902471768,-0.00840691749192756,-0.005736095578099075
lung,1710,-0.002433120471331716,0.007526781731209622,0.007165986856594985
lung,1711,0.006816296411617693,6.871417402381196e-05,0.007883914755163193
lung,1712,0.0029891259609276244,0.007994113967545114,-0.005023220949230309
lung,1713,0.007920740797338335,0.007670930719403493,0.012949730177595497
lung,1714,-0.0005846482943428211,0.00876191306920788,0.0035073956921633604
lung,1715,-0.0025021481942568424,-0.0007830664407047216,-0.009118777466197481
lung,1716,0.005077340120151162,0.010288237000648931,0.0033960954329441224
lung,1717,0.004245964890385839,-0.0044724015855279655,0.009537031791180307
lung,1718,-0.0035241195952249818,0.00432990326293578,-0.004069105652620317
lung,1719,-0.004556231062364903,-0.010659393484589006,-0.001899941698859107
lung,1720,-0.00393914717972509,-0.01156911640598456,-0.014441850565099178
lung,1721,-0.006203760820554895,-0.003973287951239385,0.003698818163482452
lung,1722,-0.011959618710728157,-0.013029190920780188,-0.017527445345489952
lung,1723,0.012065775660050284,0.013330714678069205,0.016072124171558837
lung,1724,-0.002752472763235342,-0.0066494668583238405,7.718113221049294e-05
lung,1725,0.0019164950181933444,0.0035712705020592888,0.0071620666180788415
lung,1726,-0.002504474436546176,-0.0005037665325414256,0.0017986832040726435
lung,1727,0.0016294016858543574,0.010160046913418827,0.006882488883952885
lung,1728,-0.00802689774666046,-0.0011964921997317706,-0.01403471324712292
lung,1729,0.00044668409462373754,0.002025233973300076,-0.005727704810513665
lung,1730,-0.005563758629650371,-0.009597834113358064,0.004685353314301745
lung,1731,-0.005183497069473288,-0.0056230825500284964,-0.0015915992734504927
lung,1732,-0.004627792947663162,-0.005347569708131393,-0.0015417081087374662
lung,1733,-0.00312813180813575,-0.0038307050642716243,-0.010920947862017796
lung,1734,0.007633275713869468,0.01857951494722936,0.0012581042652679477
lung,1735,0.001846674827456642,-3.271982546930929e-05,-0.008047418077465368
lung,1736,-0.00522092766365607,-0.004737900881763929,-0.0018625706240503474
lung,1737,0.009076472143453354,0.013259454049344376,0.004634213847066684
lung,1738,-0.006524074801909761,-0.001140377173979329,-0.008826861609838432
lung,1739,-0.003986012102412441,-0.007676499699563641,-0.016977023752926212
lung,1740,0.007091964967348624,0.019322565318911973,0.020997593713387802
lung,1741,0.010260399192345088,0.01635189121964852,0.012852383895419142
lung,1742,0.0019809636604346073,-0.005609025933769968,0.010479338927139323
lung,1743,-0.0073871796596266985,-0.008664874833417924,-0.009020216999482217
lung,1744,0.0072957900861348,0.013213528835452931,-0.0004984692943935196
lung,1745,-0.008815832819329525,-0.013754930000535856,-0.015134310841464188
lung,1746,0.0013345888279531297,0.006301467099268219,-0.0032970518851756225
lung,1747,-0.007484023055263643,-0.008706816384187716,-0.016485425831723476
lung,1748,0.0048828458189651884,0.005060981942179771,-0.0035200240420152082
lung,1749,-0.0009751566659176036,-0.012052663723693152,0.0027248590597648372
lung,1750,-0.00024591849857346265,-0.006688488742266453,-0.0012338784141328514
lung,1751,-0.0008420669199430871,0.002395657499007081,0.007432357510752154
lung,1752,0.0011627376379238774,0.0042948344054059475,0.005116216204763574
lung,1753,0.0008689833796174107,0.00607988026011518,0.0027685175976182126
lung,1754,0.005369066951729812,0.0032469632587165675,0.011214411502714915
lung,1755,-0.005563758629650371,-0.005880846038236641,-0.009294296536101043
lung,1756,0.004278776828487198,0.012975399330696014,0.0011484367242726996
lung,1757,-0.0007884734131289964,-0.0004656746711332593,-0.007717922511921152
lung,1758,-0.006873088368861459,-0.01622163386170945,-0.0006496590282319501
lung,1759,0.001544916324537987,-0.004668570368220909,0.003282284136156638
lung,1760,-0.000560129081417495,1.0741256867406236e-05,-0.0028110493900924778
lung,1761,-0.002770606099066384,0.002627099089307389,0.0006615785564141607
lung,1762,0.005605484395502393,0.00012137414567839344,-0.00015284211873568387
lung,1763,0.006202459329358617,0.0020483915951967357,0.013839716325925278
lung,1764,0.0038201419107873245,0.012051082548401103,0.0005613914422415529
lung,1765,-0.001509388002801602,-0.006527816388030563,-0.007065946857010777
lung,1766,0.006352693702319436,0.007290292537586571,-0.004465789320005418
lung,1767,0.0021337707120198945,0.004385350387588869,0.00177100045614965
lung,1768,-0.004164190238364905,-0.004754491016277405,-0.006683559265921911
lung,1769,0.0028208809668207138,0.00610704990085173,0.0042674499375408475
lung,1770,0.0007010520550626472,0.0032146006571367,-0.0034563672792012243
lung,1771,-0.010354322928210119,-0.012716070724619824,-0.012877644037829844
lung,1772,0.007664754668323791,-0.00011911709118438574,0.012951773851303685
lung,1773,-0.008362300167500955,-0.016698312095146613,-0.012721540079684965
lung,1774,-0.005015904072488947,-0.0003453301060508396,-0.005347019956698497
lung,1775,-0.00037177513852699556,-0.0016164503051461314,0.007012494122668753
lung,1776,0.00774462541960283,0.013530182944526337,0.00968737732529193
lung,1777,-0.0028201944306702844,-0.0011546469203293217,0.0018317737830839767
lung,1778,0.00593535621250806,5.411875527854427e-05,0.009378940994710639
lung,1779,0.0014699884792389133,0.0035382381868981627,0.003989357506795919
lung,1780,0.005475027650196575,-0.0014479692635191357,0.001055530795395396
lung,1781,-0.005015904072488947,-0.007415518798203097,-0.005275348781326637
lung,1782,0.001583276130389194,-0.007988773735602408,-0.009141126589891793
lung,1783,0.0012629621490343284,0.0068295557701868554,0.015057287103046924
lung,1784,-9.406433174969735e-05,-0.0010393466279728647,0.0037184135284567084
lung,1785,0.0024541216531594003,0.0054168408609234124,-0.004569204456650516
lung,1786,-0.006960829503769093,-0.009476479833427504,-0.005685041618811162
lung,1787,0.002857990497348093,0.00013202126816017068,0.008763591990950365
lung,1788,-0.003216075472533599,0.0009379922616282823,-0.007778164519825373
lung,1789,0.009206127477191656,0.0006035764640750594,0.008249812925672737
lung,1790,0.004782621307854738,0.003242252116694831,0.0003441925206448173
lung,1791,0.0049358370703545444,0.005268591792847527,0.019292925753673112
lung,1792,-0.00967154480486318,-0.006052061742475587,0.0030658754042286185
lung,1793,-0.0008035248928299857,-0.004071038418675001,-0.0043511674235639786
lung,1794,0.007953589695224333,0.004870131883521728,0.007596242387589815
lung,1795,0.0039759257767853036,-0.0013823974035905937,0.0040608722834750794
lung,1796,-0.0040311168293684545,-0.0055122694789724955,0.0033831538895292097
lung,1797,-0.010872934783407886,-0.007357979460665586,-0.006180914554775994
lung,1798,0.005256151051709411,0.007174375584385634,0.01776699765205626
lung,1799,-0.004790741854229054,-0.00022688552237508808,-0.010841470499284606
lung,1800,0.0035650890394852974,0.005543151718996544,0.012325338535701216
lung,1801,0.0002860614303471787,0.0023838528052122407,-0.0025982028306583784
lung,1802,0.00360912950333935,0.004886824677130577,0.0014957251121527626
lung,1803,0.000778546378572581,-0.0018713668787259754,0.004587026394223712
lung,1804,0.002118317397942058,0.004444926426281276,0.01450276677808022
lung,1805,-0.00225378439507265,0.004221805855792432,-0.007424464363870185
lung,1806,0.002594452136258927,0.0019343643336926968,0.0037646368609636307
lung,1807,0.005796651252938888,0.013894485434147386,-0.00023739567094853854
lung,1808,-0.0035672153045086807,0.00019436203221687154,-0.0038954171411115326
lung,1809,-0.010617844952321218,-0.0107959810755358,-0.012526068540463462
lung,1810,-0.0010440855505471636,0.004210958181656778,0.00295377688184605
lung,1811,0.0011752210141266946,0.003058590599266562,0.0005564073408565369
lung,1812,0.0025613059057988477,-0.0009878337704987972,0.001616259134832552
lung,1813,6.425362780079769e-05,0.003514398673864836,0.00016464053017657226
lung,1814,0.0008065549351847686,0.0024664031138669864,0.008411229897806858
lung,1815,-0.0009221339220774893,-0.00999548191630196,-0.0033998311305235285
lung,1816,0.00021271641912641118,-0.004164898786683422,-0.0052837345757385055
lung,1817,0.011071414563934429,0.02070105166024367,0.009140225974272933
lung,1818,0.009234827062788489,0.013929951219058111,0.0047334292865188485
lung,1819,-0.00298026318947317,-0.0033438109838430006,-0.007806964716264936
lung,1820,0.004618370910092567,0.005650041234451925,0.0033237736656118637
lung,1821,0.00012377681183782982,-9.101209631359741e-05,0.003794057775671332
lung,1822,0.0021363989199978304,0.0037592260941037388,0.004598900158330708
lung,1823,-0.002719623865349343,-0.0024025364567630734,0.0024953113687369946
lung,1824,-0.004829876371887781,-0.0017921278113535257,-0.004683992878741078
lung,1825,0.0011298887400378783,-0.0009178117751940755,0.000315658546888244
lung,1826,-0.0024186712470554614,0.001479969192585297,-0.006493776886329175
lung,1827,-0.003958462847132332,0.004060040130053538,-0.006353549535251274
lung,1828,-0.0007484614867447245,-0.0001684654665370655,0.005277099358027365
lung,1829,-0.007660824969149577,-0.008752333440343957,-0.01115902011691188
lung,1830,-0.00225378439507265,-0.004056311063238736,-0.01088006219198733
lung,1831,0.010558148046996294,-0.0018586934306111906,0.0041601141388065786
lung,1832,0.003830388722185024,0.01470875300083647,0.005201959696404902
lung,1833,0.008970315194131226,0.009344415185894933,0.010600817575024058
lung,1834,0.00017303878510085968,0.003720864926082229,-0.005521652345414879
lung,1835,0.00400616961138849,0.0036799565208794622,-0.000936458356063939
lung,1836,0.000849984936827188,0.002902810136577681,0.008862331846985122
lung,1837,0.0121909473891407,0.011187172387434894,0.012950761769044148
lung,1838,-0.00400616961138849,-0.008059675534723781,-0.004622225475723542
lung,1839,-0.00523868812205644,-0.007835181368688632,-0.0030297783251455324
lung,1840,0.006524074801909761,0.015708289364665663,0.0035876053489974085
lung,1841,0.009128633153681722,0.016330770411336563,0.008547877910112921
lung,1842,0.0028030982603264587,0.011233181677064339,0.003870614061940901
lung,1843,-0.004490789839492498,-0.0015872871732843519,-0.00878409147524914
lung,1844,0.0011588079387496637,0.0062784349125906596,0.013020219740547411
lung,1845,-0.008548327868102121,-0.006307277413010209,-0.015429569619542755
lung,1846,0.002069694639888403,0.00699242605949732,-0.0021361340428911373
lung,1847,0.004045884205198681,0.004956145331638434,0.0013063127672414405
lung,1848,-0.006238984208608235,-0.009623836053318133,-0.0024265063484018297
lung,1849,0.01050512530315618,0.008413147492494655,0.007166818948555354
lung,1850,-0.004356150377177746,-0.005657590687285284,-0.0038312137149253507
lung,1851,0.0033649713945134996,0.005823802661783515,0.012704786649244876
lung,1852,0.0011657989765561,-0.006808557148923598,0.008796651915082101
lung,1853,0.0024455562142790266,0.004723720727537397,-0.01134876873973357
lung,1854,0.005127003927791039,0.010370920815460899,0.0034810611512122083
lung,1855,-0.00427363767165187,-0.009617241434982614,0.0017770909734036817
lung,1856,-0.007702899653750807,-0.00505298639645225,0.0011854556637011801
lung,1857,-0.0023402240387840056,0.0013830167783191924,-0.008610117059783772
lung,1858,-0.000975140328939537,0.0013721192789354448,-0.003185088160306465
lung,1859,0.00257445511305344,-0.001163855393899451,0.0013797689827278932
lung,1860,0.004442924313247822,0.005812505303456829,-0.0004197484008815573
lung,1861,0.0011259590408636648,0.008512653689877128,0.000599782342991101
lung,1862,0.001787422312830772,-0.0001556362302110963,0.0034846686773661777
lung,1863,0.0003428559398152102,0.004126875697936451,0.010220267123569094
lung,1864,-0.0013915412709674575,-0.006804913773247942,-0.0050266567546785506
lung,1865,-0.007091964967348624,-0.012249327604635235,-0.008340559076799045
lung,1866,-0.0015777652224239862,-0.00412416760942307,-0.0034100881812369572
lung,1867,0.007046323598833957,0.008302136934930121,0.002794565181923568
lung,1868,0.003993686235185673,0.006178449853332832,-0.0007697890616212748
lung,1869,0.007358517033814506,0.01207753551533346,0.004675639022324124
lung,1870,0.006630268711016528,0.0015936034150477087,0.006889713419854218
lung,1871,0.004782621307854738,0.006174231612796242,0.0023970587333071542
lung,1872,0.0036712459888074236,0.0007411584849098818,-0.0035202806305220384
lung,1873,0.00627018099679356,-0.002540776845907265,0.00555545405392352
lung,1874,-0.001401611259616529,-0.00789260898507633,-0.0026860138239545124
lung,1875,-0.0029891259609276244,0.005099582538358119,-0.005106482434176931
lung,1876,-0.0015252474755696928,-0.002506993162543001,-0.00804873193799143
lung,1877,0.006683254495072001,0.0036554619150349905,0.0045437677637333584
lung,1878,-0.0002942808150170617,0.0017822724877357052,-0.006612555546125619
lung,1879,0.0009549828199634883,-0.005910443896748616,0.0023787589860901626
lung,1880,-0.0006209850529282449,-0.000858021941776745,0.006489814009858772
lung,1881,-0.0016379671247347312,0.0010773102861319956,0.004100511995524553
lung,1882,-0.0033030377282101397,0.000626976374050449,-0.004497053291964324
lung,1883,0.008928552468494564,0.009830268503754541,0.0030172791183504886
lung,1884,0.00035077395669931105,-0.002482469268508971,-0.005998105938162218
lung,1885,-0.0017565761539822349,-0.003790983767640153,-0.003588899112795206
lung,1886,-0.005753555543655188,-0.006003348588275993,0.006369933778679866
lung,1887,0.0027929749749146804,0.011986315219593341,0.014230915153012363
lung,1888,0.0006452069332794907,0.004046789865975611,0.0017721739702958965
lung,1889,0.009877272196095752,-0.0008215252403668549,0.013235629235701474
lung,1890,-0.004982701993041895,-0.0009086468772793082,-0.002001775273676592
lung,1891,-0.006630231751231887,-0.01646636930462696,-0.006694850757296153
lung,1892,-0.005851223713119237,-0.009758989834682753,-0.008064085592092863
lung,1893,-0.00490974712316682,-0.00682201259433184,-0.001165476132195577
lung,1894,8.598074516002104e-05,-0.007433820360258719,-0.0038674978216796754
lung,1895,-0.0003098045124389955,-0.0007246906142296672,-0.007236541564788599
lung,1896,-0.0030531240137434412,0.003624060414313207,-0.00802087186444847
lung,1897,-0.008742524767893398,-0.0056479401116567105,-0.0034514578670989298
lung,1898,0.004249534126523541,-0.0024852375318507496,0.004925041226260557
lung,1899,0.0014433739852531917,-0.00037481999681960665,-0.00037375300344661766
lung,1900,0.0016345408426896857,0.007275435748832039,0.008826067462019149
lung,1901,-0.002004236153100978,-0.007650842392652799,-0.0025175768464558435
lung,1902,-0.00082690869501618,-0.0007368069444900482,-0.0009159029195205299
lung,1903,-0.0022573232451501835,0.0026984452149448612,-0.010046262219373835
lung,1904,0.0019516727105929426,0.002669330710162778,0.0013624313879088044
lung,1905,-0.005969529746285461,-0.006502533155265916,-0.00023923216204630848
lung,1906,0.000630757709003236,0.009879520379349535,-0.008379131146571933
lung,1907,-0.0038201419107873245,-0.008160450770993338,-0.01029521702469339
lung,1908,0.00671316950465035,0.00348848137038126,0.018404701124170003
lung,1909,-0.0022629178359382662,-0.013580767444800976,0.0011250115542534764
lung,1910,0.0031110775893972986,0.0034409002857314352,0.008110573346073856
lung,1911,-0.005077340120151162,-0.011767335127427402,-0.00607358411366174
lung,1912,0.00804194922636145,0.00013948185311984072,0.016583034346633156
lung,1913,0.0031439264872832975,-0.0049225169979913354,0.002630585793928432
lung,1914,0.0034610583551865546,0.009593648212071676,0.004806397905981466
lung,1915,-0.004352084879923325,0.003300326767731834,-0.0014156154270109724
lung,1916,-0.003943076878899304,-0.005492571751981969,-0.0009425453831389541
lung,1917,0.00800913728826009,0.00785889648769906,0.009213347532156996
lung,1918,-0.0007378479160378796,0.0018636208261798293,-0.011724531447882278
lung,1919,0.001139709029368376,-0.0017369754971768385,0.009421502076444757
lung,1920,0.0008932831756011025,0.006477229490019007,-0.004250074417424208
lung,1921,0.002410044229520708,0.0070181778568042434,0.0020475798066076265
lung,1922,0.004964620470986124,0.013392719758426718,0.009552379660060497
lung,1923,0.002594452136258927,0.0014389531713003185,0.0034446535167461747
lung,1924,-0.001012973355401986,-0.009303276031879295,-0.010307293309224391
lung,1925,0.0037570491782981386,0.009149872488151328,-0.004453166227717215
lung,1926,0.0058112117867349655,0.005765256887915006,0.007330290067559854
lung,1927,-0.003479474169601047,-0.006539665151530991,-0.0022494874185092495
lung,1928,-0.0063973391279433705,0.002369471863051282,-0.016230495046408455
lung,1929,0.0003768639038870351,0.0009098673128674906,0.0032065177993328697
lung,1930,-0.006899197205251516,-0.005921618737929485,-0.01670898283000709
lung,1931,-0.012617418319817691,-0.018723995090555084,-0.017457228574358875
lung,1932,0.0008765356116920328,-4.9392828654432064e-05,-0.010802557846649564
lung,1933,0.0028308080013771295,-0.0028769989090278443,0.0023501266044135367
lung,1934,-0.002604698947656627,-0.004922169448636762,-0.005329582249622017
lung,1935,-0.008742524767893398,-0.011771963692482668,-0.003433712522789298
lung,1936,-0.005034899963054905,-0.0029239231145757423,-0.006101480272144383
lung,1937,0.010111503270365188,0.0007978127250535538,0.012399818062069145
lung,1938,-0.0002568502208342797,-0.007401417281485514,-0.00024348135520553077
lung,1939,0.002560278602481527,0.007542226563646309,0.007431235394562094
lung,1940,-0.008654484817424249,-0.006935420097186165,-0.010957271625352918
lung,1941,-0.0050064820349183525,-0.005336304731252489,-0.008300534414092333
lung,1942,-0.0009547865691081255,-0.0017560278518292949,0.005409186753935508
lung,1943,0.0038217617046502708,-0.0005684717929417917,0.0041603952885138715
lung,1944,0.004845066089265447,0.005843751362840942,0.0024167936611508753
lung,1945,-0.0015346695131402872,-0.002038245487459724,0.0018826237153223015
lung,1946,-0.0035082575702326257,-0.008166213244888504,-0.007554373112469916
lung,1947,0.0005637352773398366,0.005168418418366785,0.0018137727134365325
lung,1948,-0.004940976227189873,0.0004723962750906117,-0.016738285369720024
lung,1949,0.0005324872841144523,0.005126599942043536,-0.002499486284660263
lung,1950,-0.00015817736366582902,-0.002070442834830849,0.001306992938034185
lung,1951,0.0049768065146148606,0.006398597125355371,-0.001489984521340017
lung,1952,-0.00019102626155182803,-0.0015235862471845256,0.0013640232066106741
lung,1953,-0.0017851633037584507,-0.002100266583047433,0.0028919727102792725
lung,1954,-0.00047208913094834437,-0.006367929009257377,0.0004389321208257505
lung,1955,-0.003907564894140986,0.0036248545030599837,-0.0015049626078090148
lung,1956,-0.004523638737378498,-0.008765837184825386,0.0018515327112230227
lung,1957,-0.000426330334792326,-0.0009837602944657575,0.0017012558845535821
lung,1958,-0.0004818617870233355,0.0035367891887756004,0.0008395499991082818
lung,1959,-0.00036593218162621805,0.005688785725517037,0.0049025018778474745
lung,1960,0.005720409313195109,0.0039002312018250234,0.006613320547249344
lung,1961,-0.0012909707056465158,0.007834027315553521,-0.0019614423832277537
lung,1962,-0.005434525438517236,0.0013740651824924368,-0.012752050716070412
lung,1963,0.0011371363507439076,0.0007222502489532359,0.005267967037023193
lung,1964,-0.0013971276549686422,-0.007980212740223378,0.006043835032693965
lung,1965,-0.0025416062151674412,0.0020508600982093823,0.0039324308642826045
lung,1966,-8.855342378448945e-05,-0.00818638760499299,-0.004951024136749721
lung,1967,0.003138581149023665,0.008120529110188448,0.009877679451612451
lung,1968,-0.006587997775559934,-0.0031991709986361194,-0.006794701139993485
lung,1969,0.002069694639888403,-0.0018272994552000952,0.002452209747806383
lung,1970,-0.00294638698826985,-0.004295171901635429,0.0016852537248589023
lung,1971,-0.002488295186936801,0.0008570902886500809,-0.010084579706195407
lung,1972,-0.007196521012010136,-0.004825533301132881,-0.005851181461215225
lung,1973,0.007253014153692385,0.0045639332772094325,0.015715112400102326
lung,1974,-0.0038136411582759544,-0.002442413823514687,-0.005489767440342473
lung,1975,-0.0028308080013771295,0.0010086158967077632,-0.0006661534697550249
lung,1976,-0.003620977219397664,-0.003959443275300113,-0.00441955471821497
lung,1977,-0.002857990497348093,0.0052568975030073874,-0.003186192333950945
lung,1978,0.001441773080592577,-0.005863606235100969,0.005172310987043248
lung,1979,-0.0021771146464475513,-0.010988072489148376,-0.004066962018426943
lung,1980,0.00022400132294828068,0.007717605893983247,0.0014613973068408153
lung,1981,0.008231043929102039,0.004842217152178224,0.015311765851813663
lung,1982,0.004369547809576296,0.0046193408541971015,0.004732215523515483
lung,1983,0.006284332819675119,0.0037379304326760347,0.00868693510600709
lung,1984,-0.011810685828963616,-0.013049129438480364,-0.0024935034155530167
lung,1985,0.004365618110402082,0.005590638374621398,0.010981739548221412
lung,1986,0.005912735236817429,0.0009180519879047793,0.005625968152207515
lung,1987,0.006547854843786218,-0.0007721268929868448,0.006550487655485835
lung,1988,0.006630231751231887,0.004717966280066867,0.008096648115930813
lung,1989,-0.002351648815392062,-0.006601350438108342,-0.008751695867704365
lung,1990,0.002857990497348093,0.003320221202396806,0.006287925178014843
lung,1991,0.002504474436546176,0.004913214844183084,-0.002990736522698573
lung,1992,0.00022624964960516838,0.005820684169963962,0.004135975292655201
lung,1993,-0.004643615460646612,-0.0095918383237757,-0.00526242913391677
lung,1994,0.0006198259867424191,0.0014774122036102604,-0.005948088103725389
lung,1995,-0.0025376765159932277,-0.003962306828106823,-0.00545143440057939
lung,1996,0.007439377629639708,0.014358207323704141,0.007392489552651288
lung,1997,0.007196521012010136,0.013629948540466333,0.0034512119865828714
lung,1998,-0.007358517033814506,-0.004228066610884697,-0.006291936724725028
lung,1999,0.002858629712557468,-0.0042970641926278474,0.0034591917336854643
lung,2000,0.0023051887713948596,0.007894224813943076,0.012934289376977631
lung,2001,0.0013316691681812172,0.005897317341895109,0.0015828297990677178
lung,2002,0.002351648815392062,0.0071079736425148365,-0.003935989549917335
lung,2003,0.0023496460763546,0.004377678280275623,-0.004048387831835115
lung,2004,0.003534366406622682,-0.0019168730249622492,0.00039711441024621163
lung,2005,-0.0035082575702326257,-0.0036134290106084508,-0.004322181930425097
lung,2006,8.855342378448945e-05,-0.0035667954052962247,-0.0022980471852191153
lung,2007,0.005228798047284665,0.014741648405034436,0.007214299908261289
lung,2008,0.001056580688601751,0.010835953098508424,-0.006130993848664992
lung,2009,0.0017522446204311741,0.0036467410501051234,-0.0024051747138326973
lung,2010,-0.005299246760993109,-0.007247146168019386,-0.003173606209792614
lung,2011,0.008654484817424249,0.013783237473188003,0.008300506473626503
lung,2012,-0.00873738561105807,-0.006151584182747074,-0.01104017241898674
lung,2013,0.0020493408800569914,-0.0063296348077019615,0.006165418996638758
lung,2014,0.0008236511055285944,-0.000875596114465536,0.005174606939761415
lung,2015,-0.002719623865349343,-0.002978559625206943,0.0023271108592174496
lung,2016,0.007664754668323791,-0.00010800727996434101,0.014594203767115945
lung,2017,-0.0011410105205646541,-0.009115366646044351,-0.004287352302107518
lung,2018,0.003836919929577178,0.0019759927658329996,0.014537491810808684
lung,2019,-0.0018415860620966025,-0.0014161294772080668,0.006057748455007368
lung,2020,0.002506077893431056,0.004557838200354353,-0.002896496090416099
lung,2021,0.010779229914011137,0.007421172227742034,0.007431067554548134
lung,2022,0.006896868410737916,0.0025838972593592857,0.008863654446502603
lung,2023,0.002944432902048183,0.006219045673703322,0.005093443746958184
lung,2024,0.0014613245019195198,0.0008118071824511538,0.00519186240837019
lung,2025,-0.0011843544549923108,0.0004960429161172029,-0.008329179036971529
lung,2026,0.007484023055263643,0.006190903373563659,-0.005062897274351876
lung,2027,0.0006198259867424191,0.0016514963111017764,-0.0016805088452083077
lung,2028,0.0017752362692020351,-0.0013588446275773214,-0.006817016008520443
lung,2029,0.0007638159625269944,0.005957659023877783,-0.010214178199175961
lung,2030,-0.007833356399056626,-0.0073503296171644845,0.0038460416023801767
lung,2031,0.0027314715814076573,0.008124294891260847,0.004968619215660839
lung,2032,0.009772416737969905,0.015036586152096604,0.001837008491597264
lung,2033,0.004501017761687866,0.00263437926453422,0.004379705329156741
lung,2034,-0.0002607799200084933,0.00034294420320143964,-0.0006742094992082022
lung,2035,-6.295213660451975e-05,0.004968232404396746,-0.002534977488508755
lung,2036,0.0037807922603899555,0.001130879003091399,0.006029876951905165
lung,2037,0.005168729693643061,0.001314366549431872,0.005890368528675073
lung,2038,0.0009274792603371218,-0.0027278866020576296,0.01427034427707033
lung,2039,-0.0065517845429604316,-0.00886011232870377,-0.004346955116734025
lung,2040,0.0006639597884502876,-0.002727134938304944,0.0020877359545769616
lung,2041,0.002038446646663019,-0.0004751019554110336,-0.007517747536670588
lung,2042,-0.0034610583551865546,-0.012602281304119473,-0.0034175594315911757
lung,2043,-0.004269707972477656,-0.005696339447202575,-0.010965893130473348
lung,2044,0.006756599506292769,0.0009329322460668588,-0.0008294903328231185
lung,2045,0.0011588079387496637,-0.0033423884679703864,0.004275414958443589
lung,2046,-0.002312514297733335,-0.010085276246021466,-0.011706237531589586
lung,2047,-0.0041797139357868385,-0.0053738802498740175,-0.0013529740879477023
lung,2048,0.0014371395813529142,0.0002186609491175533,-0.0014835301953952198
lung,2049,0.004119192256634809,0.005742577044566885,-0.007318747921462874
lung,2050,-0.004278776828487198,-0.012014955207529737,0.002337852443453442
lung,2051,-0.004600876487988838,-0.0007193069008090964,-0.0030215412645467803
lung,2052,-0.0014118580710142288,0.000231790568317634,-0.006789264254577922
lung,2053,-0.0038017260963728317,0.0013345297346603153,-0.0015888642173992051
lung,2054,-0.005678646587558446,-0.008111281320444686,-0.008533176086715064
lung,2055,-0.005434525438517236,0.0004239967692450299,-0.003654407671611061
lung,2056,0.00020022128107182366,-0.0037117120601429707,-0.001212287104502228
lung,2057,-0.0049958684642115074,-0.004120929554078287,-0.01738031784434967
lung,2058,-2.0213163946745476e-05,0.006530018136382959,-0.004918959607344796
lung,2059,0.005327084612978196,0.001852223154835584,0.0020328302326400685
lung,2060,0.0026273010341449263,0.0037779047116718407,0.0062762699104179556
lung,2061,0.0019819535049807693,0.0009634336978472842,-0.0010944786201088539
lung,2062,-0.005164799994468848,-0.006830347504809811,-0.007889378753339032
lung,2063,0.002558275863444065,0.0013733494638244377,0.0051945158318069205
lung,2064,0.006816296411617693,0.0007206371646629834,0.007281125214525832
lung,2065,-0.0011315884829940597,0.0061883932537790025,-0.00015395184784210625
lung,2066,-0.0017268636738941023,-0.007041040002563827,-0.007475970617656026
lung,2067,-0.0024867139781458067,-0.003505233785279292,-0.011939576691885029
lung,2068,-0.0017266611444038866,-0.004427930994827273,-0.0015858960563977045
lung,2069,-0.0023063478375806856,0.0002163264464161243,-0.008576444149606555
lung,2070,0.000816822369389042,0.007242746722575845,-0.002103847407359092
lung,2071,0.005115775402038346,0.015339748258669118,0.0061751096676326556
lung,2072,-0.003090903743443183,-0.004342120542046274,-0.013375519599187655
lung,2073,-0.002410044229520708,-0.010973560275324248,0.007225136827674663
lung,2074,0.0015386307047652592,0.0024488918312050114,-0.0017639077535240577
lung,2075,-0.002431519566671101,-0.001980999529019173,-0.0069142036191698255
lung,2076,0.0010254315336719333,-0.0014882346666891901,0.00407782952868597
lung,2077,0.0036814928002051237,0.0058326871524225134,-0.009760978787588035
lung,2078,0.0012954543102944027,-0.00551313631071527,0.009307801220452336
lung,2079,0.001243293300066034,0.0021273578921220115,-0.0018631190394851707
lung,2080,0.005308668798563704,0.0010013799455297805,0.0011483354166931343
lung,2081,-0.0002720084457611867,-0.010883833638941697,0.0086163468716908
lung,2082,-0.004643615460646612,0.00191574152160585,-0.007777953409416384
lung,2083,-0.0014874144491072439,0.008712830304521255,0.002871825463076766
lung,2084,-0.006883335180259159,-0.006684649864617281,-0.013096534774792067
lung,2085,-0.0023161204936556767,-0.002440739406973138,0.0005106193541834594
lung,2086,-0.0035672153045086807,-0.003141758719620145,-0.0070455316952842215
lung,2087,0.004502621218572746,0.008033680133824595,0.0028571457175391723
lung,2088,-0.0022605433457709248,-0.014289532486828672,0.004435641812224769
lung,2089,0.010965257614612303,0.006851913544441988,0.014929059461859434
lung,2090,-0.007650701683737798,-0.00692440032459965,-0.0031397797938968004
lung,2091,0.00393914717972509,0.006775833788511422,0.007807900345467069
lung,2092,-0.004441765247061996,0.004511232446529503,-0.002127780313575439
lung,2093,0.0019363182348106727,-0.005069623323463177,0.01017373344371228
lung,2094,-0.0007359099706209608,-0.004315413400953659,0.006455616648708501
lung,2095,0.0003987810795122171,-0.0008396795633185683,0.006762552401391703
lung,2096,-0.011073015468595043,-0.0030986423098013083,-0.004710282181171578
lung,2097,0.003879855153090315,0.008423876951386291,0.0016669932741166884
lung,2098,-0.00014277525462805252,0.002925015243167841,0.001061434989268852
lung,2099,0.0020677566944714842,-0.0029617815019775213,-0.0012620635810140037
lung,2100,0.0032421817566993896,0.0016158858106329053,-0.0006655982182052302
lung,2101,-0.004818451595279725,-0.012775753901612442,-0.009427330866822986
lung,2102,-0.006854092478295502,-0.006528437001612644,-0.004262107775221449
lung,2103,-0.004336767363925696,-0.0020851876883567215,0.0005798133293285577
lung,2104,-0.0024019236831463917,-0.0033800597642945907,-0.0074951220880834415
lung,2105,0.004829876371887781,0.013335822220687715,-0.002705166617818694
lung,2106,-0.005298421987166004,-0.011273730933487741,0.003199445445417402
lung,2107,-0.00137904613291287,-7.818798151602467e-06,-0.00042273158139395173
lung,2108,0.006070100311606402,0.012606891233324636,0.016274652447174513
lung,2109,-0.0019763301611949446,-0.0015101428096363039,-0.004092446598824082
lung,2110,0.0008539146360014016,0.0033510974764780397,0.0014215611518207847
lung,2111,-0.0027450048118864145,-0.010277424209087383,-0.0007579976409085123
lung,2112,-0.00457096147841049,-0.006661653607465429,-0.0033108975872432984
lung,2113,0.004502621218572746,0.014562306243615774,0.015928123235492374
lung,2114,-0.003916191911675739,-0.003109860900824259,-0.004722138026874184
lung,2115,0.001056580688601751,-0.0038825164926045803,-0.0032851026572636817
lung,2116,-0.008158033210239992,-0.006571954767911735,-0.01791112540852871
lung,2117,-0.0015876922569804015,0.006236928554901868,-0.007348932818825177
lung,2118,0.0013588886239368214,0.0023854692201658685,0.007834165739007037
lung,2119,0.0012284318786310033,0.0016487987353892286,0.008395924367884878
lung,2120,-0.001656016179840079,-0.002425866766627381,-0.005859262706303742
lung,2121,-0.012942451867626983,-0.0159928896721575,-0.02113993763453693
lung,2122,0.0018205685432908514,0.006446054863839766,0.001553608236240132
lung,2123,0.00815367038041149,0.015743659974616065,0.02021305704347895
lung,2124,-0.003076867095835258,-0.0030286682284060193,0.0007047176600248244
lung,2125,-0.002431519566671101,3.4870201928688394e-05,-0.001414948072535014
lung,2126,0.0034028044209759487,0.006140329812539749,-0.00473798791946714
lung,2127,0.002925049888796133,0.0068607113330132015,-0.001236321527530458
lung,2128,0.0034028044209759487,-0.0027389111178319305,-0.011632424173779252
lung,2129,-0.007935792277039324,-0.0012366545545262906,-0.009195856168206517
lung,2130,0.0004443793898976737,0.0010235533232760923,-0.00033424434952854704
lung,2131,0.0003324065989272947,-0.008626302428073671,1.1613995125179578e-05
lung,2132,0.0004681594317741307,-0.0037632669891977384,0.004463309817724794
lung,2133,0.005957380662441364,-0.0005352634075706979,0.013308464183641483
lung,2134,-0.0028908393952340925,-0.0017999525293188694,-0.009679159187128241
lung,2135,-0.007602027720644083,-0.009084245263075321,-0.01063686241913426
lung,2136,0.00239831748722405,-0.0014832520999556917,-6.734942391949583e-05
lung,2137,-0.002036845742002404,-0.004824295770952253,0.00011216510290759651
lung,2138,0.004074546831010874,-0.004280683720431768,-0.005331076914838113
lung,2139,-0.004817424291962404,-0.004891819693775418,-0.009382048298216861
lung,2140,0.0031445135872353405,-0.001221991807354448,0.0010186697450087394
lung,2141,0.003637035495245383,0.001138206310216485,-0.003949054343870505
lung,2142,-0.0029891259609276244,-0.00573467310678058,-0.002788624653370588
lung,2143,-0.0016977419456921012,-0.007602707505923891,-0.003399036028042081
lung,2144,-0.0012610242036174095,-0.00028344573629537906,0.0009036303280046951
lung,2145,-0.004760056181151079,-0.006357261468013418,-0.01110893607601261
lung,2146,0.0018692958031472733,-0.0036795117432001454,0.006894237465589861
lung,2147,-0.004792043345425333,-0.008005455446227319,0.0014795933425556978
lung,2148,-8.486421650087209e-06,-0.009613407105880756,-0.005664651846919213
lung,2149,-0.0024867139781458067,-0.005700693260779664,0.0021705746419131236
lung,2150,0.006683254495072001,0.00294494398811911,0.0028265213695767935
lung,2151,0.009128670113466361,0.00739640288630014,0.01399134282759574
lung,2152,0.002911584004162184,0.003242692382102906,-0.007337527939789932
lung,2153,-0.00877023450894407,-0.00924981790725816,-0.004816627341839658
lung,2154,-0.003661139040373712,-0.009966713092927543,-0.003540701452993039
lung,2155,0.011843534726849616,0.012629215158165332,0.019278971145496142
lung,2156,-0.004464804529088364,-0.005891436003813283,0.002751597693951882
lung,2157,0.0016345408426896857,0.00021486899284757044,0.0028719368265822205
lung,2158,0.002073860092982318,-0.0020762509946696353,-0.005445485762490996
lung,2159,0.0038658391282889635,0.0031221680425713993,0.006972251467840168
lung,2160,0.007346021895759919,0.001779428274607392,0.005241103583688669
lung,2161,-0.005034899963054905,0.0002687058825169564,-0.0021051404011403767
lung,2162,-0.0022001908882585595,0.007312642436177175,0.005024697413897022
lung,2163,-0.0017305908435781003,-0.002920589938014001,-0.005846668960159868
lung,2164,-0.001139709029368376,-0.007887291266962257,-0.003866842306147561
lung,2165,0.008124886979779913,0.0043297403771245906,0.009373481089230334
lung,2166,-0.011198187197685458,-0.004215973742413883,-0.012130328531928442
lung,2167,-0.004269707972477656,-0.010389095322434639,-0.012410500312920746
lung,2168,-0.004402396707462296,-0.0068675007944555,-0.011539812056640777
lung,2169,-0.010431817251720052,-0.012553920944733296,-0.012321664623699444
lung,2170,0.0003405271453016112,0.0008786032490983401,-0.0032665666208343456
lung,2171,0.0018584015697533003,0.007705796932981485,-0.0056849784157956
lung,2172,0.0019148941135327298,-0.005263515041119836,0.00447127236288337
lung,2173,0.0014900240875163524,0.001828490143418802,0.0024465406401994183
lung,2174,-0.0002466034094365799,0.0012983772033099879,0.006117167912442906
lung,2175,0.002881705954368476,0.007622606273582494,0.003785815313980599
lung,2176,0.004858463521663997,0.005381469935611033,0.012001782793641936
lung,2177,-0.001474621978478576,0.004748007429517115,-0.005687859894058853
lung,2178,-0.007253014153692385,-0.013756785068238528,-0.002739178216244688
lung,2179,0.005605484395502393,0.012175146135459697,0.004113622125037436
lung,2180,0.0007681114465106867,-0.006123494771271156,-0.0044468237875756505
lung,2181,0.003907564894140986,0.008152193822040993,0.004053752930382894
lung,2182,-0.001509388002801602,0.0060321570763221255,0.0016584691573278407
lung,2183,0.005563758629650371,0.01429340113903128,0.0017070255041551634
lung,2184,0.002719623865349343,0.0009389121231022739,-0.0035504724466765276
lung,2185,0.004152004194736168,0.008111438628979239,0.0026596340901499007
lung,2186,0.00023567168717576284,-0.00338381137521183,0.004700792443150628
lung,2187,0.0017962850842852263,0.0004701453954131518,0.0026589246259505297
lung,2188,0.0019718465565470578,-0.0016537131656388093,-0.0020233038294036054
lung,2189,0.0010112797107903748,0.0050647856341256665,-0.003125019541004609
lung,2190,-0.0017268636738941023,-0.00973409061761287,-0.003703676164729284
lung,2191,-0.007935792277039324,-0.01174151646547105,-0.001446333333809789
lung,2192,0.005256151051709411,0.003295441065463543,0.005823797567528793
lung,2193,-0.009146430571866732,-0.008147745298291237,0.0006151477055373247
lung,2194,-0.0003382224405755474,0.0002440005149273542,-0.00561685118019196
lung,2195,0.004845066089265447,-0.0010268794637942518,0.007584637527222687
lung,2196,0.0025879513837475574,-0.0001757705422000171,-0.0027622549969298824
lung,2197,0.00020025824085646385,0.0101601604433978,-0.002885697997804517
lung,2198,0.00846555472096619,0.0065553669961633905,0.0008692702017075822
lung,2199,0.0012610242036174095,0.007461754740604001,-0.006625872152308503
lung,2200,0.0009926195955705746,-0.0009413132655485359,0.0062985707109592115
lung,2201,0.003287514030788206,0.013334388476611642,0.0016773391505208826
lung,2202,0.008826116590511865,0.01511893448729339,0.01883377071112486
lung,2203,-0.0020141631876573938,0.0027843243618742666,-0.0024221242013414044
lung,2204,-0.0017268636738941023,0.0009949383356425423,-0.007693488329809327
lung,2205,-0.005695462095215144,-0.005978125958075018,-0.007432829906833795
lung,2206,-0.0011929814725270642,-0.00417942878329335,0.00402866236269514
lung,2207,-0.0010987395851080606,0.006579868596930873,-0.002120760085813532
lung,2208,0.003262535516530801,-0.002932714265488236,0.005667945485057177
lung,2209,-0.0019426038545834006,-0.0039925723196467715,-0.008372385668744644
lung,2210,0.0018652303058928528,0.003131531847929904,0.003633947946076993
lung,2211,-0.001523244736532231,-0.00804727950247816,0.004954744424980534
lung,2212,-0.002118317397942058,0.005846084154200784,-0.014423779904218456
lung,2213,0.0014259110556002208,-0.004836154783840631,0.0039034049730201545
lung,2214,0.007128197089150458,0.013033179682696284,0.0022469170166624546
lung,2215,0.0024540846933747604,0.005774406716198249,0.010121946853694394
lung,2216,-0.002840230038947724,0.003127515624913433,-0.0037483372431151205
lung,2217,0.005122641097962538,0.009793215064400645,0.0048768464906606785
lung,2218,-0.0051257024365947606,0.00569344530050082,-0.006487043664718037
lung,2219,0.002919502021046285,-0.0004827025169289916,0.0011581000793520482
lung,2220,0.0015346695131402872,0.002801592660456496,-0.00022278034649123035
lung,2221,0.0025467453720027697,0.0035405487670576814,0.0017261111208124735
lung,2222,-0.004900325085596226,-0.0011882111130271096,0.0025065770169202996
lung,2223,-0.0063329079444732666,-0.0027901715316222078,0.006404512264618532
lung,2224,0.0001506932715121534,-0.0010393058229237473,-0.003119324977586241
lung,2225,-0.004269707972477656,-0.0015165152670071438,-0.005474046816639275
lung,2226,-0.003062136679789671,-0.00392884857858027,0.004048662382997345
lung,2227,-0.006640515522414227,-0.006785666594844947,-0.006725462029104003
lung,2228,0.002286633292958649,0.0037597251534671285,0.00043775839828731145
lung,2229,-0.0011588079387496637,-0.0032965789456696204,-0.007332158809431046
lung,2230,0.003943076878899304,0.005794048062146238,0.0023060874569810668
lung,2231,0.0038092101885265073,-0.001574487439403925,0.006716107290852841
lung,2232,0.00047208913094834437,-0.0008824071158267017,0.0031065854323299356
lung,2233,-0.0010609435184302518,-0.0008878971233459801,9.951380167698876e-05
lung,2234,-0.005058680004931361,-0.004088604712878724,-0.003808845859860771
lung,2235,-0.0025642083016557404,-0.00022111591343203707,0.002839906058146574
lung,2236,-0.003506656665572011,0.0008209169068861362,0.007166699205299562
lung,2237,-0.004296239758140169,-0.011278453213411744,-0.004583006842750083
lung,2238,-0.0005578028391281612,-0.008532158964607859,-0.006595801845078307
lung,2239,-0.005213443571502395,-0.0069575839966871025,-0.004874809987638794
lung,2240,-0.0028908393952340925,-0.0015851014217518797,-0.00461426373567341
lung,2241,0.010078654372479188,0.01354351883558838,0.010251737668512145
lung,2242,0.0014976612605049437,0.001971562360474327,0.003235029072123595
lung,2243,0.002584382147609856,-0.001198075211049208,-0.003805470224559728
lung,2244,-0.0023496460763546,-0.004868153140700132,0.008842218258534143
lung,2245,0.0021363989199978304,0.005492354878682576,-0.004790136131187625
lung,2246,-0.00019340075171916937,0.008102613258167607,-0.00609900224532144
lung,2247,0.0025274297045955276,0.0032359620222426055,0.010619840334929825
lung,2248,-0.0003491541628363644,0.0024167946984064528,-0.0030395041114882433
lung,2249,-0.0005948951057405208,-0.002076047755344562,0.0010410562817216953
lung,2250,0.0003405271453016112,0.011192694889569282,-0.005318192797876514
lung,2251,-0.004882882778749829,-0.006412793701646704,0.0029101365661583223
lung,2252,0.005926790773627687,0.008351198495171307,0.011745427148374168
lung,2253,0.003448563217131967,-0.007693871715608916,-0.0038487409252079925
lung,2254,-0.0087096758700074,-0.009626478628431107,-0.01218799226078294
lung,2255,-0.0021101968515677416,0.0006886228279141446,-0.008381833539548772
lung,2256,-0.0038901225872945886,-0.009797089310137702,-0.003761294556550434
lung,2257,-0.006352693702319436,-0.01649372191439207,-0.005872012305355842
lung,2258,0.002808965904917591,0.004522957930339401,-0.009737954424697928
lung,2259,-0.004760056181151079,-0.0014925426553060637,-0.009114380979220672
lung,2260,-0.0010526509894275375,0.006771969822454731,0.009265990385509137
lung,2261,-0.001963537690566277,-0.002674171735797713,-0.006189417058350716
lung,2262,-0.003400499716249885,0.0019264498015061824,-0.001988193331839981
lung,2263,0.0004681594317741307,0.0024239741305883042,-0.0025671831008373574
lung,2264,0.00015817736366582902,0.003624688171327282,0.0012676708173484004
lung,2265,-0.011198187197685458,-0.010100258429730455,-0.013359798936223567
lung,2266,0.003819456999924207,0.007451558354094029,-0.00419138460023245
lung,2267,-0.006700717424724972,-0.007146723202040804,-0.004313914814557221
lung,2268,-0.011810685828963616,-0.02101945058155103,-0.007815535443012953
lung,2269,-0.005344882031163206,-0.004575014411061867,-0.0018225136661249677
lung,2270,0.0021337707120198945,0.0034992015158916605,0.010415563759096275
lung,2271,-0.0019306887926802778,-0.001934740808403344,0.0005349781184632678
lung,2272,-0.004882882778749829,-0.00702673044546806,-0.0020532288833039944
lung,2273,0.0012527153376366285,0.0002745792564884293,0.003377317854381103
lung,2274,-0.0036193763147370495,-0.011593749473530784,-0.0024150374705754303
lung,2275,0.0012905114043144372,0.006780303952483145,-0.005898101167408326
lung,2276,-0.000783973471503043,-0.010367150182028727,0.0019431598052761416
lung,2277,0.010965257614612303,0.019327466076641736,0.010114018199669034
lung,2278,0.00298026318947317,0.011234931930089223,-0.007042275145733995
lung,2279,0.010664304996318421,0.010802347254933314,0.008009255668432793
lung,2280,0.005100723922337356,0.011068469586198514,0.007943518365396095
lung,2281,-0.004249534126523541,-0.01253983680300085,-0.002287402559256422
lung,2282,-0.005499327446180267,-0.004868659975596518,-0.016675190103740644
lung,2283,-0.0006209850529282449,-0.0037044428646308505,-0.0033038630644186273
lung,2284,0.005707957233269732,0.009968236441762415,-0.005278523007548562
lung,2285,0.001439444286078978,-0.001102807914582865,0.00018940684998228208
lung,2286,-0.004629795686700623,-0.006721773497362147,-0.006781720579217322
lung,2287,0.006144063915229971,0.004691521247148786,0.0021366773692653995
lung,2288,-9.812982900411771e-05,-0.0081403779425063,0.0029338437397705974
lung,2289,0.0008851626292267859,0.002351712857751311,0.003286726881102736
lung,2290,0.0028511617612085407,-0.005189085189682318,0.0003193545724734792
lung,2291,-0.0013233603022004363,-0.004113054299759565,0.003570357931465623
lung,2292,-0.003266700969624716,-0.007203692982472096,0.0042526448858485975
lung,2293,0.0004917518617951108,-0.000545600760908954,-0.003029076127287968
lung,2294,0.007920740797338335,-0.0012880239552490822,0.02021376514243668
lung,2295,0.010069232334908593,0.008122543318017178,0.013612922783579867
lung,2296,0.0017752362692020351,0.00010479347142937812,0.0018965487017331601
lung,2297,-0.0027350777773299992,-0.007269973893703216,-0.0046005864761386
lung,2298,0.0024580513523336143,0.008857779171136643,-0.009737015611062466
lung,2299,0.004270347187687031,0.0022853065975889926,-0.0014599503965521217
lung,2300,-0.007972005509638827,-0.007448999095691791,-0.004174723619545583
lung,2301,0.0014536207966508914,-0.0013446012587739755,-0.005075767588570304
lung,2302,-0.00040436746351340164,0.001733403543406555,-0.007801278176913312
lung,2303,0.004633725385874837,0.012406487334162969,0.01559637478764365
lung,2304,0.0007484614867447245,-4.335280895597206e-06,0.005667055324121567
lung,2305,0.0037530825193392847,0.0031493583961293516,0.014517863425250679
lung,2306,-0.0013915043111828174,-0.012140392607278533,-0.007972059853854786
lung,2307,0.008516134522403565,0.010647363897339567,0.011464004102037953
lung,2308,-0.003739586248645168,-0.011850176585625974,-0.0024221265445762696
lung,2309,0.004464804529088364,0.013953909750521826,0.002315793684178363
lung,2310,0.0018560968650272365,0.002804273286070774,-0.00032868316605622993
lung,2311,0.005661251601653104,0.008837495220841346,0.01616395498702719
lung,2312,0.004528727502738537,0.003634569968808334,0.003462147193649059
lung,2313,-0.001278821621802419,-0.0018890873769963068,0.012012876237480014
lung,2314,-0.004940976227189873,-0.0010973851094537028,-0.004202281929755312
lung,2315,-0.003176706932933898,-0.0025288359580177924,0.005132285917028736
lung,2316,-0.0008127568721346216,0.010645624611603871,-0.0018135286901064898
lung,2317,-0.004214815735456022,-0.00832589185579492,-0.0048313794339123846
lung,2318,0.0033633901857225055,0.0006572554900925731,0.00744872557109282
lung,2319,0.004918374140701574,0.006084645132135201,-0.004031257772256426
lung,2320,-0.0036193763147370495,-0.002394953674574753,-0.003018867211500289
lung,2321,-0.004790741854229054,-0.008020388450769623,-0.016434066126397185
lung,2322,0.003348338706021516,-0.0021687915509745743,-0.008089601472076166
lung,2323,-0.0009274792603371218,-0.009400554290897986,-0.0023666958221497947
lung,2324,0.008790588268775481,0.009975514668395108,0.008815277832848089
lung,2325,-0.0011929814725270642,-0.007258276965446722,0.0026154985431240674
lung,2326,0.008876391458266195,0.003756764484425199,0.01380316683166317
lung,2327,-0.0004743258919267801,-0.002609852930237457,-0.0013824330960941766
lung,2328,-0.00013814175538838977,0.0041557067190340635,-0.0020817685062279414
lung,2329,0.011530734392497419,0.013939474800134327,0.0028703960104366575
lung,2330,-0.0012938731015034084,0.00019032857022511607,-0.003126196060316379
lung,2331,0.0030134094199332495,0.002293632659465019,-0.003386637632379054
lung,2332,-0.010111503270365188,-0.008348144221383497,-0.01563403660538216
lung,2333,0.011843534726849616,0.006326404469853526,0.007546281009030256
lung,2334,-0.010885386863333263,-0.011408393277280299,-0.015866073260487046
lung,2335,0.0010346635129765691,-0.003322699166376425,0.007804398181364515
lung,2336,0.0037040579269087825,0.004045938331324522,0.011516924665795727
lung,2337,-0.009252587521188857,-0.015606606088823536,-0.003503785120522138
lung,2338,-0.0006198259867424191,0.00022507098612916288,0.006490973076044598
lung,2339,-0.002881705954368476,-0.006106227866390507,0.00029980130729679666
lung,2340,-0.005489080634782567,-0.005550702847509238,0.0020970092043333206
lung,2341,0.0024985419983345005,0.009937429234565429,0.0004648327900063547
lung,2342,0.007464673983136633,-0.0004926283231960846,0.007356966034861366
lung,2343,0.0026171940857112144,-0.0017231147744947999,-0.009957755173903229
lung,2344,0.006288262518849332,0.006213867117036318,0.008068380285755506
lung,2345,0.00013319884940842427,0.0014017683412768933,0.009055614752006494
lung,2346,0.0003382224405755474,-0.00422146667162714,0.0034178202384758383
lung,2347,0.011304344147007586,0.01889433374121216,0.005046889287185876
lung,2348,-0.004083663934898424,-0.002353043052284463,0.005559698658317078
lung,2349,-0.00038628594145762957,-0.0052641824518108084,-0.009464023675651698
lung,2350,-0.0019922003163784694,-0.0035894056032408084,0.0011756568437509734
lung,2351,-0.008654484817424249,-0.002394537738881792,-0.008038123120132034
lung,2352,0.003757012218513498,-0.0012690825943574573,0.011438524480368964
lung,2353,0.0001443761592886672,-0.0029179335835396725,-0.0003122711075993397
lung,2354,-0.0030446574131586337,-0.003128178496894405,-0.006829103298734179
lung,2355,-0.0012054766105816517,-0.008143543214147054,0.003235813306343732
lung,2356,0.0016622505837403563,0.0057582419606452915,-0.002992760423097901
lung,2357,0.000204286778326244,0.005912093688731218,0.004250402320563534
lung,2358,0.00819088210812599,0.011880553659299417,0.006672841861757123
lung,2359,0.004502637555550813,0.004333741346803782,0.00972939979591354
lung,2360,0.0072629411882488,-0.0005189464419620886,0.006320808464889203
lung,2361,0.002911584004162184,0.001754438694651315,-0.00019308595826971354
lung,2362,0.0007207517456940538,-0.006159744660867744,0.0036657072777217434
lung,2363,0.003757012218513498,0.008723890489828587,0.0085940370257127
lung,2364,-0.0013197541062780944,-0.00256442927289723,0.0013688534652544773
lung,2365,0.0026818751196125887,0.0017559466792661238,0.007544650375673026
lung,2366,-0.0012458659786905024,0.0073176500671130375,0.0008515367351677183
lung,2367,0.0033926811355641704,-0.007179146139857456,0.0047225802906730825
lung,2368,0.003975888817000663,0.015118323749741546,0.009734215331238739
lung,2369,-0.0009882034689793668,0.0004692040443083634,0.0004782128957195597
lung,2370,0.006161489885098302,0.004310518701851368,0.005560980781861541
lung,2371,-0.0002995577010412957,-0.00234890456082551,0.007133426741627286
lung,2372,-0.0011930184323117043,-0.005976566735717069,-0.006458917532822711
lung,2373,0.002036845742002404,-0.002377353033053022,0.0017938666471360352
lung,2374,0.0023051887713948596,0.009704639576180627,0.007186468843882863
lung,2375,-0.0009221339220774893,0.006231575853810539,0.009751221948794084
lung,2376,-0.0019063717327815661,0.007955962354997282,0.0043652649551994644
lung,2377,-0.00023567168717576284,0.006239918563689319,0.00534064102670137
lung,2378,-0.0054473179091459045,-0.004841349817326692,-0.012774115675066467
lung,2379,0.0037271341687197903,0.006668746570230338,0.0014243473607911208
lung,2380,-0.00030269411883916225,-0.003221864098954021,0.004538656511657181
lung,2381,0.005661251601653104,-0.0008889796986766008,0.0036235445487696845
lung,2382,-0.0019148941135327298,-0.004285881824409986,-6.356724288344995e-05
lung,2383,0.00010759756222845455,0.00082525556179829,-0.005171031177387958
lung,2384,0.0031304606026493487,0.010260425242221066,0.01385506661395644
lung,2385,0.0013684650291564497,-0.0037453483804810077,0.007402511953043876
lung,2386,0.0016583208845661428,0.0011121669583598153,0.002156465607807847
lung,2387,-0.006746315735110429,-0.01327183062336156,-0.010925528131498507
lung,2388,0.000121774072800368,-0.005143957740788509,-0.0036224969181708755
lung,2389,0.0048726153445455556,-0.0027615211013651926,0.007675373980200342
lung,2390,-0.010305044617969022,-0.020108162164192006,-0.02304246482706082
lung,2391,-0.002827381719332084,-0.007794259990647173,-0.014470705991500216
lung,2392,-0.007076913487647635,-0.010007000991545176,-0.008950908265571572
lung,2393,-0.004557812271155898,-0.005649320742350278,-0.0005226360738738445
lung,2394,0.002662829355881311,0.010670056299600078,0.01472221601894877
lung,2395,-0.0026069472743135147,-0.005831469186335545,0.00457338121945806
lung,2396,0.00819088210812599,0.006022335062643222,0.009846552289302285
lung,2397,0.0014874144491072439,-0.004359980914120941,-0.0036057839558298055
lung,2398,-0.0028376285307297835,0.005693016696834688,-0.008996217759702968
lung,2399,0.0038100349623536125,0.0020909702421155287,0.00037785030687306764
lung,2400,0.0023063478375806856,-0.0011423170861781518,-0.0016927546304326968
lung,2401,-0.001449691097476678,-0.001325072184159217,0.0054018158921150155
lung,2402,0.0013684650291564497,-0.0049152271857023175,0.0006297707317218886
lung,2403,0.0008488258706413621,0.004363781193383662,0.008289991849330075
lung,2404,-0.004568096042338238,-0.0019497878697870286,-0.015633563157018297
lung,2405,0.001507784545916722,-0.0012181846832712004,0.0016997997743584219
lung,2406,-0.006630268711016528,-0.009029883436730678,-0.007991609939139804
lung,2407,-0.001346436544011444,0.003969386129210542,-0.008225143336489391
lung,2408,-0.0030202751158574423,-0.0015299967843306432,-0.0016961055207907196
lung,2409,-0.002425202454447615,0.005746521641610297,-0.0003277997405893942
lung,2410,0.008231043929102039,0.018150948213884494,0.007381045839640897
lung,2411,-0.0005324872841144523,0.00027023412091191823,-0.0008864656279121974
lung,2412,0.001961599745149358,0.001250965699917922,-0.0021515643238257105
lung,2413,-0.006037906965907845,-0.012571067413776532,-0.010843488410230723
lung,2414,-0.0029969963445562187,-0.007538916415267836,0.0014140144311296232
lung,2415,0.0005351818634375302,0.004384455279518408,-6.824128740592905e-05
lung,2416,0.007749764576438158,0.0034424927567182715,0.011480302482888827
lung,2417,-0.001654714688643801,-0.0027469321231893364,0.010124289883852952
lung,2418,-0.00836069926284034,-0.010103509119394736,-0.006381101324663175
lung,2419,0.005369066951729812,0.007915486372042932,0.009666320669549172
lung,2420,-0.0007010890148472874,-0.0005280255864489787,-0.0016899237755571284
lung,2421,0.0010690640648045684,0.004567653625949454,0.005240867228391908
lung,2422,-0.007458741544924957,-0.007533119913423934,-0.019320153346722706
lung,2423,0.00042472943013171133,-0.007937479031897721,0.005461234408601902
lung,2424,0.00017303878510085968,-0.00041726199281164056,0.004527160292144348
lung,2425,-0.006979245318183586,-0.009913500041732406,-0.0025641868246831694
lung,2426,0.001632939938029071,0.006568406645385855,-0.003426232947715778
lung,2427,0.0003149436692743239,0.005254040850480655,0.00099045076901134
lung,2428,0.004749809369753379,-0.0041202436792799795,0.0014313817721393154
lung,2429,0.004399494311605402,0.0035488860053243527,0.004774398185558498
lung,2430,-0.0019322896973408925,-0.009983663492765832,-0.003470283703100846
lung,2431,-0.004464841488873004,-0.0038019008241072056,-0.010988325951294741
lung,2432,-0.008284805843991022,-0.011810217417286393,-0.010853622254519718
lung,2433,0.0026542023383465583,0.007088582687644793,-0.001811426251749617
lung,2434,0.0031592809630655674,0.007000870918190414,0.00817282994763673
lung,2435,-0.00359476455978879,0.0026321625115815757,-0.0043545789396922385
lung,2436,-0.0025392774206538424,0.00375552460542497,-0.0029558531137179045
lung,2437,-0.003753119479123925,-0.0071795364221856894,0.0010882311513724188
lung,2438,0.00559130788493048,0.011071974751176428,0.004084465764119499
lung,2439,-0.0018087371642106036,0.0023581411491708686,-0.004723002882918076
lung,2440,-0.00012377681183782982,-0.001917177798081158,0.000501070964569722
lung,2441,-0.003977506985576297,-0.011996009962762167,0.003189985503677578
lung,2442,-0.004691678961528695,-0.007131291605001727,0.003770419284881246
lung,2443,-0.0039608373372996735,0.002729174703290603,-0.001277959325809291
lung,2444,-0.00037177513852699556,0.012510748203675528,-0.004584545778562016
lung,2445,-0.0031968807788880136,0.0032806936012743557,-0.016123683404721895
lung,2446,0.0050208469784689125,0.00029270281502719996,0.0007718006080010735
lung,2447,-0.003715286452661476,0.0062503270832893285,8.118973021656317e-05
lung,2448,-0.0034179626459028556,-0.0043212458617558165,-0.004485782990612502
lung,2449,0.0013586923730814586,0.008671170934585129,-0.00331439592314169
lung,2450,-0.009963075385586467,-0.008966260008763466,-0.00892237412562294
lung,2451,-0.005796651252938888,-0.0024385935666697838,-0.004495193226198356
lung,2452,-0.003330541287836506,0.0031561587742486206,-0.0026686842896353202
lung,2453,0.0009926195955705746,0.009032866546461432,0.0013310511782700283
lung,2454,-0.006421638923927063,-0.007907402995117765,-0.007440745377025835
lung,2455,-0.002560278602481527,-0.005703485181183641,-0.008317567082263583
lung,2456,-0.004653899231828952,-0.00039360299002223244,-0.008040587296538568
lung,2457,0.0033424062678098407,-0.0007246892230699429,0.0006028348298525998
lung,2458,0.0005476770014921176,-0.0049197873578256945,0.006835315366801514
lung,2459,0.0013210555974743725,-0.0046451276669246064,-0.0009400593913433304
lung,2460,-0.006161526844882942,-0.0005021644495588158,-0.0026391584798447034
lung,2461,-0.0011410105205646541,-0.005483303510067955,-0.0006843632536766473
lung,2462,-0.0027463063030826926,0.0019615740089592346,-0.0005530401928838897
lung,2463,-0.0025760363218444346,0.0007820383977387062,-0.0005765909896884767
lung,2464,0.0022454918660699355,0.00675176096760626,0.009588089308154718
lung,2465,0.009471464119676023,0.008145324430803949,0.002649958587786245
lung,2466,-0.0050064820349183525,-0.005280020215855469,-0.012795421009142004
lung,2467,0.0020180928868316073,0.003079438085541018,0.01112303042391193
lung,2468,-0.0073871796596266985,-0.007853367011185339,-0.0053068324081710265
lung,2469,-0.007913912061198783,-0.005082315180542762,-0.008322177617977999
lung,2470,0.0046764643585326116,0.003014969835298133,0.00883679774040318
lung,2471,-0.010885386863333263,-0.013228479251556966,-0.008578647973341874
lung,2472,-0.006683254495072001,-0.0032944277181481867,-0.01714988415117742
lung,2473,-0.001012973355401986,0.004346829947279113,-0.014003985005915756
lung,2474,-0.0034021006209104996,0.0017808078833435694,-0.006569957781039942
lung,2475,-0.006873088368861459,-0.007247745974451334,-0.005040765410048488
lung,2476,-0.00017593782206619854,0.002279342135313546,-0.0023005403388106733
lung,2477,0.007242767342294685,0.006746538053474407,0.01250434061950855
lung,2478,0.001812666863384817,0.006223302076366741,0.006187908452897193
lung,2479,0.002310277536754899,0.0036433951362137653,0.005366627613831655
lung,2480,0.000778546378572581,0.0075386924845014065,-0.004172567667995185
lung,2481,0.003715286452661476,0.0007259824072080681,0.010485021121049421
lung,2482,-0.0016894330797113204,-0.003574921425749583,-0.006119253214919934
lung,2483,-0.0065517845429604316,-0.006320228409079485,-0.010849038260779792
lung,2484,-0.005826566262517235,-0.007903119565270003,-0.014442649379289194
lung,2485,-0.0056473985943330625,-0.004763334002277085,-0.009293712203602044
lung,2486,-0.00017990448102505238,0.004230730731956872,0.0005587898164095088
lung,2487,-0.0009127118845068949,0.003329486562939993,0.00019087764637621784
lung,2488,-0.0016294016858543574,-0.00541945856037937,0.007831947107000203
lung,2489,-0.0006158962875682054,-0.009476823654678806,0.00241607728120651
lung,2490,-0.002813328734746092,-0.008404348906591594,0.006334318655901217
lung,2491,0.004039018509274489,0.003328384464043053,-0.004459153466404122
lung,2492,0.001311633559903778,-0.0057701704304321255,0.00889518844005698
lung,2493,-0.002873078936833723,0.0026510292307491594,0.0033970173751921478
lung,2494,0.003010853078286848,0.0038614613845678976,0.005322030329579
lung,2495,0.0008946303624511228,7.135976499745666e-05,0.0021432244719015447
lung,2496,-0.0013448356393508294,0.00655763173389078,-0.003113755280699117
lung,2497,-0.005735139729240696,0.006293849411817052,-0.004631550198357583
lung,2498,-0.00020878671995219755,-0.002310056434783538,0.001361458718323466
lung,2499,-0.00013814175538838977,-0.004249217875727286,0.005690521074428588
lung,2500,0.003345308663666733,0.013190571898984566,0.0036325430238219047
lung,2501,0.0002860614303471787,-0.00895572332941233,-0.0031006266343624376
lung,2502,0.00432684032936928,0.003720872237550068,-0.0014451290739808387
lung,2503,-0.00701049331140897,-0.01013750035076073,-0.009195475343656584
lung,2504,-0.0035569315333263407,0.0054017774936746255,-0.008835560272942754
lung,2505,-0.008779656546514664,-0.008241580442717935,-0.010317650552274618
lung,2506,0.0006209850529282449,0.0023413803417966414,-0.00587866857044401
lung,2507,0.0031592809630655674,0.008415887094731686,0.002862190598048218
lung,2508,-0.005851223713119237,0.0009630782412999028,0.000813435818693059
lung,2509,-0.0004088674051393552,0.0057105199448176285,-0.006676178269823243
lung,2510,0.0035650890394852974,0.0018222791829309026,0.006471986141811631
lung,2511,-0.0031691710378373428,0.0008843348854979489,-0.010806428034404004
lung,2512,-0.0028550914603827546,-0.014643738050353341,0.00852615529124807
lung,2513,0.00030269411883916225,0.0026244622831939715,0.0005539572916567204
lung,2514,0.007046323598833957,0.011129504396519302,0.013273705021526186
lung,2515,0.003753119479123925,0.004002912523744731,0.012251291454802537
lung,2516,-9.812982900411771e-05,0.0027991038899683927,-0.0022574639543215536
lung,2517,-0.0004122773502063341,-0.0008152915136991808,-0.007503229019014559
lung,2518,-0.004882882778749829,-0.003649317423350738,-0.009062095175137907
lung,2519,-0.0057063563286091174,-0.003559459639766403,-0.00033630255395288543
lung,2520,-0.005082926504152346,0.0036354399717614585,-0.010351360563626039
lung,2521,-0.002440588422680643,0.0027203838204310775,-0.005964400114365155
lung,2522,-0.005622154043779017,-0.002009630606274228,-0.002204860815316428
lung,2523,-0.006279953652868551,-0.0045608718993164305,-0.005909001860978175
lung,2524,-0.0010987395851080606,-0.0003992153510966693,-0.011868840897324123
lung,2525,-0.0024212727552734015,0.004541106166440184,0.0036042880894986877
lung,2526,-0.0017268636738941023,-0.002828206790362396,-0.005375832550167131
lung,2527,-0.0012386786900287032,0.0011928561310347305,0.004260484351278765
lung,2528,0.0015560936344182301,0.005726386296312993,-0.007092852069771107
lung,2529,-0.0014118950307988691,-0.008767198983878463,0.0020463706749717743
lung,2530,0.0016504192046601085,-0.0029266226008079583,-0.0014355370340008722
lung,2531,-0.0007665105418500721,-0.0030545536081691875,0.006463541782726003
lung,2532,-0.003156378567208675,-0.0019755051546955322,-0.0031590113789082925
lung,2533,-0.0023766273296494667,0.003354924717071818,0.001447870570803709
lung,2534,0.0030864201387952963,0.008658972821459027,0.009802452690769783
lung,2535,0.000849984936827188,-0.001187172949016592,-0.0005623214475827162
lung,2536,-0.0057773355855316455,-0.009680126211509646,-0.003754824502761387
lung,2537,-0.003168293629111798,-0.0012779644190891264,0.004048108593928448
lung,2538,-0.003958462847132332,0.006740334589330274,-0.0011397025341491804
lung,2539,-0.005058643045146721,-0.00923464704045095,-0.015569527966540939
lung,2540,0.0016294016858543574,0.005893848113998318,0.006071659982241027
lung,2541,-0.00032647416071561924,-0.001107259304599641,0.00046458773988865737
lung,2542,-0.004408916349175997,-0.006452615867003732,-0.0059951634647800265
lung,2543,0.00034182863649788914,0.0035087803515163147,-0.00241262701605352
lung,2544,-0.003958462847132332,-0.011834421966435443,-0.003550501833448322
lung,2545,-0.0030134094199332495,0.0032759397048876997,-0.007929990113187502
lung,2546,-0.00413294224513952,0.004537483722685523,-0.011014183996580152
lung,2547,-0.0027350777773299992,-0.00759632839717699,0.0038815514946106407
lung,2548,-0.0021495653911674426,0.002773166028441474,-0.005084996809623775
lung,2549,-0.0033440071724704554,0.0007876181402957367,0.0010784037299374212
lung,2550,0.009692545986690865,0.015434554283965219,-0.0013880145561712964
lung,2551,-0.0011174366601125012,-0.005650214015587324,0.0052396247707691595
lung,2552,-0.004653899231828952,-0.0036929666550131095,0.0023170930858094543
lung,2553,-0.004678418444754279,-0.00817271034252449,-0.01564106784652309
lung,2554,0.0021476274457505238,0.01047306889029832,0.010296601322213744
lung,2555,-0.0011298887400378783,0.008382961617711893,-0.008205956194251934
lung,2556,-0.00200966324603144,0.00276898976994223,-0.002671520244232626
lung,2557,-0.00121720335287831,-0.0060950998632314886,-0.013510227697976654
lung,2558,-0.0048019703799817475,-0.006745028923023616,-0.00936405942727352
lung,2559,-0.0022605433457709248,-0.007596618545449749,-0.00878993173099212
lung,2560,-0.006733523264481761,-0.005910252667028095,-0.008392107493264753
lung,2561,0.007239864946437792,0.0022916420833087037,0.01277238967057138
lung,2562,0.00400180678155999,0.00436535457592982,0.0036934523389359304
lung,2563,0.0007106284602822754,0.010435899445145919,0.0006017541889292063
lung,2564,-0.005878727272745604,-0.006675179730536339,-0.006093916716294491
lung,2565,0.007740695720428616,0.007194541794222288,0.009646133861228876
lung,2566,0.005972432142142353,0.006971231648262642,0.010132765524012922
lung,2567,-0.0037859314172252836,0.004188441741568452,-0.0039266965052314655
lung,2568,-0.0031727772337596847,-0.0015408243777310187,-0.0005723064515702945
lung,2569,-0.009877272196095752,-0.011806890360526151,-0.012062052227179218
lung,2570,-0.0043249023839523615,-0.003031782702252378,-0.009780183901205452
lung,2571,-0.00037107133846154644,-0.004713364327964847,0.004927511160545951
lung,2572,-0.004784575394076405,0.0013939071622131125,0.0021864169235620012
lung,2573,-0.006238984208608235,-0.002356011082874189,-0.009489155063727836
lung,2574,-0.0008968893715234442,-0.00011120894020772798,-0.0046372832828362924
lung,2575,0.005753555543655188,0.007516914592636878,-4.074215792050206e-05
lung,2576,0.0002720084457611867,0.003886650644164371,-0.004636594002499042
lung,2577,-0.00024591849857346265,0.00762091493880689,0.0047164633285469255
lung,2578,0.005344882031163206,0.0026230800216265615,0.007469607120793651
lung,2579,-0.0026273010341449263,-0.0057654349180307676,-0.009367367716194999
lung,2580,0.010154242243022962,0.00982148752052998,0.010485264592921678
lung,2581,-0.005291572628219878,-0.0003246943569047882,0.0011625856942434065
lung,2582,0.0018692958031472733,-0.000397951186328414,-0.01142240205613516
lung,2583,-0.0034855775681118806,0.0034332521259525517,-0.004204302355537194
lung,2584,-0.008928552468494564,-0.012831343094472564,3.7081121791803645e-05
lung,2585,-0.0027427001071603507,0.0010524294621809351,0.0008551016116619035
lung,2586,0.005740763073026521,0.01197601077280444,0.002323469844563932
lung,2587,0.0034333486141358838,0.008132103244255052,0.0027725296503907184
lung,2588,0.005984884222067731,0.0037544113527522203,0.009703485071256374
lung,2589,-0.005317662575407602,-0.010024062765144327,0.002911266554378668
lung,2590,-0.0031320615073099634,-0.0014756567122057955,-0.015687163372945616
lung,2591,0.0072957900861348,0.01664433557898279,-0.0003720720741848347
lung,2592,0.006883335180259159,0.00813290563430999,0.003131548591074886
lung,2593,0.00239831748722405,0.004774187076621889,-0.006099549945359356
lung,2594,0.0034886076104666632,0.0028783418552727758,0.005839906308842059
lung,2595,0.00593535621250806,0.0144988722583116,0.0019402058265573967
lung,2596,-0.0023999209441089298,-0.0029602620619167686,-0.0013780290436681737
lung,2597,0.005707957233269732,0.010181372549881024,-0.007634907783463475
lung,2598,-0.004896898803551181,-0.00787543082252957,-0.005443628527927781
lung,2599,0.0021363989199978304,-0.004727026634102951,0.0013765845400943817
lung,2600,0.00774462541960283,0.012134858917194891,0.007086591903199648
lung,2601,-0.0002707069545649088,-0.00411925653457256,-0.009975417442744836
lung,2602,0.0018383659614758612,-0.00593439598681227,0.009506228121795496
lung,2603,0.0037040579269087825,0.007924941718492479,0.001666350874025363
lung,2604,-0.0010457852935033447,0.0023279567399865086,-0.005339086929259986
lung,2605,0.004172076762798248,0.008131511197041318,-0.000874657961768545
lung,2606,0.007308242166060176,0.011267676600303245,0.004670831817071887
lung,2607,0.0023722481628428993,0.0009583728438902854,0.0017289762881479154
lung,2608,0.005475223901051938,0.00941576722378959,0.003159998931945213
lung,2609,0.0007993594397360712,0.007777405675356369,-0.006175584959965055
lung,2610,-0.0020493408800569914,-0.004848160559538878,-0.0006684778585234104
lung,2611,-0.005707957233269732,-0.004474391877870641,-0.014996605330550333
lung,2612,-0.0015646160151693937,-0.005467406641147393,0.0006201640159140727
lung,2613,-0.0023200501928298902,-0.0013283245441371991,-0.013385517307509948
lung,2614,-0.004924608544601851,-0.007295613288793143,-0.008610689184599571
lung,2615,0.004065882853691481,0.009697652077911078,0.006646599776212912
lung,2616,0.0014874144491072439,-0.00030242297506258287,0.005906911303908423
lung,2617,0.006886941376181501,0.003455629145688042,0.009500317595094204
lung,2618,6.818332697501132e-05,-0.00804670467338047,-0.007824239297966986
lung,2619,-0.004245927930601199,0.0007633577393909661,-0.008165848253793953
lung,2620,-0.0014716082731018598,-0.004509356833636116,-0.002756010837439843
lung,2621,-0.0013057011216921026,0.00091906041421394,-0.0040789661337662835
lung,2622,0.009161482051567721,0.007080761529163676,0.00842278775413316
lung,2623,-0.006977644413522971,-0.000928637839789183,-0.004508434574054226
lung,2624,-0.0006401797465738305,0.0014363735561789366,-0.009525749616683832
lung,2625,-0.0053599335108641954,-0.010221184130711186,-0.008296402963776548
lung,2626,0.00397302338092841,0.0045060267899088655,0.0030620021291543156
lung,2627,0.0007993594397360712,0.006787357630054067,0.0005399147308983814
lung,2628,-0.0024540846933747604,-0.005541093814967637,0.0028961216873026794
lung,2629,0.001754573414944773,0.00016849497261651547,-0.002126617911975261
lung,2630,0.003186953744331598,0.008081075182417657,-0.00456181033528775
lung,2631,-0.0007687588685069598,-0.0038522166802095656,-0.004323647442736121
lung,2632,-0.004627792947663162,-0.0023605459581874746,0.0017722541046491418
lung,2633,0.005463188064329429,-0.0017389662266394474,0.007362722282330231
lung,2634,0.00490974712316682,0.00017961883042782057,0.0007180965656006875
lung,2635,-0.004982701993041895,-0.008430745311521576,-0.013598785109813855
lung,2636,-0.0007378479160378796,-0.004716500974077933,0.00979737567852713
lung,2637,-0.0025960719301218738,0.00252926637712859,-0.0026913417172190848
lung,2638,0.004896898803551181,0.008110878086185038,0.008189709857243035
lung,2639,0.002411345720716986,0.003024361748096736,0.008489274168658792
lung,2640,0.002919502021046285,0.0061440239330683155,0.010303771282242033
lung,2641,-0.002664449149744258,0.0010169127654841847,-0.0005249624184056148
lung,2642,-0.006144063915229971,-0.011958439271286064,0.0024720192015419877
lung,2643,0.007564898494247084,0.004103477414715942,0.012602278317867727
lung,2644,-0.004399494311605402,-0.01273550623925106,-0.007479092109505693
lung,2645,-0.0029385004638365075,-0.00574231625438377,-0.004639794546186488
lung,2646,0.002687014276447917,-0.0022778798655698853,0.009616463375240072
lung,2647,-0.002175533437656557,-0.004567070340961108,-0.0157293088174763
lung,2648,0.006654011793108344,0.0054312184641842716,-0.0025378908628277685
lung,2649,-0.006352693702319436,-0.008205311230118629,-0.003489678124047481
lung,2650,0.009772416737969905,0.017554304368180795,0.00620434978099659
lung,2651,-0.0040987317515774795,0.0006659137039528498,-0.005337205871646572
lung,2652,-0.007281022710304573,-0.015754097740865437,-0.009224852752170231
lung,2653,0.007046323598833957,0.014483109107480529,-0.00017007862420628794
lung,2654,-0.0024867139781458067,-0.003819831577604673,-0.0021600174515442327
lung,2655,-0.007999715250689496,-0.014501502035938352,-0.014101611053195823
lung,2656,-0.004618370910092567,-0.003303507254687597,-0.00969913115385156
lung,2657,-0.005540682387839363,0.00037541001692650844,-0.006354606748031834
lung,2658,-0.009365307170353896,-0.009223634437889455,0.0012568815430669036
lung,2659,-0.002584382147609856,-0.002411318719211547,0.001362737978469151
lung,2660,0.0031320615073099634,0.0015586013567639352,-0.0012903493950979133
lung,2661,0.00413294224513952,-0.0005487415325186318,-0.0015332496352001013
lung,2662,0.007902980338937965,0.00035945113051695076,0.009197273040323464
lung,2663,-0.0008420669199430871,-0.00643650144030188,0.005563376221047365
lung,2664,0.0015639122151039446,-0.0006765406159309482,0.010691712211772461
lung,2665,0.004278776828487198,-0.00575897193541348,0.010805019099844038
lung,2666,0.0011298887400378783,0.004031272645347629,0.00032302716326938297
lung,2667,0.005413524256689552,0.006880074485214077,0.00624616234065294
lung,2668,0.008231043929102039,-0.0007703982795703081,0.01261660879902185
lung,2669,-0.0027603592876686844,-0.005937888588463511,-0.01312738237271415
lung,2670,0.004204888700899606,0.010965034806828432,-0.005914272502766077
lung,2671,-0.0038201419107873245,-0.011497103748273998,-0.009342471954778192
lung,2672,0.0031592440032809275,0.004074400417152374,0.003305432039522836
lung,2673,0.00034182863649788914,0.0011389026995677805,0.008541849362370523
lung,2674,0.0009925826357859342,0.0015306757728967002,-0.00016240611880560807
lung,2675,-0.004107963730882115,0.0023887333262364308,-0.00578951296118436
lung,2676,-0.00455230136319069,-0.003143338364983808,-0.004660009311465957
lung,2677,-1.7755566930621747e-07,0.0002981946356334549,0.00218460247541416
lung,2678,0.0020276137626977684,0.0016857333582820286,-0.006902211372701037
lung,2679,-0.002118317397942058,0.0032400057824338393,-0.007116670412400059
lung,2680,-0.010664304996318421,-0.006006349321662543,-0.010159248380914745
lung,2681,-0.0009751566659176036,0.007943340898196602,-0.010436505458772163
lung,2682,-0.005100723922337356,-0.008101698362711435,-0.008014989641044828
lung,2683,0.0028376285307297835,0.00920829298887065,0.0034052750465491666
lung,2684,0.0018330206232162287,-0.0033294317422006923,-0.0095924813937034
lung,2685,-0.0036041865973593843,-0.0020982409519258727,-0.00595548529573478
lung,2686,0.0061943387829843,0.011882927069592292,0.00871753129233931
lung,2687,0.00871995964118974,0.004763749004545376,0.014477248120971797
lung,2688,-0.0025613059057988477,-0.007186792226347763,-0.008309905015439462
lung,2689,0.0022557223404895688,-0.0008874842382125456,0.012468760555173014
lung,2690,0.0009096818421521121,-0.007960371206881246,0.006155253442037609
lung,2691,-0.0022244743472641846,-0.00275747775624464,-0.010409521952996076
lung,2692,0.0011509375551210694,0.00437562568939016,-0.0075292482209184846
lung,2693,0.0009127118845068949,0.006425885494993057,0.0038911866278942553
lung,2694,0.005082963463936986,0.007135788663687479,0.010841289978175062
lung,2695,-0.004723719422565655,-0.010772725996299443,-0.001225524274803352
lung,2696,-0.003235316060775197,-0.009530118086854009,-0.005925666009427076
lung,2697,-0.0029401013684971222,-0.0030903421690581523,-0.010962678024751657
lung,2698,-0.005957380662441364,-0.011317183965122463,-0.012270186828034223
lung,2699,0.00020022128107182366,-0.0004492960383965423,0.004292265267578005
lung,2700,0.003993686235185673,0.005582813699638413,0.0018541995038470296
lung,2701,0.0014118950307988691,0.0069958413452167745,0.015833192738797325
lung,2702,0.0067479355289733756,0.0035824639362601516,0.01065080038976358
lung,2703,0.005475223901051938,0.012021140504692931,0.005837994156922183
lung,2704,0.0023063478375806856,0.0017525483517568017,0.0014994862608121904
lung,2705,0.0014387593752158607,-0.002332642091123151,-0.0036415335929978754
lung,2706,-0.00012377681183782982,0.005967715215465602,0.0069443123973822
lung,2707,0.0002466034094365799,0.012011521896404892,0.005325858343194295
lung,2708,-0.004018664749443078,0.003310459702566779,-0.004357298333306679
lung,2709,-0.00998342914541788,-0.006872674887508692,-0.0055850523730855885
lung,2710,-0.0033222324218557253,0.0022265751244916936,0.002176930619451743
lung,2711,-0.0031439264872832975,-0.010663727592702038,0.0019714021757430886
lung,2712,-0.0015675184110262863,0.004213986126790738,-0.0021918583533125278
lung,2713,-0.004323301479291747,-0.003542516335407725,-0.002468022526579748
lung,2714,-0.005814114182591858,0.0006860262581047383,-0.016788156262232096
lung,2715,0.0007259829360645453,0.006823434024879181,0.006034795181168645
lung,2716,-0.00028012899213550324,-0.0008757923262498746,0.003692158934226965
lung,2717,0.0018455157612708162,-0.00238045775844319,-0.001589887484911632
lung,2718,-0.0018330206232162287,-0.002934363739684522,0.008675003168462527
lung,2719,0.003405706816832841,0.0057547582665677475,-0.0010439200959349673
lung,2720,0.008895740530393206,0.0031050932773393864,0.0066828786514195795
lung,2721,-0.0011548672542952831,0.005975097385276434,-0.0015057369981727926
lung,2722,0.002919502021046285,0.0009716026140200082,-0.0020231259464061437
lung,2723,-0.0037169062465244227,-0.0021308278041961655,-0.001239412329104489
lung,2724,0.005675108335383733,0.005411874912151458,0.0007324803679313041
lung,2725,0.0016993601142677357,0.002971372989714255,0.009302997042433805
lung,2726,-0.004442924313247822,-0.0036090832326962914,0.001045040602501759
lung,2727,0.0011930184323117043,0.004772521862644402,0.013921952562288167
lung,2728,-1.4059588466600972e-07,0.0013310888211177188,-2.4830159957273112e-05
lung,2729,-0.002944432902048183,0.0064021284615025185,-0.007093373606047328
lung,2730,-0.00035077395669931105,0.00507980204991353,0.0013304707305077286
lung,2731,-8.594378537538083e-05,-0.00041705216331610245,-0.0013043358574316062
lung,2732,-0.0060841532961923945,-0.0005008285870536462,-0.006628937352423583
lung,2733,-0.006319844804433437,-0.006782075509482149,-0.012104252368961612
lung,2734,0.004470427872874189,0.008001486788126039,0.013975658189783127
lung,2735,0.0022244743472641846,0.003681881860551915,0.007013117444354594
lung,2736,-0.0007207517456940538,-0.00337066500299261,0.003281108531254434
lung,2737,-0.0022947538393329656,-0.0048174281233297755,0.006860262167695483
lung,2738,-0.0008308383941903937,-0.004932788832606533,0.0005968148515946755
lung,2739,-0.002661839511335149,-0.008409644339499006,-0.00826110821911131
lung,2740,-0.0031592440032809275,-0.011107420627690889,-0.002162798008606202
lung,2741,-0.004408916349175997,-0.0010260486337633858,0.00148759535925988
lung,2742,-0.002435449265845315,-0.009905088559416917,-0.001262350493533913
lung,2743,0.003875034147808959,0.002630358981189823,0.004689264340958593
lung,2744,-0.00036593218162621805,0.0035591866332026763,0.004000823328770822
lung,2745,-0.01162465812836245,-0.01873813940804968,-0.0019569568619761564
lung,2746,0.007234354038472585,0.013259669899337346,0.004253629320271429
lung,2747,-0.003312810384285131,0.005416832125095777,-0.009661690279146661
lung,2748,0.007431825085250633,0.013534987507474736,0.0026347297200430917
lung,2749,-8.00483069483456e-05,0.0030707038687197243,-0.00028279958931917704
lung,2750,-0.0027225262612062353,-0.005394254444423809,-0.0006962889900395857
lung,2751,0.003986012102412441,0.0054385547704936255,0.0026914148579317374
lung,2752,-0.007210573996596127,-0.011124299179670847,-0.004997712117622501
lung,2753,-0.011073015468595043,-0.01599935649402907,-0.00470904214555141
lung,2754,-0.00200966324603144,-0.006296138988907897,-0.0030650454295630307
lung,2755,-0.0033733172202789208,-0.007938965393992813,-0.004797093386405595
lung,2756,0.0029369649506992557,0.0011906767541785823,0.009208601638680286
lung,2757,-0.005058680004931361,-0.0018587082827408448,-0.0008794676085432844
lung,2758,-0.00457096147841049,-0.0022977554274236,-0.0027071964465831544
lung,2759,0.0017268636738941023,0.004334601363347448,0.0023701355485890863
lung,2760,0.0022573232451501835,0.0026299967214427713,0.005561604080558807
lung,2761,-0.0016119387562013865,0.006098043088457378,-0.00019788999467217528
lung,2762,0.0038100349623536125,0.004967180271864481,-0.0035410485588465066
lung,2763,-0.00037177513852699556,-0.002814436804124511,-0.0005208243044843668
lung,2764,-0.006088181833662175,-0.015248502071168745,-0.011772678284035193
lung,2765,0.004107963730882115,0.0046788340691670165,0.002460779628821158
lung,2766,-0.002082487110517071,-0.005532632156581109,-0.016955244755794917
lung,2767,-0.0028991319242368065,0.001666516249477085,-0.00742569750078991
lung,2768,-0.0043758649217997825,-0.0009257198757357441,-0.009786891173764068
lung,2769,0.0030462583178192484,-0.0032593157347345822,-0.0005116139590113462
lung,2770,-0.0004365608092119592,-0.00020441920779515346,0.0062309598523158
lung,2771,0.008884512004640513,0.012328580390906277,0.01153956133252614
lung,2772,0.007823109587658925,0.015855052943456266,0.008321457601926735
lung,2773,-0.001253540111463734,-0.008302473283560569,-0.0037329796970290803
lung,2774,0.007809056603072934,-0.000421884034540845,0.017808224644570596
lung,2775,-0.0025162011788428342,-0.0025638024222150537,-0.004753348813096016
lung,2776,-0.002752472763235342,-0.003547278876473816,7.748567530569761e-05
lung,2777,-0.0121909473891407,-0.014954669315088273,-0.006650241128986979
lung,2778,0.006288262518849332,0.005574771738930774,0.00634697760211414
lung,2779,-0.0013588886239368214,-0.011128306460506637,-0.002127317683220322
lung,2780,0.007953589695224333,0.007251016439088459,0.01391035834627738
lung,2781,-0.002498578958119141,-0.011216945434032946,0.005041886979823061
lung,2782,0.009146430571866732,0.0031211147110019695,0.004635508682025734
lung,2783,0.0031691710378373428,0.011071638411078952,-0.011441509086903195
lung,2784,0.01022755029445909,0.008926109984351551,0.017198542612097495
lung,2785,0.000597908811117237,-0.007884291901366386,0.0015958951817471219
lung,2786,0.0015346695131402872,-0.0044976059726072794,0.0011801833352212316
lung,2787,-0.0013197541062780944,-0.004122871449134656,0.00464687054963713
lung,2788,-0.0027463063030826926,-0.007228847301616742,-0.005140518146051182
lung,2789,-0.002861920196522307,-0.0023345990858865593,-0.0007362796453218119
lung,2790,-0.0068462429136467995,-0.005266407353363876,-0.016089395710018432
lung,2791,0.007935829236823963,0.006653819366344025,0.001678374377002254
lung,2792,0.006353261704304679,0.006103451626369836,0.005808275646909343
lung,2793,-0.0004917888215797509,-0.0030824855373224416,-0.010348872504708126
lung,2794,0.003783928678187822,0.01009521406415112,-0.003283957240006102
lung,2795,-0.006108535593493586,-0.009957809009574464,-0.006847229890928147
lung,2796,-0.002137700411194108,-0.002185899278623347,-0.005567635091860858
lung,2797,-0.0007477576866792753,0.0027374085291681782,-0.0013380370438194344
lung,2798,-0.007691671127998114,-0.004701614211406718,-0.002817800288310847
lung,2799,-0.005271537019942439,-0.009904001251078145,-0.004940514670043722
lung,2800,4.190332152132862e-05,-0.0024232007654718763,-0.01021539015845092
lung,2801,-0.001278821621802419,0.0035939851604204487,-0.002378085329388389
lung,2802,-0.0008213223110149955,-0.0016219419884570079,-0.005662672941511339
lung,2803,0.0055550946523309774,0.006281396011469126,-0.00778777036440223
lung,2804,-0.0121909473891407,-0.016853200727171253,-0.006614634675263566
lung,2805,-0.0023555785145662755,-0.008524935388933036,-0.011365467370141444
lung,2806,0.00012074676948304701,0.0001450513116629526,0.003599063160258588
lung,2807,-0.0023393992649569004,-0.006417621600370765,0.0016077208611221063
lung,2808,-0.006896868410737916,-0.006248997435821811,-0.0011468259744510283
lung,2809,-0.00028012899213550324,-0.003318693598647532,-0.008477614759045451
lung,2810,0.001716414333006187,-0.0007807685074704511,0.0007199683383314615
lung,2811,0.005577774654451723,0.011720934994434707,-0.0005296474170706873
lung,2812,0.007702899653750807,0.009074126988512074,0.0021582413115343677
lung,2813,-8.00483069483456e-05,-0.006193982755647466,-0.0030007180836964797
lung,2814,-0.004464841488873004,-0.0006121246892140759,-0.003189053603915073
lung,2815,-0.007855921525760284,-0.008759204741613244,-0.008887466140037112
lung,2816,0.00296414744667022,1.4282389062076836e-06,0.003730041546991035
lung,2817,-0.0023391967354666845,-0.008178271470287315,-0.006770256906295466
lung,2818,0.004494719538666712,0.009424474912614028,0.011557136891344938
lung,2819,-0.0081396173958255,-0.004949950431339825,-0.008894111369424279
lung,2820,-0.002682193271166561,-0.0073127693198457855,0.0006761637684391622
lung,2821,-0.007414399115382303,0.004350519371586009,-0.008292838333211825
lung,2822,-0.0010457852935033447,0.006357963174657098,-0.0005324446001484794
lung,2823,-0.0036572093411994986,-0.004419161669512941,-0.004602256112165795
lung,2824,-0.0003426534103249945,0.0021126265470547503,0.0008235334698244352
lung,2825,-0.0005308863794538377,-0.0026164887803784656,0.010705233220723706
lung,2826,0.01022755029445909,0.02136998522719997,0.017102888123100263
lung,2827,-0.0007993594397360712,0.007930283069644837,0.004422284395486134
lung,2828,-0.0023667002950930514,0.0017024969233710905,-0.00672082180213654
lung,2829,-0.0014976982202895839,-0.0007112017429960945,0.002181672528710312
lung,2830,0.0028172747708983723,0.008960435110881357,0.005936416749554983
lung,2831,-0.008422210786538533,-0.0019312130610787317,-0.012420377762026952
lung,2832,0.004557849230940538,0.00047950929723960135,0.0018267638720986337
lung,2833,-0.009312284426513781,-0.019536257283144554,-0.004855141915532943
lung,2834,-0.0030992126094239645,0.0038830008458476113,-0.0033745099123171085
lung,2835,-0.006097603871232769,-0.004528878122169891,-0.008610601700445059
lung,2836,-0.0011877161521812822,-0.006081837590267342,-0.0013882174597383188
lung,2837,0.006213687855111311,0.013369381760296627,0.0009606006570127834
lung,2838,0.003216075472533599,0.004250013746724374,-0.0006678736633215403
lung,2839,-0.00038849730832987706,-0.004490447746746016,0.006097977932298225
lung,2840,0.003186953744331598,0.0015740811435625464,0.012932530344407287
lung,2841,0.012617418319817691,0.011930512377588529,0.013649430209639777
lung,2842,-1.760352553763685e-05,0.00028076866576512427,-0.013008615176051407
lung,2843,-0.0022251217692604575,-0.0041196011656203695,-0.007942480807050855
lung,2844,0.003783928678187822,-0.0029745710831887424,-0.0010101829844182861
lung,2845,-0.002382494974240599,-0.004551042019723367,-0.001920118147310403
lung,2846,0.005969529746285461,0.010306229000666366,0.009393734866910022
lung,2847,0.003896951323434141,0.007966148541898282,0.0015187573652676962
lung,2848,-0.004812217191379448,0.0036178662253584324,0.009355489075197038
lung,2849,-0.006008664263944187,-0.0003600738950950786,-0.006822386622972511
lung,2850,0.004685886396103206,0.009475231230398073,0.0070602508450929025
lung,2851,0.003506656665572011,0.005321123443532629,0.0037934237501819255
lung,2852,0.007920740797338335,0.0035305072997462725,0.0005138386948218094
lung,2853,0.004045884205198681,-0.0018590813550331082,-0.0024405910354294204
lung,2854,0.0017112751761708584,-0.0007875540088580397,0.0013845786495692847
lung,2855,0.0006632559883848385,-0.00809013165731238,0.010979111915979528
lung,2856,-0.0043849337778093245,-0.004951489419405514,-0.009136405241843181
lung,2857,-0.002073860092982318,0.004691997346355975,-0.002933714187305638
lung,2858,0.003330541287836506,0.004755171599950101,0.0005490947397421933
lung,2859,-0.008039083790289198,-0.016469167207027076,-0.0024983775301354776
lung,2860,0.002808965904917591,-2.772070386874081e-05,0.003312782484701099
lung,2861,-0.005984884222067731,-0.00046775396507164023,-0.006790830337266176
lung,2862,-0.012617418319817691,-0.006093383553871762,-0.015598143038018847
lung,2863,0.0032769477810224157,0.004284890002379499,0.007017138401309159
lung,2864,0.002235368580658157,0.005609110614148011,0.00016363600858253658
lung,2865,-0.001252731674614695,-0.008050266403304316,-0.010809129148974408
lung,2866,0.0066076666245282285,0.00341104003515975,0.004391639072743934
lung,2867,9.812982900411771e-05,0.003964032102277146,-0.007231833609727113
lung,2868,0.011304344147007586,0.0007900870685895647,0.02162298552194426
lung,2869,0.00011784437362615437,0.002426172159369494,-0.0002361339701715907
lung,2870,-0.00017597478185083873,0.003667616335885332,0.001153924373258073
lung,2871,-0.005457564720543605,-0.00341551154726813,-0.0012245200274041326
lung,2872,0.00021375451155058087,-0.002251349575442624,-0.007200516207347084
lung,2873,-0.004557849230940538,0.000320047279412641,-0.008477769554133291
lung,2874,0.005471617705129596,0.008933038784660738,0.0017802166588272066
lung,2875,-0.005990229560327363,-0.012914872818595335,-0.0023439159510583825
lung,2876,0.0033081768850454682,0.003956047859961574,0.007659132719278289
lung,2877,-0.00485003388086383,-0.00767559364511608,0.002423236131400543
lung,2878,-0.009277566035446263,-0.010528782834049354,-0.009018121326608574
lung,2879,0.002078003505869184,0.00986187526537736,-0.0002972764046905627
lung,2880,-0.0019148941135327298,-0.0006764505040159814,-0.0010095447183004387
lung,2881,-0.002661839511335149,0.002391593010363189,0.0004187963210211627
lung,2882,-0.005034899963054905,-0.002478500581022401,-0.0004702759568004462
lung,2883,-0.001070076959295868,-0.0017744420572916677,-0.0065852416779317025
lung,2884,0.0028030982603264587,0.009038345960104378,0.009277135339776504
lung,2885,-0.004028086787013672,-0.012781474432710892,-0.005847971584648587
lung,2886,-0.00690079810991213,-0.009443050310573974,0.0007295469944925597
lung,2887,-0.0018935792621528984,-0.0025804852043820603,0.007173963791898451
lung,2888,0.0009891933135255289,0.005619769362204753,-0.007690992462514025
lung,2889,0.007953589695224333,0.0032234443691712966,0.012301002601131955
lung,2890,-0.0005150243544614815,-0.007953911590692411,0.002968409151592623
lung,2891,-0.000121774072800368,-0.002132453583456012,-0.0010002132906298902
lung,2892,8.598074516002104e-05,-0.002196350987749627,-0.0003679087127928804
lung,2893,-0.0012284318786310033,-0.005382499612792885,0.000588695110068806
lung,2894,0.0003845676091556634,0.0019397738156477957,0.010012339433550298
lung,2895,0.006135436897695218,0.0072050091077472496,0.0073937584117431026
lung,2896,0.0029949936055187567,0.008595139459287018,0.0023789377411837045
lung,2897,-0.0019718465565470578,-0.005180168929218734,-0.00019621702420094533
lung,2898,0.00028213173117296503,-0.01059623254747848,-0.0041329267623274515
lung,2899,-0.0024985419983345005,0.0015184626329121744,-0.0007524848165744076
lung,2900,0.001346436544011444,-0.00209763184225432,0.0011101660502809418
lung,2901,0.005634606123704394,0.007458759167288396,0.0027902713046904968
lung,2902,0.00040436746351340164,0.0031499146093663575,-0.0013767883378487944
lung,2903,0.004862529018918417,-0.0005303113242488095,0.006622962581151368
lung,2904,-0.005288999949595409,0.0005795022198862394,-0.018026420158687207
lung,2905,0.0012701576444830258,0.0005438562853448774,0.0031441524224069635
lung,2906,0.005045146774452604,0.0033887419793484364,0.009206518190779195
lung,2907,0.004214815735456022,-0.004213283551984572,0.006645873610912577
lung,2908,0.007833356399056626,0.002897889691699842,0.005051909850962313
lung,2909,0.0003382224405755474,-0.009233844458730092,0.007745124543092073
lung,2910,-0.00035077395669931105,-0.009697335320250012,-0.004512145373025902
lung,2911,0.006319844804433437,0.004373155787542021,0.009877717081264031
lung,2912,0.0005427340955121521,0.007467377353780123,0.0014950965649683512
lung,2913,0.005563758629650371,0.015483662914432827,0.0031354862015357996
lung,2914,0.0018180122016444495,-0.002426616726255558,-0.00025384897069588596
lung,2915,-0.0010497149926775584,-8.752764148384218e-06,-0.0038123521812490993
lung,2916,-0.0006932024904139448,0.002296854426177451,-0.0043794851315758125
lung,2917,0.010198887668646897,0.007777930433359864,0.00873247130394797
lung,2918,0.005309353709426821,0.007600328801904782,0.001581601250318134
lung,2919,0.003186953744331598,0.008967629390734524,0.007160782046649225
lung,2920,0.003575335850882997,0.01317113085319091,0.010805388175459072
lung,2921,0.004152041154520808,-0.007843927979364848,0.00011686495723875479
lung,2922,-0.0021771146464475513,-0.01040805528406133,0.005681247393348365
lung,2923,-0.002181044345621765,-0.000754412870896846,-0.012803233059042565
lung,2924,0.005904108219282676,0.015941856983183355,0.009402303367044978
lung,2925,0.0031110775893972986,0.004830142309635382,0.0045848625704773644
lung,2926,-0.002748934511060628,-0.012086353159374535,0.0041890006668468625
lung,2927,0.008757739370889481,0.011756921969403634,0.014586605491732563
lung,2928,-0.00413294224513952,0.003544019592347153,-0.013237879782219844
lung,2929,0.008339698081012656,0.0023628267352287418,0.003159026723098506
lung,2930,-0.00020025824085646385,-0.0005153615201454465,0.0037988442271569187
lung,2931,0.0019819535049807693,0.006113578817746962,-0.001053389027630719
lung,2932,0.006524111761694401,0.006871703499519609,0.0029930540265147207
lung,2933,0.0020040399022456155,0.00019441398826940603,-0.006006801697911041
lung,2934,-0.0030243036533272225,-0.004415913958268727,-0.0019937970735064148
lung,2935,0.0034814121150179658,0.00022385316250980725,0.0059589060324378995
lung,2936,0.0027801825042860127,0.007622947349247242,0.003907149541302418
lung,2937,-0.004505651260927529,0.00042981544642925473,0.0028359081467012326
lung,2938,0.004422570553416411,0.0069361191554904635,0.001549698970282278
lung,2939,0.0007578835243153189,0.007913577429500634,-0.0009182427577511995
lung,2940,-0.002069694639888403,-0.005250235922451321,0.002238498422886194
lung,2941,-0.00298026318947317,-0.0038582511217308733,-0.0035354789929651076
lung,2942,0.0010316334706217862,-0.005791794165720112,0.010295113767618927
lung,2943,0.012065775660050284,0.009994180819568998,-0.00022724868504805928
lung,2944,0.00862229147172569,0.009591301870951132,0.006852403450916117
lung,2945,-0.0009926195955705746,-0.004019790570328428,0.005356260299290955
lung,2946,0.0013971276549686422,0.0005465193486875927,-0.0036478634026168855
lung,2947,0.003753119479123925,0.0018921923153797464,0.0010282361771585353
lung,2948,0.0028376285307297835,0.005165053605046774,0.007916680173461393
lung,2949,0.007128197089150458,0.009196446796809707,0.0013978995049113057
lung,2950,0.003948216035734632,-7.04349400643036e-05,-0.0036752682864102295
lung,2951,0.0006209850529282449,0.0033636001726223552,-0.001629935255746738
lung,2952,-0.002750236002256906,-4.410130662697376e-05,-0.005215902913400452
lung,2953,0.0017268636738941023,0.005604954921107566,0.0075557297947371855
lung,2954,-0.0025613059057988477,-0.012599054669699525,-0.0062983308532749225
lung,2955,0.0019335911885371704,0.0021925269483947705,0.0060711317658142805
lung,2956,0.0030202751158574423,0.0030050962556002945,0.0024735453914808414
lung,2957,-0.0013586923730814586,-0.0011805562498668765,-0.002643094937419442
lung,2958,-0.002913184908822799,-0.0060001940304156755,-0.011360310035091997
lung,2959,-0.002181044345621765,0.003960671193186114,-0.012854400216493339
lung,2960,-0.0008546184360668507,-0.0008460521600076876,0.005770192371893921
lung,2961,0.01022755029445909,0.011517118666268802,0.019237439150034258
lung,2962,-0.003262535516530801,-0.00795992762263184,-0.0017556933957198206
lung,2963,0.001983573298843716,0.008075065326147147,-0.005289392170325452
lung,2964,0.0022872012949438913,0.0018210139433852506,0.0017378894142514125
lung,2965,0.0009068164060798597,-0.0016060337483034906,-0.000528352437918239
lung,2966,-0.00020022128107182366,0.0021656937349891583,0.0033121206288959184
lung,2967,-0.005463188064329429,-0.0012301152988052986,-0.0020066647356780927
lung,2968,-2.0213163946745476e-05,-0.003451525394440204,0.012970798486567025
lung,2969,-0.0008765356116920328,0.0031440994934041895,-0.0020086619066953804
lung,2970,0.0035082575702326257,0.0009096455627020383,0.0023237661200497988
lung,2971,0.002702228879444,-0.00028707516600940796,-0.0001216498386796736
lung,2972,0.002180017042304444,0.00754911224915536,0.007830452907531382
lung,2973,-0.001253540111463734,-0.0008175059407987961,-0.003984827471469786
lung,2974,-0.002664449149744258,-0.002484982457899363,-0.010244051947834742
lung,2975,-0.00016585149643906041,0.001255922080987413,-0.005092626869836035
lung,2976,-0.007544544734415672,-0.0035426248466029573,-0.014314279402803618
lung,2977,-0.004237498289801032,0.004235576740759832,0.0023279638246888334
lung,2978,-0.005271537019942439,-0.003434627820586132,-0.00654732490490037
lung,2979,-0.006960829503769093,-0.00953569637498337,-0.010645872109310794
lung,2980,-0.003783928678187822,0.002658641565505169,-0.0014086487676280754
lung,2981,0.004013721843463112,0.004724372922008585,0.007253662952486112
lung,2982,-0.002498578958119141,-0.0072529196559446285,-0.0006548633214347455
lung,2983,-0.0019322896973408925,-0.004695189536459227,0.004335021167342995
lung,2984,-0.0038201419107873245,-0.007335097233529625,-0.0020825708081425682
lung,2985,-0.004172076762798248,-0.003687403636353846,-0.004296840173476063
lung,2986,-0.0025467453720027697,-0.005978057602496228,0.0034644390922964614
lung,2987,-0.005753555543655188,-0.010219613182304752,-0.003983667522845615
lung,2988,0.001591584996369975,0.0034679306271714434,0.003499808584512219
lung,2989,0.0012954543102944027,-0.0017480055836493202,0.0016256018150426672
lung,2990,0.0034501641217925816,0.008852959038296665,0.013663202336476027
lung,2991,-0.0029369649506992557,-0.007919510535921059,-0.005076451682037899
lung,2992,0.00036593218162621805,-0.0070243929412367925,3.4664688511783508e-06
lung,2993,-7.830661238678964e-05,-0.007433610565466385,-0.004109530727606124
lung,2994,0.0063289782452990535,0.0075231445593862325,0.0017820851681204421
lung,2995,-0.006854092478295502,-0.003743338220386315,-0.00036463353506596685
lung,2996,0.004982701993041895,0.004665614584455626,0.0022002174104915613
lung,2997,0.004091972800879205,0.006658924380305585,-0.0030871156572722007
lung,2998,0.006630231751231887,0.003155370293089275,0.00026770175483452775
lung,2999,0.0016254719866801437,0.007674478560413932,-0.003490894710802263
lung,3000,0.0028376285307297835,0.007206118054616859,0.007091838923618116
lung,3001,0.007195219520813857,0.009315339084529814,0.008060109037292956
lung,3002,-0.0006778165221809166,-0.0034907579946509373,-0.0040135407204658635
lung,3003,-0.0007790056799046596,0.0015119694125733016,0.0009341889144380555
lung,3004,0.00011152726140266818,0.010930674998498249,0.005633857305393536
lung,3005,-0.004782621307854738,-0.0035350349831011953,0.006334012964276094
lung,3006,-0.0025960719301218738,-0.007451526019079363,-0.009968948513446197
lung,3007,-0.005256151051709411,-0.003917943724120234,-0.008335748849609702
lung,3008,-0.003117010027608974,-0.002803553092872252,-0.004585041459024451
lung,3009,0.006288262518849332,0.0013213842475342423,0.0076179583829321385
lung,3010,0.0028730419770490825,0.002985173042307711,0.000986413195771594
lung,3011,0.007290444747875167,0.004120014692890464,0.007201450523370817
lung,3012,0.0007484614867447245,0.004082791070011554,-0.001887980482782279
lung,3013,-0.0049958684642115074,-0.0003441856092788187,-0.0053783835721294875
lung,3014,-0.0031592809630655674,-0.002778912024066225,0.006907512637430401
lung,3015,0.00014875532609523456,5.8722034959324265e-06,-0.0063138890754833865
lung,3016,0.0011135069609382875,-0.0031311049336476826,-0.003890314619035412
lung,3017,0.006979245318183586,0.004563963278562724,0.012945666683072704
lung,3018,-0.0006209850529282449,0.0007102443640741399,-0.011496161501719957
lung,3019,0.004584494708889247,0.0031598473634616153,0.006076356979354204
lung,3020,0.00485003388086383,0.005567691880433666,0.006144631125344534
lung,3021,0.00520157859152906,-0.0015853856540626972,0.0019514077364094586
lung,3022,8.594378537538083e-05,0.007053412435219277,-0.007320958317141145
lung,3023,0.004596946788814625,-0.004273106260218733,-0.001760114642067036
lung,3024,-0.0027473336064000133,0.0030670417496560802,-0.0006078468750613701
lung,3025,-0.0011259590408636648,-0.005680689690794874,-0.0007179980271796542
lung,3026,-0.004093910746296124,0.003235213705713733,-0.0011289857042591873
lung,3027,0.0029234317202204985,0.002366700208237769,-0.0028266107160663896
lung,3028,0.004193766920372831,0.009784787092218333,-0.005603580543204691
lung,3029,0.009586389037368739,-0.004007273837028822,0.009293250754414109
lung,3030,-0.0045150732984981234,-0.007499418881680051,-0.007720988888328922
lung,3031,0.002993055660101838,0.00975891309944013,-0.0027557467405648814
lung,3032,-0.007999715250689496,-0.0037283091976627316,-0.010648393380230409
lung,3033,0.0023766273296494667,0.0011424813835073933,0.011036965711710228
lung,3034,-0.0021511662958280573,-0.004780530360699318,-0.0010684545241004542
lung,3035,-0.003592761820751328,-0.0028792540075187334,-0.0006756349723283928
lung,3036,0.001507784545916722,0.003200669765085068,0.005062673120145883
lung,3037,-0.0014259110556002208,-0.0014173447795410576,-0.008355360154392377
lung,3038,0.0022182724103143314,0.008321434832538433,0.00726597551434241
lung,3039,-0.00041909787955898836,-0.008195274176360411,-0.002095224161625507
lung,3040,0.001523244736532231,0.007419084614841263,-0.005402252280197205
lung,3041,0.004862529018918417,0.009570409330960344,0.007943164851274729
lung,3042,-0.00865751485977903,-0.01704561622946074,-0.0036961710671146635
lung,3043,0.001963537690566277,0.005417292342455425,0.0043918101186808485
lung,3044,0.00608255239153178,0.012842698497460605,-0.0006388005667473749
lung,3045,-0.008235527533749926,-0.00291970486052794,-0.007992548438883557
lung,3046,-0.0028030982603264587,-0.003704831328900473,-0.0026993423941139108
lung,3047,-0.006932046103137514,-0.005707623462975217,-0.005773331160149581
lung,3048,-0.0046764643585326116,-0.00676715648758755,-0.006656062296709777
lung,3049,-0.003927918653972397,-0.005646983374210481,-0.016665338863064195
lung,3050,-0.0029401013684971222,-0.0035109546734679864,-0.005201216357314825
lung,3051,-0.001232361577805217,-0.005386429311967099,0.00108162335568134
lung,3052,0.0041797139357868385,0.0011805313372726853,0.0021931740403541935
lung,3053,6.425362780079769e-05,-0.0022974941686089065,-0.0025045627827278982
lung,3054,-0.00805974664454646,-0.005353014324859507,-0.004892092775443122
lung,3055,-0.00239831748722405,0.0006008651112901033,-0.008082813937597067
lung,3056,0.002333851397207052,0.0030473421771256095,0.0033346232151789204
lung,3057,0.006176257260928529,0.00015094140006376676,0.014222664756232545
lung,3058,0.0002568502208342797,0.006699420464527271,-0.007184620300949638
lung,3059,-0.012065775660050284,-0.009332846805979558,-0.008841050710696713
lung,3060,-0.0015498592305179526,0.0031910581220101026,-0.002139100553202091
lung,3061,-0.0009096818421521121,-0.0009921380330606875,-0.009839506977550918
lung,3062,-0.005170347862218695,-0.0038098925539324455,-0.010351019220132845
lung,3063,-0.003620977219397664,-0.0038266404456263337,-0.005302221906604704
lung,3064,0.006883335180259159,0.006710288785174888,0.007396675873614024
lung,3065,-0.00397195911782645,0.004260773361647254,-0.003771965644390724
lung,3066,0.006303029894679559,0.0017105635813027351,0.004621785207472519
lung,3067,-0.003025904557987837,-0.0020714965798419123,-0.0033126716425977516
lung,3068,0.001812666863384817,0.00694141951914857,0.0061600797692924385
lung,3069,-0.004663969220478024,0.003402474264796608,-0.014307331813693525
lung,3070,0.010547901235598595,0.0028692930535596612,0.01157991312542068
lung,3071,-0.00427363767165187,-0.010147851174542987,-5.795298401015114e-05
lung,3072,0.007046323598833957,-0.0037116903791845164,0.003962773718870947
lung,3073,8.855342378448945e-05,0.006689892453093121,0.002201755813806929
lung,3074,-0.003415953628230541,-0.0052193105949711145,0.000627708648166849
lung,3075,0.006097603871232769,0.01077930468220496,0.0059887295998797
lung,3076,0.002031543461871982,0.006514084460406032,-0.0013069661837549484
lung,3077,0.004723719422565655,0.005421681257114869,-0.008203083203268225
lung,3078,-0.003698918770073454,0.0003197322057254819,0.0013813741981402818
lung,3079,0.00180021478345944,0.006470788749897548,-0.0012605736549180788
lung,3080,0.004152041154520808,0.0008177115712539782,0.015106204477174284
lung,3081,-0.001441773080592577,0.006800085080803884,-0.010596789087621026
lung,3082,-0.0037898611163994975,-0.010537443353993379,-0.010113865407550243
lung,3083,0.005058643045146721,0.007299095876181614,0.007621055397634755
lung,3084,0.004813818096040062,0.002829335119768193,0.011473157221547691
lung,3085,0.009877272196095752,0.003062970241676612,0.007055799836670049
lung,3086,-0.0035672153045086807,0.004860883982931913,-0.0002612258680726731
lung,3087,-0.004464804529088364,-0.0032728042720411386,-0.006589529618718809
lung,3088,0.004464804529088364,0.001235157932547794,0.005145470886812322
lung,3089,0.0005637352773398366,-0.0022083072770152923,0.00895969324615826
lung,3090,0.003000926043730432,0.004099412425511604,0.0024971094639469242
lung,3091,0.0040987317515774795,0.009234987582610626,0.007347287539980531
lung,3092,-0.0012954543102944027,-0.0020326902265292712,0.010501854832235749
lung,3093,0.0007681114465106867,-0.0019617683854355568,0.011841760097210875
lung,3094,0.009772416737969905,0.003582256684081178,0.004932809774454826
lung,3095,-0.0013448356393508294,-0.011579935340515685,0.0035125166684738807
lung,3096,0.007346021895759919,0.01233157946274981,0.00451606345721888
lung,3097,0.002574098376427516,0.0072222299214699335,0.0041120923821874695
lung,3098,-0.0020040399022456155,-7.0107041126505e-05,-0.002758735877008543
lung,3099,-0.0057773355855316455,-0.015556707995438318,-0.0026966997531753336
lung,3100,0.00497676955483022,0.004026414563790779,0.012508951414821232
lung,3101,0.004790741854229054,0.0027127850129219826,-0.001243305069658372
lung,3102,-0.00137904613291287,0.0028812330755798128,-0.005861730185411594
lung,3103,0.00044901288913733645,-0.0030495766720075495,-0.005299789511529383
lung,3104,0.002213893243507764,0.006463594866224044,-0.005878517386826534
lung,3105,-0.011071414563934429,-0.004534623642216194,-0.0045717609405621735
lung,3106,0.0034988380848862966,0.001953857472139729,0.010784241715233522
lung,3107,-0.0029151228542397176,-0.003354708334794926,-0.0054281206834520075
lung,3108,0.0005427340955121521,-0.003383801666782158,0.006743300976553466
lung,3109,-0.004292310058965955,-0.009288977437175891,0.0041697881874439855
lung,3110,0.004814521896105511,0.008134843918929,0.008566308485289784
lung,3111,0.002236969485318772,-0.005092154966691085,-0.0015685964827256613
lung,3112,-0.004629795686700623,-0.002979073189941163,-0.004520921415347554
lung,3113,-0.013036375603492014,-0.009154806016312272,-0.011510819758910117
lung,3114,0.010305044617969022,0.010033490566329193,0.001712792340246544
lung,3115,-0.008666936897349625,-0.004383393180632013,-0.0053187745378866225
lung,3116,-0.0015117142450909356,-0.006324804215702112,-0.00018201838100812906
lung,3117,-0.00359476455978879,0.0035352000797829277,-0.0034734521272576646
lung,3118,0.0010198020915415384,0.010161025040474456,-0.001790472142326277
lung,3119,0.003993686235185673,0.0037458773198621544,0.0043435179446071615
lung,3120,-0.007773544618314615,-0.011622094198322266,-0.011483755024139777
lung,3121,0.004908127329303874,0.00161118636879784,0.011172903235025077
lung,3122,0.003186953744331598,-0.005766043949259902,0.0005864829621422076
lung,3123,0.00459854769347524,-0.0071663707934930725,0.005308786401785217
lung,3124,0.0018560968650272365,-0.00028167414189272,-0.002281645713414021
lung,3125,-0.0007220532368903317,-0.0047961083526529185,-0.007909627774157074
lung,3126,0.0008127568721346216,0.008001470784492029,0.0002609100324794573
lung,3127,0.0021226489314931187,-0.0017317142127180702,-0.011671676022519478
lung,3128,-0.006409186844001685,-0.011370027998913002,-0.005956537421668952
lung,3129,0.0057864044415411875,-0.000979452997797105,-0.004236133893665978
lung,3130,-0.0004618738120014028,-0.007676784258742584,-0.010572345645525644
lung,3131,0.004538149540309132,0.0009831962998079484,-0.004573648779031019
lung,3132,0.0010440855505471636,-0.0020499014816325045,0.0008978975143052551
lung,3133,0.010460479877532245,0.00975790662139637,0.013938796268307786
lung,3134,0.0031264320651795685,0.01136829022657603,0.007601747501297153
lung,3135,-0.005884072611005237,-0.002977713210109969,0.0020595171713875347
lung,3136,-0.0014716082731018598,-0.004697776529676151,-0.0012206496433795067
lung,3137,-0.0016504192046601085,-0.004395966350513064,-0.0006951426875972111
lung,3138,-0.0020180928868316073,-0.006524361988367931,-0.003174050020884435
lung,3139,-0.008039083790289198,-0.003116352370680281,-0.0060128465191225475
lung,3140,0.005595237584104694,0.005693361088919982,0.005736002672110876
lung,3141,0.002690539096931982,0.00465124908317785,0.010479478071155634
lung,3142,0.003415953628230541,0.005750477948357656,0.0055678785207472405
lung,3143,-0.007807755111876656,-0.005887262629369015,-0.004772920413386478
lung,3144,-0.00413294224513952,-0.002021965396660358,-0.015206590895839709
lung,3145,0.005286751622938522,0.00795350431057058,0.002908557664772077
lung,3146,0.0003987810795122171,0.002989477795254908,-0.0029936365452395883
lung,3147,-0.0028308080013771295,-0.0069267993782820645,0.007235985599118838
lung,3148,0.0015951911922923168,-0.005793149801273406,0.007852646052114026
lung,3149,0.0023415255299802837,-0.0041494892287935545,0.0006653992479137654
lung,3150,-6.425362780079769e-05,-0.008095374896768898,-0.004150829048791281
lung,3151,0.0031110775893972986,0.00676644345179205,-0.009137691490412242
lung,3152,0.0007359099706209608,0.0002963244900657524,0.001360249912907202
lung,3153,0.002770606099066384,-0.0023432073105710736,-0.002841677802148363
lung,3154,0.004997469368872122,0.0016063746421168903,0.011924206421221726
lung,3155,-0.00836069926284034,-0.0031384087505883966,-0.005587738793861364
lung,3156,0.00870971282979204,0.00518430125649667,0.006117728126717986
lung,3157,-0.0040987317515774795,0.004001086558928308,-0.00014907666653578722
lung,3158,-0.010664304996318421,-0.013195622639883544,0.0011971068054793255
lung,3159,-0.000426330334792326,0.00012746915103155804,-0.009052608131707007
lung,3160,-0.006854092478295502,-0.005324181555398627,-0.004782231305955167
lung,3161,-0.002616369311884109,-0.009540995536838043,-0.008991540760485629
lung,3162,0.003948216035734632,0.010860086104916261,0.007634498676896501
lung,3163,0.0070341375552052205,0.00801227363635342,0.011509452991322805
lung,3164,0.0007993594397360712,0.008959956691259902,-0.005211520481467956
lung,3165,0.0012610242036174095,-0.006282505004803604,0.0031961648753416247
lung,3166,-0.00359476455978879,0.0014347736366602157,0.0013164200447873162
lung,3167,0.008843542560380196,0.00987748083457097,0.004707243308585213
lung,3168,0.0004569309060214373,0.010738490992969854,0.006036157667505268
lung,3169,-0.005009618452716219,-0.009063124376051512,-0.002190858139733067
lung,3170,-0.0002707069545649088,-0.005680601116879115,0.00433700599390055
lung,3171,0.007823072627874286,-0.0041728965060113705,-0.0022334912265250806
lung,3172,-0.0008985600616253364,-0.002700270683813649,-0.008123448363780917
lung,3173,0.008826116590511865,0.007514105797306463,0.004471995083468377
lung,3174,-0.002858629712557468,-0.00025299375068848096,-0.0022581206093207074
lung,3175,0.0034508115437888545,0.006294625252095,-0.0018022756543096727
lung,3176,-0.007740695720428616,-0.0026872631987302775,-0.00723563910502494
lung,3177,-0.007308242166060176,-0.013098872385799959,0.0018836604898759364
lung,3178,-0.006409186844001685,-0.0006376368795215177,-0.0032900448653450745
lung,3179,-0.011304344147007586,-0.010404612241044896,-0.020709967892856573
lung,3180,0.002495847419011423,-0.0033777444786005357,-0.0009904472167581446
lung,3181,-0.0003304038598898329,0.0013183345075723403,-0.003173198302948571
lung,3182,0.010885386863333263,0.006809165690530722,0.009019878164524662
lung,3183,-0.010078654372479188,-0.00941511608365637,-0.02089022550264207
lung,3184,-0.005298421987166004,-0.00693037484319467,-0.001141002652902132
lung,3185,-0.0043149926133109655,-0.0017151702156455169,0.005284114714615735
lung,3186,0.002313815788929613,0.004601858855248728,-0.0001518511222139327
lung,3187,0.009972497423157062,0.0010302717560405818,0.004663685178052962
lung,3188,0.0055811845995187015,0.010372648194711964,-0.004228601025236875
lung,3189,-0.0008456057700206206,0.00019664214011513848,0.007246804860313678
lung,3190,-0.0014032310534794756,0.0033614144020508536,-0.013978180313093919
lung,3191,-0.001363831529916787,-0.006055512302608358,0.001854989496637325
lung,3192,0.0017565761539822349,0.0014274519053388002,0.0034327024360487532
lung,3193,-0.0042499934278556195,-0.0032829671579274653,-0.007322345182260742
lung,3194,-0.006883335180259159,-0.01177180927638874,-0.008045033825848527
lung,3195,0.000975140328939537,-0.0037216301718823457,0.006281091444328174
lung,3196,0.005122641097962538,0.007056556925767611,0.005409875458117709
lung,3197,0.008422210786538533,0.004683900279585642,0.008094008949935682
lung,3198,0.003058710397744626,0.0011969671880226742,0.008763257533122543
lung,3199,0.0008689833796174107,0.0021515738408403318,0.01041669148383568
lung,3200,-0.00014875532609523456,0.0017694692065809887,0.0016388780390239703
lung,3201,-0.0028908393952340925,-0.008241517015992433,0.0037850182621360913
lung,3202,0.0024783681523803855,0.0027272769795267104,-0.005040977703092928
lung,3203,-0.0005351818634375302,0.006432286786406366,0.006350385711300246
lung,3204,0.0037278379687852394,0.0001745310728363163,-0.008520931111024302
lung,3205,0.003372857918946842,-0.004917444757530467,0.0034732448213226166
lung,3206,-0.0017597125717801014,0.003401259671331619,0.005636994850593703
lung,3207,-0.004172076762798248,-0.013032987096594811,0.0009527760137994961
lung,3208,0.0006209850529282449,0.0016640490090417772,0.0023568475545456178
lung,3209,-0.009034709417816691,-0.010661005363883175,-0.005761777121111599
lung,3210,-0.0019188238127069435,0.005622721266416784,0.008410047308326332
lung,3211,-0.0028511617612085407,-0.005840465806661949,0.0016597601286324573
lung,3212,-0.005753555543655188,-0.0006282172364047243,-0.008225580895559423
lung,3213,0.010069232334908593,0.006476526397647758,0.007414183007022965
lung,3214,-0.009659697088804866,-0.007327376727056181,-0.004994999235945199
lung,3215,-0.010227587254243728,-0.011364183371327302,-0.016356682859636307
lung,3216,-0.0020180928868316073,-0.0007952995579075344,-8.275021394324455e-05
lung,3217,-0.006683254495072001,-0.003505725194277174,-0.019158597183626492
lung,3218,-0.0013385185271273432,-0.000974970732757513,-0.00374392849565372
lung,3219,-0.008039083790289198,-0.0020009947403380928,0.0003477843933628322
lung,3220,0.000783973471503043,0.004656417376760026,0.0027709806424809453
lung,3221,-0.0015646160151693937,-0.0022689811131651936,-0.0020241773296640992
lung,3222,0.005622154043779017,0.007507507758216171,0.0036451382619177293
lung,3223,-0.00774462541960283,-0.006247805456092076,-0.006108674032140614
lung,3224,0.0006908052436649473,0.0023709551750854263,0.0009270757373954497
lung,3225,0.0021771146464475513,0.00043995213184963556,0.0076733636401483205
lung,3226,0.002495847419011423,0.003586734284926646,0.006711532106653142
lung,3227,0.0001059793936528201,0.0023073972573746564,0.0037920600336505406
lung,3228,0.0056473985943330625,0.011335986880941054,0.008793740375875927
lung,3229,-0.008422210786538533,-0.00035576730126390087,-0.011329107888864867
lung,3230,0.006597419813130528,0.0037607332043441966,-0.0005502252821445548
lung,3231,-0.005253776561542069,-0.01240746930411606,-0.013140672917467983
lung,3232,-0.0040458472454140415,0.0030157751706790525,-0.006525286830979388
lung,3233,-0.0042499934278556195,-0.005166796186279327,-0.0016391993652587942
lung,3234,0.0017112751761708584,0.009219949437055517,0.010565604974430645
lung,3235,0.003565052079700657,0.012716246635284468,0.002567065709070772
lung,3236,-0.0058226365633430215,-0.010695443345565889,0.00037793031769829243
lung,3237,-0.004028086787013672,-0.007208628069576589,0.00400692803041892
lung,3238,-0.008593628845913498,-0.004275762407103173,-0.008964580637803874
lung,3239,0.006238984208608235,0.014237085470404243,0.00805886900624315
lung,3240,-0.007308242166060176,-0.0011559561441544328,-0.009379974738135797
lung,3241,0.0036949890708992406,-0.001059351626926247,0.0035366674165744814
lung,3242,-0.009206127477191656,-0.011719793677552779,-0.0010086417102817078
lung,3243,-0.006727899920695936,-0.008694285102607974,-0.012070737684992236
lung,3244,0.00619031024551452,0.017534356388761007,0.003022656376411183
lung,3245,-0.010354322928210119,-0.0020566625737710818,-0.002834977072736805
lung,3246,-0.004231911905799847,-0.007829690537876955,0.004164046063018577
lung,3247,0.0030817866395556337,0.012024012306672114,0.006198393659249559
lung,3248,0.003739586248645168,0.005383234887977031,0.0036063367588520154
lung,3249,-0.00022400132294828068,0.0013558342373346428,0.00792497255351494
lung,3250,-0.009647245008879488,-0.005691034372235124,-0.016525443967236125
lung,3251,0.0029756296902335075,0.004918688233275376,-0.004862884955583614
lung,3252,-0.002719623865349343,-0.0036805564421651857,-0.0030165856301019776
lung,3253,0.0073871796596266985,0.0018630714920438163,-0.0015781493875644632
lung,3254,0.003262535516530801,0.0033962929572073455,0.007604218862396234
lung,3255,-0.005783502045684295,-0.00524705525312579,-0.006915628340687643
lung,3256,-0.002560278602481527,-0.009878468497394663,-0.002603777526076906
lung,3257,-0.0027071717854239654,-0.009777919883439817,0.002245482637098959
lung,3258,-0.0031011505548408833,-0.0072195843531415085,-0.0022202593610334185
lung,3259,-0.00034182863649788914,0.002953465979455884,-4.4866871745254556e-05
lung,3260,0.007132126788324672,0.0070248776015866266,0.002266437484657537
lung,3261,0.007464673983136633,0.004902563267694662,0.013075140816470682
lung,3262,-0.0014900240875163524,0.007112526925600244,0.007347164072484859
lung,3263,0.009355060358956196,0.010062147875428168,0.017629484789651435
lung,3264,0.002723351035033341,-0.0018798873048185,0.011828288572113665
lung,3265,0.001624433894255974,0.00541956346359726,0.000548634014690343
lung,3266,0.002395287444869267,-0.006846497314890241,0.005680852455065953
lung,3267,-0.002238626170145743,-0.001831655360142968,-0.002881898044840727
lung,3268,0.0056473985943330625,0.010241511252262147,0.009688478714414575
lung,3269,0.003506656665572011,-0.002531432384379094,0.008983058265293987
lung,3270,-0.0034814121150179658,0.004095137100575139,-0.006968214584908844
lung,3271,0.0024886519235627256,0.0019312219638892942,0.005113624111372959
lung,3272,-0.011073015468595043,-0.008954542249431346,-0.01589971699538681
lung,3273,0.0020180928868316073,0.006690650982567002,0.009820636345311117
lung,3274,0.004643615460646612,0.012163416566065352,-0.003665377389316022
lung,3275,-0.003665622645021599,-0.008887913157273542,0.005708253194855859
lung,3276,-0.0016254719866801437,-0.004321094495147051,-0.00290138847190279
lung,3277,0.0031592440032809275,0.003304395075711647,-0.0012642049335829706
lung,3278,-0.006481840826237807,-0.0007502887795165225,-0.00597166580569361
lung,3279,0.0005718558237141532,-0.001990254891727818,-0.010006077624417842
lung,3280,0.005620553139118402,0.007012163444059906,0.012028781727450838
lung,3281,-0.0073871796596266985,-0.004129637740432577,-0.01052151760839647
lung,3282,0.0018584015697533003,0.002808756560792741,0.004007107871568096
lung,3283,-0.0012386786900287032,-0.007275121395427547,0.0001066608607662074
lung,3284,-0.0003098045124389955,-0.0027013414157435467,0.0031226846861367543
lung,3285,-0.006547854843786218,-0.00047691200891008135,-0.01324404000178191
lung,3286,-0.0002466034094365799,0.008564354433264245,0.002814185028940939
lung,3287,-0.011949691676171742,-0.002612273027857834,-0.016303508640120024
lung,3288,-0.0018455157612708162,0.0067088746026099655,-0.009449152689436885
lung,3289,0.004626189490778282,0.004370302753045165,-0.0011939872599233585
lung,3290,-0.0032204546393401665,-0.003927542155812138,-0.01009579246798134
lung,3291,0.001225830370413063,0.006662948009009859,-0.003874736650905125
lung,3292,0.008790588268775481,0.014170940763883876,0.01523442331083133
lung,3293,-0.003348338706021516,-0.00860350003651253,-0.011933679091582022
lung,3294,-0.0026171940857112144,-0.0013676236316603843,-0.005887212334809608
lung,3295,0.002808965904917591,0.012330941944590121,0.0049608907974342895
lung,3296,0.014135292744269381,0.01213103353037436,0.013369398643948566
lung,3297,0.0012426083892029167,0.004806687311626858,0.009506838139755438
lung,3298,0.005413524256689552,0.005591660379904134,-0.006447887545108195
lung,3299,0.004464804529088364,0.010336750082148061,-0.0024367647229777785
lung,3300,-0.000751363882601617,0.0075791672900764875,0.004847904825174544
lung,3301,0.0028308080013771295,4.171162787502047e-05,-0.004348077165748171
lung,3302,-0.003348338706021516,0.0001473979929238014,-0.0023163268161994306
lung,3303,-0.006789411444394128,-0.003322900636732675,-0.006067772609362115
lung,3304,0.006834056870018063,0.002847804296112061,0.0078063730988653475
lung,3305,-0.010227587254243728,-0.0004581694176739124,-0.013070179696138318
lung,3306,0.003372857918946842,0.008769995925488744,0.0034616501422870447
lung,3307,-0.004815823387301789,0.0002137148091472165,-0.009689694226989055
lung,3308,0.00013814175538838977,-0.004590002408053323,-0.006599010879054984
lung,3309,0.001012973355401986,-0.0002428399806941779,0.004361135714864989
lung,3310,-0.0049768065146148606,-0.0044635234066476015,-0.0023634302957021573
lung,3311,-0.0011762339086179945,-0.0003222112538236548,-0.0023312226632095367
lung,3312,-0.004083663934898424,-0.008714239983577649,0.004763753971199389
lung,3313,-0.00586930523517501,-0.011975882005912403,-0.008888646090458132
lung,3314,0.0049768065146148606,0.010477169545881432,0.011587763930013697
lung,3315,-0.00030269411883916225,0.003611031064235557,-0.008313332427969711
lung,3316,-0.0025376765159932277,6.3792226224481e-05,0.002259418849214314
lung,3317,-0.0014371395813529142,0.0010727994148960287,-0.0004950068579933168
lung,3318,0.0010897269190618304,0.008642548031652661,-0.0008642231121851567
lung,3319,-0.007128197089150458,-0.016186475393525235,-0.004615199259938169
lung,3320,-0.0006277440036265199,-0.0038325976043376195,-0.003704176128716143
lung,3321,-1.7755566930621747e-07,-0.0007136683355878637,0.005157860960924067
lung,3322,0.003832990230402964,-0.002700170217465723,0.008004793393990304
lung,3323,0.001963537690566277,0.00488866673219234,-0.007141399846514046
lung,3324,0.006221558238739905,0.010481837447232589,-0.00040304927819476144
lung,3325,0.004502621218572746,0.0005064126641694993,0.004705372500943578
lung,3326,-0.005740763073026521,-0.0008144220475924946,-0.010395266245743467
lung,3327,0.001119673421090937,0.0007996748543702601,-0.0020713579541456932
lung,3328,-0.0027603592876686844,-0.00012150192269017946,-0.004017562049120414
lung,3329,0.002894769094408306,-8.540926912234403e-05,-0.008959233474588704
lung,3330,-0.004270347187687031,-0.005027441618702028,-0.009231690980351398
lung,3331,0.002411345720716986,-0.005619775548251113,-0.0008388251344026154
lung,3332,0.005499327446180267,0.005547526313609506,0.0024644927476900895
lung,3333,-0.0017522446204311741,-0.0038743483134444185,0.007906970566839783
lung,3334,0.000352075447895589,0.0008943187713435959,0.002010659676678582
lung,3335,0.0027147240174985876,0.002192315227608571,0.007478199314305535
lung,3336,0.005707957233269732,0.002530427932474905,0.009207190415488056
lung,3337,-0.00804198618614609,-0.004023335210347155,-0.01091148880544345
lung,3338,0.0007497629779410023,-0.0010436380083023258,0.001341988003226574
lung,3339,-0.0011042874528579087,0.0016594344730896657,0.006918289203396626
lung,3340,0.0007907324222013179,-0.0033761458911801545,0.01190736669433215
lung,3341,0.006952399862968926,0.0026394287115902955,0.0032549190962491707
lung,3342,-0.002395287444869267,-0.0047443388946041744,0.011399037509143329
lung,3343,-0.0028550914603827546,-0.005521844148014812,-0.0005400684924401766
lung,3344,0.0004122773502063341,-0.008721846352916462,0.002790471308372779
lung,3345,-0.0035917345174340067,-0.0008855998218040744,-0.0018916804707041952
lung,3346,-0.0048726153445455556,-0.004339497703020306,-0.002551114812845969
lung,3347,-0.00671316950465035,-0.001447437691061473,-0.009963340359769951
lung,3348,-0.005309353709426821,-0.009844249825800039,-0.010831887044443794
lung,3349,-0.001289943402329195,-0.007689671221132224,0.00038618287973732346
lung,3350,-0.000975140328939537,0.003830850395861516,-0.001973126699569422
lung,3351,0.003575335850882997,0.0026474232812392453,0.00039258855359755596
lung,3352,0.00029718321087395433,0.0009572710134401845,0.003428763350708621
lung,3353,0.0008456057700206206,-0.004591511868576176,0.004741558738648853
lung,3354,-0.012942451867626983,-0.020020299211452958,-0.011011263277965488
lung,3355,-0.002031543461871982,-0.007049971847100943,0.004782446471804767
lung,3356,0.0060841532961923945,-0.0031000612665635077,-0.0012887232871319296
lung,3357,-0.0008932831756011025,-0.003642997541105336,0.0017116069641962641
lung,3358,0.004924608544601851,0.003292655688573185,0.009016855822134138
lung,3359,-0.001787422312830772,0.0031353091067781447,-0.004641951811987391
lung,3360,-0.0008308383941903937,-0.005825521643103043,0.003044826663713557
lung,3361,0.0036041865973593843,-0.0038894179736755816,0.004020762290423446
lung,3362,-0.004294638853479554,-0.0026142414823700404,-0.0035348244735761056
lung,3363,-0.004294638853479554,-0.009608815182149278,-0.010043237963120167
lung,3364,-0.007183070436969761,-0.0009561433655993958,0.0015058047092112352
lung,3365,-0.0006123580353934918,-0.003120312902345148,0.00014213593820528814
lung,3366,0.00309092008042125,0.007160134332199429,0.0030958028669346624
lung,3367,-0.004152041154520808,-0.007650630715665694,-0.009846732285036547
lung,3368,0.005917368736057092,0.007457737927216999,-0.004506347775455231
lung,3369,-0.0036949890708992406,-0.001811619485759373,-0.009271301784776375
lung,3370,-0.002861920196522307,-0.004402289387682215,0.002633290762722442
lung,3371,-9.406433174969735e-05,-0.0039927047713904555,-0.0001893341188469085
lung,3372,-0.006002378644171459,-0.0017420994356787765,-4.839544046039701e-05
lung,3373,0.0007259829360645453,-0.00815867253404833,-0.001585194315227606
lung,3374,-0.004643615460646612,-0.0034362466396312963,0.0012619860329556587
lung,3375,-0.00285349055572214,-0.006303635601786178,-0.003674124806912436
lung,3376,-0.0017268636738941023,0.004156357912632701,0.0013592211650315933
lung,3377,0.0017187431275197858,0.0016271612546884529,0.001159575241965129
lung,3378,0.006088181833662175,0.006004660749926403,0.012550826235240797
lung,3379,-0.00359476455978879,0.005463513744585988,-0.00829403083191585
lung,3380,0.0009379286012250373,0.0026842167977457108,0.0014829146586203732
lung,3381,0.0008539146360014016,-0.0010800182251177088,0.0007651224126611992
lung,3382,0.009322211461070198,0.008943826651368142,0.0059918833514634
lung,3383,0.0027603592876686844,0.00925705634478723,0.01444793882512562
lung,3384,0.0037672959896958382,-0.00014463735151895628,0.007467311715378279
lung,3385,-0.005495397747006053,-0.005593521251821341,-0.0019745697579229746
lung,3386,-0.003156378567208675,0.003340318489909871,-0.007146208546854669
lung,3387,1.7619862515703504e-05,0.005038032377041951,-0.0023336788358596927
lung,3388,-0.0013588886239368214,0.004572273470678743,-0.00018870389923211772
lung,3389,-0.0014900240875163524,-0.004108332260067561,-0.0019588049724872103
lung,3390,-0.010111503270365188,-0.013960052850372839,-0.0112150928012483
lung,3391,-0.0013684650291564497,-0.0024036136934820857,-0.0010812306690012783
lung,3392,-0.001716414333006187,0.0016908799330994002,-0.004583381993340861
lung,3393,0.00701049331140897,0.006811250381940924,0.012717622603102765
lung,3394,-0.00836069926284034,-0.01594639119367024,-0.0009277148201717591
lung,3395,-0.004063310175067013,-0.00021476059505936207,-0.0019954010847893964
lung,3396,0.002167981205581935,0.00787578811598691,-0.0074597906188127
lung,3397,0.007253014153692385,0.007327409555505399,0.014131720946170332
lung,3398,0.000783973471503043,-0.0023922701476851993,-0.010895119986838554
lung,3399,-0.00037177513852699556,-0.0009326738701610031,0.004926807360480502
lung,3400,0.0027463063030826926,0.0052351384930781715,-0.00469485967560602
lung,3401,-0.00047793208784912183,-0.0027295117634180965,-0.0025911344778715615
lung,3402,-0.006055332935776175,-0.01007233756702285,0.0005183107147338217
lung,3403,9.812982900411771e-05,0.0011411937851176501,0.00413920994908563
lung,3404,0.000718514984715618,-0.0011648546004242495,-0.004595720208624208
lung,3405,-0.006055369895560815,-0.012568266492029717,0.0018290744843871562
lung,3406,-0.0001443761592886672,0.008716534174507897,0.005881184685483422
lung,3407,0.004626189490778282,0.0014051109623343014,0.012307701752633748
lung,3408,0.001632939938029071,0.006257804653298828,0.00023643322978338555
lung,3409,-0.0080797822528239,-0.008324734433460296,-0.01198756222772852
lung,3410,0.003140583888061127,-0.0029247116048585304,-0.00388274222174879
lung,3411,-0.0035359673112832966,-0.004971724467930974,-0.0038443217539073558
lung,3412,-0.007005354154573641,-0.008103282922528644,-0.009868369732845595
lung,3413,0.006733523264481761,0.00512065066371271,0.014690051593323289
lung,3414,0.0023312787185825836,0.009452117676231544,-0.009236815490827638
lung,3415,0.0034980296480372577,0.004208680726582731,0.0034631454038219303
lung,3416,-0.00671316950465035,-0.005738796549223038,-0.007575809046315654
lung,3417,0.0030446574131586337,0.0035479859477890357,0.009362932144267191
lung,3418,0.001428512563818161,0.009670370725214622,-7.929793645410532e-05
lung,3419,0.006756599506292769,0.011361282647319717,0.006219224682862318
lung,3420,-0.0065820653373482585,-0.002514969846468475,-0.0069216673006731455
lung,3421,-0.004568096042338238,-0.0052857540419080735,-0.001705080464066283
lung,3422,-0.0032172345387194248,0.00333299676161028,0.002279216456145492
lung,3423,-0.0004917518617951108,0.0016332459560385038,-0.001975223688896586
lung,3424,-0.003783965637972462,-0.009984696174959054,0.003094741154505485
lung,3425,0.0035241195952249818,0.0030017108053349653,2.2100965664674684e-05
lung,3426,-0.008245774345147625,-0.0049254523223241364,-0.005331508626440152
lung,3427,0.0010852433144139435,0.0088022030696595,0.0011740355377541458
lung,3428,0.004557849230940538,0.0014481948848541573,-0.0027394549113994218
lung,3429,-0.010154242243022962,-0.004116170226385894,-0.01560952376027605
lung,3430,-0.0024580513523336143,-0.00545306673119649,0.0026824451109762333
lung,3431,0.004501017761687866,0.0014175599499852603,0.008262328464443497
lung,3432,-0.0016504192046601085,-0.0025521352399200856,-0.005725524843933821
lung,3433,0.007195219520813857,0.010478957974391754,-0.0031648916720696347
lung,3434,0.004214815735456022,0.005230286520465024,0.003966107080547464
lung,3435,0.001656016179840079,0.004693764740374334,-4.1230184695326914e-05
lung,3436,0.003739586248645168,0.012864584269845205,0.00817064641947395
lung,3437,0.011716762093098585,0.008511908492387485,0.023965531172908124
lung,3438,0.0004772282877836727,-0.003086850634640268,0.0013882495395577676
lung,3439,-0.0005578028391281612,0.00806847627699071,0.006534117209141349
lung,3440,0.004283744620085582,0.0091108421511401,0.006796742449297871
lung,3441,-0.008790588268775481,-0.008092626434226268,-0.009822600158597566
lung,3442,0.0003149436692743239,0.00025761911992232733,0.006895499211946293
lung,3443,-0.001363831529916787,-0.0038064931955143024,-0.0005652540310994806
lung,3444,0.0017499399157051103,0.0015351510075536832,-0.0039116940750797136
lung,3445,0.00016910908592664606,-0.0005836876817136756,0.006369168132846649
lung,3446,-0.0057773355855316455,-0.0010956518078734934,-0.0029948510029813116
lung,3447,0.0048019703799817475,0.00010519987915986496,0.0003909596042959056
lung,3448,0.001963537690566277,0.0021465556923014424,0.0014271312465971115
lung,3449,-0.005228798047284665,-0.00576180145626512,-0.006134147442516956
lung,3450,0.0060415131618301865,0.009673614516000009,0.01017781241362517
lung,3451,0.005810184483417645,0.0035348767048463963,-0.003563691356459813
lung,3452,-0.009880174591952645,-0.0018137311066780126,-0.004611740532478953
lung,3453,0.002682193271166561,-0.002561723616503299,0.004216235194863795
lung,3454,-0.005203196760104695,-0.016547242903351182,-0.013178534448468995
lung,3455,0.003266700969624716,0.007723750524638593,0.004948453490953067
lung,3456,0.0018415860620966025,-0.0010835429795294598,0.004614343240049473
lung,3457,0.0063329079444732666,0.005043339572663554,0.01106918343839396
lung,3458,0.0016583208845661428,-0.00373938430380763,0.002204847317916638
lung,3459,-0.00805974664454646,-0.006479911084263536,-0.016945316514656462
lung,3460,0.004812217191379448,0.00866899378272972,0.0005580067984911159
lung,3461,0.0009285065636544428,0.01230557271407302,0.004111253860939884
lung,3462,-0.003975888817000663,-0.0026932983557777417,0.01105933977775454
lung,3463,-0.0014900240875163524,-0.00028265526650103623,0.004517791412946106
lung,3464,-0.002395287444869267,-0.006249650589080456,0.0035274556869915783
lung,3465,0.004724527859414694,-0.0008664923124308086,0.014521875322992216
lung,3466,0.0023690747852603924,-0.0024580227457941255,0.004348672723437558
lung,3467,-0.0034383164057342672,-0.0041559744053041026,-0.0036895795785518255
lung,3468,-0.0017834926136565583,-0.004805573860284101,0.004389858257024824
lung,3469,-0.0011837864530070685,-0.0033150158279430706,0.005553366181436305
lung,3470,-0.0029949936055187567,-0.00039850035888656455,0.00018755169060253717
lung,3471,-0.002640149353760566,-0.007054348128815993,-0.0031531855040202264
lung,3472,-0.0015674814512416462,-0.007605570501192751,-0.004132345779707623
lung,3473,0.0012909707056465158,-0.0011243113339743462,-0.0011782391338222287
lung,3474,-0.0006639597884502876,-0.004081831640332277,0.007785700296781596
lung,3475,0.005405403710315236,0.0020031991723399594,0.014242591870316446
lung,3476,-0.0017405178781345159,0.0006698688740546519,0.003394658178870663
lung,3477,-0.004829680121032419,-0.009890090553317549,-0.00825388524165698
lung,3478,0.004629795686700623,-0.0044435523075238475,0.010324019541671104
lung,3479,-0.01134708311966536,-0.0070756770666385955,-0.012289215843024958
lung,3480,0.010078654372479188,0.011012809824168274,0.011649705517970056
lung,3481,-9.410129153433755e-05,0.004794372804595243,0.0010246842094619364
lung,3482,-0.004218745434630235,-0.0046820760515017545,0.002849343774589795
lung,3483,0.005058680004931361,0.005648980782843861,0.0005759959524326373
lung,3484,-0.0030807967950094717,-0.010048265444853367,0.0006137699241035854
lung,3485,-0.0013812574997851175,-0.008128839737378999,0.007068402585446766
lung,3486,-0.0042499934278556195,-0.0015108216917395592,-0.002274923314139745
lung,3487,0.0028054270548400575,-0.003624453944856674,-0.008275133488022104
lung,3488,0.00608255239153178,-0.00016380511946618471,0.011328123991417277
lung,3489,-0.001210444402180035,0.005416787534780874,-0.006604532306911853
lung,3490,-0.007823109587658925,-0.007755255817829866,-0.010857944286149102
lung,3491,0.003842059086412506,-0.009099680797345883,0.007449152852548463
lung,3492,0.009332458272467897,0.01138528347221839,0.010776113195581333
lung,3493,-0.0013309826320307878,-0.010097793623025441,0.0035861058953447766
lung,3494,0.0004569309060214373,-0.0031357579979253607,-0.0016689129362051638
lung,3495,-0.005336218053843812,-0.009567644474815682,0.004473567570911764
lung,3496,-0.002919502021046285,-0.006014086677282973,0.0052655455846856054
lung,3497,-0.007146857204370259,-0.01036793573281424,-2.1880016369833603e-05
lung,3498,0.005186527111828071,-0.0024975618251784166,-0.00316517559170155
lung,3499,0.001210444402180035,0.001195282575236924,-0.0016080113677079124
lung,3500,0.0032066534349630047,0.007105293874603763,0.004039291518926394
lung,3501,0.0019426038545834006,-0.002621252477270565,-0.0020296840717790674
lung,3502,0.005593636679444079,0.004873859918975848,0.007085498949909036
lung,3503,1.4059588466600972e-07,0.0014310568885479344,0.004170201382352699
lung,3504,0.0010897269190618304,-0.008175802977013988,-0.004080749758709599
lung,3505,-0.0020040399022456155,-0.0017213760393857416,-0.004648859484034642
lung,3506,0.0022605433457709248,0.001691076546040328,-0.001875755906024059
lung,3507,0.012723575269139817,0.01865473736375538,0.012392459384930266
lung,3508,0.0018607303642668993,0.005477164404530008,-0.005728144922190971
lung,3509,0.005203196760104695,0.006421675392340055,0.008445998998843157
lung,3510,-0.0005846482943428211,-0.0003368393790193029,-0.003811650856917065
lung,3511,0.006871487464200844,0.010490970526588437,0.007990272965197118
lung,3512,-0.0031830240451573844,0.0035426219312941487,-0.010931788124776732
lung,3513,-0.003724231772862898,0.009158291569339625,-0.007731618318827469
lung,3514,0.0027225262612062353,0.002961209494606996,0.008824422063712561
lung,3515,5.3131847274022016e-05,0.0017735271361424185,-0.0033335562174355944
lung,3516,-0.00013814175538838977,-0.0021801949286638644,-0.012079312734267295
lung,3517,-0.0040987317515774795,-0.010218119101534463,-0.013860310028981537
lung,3518,-0.00888581349583679,-0.007229408700732622,-0.00640811628739075
lung,3519,-0.005939285911682274,-0.0033406739041516864,-0.01691332799132251
lung,3520,0.00494259602105282,0.005475713662578069,0.007631203592585392
lung,3521,0.0037859314172252836,0.012445247573830281,0.0021740141598386533
lung,3522,0.0017827888135911092,0.008315949261459796,-0.005752254176115366
lung,3523,0.0009298080548507207,0.00032443758708852743,-0.00040009110025819117
lung,3524,-0.008284805843991022,-0.013030020859893753,-0.01624133417283255
lung,3525,0.005595237584104694,0.009573890642144747,-0.00046668918650874525
lung,3526,-0.005336218053843812,-0.01069602135652491,-0.005349586919472561
lung,3527,-0.006376337946115686,-0.006433662495467682,-0.0030378283004887556
lung,3528,-0.005475027650196575,0.002473148974213386,0.0038906666536607524
lung,3529,0.0060841532961923945,0.010070405870098397,-0.0025421245007222855
lung,3530,0.0037807922603899555,0.002759664565418772,0.0034394466300838034
lung,3531,-0.006960829503769093,-0.008848301979104644,-0.0075398761463105115
lung,3532,0.0034988380848862966,0.001615468499746429,0.0003524963033434323
lung,3533,0.004470427872874189,0.003586363280818211,-0.0007980061865995036
lung,3534,0.0008420669199430871,0.00027119658165818594,-0.006916688548792876
lung,3535,-0.0006327117952249032,-0.0017249292297704388,0.0031917861052282726
lung,3536,-0.0005637352773398366,-0.0037884234116089266,-0.00584236401695625
lung,3537,0.006135436897695218,0.0049737773278482516,0.014838992967444278
lung,3538,-0.0015916219561546152,0.0005177255810863237,0.0076002806997814976
lung,3539,-0.003287514030788206,-0.0014081193778622545,-0.012141843829047991
lung,3540,0.0016977419456921012,0.005459319282417653,0.0010664901112438876
lung,3541,-0.001507784545916722,0.00525298316529126,0.008864764808144826
lung,3542,-0.008757739370889481,-0.009280148160779498,-0.006852301230089221
lung,3543,0.004713596137153876,0.002264857811758086,0.008016134595443192
lung,3544,-0.0016622505837403563,-0.00043033157289352553,0.0015565704428137557
lung,3545,-0.0016938122465178878,0.0011093050963386735,-0.003954927235335591
lung,3546,0.0049958684642115074,0.010115495438052503,0.014361562768068836
lung,3547,0.0011259590408636648,0.005002570165771926,-0.006668098338500507
lung,3548,-0.0005308863794538377,-0.0059812969196246695,0.0031877144697348057
lung,3549,0.003637035495245383,0.0025848159784587306,0.00785027341082566
lung,3550,-0.004323301479291747,-0.014523546232920246,-0.0028309313747054794
lung,3551,0.002682193271166561,-0.005940539316192844,0.0040120924262754725
lung,3552,-0.0009925826357859342,-0.0018264237163374644,-0.008171975637032544
lung,3553,0.0007246814448682674,-0.00021859968874357594,0.0006169734965930003
lung,3554,0.00586930523517501,0.004477694930233506,-0.008487783448143557
lung,3555,0.004968649008455904,0.011015863740329767,0.006081965943936479
lung,3556,-0.007183070436969761,-0.008440363895371127,-0.0016605371019527883
lung,3557,0.0027427001071603507,-0.0015848734652977965,0.006645564967950554
lung,3558,-0.0011410105205646541,-0.0008659051590345543,-0.012381082202804917
lung,3559,0.0007010890148472874,-0.002049192532488818,-0.0038635349914071713
lung,3560,-0.003082490439621083,0.0068181952213643895,-0.0012169817408124821
lung,3561,-0.001439444286078978,-0.0058059496806687665,0.004514538917632084
lung,3562,0.00987857368729203,0.016030859709197775,0.018879976463751863
lung,3563,-0.0037169062465244227,-0.007856446851078511,-0.00487860489211379
lung,3564,0.006977644413522971,0.007621001128102979,0.014112477606385575
lung,3565,0.0008946303624511228,0.000804528611924991,-0.00483566722178803
lung,3566,0.004653899231828952,0.003563012365913729,0.005072488069015603
lung,3567,-0.0073679390713851005,-0.011574815302525455,-0.015380285981543035
lung,3568,0.003927918653972397,-0.00260524179389629,0.005089617299561764
lung,3569,0.0029969963445562187,0.0034224529294447545,0.003905103548723615
lung,3570,0.003062136679789671,0.0051492192030195005,-0.0042678267589415595
lung,3571,0.003836919929577178,0.007626976804102191,0.014185638444589246
lung,3572,-0.004584494708889247,-0.0009523933547194254,-0.0023454014064906528
lung,3573,0.0004917888215797509,0.002306255599540369,0.011873035573210575
lung,3574,0.0025162011788428342,-0.0006921211938288414,0.012183902445229128
lung,3575,0.012803446020418857,0.009065135513465966,0.007860818052966428
lung,3576,-0.011071414563934429,-0.007281357689409415,-0.006152820726557586
lung,3577,-0.006352693702319436,-0.005245639252441675,-0.006387577946534763
lung,3578,-0.0043249023839523615,-0.004440378582033028,0.004864139142268289
lung,3579,-0.0005009713698754895,0.006804407945818056,-0.007942441891659408
lung,3580,0.00204166674728376,0.011613716613275362,0.007166214980786299
lung,3581,0.0041797139357868385,0.004783604281243831,0.007865996576948706
lung,3582,-0.0032297296767740125,0.0006195437393068659,-0.000592319327785723
lung,3583,-0.009252587521188857,8.483112712505056e-05,-0.008176787641623226
lung,3584,0.009963075385586467,0.00893484844480516,0.02314346945284232
lung,3585,-0.0006277440036265199,0.004302011370320796,-0.0015206552376807552
lung,3586,0.0028908393952340925,0.00024092613793553607,-0.0011043109907165707
lung,3587,0.001507784545916722,0.004271506471864296,0.0074314960572388535
lung,3588,0.005271537019942439,0.010077527744743492,0.014272939796402272
lung,3589,-0.0018180122016444495,0.0033928846788533196,-0.0009680141121833074
lung,3590,0.0027801825042860127,0.006715843948503081,0.005459062671221121
lung,3591,-0.002776117007031592,-0.005730920923007707,0.0038860075658180187
lung,3592,-0.007883631266810956,-0.014549898171084921,-0.01012272456920955
lung,3593,-0.004422570553416411,-0.013992991108169789,-0.00810761315895811
lung,3594,-0.004896898803551181,-0.004258153510557833,-0.007969250557956303
lung,3595,0.002654165378561918,-0.0033211435677598196,0.001598783195030327
lung,3596,0.005781265284705859,0.001053121121264147,0.011340685268630496
lung,3597,-0.010766777834085759,-0.015448478645057948,-0.016733199198974875
lung,3598,-0.005622154043779017,-0.0069041639142589555,0.0005596034777395256
lung,3599,0.009128670113466361,0.006729055387752212,0.0012805027538131675
lung,3600,0.0078760953717144,0.011681819560146125,0.0036272510024107094
lung,3601,-0.01314253255281414,-0.014835417771982487,-0.0019024608705738768
lung,3602,0.005309353709426821,0.010486550880271422,0.008533570824659081
lung,3603,-0.0013385185271273432,0.0022042178857237154,0.0030610995706870743
lung,3604,-0.010617844952321218,-0.01070136603605699,-0.010065998112666053
lung,3605,0.004204888700899606,0.01197029297122601,0.005644105262712279
lung,3606,-0.006873088368861459,-0.004794533903497368,-0.016983763493411807
lung,3607,0.005413524256689552,0.00410151346348415,0.010070812876748481
lung,3608,-0.0016294016858543574,0.0038118831723937168,-0.003128875190284199
lung,3609,0.0030992126094239645,0.00813039715042523,-0.004504424318742104
lung,3610,0.0035241195952249818,0.0011582045791639997,0.006504844313426137
lung,3611,0.0023415255299802837,0.003005063818803102,0.0015329215760924815
lung,3612,0.002913184908822799,0.004146733230907853,-0.0030095582230380467
lung,3613,-0.0032421817566993896,0.003647440331785166,0.006163441989149598
lung,3614,0.004908127329303874,0.008450863742154932,0.008759825032643304
lung,3615,-0.007953589695224333,-0.01689581536234081,0.0005445822804542779
lung,3616,-0.005975462184497136,0.0014941771090744658,-0.007433263869816012
lung,3617,0.00029718321087395433,-0.009843845001198679,0.0072239202632235575
lung,3618,-0.004749772409968739,-0.0046924478606167426,-0.008190443144564621
lung,3619,0.0007497629779410023,-0.002184491745607818,0.008092360420025785
lung,3620,0.005475027650196575,0.0022539491217525944,0.0009484620736434721
lung,3621,0.006727899920695936,0.003944747555120762,0.00818466357155879
lung,3622,-0.007600426815983469,-0.002870281489930432,-0.017813465030666914
lung,3623,0.006932046103137514,0.010862060205398103,0.0014243969827147096
lung,3624,-0.003713984961465198,-0.003498096141490964,-0.007270114861176485
lung,3625,0.0024985419983345005,0.0003972722835031599,-0.006348875907763313
lung,3626,0.0010457852935033447,0.005047705181316059,0.005146010816029657
lung,3627,-0.008235527533749926,-0.010519403380417763,-0.0162665902691198
lung,3628,-0.0037429961937121468,0.0024593806878267046,0.0006351594434069277
lung,3629,0.005457564720543605,0.006938717370147646,0.007314621151235073
lung,3630,0.0069211518697435415,0.007012899964821934,0.008694023593154548
lung,3631,-0.0011762339086179945,-0.001955227210642091,-0.009265859091610307
lung,3632,0.0033752551656958396,0.005830535123075584,0.0013221077171264215
lung,3633,-0.0050064820349183525,-0.004905608257917203,0.003745281382182228
lung,3634,-0.004442924313247822,0.002995962922983107,-0.007477962302764105
lung,3635,0.0003405271453016112,-0.001046124697368413,-0.0018883364110003817
lung,3636,0.001753546111627452,0.00810756467926213,0.005537991997202998
lung,3637,0.003830388722185024,0.008336674857035386,0.001777241273615606
lung,3638,0.002979235886155849,-0.0031296088344129618,-0.00041717958315123016
lung,3639,0.0078658485603167,0.008344708122557562,0.011352651030207578
lung,3640,0.011730815077684578,0.016669213811200206,0.0021870590555290274
lung,3641,0.005100723922337356,0.0020172661106347507,-0.001081033599181186
lung,3642,-0.0043758649217997825,-0.0038639683190727914,-0.004175363614242746
lung,3643,-0.0016102573836840606,-0.003006034908276843,-0.0019812091755744368
lung,3644,0.0013309826320307878,0.00237404658814432,0.0014800847158793946
lung,3645,0.005377693969264565,0.0012777276601457126,0.012073879127260257
lung,3646,0.0032769477810224157,-0.0028945568646803104,-0.0019379874530639218
lung,3647,-0.0034980296480372577,0.0029795447321251116,-0.00727961440389734
lung,3648,-0.0027071717854239654,-0.0028317736654273895,0.0014626857100179616
lung,3649,0.0015685457143436072,0.007523673086422535,0.006683874377369993
lung,3650,0.002395287444869267,-0.005693404021102438,-0.006265050937191494
lung,3651,0.0035241195952249818,0.00957312616895877,0.007477598162064678
lung,3652,0.0005020356329774508,0.0021254204209095275,-0.0061573034925301775
lung,3653,0.0061338171038322715,0.014440603140194064,0.014442809953794905
lung,3654,0.0001660477472944233,-0.002185122463338879,0.006731509861784289
lung,3655,0.0018205685432908514,0.0072339410455713364,0.005767688669369858
lung,3656,0.0024985419983345005,0.005248823545670606,-0.0016389985789426096
lung,3657,0.006657941492282558,0.003951806796652626,-0.0003589805594866966
lung,3658,-0.0017268636738941023,0.0035170532137757575,-0.0069884369511079665
lung,3659,-0.004172076762798248,-0.0057843517395102795,-0.001743804334683676
lung,3660,-0.011424577443175293,-0.009357149822345284,-0.004772647550468402
lung,3661,-0.008654484817424249,-0.004963997220273048,-0.01108275724553882
lung,3662,-0.0011145342642556084,-0.0037533916292341136,-0.0038048842129074873
lung,3663,-0.0007924031123032101,-0.004748613748947574,-0.007763395429941616
lung,3664,0.0029234317202204985,0.004562483822059288,-0.006295793311487838
lung,3665,-0.0034855775681118806,-0.009359791071002998,-0.0004850460723515304
lung,3666,0.00047793208784912183,0.003009249731414245,-0.0007979843973735246
lung,3667,0.003907883045694958,0.013873496581645762,0.0006036022102863343
lung,3668,-0.0011145342642556084,0.00570889337208629,-0.00030593031036780605
lung,3669,-0.004590661169041897,0.0006293613933786302,-0.006363532892452904
lung,3670,0.009877272196095752,0.007313798956635651,0.013058779457761025
lung,3671,-0.004063310175067013,-0.012552610133360759,-0.007800335122543088
lung,3672,-0.0032421817566993896,0.0007551267095266636,-0.0013766730578907889
lung,3673,0.0033752551656958396,0.0005547851295739001,-0.0038038332924555662
lung,3674,0.0005846482943428211,-0.003648424471181309,0.002230591070921652
lung,3675,-0.0017565761539822349,-0.0023619466217444283,0.005829513685133653
lung,3676,-0.0027929749749146804,-0.0037967499766204853,-0.003373730218483482
lung,3677,-0.003222055544000781,0.001081789925455092,-0.01272155630086753
lung,3678,-0.00608255239153178,-0.008474089294836331,-0.011365133213210912
lung,3679,0.0021804763436365227,0.0006962746719079982,0.00889650889561101
lung,3680,-0.0036508922289760124,-0.0018483655608099263,0.0065621459857074325
lung,3681,0.0032020199357233417,0.00397024121127242,0.007203880212671829
lung,3682,0.0005351818634375302,0.0051657579121167545,-0.0009998980947157252
lung,3683,-0.007323293645761166,-0.01235447818676243,-0.00857333108185786
lung,3684,-0.004470427872874189,0.004911137627145892,0.00943520087316499
lung,3685,0.0027071717854239654,-0.0059783238722507705,0.004740880993752111
lung,3686,0.0013316691681812172,0.00674920889011298,-0.006208796769760985
lung,3687,-0.0025138964741167704,-0.00790671978396996,-0.0064673750409564666
lung,3688,0.0018584015697533003,0.0010126885509039452,0.0042610038560852714
lung,3689,-0.0035888321215771144,-0.0019674314629423246,-0.0029724704242848994
lung,3690,-0.00043657714619002586,0.004045963852344024,-0.004684383481037696
lung,3691,-0.000682955679016245,-0.004187818059884321,-0.010353640648003972
lung,3692,-0.0016345408426896857,-0.007683547416423474,0.0003247295948619702
lung,3693,-0.0037672959896958382,0.004627932479505686,-0.014534611854569918
lung,3694,-0.00257445511305344,-0.00818459796185512,0.0036829997467682694
lung,3695,0.0019188238127069435,0.0020477403893990795,0.004396521021152983
lung,3696,0.0016993601142677357,0.003014223769672706,-0.004267264541647489
lung,3697,0.005784803536880573,0.0017661525610816369,0.002986092619040361
lung,3698,-0.006176257260928529,-0.005944115659511723,-0.008740919588230358
lung,3699,-0.0019754527524693997,-0.004876836657779151,-0.0027624669352591022
lung,3700,-0.0015876552971957614,-0.007446177504958028,-0.0035416053284427484
lung,3701,-0.0034028044209759487,0.005598637787696398,-0.0009405064736691766
lung,3702,-0.0036797744679031574,0.005668771024944832,-0.0016535371967365078
lung,3703,0.01053797420104218,0.011111071474622324,0.0064968940809606674
lung,3704,0.0027427001071603507,0.0021561624549687373,-0.0037325770079098637
lung,3705,0.008651582421567355,0.012685657905275049,-0.001269710286240908
lung,3706,0.008124886979779913,0.009274674611329053,-0.005063993166591275
lung,3707,0.0034507745840042145,0.0034639522816500385,0.0012418647870933073
lung,3708,0.006932046103137514,0.00043534904601896796,0.009755924821261187
lung,3709,0.003000926043730432,0.0007831424184111813,0.015124415366065486
lung,3710,0.00036593218162621805,0.0009120861078325455,0.007996277286030909
lung,3711,-0.0008420669199430871,0.004097030261263244,-0.0007645424771555073
lung,3712,-9.812982900411771e-05,-0.005158540261289248,-0.0012598284745934847
lung,3713,0.004296239758140169,-0.001823147591816815,0.0075390419968786315
lung,3714,0.0010440855505471636,0.005842573100078824,0.007871625185574337
lung,3715,0.007165273018784751,0.005509575026439774,0.004892154197193957
lung,3716,-0.0033097966789084146,-0.0004062940127002681,-0.011288118069874148
lung,3717,0.002175533437656557,-0.0015141381135168699,0.011556818510334752
lung,3718,-0.009692545986690865,-0.014565352768913731,-0.008673439533592092
lung,3719,0.007136610392972559,0.012025084489102139,0.014577776371661272
lung,3720,-0.006673007683674302,-0.010478134248049008,0.0013831272162271773
lung,3721,0.0015193150373580173,0.003467214444384294,-0.005140024088149611
lung,3722,-0.0018383659614758612,-0.00649004881640855,0.003452700939318607
lung,3723,0.003713984961465198,0.006348230904857042,0.004522792206379106
lung,3724,-0.003090903743443183,-0.0028750149234689493,0.0016096025643040448
lung,3725,-0.00336500835429814,-0.0012540315058189775,-0.0009896755258471577
lung,3726,0.0007220532368903317,0.004339552169980637,0.0076236224889564734
lung,3727,-0.0057773355855316455,-0.011826342159265434,-0.0070987473716632625
lung,3728,-0.0008436867138060337,0.003258263724610106,0.005380711006284761
lung,3729,-0.00180021478345944,0.00881161040972107,-0.009235651202105963
lung,3730,0.006524074801909761,0.002931368864648926,0.0077970772395257095
lung,3731,0.00987857368729203,0.008747067298338768,0.010340950514222227
lung,3732,0.0037688771984868328,-0.00043465389983148505,0.002397306224266954
lung,3733,0.0035569315333263407,-0.005756759011985293,0.004329184074407845
lung,3734,-0.002440588422680643,-0.007798911603056541,0.0017850876540776903
lung,3735,0.0024643684645571005,-0.0011374631546264926,0.0059993782817995
lung,3736,0.0005148281036061186,-0.0020907908249488314,4.70852530912817e-05
lung,3737,-0.009072542444279139,-0.007185069968943589,-0.014767233574794878
lung,3738,-0.0032775869962317905,0.00012461754174348605,-0.003131398959989882
lung,3739,0.0061328272592861095,0.0020566060864835685,-0.00031100778276973995
lung,3740,-5.302510204810429e-05,-0.0033380941242563134,0.0036320175034935953
lung,3741,-0.00043495735232707927,0.00013591298595782192,0.0027560740229095513
lung,3742,-0.014029135794947254,-0.018109459857945476,-0.018732354149137032
lung,3743,-0.00363683924439002,-0.005121040916118544,-0.0027719497279109218
lung,3744,0.0032447380983457916,-0.004539133661162384,0.00815334054660602
lung,3745,0.002770606099066384,0.0075007514251194205,-0.0014811523178440054
lung,3746,-0.002042475184132799,-0.006001909618375869,-0.006507595940107663
lung,3747,-0.0012905114043144372,-0.0025417282029175274,-0.006153184118443816
lung,3748,0.0017187431275197858,0.010195286930041228,-0.005244067654098489
lung,3749,0.0016051182268487323,0.0010012278813917401,-0.003022676769629593
lung,3750,0.005704027534095518,0.01025874115071269,0.010847385127120829
lung,3751,-0.00359476455978879,-0.006843180797060154,-0.004141494284165391
lung,3752,-0.006097603871232769,0.0011156602309561519,-0.0010992508567747679
lung,3753,0.0007497629779410023,-0.0013409291511139363,0.003992565216679465
lung,3754,-0.005707957233269732,-0.008274908812696113,-0.01591250936883784
lung,3755,0.0011509375551210694,-0.0009173121525381802,-0.005167337175987488
lung,3756,0.014029135794947254,0.02263168680806385,0.026413585175085415
lung,3757,0.001983573298843716,-0.00939349285157486,0.005060005423933339
lung,3758,-0.0018383659614758612,-0.0012583699412682023,0.00014123197670130416
lung,3759,-0.0033321594564121406,-0.0033473212833552515,-0.0012272411443408904
lung,3760,0.004924608544601851,-0.0003193083430680088,0.01114803788523136
lung,3761,-0.0005246007596811098,0.001569023395532674,0.005342417325174163
lung,3762,0.0027212247700099577,-0.0007836376108581178,0.014780611433077417
lung,3763,-0.00035077395669931105,-0.0008541024913297131,0.0069667513208538645
lung,3764,-0.002857990497348093,0.002588252823171461,-0.008770503883112337
lung,3765,0.0023154166935902276,-0.0013636772718067978,0.0021634534800261582
lung,3766,-0.002495847419011423,0.002522580966217538,0.0014764405073510452
lung,3767,0.0045150732984981234,0.009444828672445438,0.0012563228299523519
lung,3768,0.000778546378572581,0.007269544104032383,0.007482140769369011
lung,3769,-0.004664006180262664,-0.010770582951000057,0.0029248691061952064
lung,3770,-0.0023555785145662755,-0.0033635207359233588,0.005449878991519931
lung,3771,0.003879855153090315,0.002317671036011391,0.006793613037676477
lung,3772,0.003724231772862898,-0.0049704066000486324,0.0031878253288937326
lung,3773,-0.0005427340955121521,0.004451949153400497,-0.0022803051981569087
lung,3774,0.0014055572957688094,0.002446519524297984,-0.001045347973666538
lung,3775,-0.0005570990390627121,-0.004925588562949788,-0.001660688569945825
lung,3776,-0.005242294317978781,0.0036186160158177836,-0.007196244349225768
lung,3777,-0.004538149540309132,-0.0005576082998125977,-0.005343587821386267
lung,3778,0.005475223901051938,0.004169485927569726,0.011675282947971943
lung,3779,0.0012629621490343284,0.006754199498378142,-0.00022940795555193927
lung,3780,-0.00353950556345801,-0.0021896207382696244,-0.002725783204429686
lung,3781,6.425362780079769e-05,-0.004244664536471349,0.0010865786716014736
lung,3782,-0.006241593847017344,-0.003017071934995314,-0.013514863859281717
lung,3783,0.0017441240740568575,0.003012693565925327,0.0015384587440793278
lung,3784,-0.0003304038598898329,0.0019428021910970574,-0.005366908838360024
lung,3785,-0.0027327730726039354,-0.007084191744029994,-0.008490061552385991
lung,3786,-0.0013057380814767428,0.002339656174267115,-9.129809148323664e-05
lung,3787,0.001376314593805152,-0.0018770771390517287,0.006431535397487281
lung,3788,0.0003491541628363644,0.009662844708147999,-0.009710270821278464
lung,3789,0.004626189490778282,0.0007826154063561483,0.016669574476517374
lung,3790,0.0002466034094365799,-0.003207151242452568,-0.008607726388823206
lung,3791,0.0011298887400378783,0.007308371296327396,-0.0014508281824835527
lung,3792,-0.003405706816832841,0.0011622093067124675,0.002730249570819567
lung,3793,0.005369066951729812,0.009276833073293328,-0.00034396626276344145
lung,3794,-0.001146558388314502,0.0016501835448051634,-0.006261887051340888
lung,3795,-0.006756599506292769,-0.0041896479268663895,-0.00830732315115813
lung,3796,0.005062609704105575,0.005294751305522381,0.005841233443531796
lung,3797,0.004760056181151079,0.01067614858591695,0.008259289363369402
lung,3798,-0.011453240068987486,-0.005257990286968449,-0.011979416766860049
lung,3799,-0.004187834482161155,-0.009671944731985155,-0.0051654711173131085
lung,3800,-0.001827434239215044,0.0008927384590833771,-0.010575245574252906
lung,3801,-0.002029214667358383,0.0011913062472594287,-0.004162223834940018
lung,3802,-0.0027473336064000133,-0.01070463591273273,-0.009181441243858399
lung,3803,-0.005256151051709411,-0.003670072609381153,0.003139806917109013
lung,3804,-0.0067210711845563835,-0.003483346765606215,-0.004975014002796291
lung,3805,-0.003031206838118259,0.0009985539489007216,-0.008641673671452308
lung,3806,0.0014293210006671997,-0.003743708950526124,-0.0011279320938338924
lung,3807,0.0033097966789084146,0.003161202222899645,0.004639492542991221
lung,3808,-0.006315481974604936,0.005142899509133556,-0.009399031854567946
lung,3809,0.0029969963445562187,-0.007614828848624291,0.0009438488959868005
lung,3810,-0.006883335180259159,-0.00043018735078976644,-0.010791115155163778
lung,3811,-0.002662829355881311,-0.002948505200509275,-0.00816199239718878
lung,3812,-8.598074516002104e-05,-0.0003337896604835392,0.007347003697508561
lung,3813,-0.005115775402038346,-0.010112442780248282,-0.01499318658579223
lung,3814,0.0020841069043800176,-0.004931806260544726,-0.001700338981195528
lung,3815,-0.006421638923927063,0.0008983428128459996,-0.01579551476380452
lung,3816,0.000982692561014159,-0.007259165600382303,4.0559837654561615e-05
lung,3817,-0.003066620284437558,0.0009120327736024951,-0.0005974104449688136
lung,3818,0.0023431264346408984,0.002390727678013118,0.006733017127857852
lung,3819,0.004527568436552711,0.013469794103669191,-0.008732889350879503
lung,3820,0.00023307017895782267,0.007917159115964311,-0.002827718259419696
lung,3821,0.004454557717690664,0.011213057479067229,0.006363819340288929
lung,3822,-0.0003428559398152102,-0.0018240085894192515,0.0003727031747994362
lung,3823,0.00017990448102505238,-0.0020454786601601473,-0.0030903157692374894
lung,3824,-0.00608255239153178,-0.011047446533549582,0.0009798649611464458
lung,3825,-0.00017986752124041216,0.0009817920486065539,-0.001247687865950059
lung,3826,-0.0011509375551210694,-0.008404199575068874,-0.003785562456767376
lung,3827,0.000751363882601617,0.006061242547896667,0.0004872647052663603
lung,3828,0.00029718321087395433,0.001794003174384708,-0.0023161930080387487
lung,3829,0.004782621307854738,0.006433229572069404,0.004771704418203931
lung,3830,-0.0043849337778093245,-0.001601781412234151,-0.003697406637825538
lung,3831,0.0033018786620243137,-0.004813009338331167,0.001134363000686746
lung,3832,-0.0005949320655251611,0.0006719910817910475,-0.0060940951068326294
lung,3833,-0.012723575269139817,-0.010598577451306202,-0.0060977264267230245
lung,3834,-0.0014032310534794756,0.0029819127159822767,-0.010777106893356933
lung,3835,0.004177587670763455,0.002389898017929594,0.009088772275339562
lung,3836,0.003865802168504323,-0.001765967055715273,0.0070568335437409535
lung,3837,-0.004245964890385839,-0.00226852381615375,-0.006370689980016284
lung,3838,0.0007891126283383713,0.009659165677371729,-0.009839987977244401
lung,3839,-0.005168729693643061,0.0013330570916057962,-0.007145745475504348
lung,3840,0.002788032068934715,-0.0013660356652271666,-0.006768162114398893
lung,3841,-0.0015354942869673927,-0.0006337612183933786,-0.0034864277286766237
lung,3842,-0.0034179626459028556,-0.009066553014751965,0.00030238058040509474
lung,3843,0.0050208469784689125,0.006106644116253825,0.004753886671418193
lung,3844,0.0005680307613235291,-0.0027879251973612165,0.0024317970830128226
lung,3845,-0.00121720335287831,-0.012561249496124796,0.005668364221859466
lung,3846,-0.0015386307047652592,-0.001650761770023888,-0.004717223918823834
lung,3847,-0.0005846482943428211,0.0031274656782262953,-0.009344593247463534
lung,3848,0.002919502021046285,0.009469716288061952,0.002339417344048846
lung,3849,0.0010169030545761997,0.004434774906458189,-0.001801655257242805
lung,3850,-0.0016700691644260708,-0.007111336989360108,0.0024788715395730743
lung,3851,0.004189837221198617,0.007737663362179986,0.014083930126120628
lung,3852,-0.001146558388314502,-0.004147532828688581,-0.002611728690014516
lung,3853,-0.004687045462289032,0.0006398870221529986,-0.005703616956425119
lung,3854,0.0001059793936528201,-0.0006312565225820485,-0.0043324493935571005
lung,3855,0.00836069926284034,0.009800754082862692,8.996559310719965e-06
lung,3856,-0.0008946303624511228,-0.00023109207362830475,-0.012582209899908058
lung,3857,-0.004685886396103206,-0.011998364957606877,-0.007621317814559539
lung,3858,-0.0016938122465178878,-0.0006564596238138229,0.00820876673751946
lung,3859,0.0021324692208236165,0.0013360167630328823,-0.0006943235449067553
lung,3860,-0.001656016179840079,-0.006769829589477537,-0.003551131040232904
lung,3861,0.006301428990018944,0.011681781485127338,0.0004344109051636711
lung,3862,0.0017112751761708584,0.0012450878246122177,-0.0026554803342261814
lung,3863,0.009322211461070198,0.013819354880683764,0.013733424237920188
lung,3864,-0.0017565761539822349,0.0021734379482783537,0.0010862182890765033
lung,3865,-0.0022182724103143314,0.0027764108385983184,0.003748352245600893
lung,3866,-0.0018383659614758612,-0.0009007671262087255,-0.0036566356923942262
lung,3867,-0.0024455562142790266,-0.00447358841820005,0.004743056357443737
lung,3868,0.00397199607761109,0.003392822144232671,0.005947066191326964
lung,3869,0.0028550914603827546,-0.003253753260186056,-0.0018454148473644734
lung,3870,0.0049958684642115074,-0.0007947787888423121,0.0022687351874323227
lung,3871,0.003674635311067829,0.0016965726315565826,0.00900778622934272
lung,3872,0.0004946542576520033,0.00082447695398614,0.007821452023572567
lung,3873,-0.0013915412709674575,-0.0016393501862909756,0.008267673916303498
lung,3874,8.855342378448945e-05,-0.0018778317581275479,-0.0033413812568822603
lung,3875,-0.002640149353760566,-0.007054348128815993,-0.002331794911136507
lung,3876,0.009277566035446263,0.0029397723955444663,0.009640336291316508
lung,3877,-0.010431817251720052,-0.012379716658746329,-0.005216882017633715
lung,3878,0.0023154166935902276,-0.002107907763387956,0.002756867990365073
lung,3879,0.00029821051419127537,0.0007487305518432038,-0.01031488841406313
lung,3880,-0.0080797822528239,-0.011851183719162911,-0.003282686887616358
lung,3881,-0.0080797822528239,-0.0042361911350877295,-0.004511715295850585
lung,3882,0.0013210555974743725,0.0087599428337053,0.006183830853534809
lung,3883,-0.009034709417816691,-0.007369161907475728,-0.01088998837052869
lung,3884,0.0002720084457611867,-0.003119086280994045,-0.004567598517753893
lung,3885,-0.002181044345621765,-0.003836742337966742,0.00029644957179816855
lung,3886,-0.001983573298843716,-0.0004769292057195025,-0.0002079437664976036
lung,3887,0.0034980296480372577,0.009559846800990637,-0.004085525232115944
lung,3888,-0.006859035384275468,-0.006626893782858662,-0.0019322600108784933
lung,3889,-0.00540457893648813,-0.009257295736147059,0.00039002330818276466
lung,3890,-0.00456071466701279,-0.0075885072470498,-0.00019499719107177182
lung,3891,-0.004792043345425333,-0.0033062792742346303,-0.017267386033979825
lung,3892,0.00393914717972509,0.0026742081617061684,0.005676718282369847
lung,3893,-0.0025416062151674412,0.0032840451743557557,0.0038154552157142196
lung,3894,0.0019335911885371704,0.003593439367219388,0.004194706177354873
lung,3895,-0.0034041059121722264,0.002430671159273729,0.005561527678114141
lung,3896,-0.005286751622938522,-0.0065587644983850415,0.0016399854294110814
lung,3897,0.011104263461820427,0.014236360229302497,0.01227444818652513
lung,3898,-0.0015544927297576154,-0.003046417405836675,0.004552929341764794
lung,3899,-0.0017752362692020351,-0.011264341490635496,0.0001116970551706582
lung,3900,0.007516871953149641,0.0029121888121226933,0.006299517915549437
lung,3901,-0.003896951323434141,0.0003744547295926235,0.002511277264898295
lung,3902,0.005939285911682274,0.008059388442084195,0.019682443708244096
lung,3903,-0.008245774345147625,-0.011025163585001913,-0.009316047955697172
lung,3904,-0.00044901288913733645,-0.0008450491420433914,-0.0016533517332989558
lung,3905,0.0030807967950094717,0.006483001332984748,0.007708591791487797
lung,3906,0.0024186712470554614,0.002601689248790627,-0.0033759309976154335
lung,3907,0.00755466801982745,0.011409031164038639,0.009411724450518919
lung,3908,-0.014029135794947254,-0.009202038263892737,-0.017115220633872948
lung,3909,-0.008468457116823083,-0.007542528676476618,-0.013265552482030624
lung,3910,-0.0005846482943428211,-0.0033272634140369315,-0.015357799368560715
lung,3911,-0.003053087053958801,-0.002440071026579051,-0.007804558517992657
lung,3912,-0.007308242166060176,-0.0071961111008015475,-0.014931726488205038
lung,3913,-0.0007461567820186606,0.004705082649566271,0.003035123430746217
lung,3914,-0.0021636183757534344,-0.0021504406781076104,0.004200354947290198
lung,3915,-0.003830388722185024,0.004012699578879017,-0.012490727104245786
lung,3916,-0.006710139462295567,-0.0019116519127639064,0.00019142978977057523
lung,3917,-0.005195949149398665,-0.0040644427604454025,-0.009149427716238362
lung,3918,0.003637035495245383,0.00794430731496527,0.008530753728911444
lung,3919,0.00560155469632818,0.0017158178894971605,0.005190375091942266
lung,3920,0.0029072524706111233,-0.0018947816076800013,0.002282912528324882
lung,3921,-0.006952399862968926,-0.007897665125878056,0.000820537433926358
lung,3922,-0.0021476274457505238,-0.011555389480154379,-0.0035599338301604277
lung,3923,0.001232361577805217,0.007301824290376152,-0.0011186325774749744
lung,3924,0.007516834993365001,0.0059045600166529695,0.016736060025073336
lung,3925,-0.006353261704304679,0.0028293065138989644,-0.016114839981708734
lung,3926,-0.004189837221198617,0.00034114829241628074,-0.006393426611804856
lung,3927,-0.005507833489953364,-0.0109491013148874,-0.009548913610034876
lung,3928,-0.007242767342294685,-0.00991449552551226,-0.007913239019875923
lung,3929,0.0002607799200084933,-0.0006543764938629533,0.007787641373694837
lung,3930,0.0008523137313407869,0.0013903898351375157,-0.007984874428660424
lung,3931,-0.006406284448144793,-0.018171202935113106,-0.00672449489563103
lung,3932,-0.0005570990390627121,0.0003096128597278869,-0.007588911227987966
lung,3933,-0.005434525438517236,-0.009254371419937096,-0.011958009900938971
lung,3934,-0.004364270923552062,-0.01106520048792502,-0.00011552909617942864
lung,3935,-0.0009688395536941175,0.0032050166702741467,-0.008528221216571385
lung,3936,-0.0027212247700099577,-0.0006432679287028862,0.003930705122696934
lung,3937,0.0015639122151039446,-0.003308272961839766,-0.0072277806439882955
lung,3938,-0.006115401289417778,-0.008119660503312798,-0.0004718773163528145
lung,3939,-0.00455230136319069,-0.005265792143109248,-0.00046005408565840365
lung,3940,0.005563758629650371,0.003281426896740723,0.014573647485225539
lung,3941,-0.003698918770073454,-0.011663320322216295,-0.0006226899360099363
lung,3942,0.004422570553416411,0.003937897426972009,0.004547333964094226
lung,3943,0.0006655606931109023,0.0031701012115492684,0.0009597370105215535
lung,3944,-0.0016938492063025279,0.0026134396467313954,-0.0006633426264817204
lung,3945,0.002069376488334431,0.010575322337134365,-0.008279342026677636
lung,3946,0.0022605433457709248,-0.0024803740067571305,0.002463294628141756
lung,3947,-0.0066273663151596345,-0.005804095717705968,0.001834731931250306
lung,3948,-0.007005354154573641,-0.0026522891385953222,-0.006642583898703397
lung,3949,0.0008420669199430871,0.0057647983395520035,0.004988093576335534
lung,3950,0.003771779594343725,0.004631513582547532,0.0028676702347316023
lung,3951,0.011730815077684578,0.014562411958340599,0.0037184681675266444
lung,3952,-0.003031206838118259,-0.004232332777088241,0.0015976261928160877
lung,3953,0.0009067794462952194,0.007096939500183946,0.0030587043388119184
lung,3954,0.007660824969149577,0.00354974884881068,0.01303926918716929
lung,3955,-0.005509434394613978,-0.0008177536219224069,-0.010025722308039617
lung,3956,-0.004596946788814625,-0.005420217386268291,-0.00903823670574001
lung,3957,0.0008456057700206206,0.009340617061723835,0.00029629388932814194
lung,3958,-0.001983573298843716,-0.011249103194919535,-0.00025619687634168
lung,3959,0.006055332935776175,0.016578715696116957,0.007339735500114158
lung,3960,-0.0004618738120014028,-0.0003814017503901146,-0.002847436386548987
lung,3961,0.006683254495072001,0.0068612763857417896,0.013335184387778892
lung,3962,-0.00023567168717576284,-0.006447174250637372,0.007085805672440132
lung,3963,0.004924608544601851,0.008365627908743132,0.006398393525681917
lung,3964,0.0015646160151693937,0.01027385680916044,0.003613715745924238
lung,3965,0.006630231751231887,0.007854654391394184,-0.0029135242709236635
lung,3966,-0.00036200248245200445,-0.005053683255143576,0.004225756706622369
lung,3967,0.001070076959295868,-0.004950941238194219,0.012849081531792622
lung,3968,0.011391728545289295,0.018830615781520225,0.016802754797253582
lung,3969,0.008124886979779913,0.008681618491762643,0.003259197676112778
lung,3970,0.003405706816832841,0.006772907218338739,0.014335493631184276
lung,3971,-0.007464673983136633,-0.014903561219367562,-0.013310018534121736
lung,3972,-0.0033222324218557253,-0.004487438520462156,0.0025391138064577434
lung,3973,0.00011784437362615437,0.0017241753424112511,-0.0014644048974226018
lung,3974,-0.0014890342429701904,-0.002714054507189506,0.004007416751894727
lung,3975,0.0017266611444038866,0.009826479454909675,0.009297777863379033
lung,3976,0.009541088059557362,0.0025998159440972406,0.008924524361101
lung,3977,-0.007369098137570927,-0.007132061248722427,-0.009496684356916835
lung,3978,-0.002788032068934715,-0.003573712500250431,-0.013254661725040131
lung,3979,0.004776688869643063,-0.0012886066232765947,0.0005649562640640633
lung,3980,0.0033222324218557253,0.003647887898538584,0.0046165251232412234
lung,3981,-0.0005594037437887759,-0.010420091487015365,-0.002954490431907717
lung,3982,0.004137273778690581,0.0028988301691738327,9.361150229319094e-05
lung,3983,0.0065820653373482585,-0.001622678765881744,-0.0012482677724487325
lung,3984,0.0030992126094239645,0.0005322610299975847,0.0038176328537540736
lung,3985,2.0213163946745476e-05,-0.0035289435456649365,0.0007861072642675604
lung,3986,0.0024212727552734015,-0.004128941511742266,0.00013121558645013765
lung,3987,-0.004336767363925696,-0.002648049364408628,-0.00833462979631891
lung,3988,-0.00028213173117296503,-0.0014484027226065916,-0.009247460778364127
lung,3989,-0.006899197205251516,-0.0063873006025245245,-0.004295812375455427
lung,3990,-0.0033633901857225055,0.007455757551373074,-0.007407052462119895
lung,3991,0.001056580688601751,-0.0005697152574647333,-0.00849981678575796
lung,3992,0.0003098045124389955,-0.002852057474449119,0.002522666391412622
lung,3993,0.002702228879444,-0.00492774034681547,0.0032155695727988653
lung,3994,-0.0012426083892029167,-0.0006058642588208928,0.004159965594644238
lung,3995,-0.002351648815392062,-0.0030693068149618974,-0.013476464623543027
lung,3996,0.005520328628007952,0.0021130343619023646,0.007055408586161207
lung,3997,0.003847851651837995,0.010257551077291918,0.0009783490325406354
lung,3998,-0.004743876931541703,-0.006015889806988223,-0.005898865686133245
lung,3999,-0.002808965904917591,0.0009861806977377319,0.003912387053361563
