hypothesis_id,null_kind,domain,seed_tag,split_regime,layer,perm_idx,null_value
H98,label_permutation,external_lung,seed42_main,source_disjoint,0,0,0.14494301994301995
H98,label_permutation,external_lung,seed42_main,source_disjoint,0,1,0.026865206552706633
H98,label_permutation,external_lung,seed42_main,source_disjoint,0,2,-0.09237001424501423
H98,label_permutation,external_lung,seed42_main,source_disjoint,0,3,-0.07100249287749288
H98,label_permutation,external_lung,seed42_main,source_disjoint,0,4,-0.011284722222222099
H98,label_permutation,external_lung,seed42_main,source_disjoint,0,5,-0.0010016025641025328
H98,label_permutation,external_lung,seed42_main,source_disjoint,0,6,-0.08653846153846156
H98,label_permutation,external_lung,seed42_main,source_disjoint,0,7,0.08774038461538469
H98,label_permutation,external_lung,seed42_main,source_disjoint,0,8,0.033186431623931645
H98,label_permutation,external_lung,seed42_main,source_disjoint,0,9,0.06318999287749294
H98,label_permutation,external_lung,seed42_main,source_disjoint,0,10,0.07380698005698
H98,label_permutation,external_lung,seed42_main,source_disjoint,0,11,0.07781339031339041
H98,label_permutation,external_lung,seed42_main,source_disjoint,0,12,0.050770121082621134
H98,label_permutation,external_lung,seed42_main,source_disjoint,0,13,-0.05649038461538458
H98,label_permutation,external_lung,seed42_main,source_disjoint,0,14,-0.08825231481481483
H98,label_permutation,external_lung,seed42_main,source_disjoint,0,15,-0.044938568376068244
H98,label_permutation,external_lung,seed42_main,source_disjoint,0,16,-0.07761306980056981
H98,label_permutation,external_lung,seed42_main,source_disjoint,0,17,-0.032496438746438816
H98,label_permutation,external_lung,seed42_main,source_disjoint,3,0,0.05330751424501434
H98,label_permutation,external_lung,seed42_main,source_disjoint,3,1,-0.0015135327635327211
H98,label_permutation,external_lung,seed42_main,source_disjoint,3,2,-0.0769453347578346
H98,label_permutation,external_lung,seed42_main,source_disjoint,3,3,-0.01729433760683763
H98,label_permutation,external_lung,seed42_main,source_disjoint,3,4,-0.024839743589743613
H98,label_permutation,external_lung,seed42_main,source_disjoint,3,5,-0.07981659544159547
H98,label_permutation,external_lung,seed42_main,source_disjoint,3,6,-0.0180065883190883
H98,label_permutation,external_lung,seed42_main,source_disjoint,3,7,-0.0020477207977208645
H98,label_permutation,external_lung,seed42_main,source_disjoint,3,8,-0.04126602564102566
H98,label_permutation,external_lung,seed42_main,source_disjoint,3,9,-0.0562900641025641
H98,label_permutation,external_lung,seed42_main,source_disjoint,3,10,-0.008925391737891752
H98,label_permutation,external_lung,seed42_main,source_disjoint,3,11,-0.029959045584045607
H98,label_permutation,external_lung,seed42_main,source_disjoint,3,12,0.0012019230769231282
H98,label_permutation,external_lung,seed42_main,source_disjoint,3,13,-0.030715811965812023
H98,label_permutation,external_lung,seed42_main,source_disjoint,3,14,-0.03941862535612539
H98,label_permutation,external_lung,seed42_main,source_disjoint,3,15,0.12161680911680911
H98,label_permutation,external_lung,seed42_main,source_disjoint,3,16,-0.05161591880341876
H98,label_permutation,external_lung,seed42_main,source_disjoint,3,17,0.025730056980056926
H98,label_permutation,external_lung,seed42_main,source_disjoint,7,0,0.006810897435897467
H98,label_permutation,external_lung,seed42_main,source_disjoint,7,1,0.042846331908831914
H98,label_permutation,external_lung,seed42_main,source_disjoint,7,2,-0.025952635327635476
H98,label_permutation,external_lung,seed42_main,source_disjoint,7,3,-0.009926994301994396
H98,label_permutation,external_lung,seed42_main,source_disjoint,7,4,0.020610754985755042
H98,label_permutation,external_lung,seed42_main,source_disjoint,7,5,0.06387998575498577
H98,label_permutation,external_lung,seed42_main,source_disjoint,7,6,-0.060162927350427386
H98,label_permutation,external_lung,seed42_main,source_disjoint,7,7,0.01767272079772081
H98,label_permutation,external_lung,seed42_main,source_disjoint,7,8,0.0371705840455841
H98,label_permutation,external_lung,seed42_main,source_disjoint,7,9,0.02708778490028496
H98,label_permutation,external_lung,seed42_main,source_disjoint,7,10,0.009882478632478708
H98,label_permutation,external_lung,seed42_main,source_disjoint,7,11,0.032808048433048576
H98,label_permutation,external_lung,seed42_main,source_disjoint,7,12,-0.010728276353276223
H98,label_permutation,external_lung,seed42_main,source_disjoint,7,13,0.10296474358974356
H98,label_permutation,external_lung,seed42_main,source_disjoint,7,14,0.03988603988603989
H98,label_permutation,external_lung,seed42_main,source_disjoint,7,15,-0.010038283475783505
H98,label_permutation,external_lung,seed42_main,source_disjoint,7,16,-0.13049768518518523
H98,label_permutation,external_lung,seed42_main,source_disjoint,7,17,0.01310986467236458
H98,label_permutation,external_lung,seed42_main,source_disjoint,11,0,-0.020388176638176603
H98,label_permutation,external_lung,seed42_main,source_disjoint,11,1,-0.0010683760683761756
H98,label_permutation,external_lung,seed42_main,source_disjoint,11,2,0.12241809116809121
H98,label_permutation,external_lung,seed42_main,source_disjoint,11,3,0.03291933760683752
H98,label_permutation,external_lung,seed42_main,source_disjoint,11,4,0.05646812678062685
H98,label_permutation,external_lung,seed42_main,source_disjoint,11,5,0.11551816239316243
H98,label_permutation,external_lung,seed42_main,source_disjoint,11,6,0.039040242165242156
H98,label_permutation,external_lung,seed42_main,source_disjoint,11,7,0.023704594017094016
H98,label_permutation,external_lung,seed42_main,source_disjoint,11,8,0.12301905270655267
H98,label_permutation,external_lung,seed42_main,source_disjoint,11,9,0.10067218660968652
H98,label_permutation,external_lung,seed42_main,source_disjoint,11,10,-0.0045405982905982745
H98,label_permutation,external_lung,seed42_main,source_disjoint,11,11,0.08015046296296297
H98,label_permutation,external_lung,seed42_main,source_disjoint,11,12,0.06408030626780625
H98,label_permutation,external_lung,seed42_main,source_disjoint,11,13,0.03583511396011385
H98,label_permutation,external_lung,seed42_main,source_disjoint,11,14,0.01782852564102566
H98,label_permutation,external_lung,seed42_main,source_disjoint,11,15,-0.02951388888888895
H98,label_permutation,external_lung,seed42_main,source_disjoint,11,16,-0.02159009971509962
H98,label_permutation,external_lung,seed42_main,source_disjoint,11,17,0.07307247150997143
H98,label_permutation,external_lung,seed42_main,target_disjoint,0,0,-0.07196875466441122
H98,label_permutation,external_lung,seed42_main,target_disjoint,0,1,-0.051619483556395784
H98,label_permutation,external_lung,seed42_main,target_disjoint,0,2,0.05997810836360018
H98,label_permutation,external_lung,seed42_main,target_disjoint,0,3,-0.01646848101895615
H98,label_permutation,external_lung,seed42_main,target_disjoint,0,4,-0.04903229016368971
H98,label_permutation,external_lung,seed42_main,target_disjoint,0,5,0.054405691825464064
H98,label_permutation,external_lung,seed42_main,target_disjoint,0,6,-0.02607094880342309
H98,label_permutation,external_lung,seed42_main,target_disjoint,0,7,-0.006716752077217669
H98,label_permutation,external_lung,seed42_main,target_disjoint,0,8,-0.02353350912980745
H98,label_permutation,external_lung,seed42_main,target_disjoint,0,9,-0.0021145330613464575
H98,label_permutation,external_lung,seed42_main,target_disjoint,0,10,0.001915518184984366
H98,label_permutation,external_lung,seed42_main,target_disjoint,0,11,-0.0011692123986267733
H98,label_permutation,external_lung,seed42_main,target_disjoint,0,12,-0.0008209363649932522
H98,label_permutation,external_lung,seed42_main,target_disjoint,0,13,0.01631921986168472
H98,label_permutation,external_lung,seed42_main,target_disjoint,0,14,0.031842380217921296
H98,label_permutation,external_lung,seed42_main,target_disjoint,0,15,0.009005423155380776
H98,label_permutation,external_lung,seed42_main,target_disjoint,0,16,-0.006219214886312718
H98,label_permutation,external_lung,seed42_main,target_disjoint,0,17,-0.00980148266082892
H98,label_permutation,external_lung,seed42_main,target_disjoint,3,0,-0.04316135131101051
H98,label_permutation,external_lung,seed42_main,target_disjoint,3,1,0.03903179262649886
H98,label_permutation,external_lung,seed42_main,target_disjoint,3,2,0.033757898402905606
H98,label_permutation,external_lung,seed42_main,target_disjoint,3,3,-0.03278770088064076
H98,label_permutation,external_lung,seed42_main,target_disjoint,3,4,0.01029901985173387
H98,label_permutation,external_lung,seed42_main,target_disjoint,3,5,-0.00858251654311154
H98,label_permutation,external_lung,seed42_main,target_disjoint,3,6,0.012264291755808732
H98,label_permutation,external_lung,seed42_main,target_disjoint,3,7,-0.030847305836111172
H98,label_permutation,external_lung,seed42_main,target_disjoint,3,8,0.04378327279964167
H98,label_permutation,external_lung,seed42_main,target_disjoint,3,9,-0.031071197572018594
H98,label_permutation,external_lung,seed42_main,target_disjoint,3,10,0.09910940842828003
H98,label_permutation,external_lung,seed42_main,target_disjoint,3,11,0.013732026468978531
H98,label_permutation,external_lung,seed42_main,target_disjoint,3,12,0.008682023981292586
H98,label_permutation,external_lung,seed42_main,target_disjoint,3,13,-0.05296283397183943
H98,label_permutation,external_lung,seed42_main,target_disjoint,3,14,-0.01656798845713703
H98,label_permutation,external_lung,seed42_main,target_disjoint,3,15,0.04413154883327519
H98,label_permutation,external_lung,seed42_main,target_disjoint,3,16,0.030523906662023037
H98,label_permutation,external_lung,seed42_main,target_disjoint,3,17,0.013607642171252321
H98,label_permutation,external_lung,seed42_main,target_disjoint,7,0,0.08398427782476736
H98,label_permutation,external_lung,seed42_main,target_disjoint,7,1,-0.044653962883725584
H98,label_permutation,external_lung,seed42_main,target_disjoint,7,2,0.06231653316085384
H98,label_permutation,external_lung,seed42_main,target_disjoint,7,3,0.09905965470918954
H98,label_permutation,external_lung,seed42_main,target_disjoint,7,4,0.010423404149460136
H98,label_permutation,external_lung,seed42_main,target_disjoint,7,5,-0.06776456540126369
H98,label_permutation,external_lung,seed42_main,target_disjoint,7,6,0.041768247176476314
H98,label_permutation,external_lung,seed42_main,target_disjoint,7,7,-0.08682023981292603
H98,label_permutation,external_lung,seed42_main,target_disjoint,7,8,0.008607393402656816
H98,label_permutation,external_lung,seed42_main,target_disjoint,7,9,0.029404447982486648
H98,label_permutation,external_lung,seed42_main,target_disjoint,7,10,0.014652470272152829
H98,label_permutation,external_lung,seed42_main,target_disjoint,7,11,0.04219115378874566
H98,label_permutation,external_lung,seed42_main,target_disjoint,7,12,0.02355838598935278
H98,label_permutation,external_lung,seed42_main,target_disjoint,7,13,-0.04368376536146085
H98,label_permutation,external_lung,seed42_main,target_disjoint,7,14,0.0022140404995273366
H98,label_permutation,external_lung,seed42_main,target_disjoint,7,15,0.10858749191502065
H98,label_permutation,external_lung,seed42_main,target_disjoint,7,16,-0.05751529926862031
H98,label_permutation,external_lung,seed42_main,target_disjoint,7,17,-0.06365988357629732
H98,label_permutation,external_lung,seed42_main,target_disjoint,11,0,-0.05681874720135338
H98,label_permutation,external_lung,seed42_main,target_disjoint,11,1,-0.0015423652918054587
H98,label_permutation,external_lung,seed42_main,target_disjoint,11,2,-0.024429076073436473
H98,label_permutation,external_lung,seed42_main,target_disjoint,11,3,0.04791283148415337
H98,label_permutation,external_lung,seed42_main,target_disjoint,11,4,0.004950495049504955
H98,label_permutation,external_lung,seed42_main,target_disjoint,11,5,0.07440668689984575
H98,label_permutation,external_lung,seed42_main,target_disjoint,11,6,0.02007562565301757
H98,label_permutation,external_lung,seed42_main,target_disjoint,11,7,0.06373451415493309
H98,label_permutation,external_lung,seed42_main,target_disjoint,11,8,-0.02370764714662421
H98,label_permutation,external_lung,seed42_main,target_disjoint,11,9,0.004328573560873572
H98,label_permutation,external_lung,seed42_main,target_disjoint,11,10,0.04425593313100157
H98,label_permutation,external_lung,seed42_main,target_disjoint,11,11,0.006915766953579761
H98,label_permutation,external_lung,seed42_main,target_disjoint,11,12,0.03776307278969104
H98,label_permutation,external_lung,seed42_main,target_disjoint,11,13,0.0297776008756655
H98,label_permutation,external_lung,seed42_main,target_disjoint,11,14,-0.016941141350315936
H98,label_permutation,external_lung,seed42_main,target_disjoint,11,15,-0.038708393452410395
H98,label_permutation,external_lung,seed42_main,target_disjoint,11,16,0.004627095875416654
H98,label_permutation,external_lung,seed42_main,target_disjoint,11,17,-0.018508383501666836
H98,label_permutation,immune,seed42_main,source_disjoint,0,0,-0.059680451127819445
H98,label_permutation,immune,seed42_main,source_disjoint,0,1,0.0023496240601504903
H98,label_permutation,immune,seed42_main,source_disjoint,0,2,-0.01324600563909778
H98,label_permutation,immune,seed42_main,source_disjoint,0,3,0.05380639097744372
H98,label_permutation,immune,seed42_main,source_disjoint,0,4,-0.03506813909774442
H98,label_permutation,immune,seed42_main,source_disjoint,0,5,-0.06749295112781956
H98,label_permutation,immune,seed42_main,source_disjoint,0,6,-0.04643444548872183
H98,label_permutation,immune,seed42_main,source_disjoint,0,7,0.1500528665413534
H98,label_permutation,immune,seed42_main,source_disjoint,0,8,0.04740366541353386
H98,label_permutation,immune,seed42_main,source_disjoint,0,9,0.013334116541353414
H98,label_permutation,immune,seed42_main,source_disjoint,0,10,-0.02085291353383467
H98,label_permutation,immune,seed42_main,source_disjoint,0,11,-0.061383928571428714
H98,label_permutation,immune,seed42_main,source_disjoint,0,12,0.029135338345864792
H98,label_permutation,immune,seed42_main,source_disjoint,0,13,0.0034363251879699352
H98,label_permutation,immune,seed42_main,source_disjoint,0,14,0.08414591165413526
H98,label_permutation,immune,seed42_main,source_disjoint,0,15,-0.038592575187969824
H98,label_permutation,immune,seed42_main,source_disjoint,0,16,-0.04429041353383467
H98,label_permutation,immune,seed42_main,source_disjoint,0,17,0.00378876879699247
H98,label_permutation,immune,seed42_main,source_disjoint,3,0,0.009192904135338464
H98,label_permutation,immune,seed42_main,source_disjoint,3,1,-0.006402725563909639
H98,label_permutation,immune,seed42_main,source_disjoint,3,2,0.01368656015037606
H98,label_permutation,immune,seed42_main,source_disjoint,3,3,0.011043233082706716
H98,label_permutation,immune,seed42_main,source_disjoint,3,4,-0.06687617481203012
H98,label_permutation,immune,seed42_main,source_disjoint,3,5,0.0012335526315789824
H98,label_permutation,immune,seed42_main,source_disjoint,3,6,-0.04329182330827075
H98,label_permutation,immune,seed42_main,source_disjoint,3,7,0.14179981203007513
H98,label_permutation,immune,seed42_main,source_disjoint,3,8,-0.04740366541353386
H98,label_permutation,immune,seed42_main,source_disjoint,3,9,0.006637687969924866
H98,label_permutation,immune,seed42_main,source_disjoint,3,10,0.0128054511278195
H98,label_permutation,immune,seed42_main,source_disjoint,3,11,-0.11610079887218039
H98,label_permutation,immune,seed42_main,source_disjoint,3,12,-0.06843280075187974
H98,label_permutation,immune,seed42_main,source_disjoint,3,13,0.024641682330827086
H98,label_permutation,immune,seed42_main,source_disjoint,3,14,0.1029722744360903
H98,label_permutation,immune,seed42_main,source_disjoint,3,15,0.06338110902255645
H98,label_permutation,immune,seed42_main,source_disjoint,3,16,-0.034333881578947345
H98,label_permutation,immune,seed42_main,source_disjoint,3,17,0.02458294172932335
H98,label_permutation,immune,seed42_main,source_disjoint,7,0,0.0200892857142857
H98,label_permutation,immune,seed42_main,source_disjoint,7,1,0.033805216165413654
H98,label_permutation,immune,seed42_main,source_disjoint,7,2,-0.05518679511278202
H98,label_permutation,immune,seed42_main,source_disjoint,7,3,0.09225211466165412
H98,label_permutation,immune,seed42_main,source_disjoint,7,4,0.07075305451127817
H98,label_permutation,immune,seed42_main,source_disjoint,7,5,-0.018562030075188085
H98,label_permutation,immune,seed42_main,source_disjoint,7,6,0.00969219924812037
H98,label_permutation,immune,seed42_main,source_disjoint,7,7,0.07045935150375943
H98,label_permutation,immune,seed42_main,source_disjoint,7,8,-0.01585996240601495
H98,label_permutation,immune,seed42_main,source_disjoint,7,9,0.0012922932330828862
H98,label_permutation,immune,seed42_main,source_disjoint,7,10,-0.03606672932330823
H98,label_permutation,immune,seed42_main,source_disjoint,7,11,0.0017034774436089917
H98,label_permutation,immune,seed42_main,source_disjoint,7,12,-0.009809680451127845
H98,label_permutation,immune,seed42_main,source_disjoint,7,13,-0.06012100563909778
H98,label_permutation,immune,seed42_main,source_disjoint,7,14,0.08396968984962405
H98,label_permutation,immune,seed42_main,source_disjoint,7,15,0.2023026315789474
H98,label_permutation,immune,seed42_main,source_disjoint,7,16,-0.0063439849624059574
H98,label_permutation,immune,seed42_main,source_disjoint,7,17,0.0024377349624060685
H98,label_permutation,immune,seed42_main,source_disjoint,11,0,0.00044055451127805734
H98,label_permutation,immune,seed42_main,source_disjoint,11,1,0.04640507518796988
H98,label_permutation,immune,seed42_main,source_disjoint,11,2,-0.030339520676691767
H98,label_permutation,immune,seed42_main,source_disjoint,11,3,0.016447368421052655
H98,label_permutation,immune,seed42_main,source_disjoint,11,4,0.04185267857142866
H98,label_permutation,immune,seed42_main,source_disjoint,11,5,0.0780075187969923
H98,label_permutation,immune,seed42_main,source_disjoint,11,6,0.06064967105263158
H98,label_permutation,immune,seed42_main,source_disjoint,11,7,5.8740601503681766e-05
H98,label_permutation,immune,seed42_main,source_disjoint,11,8,0.029898966165413654
H98,label_permutation,immune,seed42_main,source_disjoint,11,9,-0.005580357142857206
H98,label_permutation,immune,seed42_main,source_disjoint,11,10,0.04757988721804518
H98,label_permutation,immune,seed42_main,source_disjoint,11,11,-0.11131343984962389
H98,label_permutation,immune,seed42_main,source_disjoint,11,12,0.06323425751879697
H98,label_permutation,immune,seed42_main,source_disjoint,11,13,-0.06737546992481203
H98,label_permutation,immune,seed42_main,source_disjoint,11,14,0.03312969924812037
H98,label_permutation,immune,seed42_main,source_disjoint,11,15,0.02801926691729323
H98,label_permutation,immune,seed42_main,source_disjoint,11,16,0.02055921052631582
H98,label_permutation,immune,seed42_main,source_disjoint,11,17,-0.05081062030075184
H98,label_permutation,immune,seed42_main,target_disjoint,0,0,0.023140740740740795
H98,label_permutation,immune,seed42_main,target_disjoint,0,1,-0.04693333333333338
H98,label_permutation,immune,seed42_main,target_disjoint,0,2,0.037718518518518596
H98,label_permutation,immune,seed42_main,target_disjoint,0,3,-0.029985185185185226
H98,label_permutation,immune,seed42_main,target_disjoint,0,4,-0.023881481481481504
H98,label_permutation,immune,seed42_main,target_disjoint,0,5,0.016177777777777846
H98,label_permutation,immune,seed42_main,target_disjoint,0,6,-0.044711111111111146
H98,label_permutation,immune,seed42_main,target_disjoint,0,7,-0.008533333333333393
H98,label_permutation,immune,seed42_main,target_disjoint,0,8,0.004118518518518466
H98,label_permutation,immune,seed42_main,target_disjoint,0,9,0.0902518518518518
H98,label_permutation,immune,seed42_main,target_disjoint,0,10,-0.05807407407407411
H98,label_permutation,immune,seed42_main,target_disjoint,0,11,0.049037037037036935
H98,label_permutation,immune,seed42_main,target_disjoint,0,12,-0.006103703703703722
H98,label_permutation,immune,seed42_main,target_disjoint,0,13,-0.0470222222222223
H98,label_permutation,immune,seed42_main,target_disjoint,0,14,0.0010666666666666602
H98,label_permutation,immune,seed42_main,target_disjoint,0,15,0.0029037037037037416
H98,label_permutation,immune,seed42_main,target_disjoint,0,16,0.021303703703703714
H98,label_permutation,immune,seed42_main,target_disjoint,0,17,-0.028918518518518566
H98,label_permutation,immune,seed42_main,target_disjoint,3,0,0.03721481481481481
H98,label_permutation,immune,seed42_main,target_disjoint,3,1,-0.013540740740740853
H98,label_permutation,immune,seed42_main,target_disjoint,3,2,-0.039081481481481495
H98,label_permutation,immune,seed42_main,target_disjoint,3,3,-0.00714074074074067
H98,label_permutation,immune,seed42_main,target_disjoint,3,4,0.10877037037037035
H98,label_permutation,immune,seed42_main,target_disjoint,3,5,0.030933333333333257
H98,label_permutation,immune,seed42_main,target_disjoint,3,6,-0.0563555555555556
H98,label_permutation,immune,seed42_main,target_disjoint,3,7,-0.04930370370370368
H98,label_permutation,immune,seed42_main,target_disjoint,3,8,-0.017214814814814905
H98,label_permutation,immune,seed42_main,target_disjoint,3,9,-0.005807407407407372
H98,label_permutation,immune,seed42_main,target_disjoint,3,10,0.006785185185185227
H98,label_permutation,immune,seed42_main,target_disjoint,3,11,0.03724444444444447
H98,label_permutation,immune,seed42_main,target_disjoint,3,12,-0.04251851851851851
H98,label_permutation,immune,seed42_main,target_disjoint,3,13,-0.055496296296296266
H98,label_permutation,immune,seed42_main,target_disjoint,3,14,-0.06767407407407405
H98,label_permutation,immune,seed42_main,target_disjoint,3,15,-0.010192592592592586
H98,label_permutation,immune,seed42_main,target_disjoint,3,16,0.03576296296296305
H98,label_permutation,immune,seed42_main,target_disjoint,3,17,0.050399999999999945
H98,label_permutation,immune,seed42_main,target_disjoint,7,0,-0.023259259259259202
H98,label_permutation,immune,seed42_main,target_disjoint,7,1,0.10272592592592594
H98,label_permutation,immune,seed42_main,target_disjoint,7,2,0.008948148148148038
H98,label_permutation,immune,seed42_main,target_disjoint,7,3,-0.023851851851851902
H98,label_permutation,immune,seed42_main,target_disjoint,7,4,-0.08583703703703705
H98,label_permutation,immune,seed42_main,target_disjoint,7,5,0.013896296296296295
H98,label_permutation,immune,seed42_main,target_disjoint,7,6,-0.09656296296296296
H98,label_permutation,immune,seed42_main,target_disjoint,7,7,0.0016592592592592492
H98,label_permutation,immune,seed42_main,target_disjoint,7,8,0.004118518518518521
H98,label_permutation,immune,seed42_main,target_disjoint,7,9,-0.06094814814814814
H98,label_permutation,immune,seed42_main,target_disjoint,7,10,-0.029807407407407394
H98,label_permutation,immune,seed42_main,target_disjoint,7,11,-0.01576296296296298
H98,label_permutation,immune,seed42_main,target_disjoint,7,12,-0.07552592592592594
H98,label_permutation,immune,seed42_main,target_disjoint,7,13,-0.0042074074074074375
H98,label_permutation,immune,seed42_main,target_disjoint,7,14,0.03259259259259267
H98,label_permutation,immune,seed42_main,target_disjoint,7,15,-0.05031111111111125
H98,label_permutation,immune,seed42_main,target_disjoint,7,16,-0.02281481481481462
H98,label_permutation,immune,seed42_main,target_disjoint,7,17,-0.04678518518518526
H98,label_permutation,immune,seed42_main,target_disjoint,11,0,-0.008385185185185162
H98,label_permutation,immune,seed42_main,target_disjoint,11,1,-0.08017777777777785
H98,label_permutation,immune,seed42_main,target_disjoint,11,2,0.08797037037037042
H98,label_permutation,immune,seed42_main,target_disjoint,11,3,-0.007792592592592573
H98,label_permutation,immune,seed42_main,target_disjoint,11,4,0.02642962962962958
H98,label_permutation,immune,seed42_main,target_disjoint,11,5,-0.005837037037036974
H98,label_permutation,immune,seed42_main,target_disjoint,11,6,-0.016977777777777814
H98,label_permutation,immune,seed42_main,target_disjoint,11,7,-0.035140740740740806
H98,label_permutation,immune,seed42_main,target_disjoint,11,8,-0.019022222222222274
H98,label_permutation,immune,seed42_main,target_disjoint,11,9,0.021214814814814797
H98,label_permutation,immune,seed42_main,target_disjoint,11,10,-0.01588148148148144
H98,label_permutation,immune,seed42_main,target_disjoint,11,11,0.0012148148148149462
H98,label_permutation,immune,seed42_main,target_disjoint,11,12,-0.053511111111111065
H98,label_permutation,immune,seed42_main,target_disjoint,11,13,0.07090370370370369
H98,label_permutation,immune,seed42_main,target_disjoint,11,14,-0.02601481481481477
H98,label_permutation,immune,seed42_main,target_disjoint,11,15,-0.004977777777777748
H98,label_permutation,immune,seed42_main,target_disjoint,11,16,-0.10702222222222224
H98,label_permutation,immune,seed42_main,target_disjoint,11,17,0.03413333333333318
H98,label_permutation,lung,seed42_main,source_disjoint,0,0,-0.00853371260944924
H98,label_permutation,lung,seed42_main,source_disjoint,0,1,-0.05886928307924799
H98,label_permutation,lung,seed42_main,source_disjoint,0,2,-0.0026223387706120205
H98,label_permutation,lung,seed42_main,source_disjoint,0,3,-0.08551491177385662
H98,label_permutation,lung,seed42_main,source_disjoint,0,4,-0.11027156762522783
H98,label_permutation,lung,seed42_main,source_disjoint,0,5,0.01915640695142018
H98,label_permutation,lung,seed42_main,source_disjoint,0,6,-0.036001600071114304
H98,label_permutation,lung,seed42_main,source_disjoint,0,7,-0.009778212364994099
H98,label_permutation,lung,seed42_main,source_disjoint,0,8,-0.04177963465042894
H98,label_permutation,lung,seed42_main,source_disjoint,0,9,0.03760167118538599
H98,label_permutation,lung,seed42_main,source_disjoint,0,10,0.017222987688341684
H98,label_permutation,lung,seed42_main,source_disjoint,0,11,0.01795635361571618
H98,label_permutation,lung,seed42_main,source_disjoint,0,12,0.0452909018178585
H98,label_permutation,lung,seed42_main,source_disjoint,0,13,0.10231565847370988
H98,label_permutation,lung,seed42_main,source_disjoint,0,14,-0.0008000355571357032
H98,label_permutation,lung,seed42_main,source_disjoint,0,15,-0.09807102537890572
H98,label_permutation,lung,seed42_main,source_disjoint,0,16,0.05200231121383181
H98,label_permutation,lung,seed42_main,source_disjoint,0,17,-0.026534512645006503
H98,label_permutation,lung,seed42_main,source_disjoint,3,0,-0.018956398062136115
H98,label_permutation,lung,seed42_main,source_disjoint,3,1,-0.03360149339970658
H98,label_permutation,lung,seed42_main,source_disjoint,3,2,0.043313036134939364
H98,label_permutation,lung,seed42_main,source_disjoint,3,3,0.04900217787457217
H98,label_permutation,lung,seed42_main,source_disjoint,3,4,0.01026712298324367
H98,label_permutation,lung,seed42_main,source_disjoint,3,5,0.06524734432641449
H98,label_permutation,lung,seed42_main,source_disjoint,3,6,-0.040224009955998064
H98,label_permutation,lung,seed42_main,source_disjoint,3,7,-6.666962976137336e-05
H98,label_permutation,lung,seed42_main,source_disjoint,3,8,-0.062024978887950555
H98,label_permutation,lung,seed42_main,source_disjoint,3,9,0.0031112493888617587
H98,label_permutation,lung,seed42_main,source_disjoint,3,10,0.09302635672696569
H98,label_permutation,lung,seed42_main,source_disjoint,3,11,0.05142450775590024
H98,label_permutation,lung,seed42_main,source_disjoint,3,12,0.06302502333437043
H98,label_permutation,lung,seed42_main,source_disjoint,3,13,0.07295879816880757
H98,label_permutation,lung,seed42_main,source_disjoint,3,14,-0.016511844970887646
H98,label_permutation,lung,seed42_main,source_disjoint,3,15,-0.05875816702964587
H98,label_permutation,lung,seed42_main,source_disjoint,3,16,0.013556158051469036
H98,label_permutation,lung,seed42_main,source_disjoint,3,17,0.001088937286101599
H98,label_permutation,lung,seed42_main,source_disjoint,7,0,0.027378994621983233
H98,label_permutation,lung,seed42_main,source_disjoint,7,1,-0.005933597048757733
H98,label_permutation,lung,seed42_main,source_disjoint,7,2,-0.02333437041646297
H98,label_permutation,lung,seed42_main,source_disjoint,7,3,0.0712476110049336
H98,label_permutation,lung,seed42_main,source_disjoint,7,4,0.008511489399528838
H98,label_permutation,lung,seed42_main,source_disjoint,7,5,-0.036446064269523126
H98,label_permutation,lung,seed42_main,source_disjoint,7,6,0.11860527134539312
H98,label_permutation,lung,seed42_main,source_disjoint,7,7,-0.08502600115560688
H98,label_permutation,lung,seed42_main,source_disjoint,7,8,-0.038446153162362884
H98,label_permutation,lung,seed42_main,source_disjoint,7,9,-0.0036446064269523015
H98,label_permutation,lung,seed42_main,source_disjoint,7,10,-0.057980354682430235
H98,label_permutation,lung,seed42_main,source_disjoint,7,11,0.019134183741499666
H98,label_permutation,lung,seed42_main,source_disjoint,7,12,0.0068891950753366404
H98,label_permutation,lung,seed42_main,source_disjoint,7,13,0.06191386283834843
H98,label_permutation,lung,seed42_main,source_disjoint,7,14,0.03909062625005555
H98,label_permutation,lung,seed42_main,source_disjoint,7,15,0.08631494733099254
H98,label_permutation,lung,seed42_main,source_disjoint,7,16,0.007911462731676921
H98,label_permutation,lung,seed42_main,source_disjoint,7,17,-0.002577892350771105
H98,label_permutation,lung,seed42_main,source_disjoint,11,0,0.08811502733454818
H98,label_permutation,lung,seed42_main,source_disjoint,11,1,-0.0961598293257479
H98,label_permutation,lung,seed42_main,source_disjoint,11,2,-0.02324547757678108
H98,label_permutation,lung,seed42_main,source_disjoint,11,3,0.06111382728121251
H98,label_permutation,lung,seed42_main,source_disjoint,11,4,-0.01646739855104673
H98,label_permutation,lung,seed42_main,source_disjoint,11,5,0.008622605449131071
H98,label_permutation,lung,seed42_main,source_disjoint,11,6,-0.034668207475887836
H98,label_permutation,lung,seed42_main,source_disjoint,11,7,-0.012311658295924177
H98,label_permutation,lung,seed42_main,source_disjoint,11,8,-0.03404595759811546
H98,label_permutation,lung,seed42_main,source_disjoint,11,9,0.10740477354549088
H98,label_permutation,lung,seed42_main,source_disjoint,11,10,0.10107115871816524
H98,label_permutation,lung,seed42_main,source_disjoint,11,11,0.11900528912396102
H98,label_permutation,lung,seed42_main,source_disjoint,11,12,-0.03097915462909462
H98,label_permutation,lung,seed42_main,source_disjoint,11,13,-0.01706742521889859
H98,label_permutation,lung,seed42_main,source_disjoint,11,14,0.030668029690208543
H98,label_permutation,lung,seed42_main,source_disjoint,11,15,-0.08380372460998264
H98,label_permutation,lung,seed42_main,source_disjoint,11,16,0.0523578825725588
H98,label_permutation,lung,seed42_main,source_disjoint,11,17,0.0898039912885017
H98,label_permutation,lung,seed42_main,target_disjoint,0,0,0.06554109227148275
H98,label_permutation,lung,seed42_main,target_disjoint,0,1,-0.007733320524520915
H98,label_permutation,lung,seed42_main,target_disjoint,0,2,0.029684422882943595
H98,label_permutation,lung,seed42_main,target_disjoint,0,3,0.04990633555886459
H98,label_permutation,lung,seed42_main,target_disjoint,0,4,0.16400883808059946
H98,label_permutation,lung,seed42_main,target_disjoint,0,5,0.054805706325952275
H98,label_permutation,lung,seed42_main,target_disjoint,0,6,0.02255151544262446
H98,label_permutation,lung,seed42_main,target_disjoint,0,7,0.1415533887314473
H98,label_permutation,lung,seed42_main,target_disjoint,0,8,0.013593352226331734
H98,label_permutation,lung,seed42_main,target_disjoint,0,9,0.03847447043565977
H98,label_permutation,lung,seed42_main,target_disjoint,0,10,0.107305826408569
H98,label_permutation,lung,seed42_main,target_disjoint,0,11,0.012584658244872426
H98,label_permutation,lung,seed42_main,target_disjoint,0,12,0.044286469090734415
H98,label_permutation,lung,seed42_main,target_disjoint,0,13,-0.01818050818963457
H98,label_permutation,lung,seed42_main,target_disjoint,0,14,0.06378788606561325
H98,label_permutation,lung,seed42_main,target_disjoint,0,15,0.030452951630721814
H98,label_permutation,lung,seed42_main,target_disjoint,0,16,0.03223017435995956
H98,label_permutation,lung,seed42_main,target_disjoint,0,17,0.010255055478168962
H98,label_permutation,lung,seed42_main,target_disjoint,3,0,0.011623997310149292
H98,label_permutation,lung,seed42_main,target_disjoint,3,1,0.1224122196070897
H98,label_permutation,lung,seed42_main,target_disjoint,3,2,-0.02632210961141268
H98,label_permutation,lung,seed42_main,target_disjoint,3,3,-0.0023296027667034647
H98,label_permutation,lung,seed42_main,target_disjoint,3,4,-0.04327777510927522
H98,label_permutation,lung,seed42_main,target_disjoint,3,5,-0.013209087852442347
H98,label_permutation,lung,seed42_main,target_disjoint,3,6,0.04493491522167259
H98,label_permutation,lung,seed42_main,target_disjoint,3,7,0.06991209952447286
H98,label_permutation,lung,seed42_main,target_disjoint,3,8,0.0006004130842020006
H98,label_permutation,lung,seed42_main,target_disjoint,3,9,-0.03446371103319079
H98,label_permutation,lung,seed42_main,target_disjoint,3,10,0.022935779816513735
H98,label_permutation,lung,seed42_main,target_disjoint,3,11,-0.028555646284643743
H98,label_permutation,lung,seed42_main,target_disjoint,3,12,0.06047360584081862
H98,label_permutation,lung,seed42_main,target_disjoint,3,13,-0.0004322974206254493
H98,label_permutation,lung,seed42_main,target_disjoint,3,14,-0.025817762620683027
H98,label_permutation,lung,seed42_main,target_disjoint,3,15,0.09388058984581377
H98,label_permutation,lung,seed42_main,target_disjoint,3,16,0.04733656755848026
H98,label_permutation,lung,seed42_main,target_disjoint,3,17,0.013905567030116806
H98,label_permutation,lung,seed42_main,target_disjoint,7,0,0.02151880493779723
H98,label_permutation,lung,seed42_main,target_disjoint,7,1,0.007757337047888946
H98,label_permutation,lung,seed42_main,target_disjoint,7,2,0.1087708343340218
H98,label_permutation,lung,seed42_main,target_disjoint,7,3,-0.03847447043565977
H98,label_permutation,lung,seed42_main,target_disjoint,7,4,0.013113021758970111
H98,label_permutation,lung,seed42_main,target_disjoint,7,5,-0.008766031029348254
H98,label_permutation,lung,seed42_main,target_disjoint,7,6,0.03355108314520405
H98,label_permutation,lung,seed42_main,target_disjoint,7,7,-0.02692252269561457
H98,label_permutation,lung,seed42_main,target_disjoint,7,8,-0.018876987367308695
H98,label_permutation,lung,seed42_main,target_disjoint,7,9,-0.0150583601517843
H98,label_permutation,lung,seed42_main,target_disjoint,7,10,0.0019453383928142998
H98,label_permutation,lung,seed42_main,target_disjoint,7,11,-0.006580527402853198
H98,label_permutation,lung,seed42_main,target_disjoint,7,12,0.10757000816561796
H98,label_permutation,lung,seed42_main,target_disjoint,7,13,-0.010615303328690096
H98,label_permutation,lung,seed42_main,target_disjoint,7,14,-0.0269465392189826
H98,label_permutation,lung,seed42_main,target_disjoint,7,15,-0.04522311350208952
H98,label_permutation,lung,seed42_main,target_disjoint,7,16,0.03833037129545114
H98,label_permutation,lung,seed42_main,target_disjoint,7,17,0.06573322445842739
H98,label_permutation,lung,seed42_main,target_disjoint,11,0,-0.019813631778663687
H98,label_permutation,lung,seed42_main,target_disjoint,11,1,0.05631874729814107
H98,label_permutation,lung,seed42_main,target_disjoint,11,2,-0.0012968922618761258
H98,label_permutation,lung,seed42_main,target_disjoint,11,3,0.12976127575772123
H98,label_permutation,lung,seed42_main,target_disjoint,11,4,0.05711129256928771
H98,label_permutation,lung,seed42_main,target_disjoint,11,5,-0.02063019357317819
H98,label_permutation,lung,seed42_main,target_disjoint,11,6,-0.01700369854459871
H98,label_permutation,lung,seed42_main,target_disjoint,11,7,-0.023488159853979562
H98,label_permutation,lung,seed42_main,target_disjoint,11,8,0.039315048753542414
H98,label_permutation,lung,seed42_main,target_disjoint,11,9,0.0029300158509054652
H98,label_permutation,lung,seed42_main,target_disjoint,11,10,-0.07493155290840103
H98,label_permutation,lung,seed42_main,target_disjoint,11,11,-0.0070608578702147096
H98,label_permutation,lung,seed42_main,target_disjoint,11,12,-0.027330803592871877
H98,label_permutation,lung,seed42_main,target_disjoint,11,13,-0.04063595753878668
H98,label_permutation,lung,seed42_main,target_disjoint,11,14,-0.03909890004322991
H98,label_permutation,lung,seed42_main,target_disjoint,11,15,0.05850425092463607
H98,label_permutation,lung,seed42_main,target_disjoint,11,16,-0.004491089869830378
H98,label_permutation,lung,seed42_main,target_disjoint,11,17,0.03249435611700846
H98,neighborhood_assignment_shuffle,external_lung,seed42_main,source_disjoint,0,0,0.010861823361823397
H98,neighborhood_assignment_shuffle,external_lung,seed42_main,source_disjoint,0,1,0.01758368945868949
H98,neighborhood_assignment_shuffle,external_lung,seed42_main,source_disjoint,0,2,0.0185185185185186
H98,neighborhood_assignment_shuffle,external_lung,seed42_main,source_disjoint,0,3,0.017049501424501567
H98,neighborhood_assignment_shuffle,external_lung,seed42_main,source_disjoint,0,4,0.00925925925925919
H98,neighborhood_assignment_shuffle,external_lung,seed42_main,source_disjoint,0,5,0.0013799857549856576
H98,neighborhood_assignment_shuffle,external_lung,seed42_main,source_disjoint,0,6,0.016871438746438816
H98,neighborhood_assignment_shuffle,external_lung,seed42_main,source_disjoint,0,7,0.00013354700854695256
H98,neighborhood_assignment_shuffle,external_lung,seed42_main,source_disjoint,0,8,0.0035167378917380088
H98,neighborhood_assignment_shuffle,external_lung,seed42_main,source_disjoint,0,9,0.0008012820512820484
H98,neighborhood_assignment_shuffle,external_lung,seed42_main,source_disjoint,0,10,0.007256054131054235
H98,neighborhood_assignment_shuffle,external_lung,seed42_main,source_disjoint,0,11,0.0002225783475784393
H98,neighborhood_assignment_shuffle,external_lung,seed42_main,source_disjoint,0,12,0.014200498575498655
H98,neighborhood_assignment_shuffle,external_lung,seed42_main,source_disjoint,0,13,0.0019141737891738009
H98,neighborhood_assignment_shuffle,external_lung,seed42_main,source_disjoint,0,14,-0.006632834757834827
H98,neighborhood_assignment_shuffle,external_lung,seed42_main,source_disjoint,0,15,-0.0016915954415954726
H98,neighborhood_assignment_shuffle,external_lung,seed42_main,source_disjoint,0,16,0.02604166666666674
H98,neighborhood_assignment_shuffle,external_lung,seed42_main,source_disjoint,0,17,0.005965099715099731
H98,neighborhood_assignment_shuffle,external_lung,seed42_main,source_disjoint,3,0,0.001558048433048298
H98,neighborhood_assignment_shuffle,external_lung,seed42_main,source_disjoint,3,1,-0.0004896723646724555
H98,neighborhood_assignment_shuffle,external_lung,seed42_main,source_disjoint,3,2,0.014601139601139512
H98,neighborhood_assignment_shuffle,external_lung,seed42_main,source_disjoint,3,3,0.0027154558404557383
H98,neighborhood_assignment_shuffle,external_lung,seed42_main,source_disjoint,3,4,-0.007122507122507282
H98,neighborhood_assignment_shuffle,external_lung,seed42_main,source_disjoint,3,5,-0.0020477207977207534
H98,neighborhood_assignment_shuffle,external_lung,seed42_main,source_disjoint,3,6,0.003783831908831803
H98,neighborhood_assignment_shuffle,external_lung,seed42_main,source_disjoint,3,7,0.005119301994301884
H98,neighborhood_assignment_shuffle,external_lung,seed42_main,source_disjoint,3,8,0.0008903133903133131
H98,neighborhood_assignment_shuffle,external_lung,seed42_main,source_disjoint,3,9,0.005698005698005715
H98,neighborhood_assignment_shuffle,external_lung,seed42_main,source_disjoint,3,10,0.004273504273504147
H98,neighborhood_assignment_shuffle,external_lung,seed42_main,source_disjoint,3,11,0.0033386752136752573
H98,neighborhood_assignment_shuffle,external_lung,seed42_main,source_disjoint,3,12,0.01642628205128216
H98,neighborhood_assignment_shuffle,external_lung,seed42_main,source_disjoint,3,13,-0.0016470797720797847
H98,neighborhood_assignment_shuffle,external_lung,seed42_main,source_disjoint,3,14,0.0014690170940169223
H98,neighborhood_assignment_shuffle,external_lung,seed42_main,source_disjoint,3,15,0.0017361111111110494
H98,neighborhood_assignment_shuffle,external_lung,seed42_main,source_disjoint,3,16,0.031339031339031265
H98,neighborhood_assignment_shuffle,external_lung,seed42_main,source_disjoint,3,17,0.007701210826210669
H98,neighborhood_assignment_shuffle,external_lung,seed42_main,source_disjoint,7,0,0.01157407407407407
H98,neighborhood_assignment_shuffle,external_lung,seed42_main,source_disjoint,7,1,-0.004451566951566899
H98,neighborhood_assignment_shuffle,external_lung,seed42_main,source_disjoint,7,2,-0.0026264245014243626
H98,neighborhood_assignment_shuffle,external_lung,seed42_main,source_disjoint,7,3,-0.006276709401709546
H98,neighborhood_assignment_shuffle,external_lung,seed42_main,source_disjoint,7,4,-0.0017361111111110494
H98,neighborhood_assignment_shuffle,external_lung,seed42_main,source_disjoint,7,5,0.010728276353276445
H98,neighborhood_assignment_shuffle,external_lung,seed42_main,source_disjoint,7,6,0.008413461538461564
H98,neighborhood_assignment_shuffle,external_lung,seed42_main,source_disjoint,7,7,-0.01019408831908819
H98,neighborhood_assignment_shuffle,external_lung,seed42_main,source_disjoint,7,8,0.010772792022792133
H98,neighborhood_assignment_shuffle,external_lung,seed42_main,source_disjoint,7,9,0.0035612535612535856
H98,neighborhood_assignment_shuffle,external_lung,seed42_main,source_disjoint,7,10,-0.004407051282051211
H98,neighborhood_assignment_shuffle,external_lung,seed42_main,source_disjoint,7,11,-0.01215277777777779
H98,neighborhood_assignment_shuffle,external_lung,seed42_main,source_disjoint,7,12,0.0010683760683761756
H98,neighborhood_assignment_shuffle,external_lung,seed42_main,source_disjoint,7,13,-0.010950854700854662
H98,neighborhood_assignment_shuffle,external_lung,seed42_main,source_disjoint,7,14,-0.011841168091168086
H98,neighborhood_assignment_shuffle,external_lung,seed42_main,source_disjoint,7,15,-0.0010238603988603767
H98,neighborhood_assignment_shuffle,external_lung,seed42_main,source_disjoint,7,16,-0.0016470797720797847
H98,neighborhood_assignment_shuffle,external_lung,seed42_main,source_disjoint,7,17,-0.003739316239316115
H98,neighborhood_assignment_shuffle,external_lung,seed42_main,source_disjoint,11,0,-0.002448361823361833
H98,neighborhood_assignment_shuffle,external_lung,seed42_main,source_disjoint,11,1,-0.0008012820512819374
H98,neighborhood_assignment_shuffle,external_lung,seed42_main,source_disjoint,11,2,0.005564458689458762
H98,neighborhood_assignment_shuffle,external_lung,seed42_main,source_disjoint,11,3,0.0030270655270655533
H98,neighborhood_assignment_shuffle,external_lung,seed42_main,source_disjoint,11,4,-0.0013799857549857686
H98,neighborhood_assignment_shuffle,external_lung,seed42_main,source_disjoint,11,5,-0.0082799145299145
H98,neighborhood_assignment_shuffle,external_lung,seed42_main,source_disjoint,11,6,0.0016915954415954726
H98,neighborhood_assignment_shuffle,external_lung,seed42_main,source_disjoint,11,7,0.001602564102564208
H98,neighborhood_assignment_shuffle,external_lung,seed42_main,source_disjoint,11,8,-0.007389601139601076
H98,neighborhood_assignment_shuffle,external_lung,seed42_main,source_disjoint,11,9,-0.008547008547008406
H98,neighborhood_assignment_shuffle,external_lung,seed42_main,source_disjoint,11,10,-0.0033386752136751463
H98,neighborhood_assignment_shuffle,external_lung,seed42_main,source_disjoint,11,11,-0.008502492877492829
H98,neighborhood_assignment_shuffle,external_lung,seed42_main,source_disjoint,11,12,-0.0038728632478631786
H98,neighborhood_assignment_shuffle,external_lung,seed42_main,source_disjoint,11,13,-0.008769586894586845
H98,neighborhood_assignment_shuffle,external_lung,seed42_main,source_disjoint,11,14,0.005297364672364635
H98,neighborhood_assignment_shuffle,external_lung,seed42_main,source_disjoint,11,15,-0.005965099715099731
H98,neighborhood_assignment_shuffle,external_lung,seed42_main,source_disjoint,11,16,-0.002448361823361833
H98,neighborhood_assignment_shuffle,external_lung,seed42_main,source_disjoint,11,17,-0.005965099715099509
H98,neighborhood_assignment_shuffle,external_lung,seed42_main,target_disjoint,0,0,0.001940395044529697
H98,neighborhood_assignment_shuffle,external_lung,seed42_main,target_disjoint,0,1,0.003383252898154221
H98,neighborhood_assignment_shuffle,external_lung,seed42_main,target_disjoint,0,2,0.0038310363699688432
H98,neighborhood_assignment_shuffle,external_lung,seed42_main,target_disjoint,0,3,-0.0004975371909049509
H98,neighborhood_assignment_shuffle,external_lung,seed42_main,target_disjoint,0,4,0.0016418727299866154
H98,neighborhood_assignment_shuffle,external_lung,seed42_main,target_disjoint,0,5,0.0019403950445295859
H98,neighborhood_assignment_shuffle,external_lung,seed42_main,target_disjoint,0,6,-0.0015423652918055142
H98,neighborhood_assignment_shuffle,external_lung,seed42_main,target_disjoint,0,7,-0.0007960595054480324
H98,neighborhood_assignment_shuffle,external_lung,seed42_main,target_disjoint,0,8,0.003731528931787631
H98,neighborhood_assignment_shuffle,external_lung,seed42_main,target_disjoint,0,9,-0.001194089258171882
H98,neighborhood_assignment_shuffle,external_lung,seed42_main,target_disjoint,0,10,0.0027364545499776183
H98,neighborhood_assignment_shuffle,external_lung,seed42_main,target_disjoint,0,11,-0.0007463057863574818
H98,neighborhood_assignment_shuffle,external_lung,seed42_main,target_disjoint,0,12,0.006716752077217891
H98,neighborhood_assignment_shuffle,external_lung,seed42_main,target_disjoint,0,13,-0.0005472909099953904
H98,neighborhood_assignment_shuffle,external_lung,seed42_main,target_disjoint,0,14,0.0063187223244938195
H98,neighborhood_assignment_shuffle,external_lung,seed42_main,target_disjoint,0,15,0.0019901487636201365
H98,neighborhood_assignment_shuffle,external_lung,seed42_main,target_disjoint,0,16,-0.0018408876063484847
H98,neighborhood_assignment_shuffle,external_lung,seed42_main,target_disjoint,0,17,-0.0026867008308870677
H98,neighborhood_assignment_shuffle,external_lung,seed42_main,target_disjoint,3,0,-0.007114781829941963
H98,neighborhood_assignment_shuffle,external_lung,seed42_main,target_disjoint,3,1,-0.010597542166277063
H98,neighborhood_assignment_shuffle,external_lung,seed42_main,target_disjoint,3,2,-0.025424150455246597
H98,neighborhood_assignment_shuffle,external_lung,seed42_main,target_disjoint,3,3,-0.012338922334444558
H98,neighborhood_assignment_shuffle,external_lung,seed42_main,target_disjoint,3,4,-0.005074879347231387
H98,neighborhood_assignment_shuffle,external_lung,seed42_main,target_disjoint,3,5,-0.004826110751778745
H98,neighborhood_assignment_shuffle,external_lung,seed42_main,target_disjoint,3,6,-0.002388178516344208
H98,neighborhood_assignment_shuffle,external_lung,seed42_main,target_disjoint,3,7,-0.006666998358127563
H98,neighborhood_assignment_shuffle,external_lung,seed42_main,target_disjoint,3,8,-0.010498034728095962
H98,neighborhood_assignment_shuffle,external_lung,seed42_main,target_disjoint,3,9,-0.003880790089059283
H98,neighborhood_assignment_shuffle,external_lung,seed42_main,target_disjoint,3,10,-0.010348773570824532
H98,neighborhood_assignment_shuffle,external_lung,seed42_main,target_disjoint,3,11,-0.008507885964475936
H98,neighborhood_assignment_shuffle,external_lung,seed42_main,target_disjoint,3,12,-0.018209861187123755
H98,neighborhood_assignment_shuffle,external_lung,seed42_main,target_disjoint,3,13,-0.006119707448131839
H98,neighborhood_assignment_shuffle,external_lung,seed42_main,target_disjoint,3,14,-0.003831036369968732
H98,neighborhood_assignment_shuffle,external_lung,seed42_main,target_disjoint,3,15,-0.0063187223244939306
H98,neighborhood_assignment_shuffle,external_lung,seed42_main,target_disjoint,3,16,-0.017463555400766384
H98,neighborhood_assignment_shuffle,external_lung,seed42_main,target_disjoint,3,17,0.001442857853624524
H98,neighborhood_assignment_shuffle,external_lung,seed42_main,target_disjoint,7,0,-0.0035822677745159792
H98,neighborhood_assignment_shuffle,external_lung,seed42_main,target_disjoint,7,1,-0.007413304144484711
H98,neighborhood_assignment_shuffle,external_lung,seed42_main,target_disjoint,7,2,-0.0002487685954524199
H98,neighborhood_assignment_shuffle,external_lung,seed42_main,target_disjoint,7,3,0.0004975371909050619
H98,neighborhood_assignment_shuffle,external_lung,seed42_main,target_disjoint,7,4,-0.0036817752126970804
H98,neighborhood_assignment_shuffle,external_lung,seed42_main,target_disjoint,7,5,-0.009403452908104848
H98,neighborhood_assignment_shuffle,external_lung,seed42_main,target_disjoint,7,6,0.0006467983481767137
H98,neighborhood_assignment_shuffle,external_lung,seed42_main,target_disjoint,7,7,-0.00990099009900991
H98,neighborhood_assignment_shuffle,external_lung,seed42_main,target_disjoint,7,8,-0.0024876859545249763
H98,neighborhood_assignment_shuffle,external_lung,seed42_main,target_disjoint,7,9,-0.0021394099208915662
H98,neighborhood_assignment_shuffle,external_lung,seed42_main,target_disjoint,7,10,-0.009453206627195287
H98,neighborhood_assignment_shuffle,external_lung,seed42_main,target_disjoint,7,11,-0.0030349768645203667
H98,neighborhood_assignment_shuffle,external_lung,seed42_main,target_disjoint,7,12,-0.0199014876362007
H98,neighborhood_assignment_shuffle,external_lung,seed42_main,target_disjoint,7,13,-0.010597542166276841
H98,neighborhood_assignment_shuffle,external_lung,seed42_main,target_disjoint,7,14,-0.0038807900890590608
H98,neighborhood_assignment_shuffle,external_lung,seed42_main,target_disjoint,7,15,-0.004527588437235552
H98,neighborhood_assignment_shuffle,external_lung,seed42_main,target_disjoint,7,16,0.004627095875416765
H98,neighborhood_assignment_shuffle,external_lung,seed42_main,target_disjoint,7,17,-0.0032837454599730087
H98,neighborhood_assignment_shuffle,external_lung,seed42_main,target_disjoint,11,0,0.01353301159261655
H98,neighborhood_assignment_shuffle,external_lung,seed42_main,target_disjoint,11,1,-0.012488183491715987
H98,neighborhood_assignment_shuffle,external_lung,seed42_main,target_disjoint,11,2,0.010547788447186512
H98,neighborhood_assignment_shuffle,external_lung,seed42_main,target_disjoint,11,3,-0.005671923976317217
H98,neighborhood_assignment_shuffle,external_lung,seed42_main,target_disjoint,11,4,-0.004328573560873461
H98,neighborhood_assignment_shuffle,external_lung,seed42_main,target_disjoint,11,5,-0.002288671078163107
H98,neighborhood_assignment_shuffle,external_lung,seed42_main,target_disjoint,11,6,0.005224140504502928
H98,neighborhood_assignment_shuffle,external_lung,seed42_main,target_disjoint,11,7,-0.004776357032688083
H98,neighborhood_assignment_shuffle,external_lung,seed42_main,target_disjoint,11,8,-0.00014926115727142975
H98,neighborhood_assignment_shuffle,external_lung,seed42_main,target_disjoint,11,9,-0.011244340514453333
H98,neighborhood_assignment_shuffle,external_lung,seed42_main,target_disjoint,11,10,-0.0036817752126970804
H98,neighborhood_assignment_shuffle,external_lung,seed42_main,target_disjoint,11,11,-0.0007960595054479214
H98,neighborhood_assignment_shuffle,external_lung,seed42_main,target_disjoint,11,12,0.002388178516344208
H98,neighborhood_assignment_shuffle,external_lung,seed42_main,target_disjoint,11,13,-0.0025871933927061885
H98,neighborhood_assignment_shuffle,external_lung,seed42_main,target_disjoint,11,14,0.002189163639982228
H98,neighborhood_assignment_shuffle,external_lung,seed42_main,target_disjoint,11,15,0.01681675705258978
H98,neighborhood_assignment_shuffle,external_lung,seed42_main,target_disjoint,11,16,-0.0040300512463304905
H98,neighborhood_assignment_shuffle,external_lung,seed42_main,target_disjoint,11,17,-0.004776357032688083
H98,neighborhood_assignment_shuffle,immune,seed42_main,source_disjoint,0,0,-0.005286654135338242
H98,neighborhood_assignment_shuffle,immune,seed42_main,source_disjoint,0,1,-0.005580357142857095
H98,neighborhood_assignment_shuffle,immune,seed42_main,source_disjoint,0,2,-0.012100563909774431
H98,neighborhood_assignment_shuffle,immune,seed42_main,source_disjoint,0,3,-0.01233552631578938
H98,neighborhood_assignment_shuffle,immune,seed42_main,source_disjoint,0,4,-0.002702067669172914
H98,neighborhood_assignment_shuffle,immune,seed42_main,source_disjoint,0,5,-0.005697838345864681
H98,neighborhood_assignment_shuffle,immune,seed42_main,source_disjoint,0,6,-0.003230733082706827
H98,neighborhood_assignment_shuffle,immune,seed42_main,source_disjoint,0,7,0.003524436090225569
H98,neighborhood_assignment_shuffle,immune,seed42_main,source_disjoint,0,8,-0.005815319548872155
H98,neighborhood_assignment_shuffle,immune,seed42_main,source_disjoint,0,9,-0.001351033834586346
H98,neighborhood_assignment_shuffle,immune,seed42_main,source_disjoint,0,10,-0.003759398496240629
H98,neighborhood_assignment_shuffle,immune,seed42_main,source_disjoint,0,11,-0.00011748120300747456
H98,neighborhood_assignment_shuffle,immune,seed42_main,source_disjoint,0,12,-0.006109022556390897
H98,neighborhood_assignment_shuffle,immune,seed42_main,source_disjoint,0,13,-0.0015859962406015171
H98,neighborhood_assignment_shuffle,immune,seed42_main,source_disjoint,0,14,-0.014978853383458501
H98,neighborhood_assignment_shuffle,immune,seed42_main,source_disjoint,0,15,-0.00757753759398494
H98,neighborhood_assignment_shuffle,immune,seed42_main,source_disjoint,0,16,-0.012687969924812026
H98,neighborhood_assignment_shuffle,immune,seed42_main,source_disjoint,0,17,-0.007753759398496318
H98,neighborhood_assignment_shuffle,immune,seed42_main,source_disjoint,3,0,-0.0028782894736844034
H98,neighborhood_assignment_shuffle,immune,seed42_main,source_disjoint,3,1,-0.0022908834586465865
H98,neighborhood_assignment_shuffle,immune,seed42_main,source_disjoint,3,2,-0.016682330827067715
H98,neighborhood_assignment_shuffle,immune,seed42_main,source_disjoint,3,3,-0.009046052631578982
H98,neighborhood_assignment_shuffle,immune,seed42_main,source_disjoint,3,4,-0.011454417293233266
H98,neighborhood_assignment_shuffle,immune,seed42_main,source_disjoint,3,5,-0.0015272556390978353
H98,neighborhood_assignment_shuffle,immune,seed42_main,source_disjoint,3,6,-0.011454417293233154
H98,neighborhood_assignment_shuffle,immune,seed42_main,source_disjoint,3,7,0.0012922932330825532
H98,neighborhood_assignment_shuffle,immune,seed42_main,source_disjoint,3,8,-0.015037593984962516
H98,neighborhood_assignment_shuffle,immune,seed42_main,source_disjoint,3,9,-0.002937030075188085
H98,neighborhood_assignment_shuffle,immune,seed42_main,source_disjoint,3,10,-0.009750939849624052
H98,neighborhood_assignment_shuffle,immune,seed42_main,source_disjoint,3,11,-0.008928571428571508
H98,neighborhood_assignment_shuffle,immune,seed42_main,source_disjoint,3,12,-0.006285244360902387
H98,neighborhood_assignment_shuffle,immune,seed42_main,source_disjoint,3,13,-0.005815319548872266
H98,neighborhood_assignment_shuffle,immune,seed42_main,source_disjoint,3,14,-0.008106203007518742
H98,neighborhood_assignment_shuffle,immune,seed42_main,source_disjoint,3,15,-0.0030545112781954487
H98,neighborhood_assignment_shuffle,immune,seed42_main,source_disjoint,3,16,-0.0033482142857144126
H98,neighborhood_assignment_shuffle,immune,seed42_main,source_disjoint,3,17,-0.009457236842105199
H98,neighborhood_assignment_shuffle,immune,seed42_main,source_disjoint,7,0,0.005404135338345939
H98,neighborhood_assignment_shuffle,immune,seed42_main,source_disjoint,7,1,0.003524436090225569
H98,neighborhood_assignment_shuffle,immune,seed42_main,source_disjoint,7,2,0.006990131578947345
H98,neighborhood_assignment_shuffle,immune,seed42_main,source_disjoint,7,3,0.003524436090225569
H98,neighborhood_assignment_shuffle,immune,seed42_main,source_disjoint,7,4,0.003935620300751785
H98,neighborhood_assignment_shuffle,immune,seed42_main,source_disjoint,7,5,0.002937030075187974
H98,neighborhood_assignment_shuffle,immune,seed42_main,source_disjoint,7,6,-0.0007636278195488622
H98,neighborhood_assignment_shuffle,immune,seed42_main,source_disjoint,7,7,0.003935620300751896
H98,neighborhood_assignment_shuffle,immune,seed42_main,source_disjoint,7,8,0.0063439849624060685
H98,neighborhood_assignment_shuffle,immune,seed42_main,source_disjoint,7,9,0.005580357142857095
H98,neighborhood_assignment_shuffle,immune,seed42_main,source_disjoint,7,10,0.0046992481203006475
H98,neighborhood_assignment_shuffle,immune,seed42_main,source_disjoint,7,11,0.011571898496240629
H98,neighborhood_assignment_shuffle,immune,seed42_main,source_disjoint,7,12,0.009809680451127845
H98,neighborhood_assignment_shuffle,immune,seed42_main,source_disjoint,7,13,0.0034069548872179833
H98,neighborhood_assignment_shuffle,immune,seed42_main,source_disjoint,7,14,0.001351033834586457
H98,neighborhood_assignment_shuffle,immune,seed42_main,source_disjoint,7,15,0.0065789473684209065
H98,neighborhood_assignment_shuffle,immune,seed42_main,source_disjoint,7,16,0.0038768796992479926
H98,neighborhood_assignment_shuffle,immune,seed42_main,source_disjoint,7,17,-5.874060150379279e-05
H98,neighborhood_assignment_shuffle,immune,seed42_main,source_disjoint,11,0,-0.0019971804511277336
H98,neighborhood_assignment_shuffle,immune,seed42_main,source_disjoint,11,1,-0.002995770676691656
H98,neighborhood_assignment_shuffle,immune,seed42_main,source_disjoint,11,2,0.004288063909774431
H98,neighborhood_assignment_shuffle,immune,seed42_main,source_disjoint,11,3,0.014156484962406068
H98,neighborhood_assignment_shuffle,immune,seed42_main,source_disjoint,11,4,0.0009985902255638113
H98,neighborhood_assignment_shuffle,immune,seed42_main,source_disjoint,11,5,0.01445018796992481
H98,neighborhood_assignment_shuffle,immune,seed42_main,source_disjoint,11,6,0.0036419172932331545
H98,neighborhood_assignment_shuffle,immune,seed42_main,source_disjoint,11,7,0.004757988721804551
H98,neighborhood_assignment_shuffle,immune,seed42_main,source_disjoint,11,8,-0.002467105263157854
H98,neighborhood_assignment_shuffle,immune,seed42_main,source_disjoint,11,9,0.0049929511278195005
H98,neighborhood_assignment_shuffle,immune,seed42_main,source_disjoint,11,10,-0.002114661654135319
H98,neighborhood_assignment_shuffle,immune,seed42_main,source_disjoint,11,11,-0.005756578947368474
H98,neighborhood_assignment_shuffle,immune,seed42_main,source_disjoint,11,12,0.008576127819548862
H98,neighborhood_assignment_shuffle,immune,seed42_main,source_disjoint,11,13,-0.005815319548872155
H98,neighborhood_assignment_shuffle,immune,seed42_main,source_disjoint,11,14,0.0015272556390978353
H98,neighborhood_assignment_shuffle,immune,seed42_main,source_disjoint,11,15,0.004523026315789491
H98,neighborhood_assignment_shuffle,immune,seed42_main,source_disjoint,11,16,-0.007225093984962405
H98,neighborhood_assignment_shuffle,immune,seed42_main,source_disjoint,11,17,-0.004934210526315708
H98,neighborhood_assignment_shuffle,immune,seed42_main,target_disjoint,0,0,-0.0031999999999998696
H98,neighborhood_assignment_shuffle,immune,seed42_main,target_disjoint,0,1,-0.0031407407407408883
H98,neighborhood_assignment_shuffle,immune,seed42_main,target_disjoint,0,2,-0.0006518518518519034
H98,neighborhood_assignment_shuffle,immune,seed42_main,target_disjoint,0,3,0.000592592592592589
H98,neighborhood_assignment_shuffle,immune,seed42_main,target_disjoint,0,4,0.0030222222222221484
H98,neighborhood_assignment_shuffle,immune,seed42_main,target_disjoint,0,5,-0.002074074074074117
H98,neighborhood_assignment_shuffle,immune,seed42_main,target_disjoint,0,6,-0.0032000000000000917
H98,neighborhood_assignment_shuffle,immune,seed42_main,target_disjoint,0,7,-0.007407407407407529
H98,neighborhood_assignment_shuffle,immune,seed42_main,target_disjoint,0,8,-0.006162962962963037
H98,neighborhood_assignment_shuffle,immune,seed42_main,target_disjoint,0,9,-0.0010074074074075678
H98,neighborhood_assignment_shuffle,immune,seed42_main,target_disjoint,0,10,-0.0022518518518518382
H98,neighborhood_assignment_shuffle,immune,seed42_main,target_disjoint,0,11,0.0001777777777777212
H98,neighborhood_assignment_shuffle,immune,seed42_main,target_disjoint,0,12,-5.925925925931441e-05
H98,neighborhood_assignment_shuffle,immune,seed42_main,target_disjoint,0,13,0.0004740740740740712
H98,neighborhood_assignment_shuffle,immune,seed42_main,target_disjoint,0,14,-0.0050962962962963765
H98,neighborhood_assignment_shuffle,immune,seed42_main,target_disjoint,0,15,5.925925925920339e-05
H98,neighborhood_assignment_shuffle,immune,seed42_main,target_disjoint,0,16,-0.000888888888888939
H98,neighborhood_assignment_shuffle,immune,seed42_main,target_disjoint,0,17,-0.0030222222222222594
H98,neighborhood_assignment_shuffle,immune,seed42_main,target_disjoint,3,0,-0.0014222222222223246
H98,neighborhood_assignment_shuffle,immune,seed42_main,target_disjoint,3,1,-0.0034962962962963307
H98,neighborhood_assignment_shuffle,immune,seed42_main,target_disjoint,3,2,-0.01534814814814811
H98,neighborhood_assignment_shuffle,immune,seed42_main,target_disjoint,3,3,0.00456296296296288
H98,neighborhood_assignment_shuffle,immune,seed42_main,target_disjoint,3,4,0.0007111111111109958
H98,neighborhood_assignment_shuffle,immune,seed42_main,target_disjoint,3,5,-0.005629629629629651
H98,neighborhood_assignment_shuffle,immune,seed42_main,target_disjoint,3,6,-0.00817777777777795
H98,neighborhood_assignment_shuffle,immune,seed42_main,target_disjoint,3,7,0.0023111111111110416
H98,neighborhood_assignment_shuffle,immune,seed42_main,target_disjoint,3,8,0.00456296296296288
H98,neighborhood_assignment_shuffle,immune,seed42_main,target_disjoint,3,9,0.004622222222222194
H98,neighborhood_assignment_shuffle,immune,seed42_main,target_disjoint,3,10,-0.018903703703703756
H98,neighborhood_assignment_shuffle,immune,seed42_main,target_disjoint,3,11,0.002666666666666595
H98,neighborhood_assignment_shuffle,immune,seed42_main,target_disjoint,3,12,0.0031407407407406662
H98,neighborhood_assignment_shuffle,immune,seed42_main,target_disjoint,3,13,-0.004681481481481509
H98,neighborhood_assignment_shuffle,immune,seed42_main,target_disjoint,3,14,-0.008592592592592707
H98,neighborhood_assignment_shuffle,immune,seed42_main,target_disjoint,3,15,0.0023111111111110416
H98,neighborhood_assignment_shuffle,immune,seed42_main,target_disjoint,3,16,-0.003259259259259295
H98,neighborhood_assignment_shuffle,immune,seed42_main,target_disjoint,3,17,-0.031229629629629718
H98,neighborhood_assignment_shuffle,immune,seed42_main,target_disjoint,7,0,-0.0034962962962963307
H98,neighborhood_assignment_shuffle,immune,seed42_main,target_disjoint,7,1,0.0015407407407408424
H98,neighborhood_assignment_shuffle,immune,seed42_main,target_disjoint,7,2,0.0004740740740740712
H98,neighborhood_assignment_shuffle,immune,seed42_main,target_disjoint,7,3,-0.014696296296296318
H98,neighborhood_assignment_shuffle,immune,seed42_main,target_disjoint,7,4,-0.0027259259259259094
H98,neighborhood_assignment_shuffle,immune,seed42_main,target_disjoint,7,5,0.00011851851851840678
H98,neighborhood_assignment_shuffle,immune,seed42_main,target_disjoint,7,6,-0.02002962962962962
H98,neighborhood_assignment_shuffle,immune,seed42_main,target_disjoint,7,7,-0.0031999999999998696
H98,neighborhood_assignment_shuffle,immune,seed42_main,target_disjoint,7,8,-0.0032000000000000917
H98,neighborhood_assignment_shuffle,immune,seed42_main,target_disjoint,7,9,-0.006637037037037108
H98,neighborhood_assignment_shuffle,immune,seed42_main,target_disjoint,7,10,-0.003674074074074052
H98,neighborhood_assignment_shuffle,immune,seed42_main,target_disjoint,7,11,-0.010370370370370363
H98,neighborhood_assignment_shuffle,immune,seed42_main,target_disjoint,7,12,-0.03051851851851861
H98,neighborhood_assignment_shuffle,immune,seed42_main,target_disjoint,7,13,-0.010785185185185231
H98,neighborhood_assignment_shuffle,immune,seed42_main,target_disjoint,7,14,-0.006637037037037108
H98,neighborhood_assignment_shuffle,immune,seed42_main,target_disjoint,7,15,-0.012325925925925851
H98,neighborhood_assignment_shuffle,immune,seed42_main,target_disjoint,7,16,0.004622222222222194
H98,neighborhood_assignment_shuffle,immune,seed42_main,target_disjoint,7,17,-0.008000000000000007
H98,neighborhood_assignment_shuffle,immune,seed42_main,target_disjoint,11,0,-0.005925925925926001
H98,neighborhood_assignment_shuffle,immune,seed42_main,target_disjoint,11,1,-0.007644444444444454
H98,neighborhood_assignment_shuffle,immune,seed42_main,target_disjoint,11,2,-0.011555555555555763
H98,neighborhood_assignment_shuffle,immune,seed42_main,target_disjoint,11,3,0.006162962962962815
H98,neighborhood_assignment_shuffle,immune,seed42_main,target_disjoint,11,4,0.0010666666666665492
H98,neighborhood_assignment_shuffle,immune,seed42_main,target_disjoint,11,5,-0.005570370370370448
H98,neighborhood_assignment_shuffle,immune,seed42_main,target_disjoint,11,6,-0.0013629629629630102
H98,neighborhood_assignment_shuffle,immune,seed42_main,target_disjoint,11,7,-0.0018962962962963958
H98,neighborhood_assignment_shuffle,immune,seed42_main,target_disjoint,11,8,0.00023703703703681356
H98,neighborhood_assignment_shuffle,immune,seed42_main,target_disjoint,11,9,-0.001777777777777878
H98,neighborhood_assignment_shuffle,immune,seed42_main,target_disjoint,11,10,-0.003851851851851995
H98,neighborhood_assignment_shuffle,immune,seed42_main,target_disjoint,11,11,-0.009777777777777774
H98,neighborhood_assignment_shuffle,immune,seed42_main,target_disjoint,11,12,-0.01274074074074083
H98,neighborhood_assignment_shuffle,immune,seed42_main,target_disjoint,11,13,-0.009125925925926093
H98,neighborhood_assignment_shuffle,immune,seed42_main,target_disjoint,11,14,-0.011259259259259302
H98,neighborhood_assignment_shuffle,immune,seed42_main,target_disjoint,11,15,-0.008888888888888946
H98,neighborhood_assignment_shuffle,immune,seed42_main,target_disjoint,11,16,-0.004029629629629716
H98,neighborhood_assignment_shuffle,immune,seed42_main,target_disjoint,11,17,-0.0034962962962963307
H98,neighborhood_assignment_shuffle,lung,seed42_main,source_disjoint,0,0,-0.003511267167429666
H98,neighborhood_assignment_shuffle,lung,seed42_main,source_disjoint,0,1,-0.005866927418996526
H98,neighborhood_assignment_shuffle,lung,seed42_main,source_disjoint,0,2,-0.014000622249877859
H98,neighborhood_assignment_shuffle,lung,seed42_main,source_disjoint,0,3,-0.0005333570380906538
H98,neighborhood_assignment_shuffle,lung,seed42_main,source_disjoint,0,4,0.0004889106182496272
H98,neighborhood_assignment_shuffle,lung,seed42_main,source_disjoint,0,5,-0.012356104715765093
H98,neighborhood_assignment_shuffle,lung,seed42_main,source_disjoint,0,6,-0.005778034579314584
H98,neighborhood_assignment_shuffle,lung,seed42_main,source_disjoint,0,7,-0.025556691408507137
H98,neighborhood_assignment_shuffle,lung,seed42_main,source_disjoint,0,8,-0.020045335348237714
H98,neighborhood_assignment_shuffle,lung,seed42_main,source_disjoint,0,9,-0.007289212853904714
H98,neighborhood_assignment_shuffle,lung,seed42_main,source_disjoint,0,10,-0.012089426196719932
H98,neighborhood_assignment_shuffle,lung,seed42_main,source_disjoint,0,11,-0.02195653140139564
H98,neighborhood_assignment_shuffle,lung,seed42_main,source_disjoint,0,12,-0.0034668207475887503
H98,neighborhood_assignment_shuffle,lung,seed42_main,source_disjoint,0,13,-0.007155873594381967
H98,neighborhood_assignment_shuffle,lung,seed42_main,source_disjoint,0,14,-0.013467265211787316
H98,neighborhood_assignment_shuffle,lung,seed42_main,source_disjoint,0,15,-0.011867194097515577
H98,neighborhood_assignment_shuffle,lung,seed42_main,source_disjoint,0,16,0.010267122983243726
H98,neighborhood_assignment_shuffle,lung,seed42_main,source_disjoint,0,17,0.004533534823769836
H98,neighborhood_assignment_shuffle,lung,seed42_main,source_disjoint,3,0,-0.008133694830881444
H98,neighborhood_assignment_shuffle,lung,seed42_main,source_disjoint,3,1,-0.017200764478421338
H98,neighborhood_assignment_shuffle,lung,seed42_main,source_disjoint,3,2,-0.010578247922130024
H98,neighborhood_assignment_shuffle,lung,seed42_main,source_disjoint,3,3,-0.005244677541224152
H98,neighborhood_assignment_shuffle,lung,seed42_main,source_disjoint,3,4,-0.019378639050624646
H98,neighborhood_assignment_shuffle,lung,seed42_main,source_disjoint,3,5,-0.012222765456242568
H98,neighborhood_assignment_shuffle,lung,seed42_main,source_disjoint,3,6,-0.011911640517356492
H98,neighborhood_assignment_shuffle,lung,seed42_main,source_disjoint,3,7,-0.007333659273745519
H98,neighborhood_assignment_shuffle,lung,seed42_main,source_disjoint,3,8,-0.014222854349082215
H98,neighborhood_assignment_shuffle,lung,seed42_main,source_disjoint,3,9,-0.015600693364149487
H98,neighborhood_assignment_shuffle,lung,seed42_main,source_disjoint,3,10,-0.007155873594381967
H98,neighborhood_assignment_shuffle,lung,seed42_main,source_disjoint,3,11,-0.0028445708698165983
H98,neighborhood_assignment_shuffle,lung,seed42_main,source_disjoint,3,12,-0.001644517534112655
H98,neighborhood_assignment_shuffle,lung,seed42_main,source_disjoint,3,13,-0.006622516556291536
H98,neighborhood_assignment_shuffle,lung,seed42_main,source_disjoint,3,14,-0.010622694341970829
H98,neighborhood_assignment_shuffle,lung,seed42_main,source_disjoint,3,15,-0.027245655362460708
H98,neighborhood_assignment_shuffle,lung,seed42_main,source_disjoint,3,16,0.001955642472998731
H98,neighborhood_assignment_shuffle,lung,seed42_main,source_disjoint,3,17,-0.013689497310991672
H98,neighborhood_assignment_shuffle,lung,seed42_main,source_disjoint,7,0,-0.012311658295924288
H98,neighborhood_assignment_shuffle,lung,seed42_main,source_disjoint,7,1,-0.013778390150673281
H98,neighborhood_assignment_shuffle,lung,seed42_main,source_disjoint,7,2,0.01773412151651177
H98,neighborhood_assignment_shuffle,lung,seed42_main,source_disjoint,7,3,-0.01257833681496967
H98,neighborhood_assignment_shuffle,lung,seed42_main,source_disjoint,7,4,-0.017600782256989134
H98,neighborhood_assignment_shuffle,lung,seed42_main,source_disjoint,7,5,0.0001333392595226357
H98,neighborhood_assignment_shuffle,lung,seed42_main,source_disjoint,7,6,-0.011244944219743092
H98,neighborhood_assignment_shuffle,lung,seed42_main,source_disjoint,7,7,0.0031112493888616477
H98,neighborhood_assignment_shuffle,lung,seed42_main,source_disjoint,7,8,-0.006266945197564322
H98,neighborhood_assignment_shuffle,lung,seed42_main,source_disjoint,7,9,0.004400195564247311
H98,neighborhood_assignment_shuffle,lung,seed42_main,source_disjoint,7,10,-0.003511267167429777
H98,neighborhood_assignment_shuffle,lung,seed42_main,source_disjoint,7,11,0.05182452553446826
H98,neighborhood_assignment_shuffle,lung,seed42_main,source_disjoint,7,12,0.017334103737943862
H98,neighborhood_assignment_shuffle,lung,seed42_main,source_disjoint,7,13,0.028179030179119158
H98,neighborhood_assignment_shuffle,lung,seed42_main,source_disjoint,7,14,-0.0028001244499755717
H98,neighborhood_assignment_shuffle,lung,seed42_main,source_disjoint,7,15,0.004089070625361235
H98,neighborhood_assignment_shuffle,lung,seed42_main,source_disjoint,7,16,0.03577936797190995
H98,neighborhood_assignment_shuffle,lung,seed42_main,source_disjoint,7,17,-0.005022445442019574
H98,neighborhood_assignment_shuffle,lung,seed42_main,source_disjoint,11,0,-0.0037779456864749372
H98,neighborhood_assignment_shuffle,lung,seed42_main,source_disjoint,11,1,0.004755766922974414
H98,neighborhood_assignment_shuffle,lung,seed42_main,source_disjoint,11,2,-0.001955642472998842
H98,neighborhood_assignment_shuffle,lung,seed42_main,source_disjoint,11,3,-0.0025334459309303003
H98,neighborhood_assignment_shuffle,lung,seed42_main,source_disjoint,11,4,-0.0001777856793636623
H98,neighborhood_assignment_shuffle,lung,seed42_main,source_disjoint,11,5,-0.009778212364994099
H98,neighborhood_assignment_shuffle,lung,seed42_main,source_disjoint,11,6,-0.006266945197564211
H98,neighborhood_assignment_shuffle,lung,seed42_main,source_disjoint,11,7,0.0029334637094980964
H98,neighborhood_assignment_shuffle,lung,seed42_main,source_disjoint,11,8,0.0024001066714076646
H98,neighborhood_assignment_shuffle,lung,seed42_main,source_disjoint,11,9,0.007333659273745519
H98,neighborhood_assignment_shuffle,lung,seed42_main,source_disjoint,11,10,-0.0029334637094982075
H98,neighborhood_assignment_shuffle,lung,seed42_main,source_disjoint,11,11,-0.0052891239610649565
H98,neighborhood_assignment_shuffle,lung,seed42_main,source_disjoint,11,12,-0.004844659762656023
H98,neighborhood_assignment_shuffle,lung,seed42_main,source_disjoint,11,13,-0.0025334459309303003
H98,neighborhood_assignment_shuffle,lung,seed42_main,source_disjoint,11,14,0.01942308547046534
H98,neighborhood_assignment_shuffle,lung,seed42_main,source_disjoint,11,15,0.01960087114982889
H98,neighborhood_assignment_shuffle,lung,seed42_main,source_disjoint,11,16,0.0021334281523622822
H98,neighborhood_assignment_shuffle,lung,seed42_main,source_disjoint,11,17,-0.014133961509400494
H98,neighborhood_assignment_shuffle,lung,seed42_main,target_disjoint,0,0,0.006676593496325323
H98,neighborhood_assignment_shuffle,lung,seed42_main,target_disjoint,0,1,-0.000528363514097796
H98,neighborhood_assignment_shuffle,lung,seed42_main,target_disjoint,0,2,-0.00105672702819537
H98,neighborhood_assignment_shuffle,lung,seed42_main,target_disjoint,0,3,0.005379701234449308
H98,neighborhood_assignment_shuffle,lung,seed42_main,target_disjoint,0,4,0.003842643738892204
H98,neighborhood_assignment_shuffle,lung,seed42_main,target_disjoint,0,5,0.0049474038138237475
H98,neighborhood_assignment_shuffle,lung,seed42_main,target_disjoint,0,6,0.004178875066045418
H98,neighborhood_assignment_shuffle,lung,seed42_main,target_disjoint,0,7,0.00024016523368075582
H98,neighborhood_assignment_shuffle,lung,seed42_main,target_disjoint,0,8,0.00019213218694447143
H98,neighborhood_assignment_shuffle,lung,seed42_main,target_disjoint,0,9,0.001200826168403779
H98,neighborhood_assignment_shuffle,lung,seed42_main,target_disjoint,0,10,0.00302608194437759
H98,neighborhood_assignment_shuffle,lung,seed42_main,target_disjoint,0,11,-0.003794610692156253
H98,neighborhood_assignment_shuffle,lung,seed42_main,target_disjoint,0,12,0.003698544598683795
H98,neighborhood_assignment_shuffle,lung,seed42_main,target_disjoint,0,13,-0.0031221480378500477
H98,neighborhood_assignment_shuffle,lung,seed42_main,target_disjoint,0,14,-0.0053316681877131344
H98,neighborhood_assignment_shuffle,lung,seed42_main,target_disjoint,0,15,-0.0016331235890292284
H98,neighborhood_assignment_shuffle,lung,seed42_main,target_disjoint,0,16,-0.0022095201498630868
H98,neighborhood_assignment_shuffle,lung,seed42_main,target_disjoint,0,17,0.000528363514097685
H98,neighborhood_assignment_shuffle,lung,seed42_main,target_disjoint,3,0,0.004371007252990111
H98,neighborhood_assignment_shuffle,lung,seed42_main,target_disjoint,3,1,0.0013449253086124102
H98,neighborhood_assignment_shuffle,lung,seed42_main,target_disjoint,3,2,0.005379701234449308
H98,neighborhood_assignment_shuffle,lung,seed42_main,target_disjoint,3,3,0.005139536000768552
H98,neighborhood_assignment_shuffle,lung,seed42_main,target_disjoint,3,4,-0.004851337720351512
H98,neighborhood_assignment_shuffle,lung,seed42_main,target_disjoint,3,5,-0.010183005908064757
H98,neighborhood_assignment_shuffle,lung,seed42_main,target_disjoint,3,6,0.00043229742062533827
H98,neighborhood_assignment_shuffle,lung,seed42_main,target_disjoint,3,7,0.0017772227292377485
H98,neighborhood_assignment_shuffle,lung,seed42_main,target_disjoint,3,8,0.001056727028195481
H98,neighborhood_assignment_shuffle,lung,seed42_main,target_disjoint,3,9,0.015226475815360963
H98,neighborhood_assignment_shuffle,lung,seed42_main,target_disjoint,3,10,-0.0037946106921560308
H98,neighborhood_assignment_shuffle,lung,seed42_main,target_disjoint,3,11,-0.0021614871031269134
H98,neighborhood_assignment_shuffle,lung,seed42_main,target_disjoint,3,12,0.003794610692156364
H98,neighborhood_assignment_shuffle,lung,seed42_main,target_disjoint,3,13,0.005283635140977072
H98,neighborhood_assignment_shuffle,lung,seed42_main,target_disjoint,3,14,0.0022095201498631978
H98,neighborhood_assignment_shuffle,lung,seed42_main,target_disjoint,3,15,-0.0015370574955568816
H98,neighborhood_assignment_shuffle,lung,seed42_main,target_disjoint,3,16,-0.005667899514866126
H98,neighborhood_assignment_shuffle,lung,seed42_main,target_disjoint,3,17,0.0034583793650031502
H98,neighborhood_assignment_shuffle,lung,seed42_main,target_disjoint,7,0,-0.0012968922618762369
H98,neighborhood_assignment_shuffle,lung,seed42_main,target_disjoint,7,1,0.0003842643738891649
H98,neighborhood_assignment_shuffle,lung,seed42_main,target_disjoint,7,2,-0.00465920553340704
H98,neighborhood_assignment_shuffle,lung,seed42_main,target_disjoint,7,3,0.003026081944377701
H98,neighborhood_assignment_shuffle,lung,seed42_main,target_disjoint,7,4,-0.003266247178058568
H98,neighborhood_assignment_shuffle,lung,seed42_main,target_disjoint,7,5,-0.00024016523368075582
H98,neighborhood_assignment_shuffle,lung,seed42_main,target_disjoint,7,6,-0.0012008261684038901
H98,neighborhood_assignment_shuffle,lung,seed42_main,target_disjoint,7,7,-0.004707238580143214
H98,neighborhood_assignment_shuffle,lung,seed42_main,target_disjoint,7,8,-0.003794610692156253
H98,neighborhood_assignment_shuffle,lung,seed42_main,target_disjoint,7,9,0.011960228637302395
H98,neighborhood_assignment_shuffle,lung,seed42_main,target_disjoint,7,10,0.01008693981459241
H98,neighborhood_assignment_shuffle,lung,seed42_main,target_disjoint,7,11,0.0035064124117392126
H98,neighborhood_assignment_shuffle,lung,seed42_main,target_disjoint,7,12,-0.0035064124117394346
H98,neighborhood_assignment_shuffle,lung,seed42_main,target_disjoint,7,13,-0.00509150295403249
H98,neighborhood_assignment_shuffle,lung,seed42_main,target_disjoint,7,14,-0.0017291896825015751
H98,neighborhood_assignment_shuffle,lung,seed42_main,target_disjoint,7,15,-0.0012488592151400635
H98,neighborhood_assignment_shuffle,lung,seed42_main,target_disjoint,7,16,-0.001200826168403779
H98,neighborhood_assignment_shuffle,lung,seed42_main,target_disjoint,7,17,-0.004178875066045529
H98,neighborhood_assignment_shuffle,lung,seed42_main,target_disjoint,11,0,-0.0013929583553484726
H98,neighborhood_assignment_shuffle,lung,seed42_main,target_disjoint,11,1,0.0034583793650030392
H98,neighborhood_assignment_shuffle,lung,seed42_main,target_disjoint,11,2,0.0032182141313222834
H98,neighborhood_assignment_shuffle,lung,seed42_main,target_disjoint,11,3,0.00317018108458611
H98,neighborhood_assignment_shuffle,lung,seed42_main,target_disjoint,11,4,0.0034583793650031502
H98,neighborhood_assignment_shuffle,lung,seed42_main,target_disjoint,11,5,0.006484461309380851
H98,neighborhood_assignment_shuffle,lung,seed42_main,target_disjoint,11,6,-0.005523800374657717
H98,neighborhood_assignment_shuffle,lung,seed42_main,target_disjoint,11,7,9.606609347212469e-05
H98,neighborhood_assignment_shuffle,lung,seed42_main,target_disjoint,11,8,0.0036024785052115593
H98,neighborhood_assignment_shuffle,lung,seed42_main,target_disjoint,11,9,0.0037946106921560308
H98,neighborhood_assignment_shuffle,lung,seed42_main,target_disjoint,11,10,0.011191699889523954
H98,neighborhood_assignment_shuffle,lung,seed42_main,target_disjoint,11,11,0.0029780488976415276
H98,neighborhood_assignment_shuffle,lung,seed42_main,target_disjoint,11,12,-0.001056727028195592
H98,neighborhood_assignment_shuffle,lung,seed42_main,target_disjoint,11,13,0.007204957010423008
H98,neighborhood_assignment_shuffle,lung,seed42_main,target_disjoint,11,14,0.005619866468130064
H98,neighborhood_assignment_shuffle,lung,seed42_main,target_disjoint,11,15,-0.0002881982804170402
H98,neighborhood_assignment_shuffle,lung,seed42_main,target_disjoint,11,16,0.02348815985397945
H98,neighborhood_assignment_shuffle,lung,seed42_main,target_disjoint,11,17,0.0016811566357652907
H98,radius_order_permutation,external_lung,seed42_main,source_disjoint,0,0,0.015268874643874608
H98,radius_order_permutation,external_lung,seed42_main,source_disjoint,0,1,0.007745726495726579
H98,radius_order_permutation,external_lung,seed42_main,source_disjoint,0,2,0.010683760683760646
H98,radius_order_permutation,external_lung,seed42_main,source_disjoint,0,3,0.01411146723646739
H98,radius_order_permutation,external_lung,seed42_main,source_disjoint,0,4,0.012731481481481621
H98,radius_order_permutation,external_lung,seed42_main,source_disjoint,0,5,0.012019230769230727
H98,radius_order_permutation,external_lung,seed42_main,source_disjoint,0,6,0.010105056980057037
H98,radius_order_permutation,external_lung,seed42_main,source_disjoint,0,7,0.009170227920227925
H98,radius_order_permutation,external_lung,seed42_main,source_disjoint,0,8,0.012553418803418759
H98,radius_order_permutation,external_lung,seed42_main,source_disjoint,0,9,0.006810897435897467
H98,radius_order_permutation,external_lung,seed42_main,source_disjoint,0,10,0.012865028490028574
H98,radius_order_permutation,external_lung,seed42_main,source_disjoint,0,11,0.01215277777777779
H98,radius_order_permutation,external_lung,seed42_main,source_disjoint,0,12,0.008903133903133909
H98,radius_order_permutation,external_lung,seed42_main,source_disjoint,0,13,0.008947649572649596
H98,radius_order_permutation,external_lung,seed42_main,source_disjoint,0,14,0.00948183760683774
H98,radius_order_permutation,external_lung,seed42_main,source_disjoint,0,15,0.011039886039886038
H98,radius_order_permutation,external_lung,seed42_main,source_disjoint,0,16,0.010550213675213693
H98,radius_order_permutation,external_lung,seed42_main,source_disjoint,0,17,0.01388888888888895
H98,radius_order_permutation,external_lung,seed42_main,source_disjoint,3,0,0.001246438746438705
H98,radius_order_permutation,external_lung,seed42_main,source_disjoint,3,1,0.010327635327635254
H98,radius_order_permutation,external_lung,seed42_main,source_disjoint,3,2,0.010995370370370239
H98,radius_order_permutation,external_lung,seed42_main,source_disjoint,3,3,0.0038728632478631786
H98,radius_order_permutation,external_lung,seed42_main,source_disjoint,3,4,0.004985754985754931
H98,radius_order_permutation,external_lung,seed42_main,source_disjoint,3,5,0.006321225071225012
H98,radius_order_permutation,external_lung,seed42_main,source_disjoint,3,6,0.006276709401709213
H98,radius_order_permutation,external_lung,seed42_main,source_disjoint,3,7,-0.0011128917378918635
H98,radius_order_permutation,external_lung,seed42_main,source_disjoint,3,8,0.004184472934472883
H98,radius_order_permutation,external_lung,seed42_main,source_disjoint,3,9,0.0067218660968660915
H98,radius_order_permutation,external_lung,seed42_main,source_disjoint,3,10,0.009659900284900158
H98,radius_order_permutation,external_lung,seed42_main,source_disjoint,3,11,0.0036502849002847393
H98,radius_order_permutation,external_lung,seed42_main,source_disjoint,3,12,0.012241809116808944
H98,radius_order_permutation,external_lung,seed42_main,source_disjoint,3,13,0.010995370370370239
H98,radius_order_permutation,external_lung,seed42_main,source_disjoint,3,14,-0.005252849002849058
H98,radius_order_permutation,external_lung,seed42_main,source_disjoint,3,15,0.006588319088319028
H98,radius_order_permutation,external_lung,seed42_main,source_disjoint,3,16,0.006009615384615308
H98,radius_order_permutation,external_lung,seed42_main,source_disjoint,3,17,-0.0008903133903135352
H98,radius_order_permutation,external_lung,seed42_main,source_disjoint,7,0,-0.011485042735042694
H98,radius_order_permutation,external_lung,seed42_main,source_disjoint,7,1,-0.008947649572649596
H98,radius_order_permutation,external_lung,seed42_main,source_disjoint,7,2,-0.003071581196581019
H98,radius_order_permutation,external_lung,seed42_main,source_disjoint,7,3,0.0293358262108262
H98,radius_order_permutation,external_lung,seed42_main,source_disjoint,7,4,-0.00026709401709401615
H98,radius_order_permutation,external_lung,seed42_main,source_disjoint,7,5,-0.005430911680911699
H98,radius_order_permutation,external_lung,seed42_main,source_disjoint,7,6,0.005653490028490027
H98,radius_order_permutation,external_lung,seed42_main,source_disjoint,7,7,0.0029825498575499765
H98,radius_order_permutation,external_lung,seed42_main,source_disjoint,7,8,-0.002804487179487114
H98,radius_order_permutation,external_lung,seed42_main,source_disjoint,7,9,0.007567663817663939
H98,radius_order_permutation,external_lung,seed42_main,source_disjoint,7,10,-0.004006410256410242
H98,radius_order_permutation,external_lung,seed42_main,source_disjoint,7,11,-0.0060986467236466835
H98,radius_order_permutation,external_lung,seed42_main,source_disjoint,7,12,0.004941239316239354
H98,radius_order_permutation,external_lung,seed42_main,source_disjoint,7,13,-0.008725071225071268
H98,radius_order_permutation,external_lung,seed42_main,source_disjoint,7,14,0.0026264245014244736
H98,radius_order_permutation,external_lung,seed42_main,source_disjoint,7,15,0.003783831908831914
H98,radius_order_permutation,external_lung,seed42_main,source_disjoint,7,16,0.00405092592592593
H98,radius_order_permutation,external_lung,seed42_main,source_disjoint,7,17,0.004585113960114073
H98,radius_order_permutation,external_lung,seed42_main,source_disjoint,11,0,-0.0073450854700853885
H98,radius_order_permutation,external_lung,seed42_main,source_disjoint,11,1,-0.004273504273504258
H98,radius_order_permutation,external_lung,seed42_main,source_disjoint,11,2,-0.0005341880341880323
H98,radius_order_permutation,external_lung,seed42_main,source_disjoint,11,3,-0.000623219373219297
H98,radius_order_permutation,external_lung,seed42_main,source_disjoint,11,4,-0.00044515669515654555
H98,radius_order_permutation,external_lung,seed42_main,source_disjoint,11,5,-0.006009615384615419
H98,radius_order_permutation,external_lung,seed42_main,source_disjoint,11,6,-0.0023593304843303464
H98,radius_order_permutation,external_lung,seed42_main,source_disjoint,11,7,-0.0007567663817663606
H98,radius_order_permutation,external_lung,seed42_main,source_disjoint,11,8,-0.009704415954415846
H98,radius_order_permutation,external_lung,seed42_main,source_disjoint,11,9,-0.005876068376068355
H98,radius_order_permutation,external_lung,seed42_main,source_disjoint,11,10,-0.0020477207977206424
H98,radius_order_permutation,external_lung,seed42_main,source_disjoint,11,11,-0.0011128917378916414
H98,radius_order_permutation,external_lung,seed42_main,source_disjoint,11,12,0.0008012820512820484
H98,radius_order_permutation,external_lung,seed42_main,source_disjoint,11,13,-0.0014245014245013454
H98,radius_order_permutation,external_lung,seed42_main,source_disjoint,11,14,0.0007122507122507837
H98,radius_order_permutation,external_lung,seed42_main,source_disjoint,11,15,-0.014868233618233528
H98,radius_order_permutation,external_lung,seed42_main,source_disjoint,11,16,-0.0063657407407407
H98,radius_order_permutation,external_lung,seed42_main,source_disjoint,11,17,-0.0026709401709400504
H98,radius_order_permutation,external_lung,seed42_main,target_disjoint,0,0,-0.0028359619881584974
H98,radius_order_permutation,external_lung,seed42_main,target_disjoint,0,1,-0.003233991740882347
H98,radius_order_permutation,external_lung,seed42_main,target_disjoint,0,2,0.0028359619881586084
H98,radius_order_permutation,external_lung,seed42_main,target_disjoint,0,3,-0.0002985223145429705
H98,radius_order_permutation,external_lung,seed42_main,target_disjoint,0,4,0.00024876859545253094
H98,radius_order_permutation,external_lung,seed42_main,target_disjoint,0,5,-0.003831036369968621
H98,radius_order_permutation,external_lung,seed42_main,target_disjoint,0,6,-0.005622170257226666
H98,radius_order_permutation,external_lung,seed42_main,target_disjoint,0,7,-0.0003980297527240717
H98,radius_order_permutation,external_lung,seed42_main,target_disjoint,0,8,0.00323399174088268
H98,radius_order_permutation,external_lung,seed42_main,target_disjoint,0,9,-0.002189163639982006
H98,radius_order_permutation,external_lung,seed42_main,target_disjoint,0,10,-0.003980297527240051
H98,radius_order_permutation,external_lung,seed42_main,target_disjoint,0,11,-0.0005472909099953904
H98,radius_order_permutation,external_lung,seed42_main,target_disjoint,0,12,-0.003034976864520589
H98,radius_order_permutation,external_lung,seed42_main,target_disjoint,0,13,0.008806408279018907
H98,radius_order_permutation,external_lung,seed42_main,target_disjoint,0,14,0.00323399174088268
H98,radius_order_permutation,external_lung,seed42_main,target_disjoint,0,15,0.0035822677745160902
H98,radius_order_permutation,external_lung,seed42_main,target_disjoint,0,16,-0.002288671078162996
H98,radius_order_permutation,external_lung,seed42_main,target_disjoint,0,17,0.0024876859545251984
H98,radius_order_permutation,external_lung,seed42_main,target_disjoint,3,0,-0.027812328971590694
H98,radius_order_permutation,external_lung,seed42_main,target_disjoint,3,1,-0.028160605005224215
H98,radius_order_permutation,external_lung,seed42_main,target_disjoint,3,2,-0.018657644658938377
H98,radius_order_permutation,external_lung,seed42_main,target_disjoint,3,3,-0.018607890939847715
H98,radius_order_permutation,external_lung,seed42_main,target_disjoint,3,4,-0.012338922334444558
H98,radius_order_permutation,external_lung,seed42_main,target_disjoint,3,5,-0.044828100900542456
H98,radius_order_permutation,external_lung,seed42_main,target_disjoint,3,6,-0.02975272401612028
H98,radius_order_permutation,external_lung,seed42_main,target_disjoint,3,7,-0.025324643017065607
H98,radius_order_permutation,external_lung,seed42_main,target_disjoint,3,8,-0.012139907458082577
H98,radius_order_permutation,external_lung,seed42_main,target_disjoint,3,9,-0.021543360366187536
H98,radius_order_permutation,external_lung,seed42_main,target_disjoint,3,10,-0.028359619881586307
H98,radius_order_permutation,external_lung,seed42_main,target_disjoint,3,11,-0.015423652918055808
H98,radius_order_permutation,external_lung,seed42_main,target_disjoint,3,12,-0.01283645952534973
H98,radius_order_permutation,external_lung,seed42_main,target_disjoint,3,13,-0.017264540524404404
H98,radius_order_permutation,external_lung,seed42_main,target_disjoint,3,14,-0.01283645952534973
H98,radius_order_permutation,external_lung,seed42_main,target_disjoint,3,15,-0.015224638041693717
H98,radius_order_permutation,external_lung,seed42_main,target_disjoint,3,16,-0.02940444798248676
H98,radius_order_permutation,external_lung,seed42_main,target_disjoint,3,17,-0.01641872729986571
H98,radius_order_permutation,external_lung,seed42_main,target_disjoint,7,0,-0.00024876859545253094
H98,radius_order_permutation,external_lung,seed42_main,target_disjoint,7,1,-0.001691626449076944
H98,radius_order_permutation,external_lung,seed42_main,target_disjoint,7,2,-0.0069655206726702
H98,radius_order_permutation,external_lung,seed42_main,target_disjoint,7,3,-0.0004975371909049509
H98,radius_order_permutation,external_lung,seed42_main,target_disjoint,7,4,-0.001691626449076944
H98,radius_order_permutation,external_lung,seed42_main,target_disjoint,7,5,-0.008010348773570652
H98,radius_order_permutation,external_lung,seed42_main,target_disjoint,7,6,-0.0031842380217920185
H98,radius_order_permutation,external_lung,seed42_main,target_disjoint,7,7,-0.0029354694263394876
H98,radius_order_permutation,external_lung,seed42_main,target_disjoint,7,8,-0.007910841335389662
H98,radius_order_permutation,external_lung,seed42_main,target_disjoint,7,9,-0.008756654559928245
H98,radius_order_permutation,external_lung,seed42_main,target_disjoint,7,10,-0.0026867008308869567
H98,radius_order_permutation,external_lung,seed42_main,target_disjoint,7,11,-0.014577839693517114
H98,radius_order_permutation,external_lung,seed42_main,target_disjoint,7,12,-0.0069157669535796495
H98,radius_order_permutation,external_lung,seed42_main,target_disjoint,7,13,0.0019901487636201365
H98,radius_order_permutation,external_lung,seed42_main,target_disjoint,7,14,-0.009403452908104737
H98,radius_order_permutation,external_lung,seed42_main,target_disjoint,7,15,-0.004229066122692693
H98,radius_order_permutation,external_lung,seed42_main,target_disjoint,7,16,-0.0023384247972534355
H98,radius_order_permutation,external_lung,seed42_main,target_disjoint,7,17,-0.002288671078162996
H98,radius_order_permutation,external_lung,seed42_main,target_disjoint,11,0,-0.0020896562018010156
H98,radius_order_permutation,external_lung,seed42_main,target_disjoint,11,1,-0.004229066122692582
H98,radius_order_permutation,external_lung,seed42_main,target_disjoint,11,2,-0.0020896562018010156
H98,radius_order_permutation,external_lung,seed42_main,target_disjoint,11,3,-0.0025871933927060775
H98,radius_order_permutation,external_lung,seed42_main,target_disjoint,11,4,-0.011592616548086965
H98,radius_order_permutation,external_lung,seed42_main,target_disjoint,11,5,-0.0006467983481763806
H98,radius_order_permutation,external_lung,seed42_main,target_disjoint,11,6,-0.002537439673615527
H98,radius_order_permutation,external_lung,seed42_main,target_disjoint,11,7,-0.002885715707249048
H98,radius_order_permutation,external_lung,seed42_main,target_disjoint,11,8,-0.0037812826508779596
H98,radius_order_permutation,external_lung,seed42_main,target_disjoint,11,9,-0.0034827603363351
H98,radius_order_permutation,external_lung,seed42_main,target_disjoint,11,10,-0.0015423652918054032
H98,radius_order_permutation,external_lung,seed42_main,target_disjoint,11,11,-0.0006965520672670422
H98,radius_order_permutation,external_lung,seed42_main,target_disjoint,11,12,-0.009154684312652317
H98,radius_order_permutation,external_lung,seed42_main,target_disjoint,11,13,-0.005025125628140614
H98,radius_order_permutation,external_lung,seed42_main,target_disjoint,11,14,-0.012736952087168407
H98,radius_order_permutation,external_lung,seed42_main,target_disjoint,11,15,-0.0018408876063484847
H98,radius_order_permutation,external_lung,seed42_main,target_disjoint,11,16,-0.0019901487636200255
H98,radius_order_permutation,external_lung,seed42_main,target_disjoint,11,17,0.008458132245385275
H98,radius_order_permutation,immune,seed42_main,source_disjoint,0,0,-0.016153665413533802
H98,radius_order_permutation,immune,seed42_main,source_disjoint,0,1,-0.01873825187969913
H98,radius_order_permutation,immune,seed42_main,source_disjoint,0,2,-0.004875469924812026
H98,radius_order_permutation,immune,seed42_main,source_disjoint,0,3,-0.01991306390977443
H98,radius_order_permutation,immune,seed42_main,source_disjoint,0,4,-0.021205357142857206
H98,radius_order_permutation,immune,seed42_main,source_disjoint,0,5,-0.008223684210526216
H98,radius_order_permutation,immune,seed42_main,source_disjoint,0,6,-0.017152255639097724
H98,radius_order_permutation,immune,seed42_main,source_disjoint,0,7,-0.006285244360902276
H98,radius_order_permutation,immune,seed42_main,source_disjoint,0,8,-0.010279605263157854
H98,radius_order_permutation,immune,seed42_main,source_disjoint,0,9,-0.017915883458646586
H98,radius_order_permutation,immune,seed42_main,source_disjoint,0,10,-0.018796992481202923
H98,radius_order_permutation,immune,seed42_main,source_disjoint,0,11,-0.018855733082706938
H98,radius_order_permutation,immune,seed42_main,source_disjoint,0,12,-0.01257048872180444
H98,radius_order_permutation,immune,seed42_main,source_disjoint,0,13,-0.02173402255639101
H98,radius_order_permutation,immune,seed42_main,source_disjoint,0,14,-0.005932800751879741
H98,radius_order_permutation,immune,seed42_main,source_disjoint,0,15,-0.0060502819548871045
H98,radius_order_permutation,immune,seed42_main,source_disjoint,0,16,-0.010397086466165328
H98,radius_order_permutation,immune,seed42_main,source_disjoint,0,17,-0.00898731203007519
H98,radius_order_permutation,immune,seed42_main,source_disjoint,3,0,-0.05139802631578971
H98,radius_order_permutation,immune,seed42_main,source_disjoint,3,1,-0.03448073308270683
H98,radius_order_permutation,immune,seed42_main,source_disjoint,3,2,-0.02843045112781961
H98,radius_order_permutation,immune,seed42_main,source_disjoint,3,3,-0.029017857142857206
H98,radius_order_permutation,immune,seed42_main,source_disjoint,3,4,-0.03524436090225569
H98,radius_order_permutation,immune,seed42_main,source_disjoint,3,5,-0.023613721804511156
H98,radius_order_permutation,immune,seed42_main,source_disjoint,3,6,-0.027784304511278224
H98,radius_order_permutation,immune,seed42_main,source_disjoint,3,7,-0.03125
H98,radius_order_permutation,immune,seed42_main,source_disjoint,3,8,-0.02273261278195504
H98,radius_order_permutation,immune,seed42_main,source_disjoint,3,9,-0.036301691729323404
H98,radius_order_permutation,immune,seed42_main,source_disjoint,3,10,-0.03195488721804518
H98,radius_order_permutation,immune,seed42_main,source_disjoint,3,11,-0.028724154135338575
H98,radius_order_permutation,immune,seed42_main,source_disjoint,3,12,-0.021910244360902387
H98,radius_order_permutation,immune,seed42_main,source_disjoint,3,13,-0.03224859022556403
H98,radius_order_permutation,immune,seed42_main,source_disjoint,3,14,-0.026080827067669343
H98,radius_order_permutation,immune,seed42_main,source_disjoint,3,15,-0.050751879699248104
H98,radius_order_permutation,immune,seed42_main,source_disjoint,3,16,-0.032072368421052655
H98,radius_order_permutation,immune,seed42_main,source_disjoint,3,17,-0.023789943609022646
H98,radius_order_permutation,immune,seed42_main,source_disjoint,7,0,-0.004111842105263053
H98,radius_order_permutation,immune,seed42_main,source_disjoint,7,1,-0.00922227443609036
H98,radius_order_permutation,immune,seed42_main,source_disjoint,7,2,-0.001057330827067715
H98,radius_order_permutation,immune,seed42_main,source_disjoint,7,3,0.0019971804511278446
H98,radius_order_permutation,immune,seed42_main,source_disjoint,7,4,0.00035244360902242367
H98,radius_order_permutation,immune,seed42_main,source_disjoint,7,5,-0.00187969924812037
H98,radius_order_permutation,immune,seed42_main,source_disjoint,7,6,-0.00023496240601506013
H98,radius_order_permutation,immune,seed42_main,source_disjoint,7,7,0.0037006578947368363
H98,radius_order_permutation,immune,seed42_main,source_disjoint,7,8,0.0031719924812030342
H98,radius_order_permutation,immune,seed42_main,source_disjoint,7,9,0.004346804511278113
H98,radius_order_permutation,immune,seed42_main,source_disjoint,7,10,0.004053101503759371
H98,radius_order_permutation,immune,seed42_main,source_disjoint,7,11,-0.0034069548872180944
H98,radius_order_permutation,immune,seed42_main,source_disjoint,7,12,0.002173402255639001
H98,radius_order_permutation,immune,seed42_main,source_disjoint,7,13,-0.0030545112781954487
H98,radius_order_permutation,immune,seed42_main,source_disjoint,7,14,0.00493421052631593
H98,radius_order_permutation,immune,seed42_main,source_disjoint,7,15,0.0027608082706767068
H98,radius_order_permutation,immune,seed42_main,source_disjoint,7,16,0.0030545112781953376
H98,radius_order_permutation,immune,seed42_main,source_disjoint,7,17,0.004405545112781906
H98,radius_order_permutation,immune,seed42_main,source_disjoint,11,0,-0.01233552631578927
H98,radius_order_permutation,immune,seed42_main,source_disjoint,11,1,-0.004581766917293284
H98,radius_order_permutation,immune,seed42_main,source_disjoint,11,2,-0.0007636278195488622
H98,radius_order_permutation,immune,seed42_main,source_disjoint,11,3,-0.014508928571428603
H98,radius_order_permutation,immune,seed42_main,source_disjoint,11,4,0.0014685150375939315
H98,radius_order_permutation,immune,seed42_main,source_disjoint,11,5,-0.001057330827067604
H98,radius_order_permutation,immune,seed42_main,source_disjoint,11,6,-0.012746710526315597
H98,radius_order_permutation,immune,seed42_main,source_disjoint,11,7,-0.012276785714285698
H98,radius_order_permutation,immune,seed42_main,source_disjoint,11,8,0.002173402255639112
H98,radius_order_permutation,immune,seed42_main,source_disjoint,11,9,-0.012922932330827086
H98,radius_order_permutation,immune,seed42_main,source_disjoint,11,10,-0.005639097744360999
H98,radius_order_permutation,immune,seed42_main,source_disjoint,11,11,-0.00352443609022568
H98,radius_order_permutation,immune,seed42_main,source_disjoint,11,12,-0.002937030075187974
H98,radius_order_permutation,immune,seed42_main,source_disjoint,11,13,-0.004581766917293062
H98,radius_order_permutation,immune,seed42_main,source_disjoint,11,14,-0.0018209586466164662
H98,radius_order_permutation,immune,seed42_main,source_disjoint,11,15,-0.0014097744360902498
H98,radius_order_permutation,immune,seed42_main,source_disjoint,11,16,-0.00757753759398494
H98,radius_order_permutation,immune,seed42_main,source_disjoint,11,17,-0.0012335526315788714
H98,radius_order_permutation,immune,seed42_main,target_disjoint,0,0,-0.005748148148148169
H98,radius_order_permutation,immune,seed42_main,target_disjoint,0,1,-0.0022518518518518382
H98,radius_order_permutation,immune,seed42_main,target_disjoint,0,2,-0.001185185185185178
H98,radius_order_permutation,immune,seed42_main,target_disjoint,0,3,-0.009600000000000164
H98,radius_order_permutation,immune,seed42_main,target_disjoint,0,4,-0.005748148148148169
H98,radius_order_permutation,immune,seed42_main,target_disjoint,0,5,-0.000888888888888939
H98,radius_order_permutation,immune,seed42_main,target_disjoint,0,6,-0.001777777777777767
H98,radius_order_permutation,immune,seed42_main,target_disjoint,0,7,-0.0098370370370372
H98,radius_order_permutation,immune,seed42_main,target_disjoint,0,8,-0.0024296296296296704
H98,radius_order_permutation,immune,seed42_main,target_disjoint,0,9,-0.007585185185185361
H98,radius_order_permutation,immune,seed42_main,target_disjoint,0,10,-0.000888888888888939
H98,radius_order_permutation,immune,seed42_main,target_disjoint,0,11,-0.008474074074074078
H98,radius_order_permutation,immune,seed42_main,target_disjoint,0,12,-0.0034962962962964417
H98,radius_order_permutation,immune,seed42_main,target_disjoint,0,13,-0.005037037037037173
H98,radius_order_permutation,immune,seed42_main,target_disjoint,0,14,-0.005511111111111133
H98,radius_order_permutation,immune,seed42_main,target_disjoint,0,15,0.0062814814814815545
H98,radius_order_permutation,immune,seed42_main,target_disjoint,0,16,-0.002962962962963056
H98,radius_order_permutation,immune,seed42_main,target_disjoint,0,17,-0.007229629629629697
H98,radius_order_permutation,immune,seed42_main,target_disjoint,3,0,-0.014992592592592668
H98,radius_order_permutation,immune,seed42_main,target_disjoint,3,1,-0.013748148148148176
H98,radius_order_permutation,immune,seed42_main,target_disjoint,3,2,-0.012681481481481516
H98,radius_order_permutation,immune,seed42_main,target_disjoint,3,3,-0.01866666666666683
H98,radius_order_permutation,immune,seed42_main,target_disjoint,3,4,-0.013274074074074105
H98,radius_order_permutation,immune,seed42_main,target_disjoint,3,5,-0.017837037037036985
H98,radius_order_permutation,immune,seed42_main,target_disjoint,3,6,-0.015111111111111186
H98,radius_order_permutation,immune,seed42_main,target_disjoint,3,7,-0.016770370370370435
H98,radius_order_permutation,immune,seed42_main,target_disjoint,3,8,-0.017718518518518578
H98,radius_order_permutation,immune,seed42_main,target_disjoint,3,9,-0.019614814814814863
H98,radius_order_permutation,immune,seed42_main,target_disjoint,3,10,-0.016651851851851918
H98,radius_order_permutation,immune,seed42_main,target_disjoint,3,11,-0.019911111111111213
H98,radius_order_permutation,immune,seed42_main,target_disjoint,3,12,-0.016651851851851918
H98,radius_order_permutation,immune,seed42_main,target_disjoint,3,13,-0.027555555555555666
H98,radius_order_permutation,immune,seed42_main,target_disjoint,3,14,-0.0145777777777778
H98,radius_order_permutation,immune,seed42_main,target_disjoint,3,15,-0.025244444444444625
H98,radius_order_permutation,immune,seed42_main,target_disjoint,3,16,-0.012800000000000034
H98,radius_order_permutation,immune,seed42_main,target_disjoint,3,17,-0.036977777777777776
H98,radius_order_permutation,immune,seed42_main,target_disjoint,7,0,-0.021333333333333315
H98,radius_order_permutation,immune,seed42_main,target_disjoint,7,1,-0.02080000000000004
H98,radius_order_permutation,immune,seed42_main,target_disjoint,7,2,-0.009777777777777774
H98,radius_order_permutation,immune,seed42_main,target_disjoint,7,3,-0.017362962962963024
H98,radius_order_permutation,immune,seed42_main,target_disjoint,7,4,-0.023111111111111082
H98,radius_order_permutation,immune,seed42_main,target_disjoint,7,5,-0.005511111111111133
H98,radius_order_permutation,immune,seed42_main,target_disjoint,7,6,-0.013748148148148176
H98,radius_order_permutation,immune,seed42_main,target_disjoint,7,7,-0.01943703703703703
H98,radius_order_permutation,immune,seed42_main,target_disjoint,7,8,-0.02915555555555549
H98,radius_order_permutation,immune,seed42_main,target_disjoint,7,9,-0.01789629629629641
H98,radius_order_permutation,immune,seed42_main,target_disjoint,7,10,-0.011022222222222156
H98,radius_order_permutation,immune,seed42_main,target_disjoint,7,11,-0.010251851851851845
H98,radius_order_permutation,immune,seed42_main,target_disjoint,7,12,-0.02340740740740732
H98,radius_order_permutation,immune,seed42_main,target_disjoint,7,13,-0.028622222222222327
H98,radius_order_permutation,immune,seed42_main,target_disjoint,7,14,-0.028029629629629627
H98,radius_order_permutation,immune,seed42_main,target_disjoint,7,15,-0.007585185185185139
H98,radius_order_permutation,immune,seed42_main,target_disjoint,7,16,-0.014518518518518486
H98,radius_order_permutation,immune,seed42_main,target_disjoint,7,17,-0.025066666666666793
H98,radius_order_permutation,immune,seed42_main,target_disjoint,11,0,-0.0003555555555556644
H98,radius_order_permutation,immune,seed42_main,target_disjoint,11,1,-0.003259259259259295
H98,radius_order_permutation,immune,seed42_main,target_disjoint,11,2,-0.010785185185185231
H98,radius_order_permutation,immune,seed42_main,target_disjoint,11,3,0.0002370370370370356
H98,radius_order_permutation,immune,seed42_main,target_disjoint,11,4,-0.0004740740740740712
H98,radius_order_permutation,immune,seed42_main,target_disjoint,11,5,-0.004029629629629605
H98,radius_order_permutation,immune,seed42_main,target_disjoint,11,6,0.0030222222222220374
H98,radius_order_permutation,immune,seed42_main,target_disjoint,11,7,-0.003259259259259295
H98,radius_order_permutation,immune,seed42_main,target_disjoint,11,8,-0.01546666666666674
H98,radius_order_permutation,immune,seed42_main,target_disjoint,11,9,-0.000888888888888939
H98,radius_order_permutation,immune,seed42_main,target_disjoint,11,10,-0.004918518518518655
H98,radius_order_permutation,immune,seed42_main,target_disjoint,11,11,-0.009777777777777774
H98,radius_order_permutation,immune,seed42_main,target_disjoint,11,12,-0.0028444444444444272
H98,radius_order_permutation,immune,seed42_main,target_disjoint,11,13,-0.0008296296296298467
H98,radius_order_permutation,immune,seed42_main,target_disjoint,11,14,-0.005511111111111244
H98,radius_order_permutation,immune,seed42_main,target_disjoint,11,15,-0.00758518518518525
H98,radius_order_permutation,immune,seed42_main,target_disjoint,11,16,-0.0053925925925927265
H98,radius_order_permutation,immune,seed42_main,target_disjoint,11,17,-0.004325925925925955
H98,radius_order_permutation,lung,seed42_main,source_disjoint,0,0,-0.016400728921285412
H98,radius_order_permutation,lung,seed42_main,source_disjoint,0,1,-0.030179119071958693
H98,radius_order_permutation,lung,seed42_main,source_disjoint,0,2,-0.020845370905373528
H98,radius_order_permutation,lung,seed42_main,source_disjoint,0,3,-0.01360060447130984
H98,radius_order_permutation,lung,seed42_main,source_disjoint,0,4,-0.01848971065380689
H98,radius_order_permutation,lung,seed42_main,source_disjoint,0,5,-0.01568958620383132
H98,radius_order_permutation,lung,seed42_main,source_disjoint,0,6,-0.020267567447442292
H98,radius_order_permutation,lung,seed42_main,source_disjoint,0,7,-0.018711942753011246
H98,radius_order_permutation,lung,seed42_main,source_disjoint,0,8,-0.023601048935508295
H98,radius_order_permutation,lung,seed42_main,source_disjoint,0,9,-0.018178585714920703
H98,radius_order_permutation,lung,seed42_main,source_disjoint,0,10,-0.019556424729988087
H98,radius_order_permutation,lung,seed42_main,source_disjoint,0,11,-0.013111693853060102
H98,radius_order_permutation,lung,seed42_main,source_disjoint,0,12,-0.016400728921285412
H98,radius_order_permutation,lung,seed42_main,source_disjoint,0,13,-0.029912440552913422
H98,radius_order_permutation,lung,seed42_main,source_disjoint,0,14,-0.03329036846082045
H98,radius_order_permutation,lung,seed42_main,source_disjoint,0,15,-0.016667407440330795
H98,radius_order_permutation,lung,seed42_main,source_disjoint,0,16,-0.019645317569669807
H98,radius_order_permutation,lung,seed42_main,source_disjoint,0,17,-0.017422996577625693
H98,radius_order_permutation,lung,seed42_main,source_disjoint,3,0,-0.017245210898262253
H98,radius_order_permutation,lung,seed42_main,source_disjoint,3,1,-0.05009111516067388
H98,radius_order_permutation,lung,seed42_main,source_disjoint,3,2,-0.029067958575936803
H98,radius_order_permutation,lung,seed42_main,source_disjoint,3,3,-0.02675674474421097
H98,radius_order_permutation,lung,seed42_main,source_disjoint,3,4,-0.027823458820392055
H98,radius_order_permutation,lung,seed42_main,source_disjoint,3,5,-0.02515667362993923
H98,radius_order_permutation,lung,seed42_main,source_disjoint,3,6,-0.04097959909329307
H98,radius_order_permutation,lung,seed42_main,source_disjoint,3,7,-0.032712565002889105
H98,radius_order_permutation,lung,seed42_main,source_disjoint,3,8,-0.030845815369571983
H98,radius_order_permutation,lung,seed42_main,source_disjoint,3,9,-0.02431219165296239
H98,radius_order_permutation,lung,seed42_main,source_disjoint,3,10,-0.03555713587270548
H98,radius_order_permutation,lung,seed42_main,source_disjoint,3,11,-0.04062402773456597
H98,radius_order_permutation,lung,seed42_main,source_disjoint,3,12,-0.024889995110893848
H98,radius_order_permutation,lung,seed42_main,source_disjoint,3,13,-0.039646206498066716
H98,radius_order_permutation,lung,seed42_main,source_disjoint,3,14,-0.022667674118849734
H98,radius_order_permutation,lung,seed42_main,source_disjoint,3,15,-0.03484599315525139
H98,radius_order_permutation,lung,seed42_main,source_disjoint,3,16,-0.037868349704431314
H98,radius_order_permutation,lung,seed42_main,source_disjoint,3,17,-0.030801368949731178
H98,radius_order_permutation,lung,seed42_main,source_disjoint,7,0,0.0004000177785680181
H98,radius_order_permutation,lung,seed42_main,source_disjoint,7,1,0.002755678030134545
H98,radius_order_permutation,lung,seed42_main,source_disjoint,7,2,0.0222232099204408
H98,radius_order_permutation,lung,seed42_main,source_disjoint,7,3,-0.0006666962976131785
H98,radius_order_permutation,lung,seed42_main,source_disjoint,7,4,0.012267211876083373
H98,radius_order_permutation,lung,seed42_main,source_disjoint,7,5,0.0014222854349081882
H98,radius_order_permutation,lung,seed42_main,source_disjoint,7,6,0.011467176318947558
H98,radius_order_permutation,lung,seed42_main,source_disjoint,7,7,-0.00235566025156686
H98,radius_order_permutation,lung,seed42_main,source_disjoint,7,8,0.004711320503133498
H98,radius_order_permutation,lung,seed42_main,source_disjoint,7,9,0.005378016800746788
H98,radius_order_permutation,lung,seed42_main,source_disjoint,7,10,0.018534157073647806
H98,radius_order_permutation,lung,seed42_main,source_disjoint,7,11,0.007333659273745519
H98,radius_order_permutation,lung,seed42_main,source_disjoint,7,12,-0.006400284457086847
H98,radius_order_permutation,lung,seed42_main,source_disjoint,7,13,0.015200675585581691
H98,radius_order_permutation,lung,seed42_main,source_disjoint,7,14,0.009333748166585054
H98,radius_order_permutation,lung,seed42_main,source_disjoint,7,15,-0.005644695319791837
H98,radius_order_permutation,lung,seed42_main,source_disjoint,7,16,-0.008044801991199613
H98,radius_order_permutation,lung,seed42_main,source_disjoint,7,17,0.001955642472998842
H98,radius_order_permutation,lung,seed42_main,source_disjoint,11,0,0.003689052846793217
H98,radius_order_permutation,lung,seed42_main,source_disjoint,11,1,-0.0033334814880661146
H98,radius_order_permutation,lung,seed42_main,source_disjoint,11,2,-0.009955998044357428
H98,radius_order_permutation,lung,seed42_main,source_disjoint,11,3,-0.000711142717453983
H98,radius_order_permutation,lung,seed42_main,source_disjoint,11,4,-0.008889283968176453
H98,radius_order_permutation,lung,seed42_main,source_disjoint,11,5,-0.010400462242766362
H98,radius_order_permutation,lung,seed42_main,source_disjoint,11,6,-0.003822392106315853
H98,radius_order_permutation,lung,seed42_main,source_disjoint,11,7,0.0002666785190452714
H98,radius_order_permutation,lung,seed42_main,source_disjoint,11,8,-4.4446419840915574e-05
H98,radius_order_permutation,lung,seed42_main,source_disjoint,11,9,0.0029334637094982075
H98,radius_order_permutation,lung,seed42_main,source_disjoint,11,10,0.0018223032134762063
H98,radius_order_permutation,lung,seed42_main,source_disjoint,11,11,-0.004222409884883649
H98,radius_order_permutation,lung,seed42_main,source_disjoint,11,12,-0.014845104226854589
H98,radius_order_permutation,lung,seed42_main,source_disjoint,11,13,-0.009867105204675819
H98,radius_order_permutation,lung,seed42_main,source_disjoint,11,14,-0.007022534334859332
H98,radius_order_permutation,lung,seed42_main,source_disjoint,11,15,-0.006444730876927762
H98,radius_order_permutation,lung,seed42_main,source_disjoint,11,16,-0.008267034090403969
H98,radius_order_permutation,lung,seed42_main,source_disjoint,11,17,0.004000177785679404
H98,radius_order_permutation,lung,seed42_main,target_disjoint,0,0,-0.002497718430280127
H98,radius_order_permutation,lung,seed42_main,target_disjoint,0,1,-0.001969354916182442
H98,radius_order_permutation,lung,seed42_main,target_disjoint,0,2,-0.00917431192660556
H98,radius_order_permutation,lung,seed42_main,target_disjoint,0,3,0.0005763965608337474
H98,radius_order_permutation,lung,seed42_main,target_disjoint,0,4,0.00028819828041681816
H98,radius_order_permutation,lung,seed42_main,target_disjoint,0,5,-0.00720495701042323
H98,radius_order_permutation,lung,seed42_main,target_disjoint,0,6,-0.012344493011191782
H98,radius_order_permutation,lung,seed42_main,target_disjoint,0,7,0.00014409914020840908
H98,radius_order_permutation,lung,seed42_main,target_disjoint,0,8,-0.007733320524520915
H98,radius_order_permutation,lung,seed42_main,target_disjoint,0,9,-0.011047600749315545
H98,radius_order_permutation,lung,seed42_main,target_disjoint,0,10,-0.0010086939814593077
H98,radius_order_permutation,lung,seed42_main,target_disjoint,0,11,-0.007012824823478536
H98,radius_order_permutation,lung,seed42_main,target_disjoint,0,12,0.012824823478553182
H98,radius_order_permutation,lung,seed42_main,target_disjoint,0,13,-0.004130842019309355
H98,radius_order_permutation,lung,seed42_main,target_disjoint,0,14,-0.008838080599452458
H98,radius_order_permutation,lung,seed42_main,target_disjoint,0,15,-0.003266247178058679
H98,radius_order_permutation,lung,seed42_main,target_disjoint,0,16,-0.012296459964455497
H98,radius_order_permutation,lung,seed42_main,target_disjoint,0,17,-0.004899370767087796
H98,radius_order_permutation,lung,seed42_main,target_disjoint,3,0,0.0032182141313223944
H98,radius_order_permutation,lung,seed42_main,target_disjoint,3,1,-0.0012488592151400635
H98,radius_order_permutation,lung,seed42_main,target_disjoint,3,2,-0.002881982804169292
H98,radius_order_permutation,lung,seed42_main,target_disjoint,3,3,-0.001969354916182331
H98,radius_order_permutation,lung,seed42_main,target_disjoint,3,4,-0.0036024785052114483
H98,radius_order_permutation,lung,seed42_main,target_disjoint,3,5,-0.0020173879629183933
H98,radius_order_permutation,lung,seed42_main,target_disjoint,3,6,0.0020173879629186153
H98,radius_order_permutation,lung,seed42_main,target_disjoint,3,7,-0.0060041308420192285
H98,radius_order_permutation,lung,seed42_main,target_disjoint,3,8,-0.0007204957010421564
H98,radius_order_permutation,lung,seed42_main,target_disjoint,3,9,-0.007493155290840048
H98,radius_order_permutation,lung,seed42_main,target_disjoint,3,10,-0.0032662471780584568
H98,radius_order_permutation,lung,seed42_main,target_disjoint,3,11,0.001585090542293055
H98,radius_order_permutation,lung,seed42_main,target_disjoint,3,12,-0.004755271626879276
H98,radius_order_permutation,lung,seed42_main,target_disjoint,3,13,-0.0023055862433354335
H98,radius_order_permutation,lung,seed42_main,target_disjoint,3,14,-0.006244296075699984
H98,radius_order_permutation,lung,seed42_main,target_disjoint,3,15,0.0017291896825015751
H98,radius_order_permutation,lung,seed42_main,target_disjoint,3,16,0.001585090542293055
H98,radius_order_permutation,lung,seed42_main,target_disjoint,3,17,0.00033623132715310255
H98,radius_order_permutation,lung,seed42_main,target_disjoint,7,0,-0.009846774580911877
H98,radius_order_permutation,lung,seed42_main,target_disjoint,7,1,-0.010327105048273277
H98,radius_order_permutation,lung,seed42_main,target_disjoint,7,2,-0.010999567702579371
H98,radius_order_permutation,lung,seed42_main,target_disjoint,7,3,-0.003410346318266977
H98,radius_order_permutation,lung,seed42_main,target_disjoint,7,4,-0.007108890916950883
H98,radius_order_permutation,lung,seed42_main,target_disjoint,7,5,-0.006100196935491686
H98,radius_order_permutation,lung,seed42_main,target_disjoint,7,6,-0.004563139439934805
H98,radius_order_permutation,lung,seed42_main,target_disjoint,7,7,0.0002401652336806448
H98,radius_order_permutation,lung,seed42_main,target_disjoint,7,8,-0.004563139439934805
H98,radius_order_permutation,lung,seed42_main,target_disjoint,7,9,-0.0037465776454201904
H98,radius_order_permutation,lung,seed42_main,target_disjoint,7,10,-0.006484461309380962
H98,radius_order_permutation,lung,seed42_main,target_disjoint,7,11,-0.0015370574955569927
H98,radius_order_permutation,lung,seed42_main,target_disjoint,7,12,-0.005715932561602521
H98,radius_order_permutation,lung,seed42_main,target_disjoint,7,13,-0.0029780488976415276
H98,radius_order_permutation,lung,seed42_main,target_disjoint,7,14,-0.006964791776742474
H98,radius_order_permutation,lung,seed42_main,target_disjoint,7,15,-0.008501849272299355
H98,radius_order_permutation,lung,seed42_main,target_disjoint,7,16,-0.009990873721120175
H98,radius_order_permutation,lung,seed42_main,target_disjoint,7,17,-0.004467073346462347
H98,radius_order_permutation,lung,seed42_main,target_disjoint,11,0,0.0003842643738891649
H98,radius_order_permutation,lung,seed42_main,target_disjoint,11,1,0.0002881982804169292
H98,radius_order_permutation,lung,seed42_main,target_disjoint,11,2,-0.005283635140976961
H98,radius_order_permutation,lung,seed42_main,target_disjoint,11,3,0.002641817570488314
H98,radius_order_permutation,lung,seed42_main,target_disjoint,11,4,0.0016331235890292284
H98,radius_order_permutation,lung,seed42_main,target_disjoint,11,5,-0.0017291896825015751
H98,radius_order_permutation,lung,seed42_main,target_disjoint,11,6,-0.0038906767856285995
H98,radius_order_permutation,lung,seed42_main,target_disjoint,11,7,-0.00782938661799315
H98,radius_order_permutation,lung,seed42_main,target_disjoint,11,8,-0.00048033046736162266
H98,radius_order_permutation,lung,seed42_main,target_disjoint,11,9,0.0030741149911137633
H98,radius_order_permutation,lung,seed42_main,target_disjoint,11,10,-0.0025937845237523627
H98,radius_order_permutation,lung,seed42_main,target_disjoint,11,11,0.0023055862433352114
H98,radius_order_permutation,lung,seed42_main,target_disjoint,11,12,0.0009126278879868499
H98,radius_order_permutation,lung,seed42_main,target_disjoint,11,13,0.000528363514097574
H98,radius_order_permutation,lung,seed42_main,target_disjoint,11,14,0.003986742879100724
H98,radius_order_permutation,lung,seed42_main,target_disjoint,11,15,0.0014890244488205973
H98,radius_order_permutation,lung,seed42_main,target_disjoint,11,16,4.803304673617337e-05
H98,radius_order_permutation,lung,seed42_main,target_disjoint,11,17,0.0054757673279214325
