hypothesis_id,null_kind,domain,seed_tag,split_regime,layer,perm_idx,null_value
H129,endpoint_swap_within_distance_bins,external_lung,seed42_main,source_disjoint,7,0,-0.0070075757575757125
H129,endpoint_swap_within_distance_bins,external_lung,seed42_main,source_disjoint,7,1,-0.015416666666666634
H129,endpoint_swap_within_distance_bins,external_lung,seed42_main,source_disjoint,7,2,0.0022348484848485617
H129,endpoint_swap_within_distance_bins,external_lung,seed42_main,source_disjoint,7,3,-0.005719696969696986
H129,endpoint_swap_within_distance_bins,external_lung,seed42_main,source_disjoint,7,4,-0.03268939393939385
H129,endpoint_swap_within_distance_bins,external_lung,seed42_main,source_disjoint,7,5,0.012462121212121313
H129,endpoint_swap_within_distance_bins,external_lung,seed42_main,source_disjoint,7,6,0.005340909090909007
H129,endpoint_swap_within_distance_bins,external_lung,seed42_main,source_disjoint,7,7,0.0019318181818182012
H129,endpoint_swap_within_distance_bins,external_lung,seed42_main,source_disjoint,7,8,-0.03761363636363646
H129,endpoint_swap_within_distance_bins,external_lung,seed42_main,source_disjoint,7,9,-0.0279166666666667
H129,endpoint_swap_within_distance_bins,external_lung,seed42_main,source_disjoint,7,10,-0.015340909090909016
H129,endpoint_swap_within_distance_bins,external_lung,seed42_main,source_disjoint,7,11,-0.0012499999999999734
H129,endpoint_swap_within_distance_bins,external_lung,seed42_main,source_disjoint,7,12,0.016856060606060708
H129,endpoint_swap_within_distance_bins,external_lung,seed42_main,source_disjoint,7,13,-0.024507575757575673
H129,endpoint_swap_within_distance_bins,external_lung,seed42_main,source_disjoint,7,14,-0.016022727272727133
H129,endpoint_swap_within_distance_bins,external_lung,seed42_main,source_disjoint,7,15,-0.008446969696969564
H129,endpoint_swap_within_distance_bins,external_lung,seed42_main,source_disjoint,7,16,-0.01375000000000004
H129,endpoint_swap_within_distance_bins,external_lung,seed42_main,source_disjoint,7,17,0.006022727272727346
H129,endpoint_swap_within_distance_bins,external_lung,seed42_main,source_disjoint,7,18,-0.031174242424242382
H129,endpoint_swap_within_distance_bins,external_lung,seed42_main,source_disjoint,7,19,-0.004280303030303023
H129,endpoint_swap_within_distance_bins,external_lung,seed42_main,source_disjoint,7,20,-0.029204545454545427
H129,endpoint_swap_within_distance_bins,external_lung,seed42_main,source_disjoint,7,21,-0.03215909090909086
H129,endpoint_swap_within_distance_bins,external_lung,seed42_main,source_disjoint,7,22,-0.022992424242424203
H129,endpoint_swap_within_distance_bins,external_lung,seed42_main,source_disjoint,7,23,-0.012159090909090842
H129,endpoint_swap_within_distance_bins,external_lung,seed42_main,source_disjoint,11,0,0.027613636363636118
H129,endpoint_swap_within_distance_bins,external_lung,seed42_main,source_disjoint,11,1,0.011325757575757378
H129,endpoint_swap_within_distance_bins,external_lung,seed42_main,source_disjoint,11,2,0.024128787878787916
H129,endpoint_swap_within_distance_bins,external_lung,seed42_main,source_disjoint,11,3,0.005946969696969506
H129,endpoint_swap_within_distance_bins,external_lung,seed42_main,source_disjoint,11,4,0.02481060606060581
H129,endpoint_swap_within_distance_bins,external_lung,seed42_main,source_disjoint,11,5,-0.015568181818181981
H129,endpoint_swap_within_distance_bins,external_lung,seed42_main,source_disjoint,11,6,0.0224621212121211
H129,endpoint_swap_within_distance_bins,external_lung,seed42_main,source_disjoint,11,7,0.0023863636363634644
H129,endpoint_swap_within_distance_bins,external_lung,seed42_main,source_disjoint,11,8,0.058825757575757365
H129,endpoint_swap_within_distance_bins,external_lung,seed42_main,source_disjoint,11,9,-0.01958333333333373
H129,endpoint_swap_within_distance_bins,external_lung,seed42_main,source_disjoint,11,10,-0.011780303030303196
H129,endpoint_swap_within_distance_bins,external_lung,seed42_main,source_disjoint,11,11,0.00912878787878768
H129,endpoint_swap_within_distance_bins,external_lung,seed42_main,source_disjoint,11,12,0.007840909090908954
H129,endpoint_swap_within_distance_bins,external_lung,seed42_main,source_disjoint,11,13,0.006174242424242249
H129,endpoint_swap_within_distance_bins,external_lung,seed42_main,source_disjoint,11,14,0.007992424242424079
H129,endpoint_swap_within_distance_bins,external_lung,seed42_main,source_disjoint,11,15,0.011325757575757489
H129,endpoint_swap_within_distance_bins,external_lung,seed42_main,source_disjoint,11,16,-0.005113636363636487
H129,endpoint_swap_within_distance_bins,external_lung,seed42_main,source_disjoint,11,17,0.028068181818181603
H129,endpoint_swap_within_distance_bins,external_lung,seed42_main,source_disjoint,11,18,0.04064393939393918
H129,endpoint_swap_within_distance_bins,external_lung,seed42_main,source_disjoint,11,19,-0.004810606060606348
H129,endpoint_swap_within_distance_bins,external_lung,seed42_main,source_disjoint,11,20,0.003143939393939199
H129,endpoint_swap_within_distance_bins,external_lung,seed42_main,source_disjoint,11,21,-0.028143939393939554
H129,endpoint_swap_within_distance_bins,external_lung,seed42_main,source_disjoint,11,22,0.009431818181818041
H129,endpoint_swap_within_distance_bins,external_lung,seed42_main,source_disjoint,11,23,-0.013068181818182034
H129,endpoint_swap_within_distance_bins,external_lung,seed42_main,target_disjoint,7,0,0.008012820512820595
H129,endpoint_swap_within_distance_bins,external_lung,seed42_main,target_disjoint,7,1,-0.014507422402159187
H129,endpoint_swap_within_distance_bins,external_lung,seed42_main,target_disjoint,7,2,0.0014338731443994668
H129,endpoint_swap_within_distance_bins,external_lung,seed42_main,target_disjoint,7,3,-0.00025303643724705616
H129,endpoint_swap_within_distance_bins,external_lung,seed42_main,target_disjoint,7,4,-0.0014338731443993558
H129,endpoint_swap_within_distance_bins,external_lung,seed42_main,target_disjoint,7,5,-0.011133603238866363
H129,endpoint_swap_within_distance_bins,external_lung,seed42_main,target_disjoint,7,6,-0.015941295546558543
H129,endpoint_swap_within_distance_bins,external_lung,seed42_main,target_disjoint,7,7,-0.00809716599190291
H129,endpoint_swap_within_distance_bins,external_lung,seed42_main,target_disjoint,7,8,0.00413292847503377
H129,endpoint_swap_within_distance_bins,external_lung,seed42_main,target_disjoint,7,9,0.002024291497975783
H129,endpoint_swap_within_distance_bins,external_lung,seed42_main,target_disjoint,7,10,-0.021255060728744946
H129,endpoint_swap_within_distance_bins,external_lung,seed42_main,target_disjoint,7,11,-0.005313765182186181
H129,endpoint_swap_within_distance_bins,external_lung,seed42_main,target_disjoint,7,12,0.001855600539811042
H129,endpoint_swap_within_distance_bins,external_lung,seed42_main,target_disjoint,7,13,0.018809041835357587
H129,endpoint_swap_within_distance_bins,external_lung,seed42_main,target_disjoint,7,14,-0.027496626180836703
H129,endpoint_swap_within_distance_bins,external_lung,seed42_main,target_disjoint,7,15,0.0026990553306343035
H129,endpoint_swap_within_distance_bins,external_lung,seed42_main,target_disjoint,7,16,-0.014085695006747612
H129,endpoint_swap_within_distance_bins,external_lung,seed42_main,target_disjoint,7,17,-0.0028677462887988225
H129,endpoint_swap_within_distance_bins,external_lung,seed42_main,target_disjoint,7,18,0.0167004048582996
H129,endpoint_swap_within_distance_bins,external_lung,seed42_main,target_disjoint,7,19,0.001939946018893468
H129,endpoint_swap_within_distance_bins,external_lung,seed42_main,target_disjoint,7,20,0.01914642375168696
H129,endpoint_swap_within_distance_bins,external_lung,seed42_main,target_disjoint,7,21,-0.021423751686909576
H129,endpoint_swap_within_distance_bins,external_lung,seed42_main,target_disjoint,7,22,0.010627530364372473
H129,endpoint_swap_within_distance_bins,external_lung,seed42_main,target_disjoint,7,23,0.00792847503373828
H129,endpoint_swap_within_distance_bins,external_lung,seed42_main,target_disjoint,11,0,0.02049595141700411
H129,endpoint_swap_within_distance_bins,external_lung,seed42_main,target_disjoint,11,1,0.007675438596491224
H129,endpoint_swap_within_distance_bins,external_lung,seed42_main,target_disjoint,11,2,-0.005313765182186292
H129,endpoint_swap_within_distance_bins,external_lung,seed42_main,target_disjoint,11,3,0.005060728744939236
H129,endpoint_swap_within_distance_bins,external_lung,seed42_main,target_disjoint,11,4,0.024207152496626305
H129,endpoint_swap_within_distance_bins,external_lung,seed42_main,target_disjoint,11,5,0.009193657219973006
H129,endpoint_swap_within_distance_bins,external_lung,seed42_main,target_disjoint,11,6,0.025641025641025772
H129,endpoint_swap_within_distance_bins,external_lung,seed42_main,target_disjoint,11,7,-0.0014338731443993558
H129,endpoint_swap_within_distance_bins,external_lung,seed42_main,target_disjoint,11,8,-0.03289473684210531
H129,endpoint_swap_within_distance_bins,external_lung,seed42_main,target_disjoint,11,9,0.0045546558704454565
H129,endpoint_swap_within_distance_bins,external_lung,seed42_main,target_disjoint,11,10,-0.005482456140350922
H129,endpoint_swap_within_distance_bins,external_lung,seed42_main,target_disjoint,11,11,0.03846153846153855
H129,endpoint_swap_within_distance_bins,external_lung,seed42_main,target_disjoint,11,12,-0.005313765182186181
H129,endpoint_swap_within_distance_bins,external_lung,seed42_main,target_disjoint,11,13,0.012145748987854255
H129,endpoint_swap_within_distance_bins,external_lung,seed42_main,target_disjoint,11,14,-0.007844129554655854
H129,endpoint_swap_within_distance_bins,external_lung,seed42_main,target_disjoint,11,15,-0.023363697705802933
H129,endpoint_swap_within_distance_bins,external_lung,seed42_main,target_disjoint,11,16,-0.013917004048582982
H129,endpoint_swap_within_distance_bins,external_lung,seed42_main,target_disjoint,11,17,0.004723346828610198
H129,endpoint_swap_within_distance_bins,external_lung,seed42_main,target_disjoint,11,18,-0.005566801619433237
H129,endpoint_swap_within_distance_bins,external_lung,seed42_main,target_disjoint,11,19,-0.022182860998650522
H129,endpoint_swap_within_distance_bins,external_lung,seed42_main,target_disjoint,11,20,0.02218286099865041
H129,endpoint_swap_within_distance_bins,external_lung,seed42_main,target_disjoint,11,21,-0.04023279352226716
H129,endpoint_swap_within_distance_bins,external_lung,seed42_main,target_disjoint,11,22,0.018302968960863808
H129,endpoint_swap_within_distance_bins,external_lung,seed42_main,target_disjoint,11,23,-0.02859311740890691
H129,endpoint_swap_within_distance_bins,immune,seed42_main,source_disjoint,7,0,0.00100240577385724
H129,endpoint_swap_within_distance_bins,immune,seed42_main,source_disjoint,7,1,0.019747393744987907
H129,endpoint_swap_within_distance_bins,immune,seed42_main,source_disjoint,7,2,0.026263031275060134
H129,endpoint_swap_within_distance_bins,immune,seed42_main,source_disjoint,7,3,0.013933440256615914
H129,endpoint_swap_within_distance_bins,immune,seed42_main,source_disjoint,7,4,-0.01022453889334407
H129,endpoint_swap_within_distance_bins,immune,seed42_main,source_disjoint,7,5,0.0007016840417001236
H129,endpoint_swap_within_distance_bins,immune,seed42_main,source_disjoint,7,6,0.0033079390537288367
H129,endpoint_swap_within_distance_bins,immune,seed42_main,source_disjoint,7,7,0.00701684041700068
H129,endpoint_swap_within_distance_bins,immune,seed42_main,source_disjoint,7,8,0.03989574979951893
H129,endpoint_swap_within_distance_bins,immune,seed42_main,source_disjoint,7,9,-0.009723336006415395
H129,endpoint_swap_within_distance_bins,immune,seed42_main,source_disjoint,7,10,-0.009422614274258279
H129,endpoint_swap_within_distance_bins,immune,seed42_main,source_disjoint,7,11,0.004811547714514863
H129,endpoint_swap_within_distance_bins,immune,seed42_main,source_disjoint,7,12,0.039494787489975924
H129,endpoint_swap_within_distance_bins,immune,seed42_main,source_disjoint,7,13,-0.004811547714514641
H129,endpoint_swap_within_distance_bins,immune,seed42_main,source_disjoint,7,14,0.022955092221331186
H129,endpoint_swap_within_distance_bins,immune,seed42_main,source_disjoint,7,15,0.002606255012028935
H129,endpoint_swap_within_distance_bins,immune,seed42_main,source_disjoint,7,16,-0.005513231756214876
H129,endpoint_swap_within_distance_bins,immune,seed42_main,source_disjoint,7,17,0.020248596631916582
H129,endpoint_swap_within_distance_bins,immune,seed42_main,source_disjoint,7,18,0.001403368083400136
H129,endpoint_swap_within_distance_bins,immune,seed42_main,source_disjoint,7,19,0.028969526864474737
H129,endpoint_swap_within_distance_bins,immune,seed42_main,source_disjoint,7,20,0.03889334402566147
H129,endpoint_swap_within_distance_bins,immune,seed42_main,source_disjoint,7,21,0.018845228548516335
H129,endpoint_swap_within_distance_bins,immune,seed42_main,source_disjoint,7,22,0.012931034482758452
H129,endpoint_swap_within_distance_bins,immune,seed42_main,source_disjoint,7,23,0.012429831595829999
H129,endpoint_swap_within_distance_bins,immune,seed42_main,source_disjoint,11,0,0.010825982357658526
H129,endpoint_swap_within_distance_bins,immune,seed42_main,source_disjoint,11,1,0.0341820368885325
H129,endpoint_swap_within_distance_bins,immune,seed42_main,source_disjoint,11,2,0.014735364875701817
H129,endpoint_swap_within_distance_bins,immune,seed42_main,source_disjoint,11,3,0.019947874899759577
H129,endpoint_swap_within_distance_bins,immune,seed42_main,source_disjoint,11,4,0.032477947072975355
H129,endpoint_swap_within_distance_bins,immune,seed42_main,source_disjoint,11,5,0.03518444266238974
H129,endpoint_swap_within_distance_bins,immune,seed42_main,source_disjoint,11,6,0.028067361668003277
H129,endpoint_swap_within_distance_bins,immune,seed42_main,source_disjoint,11,7,0.031475541299118004
H129,endpoint_swap_within_distance_bins,immune,seed42_main,source_disjoint,11,8,0.06034482758620707
H129,endpoint_swap_within_distance_bins,immune,seed42_main,source_disjoint,11,9,0.034482758620689724
H129,endpoint_swap_within_distance_bins,immune,seed42_main,source_disjoint,11,10,0.01152766639935876
H129,endpoint_swap_within_distance_bins,immune,seed42_main,source_disjoint,11,11,0.024558941459502992
H129,endpoint_swap_within_distance_bins,immune,seed42_main,source_disjoint,11,12,0.044807538091419574
H129,endpoint_swap_within_distance_bins,immune,seed42_main,source_disjoint,11,13,0.021050521251002485
H129,endpoint_swap_within_distance_bins,immune,seed42_main,source_disjoint,11,14,0.007518043303929578
H129,endpoint_swap_within_distance_bins,immune,seed42_main,source_disjoint,11,15,0.01744186046511642
H129,endpoint_swap_within_distance_bins,immune,seed42_main,source_disjoint,11,16,0.026463512429831804
H129,endpoint_swap_within_distance_bins,immune,seed42_main,source_disjoint,11,17,0.041599839615076295
H129,endpoint_swap_within_distance_bins,immune,seed42_main,source_disjoint,11,18,0.02886928628708929
H129,endpoint_swap_within_distance_bins,immune,seed42_main,source_disjoint,11,19,0.04751403368083407
H129,endpoint_swap_within_distance_bins,immune,seed42_main,source_disjoint,11,20,0.01954691259021657
H129,endpoint_swap_within_distance_bins,immune,seed42_main,source_disjoint,11,21,0.04661186848436272
H129,endpoint_swap_within_distance_bins,immune,seed42_main,source_disjoint,11,22,0.054029671210906294
H129,endpoint_swap_within_distance_bins,immune,seed42_main,source_disjoint,11,23,0.042602245388933535
H129,endpoint_swap_within_distance_bins,immune,seed42_main,target_disjoint,7,0,-0.0018253726802552883
H129,endpoint_swap_within_distance_bins,immune,seed42_main,target_disjoint,7,1,-0.011053645674880652
H129,endpoint_swap_within_distance_bins,immune,seed42_main,target_disjoint,7,2,0.01622553493560508
H129,endpoint_swap_within_distance_bins,immune,seed42_main,target_disjoint,7,3,0.0021296014602982805
H129,endpoint_swap_within_distance_bins,immune,seed42_main,target_disjoint,7,4,0.0006084575600854292
H129,endpoint_swap_within_distance_bins,immune,seed42_main,target_disjoint,7,5,-0.024034073623364627
H129,endpoint_swap_within_distance_bins,immune,seed42_main,target_disjoint,7,6,-0.0008112767467800541
H129,endpoint_swap_within_distance_bins,immune,seed42_main,target_disjoint,7,7,0.012980427948484197
H129,endpoint_swap_within_distance_bins,immune,seed42_main,target_disjoint,7,8,0.0032451069871212157
H129,endpoint_swap_within_distance_bins,immune,seed42_main,target_disjoint,7,9,0.019369232329378594
H129,endpoint_swap_within_distance_bins,immune,seed42_main,target_disjoint,7,10,-0.03478349051820295
H129,endpoint_swap_within_distance_bins,immune,seed42_main,target_disjoint,7,11,-0.024236892810059696
H129,endpoint_swap_within_distance_bins,immune,seed42_main,target_disjoint,7,12,-0.007402900314369409
H129,endpoint_swap_within_distance_bins,immune,seed42_main,target_disjoint,7,13,-0.027583409390528058
H129,endpoint_swap_within_distance_bins,immune,seed42_main,target_disjoint,7,14,-0.035696176858330486
H129,endpoint_swap_within_distance_bins,immune,seed42_main,target_disjoint,7,15,0.022918568096542025
H129,endpoint_swap_within_distance_bins,immune,seed42_main,target_disjoint,7,16,-0.018355136395902916
H129,endpoint_swap_within_distance_bins,immune,seed42_main,target_disjoint,7,17,0.0141973430686545
H129,endpoint_swap_within_distance_bins,immune,seed42_main,target_disjoint,7,18,-0.02900314369739354
H129,endpoint_swap_within_distance_bins,immune,seed42_main,target_disjoint,7,19,-0.01166210323496586
H129,endpoint_swap_within_distance_bins,immune,seed42_main,target_disjoint,7,20,-0.017848088429165188
H129,endpoint_swap_within_distance_bins,immune,seed42_main,target_disjoint,7,21,0.004664841293986588
H129,endpoint_swap_within_distance_bins,immune,seed42_main,target_disjoint,7,22,-0.04127370449244483
H129,endpoint_swap_within_distance_bins,immune,seed42_main,target_disjoint,7,23,0.008315586654497609
H129,endpoint_swap_within_distance_bins,immune,seed42_main,target_disjoint,11,0,-0.028698914917351104
H129,endpoint_swap_within_distance_bins,immune,seed42_main,target_disjoint,11,1,-0.006287394787546918
H129,endpoint_swap_within_distance_bins,immune,seed42_main,target_disjoint,11,2,-0.0018253726802555104
H129,endpoint_swap_within_distance_bins,immune,seed42_main,target_disjoint,11,3,-0.015312848595477102
H129,endpoint_swap_within_distance_bins,immune,seed42_main,target_disjoint,11,4,0.012676199168441427
H129,endpoint_swap_within_distance_bins,immune,seed42_main,target_disjoint,11,5,-0.02160024338302402
H129,endpoint_swap_within_distance_bins,immune,seed42_main,target_disjoint,11,6,-0.012574789575093726
H129,endpoint_swap_within_distance_bins,immune,seed42_main,target_disjoint,11,7,-0.056079505121184425
H129,endpoint_swap_within_distance_bins,immune,seed42_main,target_disjoint,11,8,-0.011560693641618491
H129,endpoint_swap_within_distance_bins,immune,seed42_main,target_disjoint,11,9,-0.017036811682385133
H129,endpoint_swap_within_distance_bins,immune,seed42_main,target_disjoint,11,10,-0.02951019166413149
H129,endpoint_swap_within_distance_bins,immune,seed42_main,target_disjoint,11,11,-0.03488490011155043
H129,endpoint_swap_within_distance_bins,immune,seed42_main,target_disjoint,11,12,-0.030220058817564066
H129,endpoint_swap_within_distance_bins,immune,seed42_main,target_disjoint,11,13,-0.025048169556839972
H129,endpoint_swap_within_distance_bins,immune,seed42_main,target_disjoint,11,14,-0.0389412838454517
H129,endpoint_swap_within_distance_bins,immune,seed42_main,target_disjoint,11,15,-0.02565662711692518
H129,endpoint_swap_within_distance_bins,immune,seed42_main,target_disjoint,11,16,-0.010546597708143257
H129,endpoint_swap_within_distance_bins,immune,seed42_main,target_disjoint,11,17,-0.01592130615556231
H129,endpoint_swap_within_distance_bins,immune,seed42_main,target_disjoint,11,18,-0.012980427948483975
H129,endpoint_swap_within_distance_bins,immune,seed42_main,target_disjoint,11,19,-0.01957205151607333
H129,endpoint_swap_within_distance_bins,immune,seed42_main,target_disjoint,11,20,-0.02717777101713814
H129,endpoint_swap_within_distance_bins,immune,seed42_main,target_disjoint,11,21,-0.030118649224216587
H129,endpoint_swap_within_distance_bins,immune,seed42_main,target_disjoint,11,22,0.006388804380894508
H129,endpoint_swap_within_distance_bins,immune,seed42_main,target_disjoint,11,23,-0.054254132440928915
H129,endpoint_swap_within_distance_bins,lung,seed42_main,source_disjoint,7,0,0.016182698124621697
H129,endpoint_swap_within_distance_bins,lung,seed42_main,source_disjoint,7,1,-0.014670296430732144
H129,endpoint_swap_within_distance_bins,lung,seed42_main,source_disjoint,7,2,-0.0035541439806414665
H129,endpoint_swap_within_distance_bins,lung,seed42_main,source_disjoint,7,3,0.0033272837265576616
H129,endpoint_swap_within_distance_bins,lung,seed42_main,source_disjoint,7,4,-0.0511191772534787
H129,endpoint_swap_within_distance_bins,lung,seed42_main,source_disjoint,7,5,-0.0003781004234727492
H129,endpoint_swap_within_distance_bins,lung,seed42_main,source_disjoint,7,6,-0.016031457955233086
H129,endpoint_swap_within_distance_bins,lung,seed42_main,source_disjoint,7,7,0.00045372050816683274
H129,endpoint_swap_within_distance_bins,lung,seed42_main,source_disjoint,7,8,-0.008015728977616599
H129,endpoint_swap_within_distance_bins,lung,seed42_main,source_disjoint,7,9,-0.008015728977616599
H129,endpoint_swap_within_distance_bins,lung,seed42_main,source_disjoint,7,10,-0.05648820326678772
H129,endpoint_swap_within_distance_bins,lung,seed42_main,source_disjoint,7,11,-0.0244252873563221
H129,endpoint_swap_within_distance_bins,lung,seed42_main,source_disjoint,7,12,0.0006805807622501936
H129,endpoint_swap_within_distance_bins,lung,seed42_main,source_disjoint,7,13,-0.0019661222020570523
H129,endpoint_swap_within_distance_bins,lung,seed42_main,source_disjoint,7,14,-0.023744706594071574
H129,endpoint_swap_within_distance_bins,lung,seed42_main,source_disjoint,7,15,-0.027147610405323874
H129,endpoint_swap_within_distance_bins,lung,seed42_main,source_disjoint,7,16,-0.02949183303085312
H129,endpoint_swap_within_distance_bins,lung,seed42_main,source_disjoint,7,17,-0.0005293405928615824
H129,endpoint_swap_within_distance_bins,lung,seed42_main,source_disjoint,7,18,-0.004839685420447992
H129,endpoint_swap_within_distance_bins,lung,seed42_main,source_disjoint,7,19,-0.045523290986085985
H129,endpoint_swap_within_distance_bins,lung,seed42_main,source_disjoint,7,20,-0.01164549304295237
H129,endpoint_swap_within_distance_bins,lung,seed42_main,source_disjoint,7,21,-0.041893526920750324
H129,endpoint_swap_within_distance_bins,lung,seed42_main,source_disjoint,7,22,-0.006957047791893767
H129,endpoint_swap_within_distance_bins,lung,seed42_main,source_disjoint,7,23,-0.030474894131881647
H129,endpoint_swap_within_distance_bins,lung,seed42_main,source_disjoint,11,0,0.009528130671506374
H129,endpoint_swap_within_distance_bins,lung,seed42_main,source_disjoint,11,1,-0.020871143375680634
H129,endpoint_swap_within_distance_bins,lung,seed42_main,source_disjoint,11,2,0.009452510586811846
H129,endpoint_swap_within_distance_bins,lung,seed42_main,source_disjoint,11,3,-0.02465214761040535
H129,endpoint_swap_within_distance_bins,lung,seed42_main,source_disjoint,11,4,-0.018073200241984222
H129,endpoint_swap_within_distance_bins,lung,seed42_main,source_disjoint,11,5,0.006049606775559657
H129,endpoint_swap_within_distance_bins,lung,seed42_main,source_disjoint,11,6,0.012779794313369619
H129,endpoint_swap_within_distance_bins,lung,seed42_main,source_disjoint,11,7,-0.026996370235934597
H129,endpoint_swap_within_distance_bins,lung,seed42_main,source_disjoint,11,8,-0.00990623109497879
H129,endpoint_swap_within_distance_bins,lung,seed42_main,source_disjoint,11,9,0.026845130066545653
H129,endpoint_swap_within_distance_bins,lung,seed42_main,source_disjoint,11,10,-0.0023442226255292464
H129,endpoint_swap_within_distance_bins,lung,seed42_main,source_disjoint,11,11,-0.01898064125831822
H129,endpoint_swap_within_distance_bins,lung,seed42_main,source_disjoint,11,12,0.009225650332728375
H129,endpoint_swap_within_distance_bins,lung,seed42_main,source_disjoint,11,13,-0.013989715668481506
H129,endpoint_swap_within_distance_bins,lung,seed42_main,source_disjoint,11,14,-0.0053690260133092416
H129,endpoint_swap_within_distance_bins,lung,seed42_main,source_disjoint,11,15,0.013687235329703507
H129,endpoint_swap_within_distance_bins,lung,seed42_main,source_disjoint,11,16,-0.018300060496067694
H129,endpoint_swap_within_distance_bins,lung,seed42_main,source_disjoint,11,17,-0.013611615245008979
H129,endpoint_swap_within_distance_bins,lung,seed42_main,source_disjoint,11,18,0.014897156684815505
H129,endpoint_swap_within_distance_bins,lung,seed42_main,source_disjoint,11,19,-0.015728977616454864
H129,endpoint_swap_within_distance_bins,lung,seed42_main,source_disjoint,11,20,-0.0008318209316394709
H129,endpoint_swap_within_distance_bins,lung,seed42_main,source_disjoint,11,21,-0.02071990320629158
H129,endpoint_swap_within_distance_bins,lung,seed42_main,source_disjoint,11,22,-0.015350877192982448
H129,endpoint_swap_within_distance_bins,lung,seed42_main,source_disjoint,11,23,-0.023290986085904408
H129,endpoint_swap_within_distance_bins,lung,seed42_main,target_disjoint,7,0,-0.04753708712400628
H129,endpoint_swap_within_distance_bins,lung,seed42_main,target_disjoint,7,1,-0.0017211703958691649
H129,endpoint_swap_within_distance_bins,lung,seed42_main,target_disjoint,7,2,-0.01663798049340215
H129,endpoint_swap_within_distance_bins,lung,seed42_main,target_disjoint,7,3,-0.014343086632243263
H129,endpoint_swap_within_distance_bins,lung,seed42_main,target_disjoint,7,4,-0.00483566920744205
H129,endpoint_swap_within_distance_bins,lung,seed42_main,target_disjoint,7,5,-0.030243422670272913
H129,endpoint_swap_within_distance_bins,lung,seed42_main,target_disjoint,7,6,-0.0001639209900827776
H129,endpoint_swap_within_distance_bins,lung,seed42_main,target_disjoint,7,7,-0.022457175641340865
H129,endpoint_swap_within_distance_bins,lung,seed42_main,target_disjoint,7,8,-0.004753708712400662
H129,endpoint_swap_within_distance_bins,lung,seed42_main,target_disjoint,7,9,-0.021145807720678644
H129,endpoint_swap_within_distance_bins,lung,seed42_main,target_disjoint,7,10,-0.037701827719039405
H129,endpoint_swap_within_distance_bins,lung,seed42_main,target_disjoint,7,11,-0.009425456929759823
H129,endpoint_swap_within_distance_bins,lung,seed42_main,target_disjoint,7,12,-0.03262027702647319
H129,endpoint_swap_within_distance_bins,lung,seed42_main,target_disjoint,7,13,-0.03737398573887385
H129,endpoint_swap_within_distance_bins,lung,seed42_main,target_disjoint,7,14,-0.014670928612408929
H129,endpoint_swap_within_distance_bins,lung,seed42_main,target_disjoint,7,15,0.008359970494221769
H129,endpoint_swap_within_distance_bins,lung,seed42_main,target_disjoint,7,16,0.010408982870256378
H129,endpoint_swap_within_distance_bins,lung,seed42_main,target_disjoint,7,17,-0.008114089009097603
H129,endpoint_swap_within_distance_bins,lung,seed42_main,target_disjoint,7,18,-0.0035243012867798296
H129,endpoint_swap_within_distance_bins,lung,seed42_main,target_disjoint,7,19,-0.04794688959921323
H129,endpoint_swap_within_distance_bins,lung,seed42_main,target_disjoint,7,20,-0.010900745840504822
H129,endpoint_swap_within_distance_bins,lung,seed42_main,target_disjoint,7,21,0.009917219900008156
H129,endpoint_swap_within_distance_bins,lung,seed42_main,target_disjoint,7,22,-0.0023768543562002753
H129,endpoint_swap_within_distance_bins,lung,seed42_main,target_disjoint,7,23,-0.017703466928940204
H129,endpoint_swap_within_distance_bins,lung,seed42_main,target_disjoint,11,0,-0.017785427423981592
H129,endpoint_swap_within_distance_bins,lung,seed42_main,target_disjoint,11,1,-0.0011474469305794432
H129,endpoint_swap_within_distance_bins,lung,seed42_main,target_disjoint,11,2,1.1102230246251565e-16
H129,endpoint_swap_within_distance_bins,lung,seed42_main,target_disjoint,11,3,0.013277600196705208
H129,endpoint_swap_within_distance_bins,lung,seed42_main,target_disjoint,11,4,0.019834439800016535
H129,endpoint_swap_within_distance_bins,lung,seed42_main,target_disjoint,11,5,-0.028522252274403637
H129,endpoint_swap_within_distance_bins,lung,seed42_main,target_disjoint,11,6,-0.027292844848782805
H129,endpoint_swap_within_distance_bins,lung,seed42_main,target_disjoint,11,7,0.005737234652897327
H129,endpoint_swap_within_distance_bins,lung,seed42_main,target_disjoint,11,8,-0.0039341037619866626
H129,endpoint_swap_within_distance_bins,lung,seed42_main,target_disjoint,11,9,-0.015326612572739928
H129,endpoint_swap_within_distance_bins,lung,seed42_main,target_disjoint,11,10,-0.004507827227276384
H129,endpoint_swap_within_distance_bins,lung,seed42_main,target_disjoint,11,11,-0.00032784198016566624
H129,endpoint_swap_within_distance_bins,lung,seed42_main,target_disjoint,11,12,0.001721170395869276
H129,endpoint_swap_within_distance_bins,lung,seed42_main,target_disjoint,11,13,0.027866568314072637
H129,endpoint_swap_within_distance_bins,lung,seed42_main,target_disjoint,11,14,-0.008933693959511602
H129,endpoint_swap_within_distance_bins,lung,seed42_main,target_disjoint,11,15,-0.03040734366035569
H129,endpoint_swap_within_distance_bins,lung,seed42_main,target_disjoint,11,16,0.009999180395049656
H129,endpoint_swap_within_distance_bins,lung,seed42_main,target_disjoint,11,17,-0.034833210392590686
H129,endpoint_swap_within_distance_bins,lung,seed42_main,target_disjoint,11,18,-0.08114089009097625
H129,endpoint_swap_within_distance_bins,lung,seed42_main,target_disjoint,11,19,-0.014916810097532984
H129,endpoint_swap_within_distance_bins,lung,seed42_main,target_disjoint,11,20,0.007868207523973436
H129,endpoint_swap_within_distance_bins,lung,seed42_main,target_disjoint,11,21,-0.020244242275223367
H129,endpoint_swap_within_distance_bins,lung,seed42_main,target_disjoint,11,22,-0.030981067125645412
H129,endpoint_swap_within_distance_bins,lung,seed42_main,target_disjoint,11,23,-0.007130563068600826
H129,label_permutation,external_lung,seed42_main,source_disjoint,7,0,0.05159090909090924
H129,label_permutation,external_lung,seed42_main,source_disjoint,7,1,0.043333333333333224
H129,label_permutation,external_lung,seed42_main,source_disjoint,7,2,0.04287878787878807
H129,label_permutation,external_lung,seed42_main,source_disjoint,7,3,0.0035227272727271774
H129,label_permutation,external_lung,seed42_main,source_disjoint,7,4,0.026249999999999996
H129,label_permutation,external_lung,seed42_main,source_disjoint,7,5,0.055151515151515174
H129,label_permutation,external_lung,seed42_main,source_disjoint,7,6,-0.000871212121212217
H129,label_permutation,external_lung,seed42_main,source_disjoint,7,7,-0.010681818181817904
H129,label_permutation,external_lung,seed42_main,source_disjoint,7,8,0.044356060606060455
H129,label_permutation,external_lung,seed42_main,source_disjoint,7,9,-0.02337121212121207
H129,label_permutation,external_lung,seed42_main,source_disjoint,7,10,0.010946969696969622
H129,label_permutation,external_lung,seed42_main,source_disjoint,7,11,-0.013295454545454555
H129,label_permutation,external_lung,seed42_main,source_disjoint,7,12,-0.018636363636363673
H129,label_permutation,external_lung,seed42_main,source_disjoint,7,13,0.005416666666666625
H129,label_permutation,external_lung,seed42_main,source_disjoint,7,14,-0.03996212121212106
H129,label_permutation,external_lung,seed42_main,source_disjoint,7,15,0.0070075757575758235
H129,label_permutation,external_lung,seed42_main,source_disjoint,7,16,0.045643939393939514
H129,label_permutation,external_lung,seed42_main,source_disjoint,7,17,0.007954545454545436
H129,label_permutation,external_lung,seed42_main,source_disjoint,7,18,-0.012499999999999956
H129,label_permutation,external_lung,seed42_main,source_disjoint,7,19,-0.01295454545454544
H129,label_permutation,external_lung,seed42_main,source_disjoint,7,20,-0.0387121212121212
H129,label_permutation,external_lung,seed42_main,source_disjoint,7,21,0.032424242424242244
H129,label_permutation,external_lung,seed42_main,source_disjoint,7,22,-0.0005303030303029921
H129,label_permutation,external_lung,seed42_main,source_disjoint,7,23,-0.047803030303030125
H129,label_permutation,external_lung,seed42_main,source_disjoint,11,0,0.02943181818181828
H129,label_permutation,external_lung,seed42_main,source_disjoint,11,1,0.1390530303030303
H129,label_permutation,external_lung,seed42_main,source_disjoint,11,2,0.130681818181818
H129,label_permutation,external_lung,seed42_main,source_disjoint,11,3,0.006553030303030227
H129,label_permutation,external_lung,seed42_main,source_disjoint,11,4,-0.013030303030302948
H129,label_permutation,external_lung,seed42_main,source_disjoint,11,5,0.06795454545454549
H129,label_permutation,external_lung,seed42_main,source_disjoint,11,6,-0.007499999999999951
H129,label_permutation,external_lung,seed42_main,source_disjoint,11,7,0.0724242424242425
H129,label_permutation,external_lung,seed42_main,source_disjoint,11,8,0.08632575757575744
H129,label_permutation,external_lung,seed42_main,source_disjoint,11,9,0.01507575757575752
H129,label_permutation,external_lung,seed42_main,source_disjoint,11,10,0.005454545454545379
H129,label_permutation,external_lung,seed42_main,source_disjoint,11,11,0.04075757575757577
H129,label_permutation,external_lung,seed42_main,source_disjoint,11,12,0.06439393939393934
H129,label_permutation,external_lung,seed42_main,source_disjoint,11,13,0.08015151515151542
H129,label_permutation,external_lung,seed42_main,source_disjoint,11,14,0.06598484848484831
H129,label_permutation,external_lung,seed42_main,source_disjoint,11,15,0.03196969696969687
H129,label_permutation,external_lung,seed42_main,source_disjoint,11,16,0.09719696969696967
H129,label_permutation,external_lung,seed42_main,source_disjoint,11,17,0.05397727272727271
H129,label_permutation,external_lung,seed42_main,source_disjoint,11,18,0.0904166666666667
H129,label_permutation,external_lung,seed42_main,source_disjoint,11,19,0.1020075757575758
H129,label_permutation,external_lung,seed42_main,source_disjoint,11,20,0.06954545454545447
H129,label_permutation,external_lung,seed42_main,source_disjoint,11,21,0.09553030303030297
H129,label_permutation,external_lung,seed42_main,source_disjoint,11,22,0.07723484848484852
H129,label_permutation,external_lung,seed42_main,source_disjoint,11,23,0.09829545454545463
H129,label_permutation,external_lung,seed42_main,target_disjoint,7,0,-0.022014170040485892
H129,label_permutation,external_lung,seed42_main,target_disjoint,7,1,-0.025387989203778605
H129,label_permutation,external_lung,seed42_main,target_disjoint,7,2,-0.018809041835357698
H129,label_permutation,external_lung,seed42_main,target_disjoint,7,3,-0.03972672064777327
H129,label_permutation,external_lung,seed42_main,target_disjoint,7,4,-0.026737516869095757
H129,label_permutation,external_lung,seed42_main,target_disjoint,7,5,-0.02133940620782715
H129,label_permutation,external_lung,seed42_main,target_disjoint,7,6,-0.019062078272604532
H129,label_permutation,external_lung,seed42_main,target_disjoint,7,7,0.07565789473684204
H129,label_permutation,external_lung,seed42_main,target_disjoint,7,8,0.0026147098515518774
H129,label_permutation,external_lung,seed42_main,target_disjoint,7,9,0.003879892037786714
H129,label_permutation,external_lung,seed42_main,target_disjoint,7,10,0.029014844804318485
H129,label_permutation,external_lung,seed42_main,target_disjoint,7,11,0.01914642375168707
H129,label_permutation,external_lung,seed42_main,target_disjoint,7,12,-0.049848178137651855
H129,label_permutation,external_lung,seed42_main,target_disjoint,7,13,-0.00860323886639669
H129,label_permutation,external_lung,seed42_main,target_disjoint,7,14,-0.00345816464237525
H129,label_permutation,external_lung,seed42_main,target_disjoint,7,15,0.02943657219973006
H129,label_permutation,external_lung,seed42_main,target_disjoint,7,16,0.014591767881241502
H129,label_permutation,external_lung,seed42_main,target_disjoint,7,17,0.01172402159244279
H129,label_permutation,external_lung,seed42_main,target_disjoint,7,18,-0.019736842105263164
H129,label_permutation,external_lung,seed42_main,target_disjoint,7,19,0.023363697705802933
H129,label_permutation,external_lung,seed42_main,target_disjoint,7,20,0.0024460188933873583
H129,label_permutation,external_lung,seed42_main,target_disjoint,7,21,-0.014929149797570873
H129,label_permutation,external_lung,seed42_main,target_disjoint,7,22,0.06553643724696367
H129,label_permutation,external_lung,seed42_main,target_disjoint,7,23,-0.06528340080971662
H129,label_permutation,external_lung,seed42_main,target_disjoint,11,0,0.05765013495276661
H129,label_permutation,external_lung,seed42_main,target_disjoint,11,1,0.006621120107962231
H129,label_permutation,external_lung,seed42_main,target_disjoint,11,2,-0.05161943319838058
H129,label_permutation,external_lung,seed42_main,target_disjoint,11,3,0.006916329284750389
H129,label_permutation,external_lung,seed42_main,target_disjoint,11,4,0.07401315789473673
H129,label_permutation,external_lung,seed42_main,target_disjoint,11,5,-0.015013495276652966
H129,label_permutation,external_lung,seed42_main,target_disjoint,11,6,0.023110661268555988
H129,label_permutation,external_lung,seed42_main,target_disjoint,11,7,0.029520917678812486
H129,label_permutation,external_lung,seed42_main,target_disjoint,11,8,0.0045546558704452345
H129,label_permutation,external_lung,seed42_main,target_disjoint,11,9,0.018471659919028216
H129,label_permutation,external_lung,seed42_main,target_disjoint,11,10,-0.0538967611336032
H129,label_permutation,external_lung,seed42_main,target_disjoint,11,11,-0.02117071524966274
H129,label_permutation,external_lung,seed42_main,target_disjoint,11,12,-0.03508771929824561
H129,label_permutation,external_lung,seed42_main,target_disjoint,11,13,-0.0005060728744940013
H129,label_permutation,external_lung,seed42_main,target_disjoint,11,14,-0.004217273954116085
H129,label_permutation,external_lung,seed42_main,target_disjoint,11,15,0.0032051282051283048
H129,label_permutation,external_lung,seed42_main,target_disjoint,11,16,-0.0064946018893388135
H129,label_permutation,external_lung,seed42_main,target_disjoint,11,17,-0.029520917678812375
H129,label_permutation,external_lung,seed42_main,target_disjoint,11,18,0.016784750337381693
H129,label_permutation,external_lung,seed42_main,target_disjoint,11,19,0.0005060728744940013
H129,label_permutation,external_lung,seed42_main,target_disjoint,11,20,-0.026231443994601866
H129,label_permutation,external_lung,seed42_main,target_disjoint,11,21,0.028340080971659853
H129,label_permutation,external_lung,seed42_main,target_disjoint,11,22,-0.04913124156545212
H129,label_permutation,external_lung,seed42_main,target_disjoint,11,23,0.05722840755735503
H129,label_permutation,immune,seed42_main,source_disjoint,7,0,0.00821972734562959
H129,label_permutation,immune,seed42_main,source_disjoint,7,1,0.06149759422614276
H129,label_permutation,immune,seed42_main,source_disjoint,7,2,0.046511627906976716
H129,label_permutation,immune,seed42_main,source_disjoint,7,3,0.04170008019246185
H129,label_permutation,immune,seed42_main,source_disjoint,7,4,0.014434643143544479
H129,label_permutation,immune,seed42_main,source_disjoint,7,5,0.06104651162790686
H129,label_permutation,immune,seed42_main,source_disjoint,7,6,-0.03398155573376116
H129,label_permutation,immune,seed42_main,source_disjoint,7,7,0.06415396952686447
H129,label_permutation,immune,seed42_main,source_disjoint,7,8,-0.01653969526864474
H129,label_permutation,immune,seed42_main,source_disjoint,7,9,-0.02455894145950288
H129,label_permutation,immune,seed42_main,source_disjoint,7,10,0.04656174819566972
H129,label_permutation,immune,seed42_main,source_disjoint,7,11,0.059943865276664066
H129,label_permutation,immune,seed42_main,source_disjoint,7,12,0.0784883720930234
H129,label_permutation,immune,seed42_main,source_disjoint,7,13,0.07157177225340816
H129,label_permutation,immune,seed42_main,source_disjoint,7,14,0.005412991178829318
H129,label_permutation,immune,seed42_main,source_disjoint,7,15,0.04530874097834803
H129,label_permutation,immune,seed42_main,source_disjoint,7,16,0.06756214915797909
H129,label_permutation,immune,seed42_main,source_disjoint,7,17,0.004911788291900643
H129,label_permutation,immune,seed42_main,source_disjoint,7,18,-0.03969526864474737
H129,label_permutation,immune,seed42_main,source_disjoint,7,19,0.08219727345629502
H129,label_permutation,immune,seed42_main,source_disjoint,7,20,0.08079390537289477
H129,label_permutation,immune,seed42_main,source_disjoint,7,21,0.0021050521251002596
H129,label_permutation,immune,seed42_main,source_disjoint,7,22,0.0660585404971934
H129,label_permutation,immune,seed42_main,source_disjoint,7,23,0.011427425821972648
H129,label_permutation,immune,seed42_main,source_disjoint,11,0,0.022955092221331075
H129,label_permutation,immune,seed42_main,source_disjoint,11,1,0.05312750601443472
H129,label_permutation,immune,seed42_main,source_disjoint,11,2,0.008520449077786596
H129,label_permutation,immune,seed42_main,source_disjoint,11,3,0.006515637530072227
H129,label_permutation,immune,seed42_main,source_disjoint,11,4,-0.008821170809943824
H129,label_permutation,immune,seed42_main,source_disjoint,11,5,0.0818965517241379
H129,label_permutation,immune,seed42_main,source_disjoint,11,6,0.029370489174017744
H129,label_permutation,immune,seed42_main,source_disjoint,11,7,0.005212510024057648
H129,label_permutation,immune,seed42_main,source_disjoint,11,8,0.026363271852445802
H129,label_permutation,immune,seed42_main,source_disjoint,11,9,0.0025060144346432667
H129,label_permutation,immune,seed42_main,source_disjoint,11,10,0.08184643143544501
H129,label_permutation,immune,seed42_main,source_disjoint,11,11,-0.016740176423416187
H129,label_permutation,immune,seed42_main,source_disjoint,11,12,0.08390136327185249
H129,label_permutation,immune,seed42_main,source_disjoint,11,13,0.028267842822774725
H129,label_permutation,immune,seed42_main,source_disjoint,11,14,0.004510825982357525
H129,label_permutation,immune,seed42_main,source_disjoint,11,15,0.04931836407377699
H129,label_permutation,immune,seed42_main,source_disjoint,11,16,0.055783881315156325
H129,label_permutation,immune,seed42_main,source_disjoint,11,17,0.0337810745789896
H129,label_permutation,immune,seed42_main,source_disjoint,11,18,0.09091820368885328
H129,label_permutation,immune,seed42_main,source_disjoint,11,19,0.04099839615076195
H129,label_permutation,immune,seed42_main,source_disjoint,11,20,0.07798716920609461
H129,label_permutation,immune,seed42_main,source_disjoint,11,21,0.02165196471531672
H129,label_permutation,immune,seed42_main,source_disjoint,11,22,-0.01232959101844422
H129,label_permutation,immune,seed42_main,source_disjoint,11,23,0.06445469125902159
H129,label_permutation,immune,seed42_main,target_disjoint,7,0,-0.046344184159821555
H129,label_permutation,immune,seed42_main,target_disjoint,7,1,0.034479261738160516
H129,label_permutation,immune,seed42_main,target_disjoint,7,2,0.037065206368522396
H129,label_permutation,immune,seed42_main,target_disjoint,7,3,-0.009380387384646638
H129,label_permutation,immune,seed42_main,target_disjoint,7,4,-0.022918568096541803
H129,label_permutation,immune,seed42_main,target_disjoint,7,5,-0.05334144610080105
H129,label_permutation,immune,seed42_main,target_disjoint,7,6,0.024135483216712328
H129,label_permutation,immune,seed42_main,target_disjoint,7,7,-0.009329682587972732
H129,label_permutation,immune,seed42_main,target_disjoint,7,8,0.03488490011155054
H129,label_permutation,immune,seed42_main,target_disjoint,7,9,-0.07311631680356945
H129,label_permutation,immune,seed42_main,target_disjoint,7,10,0.0435047155460907
H129,label_permutation,immune,seed42_main,target_disjoint,7,11,0.03366798499138013
H129,label_permutation,immune,seed42_main,target_disjoint,7,12,-0.01947064192272585
H129,label_permutation,immune,seed42_main,target_disjoint,7,13,0.07271067843017964
H129,label_permutation,immune,seed42_main,target_disjoint,7,14,-0.049893519926984986
H129,label_permutation,immune,seed42_main,target_disjoint,7,15,-0.10201805090761573
H129,label_permutation,immune,seed42_main,target_disjoint,7,16,0.02535239833688263
H129,label_permutation,immune,seed42_main,target_disjoint,7,17,-0.04330189635939563
H129,label_permutation,immune,seed42_main,target_disjoint,7,18,0.03153838353108207
H129,label_permutation,immune,seed42_main,target_disjoint,7,19,-0.012270560795051177
H129,label_permutation,immune,seed42_main,target_disjoint,7,20,-0.0518203022005882
H129,label_permutation,immune,seed42_main,target_disjoint,7,21,-0.03539194807828805
H129,label_permutation,immune,seed42_main,target_disjoint,7,22,-0.006185985194199217
H129,label_permutation,immune,seed42_main,target_disjoint,7,23,-0.05790487780144005
H129,label_permutation,immune,seed42_main,target_disjoint,11,0,0.06500354933576713
H129,label_permutation,immune,seed42_main,target_disjoint,11,1,-0.012371970388398768
H129,label_permutation,immune,seed42_main,target_disjoint,11,2,-0.0030422878004259246
H129,label_permutation,immune,seed42_main,target_disjoint,11,3,0.008721225027887636
H129,label_permutation,immune,seed42_main,target_disjoint,11,4,0.006895852347632014
H129,label_permutation,immune,seed42_main,target_disjoint,11,5,0.0076057195010648115
H129,label_permutation,immune,seed42_main,target_disjoint,11,6,-0.012574789575093726
H129,label_permutation,immune,seed42_main,target_disjoint,11,7,0.025453807930230332
H129,label_permutation,immune,seed42_main,target_disjoint,11,8,-0.041882162052530036
H129,label_permutation,immune,seed42_main,target_disjoint,11,9,0.011357874454923311
H129,label_permutation,immune,seed42_main,target_disjoint,11,10,0.0037521549538586108
H129,label_permutation,immune,seed42_main,target_disjoint,11,11,-0.01561707737551965
H129,label_permutation,immune,seed42_main,target_disjoint,11,12,-0.09096440523273508
H129,label_permutation,immune,seed42_main,target_disjoint,11,13,-0.06459791096237688
H129,label_permutation,immune,seed42_main,target_disjoint,11,14,-0.06890781867964713
H129,label_permutation,immune,seed42_main,target_disjoint,11,15,0.09238413953960045
H129,label_permutation,immune,seed42_main,target_disjoint,11,16,0.012270560795051177
H129,label_permutation,immune,seed42_main,target_disjoint,11,17,0.036507453605110984
H129,label_permutation,immune,seed42_main,target_disjoint,11,18,0.028800324510698694
H129,label_permutation,immune,seed42_main,target_disjoint,11,19,-0.011763512828313671
H129,label_permutation,immune,seed42_main,target_disjoint,11,20,-0.025859446303620248
H129,label_permutation,immune,seed42_main,target_disjoint,11,21,-0.038637055065409154
H129,label_permutation,immune,seed42_main,target_disjoint,11,22,0.02596085589696795
H129,label_permutation,immune,seed42_main,target_disjoint,11,23,0.004462022107291408
H129,label_permutation,lung,seed42_main,source_disjoint,7,0,-0.04582577132486376
H129,label_permutation,lung,seed42_main,source_disjoint,7,1,-0.017770719903206444
H129,label_permutation,lung,seed42_main,source_disjoint,7,2,-0.015502117362371282
H129,label_permutation,lung,seed42_main,source_disjoint,7,3,-0.07168784029038111
H129,label_permutation,lung,seed42_main,source_disjoint,7,4,-0.04397307924984872
H129,label_permutation,lung,seed42_main,source_disjoint,7,5,-0.07267090139140953
H129,label_permutation,lung,seed42_main,source_disjoint,7,6,0.004461584996975243
H129,label_permutation,lung,seed42_main,source_disjoint,7,7,-0.019963702359346636
H129,label_permutation,lung,seed42_main,source_disjoint,7,8,0.0007562008469449433
H129,label_permutation,lung,seed42_main,source_disjoint,7,9,-0.021476104053236633
H129,label_permutation,lung,seed42_main,source_disjoint,7,10,-0.052707199032063
H129,label_permutation,lung,seed42_main,source_disjoint,7,11,-0.04136418632788874
H129,label_permutation,lung,seed42_main,source_disjoint,7,12,-0.040986085904416214
H129,label_permutation,lung,seed42_main,source_disjoint,7,13,-0.06427707199032062
H129,label_permutation,lung,seed42_main,source_disjoint,7,14,-0.0446914700544464
H129,label_permutation,lung,seed42_main,source_disjoint,7,15,-0.021098003629764106
H129,label_permutation,lung,seed42_main,source_disjoint,7,16,-0.03796128251663633
H129,label_permutation,lung,seed42_main,source_disjoint,7,17,-0.09913793103448287
H129,label_permutation,lung,seed42_main,source_disjoint,7,18,-0.004385964912280715
H129,label_permutation,lung,seed42_main,source_disjoint,7,19,-0.06510889292195998
H129,label_permutation,lung,seed42_main,source_disjoint,7,20,-0.05187537810042353
H129,label_permutation,lung,seed42_main,source_disjoint,7,21,-0.055429522081064775
H129,label_permutation,lung,seed42_main,source_disjoint,7,22,-0.019509981851179692
H129,label_permutation,lung,seed42_main,source_disjoint,7,23,-0.01928312159709622
H129,label_permutation,lung,seed42_main,source_disjoint,11,0,-0.04423774954627935
H129,label_permutation,lung,seed42_main,source_disjoint,11,1,-0.036222020568663194
H129,label_permutation,lung,seed42_main,source_disjoint,11,2,-0.019925892316999594
H129,label_permutation,lung,seed42_main,source_disjoint,11,3,-0.04499395039322451
H129,label_permutation,lung,seed42_main,source_disjoint,11,4,-0.07622504537205088
H129,label_permutation,lung,seed42_main,source_disjoint,11,5,-0.032441016333938255
H129,label_permutation,lung,seed42_main,source_disjoint,11,6,-0.022761645493042937
H129,label_permutation,lung,seed42_main,source_disjoint,11,7,-0.033159407138535935
H129,label_permutation,lung,seed42_main,source_disjoint,11,8,-0.018300060496067694
H129,label_permutation,lung,seed42_main,source_disjoint,11,9,-0.02484119782214156
H129,label_permutation,lung,seed42_main,source_disjoint,11,10,-0.035730490018148764
H129,label_permutation,lung,seed42_main,source_disjoint,11,11,-0.039549304295220855
H129,label_permutation,lung,seed42_main,source_disjoint,11,12,0.00018905021173620806
H129,label_permutation,lung,seed42_main,source_disjoint,11,13,-0.09085753176043565
H129,label_permutation,lung,seed42_main,source_disjoint,11,14,-0.019963702359346636
H129,label_permutation,lung,seed42_main,source_disjoint,11,15,0.04212038717483346
H129,label_permutation,lung,seed42_main,source_disjoint,11,16,-0.041401996370235894
H129,label_permutation,lung,seed42_main,source_disjoint,11,17,-0.0035541439806412445
H129,label_permutation,lung,seed42_main,source_disjoint,11,18,0.04404869933454325
H129,label_permutation,lung,seed42_main,source_disjoint,11,19,-0.050476406533575324
H129,label_permutation,lung,seed42_main,source_disjoint,11,20,0.033991228070175405
H129,label_permutation,lung,seed42_main,source_disjoint,11,21,-0.0041591046581971325
H129,label_permutation,lung,seed42_main,source_disjoint,11,22,-0.030096793708408787
H129,label_permutation,lung,seed42_main,source_disjoint,11,23,-0.015199637023593393
H129,label_permutation,lung,seed42_main,target_disjoint,7,0,-0.032005573313662716
H129,label_permutation,lung,seed42_main,target_disjoint,7,1,-0.05065158593557906
H129,label_permutation,lung,seed42_main,target_disjoint,7,2,-0.06745348741906398
H129,label_permutation,lung,seed42_main,target_disjoint,7,3,-0.04483239078764023
H129,label_permutation,lung,seed42_main,target_disjoint,7,4,-0.106548643553807
H129,label_permutation,lung,seed42_main,target_disjoint,7,5,-0.0605688058355871
H129,label_permutation,lung,seed42_main,target_disjoint,7,6,-0.06032292435046316
H129,label_permutation,lung,seed42_main,target_disjoint,7,7,-0.04651258093598887
H129,label_permutation,lung,seed42_main,target_disjoint,7,8,-0.00020490123760352752
H129,label_permutation,lung,seed42_main,target_disjoint,7,9,-0.005163511187607495
H129,label_permutation,lung,seed42_main,target_disjoint,7,10,-0.05606097860831083
H129,label_permutation,lung,seed42_main,target_disjoint,7,11,-0.10335218424719284
H129,label_permutation,lung,seed42_main,target_disjoint,7,12,-0.058273911974428216
H129,label_permutation,lung,seed42_main,target_disjoint,7,13,-0.08179657405130736
H129,label_permutation,lung,seed42_main,target_disjoint,7,14,-0.03237439554134902
H129,label_permutation,lung,seed42_main,target_disjoint,7,15,-0.06015900336038027
H129,label_permutation,lung,seed42_main,target_disjoint,7,16,-0.06237193672649777
H129,label_permutation,lung,seed42_main,target_disjoint,7,17,-0.05114334890582728
H129,label_permutation,lung,seed42_main,target_disjoint,7,18,-0.005573313662814439
H129,label_permutation,lung,seed42_main,target_disjoint,7,19,-0.04917629702483395
H129,label_permutation,lung,seed42_main,target_disjoint,7,20,-0.11941644127530526
H129,label_permutation,lung,seed42_main,target_disjoint,7,21,-0.010531923612818628
H129,label_permutation,lung,seed42_main,target_disjoint,7,22,-0.048192771084337394
H129,label_permutation,lung,seed42_main,target_disjoint,7,23,-0.04622571920334406
H129,label_permutation,lung,seed42_main,target_disjoint,11,0,-0.08011638390295872
H129,label_permutation,lung,seed42_main,target_disjoint,11,1,-0.08798459142693238
H129,label_permutation,lung,seed42_main,target_disjoint,11,2,-0.04704532415375784
H129,label_permutation,lung,seed42_main,target_disjoint,11,3,0.016842881731005677
H129,label_permutation,lung,seed42_main,target_disjoint,11,4,0.06347840340955657
H129,label_permutation,lung,seed42_main,target_disjoint,11,5,-0.10031964593066145
H129,label_permutation,lung,seed42_main,target_disjoint,11,6,0.015408573067781317
H129,label_permutation,lung,seed42_main,target_disjoint,11,7,-0.05679862306368333
H129,label_permutation,lung,seed42_main,target_disjoint,11,8,0.010613884107860017
H129,label_permutation,lung,seed42_main,target_disjoint,11,9,-0.08118187033849678
H129,label_permutation,lung,seed42_main,target_disjoint,11,10,0.008196049504138991
H129,label_permutation,lung,seed42_main,target_disjoint,11,11,-0.13212031800672075
H129,label_permutation,lung,seed42_main,target_disjoint,11,12,-0.036964183263666905
H129,label_permutation,lung,seed42_main,target_disjoint,11,13,-0.02081796574051309
H129,label_permutation,lung,seed42_main,target_disjoint,11,14,-0.02630931890828614
H129,label_permutation,lung,seed42_main,target_disjoint,11,15,-0.09892631751495773
H129,label_permutation,lung,seed42_main,target_disjoint,11,16,-0.06769936890418815
H129,label_permutation,lung,seed42_main,target_disjoint,11,17,-0.05134825014343092
H129,label_permutation,lung,seed42_main,target_disjoint,11,18,-0.058519793459552494
H129,label_permutation,lung,seed42_main,target_disjoint,11,19,-0.0072944840586837145
H129,label_permutation,lung,seed42_main,target_disjoint,11,20,-0.050405704450455
H129,label_permutation,lung,seed42_main,target_disjoint,11,21,-0.021596590443406227
H129,label_permutation,lung,seed42_main,target_disjoint,11,22,-0.10786001147446933
H129,label_permutation,lung,seed42_main,target_disjoint,11,23,-0.052290795836406834
H129,path_reversal_within_length_bins,external_lung,seed42_main,source_disjoint,7,0,-0.0019696969696969546
H129,path_reversal_within_length_bins,external_lung,seed42_main,source_disjoint,7,1,-0.01537878787878788
H129,path_reversal_within_length_bins,external_lung,seed42_main,source_disjoint,7,2,-0.0055303030303031075
H129,path_reversal_within_length_bins,external_lung,seed42_main,source_disjoint,7,3,0.007310606060605962
H129,path_reversal_within_length_bins,external_lung,seed42_main,source_disjoint,7,4,0.006287878787878842
H129,path_reversal_within_length_bins,external_lung,seed42_main,source_disjoint,7,5,-0.003977272727272663
H129,path_reversal_within_length_bins,external_lung,seed42_main,source_disjoint,7,6,-0.014280303030303032
H129,path_reversal_within_length_bins,external_lung,seed42_main,source_disjoint,7,7,-0.01943181818181816
H129,path_reversal_within_length_bins,external_lung,seed42_main,source_disjoint,7,8,0.013674242424242422
H129,path_reversal_within_length_bins,external_lung,seed42_main,source_disjoint,7,9,-0.018143939393939323
H129,path_reversal_within_length_bins,external_lung,seed42_main,source_disjoint,7,10,0.0003030303030303605
H129,path_reversal_within_length_bins,external_lung,seed42_main,source_disjoint,7,11,-0.008750000000000036
H129,path_reversal_within_length_bins,external_lung,seed42_main,source_disjoint,7,12,0.0016287878787879517
H129,path_reversal_within_length_bins,external_lung,seed42_main,source_disjoint,7,13,0.0029166666666666785
H129,path_reversal_within_length_bins,external_lung,seed42_main,source_disjoint,7,14,-0.014053030303030178
H129,path_reversal_within_length_bins,external_lung,seed42_main,source_disjoint,7,15,-0.00738636363636358
H129,path_reversal_within_length_bins,external_lung,seed42_main,source_disjoint,7,16,0.011098484848484858
H129,path_reversal_within_length_bins,external_lung,seed42_main,source_disjoint,7,17,0.011098484848484858
H129,path_reversal_within_length_bins,external_lung,seed42_main,source_disjoint,7,18,-0.010871212121212115
H129,path_reversal_within_length_bins,external_lung,seed42_main,source_disjoint,7,19,-0.011553030303030232
H129,path_reversal_within_length_bins,external_lung,seed42_main,source_disjoint,7,20,-0.0041287878787878984
H129,path_reversal_within_length_bins,external_lung,seed42_main,source_disjoint,7,21,0.0014393939393940736
H129,path_reversal_within_length_bins,external_lung,seed42_main,source_disjoint,7,22,0.00920454545454541
H129,path_reversal_within_length_bins,external_lung,seed42_main,source_disjoint,7,23,-0.009810606060606242
H129,path_reversal_within_length_bins,external_lung,seed42_main,source_disjoint,11,0,-0.0004166666666668428
H129,path_reversal_within_length_bins,external_lung,seed42_main,source_disjoint,11,1,0.002537878787878589
H129,path_reversal_within_length_bins,external_lung,seed42_main,source_disjoint,11,2,0.01863636363636345
H129,path_reversal_within_length_bins,external_lung,seed42_main,source_disjoint,11,3,3.7878787878531384e-05
H129,path_reversal_within_length_bins,external_lung,seed42_main,source_disjoint,11,4,0.011628787878787739
H129,path_reversal_within_length_bins,external_lung,seed42_main,source_disjoint,11,5,0.024962121212121047
H129,path_reversal_within_length_bins,external_lung,seed42_main,source_disjoint,11,6,0.009886363636363527
H129,path_reversal_within_length_bins,external_lung,seed42_main,source_disjoint,11,7,0.04049242424242405
H129,path_reversal_within_length_bins,external_lung,seed42_main,source_disjoint,11,8,0.01731060606060586
H129,path_reversal_within_length_bins,external_lung,seed42_main,source_disjoint,11,9,0.011628787878787739
H129,path_reversal_within_length_bins,external_lung,seed42_main,source_disjoint,11,10,0.02124999999999977
H129,path_reversal_within_length_bins,external_lung,seed42_main,source_disjoint,11,11,-0.0017045454545456806
H129,path_reversal_within_length_bins,external_lung,seed42_main,source_disjoint,11,12,0.02670454545454526
H129,path_reversal_within_length_bins,external_lung,seed42_main,source_disjoint,11,13,-0.017613636363636442
H129,path_reversal_within_length_bins,external_lung,seed42_main,source_disjoint,11,14,0.017689393939393838
H129,path_reversal_within_length_bins,external_lung,seed42_main,source_disjoint,11,15,0.02246212121212099
H129,path_reversal_within_length_bins,external_lung,seed42_main,source_disjoint,11,16,0.04064393939393929
H129,path_reversal_within_length_bins,external_lung,seed42_main,source_disjoint,11,17,0.00670454545454513
H129,path_reversal_within_length_bins,external_lung,seed42_main,source_disjoint,11,18,0.01003787878787854
H129,path_reversal_within_length_bins,external_lung,seed42_main,source_disjoint,11,19,0.035265151515151416
H129,path_reversal_within_length_bins,external_lung,seed42_main,source_disjoint,11,20,0.045871212121211924
H129,path_reversal_within_length_bins,external_lung,seed42_main,source_disjoint,11,21,0.03208333333333324
H129,path_reversal_within_length_bins,external_lung,seed42_main,source_disjoint,11,22,0.03814393939393923
H129,path_reversal_within_length_bins,external_lung,seed42_main,source_disjoint,11,23,0.031628787878787756
H129,path_reversal_within_length_bins,external_lung,seed42_main,target_disjoint,7,0,-0.020748987854251055
H129,path_reversal_within_length_bins,external_lung,seed42_main,target_disjoint,7,1,-0.010290148448043213
H129,path_reversal_within_length_bins,external_lung,seed42_main,target_disjoint,7,2,-0.010543184885290158
H129,path_reversal_within_length_bins,external_lung,seed42_main,target_disjoint,7,3,-0.007338056680161853
H129,path_reversal_within_length_bins,external_lung,seed42_main,target_disjoint,7,4,0.009024966261808376
H129,path_reversal_within_length_bins,external_lung,seed42_main,target_disjoint,7,5,0.008518893387314375
H129,path_reversal_within_length_bins,external_lung,seed42_main,target_disjoint,7,6,-0.011724021592442568
H129,path_reversal_within_length_bins,external_lung,seed42_main,target_disjoint,7,7,-0.0003373819163292602
H129,path_reversal_within_length_bins,external_lung,seed42_main,target_disjoint,7,8,-0.023110661268555988
H129,path_reversal_within_length_bins,external_lung,seed42_main,target_disjoint,7,9,-0.028340080971659964
H129,path_reversal_within_length_bins,external_lung,seed42_main,target_disjoint,7,10,-0.024122807017543768
H129,path_reversal_within_length_bins,external_lung,seed42_main,target_disjoint,7,11,-0.020580296896086314
H129,path_reversal_within_length_bins,external_lung,seed42_main,target_disjoint,7,12,-0.0043016194331984
H129,path_reversal_within_length_bins,external_lung,seed42_main,target_disjoint,7,13,-0.018134278002699067
H129,path_reversal_within_length_bins,external_lung,seed42_main,target_disjoint,7,14,0.01290485829959509
H129,path_reversal_within_length_bins,external_lung,seed42_main,target_disjoint,7,15,-0.009615384615384581
H129,path_reversal_within_length_bins,external_lung,seed42_main,target_disjoint,7,16,-0.012398785425101089
H129,path_reversal_within_length_bins,external_lung,seed42_main,target_disjoint,7,17,-0.021086369770580315
H129,path_reversal_within_length_bins,external_lung,seed42_main,target_disjoint,7,18,-0.014591767881241613
H129,path_reversal_within_length_bins,external_lung,seed42_main,target_disjoint,7,19,-0.011302294197031104
H129,path_reversal_within_length_bins,external_lung,seed42_main,target_disjoint,7,20,-0.0028677462887988225
H129,path_reversal_within_length_bins,external_lung,seed42_main,target_disjoint,7,21,-0.014254385964912242
H129,path_reversal_within_length_bins,external_lung,seed42_main,target_disjoint,7,22,-0.022773279352226616
H129,path_reversal_within_length_bins,external_lung,seed42_main,target_disjoint,7,23,-0.015519568151147078
H129,path_reversal_within_length_bins,external_lung,seed42_main,target_disjoint,11,0,-0.020495951417004
H129,path_reversal_within_length_bins,external_lung,seed42_main,target_disjoint,11,1,-0.009446693657219951
H129,path_reversal_within_length_bins,external_lung,seed42_main,target_disjoint,11,2,-0.0064102564102564985
H129,path_reversal_within_length_bins,external_lung,seed42_main,target_disjoint,11,3,-0.013073549257759831
H129,path_reversal_within_length_bins,external_lung,seed42_main,target_disjoint,11,4,0.001771255060728838
H129,path_reversal_within_length_bins,external_lung,seed42_main,target_disjoint,11,5,-0.015519568151146967
H129,path_reversal_within_length_bins,external_lung,seed42_main,target_disjoint,11,6,-0.001771255060728727
H129,path_reversal_within_length_bins,external_lung,seed42_main,target_disjoint,11,7,0.0010121457489878916
H129,path_reversal_within_length_bins,external_lung,seed42_main,target_disjoint,11,8,0.0005060728744938903
H129,path_reversal_within_length_bins,external_lung,seed42_main,target_disjoint,11,9,-0.00826585695006743
H129,path_reversal_within_length_bins,external_lung,seed42_main,target_disjoint,11,10,8.434547908231504e-05
H129,path_reversal_within_length_bins,external_lung,seed42_main,target_disjoint,11,11,0.02133940620782726
H129,path_reversal_within_length_bins,external_lung,seed42_main,target_disjoint,11,12,0.004048582995951455
H129,path_reversal_within_length_bins,external_lung,seed42_main,target_disjoint,11,13,-0.01897773279352233
H129,path_reversal_within_length_bins,external_lung,seed42_main,target_disjoint,11,14,-0.01653171390013486
H129,path_reversal_within_length_bins,external_lung,seed42_main,target_disjoint,11,15,-0.04976383265856954
H129,path_reversal_within_length_bins,external_lung,seed42_main,target_disjoint,11,16,-0.019483805668016108
H129,path_reversal_within_length_bins,external_lung,seed42_main,target_disjoint,11,17,-0.025725371120107976
H129,path_reversal_within_length_bins,external_lung,seed42_main,target_disjoint,11,18,-0.004723346828609976
H129,path_reversal_within_length_bins,external_lung,seed42_main,target_disjoint,11,19,0.021423751686909576
H129,path_reversal_within_length_bins,external_lung,seed42_main,target_disjoint,11,20,-0.01653171390013486
H129,path_reversal_within_length_bins,external_lung,seed42_main,target_disjoint,11,21,-0.00809716599190291
H129,path_reversal_within_length_bins,external_lung,seed42_main,target_disjoint,11,22,-0.003795546558704399
H129,path_reversal_within_length_bins,external_lung,seed42_main,target_disjoint,11,23,-0.02926788124156543
H129,path_reversal_within_length_bins,immune,seed42_main,source_disjoint,7,0,0.013933440256615914
H129,path_reversal_within_length_bins,immune,seed42_main,source_disjoint,7,1,0.017141138732959194
H129,path_reversal_within_length_bins,immune,seed42_main,source_disjoint,7,2,0.013031275060144343
H129,path_reversal_within_length_bins,immune,seed42_main,source_disjoint,7,3,0.034282277465918276
H129,path_reversal_within_length_bins,immune,seed42_main,source_disjoint,7,4,0.005412991178829318
H129,path_reversal_within_length_bins,immune,seed42_main,source_disjoint,7,5,0.03137530072173211
H129,path_reversal_within_length_bins,immune,seed42_main,source_disjoint,7,6,0.011928628708901434
H129,path_reversal_within_length_bins,immune,seed42_main,source_disjoint,7,7,0.027967121090617497
H129,path_reversal_within_length_bins,immune,seed42_main,source_disjoint,7,8,0.03157578187650367
H129,path_reversal_within_length_bins,immune,seed42_main,source_disjoint,7,9,0.03899358460304736
H129,path_reversal_within_length_bins,immune,seed42_main,source_disjoint,7,10,0.02165196471531672
H129,path_reversal_within_length_bins,immune,seed42_main,source_disjoint,7,11,0.026162790697674354
H129,path_reversal_within_length_bins,immune,seed42_main,source_disjoint,7,12,0.0163392141138734
H129,path_reversal_within_length_bins,immune,seed42_main,source_disjoint,7,13,-0.0033079390537289477
H129,path_reversal_within_length_bins,immune,seed42_main,source_disjoint,7,14,0.036287089013632756
H129,path_reversal_within_length_bins,immune,seed42_main,source_disjoint,7,15,0.04109863672814751
H129,path_reversal_within_length_bins,immune,seed42_main,source_disjoint,7,16,-0.005312750601443317
H129,path_reversal_within_length_bins,immune,seed42_main,source_disjoint,7,17,0.044707297514033684
H129,path_reversal_within_length_bins,immune,seed42_main,source_disjoint,7,18,0.02054931836407381
H129,path_reversal_within_length_bins,immune,seed42_main,source_disjoint,7,19,0.02355653568564553
H129,path_reversal_within_length_bins,immune,seed42_main,source_disjoint,7,20,0.02245388933440251
H129,path_reversal_within_length_bins,immune,seed42_main,source_disjoint,7,21,0.02846832397754606
H129,path_reversal_within_length_bins,immune,seed42_main,source_disjoint,7,22,0.030673616680032212
H129,path_reversal_within_length_bins,immune,seed42_main,source_disjoint,7,23,0.02967121090617475
H129,path_reversal_within_length_bins,immune,seed42_main,source_disjoint,11,0,0.03588612670409008
H129,path_reversal_within_length_bins,immune,seed42_main,source_disjoint,11,1,0.018945469125902226
H129,path_reversal_within_length_bins,immune,seed42_main,source_disjoint,11,2,0.02886928628708907
H129,path_reversal_within_length_bins,immune,seed42_main,source_disjoint,11,3,0.0015036086607860266
H129,path_reversal_within_length_bins,immune,seed42_main,source_disjoint,11,4,0.013732959101844466
H129,path_reversal_within_length_bins,immune,seed42_main,source_disjoint,11,5,0.010825982357658526
H129,path_reversal_within_length_bins,immune,seed42_main,source_disjoint,11,6,0.008720930232558266
H129,path_reversal_within_length_bins,immune,seed42_main,source_disjoint,11,7,0.024157979149960096
H129,path_reversal_within_length_bins,immune,seed42_main,source_disjoint,11,8,0.0016038492381718061
H129,path_reversal_within_length_bins,immune,seed42_main,source_disjoint,11,9,0.006415396952686447
H129,path_reversal_within_length_bins,immune,seed42_main,source_disjoint,11,10,0.028668805132317732
H129,path_reversal_within_length_bins,immune,seed42_main,source_disjoint,11,11,0.03378107457898971
H129,path_reversal_within_length_bins,immune,seed42_main,source_disjoint,11,12,0.02977145148356064
H129,path_reversal_within_length_bins,immune,seed42_main,source_disjoint,11,13,0.00821972734562959
H129,path_reversal_within_length_bins,immune,seed42_main,source_disjoint,11,14,0.012830793905372895
H129,path_reversal_within_length_bins,immune,seed42_main,source_disjoint,11,15,0.02185244587008839
H129,path_reversal_within_length_bins,immune,seed42_main,source_disjoint,11,16,0.013833199679230246
H129,path_reversal_within_length_bins,immune,seed42_main,source_disjoint,11,17,0.017241379310344973
H129,path_reversal_within_length_bins,immune,seed42_main,source_disjoint,11,18,0.01643945469125907
H129,path_reversal_within_length_bins,immune,seed42_main,source_disjoint,11,19,-0.00100240577385724
H129,path_reversal_within_length_bins,immune,seed42_main,source_disjoint,11,20,0.017141138732959083
H129,path_reversal_within_length_bins,immune,seed42_main,source_disjoint,11,21,0.036487570168404204
H129,path_reversal_within_length_bins,immune,seed42_main,source_disjoint,11,22,0.031375300721732335
H129,path_reversal_within_length_bins,immune,seed42_main,source_disjoint,11,23,0.012229350441058662
H129,path_reversal_within_length_bins,immune,seed42_main,target_disjoint,7,0,0.056485143494574785
H129,path_reversal_within_length_bins,immune,seed42_main,target_disjoint,7,1,0.03447926173816063
H129,path_reversal_within_length_bins,immune,seed42_main,target_disjoint,7,2,0.05536963796775196
H129,path_reversal_within_length_bins,immune,seed42_main,target_disjoint,7,3,0.03346516580468517
H129,path_reversal_within_length_bins,immune,seed42_main,target_disjoint,7,4,0.028901734104046284
H129,path_reversal_within_length_bins,immune,seed42_main,target_disjoint,7,5,0.05719501064800747
H129,path_reversal_within_length_bins,immune,seed42_main,target_disjoint,7,6,0.07555014704391061
H129,path_reversal_within_length_bins,immune,seed42_main,target_disjoint,7,7,0.04218639083257303
H129,path_reversal_within_length_bins,immune,seed42_main,target_disjoint,7,8,0.05374708447419152
H129,path_reversal_within_length_bins,immune,seed42_main,target_disjoint,7,9,0.034682080924855696
H129,path_reversal_within_length_bins,immune,seed42_main,target_disjoint,7,10,0.023628435249974933
H129,path_reversal_within_length_bins,immune,seed42_main,target_disjoint,7,11,0.02575803671027299
H129,path_reversal_within_length_bins,immune,seed42_main,target_disjoint,7,12,0.07088530574992413
H129,path_reversal_within_length_bins,immune,seed42_main,target_disjoint,7,13,0.03011864922421681
H129,path_reversal_within_length_bins,immune,seed42_main,target_disjoint,7,14,0.023425616063279753
H129,path_reversal_within_length_bins,immune,seed42_main,target_disjoint,7,15,0.034682080924855696
H129,path_reversal_within_length_bins,immune,seed42_main,target_disjoint,7,16,0.052732988540716064
H129,path_reversal_within_length_bins,immune,seed42_main,target_disjoint,7,17,0.02413548321671255
H129,path_reversal_within_length_bins,immune,seed42_main,target_disjoint,7,18,0.042693438799310535
H129,path_reversal_within_length_bins,immune,seed42_main,target_disjoint,7,19,0.020991785822938924
H129,path_reversal_within_length_bins,immune,seed42_main,target_disjoint,7,20,0.07291349761687471
H129,path_reversal_within_length_bins,immune,seed42_main,target_disjoint,7,21,0.02220870094310945
H129,path_reversal_within_length_bins,immune,seed42_main,target_disjoint,7,22,0.0397525605922322
H129,path_reversal_within_length_bins,immune,seed42_main,target_disjoint,7,23,0.03772436872528162
H129,path_reversal_within_length_bins,immune,seed42_main,target_disjoint,11,0,0.026569313457052934
H129,path_reversal_within_length_bins,immune,seed42_main,target_disjoint,11,1,0.01987628029611599
H129,path_reversal_within_length_bins,immune,seed42_main,target_disjoint,11,2,0.04776391846668693
H129,path_reversal_within_length_bins,immune,seed42_main,target_disjoint,11,3,0.01561707737551965
H129,path_reversal_within_length_bins,immune,seed42_main,target_disjoint,11,4,0.007707129094412402
H129,path_reversal_within_length_bins,immune,seed42_main,target_disjoint,11,5,0.004867660480681435
H129,path_reversal_within_length_bins,immune,seed42_main,target_disjoint,11,6,0.0357975864516783
H129,path_reversal_within_length_bins,immune,seed42_main,target_disjoint,11,7,-0.004157793327248749
H129,path_reversal_within_length_bins,immune,seed42_main,target_disjoint,11,8,0.022512929723151776
H129,path_reversal_within_length_bins,immune,seed42_main,target_disjoint,11,9,0.032958117837947554
H129,path_reversal_within_length_bins,immune,seed42_main,target_disjoint,11,10,0.03681168238515364
H129,path_reversal_within_length_bins,immune,seed42_main,target_disjoint,11,11,0.034682080924855474
H129,path_reversal_within_length_bins,immune,seed42_main,target_disjoint,11,12,-0.008619815434540157
H129,path_reversal_within_length_bins,immune,seed42_main,target_disjoint,11,13,0.016833992495690064
H129,path_reversal_within_length_bins,immune,seed42_main,target_disjoint,11,14,-0.0007098671534327972
H129,path_reversal_within_length_bins,immune,seed42_main,target_disjoint,11,15,0.014907210222086964
H129,path_reversal_within_length_bins,immune,seed42_main,target_disjoint,11,16,0.009329682587972843
H129,path_reversal_within_length_bins,immune,seed42_main,target_disjoint,11,17,0.03894128384545181
H129,path_reversal_within_length_bins,immune,seed42_main,target_disjoint,11,18,0.02535239833688263
H129,path_reversal_within_length_bins,immune,seed42_main,target_disjoint,11,19,0.04766250887333945
H129,path_reversal_within_length_bins,immune,seed42_main,target_disjoint,11,20,-0.017341040462427793
H129,path_reversal_within_length_bins,immune,seed42_main,target_disjoint,11,21,0.03174120271777714
H129,path_reversal_within_length_bins,immune,seed42_main,target_disjoint,11,22,0.044620221072913524
H129,path_reversal_within_length_bins,immune,seed42_main,target_disjoint,11,23,0.026670723050400524
H129,path_reversal_within_length_bins,lung,seed42_main,source_disjoint,7,0,-0.014367816091954144
H129,path_reversal_within_length_bins,lung,seed42_main,source_disjoint,7,1,-0.01739261947973403
H129,path_reversal_within_length_bins,lung,seed42_main,source_disjoint,7,2,-0.024500907441016517
H129,path_reversal_within_length_bins,lung,seed42_main,source_disjoint,7,3,-0.012628554143980786
H129,path_reversal_within_length_bins,lung,seed42_main,source_disjoint,7,4,-0.00967937084089543
H129,path_reversal_within_length_bins,lung,seed42_main,source_disjoint,7,5,-0.0142165759225652
H129,path_reversal_within_length_bins,lung,seed42_main,source_disjoint,7,6,-0.031004234724743007
H129,path_reversal_within_length_bins,lung,seed42_main,source_disjoint,7,7,-0.007637628554144182
H129,path_reversal_within_length_bins,lung,seed42_main,source_disjoint,7,8,7.562008469430559e-05
H129,path_reversal_within_length_bins,lung,seed42_main,source_disjoint,7,9,-0.003932244404113994
H129,path_reversal_within_length_bins,lung,seed42_main,source_disjoint,7,10,-0.022837265577737687
H129,path_reversal_within_length_bins,lung,seed42_main,source_disjoint,7,11,-0.03425589836660636
H129,path_reversal_within_length_bins,lung,seed42_main,source_disjoint,7,12,-0.022005444646098105
H129,path_reversal_within_length_bins,lung,seed42_main,source_disjoint,7,13,-0.002646702964307468
H129,path_reversal_within_length_bins,lung,seed42_main,source_disjoint,7,14,-0.00400786448880841
H129,path_reversal_within_length_bins,lung,seed42_main,source_disjoint,7,15,-0.014897156684815727
H129,path_reversal_within_length_bins,lung,seed42_main,source_disjoint,7,16,0.004310344827586077
H129,path_reversal_within_length_bins,lung,seed42_main,source_disjoint,7,17,0.003024803387779551
H129,path_reversal_within_length_bins,lung,seed42_main,source_disjoint,7,18,-0.0049909255898368254
H129,path_reversal_within_length_bins,lung,seed42_main,source_disjoint,7,19,-0.0027223230490018846
H129,path_reversal_within_length_bins,lung,seed42_main,source_disjoint,7,20,0.004915305505141965
H129,path_reversal_within_length_bins,lung,seed42_main,source_disjoint,7,21,0.002797943133696301
H129,path_reversal_within_length_bins,lung,seed42_main,source_disjoint,7,22,-0.01028433151845154
H129,path_reversal_within_length_bins,lung,seed42_main,source_disjoint,7,23,-0.01255293405928637
H129,path_reversal_within_length_bins,lung,seed42_main,source_disjoint,11,0,0.03539019963702361
H129,path_reversal_within_length_bins,lung,seed42_main,source_disjoint,11,1,0.018526920750151277
H129,path_reversal_within_length_bins,lung,seed42_main,source_disjoint,11,2,0.05580762250453719
H129,path_reversal_within_length_bins,lung,seed42_main,source_disjoint,11,3,0.02699637023593482
H129,path_reversal_within_length_bins,lung,seed42_main,source_disjoint,11,4,0.0452964307320024
H129,path_reversal_within_length_bins,lung,seed42_main,source_disjoint,11,5,0.030474894131881536
H129,path_reversal_within_length_bins,lung,seed42_main,source_disjoint,11,6,0.041212946158499686
H129,path_reversal_within_length_bins,lung,seed42_main,source_disjoint,11,7,0.023064125831820936
H129,path_reversal_within_length_bins,lung,seed42_main,source_disjoint,11,8,0.0431034482758621
H129,path_reversal_within_length_bins,lung,seed42_main,source_disjoint,11,9,0.03947368421052633
H129,path_reversal_within_length_bins,lung,seed42_main,source_disjoint,11,10,0.03365093768905014
H129,path_reversal_within_length_bins,lung,seed42_main,source_disjoint,11,11,0.014972776769510032
H129,path_reversal_within_length_bins,lung,seed42_main,source_disjoint,11,12,0.03115547489413195
H129,path_reversal_within_length_bins,lung,seed42_main,source_disjoint,11,13,0.03508771929824572
H129,path_reversal_within_length_bins,lung,seed42_main,source_disjoint,11,14,0.03433151845130078
H129,path_reversal_within_length_bins,lung,seed42_main,source_disjoint,11,15,0.020871143375680523
H129,path_reversal_within_length_bins,lung,seed42_main,source_disjoint,11,16,-0.0037053841500302998
H129,path_reversal_within_length_bins,lung,seed42_main,source_disjoint,11,17,0.03561705989110697
H129,path_reversal_within_length_bins,lung,seed42_main,source_disjoint,11,18,0.047186932849364815
H129,path_reversal_within_length_bins,lung,seed42_main,source_disjoint,11,19,0.05164851784634006
H129,path_reversal_within_length_bins,lung,seed42_main,source_disjoint,11,20,0.02669388989715671
H129,path_reversal_within_length_bins,lung,seed42_main,source_disjoint,11,21,0.019207501512401692
H129,path_reversal_within_length_bins,lung,seed42_main,source_disjoint,11,22,0.023139745916515353
H129,path_reversal_within_length_bins,lung,seed42_main,source_disjoint,11,23,0.029264972776769427
H129,path_reversal_within_length_bins,lung,seed42_main,target_disjoint,7,0,0.05065158593557906
H129,path_reversal_within_length_bins,lung,seed42_main,target_disjoint,7,1,0.02762068682894836
H129,path_reversal_within_length_bins,lung,seed42_main,target_disjoint,7,2,0.048028850094254505
H129,path_reversal_within_length_bins,lung,seed42_main,target_disjoint,7,3,0.06515859355790499
H129,path_reversal_within_length_bins,lung,seed42_main,target_disjoint,7,4,0.043766904352102176
H129,path_reversal_within_length_bins,lung,seed42_main,target_disjoint,7,5,0.06491271207278093
H129,path_reversal_within_length_bins,lung,seed42_main,target_disjoint,7,6,0.04679944266863367
H129,path_reversal_within_length_bins,lung,seed42_main,target_disjoint,7,7,0.03721006474879107
H129,path_reversal_within_length_bins,lung,seed42_main,target_disjoint,7,8,0.04630767969838534
H129,path_reversal_within_length_bins,lung,seed42_main,target_disjoint,7,9,0.06589623801327749
H129,path_reversal_within_length_bins,lung,seed42_main,target_disjoint,7,10,0.046717482173592284
H129,path_reversal_within_length_bins,lung,seed42_main,target_disjoint,7,11,0.018359150889271425
H129,path_reversal_within_length_bins,lung,seed42_main,target_disjoint,7,12,0.04360298336201951
H129,path_reversal_within_length_bins,lung,seed42_main,target_disjoint,7,13,0.05802803048930405
H129,path_reversal_within_length_bins,lung,seed42_main,target_disjoint,7,14,0.05319236128186211
H129,path_reversal_within_length_bins,lung,seed42_main,target_disjoint,7,15,0.03171871158101802
H129,path_reversal_within_length_bins,lung,seed42_main,target_disjoint,7,16,0.05958527989509055
H129,path_reversal_within_length_bins,lung,seed42_main,target_disjoint,7,17,0.04557003524301284
H129,path_reversal_within_length_bins,lung,seed42_main,target_disjoint,7,18,0.02966969920498319
H129,path_reversal_within_length_bins,lung,seed42_main,target_disjoint,7,19,0.05901155642980083
H129,path_reversal_within_length_bins,lung,seed42_main,target_disjoint,7,20,0.05311040078682083
H129,path_reversal_within_length_bins,lung,seed42_main,target_disjoint,7,21,0.06687976395377426
H129,path_reversal_within_length_bins,lung,seed42_main,target_disjoint,7,22,0.04343906237193673
H129,path_reversal_within_length_bins,lung,seed42_main,target_disjoint,7,23,0.03811163019424646
H129,path_reversal_within_length_bins,lung,seed42_main,target_disjoint,11,0,0.04417670682730923
H129,path_reversal_within_length_bins,lung,seed42_main,target_disjoint,11,1,0.03860339316449468
H129,path_reversal_within_length_bins,lung,seed42_main,target_disjoint,11,2,0.0422916154413574
H129,path_reversal_within_length_bins,lung,seed42_main,target_disjoint,11,3,0.04475043029259895
H129,path_reversal_within_length_bins,lung,seed42_main,target_disjoint,11,4,0.07433816900254087
H129,path_reversal_within_length_bins,lung,seed42_main,target_disjoint,11,5,0.04778296860913034
H129,path_reversal_within_length_bins,lung,seed42_main,target_disjoint,11,6,0.047455126628964894
H129,path_reversal_within_length_bins,lung,seed42_main,target_disjoint,11,7,0.030161462175231524
H129,path_reversal_within_length_bins,lung,seed42_main,target_disjoint,11,8,0.02983362019506608
H129,path_reversal_within_length_bins,lung,seed42_main,target_disjoint,11,9,0.07204327514138187
H129,path_reversal_within_length_bins,lung,seed42_main,target_disjoint,11,10,0.023850504057044475
H129,path_reversal_within_length_bins,lung,seed42_main,target_disjoint,11,11,0.05417588722235889
H129,path_reversal_within_length_bins,lung,seed42_main,target_disjoint,11,12,0.046717482173592395
H129,path_reversal_within_length_bins,lung,seed42_main,target_disjoint,11,13,0.05204491435128267
H129,path_reversal_within_length_bins,lung,seed42_main,target_disjoint,11,14,0.02966969920498319
H129,path_reversal_within_length_bins,lung,seed42_main,target_disjoint,11,15,0.04548807474797156
H129,path_reversal_within_length_bins,lung,seed42_main,target_disjoint,11,16,0.09056634702073607
H129,path_reversal_within_length_bins,lung,seed42_main,target_disjoint,11,17,0.04417670682730923
H129,path_reversal_within_length_bins,lung,seed42_main,target_disjoint,11,18,0.06655192197360882
H129,path_reversal_within_length_bins,lung,seed42_main,target_disjoint,11,19,0.002540775346283164
H129,path_reversal_within_length_bins,lung,seed42_main,target_disjoint,11,20,0.04999590197524795
H129,path_reversal_within_length_bins,lung,seed42_main,target_disjoint,11,21,0.06630604048848454
H129,path_reversal_within_length_bins,lung,seed42_main,target_disjoint,11,22,0.045979837718219785
H129,path_reversal_within_length_bins,lung,seed42_main,target_disjoint,11,23,0.0621260552413736
H129,scale_order_permutation,external_lung,seed42_main,source_disjoint,7,0,-0.01568181818181824
H129,scale_order_permutation,external_lung,seed42_main,source_disjoint,7,1,0.0006439393939394744
H129,scale_order_permutation,external_lung,seed42_main,source_disjoint,7,2,-0.011060606060605993
H129,scale_order_permutation,external_lung,seed42_main,source_disjoint,7,3,0.0010984848484847376
H129,scale_order_permutation,external_lung,seed42_main,source_disjoint,7,4,-0.01973484848484841
H129,scale_order_permutation,external_lung,seed42_main,source_disjoint,7,5,-0.029583333333333295
H129,scale_order_permutation,external_lung,seed42_main,source_disjoint,7,6,-0.004810606060606015
H129,scale_order_permutation,external_lung,seed42_main,source_disjoint,7,7,-0.01640151515151511
H129,scale_order_permutation,external_lung,seed42_main,source_disjoint,7,8,0.001136363636363713
H129,scale_order_permutation,external_lung,seed42_main,source_disjoint,7,9,0.006628787878787845
H129,scale_order_permutation,external_lung,seed42_main,source_disjoint,7,10,-0.02587121212121224
H129,scale_order_permutation,external_lung,seed42_main,source_disjoint,7,11,-0.017765151515151567
H129,scale_order_permutation,external_lung,seed42_main,source_disjoint,7,12,-0.012689393939393945
H129,scale_order_permutation,external_lung,seed42_main,source_disjoint,7,13,-0.015643939393939377
H129,scale_order_permutation,external_lung,seed42_main,source_disjoint,7,14,-0.0007954545454545991
H129,scale_order_permutation,external_lung,seed42_main,source_disjoint,7,15,-0.004734848484848508
H129,scale_order_permutation,external_lung,seed42_main,source_disjoint,7,16,-0.021325757575757498
H129,scale_order_permutation,external_lung,seed42_main,source_disjoint,7,17,-0.039810606060606046
H129,scale_order_permutation,external_lung,seed42_main,source_disjoint,7,18,-0.008371212121212168
H129,scale_order_permutation,external_lung,seed42_main,source_disjoint,7,19,-0.008939393939393803
H129,scale_order_permutation,external_lung,seed42_main,source_disjoint,7,20,-0.009431818181818152
H129,scale_order_permutation,external_lung,seed42_main,source_disjoint,7,21,-0.011022727272727129
H129,scale_order_permutation,external_lung,seed42_main,source_disjoint,7,22,-0.01882575757575755
H129,scale_order_permutation,external_lung,seed42_main,source_disjoint,7,23,-0.026628787878787974
H129,scale_order_permutation,external_lung,seed42_main,source_disjoint,11,0,0.031022727272727146
H129,scale_order_permutation,external_lung,seed42_main,source_disjoint,11,1,0.011477272727272614
H129,scale_order_permutation,external_lung,seed42_main,source_disjoint,11,2,0.007992424242424079
H129,scale_order_permutation,external_lung,seed42_main,source_disjoint,11,3,0.026780303030302988
H129,scale_order_permutation,external_lung,seed42_main,source_disjoint,11,4,0.0029166666666665675
H129,scale_order_permutation,external_lung,seed42_main,source_disjoint,11,5,0.006022727272727124
H129,scale_order_permutation,external_lung,seed42_main,source_disjoint,11,6,0.018598484848484587
H129,scale_order_permutation,external_lung,seed42_main,source_disjoint,11,7,-0.0019318181818183122
H129,scale_order_permutation,external_lung,seed42_main,source_disjoint,11,8,0.023749999999999827
H129,scale_order_permutation,external_lung,seed42_main,source_disjoint,11,9,-0.013143939393939541
H129,scale_order_permutation,external_lung,seed42_main,source_disjoint,11,10,0.004810606060605904
H129,scale_order_permutation,external_lung,seed42_main,source_disjoint,11,11,0.009886363636363416
H129,scale_order_permutation,external_lung,seed42_main,source_disjoint,11,12,0.013446969696969568
H129,scale_order_permutation,external_lung,seed42_main,source_disjoint,11,13,0.019507575757575668
H129,scale_order_permutation,external_lung,seed42_main,source_disjoint,11,14,0.024659090909090686
H129,scale_order_permutation,external_lung,seed42_main,source_disjoint,11,15,-0.0030681818181820253
H129,scale_order_permutation,external_lung,seed42_main,source_disjoint,11,16,0.009583333333333166
H129,scale_order_permutation,external_lung,seed42_main,source_disjoint,11,17,0.026780303030302877
H129,scale_order_permutation,external_lung,seed42_main,source_disjoint,11,18,0.021325757575757498
H129,scale_order_permutation,external_lung,seed42_main,source_disjoint,11,19,0.011628787878787739
H129,scale_order_permutation,external_lung,seed42_main,source_disjoint,11,20,0.02791666666666648
H129,scale_order_permutation,external_lung,seed42_main,source_disjoint,11,21,0.02064393939393927
H129,scale_order_permutation,external_lung,seed42_main,source_disjoint,11,22,0.0035984848484846843
H129,scale_order_permutation,external_lung,seed42_main,source_disjoint,11,23,0.022386363636363482
H129,scale_order_permutation,external_lung,seed42_main,target_disjoint,7,0,-0.02015856950067474
H129,scale_order_permutation,external_lung,seed42_main,target_disjoint,7,1,-0.005145074224021551
H129,scale_order_permutation,external_lung,seed42_main,target_disjoint,7,2,-0.010543184885290047
H129,scale_order_permutation,external_lung,seed42_main,target_disjoint,7,3,-0.012483130904183515
H129,scale_order_permutation,external_lung,seed42_main,target_disjoint,7,4,0.001686909581646412
H129,scale_order_permutation,external_lung,seed42_main,target_disjoint,7,5,-0.019315114709851477
H129,scale_order_permutation,external_lung,seed42_main,target_disjoint,7,6,-0.005398110661268496
H129,scale_order_permutation,external_lung,seed42_main,target_disjoint,7,7,-0.006831983805667963
H129,scale_order_permutation,external_lung,seed42_main,target_disjoint,7,8,-0.02631578947368418
H129,scale_order_permutation,external_lung,seed42_main,target_disjoint,7,9,-0.012483130904183515
H129,scale_order_permutation,external_lung,seed42_main,target_disjoint,7,10,0.003711201079622195
H129,scale_order_permutation,external_lung,seed42_main,target_disjoint,7,11,-0.005398110661268385
H129,scale_order_permutation,external_lung,seed42_main,target_disjoint,7,12,0.003879892037786714
H129,scale_order_permutation,external_lung,seed42_main,target_disjoint,7,13,-0.0003373819163292602
H129,scale_order_permutation,external_lung,seed42_main,target_disjoint,7,14,-0.012483130904183515
H129,scale_order_permutation,external_lung,seed42_main,target_disjoint,7,15,0.0010964912280702066
H129,scale_order_permutation,external_lung,seed42_main,target_disjoint,7,16,-0.01737516869095801
H129,scale_order_permutation,external_lung,seed42_main,target_disjoint,7,17,0.006157219973009442
H129,scale_order_permutation,external_lung,seed42_main,target_disjoint,7,18,-0.0026147098515518774
H129,scale_order_permutation,external_lung,seed42_main,target_disjoint,7,19,-0.016953441295546545
H129,scale_order_permutation,external_lung,seed42_main,target_disjoint,7,20,-0.00826585695006754
H129,scale_order_permutation,external_lung,seed42_main,target_disjoint,7,21,-0.017796896086369696
H129,scale_order_permutation,external_lung,seed42_main,target_disjoint,7,22,-0.003458164642375139
H129,scale_order_permutation,external_lung,seed42_main,target_disjoint,7,23,0.008181511470985114
H129,scale_order_permutation,external_lung,seed42_main,target_disjoint,11,0,-0.007506747638326594
H129,scale_order_permutation,external_lung,seed42_main,target_disjoint,11,1,-0.010374493927125417
H129,scale_order_permutation,external_lung,seed42_main,target_disjoint,11,2,8.434547908231504e-05
H129,scale_order_permutation,external_lung,seed42_main,target_disjoint,11,3,0.01982118758434559
H129,scale_order_permutation,external_lung,seed42_main,target_disjoint,11,4,0.0005060728744938903
H129,scale_order_permutation,external_lung,seed42_main,target_disjoint,11,5,-0.0013495276653171517
H129,scale_order_permutation,external_lung,seed42_main,target_disjoint,11,6,0.013073549257759831
H129,scale_order_permutation,external_lung,seed42_main,target_disjoint,11,7,0.011470985155195734
H129,scale_order_permutation,external_lung,seed42_main,target_disjoint,11,8,0.007338056680161853
H129,scale_order_permutation,external_lung,seed42_main,target_disjoint,11,9,0.007085020242914908
H129,scale_order_permutation,external_lung,seed42_main,target_disjoint,11,10,0.00792847503373828
H129,scale_order_permutation,external_lung,seed42_main,target_disjoint,11,11,0.0009278002699055765
H129,scale_order_permutation,external_lung,seed42_main,target_disjoint,11,12,-0.0013495276653170407
H129,scale_order_permutation,external_lung,seed42_main,target_disjoint,11,13,-0.00792847503373817
H129,scale_order_permutation,external_lung,seed42_main,target_disjoint,11,14,0.003542510121457454
H129,scale_order_permutation,external_lung,seed42_main,target_disjoint,11,15,0.009615384615384692
H129,scale_order_permutation,external_lung,seed42_main,target_disjoint,11,16,-0.008097165991902688
H129,scale_order_permutation,external_lung,seed42_main,target_disjoint,11,17,-0.005398110661268496
H129,scale_order_permutation,external_lung,seed42_main,target_disjoint,11,18,-0.01239878542510131
H129,scale_order_permutation,external_lung,seed42_main,target_disjoint,11,19,-0.011808367071524883
H129,scale_order_permutation,external_lung,seed42_main,target_disjoint,11,20,-0.0026990553306341925
H129,scale_order_permutation,external_lung,seed42_main,target_disjoint,11,21,-0.017628205128205066
H129,scale_order_permutation,external_lung,seed42_main,target_disjoint,11,22,0.013326585695006887
H129,scale_order_permutation,external_lung,seed42_main,target_disjoint,11,23,0.014676113360323817
H129,scale_order_permutation,immune,seed42_main,source_disjoint,7,0,0.03458299919807528
H129,scale_order_permutation,immune,seed42_main,source_disjoint,7,1,0.04009623095429038
H129,scale_order_permutation,immune,seed42_main,source_disjoint,7,2,0.02245388933440251
H129,scale_order_permutation,immune,seed42_main,source_disjoint,7,3,0.0306736166800321
H129,scale_order_permutation,immune,seed42_main,source_disjoint,7,4,0.0399959903769046
H129,scale_order_permutation,immune,seed42_main,source_disjoint,7,5,0.005212510024057648
H129,scale_order_permutation,immune,seed42_main,source_disjoint,7,6,0.0356856455493183
H129,scale_order_permutation,immune,seed42_main,source_disjoint,7,7,0.03077385725741777
H129,scale_order_permutation,immune,seed42_main,source_disjoint,7,8,0.03909382518043303
H129,scale_order_permutation,immune,seed42_main,source_disjoint,7,9,0.03698877305533277
H129,scale_order_permutation,immune,seed42_main,source_disjoint,7,10,0.026463512429831693
H129,scale_order_permutation,immune,seed42_main,source_disjoint,7,11,0.026864474739374478
H129,scale_order_permutation,immune,seed42_main,source_disjoint,7,12,0.01633921411387329
H129,scale_order_permutation,immune,seed42_main,source_disjoint,7,13,0.04099839615076195
H129,scale_order_permutation,immune,seed42_main,source_disjoint,7,14,0.029370489174017633
H129,scale_order_permutation,immune,seed42_main,source_disjoint,7,15,0.029570970328789192
H129,scale_order_permutation,immune,seed42_main,source_disjoint,7,16,0.015136327185244602
H129,scale_order_permutation,immune,seed42_main,source_disjoint,7,17,0.011527666399358427
H129,scale_order_permutation,immune,seed42_main,source_disjoint,7,18,0.02455894145950288
H129,scale_order_permutation,immune,seed42_main,source_disjoint,7,19,0.023155573376102634
H129,scale_order_permutation,immune,seed42_main,source_disjoint,7,20,0.026263031275060134
H129,scale_order_permutation,immune,seed42_main,source_disjoint,7,21,0.03287890938251814
H129,scale_order_permutation,immune,seed42_main,source_disjoint,7,22,0.030673616680032212
H129,scale_order_permutation,immune,seed42_main,source_disjoint,7,23,0.0399959903769046
H129,scale_order_permutation,immune,seed42_main,source_disjoint,11,0,0.018344025661587993
H129,scale_order_permutation,immune,seed42_main,source_disjoint,11,1,0.041599839615076406
H129,scale_order_permutation,immune,seed42_main,source_disjoint,11,2,0.047914995990377074
H129,scale_order_permutation,immune,seed42_main,source_disjoint,11,3,0.03678829190056143
H129,scale_order_permutation,immune,seed42_main,source_disjoint,11,4,0.036587810745789984
H129,scale_order_permutation,immune,seed42_main,source_disjoint,11,5,0.024959903769045888
H129,scale_order_permutation,immune,seed42_main,source_disjoint,11,6,0.03077385725741799
H129,scale_order_permutation,immune,seed42_main,source_disjoint,11,7,0.036287089013632756
H129,scale_order_permutation,immune,seed42_main,source_disjoint,11,8,0.03107457898957522
H129,scale_order_permutation,immune,seed42_main,source_disjoint,11,9,0.044707297514033795
H129,scale_order_permutation,immune,seed42_main,source_disjoint,11,10,0.041499599037690627
H129,scale_order_permutation,immune,seed42_main,source_disjoint,11,11,0.03884322373696891
H129,scale_order_permutation,immune,seed42_main,source_disjoint,11,12,0.04911788291900576
H129,scale_order_permutation,immune,seed42_main,source_disjoint,11,13,0.03468323977546117
H129,scale_order_permutation,immune,seed42_main,source_disjoint,11,14,0.041499599037690516
H129,scale_order_permutation,immune,seed42_main,source_disjoint,11,15,0.04210104250200497
H129,scale_order_permutation,immune,seed42_main,source_disjoint,11,16,0.043704891740176555
H129,scale_order_permutation,immune,seed42_main,source_disjoint,11,17,0.02681435445068181
H129,scale_order_permutation,immune,seed42_main,source_disjoint,11,18,0.030172413793103536
H129,scale_order_permutation,immune,seed42_main,source_disjoint,11,19,0.015136327185244713
H129,scale_order_permutation,immune,seed42_main,source_disjoint,11,20,0.04591018444266248
H129,scale_order_permutation,immune,seed42_main,source_disjoint,11,21,0.01754210104250209
H129,scale_order_permutation,immune,seed42_main,source_disjoint,11,22,0.04731355252606273
H129,scale_order_permutation,immune,seed42_main,source_disjoint,11,23,0.04651162790697694
H129,scale_order_permutation,immune,seed42_main,target_disjoint,7,0,0.02241152012980452
H129,scale_order_permutation,immune,seed42_main,target_disjoint,7,1,0.029003143697393985
H129,scale_order_permutation,immune,seed42_main,target_disjoint,7,2,0.05212453098063086
H129,scale_order_permutation,immune,seed42_main,target_disjoint,7,3,0.02606226549031554
H129,scale_order_permutation,immune,seed42_main,target_disjoint,7,4,0.048778014400162495
H129,scale_order_permutation,immune,seed42_main,target_disjoint,7,5,0.04999492952033291
H129,scale_order_permutation,immune,seed42_main,target_disjoint,7,6,0.060642936821823534
H129,scale_order_permutation,immune,seed42_main,target_disjoint,7,7,0.05100902545380814
H129,scale_order_permutation,immune,seed42_main,target_disjoint,7,8,0.013487475915221703
H129,scale_order_permutation,immune,seed42_main,target_disjoint,7,9,0.04533008822634643
H129,scale_order_permutation,immune,seed42_main,target_disjoint,7,10,0.05192171179393601
H129,scale_order_permutation,immune,seed42_main,target_disjoint,7,11,0.03772436872528162
H129,scale_order_permutation,immune,seed42_main,target_disjoint,7,12,0.023019977689889504
H129,scale_order_permutation,immune,seed42_main,target_disjoint,7,13,0.03275529865125271
H129,scale_order_permutation,immune,seed42_main,target_disjoint,7,14,0.048575195213467204
H129,scale_order_permutation,immune,seed42_main,target_disjoint,7,15,0.01642835412230015
H129,scale_order_permutation,immune,seed42_main,target_disjoint,7,16,0.05384849406753911
H129,scale_order_permutation,immune,seed42_main,target_disjoint,7,17,0.02606226549031565
H129,scale_order_permutation,immune,seed42_main,target_disjoint,7,18,0.04380894432613336
H129,scale_order_permutation,immune,seed42_main,target_disjoint,7,19,0.03914410303214688
H129,scale_order_permutation,immune,seed42_main,target_disjoint,7,20,0.05364567488084393
H129,scale_order_permutation,immune,seed42_main,target_disjoint,7,21,0.0360004056383737
H129,scale_order_permutation,immune,seed42_main,target_disjoint,7,22,0.04025960855896993
H129,scale_order_permutation,immune,seed42_main,target_disjoint,7,23,0.010749416894838437
H129,scale_order_permutation,immune,seed42_main,target_disjoint,11,0,0.012473379981746469
H129,scale_order_permutation,immune,seed42_main,target_disjoint,11,1,0.0217016529763715
H129,scale_order_permutation,immune,seed42_main,target_disjoint,11,2,-0.007808538687759881
H129,scale_order_permutation,immune,seed42_main,target_disjoint,11,3,0.02139742419632895
H129,scale_order_permutation,immune,seed42_main,target_disjoint,11,4,0.02981442044417404
H129,scale_order_permutation,immune,seed42_main,target_disjoint,11,5,0.0019267822736029894
H129,scale_order_permutation,immune,seed42_main,target_disjoint,11,6,0.03163979312442955
H129,scale_order_permutation,immune,seed42_main,target_disjoint,11,7,0.025960855896967838
H129,scale_order_permutation,immune,seed42_main,target_disjoint,11,8,0.024034073623364738
H129,scale_order_permutation,immune,seed42_main,target_disjoint,11,9,0.031335564344387
H129,scale_order_permutation,immune,seed42_main,target_disjoint,11,10,0.025352398336882742
H129,scale_order_permutation,immune,seed42_main,target_disjoint,11,11,0.022715748909846845
H129,scale_order_permutation,immune,seed42_main,target_disjoint,11,12,0.00790994828110747
H129,scale_order_permutation,immune,seed42_main,target_disjoint,11,13,0.024034073623364738
H129,scale_order_permutation,immune,seed42_main,target_disjoint,11,14,0.022411520129804297
H129,scale_order_permutation,immune,seed42_main,target_disjoint,11,15,-0.009025453807930295
H129,scale_order_permutation,immune,seed42_main,target_disjoint,11,16,0.015515667782172171
H129,scale_order_permutation,immune,seed42_main,target_disjoint,11,17,0.020890376229591334
H129,scale_order_permutation,immune,seed42_main,target_disjoint,11,18,0.0006591623567590021
H129,scale_order_permutation,immune,seed42_main,target_disjoint,11,19,0.026873542237095704
H129,scale_order_permutation,immune,seed42_main,target_disjoint,11,20,0.028800324510698694
H129,scale_order_permutation,immune,seed42_main,target_disjoint,11,21,0.012270560795051288
H129,scale_order_permutation,immune,seed42_main,target_disjoint,11,22,0.037014501571848824
H129,scale_order_permutation,immune,seed42_main,target_disjoint,11,23,0.01754385964912286
H129,scale_order_permutation,lung,seed42_main,source_disjoint,7,0,-0.014140955837870672
H129,scale_order_permutation,lung,seed42_main,source_disjoint,7,1,0.0024954627949181907
H129,scale_order_permutation,lung,seed42_main,source_disjoint,7,2,-0.004688445251058826
H129,scale_order_permutation,lung,seed42_main,source_disjoint,7,3,0.008923169993950153
H129,scale_order_permutation,lung,seed42_main,source_disjoint,7,4,-0.00037810042347252715
H129,scale_order_permutation,lung,seed42_main,source_disjoint,7,5,-0.008998790078645125
H129,scale_order_permutation,lung,seed42_main,source_disjoint,7,6,-0.0010586811857229428
H129,scale_order_permutation,lung,seed42_main,source_disjoint,7,7,0.004234724742891549
H129,scale_order_permutation,lung,seed42_main,source_disjoint,7,8,-0.009528130671506596
H129,scale_order_permutation,lung,seed42_main,source_disjoint,7,9,-0.009150030248034069
H129,scale_order_permutation,lung,seed42_main,source_disjoint,7,10,0.005822746521475852
H129,scale_order_permutation,lung,seed42_main,source_disjoint,7,11,0.0021173623714457745
H129,scale_order_permutation,lung,seed42_main,source_disjoint,7,12,0.017090139140955696
H129,scale_order_permutation,lung,seed42_main,source_disjoint,7,13,0.02684513006654543
H129,scale_order_permutation,lung,seed42_main,source_disjoint,7,14,0.023895946763460185
H129,scale_order_permutation,lung,seed42_main,source_disjoint,7,15,0.019661222020568414
H129,scale_order_permutation,lung,seed42_main,source_disjoint,7,16,0.013460375075619924
H129,scale_order_permutation,lung,seed42_main,source_disjoint,7,17,0.018224440411373277
H129,scale_order_permutation,lung,seed42_main,source_disjoint,7,18,0.014897156684815172
H129,scale_order_permutation,lung,seed42_main,source_disjoint,7,19,0.006049606775559435
H129,scale_order_permutation,lung,seed42_main,source_disjoint,7,20,0.010284331518451206
H129,scale_order_permutation,lung,seed42_main,source_disjoint,7,21,-0.0041591046581972435
H129,scale_order_permutation,lung,seed42_main,source_disjoint,7,22,0.008771929824561209
H129,scale_order_permutation,lung,seed42_main,source_disjoint,7,23,0.017846339987900528
H129,scale_order_permutation,lung,seed42_main,source_disjoint,11,0,0.06405021173623715
H129,scale_order_permutation,lung,seed42_main,source_disjoint,11,1,0.04333030852994568
H129,scale_order_permutation,lung,seed42_main,source_disjoint,11,2,0.09656684815486993
H129,scale_order_permutation,lung,seed42_main,source_disjoint,11,3,0.06541137326073809
H129,scale_order_permutation,lung,seed42_main,source_disjoint,11,4,0.051497277676951
H129,scale_order_permutation,lung,seed42_main,source_disjoint,11,5,0.06972171808832417
H129,scale_order_permutation,lung,seed42_main,source_disjoint,11,6,0.05497580157289783
H129,scale_order_permutation,lung,seed42_main,source_disjoint,11,7,0.06662129461584998
H129,scale_order_permutation,lung,seed42_main,source_disjoint,11,8,0.06624319419237756
H129,scale_order_permutation,lung,seed42_main,source_disjoint,11,9,0.049455535390199645
H129,scale_order_permutation,lung,seed42_main,source_disjoint,11,10,0.06374773139745915
H129,scale_order_permutation,lung,seed42_main,source_disjoint,11,11,0.056866303690260134
H129,scale_order_permutation,lung,seed42_main,source_disjoint,11,12,0.05467332123411972
H129,scale_order_permutation,lung,seed42_main,source_disjoint,11,13,0.06102540834845738
H129,scale_order_permutation,lung,seed42_main,source_disjoint,11,14,0.059361766485178546
H129,scale_order_permutation,lung,seed42_main,source_disjoint,11,15,0.07773744706594077
H129,scale_order_permutation,lung,seed42_main,source_disjoint,11,16,0.07108287961282522
H129,scale_order_permutation,lung,seed42_main,source_disjoint,11,17,0.06972171808832428
H129,scale_order_permutation,lung,seed42_main,source_disjoint,11,18,0.05747126436781613
H129,scale_order_permutation,lung,seed42_main,source_disjoint,11,19,0.035843920145190555
H129,scale_order_permutation,lung,seed42_main,source_disjoint,11,20,0.05868118572292802
H129,scale_order_permutation,lung,seed42_main,source_disjoint,11,21,0.06125226860254085
H129,scale_order_permutation,lung,seed42_main,source_disjoint,11,22,0.06881427707199028
H129,scale_order_permutation,lung,seed42_main,source_disjoint,11,23,0.02722323049001807
H129,scale_order_permutation,lung,seed42_main,target_disjoint,7,0,0.060404884845504436
H129,scale_order_permutation,lung,seed42_main,target_disjoint,7,1,0.025489713957872362
H129,scale_order_permutation,lung,seed42_main,target_disjoint,7,2,0.02762068682894836
H129,scale_order_permutation,lung,seed42_main,target_disjoint,7,3,0.04507827227276451
H129,scale_order_permutation,lung,seed42_main,target_disjoint,7,4,0.02778460781903125
H129,scale_order_permutation,lung,seed42_main,target_disjoint,7,5,0.015818375542988372
H129,scale_order_permutation,lung,seed42_main,target_disjoint,7,6,0.03819359068928774
H129,scale_order_permutation,lung,seed42_main,target_disjoint,7,7,0.025981476928120695
H129,scale_order_permutation,lung,seed42_main,target_disjoint,7,8,0.03884927464961896
H129,scale_order_permutation,lung,seed42_main,target_disjoint,7,9,0.021309728710761422
H129,scale_order_permutation,lung,seed42_main,target_disjoint,7,10,0.04434062781739201
H129,scale_order_permutation,lung,seed42_main,target_disjoint,7,11,0.033603802966969853
H129,scale_order_permutation,lung,seed42_main,target_disjoint,7,12,0.014425047127284651
H129,scale_order_permutation,lung,seed42_main,target_disjoint,7,13,0.027210884353741527
H129,scale_order_permutation,lung,seed42_main,target_disjoint,7,14,0.030735185640521356
H129,scale_order_permutation,lung,seed42_main,target_disjoint,7,15,0.04852061306450295
H129,scale_order_permutation,lung,seed42_main,target_disjoint,7,16,0.05204491435128267
H129,scale_order_permutation,lung,seed42_main,target_disjoint,7,17,0.03991476108515701
H129,scale_order_permutation,lung,seed42_main,target_disjoint,7,18,0.026719121383493194
H129,scale_order_permutation,lung,seed42_main,target_disjoint,7,19,0.04581591672813712
H129,scale_order_permutation,lung,seed42_main,target_disjoint,7,20,0.03876731415457746
H129,scale_order_permutation,lung,seed42_main,target_disjoint,7,21,0.034997131382673574
H129,scale_order_permutation,lung,seed42_main,target_disjoint,7,22,0.015654454552905372
H129,scale_order_permutation,lung,seed42_main,target_disjoint,7,23,0.044668469797557564
H129,scale_order_permutation,lung,seed42_main,target_disjoint,11,0,0.06942053930005754
H129,scale_order_permutation,lung,seed42_main,target_disjoint,11,1,0.0687648553397262
H129,scale_order_permutation,lung,seed42_main,target_disjoint,11,2,0.07376444553725103
H129,scale_order_permutation,lung,seed42_main,target_disjoint,11,3,0.07056798623063687
H129,scale_order_permutation,lung,seed42_main,target_disjoint,11,4,0.0304073436603558
H129,scale_order_permutation,lung,seed42_main,target_disjoint,11,5,0.05548725514302111
H129,scale_order_permutation,lung,seed42_main,target_disjoint,11,6,0.05663470207360044
H129,scale_order_permutation,lung,seed42_main,target_disjoint,11,7,0.08015736415047947
H129,scale_order_permutation,lung,seed42_main,target_disjoint,11,8,0.02778460781903136
H129,scale_order_permutation,lung,seed42_main,target_disjoint,11,9,0.0687648553397262
H129,scale_order_permutation,lung,seed42_main,target_disjoint,11,10,0.07728874682403075
H129,scale_order_permutation,lung,seed42_main,target_disjoint,11,11,0.07925579870502408
H129,scale_order_permutation,lung,seed42_main,target_disjoint,11,12,0.07278091959675437
H129,scale_order_permutation,lung,seed42_main,target_disjoint,11,13,0.07073190722071965
H129,scale_order_permutation,lung,seed42_main,target_disjoint,11,14,0.06081468732071149
H129,scale_order_permutation,lung,seed42_main,target_disjoint,11,15,0.06901073682485048
H129,scale_order_permutation,lung,seed42_main,target_disjoint,11,16,0.05876567494467666
H129,scale_order_permutation,lung,seed42_main,target_disjoint,11,17,0.05753626751905572
H129,scale_order_permutation,lung,seed42_main,target_disjoint,11,18,0.061798213261208046
H129,scale_order_permutation,lung,seed42_main,target_disjoint,11,19,0.07015818375542993
H129,scale_order_permutation,lung,seed42_main,target_disjoint,11,20,0.07302680108187865
H129,scale_order_permutation,lung,seed42_main,target_disjoint,11,21,0.05663470207360055
H129,scale_order_permutation,lung,seed42_main,target_disjoint,11,22,0.07564953692320298
H129,scale_order_permutation,lung,seed42_main,target_disjoint,11,23,0.06335546266699443
