null_kind,domain,seed_tag,split_regime,layer,perm_idx,null_delta_auc
degree_orientation_null,external_lung,seed42_main,source_disjoint,7,0,-0.04012942896456834
degree_orientation_null,external_lung,seed42_main,source_disjoint,7,1,-0.026530787753698104
degree_orientation_null,external_lung,seed42_main,source_disjoint,7,2,-0.031244625042999685
degree_orientation_null,external_lung,seed42_main,source_disjoint,7,3,-0.007670063639490854
degree_orientation_null,external_lung,seed42_main,source_disjoint,7,4,-0.04703624871001039
degree_orientation_null,external_lung,seed42_main,source_disjoint,7,5,-0.019613218094255314
degree_orientation_null,external_lung,seed42_main,source_disjoint,7,6,-0.029857886136911094
degree_orientation_null,external_lung,seed42_main,source_disjoint,7,7,-0.05714654282765741
degree_orientation_null,external_lung,seed42_main,source_disjoint,7,8,-0.0464181286549708
degree_orientation_null,external_lung,seed42_main,source_disjoint,7,9,-0.021564327485380064
degree_orientation_null,external_lung,seed42_main,source_disjoint,7,10,-0.037845072239422184
degree_orientation_null,external_lung,seed42_main,source_disjoint,7,11,-0.00855155658754736
degree_orientation_null,external_lung,seed42_main,source_disjoint,7,12,-0.025595545235638006
degree_orientation_null,external_lung,seed42_main,source_disjoint,7,13,-0.04320390436876509
degree_orientation_null,external_lung,seed42_main,source_disjoint,7,14,-0.035598340213278346
degree_orientation_null,external_lung,seed42_main,source_disjoint,7,15,-0.03310436016511875
degree_orientation_null,external_lung,seed42_main,source_disjoint,7,16,-0.03998430512555906
degree_orientation_null,external_lung,seed42_main,source_disjoint,7,17,-0.02610079119367059
degree_orientation_null,external_lung,seed42_main,source_disjoint,7,18,-0.016780615755074058
degree_orientation_null,external_lung,seed42_main,source_disjoint,7,19,-0.025004299965600385
degree_orientation_null,external_lung,seed42_main,source_disjoint,7,20,-0.016028121775025883
degree_orientation_null,external_lung,seed42_main,source_disjoint,7,21,-0.03335160818713456
degree_orientation_null,external_lung,seed42_main,source_disjoint,7,22,-0.0261814155486757
degree_orientation_null,external_lung,seed42_main,source_disjoint,7,23,-0.059156776745786066
degree_orientation_null,external_lung,seed42_main,source_disjoint,7,24,-0.014286635706914352
degree_orientation_null,external_lung,seed42_main,source_disjoint,7,25,-0.043246904024767885
degree_orientation_null,external_lung,seed42_main,source_disjoint,7,26,-0.04811124011007911
degree_orientation_null,external_lung,seed42_main,source_disjoint,7,27,-0.01375988992088073
degree_orientation_null,external_lung,seed42_main,source_disjoint,7,28,-0.034587848297213675
degree_orientation_null,external_lung,seed42_main,source_disjoint,7,29,-0.04337052803577568
degree_orientation_null,external_lung,seed42_main,source_disjoint,7,30,-0.03541559167526659
degree_orientation_null,external_lung,seed42_main,source_disjoint,7,31,-0.00705731854145164
degree_orientation_null,external_lung,seed42_main,source_disjoint,7,32,-0.01534012727898193
degree_orientation_null,external_lung,seed42_main,source_disjoint,7,33,-0.03838794289645692
degree_orientation_null,external_lung,seed42_main,source_disjoint,7,34,-0.047030873753010016
degree_orientation_null,external_lung,seed42_main,source_disjoint,7,35,-0.022456570347437088
degree_orientation_null,external_lung,seed42_main,source_disjoint,7,36,-0.07129880460956312
degree_orientation_null,external_lung,seed42_main,source_disjoint,7,37,-0.033835354317165556
degree_orientation_null,external_lung,seed42_main,source_disjoint,7,38,-0.009889920880633007
degree_orientation_null,external_lung,seed42_main,source_disjoint,7,39,-0.04112379600963201
degree_orientation_null,external_lung,seed42_main,source_disjoint,7,40,-0.035216718266253944
degree_orientation_null,external_lung,seed42_main,source_disjoint,7,41,-0.037759072927416704
degree_orientation_null,external_lung,seed42_main,source_disjoint,7,42,-0.024687177502580093
degree_orientation_null,external_lung,seed42_main,source_disjoint,7,43,-0.03290548675610605
degree_orientation_null,external_lung,seed42_main,source_disjoint,7,44,-0.021193455452356402
degree_orientation_null,external_lung,seed42_main,source_disjoint,7,45,-0.043461902304781586
degree_orientation_null,external_lung,seed42_main,source_disjoint,7,46,-0.021096706226350403
degree_orientation_null,external_lung,seed42_main,source_disjoint,7,47,-0.0278100275197799
degree_orientation_null,external_lung,seed42_main,source_disjoint,7,48,-0.03133062435500528
degree_orientation_null,external_lung,seed42_main,source_disjoint,7,49,-0.07792075163398704
degree_orientation_null,external_lung,seed42_main,source_disjoint,7,50,-0.05944702442380467
degree_orientation_null,external_lung,seed42_main,source_disjoint,7,51,-0.029847136222910242
degree_orientation_null,external_lung,seed42_main,source_disjoint,7,52,-0.027122033023735836
degree_orientation_null,external_lung,seed42_main,source_disjoint,7,53,-0.018425352597179367
degree_orientation_null,external_lung,seed42_main,source_disjoint,7,54,-0.02086558307533537
degree_orientation_null,external_lung,seed42_main,source_disjoint,7,55,-0.04087654798761614
degree_orientation_null,external_lung,seed42_main,source_disjoint,7,56,-0.0524703302373582
degree_orientation_null,external_lung,seed42_main,source_disjoint,7,57,-0.0394790591675267
degree_orientation_null,external_lung,seed42_main,source_disjoint,7,58,-0.018269478844169296
degree_orientation_null,external_lung,seed42_main,source_disjoint,7,59,-0.012238777089783381
degree_orientation_null,external_lung,seed42_main,source_disjoint,7,60,-0.03745807533539741
degree_orientation_null,external_lung,seed42_main,source_disjoint,7,61,-0.03694745442036462
degree_orientation_null,external_lung,seed42_main,source_disjoint,7,62,-0.03670020639834892
degree_orientation_null,external_lung,seed42_main,source_disjoint,7,63,-0.04700399896800833
degree_orientation_null,external_lung,seed42_main,source_disjoint,11,0,-0.030336257309941606
degree_orientation_null,external_lung,seed42_main,source_disjoint,11,1,-0.031970244238046064
degree_orientation_null,external_lung,seed42_main,source_disjoint,11,2,0.015582000343997038
degree_orientation_null,external_lung,seed42_main,source_disjoint,11,3,-0.031529497764017866
degree_orientation_null,external_lung,seed42_main,source_disjoint,11,4,-0.011276659786721765
degree_orientation_null,external_lung,seed42_main,source_disjoint,11,5,-0.02918601651186803
degree_orientation_null,external_lung,seed42_main,source_disjoint,11,6,-0.011233660130719025
degree_orientation_null,external_lung,seed42_main,source_disjoint,11,7,-0.016818240454076427
degree_orientation_null,external_lung,seed42_main,source_disjoint,11,8,-0.03330860853113188
degree_orientation_null,external_lung,seed42_main,source_disjoint,11,9,0.012765522875816893
degree_orientation_null,external_lung,seed42_main,source_disjoint,11,10,-0.004041967664258683
degree_orientation_null,external_lung,seed42_main,source_disjoint,11,11,-0.0006073701410390653
degree_orientation_null,external_lung,seed42_main,source_disjoint,11,12,-0.018317853457172295
degree_orientation_null,external_lung,seed42_main,source_disjoint,11,13,-0.016871990024079908
degree_orientation_null,external_lung,seed42_main,source_disjoint,11,14,-0.002450980392156965
degree_orientation_null,external_lung,seed42_main,source_disjoint,11,15,-0.013206269349845257
degree_orientation_null,external_lung,seed42_main,source_disjoint,11,16,-0.005665204678362512
degree_orientation_null,external_lung,seed42_main,source_disjoint,11,17,-0.02264469384244927
degree_orientation_null,external_lung,seed42_main,source_disjoint,11,18,-0.026423288613691254
degree_orientation_null,external_lung,seed42_main,source_disjoint,11,19,-0.029040892672858587
degree_orientation_null,external_lung,seed42_main,source_disjoint,11,20,0.010749914000688032
degree_orientation_null,external_lung,seed42_main,source_disjoint,11,21,0.026794160646714804
degree_orientation_null,external_lung,seed42_main,source_disjoint,11,22,0.0011824905400755759
degree_orientation_null,external_lung,seed42_main,source_disjoint,11,23,-0.005622205022359994
degree_orientation_null,external_lung,seed42_main,source_disjoint,11,24,-0.012770897832817374
degree_orientation_null,external_lung,seed42_main,source_disjoint,11,25,-0.009519048847609346
degree_orientation_null,external_lung,seed42_main,source_disjoint,11,26,-0.006245700034399726
degree_orientation_null,external_lung,seed42_main,source_disjoint,11,27,-0.015420751633986984
degree_orientation_null,external_lung,seed42_main,source_disjoint,11,28,-0.007729188166494816
degree_orientation_null,external_lung,seed42_main,source_disjoint,11,29,-0.016081871345029364
degree_orientation_null,external_lung,seed42_main,source_disjoint,11,30,-0.004471964224286307
degree_orientation_null,external_lung,seed42_main,source_disjoint,11,31,0.0019833591331269718
degree_orientation_null,external_lung,seed42_main,source_disjoint,11,32,-0.0027466030271757758
degree_orientation_null,external_lung,seed42_main,source_disjoint,11,33,-0.0034292225662195808
degree_orientation_null,external_lung,seed42_main,source_disjoint,11,34,-0.02270381836945312
degree_orientation_null,external_lung,seed42_main,source_disjoint,11,35,-0.0035044719642243205
degree_orientation_null,external_lung,seed42_main,source_disjoint,11,36,0.00017737358101133083
degree_orientation_null,external_lung,seed42_main,source_disjoint,11,37,-0.02453130374957002
degree_orientation_null,external_lung,seed42_main,source_disjoint,11,38,-0.02539667182662536
degree_orientation_null,external_lung,seed42_main,source_disjoint,11,39,-0.020887082903336796
degree_orientation_null,external_lung,seed42_main,source_disjoint,11,40,-0.015324002407980708
degree_orientation_null,external_lung,seed42_main,source_disjoint,11,41,-0.04166129170966626
degree_orientation_null,external_lung,seed42_main,source_disjoint,11,42,-0.02099995700034407
degree_orientation_null,external_lung,seed42_main,source_disjoint,11,43,-0.021048331613347127
degree_orientation_null,external_lung,seed42_main,source_disjoint,11,44,-0.028551771585827335
degree_orientation_null,external_lung,seed42_main,source_disjoint,11,45,0.01592599759201918
degree_orientation_null,external_lung,seed42_main,source_disjoint,11,46,0.0020371087031304524
degree_orientation_null,external_lung,seed42_main,source_disjoint,11,47,-0.0088095545235638
degree_orientation_null,external_lung,seed42_main,source_disjoint,11,48,-0.024644177846577298
degree_orientation_null,external_lung,seed42_main,source_disjoint,11,49,-0.029777261781905817
degree_orientation_null,external_lung,seed42_main,source_disjoint,11,50,-0.017780357757138043
degree_orientation_null,external_lung,seed42_main,source_disjoint,11,51,-0.008218309253525957
degree_orientation_null,external_lung,seed42_main,source_disjoint,11,52,-0.02848189714482291
degree_orientation_null,external_lung,seed42_main,source_disjoint,11,53,-0.02356918644650846
degree_orientation_null,external_lung,seed42_main,source_disjoint,11,54,-0.037366701066391506
degree_orientation_null,external_lung,seed42_main,source_disjoint,11,55,-0.03659270725834196
degree_orientation_null,external_lung,seed42_main,source_disjoint,11,56,-0.003939843481252203
degree_orientation_null,external_lung,seed42_main,source_disjoint,11,57,-0.02852489680082565
degree_orientation_null,external_lung,seed42_main,source_disjoint,11,58,-0.023117690058479523
degree_orientation_null,external_lung,seed42_main,source_disjoint,11,59,-0.010975662194702474
degree_orientation_null,external_lung,seed42_main,source_disjoint,11,60,-0.01382438940488473
degree_orientation_null,external_lung,seed42_main,source_disjoint,11,61,-0.03509309425524598
degree_orientation_null,external_lung,seed42_main,source_disjoint,11,62,-0.015049879600963212
degree_orientation_null,external_lung,seed42_main,source_disjoint,11,63,-0.0008384932920537658
degree_orientation_null,external_lung,seed42_main,target_disjoint,7,0,-0.015235141464649604
degree_orientation_null,external_lung,seed42_main,target_disjoint,7,1,-0.032334324957275784
degree_orientation_null,external_lung,seed42_main,target_disjoint,7,2,-0.020564592695740236
degree_orientation_null,external_lung,seed42_main,target_disjoint,7,3,-0.020941198810051187
degree_orientation_null,external_lung,seed42_main,target_disjoint,7,4,-0.028296094689537254
degree_orientation_null,external_lung,seed42_main,target_disjoint,7,5,-0.010481676055446476
degree_orientation_null,external_lung,seed42_main,target_disjoint,7,6,-0.0418792328628394
degree_orientation_null,external_lung,seed42_main,target_disjoint,7,7,-0.003807202987530789
degree_orientation_null,external_lung,seed42_main,target_disjoint,7,8,0.002284954743971057
degree_orientation_null,external_lung,seed42_main,target_disjoint,7,9,-0.0013197037787200383
degree_orientation_null,external_lung,seed42_main,target_disjoint,7,10,-0.035733274257864434
degree_orientation_null,external_lung,seed42_main,target_disjoint,7,11,-0.0036046585226913175
degree_orientation_null,external_lung,seed42_main,target_disjoint,7,12,-0.0023166023166022454
degree_orientation_null,external_lung,seed42_main,target_disjoint,7,13,-0.0021868472688144625
degree_orientation_null,external_lung,seed42_main,target_disjoint,7,14,-0.01942211532375454
degree_orientation_null,external_lung,seed42_main,target_disjoint,7,15,-0.027011203240711323
degree_orientation_null,external_lung,seed42_main,target_disjoint,7,16,-0.0034685739603773635
degree_orientation_null,external_lung,seed42_main,target_disjoint,7,17,-0.011139945566175036
degree_orientation_null,external_lung,seed42_main,target_disjoint,7,18,-0.03987594151528573
degree_orientation_null,external_lung,seed42_main,target_disjoint,7,19,0.014405975061712817
degree_orientation_null,external_lung,seed42_main,target_disjoint,7,20,0.014231913412241282
degree_orientation_null,external_lung,seed42_main,target_disjoint,7,21,-0.026055446547249728
degree_orientation_null,external_lung,seed42_main,target_disjoint,7,22,-0.002411545034495699
degree_orientation_null,external_lung,seed42_main,target_disjoint,7,23,0.018874612317235417
degree_orientation_null,external_lung,seed42_main,target_disjoint,7,24,-0.014937654281916568
degree_orientation_null,external_lung,seed42_main,target_disjoint,7,25,-0.010810810810810811
degree_orientation_null,external_lung,seed42_main,target_disjoint,7,26,-0.009905690233559028
degree_orientation_null,external_lung,seed42_main,target_disjoint,7,27,-0.01294385720615221
degree_orientation_null,external_lung,seed42_main,target_disjoint,7,28,-0.016137097284638247
degree_orientation_null,external_lung,seed42_main,target_disjoint,7,29,-0.032691942528008056
degree_orientation_null,external_lung,seed42_main,target_disjoint,7,30,-0.024498385973795778
degree_orientation_null,external_lung,seed42_main,target_disjoint,7,31,-0.015858598645483835
degree_orientation_null,external_lung,seed42_main,target_disjoint,7,32,-0.009769605671244963
degree_orientation_null,external_lung,seed42_main,target_disjoint,7,33,-0.013640103804038184
degree_orientation_null,external_lung,seed42_main,target_disjoint,7,34,-0.00870308247357432
degree_orientation_null,external_lung,seed42_main,target_disjoint,7,35,-0.044718020127856195
degree_orientation_null,external_lung,seed42_main,target_disjoint,7,36,0.01177289701879869
degree_orientation_null,external_lung,seed42_main,target_disjoint,7,37,-0.0020602569782897096
degree_orientation_null,external_lung,seed42_main,target_disjoint,7,38,-0.02415026267485293
degree_orientation_null,external_lung,seed42_main,target_disjoint,7,39,-0.008582821697575738
degree_orientation_null,external_lung,seed42_main,target_disjoint,7,40,-0.013769858851826022
degree_orientation_null,external_lung,seed42_main,target_disjoint,7,41,-0.016801696309892977
degree_orientation_null,external_lung,seed42_main,target_disjoint,7,42,-0.008892967909361227
degree_orientation_null,external_lung,seed42_main,target_disjoint,7,43,-0.037999240458256756
degree_orientation_null,external_lung,seed42_main,target_disjoint,7,44,0.020966516868156204
degree_orientation_null,external_lung,seed42_main,target_disjoint,7,45,0.0035793404645864113
degree_orientation_null,external_lung,seed42_main,target_disjoint,7,46,-0.004104690170264047
degree_orientation_null,external_lung,seed42_main,target_disjoint,7,47,-0.017675169314513572
degree_orientation_null,external_lung,seed42_main,target_disjoint,7,48,0.0017754288246091265
degree_orientation_null,external_lung,seed42_main,target_disjoint,7,49,-0.00284195202227977
degree_orientation_null,external_lung,seed42_main,target_disjoint,7,50,-0.012279258180897479
degree_orientation_null,external_lung,seed42_main,target_disjoint,7,51,-0.005003481232989437
degree_orientation_null,external_lung,seed42_main,target_disjoint,7,52,-0.013073612253940048
degree_orientation_null,external_lung,seed42_main,target_disjoint,7,53,0.009234761693778126
degree_orientation_null,external_lung,seed42_main,target_disjoint,7,54,-0.001272232419773367
degree_orientation_null,external_lung,seed42_main,target_disjoint,7,55,-0.02906196594721172
degree_orientation_null,external_lung,seed42_main,target_disjoint,7,56,-0.016355465535793312
degree_orientation_null,external_lung,seed42_main,target_disjoint,7,57,-0.00796569403126779
degree_orientation_null,external_lung,seed42_main,target_disjoint,7,58,-0.011206405468700553
degree_orientation_null,external_lung,seed42_main,target_disjoint,7,59,-0.013443888853724939
degree_orientation_null,external_lung,seed42_main,target_disjoint,7,60,-0.014823723020444268
degree_orientation_null,external_lung,seed42_main,target_disjoint,7,61,-0.006699791126020704
degree_orientation_null,external_lung,seed42_main,target_disjoint,7,62,-0.02101082346983979
degree_orientation_null,external_lung,seed42_main,target_disjoint,7,63,-0.017118172036204804
degree_orientation_null,external_lung,seed42_main,target_disjoint,11,0,0.004044559782264701
degree_orientation_null,external_lung,seed42_main,target_disjoint,11,1,-0.0004145832014683659
degree_orientation_null,external_lung,seed42_main,target_disjoint,11,2,0.001262738147984166
degree_orientation_null,external_lung,seed42_main,target_disjoint,11,3,-0.022229255016140204
degree_orientation_null,external_lung,seed42_main,target_disjoint,11,4,-0.034831318437875736
degree_orientation_null,external_lung,seed42_main,target_disjoint,11,5,-0.006111146275080692
degree_orientation_null,external_lung,seed42_main,target_disjoint,11,6,-0.0011962782454585374
degree_orientation_null,external_lung,seed42_main,target_disjoint,11,7,-0.003838850560161977
degree_orientation_null,external_lung,seed42_main,target_disjoint,11,8,-0.015118045445914274
degree_orientation_null,external_lung,seed42_main,target_disjoint,11,9,-0.008335970631052514
degree_orientation_null,external_lung,seed42_main,target_disjoint,11,10,-0.02703652129881634
degree_orientation_null,external_lung,seed42_main,target_disjoint,11,11,0.004107854927527077
degree_orientation_null,external_lung,seed42_main,target_disjoint,11,12,-0.007215646559908806
degree_orientation_null,external_lung,seed42_main,target_disjoint,11,13,-0.003974935122476042
degree_orientation_null,external_lung,seed42_main,target_disjoint,11,14,0.015127539717703753
degree_orientation_null,external_lung,seed42_main,target_disjoint,11,15,0.02503006519399964
degree_orientation_null,external_lung,seed42_main,target_disjoint,11,16,0.015982024178745502
degree_orientation_null,external_lung,seed42_main,target_disjoint,11,17,0.02137160579783537
degree_orientation_null,external_lung,seed42_main,target_disjoint,11,18,0.030416482055826366
degree_orientation_null,external_lung,seed42_main,target_disjoint,11,19,-0.020827267548578998
degree_orientation_null,external_lung,seed42_main,target_disjoint,11,20,0.0016456737768213436
degree_orientation_null,external_lung,seed42_main,target_disjoint,11,21,0.0028799291094373514
degree_orientation_null,external_lung,seed42_main,target_disjoint,11,22,-0.001288056206088961
degree_orientation_null,external_lung,seed42_main,target_disjoint,11,23,0.013022976137730291
degree_orientation_null,external_lung,seed42_main,target_disjoint,11,24,0.00874105956073179
degree_orientation_null,external_lung,seed42_main,target_disjoint,11,25,-0.012200139249319508
degree_orientation_null,external_lung,seed42_main,target_disjoint,11,26,-0.021637445407937272
degree_orientation_null,external_lung,seed42_main,target_disjoint,11,27,-0.0068801822900183
degree_orientation_null,external_lung,seed42_main,target_disjoint,11,28,-0.007601746946009125
degree_orientation_null,external_lung,seed42_main,target_disjoint,11,29,-0.0051553895816190964
degree_orientation_null,external_lung,seed42_main,target_disjoint,11,30,0.026020634217355565
degree_orientation_null,external_lung,seed42_main,target_disjoint,11,31,-0.014655990885499015
degree_orientation_null,external_lung,seed42_main,target_disjoint,11,32,-0.013776188366352249
degree_orientation_null,external_lung,seed42_main,target_disjoint,11,33,0.011617823912905889
degree_orientation_null,external_lung,seed42_main,target_disjoint,11,34,-0.004389518323944408
degree_orientation_null,external_lung,seed42_main,target_disjoint,11,35,-0.013092600797518783
degree_orientation_null,external_lung,seed42_main,target_disjoint,11,36,0.006693461611494422
degree_orientation_null,external_lung,seed42_main,target_disjoint,11,37,0.0064307867586557155
degree_orientation_null,external_lung,seed42_main,target_disjoint,11,38,-0.015406038356857943
degree_orientation_null,external_lung,seed42_main,target_disjoint,11,39,-0.021058294828786628
degree_orientation_null,external_lung,seed42_main,target_disjoint,11,40,-0.004952845116779514
degree_orientation_null,external_lung,seed42_main,target_disjoint,11,41,-0.014580036711184297
degree_orientation_null,external_lung,seed42_main,target_disjoint,11,42,0.015722514083169825
degree_orientation_null,external_lung,seed42_main,target_disjoint,11,43,-0.011051332362807809
degree_orientation_null,external_lung,seed42_main,target_disjoint,11,44,-0.02366921957085888
degree_orientation_null,external_lung,seed42_main,target_disjoint,11,45,0.005851636179504904
degree_orientation_null,external_lung,seed42_main,target_disjoint,11,46,-0.0038578391037407123
degree_orientation_null,external_lung,seed42_main,target_disjoint,11,47,0.004022406481422824
degree_orientation_null,external_lung,seed42_main,target_disjoint,11,48,-0.044287613140072124
degree_orientation_null,external_lung,seed42_main,target_disjoint,11,49,-0.00454775618710046
degree_orientation_null,external_lung,seed42_main,target_disjoint,11,50,-0.00660801316539017
degree_orientation_null,external_lung,seed42_main,target_disjoint,11,51,-0.001996961833027333
degree_orientation_null,external_lung,seed42_main,target_disjoint,11,52,0.017209949996835228
degree_orientation_null,external_lung,seed42_main,target_disjoint,11,53,0.009728463826824463
degree_orientation_null,external_lung,seed42_main,target_disjoint,11,54,-0.015326919425280028
degree_orientation_null,external_lung,seed42_main,target_disjoint,11,55,-0.018665738337869497
degree_orientation_null,external_lung,seed42_main,target_disjoint,11,56,0.007532122286220688
degree_orientation_null,external_lung,seed42_main,target_disjoint,11,57,-0.01038356858028977
degree_orientation_null,external_lung,seed42_main,target_disjoint,11,58,-0.030495600987404226
degree_orientation_null,external_lung,seed42_main,target_disjoint,11,59,-0.011427938477118704
degree_orientation_null,external_lung,seed42_main,target_disjoint,11,60,0.008010000632951542
degree_orientation_null,external_lung,seed42_main,target_disjoint,11,61,-0.00435470599405019
degree_orientation_null,external_lung,seed42_main,target_disjoint,11,62,0.007209317045382635
degree_orientation_null,external_lung,seed42_main,target_disjoint,11,63,0.0024368630926008272
degree_orientation_null,external_lung,seed43,source_disjoint,7,0,-0.02741154873164231
degree_orientation_null,external_lung,seed43,source_disjoint,7,1,-0.04350244770805517
degree_orientation_null,external_lung,seed43,source_disjoint,7,2,-0.021334000890075644
degree_orientation_null,external_lung,seed43,source_disjoint,7,3,-0.049802514463729464
degree_orientation_null,external_lung,seed43,source_disjoint,7,4,-0.0583277703604807
degree_orientation_null,external_lung,seed43,source_disjoint,7,5,-0.03783748701973
degree_orientation_null,external_lung,seed43,source_disjoint,7,6,-0.03417056074766345
degree_orientation_null,external_lung,seed43,source_disjoint,7,7,-0.02971554665479892
degree_orientation_null,external_lung,seed43,source_disjoint,7,8,-0.033475189141077055
degree_orientation_null,external_lung,seed43,source_disjoint,7,9,-0.07133121940364928
degree_orientation_null,external_lung,seed43,source_disjoint,7,10,-0.032826175641596234
degree_orientation_null,external_lung,seed43,source_disjoint,7,11,-0.04182428423082629
degree_orientation_null,external_lung,seed43,source_disjoint,7,12,-0.037248739059486724
degree_orientation_null,external_lung,seed43,source_disjoint,7,13,-0.05529131434505269
degree_orientation_null,external_lung,seed43,source_disjoint,7,14,-0.0337950600801068
degree_orientation_null,external_lung,seed43,source_disjoint,7,15,-0.05396547248182759
degree_orientation_null,external_lung,seed43,source_disjoint,7,16,-0.024384364337635356
degree_orientation_null,external_lung,seed43,source_disjoint,7,17,-0.035890446521287644
degree_orientation_null,external_lung,seed43,source_disjoint,7,18,-0.04788792464026109
degree_orientation_null,external_lung,seed43,source_disjoint,7,19,-0.01062991395935331
degree_orientation_null,external_lung,seed43,source_disjoint,7,20,-0.02447708055184694
degree_orientation_null,external_lung,seed43,source_disjoint,7,21,-0.024175752855659427
degree_orientation_null,external_lung,seed43,source_disjoint,7,22,-0.023777073134549798
degree_orientation_null,external_lung,seed43,source_disjoint,7,23,-0.012910732828957161
degree_orientation_null,external_lung,seed43,source_disjoint,7,24,-0.036590453938584844
degree_orientation_null,external_lung,seed43,source_disjoint,7,25,0.013188881471591696
degree_orientation_null,external_lung,seed43,source_disjoint,7,26,-0.02836652573802112
degree_orientation_null,external_lung,seed43,source_disjoint,7,27,-0.04708129357662061
degree_orientation_null,external_lung,seed43,source_disjoint,7,28,-0.015112742916481237
degree_orientation_null,external_lung,seed43,source_disjoint,7,29,-0.032306964842011565
degree_orientation_null,external_lung,seed43,source_disjoint,7,30,-0.007950415368639718
degree_orientation_null,external_lung,seed43,source_disjoint,7,31,-0.015562416555407355
degree_orientation_null,external_lung,seed43,source_disjoint,7,32,-0.04868064827176982
degree_orientation_null,external_lung,seed43,source_disjoint,7,33,-0.0315420560747664
degree_orientation_null,external_lung,seed43,source_disjoint,7,34,-0.029238058151609625
degree_orientation_null,external_lung,seed43,source_disjoint,7,35,-0.028116191959649872
degree_orientation_null,external_lung,seed43,source_disjoint,7,36,-0.03430499925827035
degree_orientation_null,external_lung,seed43,source_disjoint,7,37,-0.02103730900459866
degree_orientation_null,external_lung,seed43,source_disjoint,7,38,-0.016675011125945827
degree_orientation_null,external_lung,seed43,source_disjoint,7,39,-0.019141262423972738
degree_orientation_null,external_lung,seed43,source_disjoint,7,40,-0.022622756267616118
degree_orientation_null,external_lung,seed43,source_disjoint,7,41,-0.02932613855511046
degree_orientation_null,external_lung,seed43,source_disjoint,7,42,-0.029488391929980762
degree_orientation_null,external_lung,seed43,source_disjoint,7,43,-0.032107624981456806
degree_orientation_null,external_lung,seed43,source_disjoint,7,44,-0.025167816347722805
degree_orientation_null,external_lung,seed43,source_disjoint,7,45,-0.04448523957869749
degree_orientation_null,external_lung,seed43,source_disjoint,7,46,-0.014143858477970617
degree_orientation_null,external_lung,seed43,source_disjoint,7,47,-0.034527518172378036
degree_orientation_null,external_lung,seed43,source_disjoint,7,48,-0.015729305740987964
degree_orientation_null,external_lung,seed43,source_disjoint,7,49,-0.03226060673490583
degree_orientation_null,external_lung,seed43,source_disjoint,7,50,-0.03237650200267028
degree_orientation_null,external_lung,seed43,source_disjoint,7,51,-0.05375222518914108
degree_orientation_null,external_lung,seed43,source_disjoint,7,52,-0.03166722296395186
degree_orientation_null,external_lung,seed43,source_disjoint,7,53,-0.03843087079068375
degree_orientation_null,external_lung,seed43,source_disjoint,7,54,-0.03470367897937998
degree_orientation_null,external_lung,seed43,source_disjoint,7,55,-0.04540313009939173
degree_orientation_null,external_lung,seed43,source_disjoint,7,56,-0.00617953567719931
degree_orientation_null,external_lung,seed43,source_disjoint,7,57,-0.02182539682539697
degree_orientation_null,external_lung,seed43,source_disjoint,7,58,-0.053131026553923655
degree_orientation_null,external_lung,seed43,source_disjoint,7,59,-0.013731271324729177
degree_orientation_null,external_lung,seed43,source_disjoint,7,60,-0.0056881397418780955
degree_orientation_null,external_lung,seed43,source_disjoint,7,61,-0.023637998813232475
degree_orientation_null,external_lung,seed43,source_disjoint,7,62,-0.05086411511645156
degree_orientation_null,external_lung,seed43,source_disjoint,7,63,-0.02931223112297865
degree_orientation_null,external_lung,seed43,source_disjoint,11,0,-0.05811452306779413
degree_orientation_null,external_lung,seed43,source_disjoint,11,1,-0.009253078178311891
degree_orientation_null,external_lung,seed43,source_disjoint,11,2,-0.00030132769618773647
degree_orientation_null,external_lung,seed43,source_disjoint,11,3,-0.0297387257083519
degree_orientation_null,external_lung,seed43,source_disjoint,11,4,-0.03478248776145976
degree_orientation_null,external_lung,seed43,source_disjoint,11,5,-0.036942775552588625
degree_orientation_null,external_lung,seed43,source_disjoint,11,6,-0.03603415665331561
degree_orientation_null,external_lung,seed43,source_disjoint,11,7,0.00579476338822138
degree_orientation_null,external_lung,seed43,source_disjoint,11,8,-0.02902017504821247
degree_orientation_null,external_lung,seed43,source_disjoint,11,9,-0.008900756564307888
degree_orientation_null,external_lung,seed43,source_disjoint,11,10,-0.02805592642041238
degree_orientation_null,external_lung,seed43,source_disjoint,11,11,-0.03608515057113193
degree_orientation_null,external_lung,seed43,source_disjoint,11,12,-0.027253931167482648
degree_orientation_null,external_lung,seed43,source_disjoint,11,13,-0.05858737576027295
degree_orientation_null,external_lung,seed43,source_disjoint,11,14,-0.01350411659991102
degree_orientation_null,external_lung,seed43,source_disjoint,11,15,-0.03017449191514615
degree_orientation_null,external_lung,seed43,source_disjoint,11,16,-0.025751928497255716
degree_orientation_null,external_lung,seed43,source_disjoint,11,17,-0.05049325025960549
degree_orientation_null,external_lung,seed43,source_disjoint,11,18,-0.022692293428274724
degree_orientation_null,external_lung,seed43,source_disjoint,11,19,-0.025816829847203793
degree_orientation_null,external_lung,seed43,source_disjoint,11,20,-0.0411381842456609
degree_orientation_null,external_lung,seed43,source_disjoint,11,21,-0.03108774662512992
degree_orientation_null,external_lung,seed43,source_disjoint,11,22,-0.029873164218958748
degree_orientation_null,external_lung,seed43,source_disjoint,11,23,-0.025881731197151925
degree_orientation_null,external_lung,seed43,source_disjoint,11,24,-0.03526924788607033
degree_orientation_null,external_lung,seed43,source_disjoint,11,25,-0.03711893635959057
degree_orientation_null,external_lung,seed43,source_disjoint,11,26,0.0027768506156358175
degree_orientation_null,external_lung,seed43,source_disjoint,11,27,-0.0033099688473520184
degree_orientation_null,external_lung,seed43,source_disjoint,11,28,-0.019998887405429433
degree_orientation_null,external_lung,seed43,source_disjoint,11,29,-0.010857068684171578
degree_orientation_null,external_lung,seed43,source_disjoint,11,30,-0.04007194778222822
degree_orientation_null,external_lung,seed43,source_disjoint,11,31,-0.028579773030707634
degree_orientation_null,external_lung,seed43,source_disjoint,11,32,-0.02393469069870946
degree_orientation_null,external_lung,seed43,source_disjoint,11,33,-0.03781894377688777
degree_orientation_null,external_lung,seed43,source_disjoint,11,34,-0.024977748108589215
degree_orientation_null,external_lung,seed43,source_disjoint,11,35,-0.04287197745141674
degree_orientation_null,external_lung,seed43,source_disjoint,11,36,-0.03339638035899728
degree_orientation_null,external_lung,seed43,source_disjoint,11,37,-0.0020073060376798457
degree_orientation_null,external_lung,seed43,source_disjoint,11,38,-0.03900571131879549
degree_orientation_null,external_lung,seed43,source_disjoint,11,39,-0.014408099688473563
degree_orientation_null,external_lung,seed43,source_disjoint,11,40,-0.02827844533452012
degree_orientation_null,external_lung,seed43,source_disjoint,11,41,-0.01913199080255157
degree_orientation_null,external_lung,seed43,source_disjoint,11,42,-0.02748108589230086
degree_orientation_null,external_lung,seed43,source_disjoint,11,43,-0.03405002966918852
degree_orientation_null,external_lung,seed43,source_disjoint,11,44,-0.026581738614448958
degree_orientation_null,external_lung,seed43,source_disjoint,11,45,-0.031384438510606794
degree_orientation_null,external_lung,seed43,source_disjoint,11,46,-0.01277165850763995
degree_orientation_null,external_lung,seed43,source_disjoint,11,47,-0.008210020768432025
degree_orientation_null,external_lung,seed43,source_disjoint,11,48,-0.030619529743361573
degree_orientation_null,external_lung,seed43,source_disjoint,11,49,-0.021686322504079425
degree_orientation_null,external_lung,seed43,source_disjoint,11,50,-0.024059857587895084
degree_orientation_null,external_lung,seed43,source_disjoint,11,51,-0.009753745735054165
degree_orientation_null,external_lung,seed43,source_disjoint,11,52,-0.047368713840676424
degree_orientation_null,external_lung,seed43,source_disjoint,11,53,-0.019020731345497754
degree_orientation_null,external_lung,seed43,source_disjoint,11,54,-0.03146324729268657
degree_orientation_null,external_lung,seed43,source_disjoint,11,55,0.018830663106363943
degree_orientation_null,external_lung,seed43,source_disjoint,11,56,-0.036761978934876094
degree_orientation_null,external_lung,seed43,source_disjoint,11,57,-0.03050363447559712
degree_orientation_null,external_lung,seed43,source_disjoint,11,58,-0.017310117193294894
degree_orientation_null,external_lung,seed43,source_disjoint,11,59,-0.036659991099243394
degree_orientation_null,external_lung,seed43,source_disjoint,11,60,-0.03317849725560007
degree_orientation_null,external_lung,seed43,source_disjoint,11,61,-0.025385699451120125
degree_orientation_null,external_lung,seed43,source_disjoint,11,62,-0.03385996143005493
degree_orientation_null,external_lung,seed43,source_disjoint,11,63,-0.02028630766948536
degree_orientation_null,external_lung,seed43,target_disjoint,7,0,-0.005917753835209427
degree_orientation_null,external_lung,seed43,target_disjoint,7,1,0.027566463575551148
degree_orientation_null,external_lung,seed43,target_disjoint,7,2,-0.03231959886636149
degree_orientation_null,external_lung,seed43,target_disjoint,7,3,-0.01526625589480557
degree_orientation_null,external_lung,seed43,target_disjoint,7,4,-0.008608424265372339
degree_orientation_null,external_lung,seed43,target_disjoint,7,5,0.0061988686562711726
degree_orientation_null,external_lung,seed43,target_disjoint,7,6,-0.017268481865225505
degree_orientation_null,external_lung,seed43,target_disjoint,7,7,-0.0064971945888264715
degree_orientation_null,external_lung,seed43,target_disjoint,7,8,-0.021298750473305594
degree_orientation_null,external_lung,seed43,target_disjoint,7,9,0.0064541668100926985
degree_orientation_null,external_lung,seed43,target_disjoint,7,10,-0.012202678048948312
degree_orientation_null,external_lung,seed43,target_disjoint,7,11,0.0010957740984246511
degree_orientation_null,external_lung,seed43,target_disjoint,7,12,-0.015194542930249133
degree_orientation_null,external_lung,seed43,target_disjoint,7,13,-0.010065631705162226
degree_orientation_null,external_lung,seed43,target_disjoint,7,14,0.0060324945784999695
degree_orientation_null,external_lung,seed43,target_disjoint,7,15,0.004690027882000569
degree_orientation_null,external_lung,seed43,target_disjoint,7,16,-0.0007515518685529132
degree_orientation_null,external_lung,seed43,target_disjoint,7,17,-0.011422440994572736
degree_orientation_null,external_lung,seed43,target_disjoint,7,18,-0.0037376797126891237
degree_orientation_null,external_lung,seed43,target_disjoint,7,19,0.0019419870801923311
degree_orientation_null,external_lung,seed43,target_disjoint,7,20,-0.006534485330395801
degree_orientation_null,external_lung,seed43,target_disjoint,7,21,-0.016508324440925704
degree_orientation_null,external_lung,seed43,target_disjoint,7,22,0.008898144642180972
degree_orientation_null,external_lung,seed43,target_disjoint,7,23,-0.018126168921322294
degree_orientation_null,external_lung,seed43,target_disjoint,7,24,-0.03584213968538086
degree_orientation_null,external_lung,seed43,target_disjoint,7,25,-0.01985588562642704
degree_orientation_null,external_lung,seed43,target_disjoint,7,26,0.009509139100203234
degree_orientation_null,external_lung,seed43,target_disjoint,7,27,-0.009388661319748026
degree_orientation_null,external_lung,seed43,target_disjoint,7,28,-0.007547072389934795
degree_orientation_null,external_lung,seed43,target_disjoint,7,29,-0.02163149862884811
degree_orientation_null,external_lung,seed43,target_disjoint,7,30,-0.00026390370956808074
degree_orientation_null,external_lung,seed43,target_disjoint,7,31,-0.013034548437804772
degree_orientation_null,external_lung,seed43,target_disjoint,7,32,-0.0313643821784676
degree_orientation_null,external_lung,seed43,target_disjoint,7,33,0.0028599130265166695
degree_orientation_null,external_lung,seed43,target_disjoint,7,34,-0.033762463713239876
degree_orientation_null,external_lung,seed43,target_disjoint,7,35,-0.015395339231007554
degree_orientation_null,external_lung,seed43,target_disjoint,7,36,-0.021046320838066346
degree_orientation_null,external_lung,seed43,target_disjoint,7,37,-0.017962663362133202
degree_orientation_null,external_lung,seed43,target_disjoint,7,38,-0.019431344876251977
degree_orientation_null,external_lung,seed43,target_disjoint,7,39,-0.0005134648262250519
degree_orientation_null,external_lung,seed43,target_disjoint,7,40,0.013390244742005564
degree_orientation_null,external_lung,seed43,target_disjoint,7,41,-0.007116794602595289
degree_orientation_null,external_lung,seed43,target_disjoint,7,42,-0.0003643018599475134
degree_orientation_null,external_lung,seed43,target_disjoint,7,43,-0.020948791206269357
degree_orientation_null,external_lung,seed43,target_disjoint,7,44,-0.009305474280862258
degree_orientation_null,external_lung,seed43,target_disjoint,7,45,0.010536068752653338
degree_orientation_null,external_lung,seed43,target_disjoint,7,46,0.010997900244397951
degree_orientation_null,external_lung,seed43,target_disjoint,7,47,0.007733526097782106
degree_orientation_null,external_lung,seed43,target_disjoint,7,48,-0.0072573520131262725
degree_orientation_null,external_lung,seed43,target_disjoint,7,49,-0.008006035363097075
degree_orientation_null,external_lung,seed43,target_disjoint,7,50,0.024287746836024082
degree_orientation_null,external_lung,seed43,target_disjoint,7,51,-0.0048047686252911115
degree_orientation_null,external_lung,seed43,target_disjoint,7,52,0.0186396337475474
degree_orientation_null,external_lung,seed43,target_disjoint,7,53,-0.001735453742269244
degree_orientation_null,external_lung,seed43,target_disjoint,7,54,-0.006442692735763367
degree_orientation_null,external_lung,seed43,target_disjoint,7,55,-0.010728259497664927
degree_orientation_null,external_lung,seed43,target_disjoint,7,56,-0.0032901908138559532
degree_orientation_null,external_lung,seed43,target_disjoint,7,57,0.015779720721030843
degree_orientation_null,external_lung,seed43,target_disjoint,7,58,-0.0019792778217616602
degree_orientation_null,external_lung,seed43,target_disjoint,7,59,-0.026367422808164953
degree_orientation_null,external_lung,seed43,target_disjoint,7,60,0.01694720778401204
degree_orientation_null,external_lung,seed43,target_disjoint,7,61,-0.024999139444425333
degree_orientation_null,external_lung,seed43,target_disjoint,7,62,0.004629788991773132
degree_orientation_null,external_lung,seed43,target_disjoint,7,63,-0.027678335800259246
degree_orientation_null,external_lung,seed43,target_disjoint,11,0,-0.015891592945739164
degree_orientation_null,external_lung,seed43,target_disjoint,11,1,-0.04666219177767833
degree_orientation_null,external_lung,seed43,target_disjoint,11,2,-0.004317120466306279
degree_orientation_null,external_lung,seed43,target_disjoint,11,3,-0.030039126593462084
degree_orientation_null,external_lung,seed43,target_disjoint,11,4,-0.01805158743818336
degree_orientation_null,external_lung,seed43,target_disjoint,11,5,-0.008072011290489067
degree_orientation_null,external_lung,seed43,target_disjoint,11,6,-0.02161141899877217
degree_orientation_null,external_lung,seed43,target_disjoint,11,7,-0.017658600392413293
degree_orientation_null,external_lung,seed43,target_disjoint,11,8,-0.020200107856298666
degree_orientation_null,external_lung,seed43,target_disjoint,11,9,0.01003981503792195
degree_orientation_null,external_lung,seed43,target_disjoint,11,10,-0.016141154062395913
degree_orientation_null,external_lung,seed43,target_disjoint,11,11,-0.0013252555850056247
degree_orientation_null,external_lung,seed43,target_disjoint,11,12,-0.033165811848129056
degree_orientation_null,external_lung,seed43,target_disjoint,11,13,-0.0031467648847428586
degree_orientation_null,external_lung,seed43,target_disjoint,11,14,-0.019893176367996368
degree_orientation_null,external_lung,seed43,target_disjoint,11,15,-0.027236583938590686
degree_orientation_null,external_lung,seed43,target_disjoint,11,16,0.023954998680481565
degree_orientation_null,external_lung,seed43,target_disjoint,11,17,-0.03554955078998989
degree_orientation_null,external_lung,seed43,target_disjoint,11,18,-0.04173120833476751
degree_orientation_null,external_lung,seed43,target_disjoint,11,19,-0.033710830378759105
degree_orientation_null,external_lung,seed43,target_disjoint,11,20,-0.01271040583800892
degree_orientation_null,external_lung,seed43,target_disjoint,11,21,-0.017489357796059757
degree_orientation_null,external_lung,seed43,target_disjoint,11,22,-0.013269766961550356
degree_orientation_null,external_lung,seed43,target_disjoint,11,23,-0.02460328388007299
degree_orientation_null,external_lung,seed43,target_disjoint,11,24,-0.023151813477447658
degree_orientation_null,external_lung,seed43,target_disjoint,11,25,0.011106903950523828
degree_orientation_null,external_lung,seed43,target_disjoint,11,26,-0.01767294298532457
degree_orientation_null,external_lung,seed43,target_disjoint,11,27,-0.027170608011198638
degree_orientation_null,external_lung,seed43,target_disjoint,11,28,-0.03720755453053831
degree_orientation_null,external_lung,seed43,target_disjoint,11,29,-0.004431861209596821
degree_orientation_null,external_lung,seed43,target_disjoint,11,30,-0.010593439124298554
degree_orientation_null,external_lung,seed43,target_disjoint,11,31,-0.014503229951923602
degree_orientation_null,external_lung,seed43,target_disjoint,11,32,-0.021565522701456008
degree_orientation_null,external_lung,seed43,target_disjoint,11,33,-0.008014640918843852
degree_orientation_null,external_lung,seed43,target_disjoint,11,34,-0.015337968859362228
degree_orientation_null,external_lung,seed43,target_disjoint,11,35,-0.01966082636283306
degree_orientation_null,external_lung,seed43,target_disjoint,11,36,-0.015504342937133375
degree_orientation_null,external_lung,seed43,target_disjoint,11,37,-0.011135589136346491
degree_orientation_null,external_lung,seed43,target_disjoint,11,38,0.011803953966013747
degree_orientation_null,external_lung,seed43,target_disjoint,11,39,-0.004013057496586425
degree_orientation_null,external_lung,seed43,target_disjoint,11,40,-0.015558844790196535
degree_orientation_null,external_lung,seed43,target_disjoint,11,41,-0.025770770943054133
degree_orientation_null,external_lung,seed43,target_disjoint,11,42,-0.01721971704932701
degree_orientation_null,external_lung,seed43,target_disjoint,11,43,-0.010452881713767681
degree_orientation_null,external_lung,seed43,target_disjoint,11,44,-0.016046492949181257
degree_orientation_null,external_lung,seed43,target_disjoint,11,45,-0.04632083806638898
degree_orientation_null,external_lung,seed43,target_disjoint,11,46,-0.028168852477826245
degree_orientation_null,external_lung,seed43,target_disjoint,11,47,-0.0031066056245910856
degree_orientation_null,external_lung,seed43,target_disjoint,11,48,-0.009575115027595005
degree_orientation_null,external_lung,seed43,target_disjoint,11,49,-0.004107718609801081
degree_orientation_null,external_lung,seed43,target_disjoint,11,50,-0.033541587782405624
degree_orientation_null,external_lung,seed43,target_disjoint,11,51,-0.01436267254139273
degree_orientation_null,external_lung,seed43,target_disjoint,11,52,0.010903239131183184
degree_orientation_null,external_lung,seed43,target_disjoint,11,53,-0.003757759342764899
degree_orientation_null,external_lung,seed43,target_disjoint,11,54,-0.03601998783748117
degree_orientation_null,external_lung,seed43,target_disjoint,11,55,-0.003938476013447545
degree_orientation_null,external_lung,seed43,target_disjoint,11,56,-0.024818422773742688
degree_orientation_null,external_lung,seed43,target_disjoint,11,57,-0.00449210009982437
degree_orientation_null,external_lung,seed43,target_disjoint,11,58,-0.040738700905304404
degree_orientation_null,external_lung,seed43,target_disjoint,11,59,-0.03215609330717234
degree_orientation_null,external_lung,seed43,target_disjoint,11,60,-0.006296398288067939
degree_orientation_null,external_lung,seed43,target_disjoint,11,61,-0.004182300092939961
degree_orientation_null,external_lung,seed43,target_disjoint,11,62,0.009973839110529958
degree_orientation_null,external_lung,seed43,target_disjoint,11,63,-0.055964797539958366
degree_orientation_null,external_lung,seed44,source_disjoint,7,0,0.011536109150788176
degree_orientation_null,external_lung,seed44,source_disjoint,7,1,-0.023947306516113764
degree_orientation_null,external_lung,seed44,source_disjoint,7,2,-0.025429310750411493
degree_orientation_null,external_lung,seed44,source_disjoint,7,3,-0.024775346977181645
degree_orientation_null,external_lung,seed44,source_disjoint,7,4,-0.010049400141143194
degree_orientation_null,external_lung,seed44,source_disjoint,7,5,-0.02599388379204881
degree_orientation_null,external_lung,seed44,source_disjoint,7,6,-0.00850623382733473
degree_orientation_null,external_lung,seed44,source_disjoint,7,7,-0.027795812749941085
degree_orientation_null,external_lung,seed44,source_disjoint,7,8,-0.006741943072218204
degree_orientation_null,external_lung,seed44,source_disjoint,7,9,-0.0054199011997175806
degree_orientation_null,external_lung,seed44,source_disjoint,7,10,-0.010595154081392444
degree_orientation_null,external_lung,seed44,source_disjoint,7,11,-0.0128158080451658
degree_orientation_null,external_lung,seed44,source_disjoint,7,12,-0.034199011997177065
degree_orientation_null,external_lung,seed44,source_disjoint,7,13,-0.019378969654198885
degree_orientation_null,external_lung,seed44,source_disjoint,7,14,-0.04025876264408368
degree_orientation_null,external_lung,seed44,source_disjoint,7,15,0.01831098565043532
degree_orientation_null,external_lung,seed44,source_disjoint,7,16,-0.016372618207480538
degree_orientation_null,external_lung,seed44,source_disjoint,7,17,-0.010119971771347824
degree_orientation_null,external_lung,seed44,source_disjoint,7,18,-0.03445777464126071
degree_orientation_null,external_lung,seed44,source_disjoint,7,19,-0.0087791107974593
degree_orientation_null,external_lung,seed44,source_disjoint,7,20,-0.024977652317101806
degree_orientation_null,external_lung,seed44,source_disjoint,7,21,-0.013488590919783439
degree_orientation_null,external_lung,seed44,source_disjoint,7,22,-0.02112914608327443
degree_orientation_null,external_lung,seed44,source_disjoint,7,23,-0.00876029169607151
degree_orientation_null,external_lung,seed44,source_disjoint,7,24,-0.01115502234768273
degree_orientation_null,external_lung,seed44,source_disjoint,7,25,-0.010698659139026012
degree_orientation_null,external_lung,seed44,source_disjoint,7,26,-0.053559162549988215
degree_orientation_null,external_lung,seed44,source_disjoint,7,27,-0.020837450011761904
degree_orientation_null,external_lung,seed44,source_disjoint,7,28,-0.0033686191484355588
degree_orientation_null,external_lung,seed44,source_disjoint,7,29,-0.006450247000705733
degree_orientation_null,external_lung,seed44,source_disjoint,7,30,-0.02525993883792038
degree_orientation_null,external_lung,seed44,source_disjoint,7,31,-0.02039049635379897
degree_orientation_null,external_lung,seed44,source_disjoint,7,32,-0.0034768289814159914
degree_orientation_null,external_lung,seed44,source_disjoint,7,33,-0.01504587155963294
degree_orientation_null,external_lung,seed44,source_disjoint,7,34,-0.01606210303458
degree_orientation_null,external_lung,seed44,source_disjoint,7,35,-0.03163961420842143
degree_orientation_null,external_lung,seed44,source_disjoint,7,36,-0.010345800988002751
degree_orientation_null,external_lung,seed44,source_disjoint,7,37,0.004422488826158588
degree_orientation_null,external_lung,seed44,source_disjoint,7,38,-0.05292872265349308
degree_orientation_null,external_lung,seed44,source_disjoint,7,39,-0.03511173841449072
degree_orientation_null,external_lung,seed44,source_disjoint,7,40,-0.0168289814161372
degree_orientation_null,external_lung,seed44,source_disjoint,7,41,-0.008332157139496532
degree_orientation_null,external_lung,seed44,source_disjoint,7,42,0.01064220183486253
degree_orientation_null,external_lung,seed44,source_disjoint,7,43,-0.03342742884027278
degree_orientation_null,external_lung,seed44,source_disjoint,7,44,-0.007720536344389406
degree_orientation_null,external_lung,seed44,source_disjoint,7,45,-0.013747353563867304
degree_orientation_null,external_lung,seed44,source_disjoint,7,46,-0.046501999529522386
degree_orientation_null,external_lung,seed44,source_disjoint,7,47,0.00032933427428849527
degree_orientation_null,external_lung,seed44,source_disjoint,7,48,0.007720536344389628
degree_orientation_null,external_lung,seed44,source_disjoint,7,49,0.03250058809691847
degree_orientation_null,external_lung,seed44,source_disjoint,7,50,-0.016287932251234982
degree_orientation_null,external_lung,seed44,source_disjoint,7,51,-0.037431192660550394
degree_orientation_null,external_lung,seed44,source_disjoint,7,52,-0.003796753705010536
degree_orientation_null,external_lung,seed44,source_disjoint,7,53,0.010472829922371307
degree_orientation_null,external_lung,seed44,source_disjoint,7,54,-0.00406492589978813
degree_orientation_null,external_lung,seed44,source_disjoint,7,55,-0.008812044224888238
degree_orientation_null,external_lung,seed44,source_disjoint,7,56,-0.013060456363208572
degree_orientation_null,external_lung,seed44,source_disjoint,7,57,-0.007649964714184887
degree_orientation_null,external_lung,seed44,source_disjoint,7,58,-0.00782874617736995
degree_orientation_null,external_lung,seed44,source_disjoint,7,59,-0.03228887320630436
degree_orientation_null,external_lung,seed44,source_disjoint,7,60,0.001359680075276426
degree_orientation_null,external_lung,seed44,source_disjoint,7,61,0.006647847565278808
degree_orientation_null,external_lung,seed44,source_disjoint,7,62,-0.007607621736061998
degree_orientation_null,external_lung,seed44,source_disjoint,7,63,-0.015088214537755718
degree_orientation_null,external_lung,seed44,source_disjoint,11,0,0.00046106798400380455
degree_orientation_null,external_lung,seed44,source_disjoint,11,1,0.005024700070571542
degree_orientation_null,external_lung,seed44,source_disjoint,11,2,0.020884497765231713
degree_orientation_null,external_lung,seed44,source_disjoint,11,3,0.0023194542460598377
degree_orientation_null,external_lung,seed44,source_disjoint,11,4,-0.01585038814396611
degree_orientation_null,external_lung,seed44,source_disjoint,11,5,0.008332157139496643
degree_orientation_null,external_lung,seed44,source_disjoint,11,6,-0.006351446718419251
degree_orientation_null,external_lung,seed44,source_disjoint,11,7,0.0037355916254998567
degree_orientation_null,external_lung,seed44,source_disjoint,11,8,-0.015577511173841485
degree_orientation_null,external_lung,seed44,source_disjoint,11,9,0.0340484591860738
degree_orientation_null,external_lung,seed44,source_disjoint,11,10,0.019736532580569288
degree_orientation_null,external_lung,seed44,source_disjoint,11,11,-0.001035050576335017
degree_orientation_null,external_lung,seed44,source_disjoint,11,12,-0.005142319454246036
degree_orientation_null,external_lung,seed44,source_disjoint,11,13,0.026831333803810864
degree_orientation_null,external_lung,seed44,source_disjoint,11,14,-0.020348153375676303
degree_orientation_null,external_lung,seed44,source_disjoint,11,15,0.0013502705245824753
degree_orientation_null,external_lung,seed44,source_disjoint,11,16,-0.030792754645965648
degree_orientation_null,external_lung,seed44,source_disjoint,11,17,0.009080216419666054
degree_orientation_null,external_lung,seed44,source_disjoint,11,18,-0.013803810868031119
degree_orientation_null,external_lung,seed44,source_disjoint,11,19,0.03707833450952713
degree_orientation_null,external_lung,seed44,source_disjoint,11,20,-0.024535403434486014
degree_orientation_null,external_lung,seed44,source_disjoint,11,21,-0.013625029404845945
degree_orientation_null,external_lung,seed44,source_disjoint,11,22,-0.01165372853446256
degree_orientation_null,external_lung,seed44,source_disjoint,11,23,-0.002121853681486763
degree_orientation_null,external_lung,seed44,source_disjoint,11,24,-0.0008939073159256461
degree_orientation_null,external_lung,seed44,source_disjoint,11,25,-0.015012938132204223
degree_orientation_null,external_lung,seed44,source_disjoint,11,26,0.0084356621971301
degree_orientation_null,external_lung,seed44,source_disjoint,11,27,-0.045382262996941924
degree_orientation_null,external_lung,seed44,source_disjoint,11,28,-0.014288402728769689
degree_orientation_null,external_lung,seed44,source_disjoint,11,29,-0.010891554928252167
degree_orientation_null,external_lung,seed44,source_disjoint,11,30,0.004347212420606872
degree_orientation_null,external_lung,seed44,source_disjoint,11,31,-0.004041402023053475
degree_orientation_null,external_lung,seed44,source_disjoint,11,32,-0.02297812279463657
degree_orientation_null,external_lung,seed44,source_disjoint,11,33,-0.02204657727593512
degree_orientation_null,external_lung,seed44,source_disjoint,11,34,-0.004902375911550294
degree_orientation_null,external_lung,seed44,source_disjoint,11,35,-0.008228652081863297
degree_orientation_null,external_lung,seed44,source_disjoint,11,36,0.0057445306986591005
degree_orientation_null,external_lung,seed44,source_disjoint,11,37,-0.0120677487649965
degree_orientation_null,external_lung,seed44,source_disjoint,11,38,-0.016683133380381132
degree_orientation_null,external_lung,seed44,source_disjoint,11,39,0.004836509056692528
degree_orientation_null,external_lung,seed44,source_disjoint,11,40,-0.006351446718419251
degree_orientation_null,external_lung,seed44,source_disjoint,11,41,-0.018927311220889254
degree_orientation_null,external_lung,seed44,source_disjoint,11,42,-0.023274523641496125
degree_orientation_null,external_lung,seed44,source_disjoint,11,43,-0.01292872265349343
degree_orientation_null,external_lung,seed44,source_disjoint,11,44,-0.015746883086332708
degree_orientation_null,external_lung,seed44,source_disjoint,11,45,0.022361797224182522
degree_orientation_null,external_lung,seed44,source_disjoint,11,46,-0.015398729710656367
degree_orientation_null,external_lung,seed44,source_disjoint,11,47,-0.0376334980004705
degree_orientation_null,external_lung,seed44,source_disjoint,11,48,-0.0044130792754646375
degree_orientation_null,external_lung,seed44,source_disjoint,11,49,-0.023448600329334268
degree_orientation_null,external_lung,seed44,source_disjoint,11,50,0.007292401787814651
degree_orientation_null,external_lung,seed44,source_disjoint,11,51,-0.041886614914137865
degree_orientation_null,external_lung,seed44,source_disjoint,11,52,-0.023773229828275733
degree_orientation_null,external_lung,seed44,source_disjoint,11,53,0.013883792048929644
degree_orientation_null,external_lung,seed44,source_disjoint,11,54,-0.014222535873912034
degree_orientation_null,external_lung,seed44,source_disjoint,11,55,0.038292166549047324
degree_orientation_null,external_lung,seed44,source_disjoint,11,56,0.0071465537520584155
degree_orientation_null,external_lung,seed44,source_disjoint,11,57,-0.012095977417078463
degree_orientation_null,external_lung,seed44,source_disjoint,11,58,-0.03612796988943795
degree_orientation_null,external_lung,seed44,source_disjoint,11,59,-0.015953893201599567
degree_orientation_null,external_lung,seed44,source_disjoint,11,60,-6.116207951079033e-05
degree_orientation_null,external_lung,seed44,source_disjoint,11,61,0.002422959303693184
degree_orientation_null,external_lung,seed44,source_disjoint,11,62,0.0007339449541284848
degree_orientation_null,external_lung,seed44,source_disjoint,11,63,0.005650435191719594
degree_orientation_null,external_lung,seed44,target_disjoint,7,0,0.015852896235588165
degree_orientation_null,external_lung,seed44,target_disjoint,7,1,0.017916261517803345
degree_orientation_null,external_lung,seed44,target_disjoint,7,2,0.028629555030791343
degree_orientation_null,external_lung,seed44,target_disjoint,7,3,0.017962564245034063
degree_orientation_null,external_lung,seed44,target_disjoint,7,4,0.004126730564430303
degree_orientation_null,external_lung,seed44,target_disjoint,7,5,0.024184493216650504
degree_orientation_null,external_lung,seed44,target_disjoint,7,6,0.015256748622493987
degree_orientation_null,external_lung,seed44,target_disjoint,7,7,0.040069222577209684
degree_orientation_null,external_lung,seed44,target_disjoint,7,8,0.018489257767282496
degree_orientation_null,external_lung,seed44,target_disjoint,7,9,0.025831133953789776
degree_orientation_null,external_lung,seed44,target_disjoint,7,10,0.015977334815020616
degree_orientation_null,external_lung,seed44,target_disjoint,7,11,0.006644441357595954
degree_orientation_null,external_lung,seed44,target_disjoint,7,12,0.01290109737463535
degree_orientation_null,external_lung,seed44,target_disjoint,7,13,0.010748020558410898
degree_orientation_null,external_lung,seed44,target_disjoint,7,14,0.052675140065749804
degree_orientation_null,external_lung,seed44,target_disjoint,7,15,-0.005188799370282993
degree_orientation_null,external_lung,seed44,target_disjoint,7,16,0.014209149418900724
degree_orientation_null,external_lung,seed44,target_disjoint,7,17,-0.008314233458350695
degree_orientation_null,external_lung,seed44,target_disjoint,7,18,0.006687850164374676
degree_orientation_null,external_lung,seed44,target_disjoint,7,19,0.03106623605130343
degree_orientation_null,external_lung,seed44,target_disjoint,7,20,0.02772665184979395
degree_orientation_null,external_lung,seed44,target_disjoint,7,21,-0.010612006297170962
degree_orientation_null,external_lung,seed44,target_disjoint,7,22,0.03210515349354082
degree_orientation_null,external_lung,seed44,target_disjoint,7,23,0.04086215678103433
degree_orientation_null,external_lung,seed44,target_disjoint,7,24,0.005973051812751706
degree_orientation_null,external_lung,seed44,target_disjoint,7,25,0.008074038060841837
degree_orientation_null,external_lung,seed44,target_disjoint,7,26,0.029465898041394656
degree_orientation_null,external_lung,seed44,target_disjoint,7,27,0.038442839283233776
degree_orientation_null,external_lung,seed44,target_disjoint,7,28,0.019800203731999755
degree_orientation_null,external_lung,seed44,target_disjoint,7,29,0.00035595221558554213
degree_orientation_null,external_lung,seed44,target_disjoint,7,30,0.030701602074362122
degree_orientation_null,external_lung,seed44,target_disjoint,7,31,0.022112446173079614
degree_orientation_null,external_lung,seed44,target_disjoint,7,32,0.004994906700004631
degree_orientation_null,external_lung,seed44,target_disjoint,7,33,0.030174908552113577
degree_orientation_null,external_lung,seed44,target_disjoint,7,34,0.0034148261332591634
degree_orientation_null,external_lung,seed44,target_disjoint,7,35,0.025750104181136324
degree_orientation_null,external_lung,seed44,target_disjoint,7,36,0.009772769366115652
degree_orientation_null,external_lung,seed44,target_disjoint,7,37,-0.010947701069592919
degree_orientation_null,external_lung,seed44,target_disjoint,7,38,0.03170289855072461
degree_orientation_null,external_lung,seed44,target_disjoint,7,39,0.016900495439181373
degree_orientation_null,external_lung,seed44,target_disjoint,7,40,0.01895517896004073
degree_orientation_null,external_lung,seed44,target_disjoint,7,41,0.013346761124230166
degree_orientation_null,external_lung,seed44,target_disjoint,7,42,-0.007842524424688635
degree_orientation_null,external_lung,seed44,target_disjoint,7,43,0.01644614992823057
degree_orientation_null,external_lung,seed44,target_disjoint,7,44,0.029338565541510486
degree_orientation_null,external_lung,seed44,target_disjoint,7,45,0.0008305551696994318
degree_orientation_null,external_lung,seed44,target_disjoint,7,46,0.014842917997869964
degree_orientation_null,external_lung,seed44,target_disjoint,7,47,0.017120433393526868
degree_orientation_null,external_lung,seed44,target_disjoint,7,48,0.011477288512293349
degree_orientation_null,external_lung,seed44,target_disjoint,7,49,0.03270708894753904
degree_orientation_null,external_lung,seed44,target_disjoint,7,50,0.019041996573598174
degree_orientation_null,external_lung,seed44,target_disjoint,7,51,0.042508797518173824
degree_orientation_null,external_lung,seed44,target_disjoint,7,52,0.019991202481826065
degree_orientation_null,external_lung,seed44,target_disjoint,7,53,-0.005871764596934781
degree_orientation_null,external_lung,seed44,target_disjoint,7,54,-0.008111659026716789
degree_orientation_null,external_lung,seed44,target_disjoint,7,55,0.021614691855350143
degree_orientation_null,external_lung,seed44,target_disjoint,7,56,-0.006198777608001138
degree_orientation_null,external_lung,seed44,target_disjoint,7,57,0.02961348798444219
degree_orientation_null,external_lung,seed44,target_disjoint,7,58,0.007223225447978876
degree_orientation_null,external_lung,seed44,target_disjoint,7,59,0.04180846876881039
degree_orientation_null,external_lung,seed44,target_disjoint,7,60,0.004138306246237788
degree_orientation_null,external_lung,seed44,target_disjoint,7,61,0.011471500671389523
degree_orientation_null,external_lung,seed44,target_disjoint,7,62,0.025943996851414575
degree_orientation_null,external_lung,seed44,target_disjoint,7,63,0.06129902301245538
degree_orientation_null,external_lung,seed44,target_disjoint,11,0,0.030652405426679574
degree_orientation_null,external_lung,seed44,target_disjoint,11,1,0.0011286289762466595
degree_orientation_null,external_lung,seed44,target_disjoint,11,2,-0.006166944483030012
degree_orientation_null,external_lung,seed44,target_disjoint,11,3,-0.019499236005000642
degree_orientation_null,external_lung,seed44,target_disjoint,11,4,0.008117446867620504
degree_orientation_null,external_lung,seed44,target_disjoint,11,5,0.028024725656341065
degree_orientation_null,external_lung,seed44,target_disjoint,11,6,0.010018752604528391
degree_orientation_null,external_lung,seed44,target_disjoint,11,7,0.029572973098115463
degree_orientation_null,external_lung,seed44,target_disjoint,11,8,0.06182571653470381
degree_orientation_null,external_lung,seed44,target_disjoint,11,9,0.006725471130249572
degree_orientation_null,external_lung,seed44,target_disjoint,11,10,0.007813585220169561
degree_orientation_null,external_lung,seed44,target_disjoint,11,11,-0.021617585775802084
degree_orientation_null,external_lung,seed44,target_disjoint,11,12,0.01856449969903229
degree_orientation_null,external_lung,seed44,target_disjoint,11,13,0.006786243459739771
degree_orientation_null,external_lung,seed44,target_disjoint,11,14,0.016278302542019674
degree_orientation_null,external_lung,seed44,target_disjoint,11,15,-0.0009694633513913642
degree_orientation_null,external_lung,seed44,target_disjoint,11,16,-0.0024453627818679102
degree_orientation_null,external_lung,seed44,target_disjoint,11,17,-0.007283997777469076
degree_orientation_null,external_lung,seed44,target_disjoint,11,18,0.021976431911839622
degree_orientation_null,external_lung,seed44,target_disjoint,11,19,0.04321780802889297
degree_orientation_null,external_lung,seed44,target_disjoint,11,20,-0.001771079316571722
degree_orientation_null,external_lung,seed44,target_disjoint,11,21,0.019803097652451807
degree_orientation_null,external_lung,seed44,target_disjoint,11,22,0.012359934250127325
degree_orientation_null,external_lung,seed44,target_disjoint,11,23,0.04568053433347219
degree_orientation_null,external_lung,seed44,target_disjoint,11,24,0.03131800713061994
degree_orientation_null,external_lung,seed44,target_disjoint,11,25,0.012941612260962132
degree_orientation_null,external_lung,seed44,target_disjoint,11,26,0.009445756355049295
degree_orientation_null,external_lung,seed44,target_disjoint,11,27,-0.012999490670000502
degree_orientation_null,external_lung,seed44,target_disjoint,11,28,0.03205885076631021
degree_orientation_null,external_lung,seed44,target_disjoint,11,29,0.019600523220817734
degree_orientation_null,external_lung,seed44,target_disjoint,11,30,0.0007321618743344471
degree_orientation_null,external_lung,seed44,target_disjoint,11,31,0.007202968004815569
degree_orientation_null,external_lung,seed44,target_disjoint,11,32,0.016935222484604218
degree_orientation_null,external_lung,seed44,target_disjoint,11,33,0.033994883548641
degree_orientation_null,external_lung,seed44,target_disjoint,11,34,0.0029141778950780295
degree_orientation_null,external_lung,seed44,target_disjoint,11,35,-0.005741538176598615
degree_orientation_null,external_lung,seed44,target_disjoint,11,36,0.023892207251007047
degree_orientation_null,external_lung,seed44,target_disjoint,11,37,-0.008354748344677532
degree_orientation_null,external_lung,seed44,target_disjoint,11,38,-0.022433671343242034
degree_orientation_null,external_lung,seed44,target_disjoint,11,39,0.03485148400240767
degree_orientation_null,external_lung,seed44,target_disjoint,11,40,0.01198661851183025
degree_orientation_null,external_lung,seed44,target_disjoint,11,41,0.02014458026577759
degree_orientation_null,external_lung,seed44,target_disjoint,11,42,0.00013601426123999172
degree_orientation_null,external_lung,seed44,target_disjoint,11,43,0.011387576978283964
degree_orientation_null,external_lung,seed44,target_disjoint,11,44,0.009483377320924191
degree_orientation_null,external_lung,seed44,target_disjoint,11,45,-0.01512362828170577
degree_orientation_null,external_lung,seed44,target_disjoint,11,46,0.0016553224984950932
degree_orientation_null,external_lung,seed44,target_disjoint,11,47,0.007593647265823955
degree_orientation_null,external_lung,seed44,target_disjoint,11,48,0.007477890447747326
degree_orientation_null,external_lung,seed44,target_disjoint,11,49,0.020543941288141854
degree_orientation_null,external_lung,seed44,target_disjoint,11,50,0.00624508033523169
degree_orientation_null,external_lung,seed44,target_disjoint,11,51,-0.01048177987683474
degree_orientation_null,external_lung,seed44,target_disjoint,11,52,0.02153944992360035
degree_orientation_null,external_lung,seed44,target_disjoint,11,53,0.011216835671621128
degree_orientation_null,external_lung,seed44,target_disjoint,11,54,-0.006612608232624939
degree_orientation_null,external_lung,seed44,target_disjoint,11,55,0.027807681622447622
degree_orientation_null,external_lung,seed44,target_disjoint,11,56,0.017105963791267165
degree_orientation_null,external_lung,seed44,target_disjoint,11,57,-0.0027897393156456896
degree_orientation_null,external_lung,seed44,target_disjoint,11,58,0.007104574709450362
degree_orientation_null,external_lung,seed44,target_disjoint,11,59,0.021319511969254967
degree_orientation_null,external_lung,seed44,target_disjoint,11,60,-0.0030733435199333803
degree_orientation_null,external_lung,seed44,target_disjoint,11,61,-0.011332592489697701
degree_orientation_null,external_lung,seed44,target_disjoint,11,62,0.00941102930962634
degree_orientation_null,external_lung,seed44,target_disjoint,11,63,0.030287771449738377
degree_orientation_null,immune,seed42_main,source_disjoint,7,0,-0.028019302669333168
degree_orientation_null,immune,seed42_main,source_disjoint,7,1,-0.033667362258354316
degree_orientation_null,immune,seed42_main,source_disjoint,7,2,-0.013940816740573236
degree_orientation_null,immune,seed42_main,source_disjoint,7,3,-0.03797858157261691
degree_orientation_null,immune,seed42_main,source_disjoint,7,4,0.029305422716865426
degree_orientation_null,immune,seed42_main,source_disjoint,7,5,-0.017067356461757055
degree_orientation_null,immune,seed42_main,source_disjoint,7,6,-0.025646320609802098
degree_orientation_null,immune,seed42_main,source_disjoint,7,7,-0.03898936324377589
degree_orientation_null,immune,seed42_main,source_disjoint,7,8,-0.05296640871808256
degree_orientation_null,immune,seed42_main,source_disjoint,7,9,-0.04512288786482327
degree_orientation_null,immune,seed42_main,source_disjoint,7,10,-0.009716546387270708
degree_orientation_null,immune,seed42_main,source_disjoint,7,11,-0.04117757876126721
degree_orientation_null,immune,seed42_main,source_disjoint,7,12,-0.05093397675564454
degree_orientation_null,immune,seed42_main,source_disjoint,7,13,-0.05159696258296381
degree_orientation_null,immune,seed42_main,source_disjoint,7,14,-0.03453322899458017
degree_orientation_null,immune,seed42_main,source_disjoint,7,15,-0.01456395096078611
degree_orientation_null,immune,seed42_main,source_disjoint,7,16,-0.020498217546300324
degree_orientation_null,immune,seed42_main,source_disjoint,7,17,-0.02342549923195092
degree_orientation_null,immune,seed42_main,source_disjoint,7,18,-0.019766397124887702
degree_orientation_null,immune,seed42_main,source_disjoint,7,19,-0.011828681563921917
degree_orientation_null,immune,seed42_main,source_disjoint,7,20,-0.03415282729038066
degree_orientation_null,immune,seed42_main,source_disjoint,7,21,-0.03679752485291132
degree_orientation_null,immune,seed42_main,source_disjoint,7,22,-0.0636285250557923
degree_orientation_null,immune,seed42_main,source_disjoint,7,23,-0.03577587456163245
degree_orientation_null,immune,seed42_main,source_disjoint,7,24,-0.014118337535866443
degree_orientation_null,immune,seed42_main,source_disjoint,7,25,-0.014632785554879346
degree_orientation_null,immune,seed42_main,source_disjoint,7,26,-0.014306726951279658
degree_orientation_null,immune,seed42_main,source_disjoint,7,27,-0.025240558791989165
degree_orientation_null,immune,seed42_main,source_disjoint,7,28,-0.01666884039069072
degree_orientation_null,immune,seed42_main,source_disjoint,7,29,-0.01908891980407501
degree_orientation_null,immune,seed42_main,source_disjoint,7,30,-0.026254963336521442
degree_orientation_null,immune,seed42_main,source_disjoint,7,31,-0.02146914761035279
degree_orientation_null,immune,seed42_main,source_disjoint,7,32,0.004524968843288901
degree_orientation_null,immune,seed42_main,source_disjoint,7,33,-0.03074732631945054
degree_orientation_null,immune,seed42_main,source_disjoint,7,34,-0.03685549082688466
degree_orientation_null,immune,seed42_main,source_disjoint,7,35,-0.013618381010346847
degree_orientation_null,immune,seed42_main,source_disjoint,7,36,-0.034276004985073716
degree_orientation_null,immune,seed42_main,source_disjoint,7,37,-0.021070631539286455
degree_orientation_null,immune,seed42_main,source_disjoint,7,38,-0.03625047097353851
degree_orientation_null,immune,seed42_main,source_disjoint,7,39,-0.029316291336985212
degree_orientation_null,immune,seed42_main,source_disjoint,7,40,-0.043271599571051755
degree_orientation_null,immune,seed42_main,source_disjoint,7,41,-0.030736457699330477
degree_orientation_null,immune,seed42_main,source_disjoint,7,42,-0.005191577543981696
degree_orientation_null,immune,seed42_main,source_disjoint,7,43,-0.0363990087818451
degree_orientation_null,immune,seed42_main,source_disjoint,7,44,-0.025236935918615755
degree_orientation_null,immune,seed42_main,source_disjoint,7,45,0.0006738544474392816
degree_orientation_null,immune,seed42_main,source_disjoint,7,46,-0.03635191142799182
degree_orientation_null,immune,seed42_main,source_disjoint,7,47,0.003593890386343279
degree_orientation_null,immune,seed42_main,source_disjoint,7,48,0.025092020983682572
degree_orientation_null,immune,seed42_main,source_disjoint,7,49,-0.02110323739964648
degree_orientation_null,immune,seed42_main,source_disjoint,7,50,-0.023074080514737805
degree_orientation_null,immune,seed42_main,source_disjoint,7,51,-0.047604556125554254
degree_orientation_null,immune,seed42_main,source_disjoint,7,52,-0.03239211083094229
degree_orientation_null,immune,seed42_main,source_disjoint,7,53,-0.03316740573283483
degree_orientation_null,immune,seed42_main,source_disjoint,7,54,-0.007919601194099068
degree_orientation_null,immune,seed42_main,source_disjoint,7,55,-0.02484204272092272
degree_orientation_null,immune,seed42_main,source_disjoint,7,56,-0.04278251166565228
degree_orientation_null,immune,seed42_main,source_disjoint,7,57,-0.024095730806017013
degree_orientation_null,immune,seed42_main,source_disjoint,7,58,-0.01862156913891544
degree_orientation_null,immune,seed42_main,source_disjoint,7,59,-0.003959800597049701
degree_orientation_null,immune,seed42_main,source_disjoint,7,60,-0.03289931310320843
degree_orientation_null,immune,seed42_main,source_disjoint,7,61,-0.03267831782743519
degree_orientation_null,immune,seed42_main,source_disjoint,7,62,-0.06746877083152197
degree_orientation_null,immune,seed42_main,source_disjoint,7,63,-0.04291293510709221
degree_orientation_null,immune,seed42_main,source_disjoint,11,0,-0.010115062458336821
degree_orientation_null,immune,seed42_main,source_disjoint,11,1,-0.03479045300408656
degree_orientation_null,immune,seed42_main,source_disjoint,11,2,-0.05269107034170939
degree_orientation_null,immune,seed42_main,source_disjoint,11,3,-0.023860244036750355
degree_orientation_null,immune,seed42_main,source_disjoint,11,4,-0.04332956554502504
degree_orientation_null,immune,seed42_main,source_disjoint,11,5,-0.009270932962351153
degree_orientation_null,immune,seed42_main,source_disjoint,11,6,-0.04096745210561398
degree_orientation_null,immune,seed42_main,source_disjoint,11,7,-0.023548676926644085
degree_orientation_null,immune,seed42_main,source_disjoint,11,8,-0.026015853693881763
degree_orientation_null,immune,seed42_main,source_disjoint,11,9,-0.024345709068776644
degree_orientation_null,immune,seed42_main,source_disjoint,11,10,-0.018599831898675423
degree_orientation_null,immune,seed42_main,source_disjoint,11,11,-0.012560501985334649
degree_orientation_null,immune,seed42_main,source_disjoint,11,12,-0.053980813262614835
degree_orientation_null,immune,seed42_main,source_disjoint,11,13,-0.02890328377242557
degree_orientation_null,immune,seed42_main,source_disjoint,11,14,-0.015328377242558644
degree_orientation_null,immune,seed42_main,source_disjoint,11,15,-0.01602396893023783
degree_orientation_null,immune,seed42_main,source_disjoint,11,16,-0.050394168623018265
degree_orientation_null,immune,seed42_main,source_disjoint,11,17,0.002456308147117725
degree_orientation_null,immune,seed42_main,source_disjoint,11,18,-0.04354331507405146
degree_orientation_null,immune,seed42_main,source_disjoint,11,19,-0.015900791235544665
degree_orientation_null,immune,seed42_main,source_disjoint,11,20,-0.05708561574355858
degree_orientation_null,immune,seed42_main,source_disjoint,11,21,-0.022505289395125083
degree_orientation_null,immune,seed42_main,source_disjoint,11,22,-0.014890009564385687
degree_orientation_null,immune,seed42_main,source_disjoint,11,23,-0.06612106193664319
degree_orientation_null,immune,seed42_main,source_disjoint,11,24,-0.02767512969886682
degree_orientation_null,immune,seed42_main,source_disjoint,11,25,-0.008876039764658117
degree_orientation_null,immune,seed42_main,source_disjoint,11,26,-0.025226067298495747
degree_orientation_null,immune,seed42_main,source_disjoint,11,27,0.0207916702895401
degree_orientation_null,immune,seed42_main,source_disjoint,11,28,-0.02607019679448158
degree_orientation_null,immune,seed42_main,source_disjoint,11,29,-0.022639335709938258
degree_orientation_null,immune,seed42_main,source_disjoint,11,30,-0.011241776077442589
degree_orientation_null,immune,seed42_main,source_disjoint,11,31,-0.018259281801582428
degree_orientation_null,immune,seed42_main,source_disjoint,11,32,0.010629510477349946
degree_orientation_null,immune,seed42_main,source_disjoint,11,33,-0.01808176100628922
degree_orientation_null,immune,seed42_main,source_disjoint,11,34,-0.028120743123786374
degree_orientation_null,immune,seed42_main,source_disjoint,11,35,-0.040199402950468144
degree_orientation_null,immune,seed42_main,source_disjoint,11,36,-0.04418818653450418
degree_orientation_null,immune,seed42_main,source_disjoint,11,37,-0.039188621279309
degree_orientation_null,immune,seed42_main,source_disjoint,11,38,-0.06121206851578115
degree_orientation_null,immune,seed42_main,source_disjoint,11,39,-0.06267570935860639
degree_orientation_null,immune,seed42_main,source_disjoint,11,40,-0.027997565429093096
degree_orientation_null,immune,seed42_main,source_disjoint,11,41,0.011462771353215717
degree_orientation_null,immune,seed42_main,source_disjoint,11,42,-0.029736544648291396
degree_orientation_null,immune,seed42_main,source_disjoint,11,43,-0.03969582355157525
degree_orientation_null,immune,seed42_main,source_disjoint,11,44,-0.03875749934788281
degree_orientation_null,immune,seed42_main,source_disjoint,11,45,-0.01608918065095777
degree_orientation_null,immune,seed42_main,source_disjoint,11,46,-0.0282692809320928
degree_orientation_null,immune,seed42_main,source_disjoint,11,47,-0.04018853433034808
degree_orientation_null,immune,seed42_main,source_disjoint,11,48,-0.027881633481146584
degree_orientation_null,immune,seed42_main,source_disjoint,11,49,-0.019639596556821126
degree_orientation_null,immune,seed42_main,source_disjoint,11,50,0.003785902675129682
degree_orientation_null,immune,seed42_main,source_disjoint,11,51,-0.03529403240297946
degree_orientation_null,immune,seed42_main,source_disjoint,11,52,-0.04788351737530072
degree_orientation_null,immune,seed42_main,source_disjoint,11,53,-0.02576949830449521
degree_orientation_null,immune,seed42_main,source_disjoint,11,54,-0.006307422542967234
degree_orientation_null,immune,seed42_main,source_disjoint,11,55,-0.021918383908645755
degree_orientation_null,immune,seed42_main,source_disjoint,11,56,-0.03540271860417932
degree_orientation_null,immune,seed42_main,source_disjoint,11,57,-0.024878271454656153
degree_orientation_null,immune,seed42_main,source_disjoint,11,58,-0.027352693968640318
degree_orientation_null,immune,seed42_main,source_disjoint,11,59,0.005206069037475003
degree_orientation_null,immune,seed42_main,source_disjoint,11,60,-0.08359418021621307
degree_orientation_null,immune,seed42_main,source_disjoint,11,61,0.0020070718488246486
degree_orientation_null,immune,seed42_main,source_disjoint,11,62,-0.006521172071993764
degree_orientation_null,immune,seed42_main,source_disjoint,11,63,-0.045249688432889956
degree_orientation_null,immune,seed42_main,target_disjoint,7,0,-0.015271533575965224
degree_orientation_null,immune,seed42_main,target_disjoint,7,1,0.000663074763909699
degree_orientation_null,immune,seed42_main,target_disjoint,7,2,-0.010933300030923632
degree_orientation_null,immune,seed42_main,target_disjoint,7,3,-0.02486679036133116
degree_orientation_null,immune,seed42_main,target_disjoint,7,4,-0.04217512309997862
degree_orientation_null,immune,seed42_main,target_disjoint,7,5,0.018271723875449064
degree_orientation_null,immune,seed42_main,target_disjoint,7,6,-0.02715335759651749
degree_orientation_null,immune,seed42_main,target_disjoint,7,7,-0.021860653202978142
degree_orientation_null,immune,seed42_main,target_disjoint,7,8,0.0020130117272056935
degree_orientation_null,immune,seed42_main,target_disjoint,7,9,2.081400604203587e-05
degree_orientation_null,immune,seed42_main,target_disjoint,7,10,0.005595994195865761
degree_orientation_null,immune,seed42_main,target_disjoint,7,11,-0.039207640524275056
degree_orientation_null,immune,seed42_main,target_disjoint,7,12,0.0016264659007112492
degree_orientation_null,immune,seed42_main,target_disjoint,7,13,-0.022589143414448454
degree_orientation_null,immune,seed42_main,target_disjoint,7,14,-0.07442791217678829
degree_orientation_null,immune,seed42_main,target_disjoint,7,15,-0.005652489355122636
degree_orientation_null,immune,seed42_main,target_disjoint,7,16,-0.006505863602844997
degree_orientation_null,immune,seed42_main,target_disjoint,7,17,-0.02364768429315639
degree_orientation_null,immune,seed42_main,target_disjoint,7,18,-0.005298651252408471
degree_orientation_null,immune,seed42_main,target_disjoint,7,19,-0.03870810437926686
degree_orientation_null,immune,seed42_main,target_disjoint,7,20,0.002943695140226965
degree_orientation_null,immune,seed42_main,target_disjoint,7,21,-0.01070434596446146
degree_orientation_null,immune,seed42_main,target_disjoint,7,22,-0.008468327029662825
degree_orientation_null,immune,seed42_main,target_disjoint,7,23,-0.029648064892123904
degree_orientation_null,immune,seed42_main,target_disjoint,7,24,0.0026641927733771498
degree_orientation_null,immune,seed42_main,target_disjoint,7,25,-0.0419461690335165
degree_orientation_null,immune,seed42_main,target_disjoint,7,26,-0.018230095863364992
degree_orientation_null,immune,seed42_main,target_disjoint,7,27,-0.024878684079069402
degree_orientation_null,immune,seed42_main,target_disjoint,7,28,-0.012580579937676917
degree_orientation_null,immune,seed42_main,target_disjoint,7,29,0.005729798520421547
degree_orientation_null,immune,seed42_main,target_disjoint,7,30,-0.047482694640690715
degree_orientation_null,immune,seed42_main,target_disjoint,7,31,-0.029175289612026922
degree_orientation_null,immune,seed42_main,target_disjoint,7,32,0.008114488926948882
degree_orientation_null,immune,seed42_main,target_disjoint,7,33,-0.014314089298032906
degree_orientation_null,immune,seed42_main,target_disjoint,7,34,-0.04863638526130498
degree_orientation_null,immune,seed42_main,target_disjoint,7,35,0.004546373605461729
degree_orientation_null,immune,seed42_main,target_disjoint,7,36,-0.0344382597112205
degree_orientation_null,immune,seed42_main,target_disjoint,7,37,0.01418920526178058
degree_orientation_null,immune,seed42_main,target_disjoint,7,38,-0.017162634696353485
degree_orientation_null,immune,seed42_main,target_disjoint,7,39,-0.010894645448274232
degree_orientation_null,immune,seed42_main,target_disjoint,7,40,-0.029972168700492297
degree_orientation_null,immune,seed42_main,target_disjoint,7,41,0.01988926948785652
degree_orientation_null,immune,seed42_main,target_disjoint,7,42,0.010047218059420993
degree_orientation_null,immune,seed42_main,target_disjoint,7,43,-0.01935405218963332
degree_orientation_null,immune,seed42_main,target_disjoint,7,44,-0.04023644710863716
degree_orientation_null,immune,seed42_main,target_disjoint,7,45,-0.006532624467755932
degree_orientation_null,immune,seed42_main,target_disjoint,7,46,-0.017659197411927008
degree_orientation_null,immune,seed42_main,target_disjoint,7,47,-0.05609671971264768
degree_orientation_null,immune,seed42_main,target_disjoint,7,48,-0.02830704821713176
degree_orientation_null,immune,seed42_main,target_disjoint,7,49,-0.036281785960655566
degree_orientation_null,immune,seed42_main,target_disjoint,7,50,-0.02445943052879468
degree_orientation_null,immune,seed42_main,target_disjoint,7,51,-0.04169045410214328
degree_orientation_null,immune,seed42_main,target_disjoint,7,52,-0.016469825638097846
degree_orientation_null,immune,seed42_main,target_disjoint,7,53,-0.022033112110183384
degree_orientation_null,immune,seed42_main,target_disjoint,7,54,-0.026897642665144272
degree_orientation_null,immune,seed42_main,target_disjoint,7,55,-0.012756012274316553
degree_orientation_null,immune,seed42_main,target_disjoint,7,56,0.013368538737838831
degree_orientation_null,immune,seed42_main,target_disjoint,7,57,-0.010582435357644027
degree_orientation_null,immune,seed42_main,target_disjoint,7,58,0.006193653512215014
degree_orientation_null,immune,seed42_main,target_disjoint,7,59,-0.03484859297319148
degree_orientation_null,immune,seed42_main,target_disjoint,7,60,-0.001685934489402574
degree_orientation_null,immune,seed42_main,target_disjoint,7,61,-0.03431932253383757
degree_orientation_null,immune,seed42_main,target_disjoint,7,62,-0.02036501819738812
degree_orientation_null,immune,seed42_main,target_disjoint,7,63,-0.016874212041199876
degree_orientation_null,immune,seed42_main,target_disjoint,11,0,-0.0220866338400057
degree_orientation_null,immune,seed42_main,target_disjoint,11,1,0.008899474297675902
degree_orientation_null,immune,seed42_main,target_disjoint,11,2,-0.011566640500487724
degree_orientation_null,immune,seed42_main,target_disjoint,11,3,0.012711410832798142
degree_orientation_null,immune,seed42_main,target_disjoint,11,4,-0.012892790028307122
degree_orientation_null,immune,seed42_main,target_disjoint,11,5,0.00396655486571984
degree_orientation_null,immune,seed42_main,target_disjoint,11,6,0.003850591117771529
degree_orientation_null,immune,seed42_main,target_disjoint,11,7,-0.02121839244511048
degree_orientation_null,immune,seed42_main,target_disjoint,11,8,0.010796522276933285
degree_orientation_null,immune,seed42_main,target_disjoint,11,9,0.0011685577677870151
degree_orientation_null,immune,seed42_main,target_disjoint,11,10,-0.013567758509955063
degree_orientation_null,immune,seed42_main,target_disjoint,11,11,-0.01561347796094098
degree_orientation_null,immune,seed42_main,target_disjoint,11,12,-0.009125454934703514
degree_orientation_null,immune,seed42_main,target_disjoint,11,13,-0.028310021646566264
degree_orientation_null,immune,seed42_main,target_disjoint,11,14,-0.01952948452627329
degree_orientation_null,immune,seed42_main,target_disjoint,11,15,0.027046314136872862
degree_orientation_null,immune,seed42_main,target_disjoint,11,16,0.0011923452032635007
degree_orientation_null,immune,seed42_main,target_disjoint,11,17,-0.027221746473512776
degree_orientation_null,immune,seed42_main,target_disjoint,11,18,0.004689098218320975
degree_orientation_null,immune,seed42_main,target_disjoint,11,19,-0.02821784533409455
degree_orientation_null,immune,seed42_main,target_disjoint,11,20,-0.0013707509693378084
degree_orientation_null,immune,seed42_main,target_disjoint,11,21,-0.05818109374628322
degree_orientation_null,immune,seed42_main,target_disjoint,11,22,-0.03479804467280384
degree_orientation_null,immune,seed42_main,target_disjoint,11,23,-0.014849306596255885
degree_orientation_null,immune,seed42_main,target_disjoint,11,24,-0.039757724969671004
degree_orientation_null,immune,seed42_main,target_disjoint,11,25,-0.012428935036513766
degree_orientation_null,immune,seed42_main,target_disjoint,11,26,-0.025901543804562444
degree_orientation_null,immune,seed42_main,target_disjoint,11,27,0.02785806037251115
degree_orientation_null,immune,seed42_main,target_disjoint,11,28,-0.02407585813173474
degree_orientation_null,immune,seed42_main,target_disjoint,11,29,-0.038609981207926025
degree_orientation_null,immune,seed42_main,target_disjoint,11,30,-0.006068769475962799
degree_orientation_null,immune,seed42_main,target_disjoint,11,31,-0.005652489355122747
degree_orientation_null,immune,seed42_main,target_disjoint,11,32,0.002146816051761591
degree_orientation_null,immune,seed42_main,target_disjoint,11,33,-0.013573705368824296
degree_orientation_null,immune,seed42_main,target_disjoint,11,34,0.013847260876804879
degree_orientation_null,immune,seed42_main,target_disjoint,11,35,-0.026433787673350917
degree_orientation_null,immune,seed42_main,target_disjoint,11,36,-0.013246628131021287
degree_orientation_null,immune,seed42_main,target_disjoint,11,37,-0.02544660910107277
degree_orientation_null,immune,seed42_main,target_disjoint,11,38,-0.027849140084207524
degree_orientation_null,immune,seed42_main,target_disjoint,11,39,-0.03718570850876568
degree_orientation_null,immune,seed42_main,target_disjoint,11,40,0.025755845762268303
degree_orientation_null,immune,seed42_main,target_disjoint,11,41,-0.010320773567401686
degree_orientation_null,immune,seed42_main,target_disjoint,11,42,-0.027230666761816347
degree_orientation_null,immune,seed42_main,target_disjoint,11,43,-0.013086062941554122
degree_orientation_null,immune,seed42_main,target_disjoint,11,44,-0.049480839220723605
degree_orientation_null,immune,seed42_main,target_disjoint,11,45,-0.038847855562691824
degree_orientation_null,immune,seed42_main,target_disjoint,11,46,0.012280263564784955
degree_orientation_null,immune,seed42_main,target_disjoint,11,47,-0.007133257213539856
degree_orientation_null,immune,seed42_main,target_disjoint,11,48,0.008804324555769516
degree_orientation_null,immune,seed42_main,target_disjoint,11,49,-0.01926187587716166
degree_orientation_null,immune,seed42_main,target_disjoint,11,50,0.013490449344656041
degree_orientation_null,immune,seed42_main,target_disjoint,11,51,-0.023377102214610312
degree_orientation_null,immune,seed42_main,target_disjoint,11,52,-0.008840005708984466
degree_orientation_null,immune,seed42_main,target_disjoint,11,53,-0.00024976807250398636
degree_orientation_null,immune,seed42_main,target_disjoint,11,54,-0.03669211922262661
degree_orientation_null,immune,seed42_main,target_disjoint,11,55,-0.002973429434572683
degree_orientation_null,immune,seed42_main,target_disjoint,11,56,-0.004727752800970597
degree_orientation_null,immune,seed42_main,target_disjoint,11,57,0.009586336497062309
degree_orientation_null,immune,seed42_main,target_disjoint,11,58,0.0008444539594186784
degree_orientation_null,immune,seed42_main,target_disjoint,11,59,-0.01169747139560895
degree_orientation_null,immune,seed42_main,target_disjoint,11,60,-0.006101477199743077
degree_orientation_null,immune,seed42_main,target_disjoint,11,61,-0.03713218677894331
degree_orientation_null,immune,seed42_main,target_disjoint,11,62,-0.02636837222579036
degree_orientation_null,immune,seed42_main,target_disjoint,11,63,0.017266704726563553
degree_orientation_null,immune,seed43,source_disjoint,7,0,-0.05419170707937904
degree_orientation_null,immune,seed43,source_disjoint,7,1,-0.07789405295032137
degree_orientation_null,immune,seed43,source_disjoint,7,2,-0.01376739293531648
degree_orientation_null,immune,seed43,source_disjoint,7,3,-0.044434647423254536
degree_orientation_null,immune,seed43,source_disjoint,7,4,-0.010402889605618415
degree_orientation_null,immune,seed43,source_disjoint,7,5,-0.009938820180832475
degree_orientation_null,immune,seed43,source_disjoint,7,6,-0.05075372609075651
degree_orientation_null,immune,seed43,source_disjoint,7,7,-0.009958156406865148
degree_orientation_null,immune,seed43,source_disjoint,7,8,-0.053329311398318535
degree_orientation_null,immune,seed43,source_disjoint,7,9,-0.014223727869689395
degree_orientation_null,immune,seed43,source_disjoint,7,10,-0.024731033095884536
degree_orientation_null,immune,seed43,source_disjoint,7,11,-0.08060499184011272
degree_orientation_null,immune,seed43,source_disjoint,7,12,-0.0333085829640114
degree_orientation_null,immune,seed43,source_disjoint,7,13,-0.04301536843245091
degree_orientation_null,immune,seed43,source_disjoint,7,14,-0.05234316387064841
degree_orientation_null,immune,seed43,source_disjoint,7,15,-0.05724683079255327
degree_orientation_null,immune,seed43,source_disjoint,7,16,-0.03159926058271656
degree_orientation_null,immune,seed43,source_disjoint,7,17,-0.025183500785050827
degree_orientation_null,immune,seed43,source_disjoint,7,18,-0.013612703127054537
degree_orientation_null,immune,seed43,source_disjoint,7,19,-0.008867593258618078
degree_orientation_null,immune,seed43,source_disjoint,7,20,-0.05975280568639746
degree_orientation_null,immune,seed43,source_disjoint,7,21,-0.044554532024657645
degree_orientation_null,immune,seed43,source_disjoint,7,22,0.0011331028455189296
degree_orientation_null,immune,seed43,source_disjoint,7,23,-0.01000069610413723
degree_orientation_null,immune,seed43,source_disjoint,7,24,-0.04630639410322457
degree_orientation_null,immune,seed43,source_disjoint,7,25,-0.035501310996125024
degree_orientation_null,immune,seed43,source_disjoint,7,26,-0.03779072015840235
degree_orientation_null,immune,seed43,source_disjoint,7,27,-0.017348461996581355
degree_orientation_null,immune,seed43,source_disjoint,7,28,-0.018156716244750237
degree_orientation_null,immune,seed43,source_disjoint,7,29,-0.02498240403431007
degree_orientation_null,immune,seed43,source_disjoint,7,30,0.009030017557293157
degree_orientation_null,immune,seed43,source_disjoint,7,31,-0.07236775955016206
degree_orientation_null,immune,seed43,source_disjoint,7,32,-0.014266267566961477
degree_orientation_null,immune,seed43,source_disjoint,7,33,-0.040401110672823315
degree_orientation_null,immune,seed43,source_disjoint,7,34,-0.0024402317253328087
degree_orientation_null,immune,seed43,source_disjoint,7,35,-0.03634823769635931
degree_orientation_null,immune,seed43,source_disjoint,7,36,-0.010932702198915623
degree_orientation_null,immune,seed43,source_disjoint,7,37,-0.0048572599794263205
degree_orientation_null,immune,seed43,source_disjoint,7,38,-0.05861196835046523
degree_orientation_null,immune,seed43,source_disjoint,7,39,-0.04212590203494443
degree_orientation_null,immune,seed43,source_disjoint,7,40,-0.033018539573520245
degree_orientation_null,immune,seed43,source_disjoint,7,41,0.0017131896265013546
degree_orientation_null,immune,seed43,source_disjoint,7,42,-0.030690457959177464
degree_orientation_null,immune,seed43,source_disjoint,7,43,-0.019421305427291924
degree_orientation_null,immune,seed43,source_disjoint,7,44,-0.02610390514420946
degree_orientation_null,immune,seed43,source_disjoint,7,45,-0.05425745024789036
degree_orientation_null,immune,seed43,source_disjoint,7,46,-0.021192503731891632
degree_orientation_null,immune,seed43,source_disjoint,7,47,-0.017607567425420134
degree_orientation_null,immune,seed43,source_disjoint,7,48,-0.004969410090416182
degree_orientation_null,immune,seed43,source_disjoint,7,49,-0.06606801710869281
degree_orientation_null,immune,seed43,source_disjoint,7,50,-0.012924333480288652
degree_orientation_null,immune,seed43,source_disjoint,7,51,0.0005646178001562641
degree_orientation_null,immune,seed43,source_disjoint,7,52,-0.06974190005491493
degree_orientation_null,immune,seed43,source_disjoint,7,53,-0.029696575941094094
degree_orientation_null,immune,seed43,source_disjoint,7,54,-0.05052942586877668
degree_orientation_null,immune,seed43,source_disjoint,7,55,-0.007138934651290563
degree_orientation_null,immune,seed43,source_disjoint,7,56,-0.06668290909653418
degree_orientation_null,immune,seed43,source_disjoint,7,57,-0.051712802901980826
degree_orientation_null,immune,seed43,source_disjoint,7,58,-0.07520631753176943
degree_orientation_null,immune,seed43,source_disjoint,7,59,-0.05720429109528119
degree_orientation_null,immune,seed43,source_disjoint,7,60,-0.037535481974770135
degree_orientation_null,immune,seed43,source_disjoint,7,61,-0.02449126389307843
degree_orientation_null,immune,seed43,source_disjoint,7,62,-0.016370048959324257
degree_orientation_null,immune,seed43,source_disjoint,7,63,-0.02772428088575385
degree_orientation_null,immune,seed43,source_disjoint,11,0,-0.04605502316479887
degree_orientation_null,immune,seed43,source_disjoint,11,1,0.002281674671864131
degree_orientation_null,immune,seed43,source_disjoint,11,2,-0.050065356443990794
degree_orientation_null,immune,seed43,source_disjoint,11,3,0.0015391635922067382
degree_orientation_null,immune,seed43,source_disjoint,11,4,-0.02706684920064062
degree_orientation_null,immune,seed43,source_disjoint,11,5,-0.035930575214052185
degree_orientation_null,immune,seed43,source_disjoint,11,6,-0.0009397405851917506
degree_orientation_null,immune,seed43,source_disjoint,11,7,0.01999365771786099
degree_orientation_null,immune,seed43,source_disjoint,11,8,-0.040234819128941834
degree_orientation_null,immune,seed43,source_disjoint,11,9,-0.015066787324717223
degree_orientation_null,immune,seed43,source_disjoint,11,10,-0.0357797526509967
degree_orientation_null,immune,seed43,source_disjoint,11,11,-0.007104129444431617
degree_orientation_null,immune,seed43,source_disjoint,11,12,-0.03373011269152548
degree_orientation_null,immune,seed43,source_disjoint,11,13,-0.027654670472036125
degree_orientation_null,immune,seed43,source_disjoint,11,14,-0.032473257999396765
degree_orientation_null,immune,seed43,source_disjoint,11,15,-0.04494125654531267
degree_orientation_null,immune,seed43,source_disjoint,11,16,-0.009718387204059153
degree_orientation_null,immune,seed43,source_disjoint,11,17,-0.01822632665846824
degree_orientation_null,immune,seed43,source_disjoint,11,18,-0.04812786659550944
degree_orientation_null,immune,seed43,source_disjoint,11,19,-0.05479499733160098
degree_orientation_null,immune,seed43,source_disjoint,11,20,-0.05041340851258025
degree_orientation_null,immune,seed43,source_disjoint,11,21,-0.021935014811549247
degree_orientation_null,immune,seed43,source_disjoint,11,22,0.00769581796103358
degree_orientation_null,immune,seed43,source_disjoint,11,23,-0.010727738202968573
degree_orientation_null,immune,seed43,source_disjoint,11,24,-0.015074521815130248
degree_orientation_null,immune,seed43,source_disjoint,11,25,-0.023188002258471285
degree_orientation_null,immune,seed43,source_disjoint,11,26,-0.027325954629479454
degree_orientation_null,immune,seed43,source_disjoint,11,27,-0.02952254990679959
degree_orientation_null,immune,seed43,source_disjoint,11,28,-0.007761561129545069
degree_orientation_null,immune,seed43,source_disjoint,11,29,0.00245956795136526
degree_orientation_null,immune,seed43,source_disjoint,11,30,-0.013786729161349265
degree_orientation_null,immune,seed43,source_disjoint,11,31,-0.04161929291288652
degree_orientation_null,immune,seed43,source_disjoint,11,32,-0.058472747523029556
degree_orientation_null,immune,seed43,source_disjoint,11,33,-0.010576915639913254
degree_orientation_null,immune,seed43,source_disjoint,11,34,-0.04513075156043367
degree_orientation_null,immune,seed43,source_disjoint,11,35,-0.04766766441593007
degree_orientation_null,immune,seed43,source_disjoint,11,36,-0.018384883711936806
degree_orientation_null,immune,seed43,source_disjoint,11,37,-0.027936979372114257
degree_orientation_null,immune,seed43,source_disjoint,11,38,-0.02653703660734341
degree_orientation_null,immune,seed43,source_disjoint,11,39,-0.02886125097647957
degree_orientation_null,immune,seed43,source_disjoint,11,40,-0.03096503236884257
degree_orientation_null,immune,seed43,source_disjoint,11,41,-0.00014308807264240553
degree_orientation_null,immune,seed43,source_disjoint,11,42,0.0008159887385819076
degree_orientation_null,immune,seed43,source_disjoint,11,43,-0.011141533440069407
degree_orientation_null,immune,seed43,source_disjoint,11,44,-0.014997176910999443
degree_orientation_null,immune,seed43,source_disjoint,11,45,-0.0054296122699957206
degree_orientation_null,immune,seed43,source_disjoint,11,46,-0.04500313246861737
degree_orientation_null,immune,seed43,source_disjoint,11,47,-0.08111546820737725
degree_orientation_null,immune,seed43,source_disjoint,11,48,-0.05428065371912988
degree_orientation_null,immune,seed43,source_disjoint,11,49,-0.010023899575376527
degree_orientation_null,immune,seed43,source_disjoint,11,50,-0.03452289795886815
degree_orientation_null,immune,seed43,source_disjoint,11,51,-0.043618658684672684
degree_orientation_null,immune,seed43,source_disjoint,11,52,-0.013991693157296425
degree_orientation_null,immune,seed43,source_disjoint,11,53,-0.0020612416950910317
degree_orientation_null,immune,seed43,source_disjoint,11,54,-0.029464541228701235
degree_orientation_null,immune,seed43,source_disjoint,11,55,-0.024734900341091104
degree_orientation_null,immune,seed43,source_disjoint,11,56,0.004559482098521861
degree_orientation_null,immune,seed43,source_disjoint,11,57,-0.02167977662791709
degree_orientation_null,immune,seed43,source_disjoint,11,58,-0.006949439636169563
degree_orientation_null,immune,seed43,source_disjoint,11,59,-0.022410685971954836
degree_orientation_null,immune,seed43,source_disjoint,11,60,-0.030999837575701517
degree_orientation_null,immune,seed43,source_disjoint,11,61,-0.00023590195759959354
degree_orientation_null,immune,seed43,source_disjoint,11,62,0.016625287142956524
degree_orientation_null,immune,seed43,source_disjoint,11,63,-0.0196030659519999
degree_orientation_null,immune,seed43,target_disjoint,7,0,-0.014581413918064001
degree_orientation_null,immune,seed43,target_disjoint,7,1,-0.012554511393649048
degree_orientation_null,immune,seed43,target_disjoint,7,2,-0.03685891530004315
degree_orientation_null,immune,seed43,target_disjoint,7,3,-0.03915607149437994
degree_orientation_null,immune,seed43,target_disjoint,7,4,-0.01676801179288745
degree_orientation_null,immune,seed43,target_disjoint,7,5,-0.03221546588047408
degree_orientation_null,immune,seed43,target_disjoint,7,6,-0.03963822861003635
degree_orientation_null,immune,seed43,target_disjoint,7,7,-0.038035132977089936
degree_orientation_null,immune,seed43,target_disjoint,7,8,-0.011280019654812401
degree_orientation_null,immune,seed43,target_disjoint,7,9,0.0011946440636324551
degree_orientation_null,immune,seed43,target_disjoint,7,10,-0.03452797739696589
degree_orientation_null,immune,seed43,target_disjoint,7,11,-0.02463914992936561
degree_orientation_null,immune,seed43,target_disjoint,7,12,-0.02707757508752534
degree_orientation_null,immune,seed43,target_disjoint,7,13,0.019467477427676405
degree_orientation_null,immune,seed43,target_disjoint,7,14,0.00172286714575276
degree_orientation_null,immune,seed43,target_disjoint,7,15,0.00011055831951345407
degree_orientation_null,immune,seed43,target_disjoint,7,16,-0.046480560162152296
degree_orientation_null,immune,seed43,target_disjoint,7,17,-0.027089859345249212
degree_orientation_null,immune,seed43,target_disjoint,7,18,-0.0024169277071433015
degree_orientation_null,immune,seed43,target_disjoint,7,19,-0.021767704686444456
degree_orientation_null,immune,seed43,target_disjoint,7,20,-0.02776549352005414
degree_orientation_null,immune,seed43,target_disjoint,7,21,-0.02724955469565754
degree_orientation_null,immune,seed43,target_disjoint,7,22,-0.0014956083778637774
degree_orientation_null,immune,seed43,target_disjoint,7,23,-0.01504207358270393
degree_orientation_null,immune,seed43,target_disjoint,7,24,-0.03358208955223879
degree_orientation_null,immune,seed43,target_disjoint,7,25,-0.01605552484491124
degree_orientation_null,immune,seed43,target_disjoint,7,26,-0.012219765370677482
degree_orientation_null,immune,seed43,target_disjoint,7,27,-0.006363245500890735
degree_orientation_null,immune,seed43,target_disjoint,7,28,-0.02315582580922554
degree_orientation_null,immune,seed43,target_disjoint,7,29,0.011728395061728292
degree_orientation_null,immune,seed43,target_disjoint,7,30,-0.019212579079909364
degree_orientation_null,immune,seed43,target_disjoint,7,31,-0.02742767643265165
degree_orientation_null,immune,seed43,target_disjoint,7,32,-0.012026288311528854
degree_orientation_null,immune,seed43,target_disjoint,7,33,-0.01248387691173769
degree_orientation_null,immune,seed43,target_disjoint,7,34,0.007950985811682298
degree_orientation_null,immune,seed43,target_disjoint,7,35,-0.0016061666973775646
degree_orientation_null,immune,seed43,target_disjoint,7,36,-0.027624224556231203
degree_orientation_null,immune,seed43,target_disjoint,7,37,-0.05151096370001851
degree_orientation_null,immune,seed43,target_disjoint,7,38,-0.007183219703949417
degree_orientation_null,immune,seed43,target_disjoint,7,39,-0.011451999262944601
degree_orientation_null,immune,seed43,target_disjoint,7,40,-0.023487500767766123
degree_orientation_null,immune,seed43,target_disjoint,7,41,-0.011823598059087392
degree_orientation_null,immune,seed43,target_disjoint,7,42,-0.024626865671641796
degree_orientation_null,immune,seed43,target_disjoint,7,43,-0.010410908420858789
degree_orientation_null,immune,seed43,target_disjoint,7,44,-0.016224433388612458
degree_orientation_null,immune,seed43,target_disjoint,7,45,-0.038981020821816925
degree_orientation_null,immune,seed43,target_disjoint,7,46,-0.032390516553037374
degree_orientation_null,immune,seed43,target_disjoint,7,47,-0.003961673115902009
degree_orientation_null,immune,seed43,target_disjoint,7,48,-0.031653461089613755
degree_orientation_null,immune,seed43,target_disjoint,7,49,0.00011670044837541749
degree_orientation_null,immune,seed43,target_disjoint,7,50,-0.04076223819175723
degree_orientation_null,immune,seed43,target_disjoint,7,51,-0.034263865855905684
degree_orientation_null,immune,seed43,target_disjoint,7,52,0.012603648424543867
degree_orientation_null,immune,seed43,target_disjoint,7,53,-0.030084147165407638
degree_orientation_null,immune,seed43,target_disjoint,7,54,-0.018211412075425426
degree_orientation_null,immune,seed43,target_disjoint,7,55,-0.01923407653092557
degree_orientation_null,immune,seed43,target_disjoint,7,56,-0.014277378539401808
degree_orientation_null,immune,seed43,target_disjoint,7,57,-0.03124500952029985
degree_orientation_null,immune,seed43,target_disjoint,7,58,-0.012004790860512315
degree_orientation_null,immune,seed43,target_disjoint,7,59,-0.03029297954671084
degree_orientation_null,immune,seed43,target_disjoint,7,60,-0.014434002825379322
degree_orientation_null,immune,seed43,target_disjoint,7,61,-0.02863460475400781
degree_orientation_null,immune,seed43,target_disjoint,7,62,-0.009053497942387079
degree_orientation_null,immune,seed43,target_disjoint,7,63,-0.024230698360051706
degree_orientation_null,immune,seed43,target_disjoint,11,0,-0.026389656654996596
degree_orientation_null,immune,seed43,target_disjoint,11,1,-0.024660647380381928
degree_orientation_null,immune,seed43,target_disjoint,11,2,-0.029565137276579945
degree_orientation_null,immune,seed43,target_disjoint,11,3,-0.021875191941526873
degree_orientation_null,immune,seed43,target_disjoint,11,4,-0.04730667649407283
degree_orientation_null,immune,seed43,target_disjoint,11,5,0.003986241631349419
degree_orientation_null,immune,seed43,target_disjoint,11,6,-0.008525274860266552
degree_orientation_null,immune,seed43,target_disjoint,11,7,0.013700018426386684
degree_orientation_null,immune,seed43,target_disjoint,11,8,-0.015066642098151173
degree_orientation_null,immune,seed43,target_disjoint,11,9,0.002908298016092381
degree_orientation_null,immune,seed43,target_disjoint,11,10,-0.018902401572384875
degree_orientation_null,immune,seed43,target_disjoint,11,11,0.009876543209876631
degree_orientation_null,immune,seed43,target_disjoint,11,12,-0.010082304526748964
degree_orientation_null,immune,seed43,target_disjoint,11,13,-0.06664209815121913
degree_orientation_null,immune,seed43,target_disjoint,11,14,0.018057858853878894
degree_orientation_null,immune,seed43,target_disjoint,11,15,-0.0070480928689883315
degree_orientation_null,immune,seed43,target_disjoint,11,16,-0.012391744978809682
degree_orientation_null,immune,seed43,target_disjoint,11,17,-0.008509919538111976
degree_orientation_null,immune,seed43,target_disjoint,11,18,-0.02678889503101778
degree_orientation_null,immune,seed43,target_disjoint,11,19,0.003516368773416878
degree_orientation_null,immune,seed43,target_disjoint,11,20,0.006759412812480936
degree_orientation_null,immune,seed43,target_disjoint,11,21,-0.039917695473251025
degree_orientation_null,immune,seed43,target_disjoint,11,22,-0.0062987531478410075
degree_orientation_null,immune,seed43,target_disjoint,11,23,-0.03477980468030217
degree_orientation_null,immune,seed43,target_disjoint,11,24,0.004379337878508749
degree_orientation_null,immune,seed43,target_disjoint,11,25,-0.004416190651679863
degree_orientation_null,immune,seed43,target_disjoint,11,26,-0.029715619433695606
degree_orientation_null,immune,seed43,target_disjoint,11,27,-0.00546649468705851
degree_orientation_null,immune,seed43,target_disjoint,11,28,-0.04002518272833355
degree_orientation_null,immune,seed43,target_disjoint,11,29,-0.00891530004299479
degree_orientation_null,immune,seed43,target_disjoint,11,30,-0.0014372581536760132
degree_orientation_null,immune,seed43,target_disjoint,11,31,-0.03080891837110733
degree_orientation_null,immune,seed43,target_disjoint,11,32,-0.026306737915361533
degree_orientation_null,immune,seed43,target_disjoint,11,33,-0.026558565198697814
degree_orientation_null,immune,seed43,target_disjoint,11,34,-0.031496836803636186
degree_orientation_null,immune,seed43,target_disjoint,11,35,-0.028468767274737405
degree_orientation_null,immune,seed43,target_disjoint,11,36,-0.008463853571647917
degree_orientation_null,immune,seed43,target_disjoint,11,37,-0.011697684417418974
degree_orientation_null,immune,seed43,target_disjoint,11,38,-0.03169645599164661
degree_orientation_null,immune,seed43,target_disjoint,11,39,-0.03323505927154341
degree_orientation_null,immune,seed43,target_disjoint,11,40,-0.02668447884036601
degree_orientation_null,immune,seed43,target_disjoint,11,41,-0.021528161660831546
degree_orientation_null,immune,seed43,target_disjoint,11,42,-0.0374976967016768
degree_orientation_null,immune,seed43,target_disjoint,11,43,-0.018794914317302347
degree_orientation_null,immune,seed43,target_disjoint,11,44,-0.0020207603955531006
degree_orientation_null,immune,seed43,target_disjoint,11,45,-0.027922117806031543
degree_orientation_null,immune,seed43,target_disjoint,11,46,-0.012735704195073971
degree_orientation_null,immune,seed43,target_disjoint,11,47,-0.003212333394754574
degree_orientation_null,immune,seed43,target_disjoint,11,48,-0.00010748725508247237
degree_orientation_null,immune,seed43,target_disjoint,11,49,0.01677108285731832
degree_orientation_null,immune,seed43,target_disjoint,11,50,-0.01956882255389708
degree_orientation_null,immune,seed43,target_disjoint,11,51,0.02090780664578351
degree_orientation_null,immune,seed43,target_disjoint,11,52,-0.013985627418463153
degree_orientation_null,immune,seed43,target_disjoint,11,53,-0.0031355567839812526
degree_orientation_null,immune,seed43,target_disjoint,11,54,-0.0026687549904795826
degree_orientation_null,immune,seed43,target_disjoint,11,55,-0.005515631717953329
degree_orientation_null,immune,seed43,target_disjoint,11,56,-0.005202383145998413
degree_orientation_null,immune,seed43,target_disjoint,11,57,-0.031073029912167427
degree_orientation_null,immune,seed43,target_disjoint,11,58,-0.023416866285854765
degree_orientation_null,immune,seed43,target_disjoint,11,59,-0.029347091701983796
degree_orientation_null,immune,seed43,target_disjoint,11,60,0.0047785762545299315
degree_orientation_null,immune,seed43,target_disjoint,11,61,-0.023604201216141485
degree_orientation_null,immune,seed43,target_disjoint,11,62,-0.009323751612308806
degree_orientation_null,immune,seed43,target_disjoint,11,63,-0.03791843252871446
degree_orientation_null,immune,seed44,source_disjoint,7,0,-0.03509669423869499
degree_orientation_null,immune,seed44,source_disjoint,7,1,-0.057465342825028076
degree_orientation_null,immune,seed44,source_disjoint,7,2,-0.01972072513473777
degree_orientation_null,immune,seed44,source_disjoint,7,3,-0.023027927486526267
degree_orientation_null,immune,seed44,source_disjoint,7,4,-0.04182638268438188
degree_orientation_null,immune,seed44,source_disjoint,7,5,-0.003573796005418295
degree_orientation_null,immune,seed44,source_disjoint,7,6,-0.03839308873966035
degree_orientation_null,immune,seed44,source_disjoint,7,7,-0.05251174453122737
degree_orientation_null,immune,seed44,source_disjoint,7,8,-0.0493738651756635
degree_orientation_null,immune,seed44,source_disjoint,7,9,-0.033201717727757374
degree_orientation_null,immune,seed44,source_disjoint,7,10,-0.0174690895466465
degree_orientation_null,immune,seed44,source_disjoint,7,11,-0.05149220393693976
degree_orientation_null,immune,seed44,source_disjoint,7,12,-0.02521831858662138
degree_orientation_null,immune,seed44,source_disjoint,7,13,-0.029019079459319252
degree_orientation_null,immune,seed44,source_disjoint,7,14,0.04104461480819677
degree_orientation_null,immune,seed44,source_disjoint,7,15,-0.006074012162434639
degree_orientation_null,immune,seed44,source_disjoint,7,16,-0.018351730697178215
degree_orientation_null,immune,seed44,source_disjoint,7,17,-0.028251722050897654
degree_orientation_null,immune,seed44,source_disjoint,7,18,-0.0456523618756664
degree_orientation_null,immune,seed44,source_disjoint,7,19,-0.055826152116897676
degree_orientation_null,immune,seed44,source_disjoint,7,20,-0.038904660345274844
degree_orientation_null,immune,seed44,source_disjoint,7,21,-0.045594720004611344
degree_orientation_null,immune,seed44,source_disjoint,7,22,-0.0837932674294607
degree_orientation_null,immune,seed44,source_disjoint,7,23,-0.03742758739948687
degree_orientation_null,immune,seed44,source_disjoint,7,24,-0.045623540940138874
degree_orientation_null,immune,seed44,source_disjoint,7,25,-0.01935325820676126
degree_orientation_null,immune,seed44,source_disjoint,7,26,-0.040079113468023064
degree_orientation_null,immune,seed44,source_disjoint,7,27,-0.04108784621148792
degree_orientation_null,immune,seed44,source_disjoint,7,28,-0.04313053001700429
degree_orientation_null,immune,seed44,source_disjoint,7,29,-0.04859569991641921
degree_orientation_null,immune,seed44,source_disjoint,7,30,-0.06701227771853463
degree_orientation_null,immune,seed44,source_disjoint,7,31,-0.015203043490791601
degree_orientation_null,immune,seed44,source_disjoint,7,32,-0.061900164279332315
degree_orientation_null,immune,seed44,source_disjoint,7,33,-0.00978110499466811
degree_orientation_null,immune,seed44,source_disjoint,7,34,-0.03927572989019207
degree_orientation_null,immune,seed44,source_disjoint,7,35,0.010858287460011051
degree_orientation_null,immune,seed44,source_disjoint,7,36,-0.04471568147102051
degree_orientation_null,immune,seed44,source_disjoint,7,37,-0.013416145488082454
degree_orientation_null,immune,seed44,source_disjoint,7,38,-0.036548548865896036
degree_orientation_null,immune,seed44,source_disjoint,7,39,-0.03922529325301899
degree_orientation_null,immune,seed44,source_disjoint,7,40,-0.026151396374326175
degree_orientation_null,immune,seed44,source_disjoint,7,41,-0.026547684237830382
degree_orientation_null,immune,seed44,source_disjoint,7,42,-0.04375738536472884
degree_orientation_null,immune,seed44,source_disjoint,7,43,-0.04233795428999615
degree_orientation_null,immune,seed44,source_disjoint,7,44,-0.0009727065740553487
degree_orientation_null,immune,seed44,source_disjoint,7,45,-0.04210018157189377
degree_orientation_null,immune,seed44,source_disjoint,7,46,-0.01709081476784724
degree_orientation_null,immune,seed44,source_disjoint,7,47,-0.04318817188805951
degree_orientation_null,immune,seed44,source_disjoint,7,48,-0.05075006484710498
degree_orientation_null,immune,seed44,source_disjoint,7,49,-0.04643773236879256
degree_orientation_null,immune,seed44,source_disjoint,7,50,-0.04429057267198894
degree_orientation_null,immune,seed44,source_disjoint,7,51,-0.08086433985647157
degree_orientation_null,immune,seed44,source_disjoint,7,52,-0.02531558924402688
degree_orientation_null,immune,seed44,source_disjoint,7,53,-0.022076836614116413
degree_orientation_null,immune,seed44,source_disjoint,7,54,-0.036638614289419724
degree_orientation_null,immune,seed44,source_disjoint,7,55,-0.04560192523849321
degree_orientation_null,immune,seed44,source_disjoint,7,56,-0.018358935931060194
degree_orientation_null,immune,seed44,source_disjoint,7,57,-0.03741317693172319
degree_orientation_null,immune,seed44,source_disjoint,7,58,-0.011395077384211971
degree_orientation_null,immune,seed44,source_disjoint,7,59,-0.03628916044614794
degree_orientation_null,immune,seed44,source_disjoint,7,60,-0.022973888232412087
degree_orientation_null,immune,seed44,source_disjoint,7,61,-0.019918869066489653
degree_orientation_null,immune,seed44,source_disjoint,7,62,-0.03288829005389515
degree_orientation_null,immune,seed44,source_disjoint,7,63,-0.048973974695218525
degree_orientation_null,immune,seed44,source_disjoint,11,0,-0.0416462518373345
degree_orientation_null,immune,seed44,source_disjoint,11,1,-0.03750684497218759
degree_orientation_null,immune,seed44,source_disjoint,11,2,-0.04167507277286209
degree_orientation_null,immune,seed44,source_disjoint,11,3,-0.05216229068795564
degree_orientation_null,immune,seed44,source_disjoint,11,4,-0.04834351673055293
degree_orientation_null,immune,seed44,source_disjoint,11,5,-0.011622042251491327
degree_orientation_null,immune,seed44,source_disjoint,11,6,-0.024476179496786266
degree_orientation_null,immune,seed44,source_disjoint,11,7,-0.03774461769029014
degree_orientation_null,immune,seed44,source_disjoint,11,8,-0.02794910222785829
degree_orientation_null,immune,seed44,source_disjoint,11,9,-0.04757255670519056
degree_orientation_null,immune,seed44,source_disjoint,11,10,-0.025081419142865213
degree_orientation_null,immune,seed44,source_disjoint,11,11,-0.03508228377093103
degree_orientation_null,immune,seed44,source_disjoint,11,12,-0.03411317981381656
degree_orientation_null,immune,seed44,source_disjoint,11,13,-0.014208721215090425
degree_orientation_null,immune,seed44,source_disjoint,11,14,-0.049294607602962615
degree_orientation_null,immune,seed44,source_disjoint,11,15,-0.060145689829091686
degree_orientation_null,immune,seed44,source_disjoint,11,16,-0.030780759143441805
degree_orientation_null,immune,seed44,source_disjoint,11,17,-0.04830388794420243
degree_orientation_null,immune,seed44,source_disjoint,11,18,-0.0005079689886731131
degree_orientation_null,immune,seed44,source_disjoint,11,19,-0.031151828688359084
degree_orientation_null,immune,seed44,source_disjoint,11,20,-0.009712655272789972
degree_orientation_null,immune,seed44,source_disjoint,11,21,-0.005238205032135124
degree_orientation_null,immune,seed44,source_disjoint,11,22,-0.04676557051041863
degree_orientation_null,immune,seed44,source_disjoint,11,23,-0.03682595037034886
degree_orientation_null,immune,seed44,source_disjoint,11,24,-0.013610686802893457
degree_orientation_null,immune,seed44,source_disjoint,11,25,-0.03204888030665465
degree_orientation_null,immune,seed44,source_disjoint,11,26,-0.030409689598524303
degree_orientation_null,immune,seed44,source_disjoint,11,27,-0.0689648961005273
degree_orientation_null,immune,seed44,source_disjoint,11,28,-0.046743954808772914
degree_orientation_null,immune,seed44,source_disjoint,11,29,-0.03311885753811561
degree_orientation_null,immune,seed44,source_disjoint,11,30,-0.05557396893103128
degree_orientation_null,immune,seed44,source_disjoint,11,31,-0.07586030492549767
degree_orientation_null,immune,seed44,source_disjoint,11,32,-0.05063478110499453
degree_orientation_null,immune,seed44,source_disjoint,11,33,-0.020232296740351985
degree_orientation_null,immune,seed44,source_disjoint,11,34,-0.015307519382078971
degree_orientation_null,immune,seed44,source_disjoint,11,35,-0.06607559731388868
degree_orientation_null,immune,seed44,source_disjoint,11,36,-0.04484537568089447
degree_orientation_null,immune,seed44,source_disjoint,11,37,-0.07548203014669846
degree_orientation_null,immune,seed44,source_disjoint,11,38,-0.045310113266276375
degree_orientation_null,immune,seed44,source_disjoint,11,39,-0.04922255526414365
degree_orientation_null,immune,seed44,source_disjoint,11,40,-0.05585497305242515
degree_orientation_null,immune,seed44,source_disjoint,11,41,-0.05630530017004337
degree_orientation_null,immune,seed44,source_disjoint,11,42,-0.027347465198720222
degree_orientation_null,immune,seed44,source_disjoint,11,43,-0.04758696717295424
degree_orientation_null,immune,seed44,source_disjoint,11,44,-0.027657290255641676
degree_orientation_null,immune,seed44,source_disjoint,11,45,-0.05021687753984483
degree_orientation_null,immune,seed44,source_disjoint,11,46,-0.07369152952704827
degree_orientation_null,immune,seed44,source_disjoint,11,47,-0.015022912643744224
degree_orientation_null,immune,seed44,source_disjoint,11,48,-0.008707525146266049
degree_orientation_null,immune,seed44,source_disjoint,11,49,-0.050433034556301604
degree_orientation_null,immune,seed44,source_disjoint,11,50,-0.04215782344294877
degree_orientation_null,immune,seed44,source_disjoint,11,51,-0.026194627777617496
degree_orientation_null,immune,seed44,source_disjoint,11,52,-0.015656973225350757
degree_orientation_null,immune,seed44,source_disjoint,11,53,-0.0006376631985473002
degree_orientation_null,immune,seed44,source_disjoint,11,54,-0.013138743983629575
degree_orientation_null,immune,seed44,source_disjoint,11,55,-0.021972360722829043
degree_orientation_null,immune,seed44,source_disjoint,11,56,-0.046870046401706
degree_orientation_null,immune,seed44,source_disjoint,11,57,1.08078508229692e-05
degree_orientation_null,immune,seed44,source_disjoint,11,58,-0.014986886474334882
degree_orientation_null,immune,seed44,source_disjoint,11,59,-0.03739876646395923
degree_orientation_null,immune,seed44,source_disjoint,11,60,-0.041332824163472226
degree_orientation_null,immune,seed44,source_disjoint,11,61,-0.027484364642476167
degree_orientation_null,immune,seed44,source_disjoint,11,62,-0.04014035795601911
degree_orientation_null,immune,seed44,source_disjoint,11,63,-0.03289549528777691
degree_orientation_null,immune,seed44,target_disjoint,7,0,-0.0344810501404772
degree_orientation_null,immune,seed44,target_disjoint,7,1,-0.02451066111752287
degree_orientation_null,immune,seed44,target_disjoint,7,2,-0.049709136268783705
degree_orientation_null,immune,seed44,target_disjoint,7,3,0.0038908124366103802
degree_orientation_null,immune,seed44,target_disjoint,7,4,-0.032365147646859826
degree_orientation_null,immune,seed44,target_disjoint,7,5,0.01067568985416012
degree_orientation_null,immune,seed44,target_disjoint,7,6,0.003036873826927411
degree_orientation_null,immune,seed44,target_disjoint,7,7,-0.05296168059781525
degree_orientation_null,immune,seed44,target_disjoint,7,8,-0.025638559554203022
degree_orientation_null,immune,seed44,target_disjoint,7,9,-0.01551661828652695
degree_orientation_null,immune,seed44,target_disjoint,7,10,-0.01447323937094147
degree_orientation_null,immune,seed44,target_disjoint,7,11,-0.01775201389617498
degree_orientation_null,immune,seed44,target_disjoint,7,12,-0.02171860245514634
degree_orientation_null,immune,seed44,target_disjoint,7,13,-0.005018710873290533
degree_orientation_null,immune,seed44,target_disjoint,7,14,-0.007356112801501502
degree_orientation_null,immune,seed44,target_disjoint,7,15,-0.004537823942923125
degree_orientation_null,immune,seed44,target_disjoint,7,16,-0.023210809172408142
degree_orientation_null,immune,seed44,target_disjoint,7,17,-0.026923839168094654
degree_orientation_null,immune,seed44,target_disjoint,7,18,-0.00464274472773063
degree_orientation_null,immune,seed44,target_disjoint,7,19,-0.06370440317560239
degree_orientation_null,immune,seed44,target_disjoint,7,20,-0.05265857610837138
degree_orientation_null,immune,seed44,target_disjoint,7,21,-0.02889984728196865
degree_orientation_null,immune,seed44,target_disjoint,7,22,-0.03149663670595365
degree_orientation_null,immune,seed44,target_disjoint,7,23,-0.030913743457023135
degree_orientation_null,immune,seed44,target_disjoint,7,24,-0.025291738071089587
degree_orientation_null,immune,seed44,target_disjoint,7,25,0.0006382681075788321
degree_orientation_null,immune,seed44,target_disjoint,7,26,-0.016251063780179265
degree_orientation_null,immune,seed44,target_disjoint,7,27,-0.029465253733431174
degree_orientation_null,immune,seed44,target_disjoint,7,28,-0.033895242425302174
degree_orientation_null,immune,seed44,target_disjoint,7,29,0.0030805908205970844
degree_orientation_null,immune,seed44,target_disjoint,7,30,-0.015029902423669972
degree_orientation_null,immune,seed44,target_disjoint,7,31,-0.008845405052518629
degree_orientation_null,immune,seed44,target_disjoint,7,32,-0.022289837839098048
degree_orientation_null,immune,seed44,target_disjoint,7,33,-0.021059933083854898
degree_orientation_null,immune,seed44,target_disjoint,7,34,-0.06898541601091163
degree_orientation_null,immune,seed44,target_disjoint,7,35,-0.012645869035544766
degree_orientation_null,immune,seed44,target_disjoint,7,36,-0.04995978036582377
degree_orientation_null,immune,seed44,target_disjoint,7,37,-0.01821541402907456
degree_orientation_null,immune,seed44,target_disjoint,7,38,-0.047878851467142214
degree_orientation_null,immune,seed44,target_disjoint,7,39,-0.01725072570209485
degree_orientation_null,immune,seed44,target_disjoint,7,40,-0.025428717984588234
degree_orientation_null,immune,seed44,target_disjoint,7,41,-0.02798761934739269
degree_orientation_null,immune,seed44,target_disjoint,7,42,-0.033883584560323476
degree_orientation_null,immune,seed44,target_disjoint,7,43,-0.008110959558866426
degree_orientation_null,immune,seed44,target_disjoint,7,44,-0.015461243427878468
degree_orientation_null,immune,seed44,target_disjoint,7,45,-0.024560207043681948
degree_orientation_null,immune,seed44,target_disjoint,7,46,-0.03303256041688524
degree_orientation_null,immune,seed44,target_disjoint,7,47,-0.014143904685295805
degree_orientation_null,immune,seed44,target_disjoint,7,48,-0.04492649716130981
degree_orientation_null,immune,seed44,target_disjoint,7,49,-0.023953998064794313
degree_orientation_null,immune,seed44,target_disjoint,7,50,-0.017422679210529313
degree_orientation_null,immune,seed44,target_disjoint,7,51,-0.030791335874747805
degree_orientation_null,immune,seed44,target_disjoint,7,52,-0.017778244092376827
degree_orientation_null,immune,seed44,target_disjoint,7,53,-0.04211986616770996
degree_orientation_null,immune,seed44,target_disjoint,7,54,-0.02803425080730715
degree_orientation_null,immune,seed44,target_disjoint,7,55,-0.051449072616840896
degree_orientation_null,immune,seed44,target_disjoint,7,56,-0.03413714312360827
degree_orientation_null,immune,seed44,target_disjoint,7,57,0.0022120798796908536
degree_orientation_null,immune,seed44,target_disjoint,7,58,-0.014213851875167438
degree_orientation_null,immune,seed44,target_disjoint,7,59,-0.016778582170461243
degree_orientation_null,immune,seed44,target_disjoint,7,60,-0.022694948647104696
degree_orientation_null,immune,seed44,target_disjoint,7,61,0.007749565744529785
degree_orientation_null,immune,seed44,target_disjoint,7,62,-0.04570174518238723
degree_orientation_null,immune,seed44,target_disjoint,7,63,-0.022109140931929727
degree_orientation_null,immune,seed44,target_disjoint,11,0,-0.014420778978537885
degree_orientation_null,immune,seed44,target_disjoint,11,1,-0.03505228552442918
degree_orientation_null,immune,seed44,target_disjoint,11,2,-0.022893132351741063
degree_orientation_null,immune,seed44,target_disjoint,11,3,-0.023204980239918793
degree_orientation_null,immune,seed44,target_disjoint,11,4,-0.03129553853507272
degree_orientation_null,immune,seed44,target_disjoint,11,5,-0.035192179904172394
degree_orientation_null,immune,seed44,target_disjoint,11,6,-0.013068466641019572
degree_orientation_null,immune,seed44,target_disjoint,11,7,-0.024700101423425436
degree_orientation_null,immune,seed44,target_disjoint,11,8,-0.03569638256449714
degree_orientation_null,immune,seed44,target_disjoint,11,9,-0.04037701535340821
degree_orientation_null,immune,seed44,target_disjoint,11,10,-0.013767938539735902
degree_orientation_null,immune,seed44,target_disjoint,11,11,-0.026113617552081525
degree_orientation_null,immune,seed44,target_disjoint,11,12,-0.04738339220555149
degree_orientation_null,immune,seed44,target_disjoint,11,13,0.028480164142738906
degree_orientation_null,immune,seed44,target_disjoint,11,14,-0.030205528159572892
degree_orientation_null,immune,seed44,target_disjoint,11,15,-0.017728698166218027
degree_orientation_null,immune,seed44,target_disjoint,11,16,-0.03261287727765538
degree_orientation_null,immune,seed44,target_disjoint,11,17,-0.041571946513715596
degree_orientation_null,immune,seed44,target_disjoint,11,18,-0.011077886195922204
degree_orientation_null,immune,seed44,target_disjoint,11,19,-0.024364937805290365
degree_orientation_null,immune,seed44,target_disjoint,11,20,-0.015647769267536416
degree_orientation_null,immune,seed44,target_disjoint,11,21,-0.039703773650893615
degree_orientation_null,immune,seed44,target_disjoint,11,22,0.006513832056797009
degree_orientation_null,immune,seed44,target_disjoint,11,23,-0.007851572063092394
degree_orientation_null,immune,seed44,target_disjoint,11,24,0.04277853553900124
degree_orientation_null,immune,seed44,target_disjoint,11,25,0.011520885065109066
degree_orientation_null,immune,seed44,target_disjoint,11,26,-0.02502943610907099
degree_orientation_null,immune,seed44,target_disjoint,11,27,-0.03098660511313972
degree_orientation_null,immune,seed44,target_disjoint,11,28,-0.03368248638944277
degree_orientation_null,immune,seed44,target_disjoint,11,29,0.006015458328961554
degree_orientation_null,immune,seed44,target_disjoint,11,30,-0.012453514263397913
degree_orientation_null,immune,seed44,target_disjoint,11,31,-0.019048951375045253
degree_orientation_null,immune,seed44,target_disjoint,11,32,-0.0028386901222910987
degree_orientation_null,immune,seed44,target_disjoint,11,33,-0.02145921495937253
degree_orientation_null,immune,seed44,target_disjoint,11,34,0.003299175788945896
degree_orientation_null,immune,seed44,target_disjoint,11,35,-0.02576679606896798
degree_orientation_null,immune,seed44,target_disjoint,11,36,-0.00011074971729685412
degree_orientation_null,immune,seed44,target_disjoint,11,37,-0.03775399573322136
degree_orientation_null,immune,seed44,target_disjoint,11,38,-0.013849543594586011
degree_orientation_null,immune,seed44,target_disjoint,11,39,-0.010532881008172179
degree_orientation_null,immune,seed44,target_disjoint,11,40,0.018422341132445008
degree_orientation_null,immune,seed44,target_disjoint,11,41,0.01969887734760256
degree_orientation_null,immune,seed44,target_disjoint,11,42,-0.008256682871099041
degree_orientation_null,immune,seed44,target_disjoint,11,43,-0.034314925564532195
degree_orientation_null,immune,seed44,target_disjoint,11,44,-0.019130556429895584
degree_orientation_null,immune,seed44,target_disjoint,11,45,-0.031123585026638256
degree_orientation_null,immune,seed44,target_disjoint,11,46,-0.00978094871705204
degree_orientation_null,immune,seed44,target_disjoint,11,47,0.0032088273353616525
degree_orientation_null,immune,seed44,target_disjoint,11,48,-0.0032321430653189376
degree_orientation_null,immune,seed44,target_disjoint,11,49,-0.030091863976031474
degree_orientation_null,immune,seed44,target_disjoint,11,50,-0.03751792396740461
degree_orientation_null,immune,seed44,target_disjoint,11,51,-0.01618694552279698
degree_orientation_null,immune,seed44,target_disjoint,11,52,-0.033892327959057555
degree_orientation_null,immune,seed44,target_disjoint,11,53,-0.012916914396297385
degree_orientation_null,immune,seed44,target_disjoint,11,54,-0.02940987887478297
degree_orientation_null,immune,seed44,target_disjoint,11,55,-0.010935077349934264
degree_orientation_null,immune,seed44,target_disjoint,11,56,-0.0251809883537929
degree_orientation_null,immune,seed44,target_disjoint,11,57,-0.018515604052274037
degree_orientation_null,immune,seed44,target_disjoint,11,58,-0.011523799531353851
degree_orientation_null,immune,seed44,target_disjoint,11,59,-0.04697536693130022
degree_orientation_null,immune,seed44,target_disjoint,11,60,-0.013730050478555356
degree_orientation_null,immune,seed44,target_disjoint,11,61,-0.02788852749507459
degree_orientation_null,immune,seed44,target_disjoint,11,62,-0.01870212989193165
degree_orientation_null,immune,seed44,target_disjoint,11,63,-0.03432075449702149
degree_orientation_null,lung,seed42_main,source_disjoint,7,0,-0.013233785478171667
degree_orientation_null,lung,seed42_main,source_disjoint,7,1,-0.04618716516584975
degree_orientation_null,lung,seed42_main,source_disjoint,7,2,0.004103499373076525
degree_orientation_null,lung,seed42_main,source_disjoint,7,3,0.011797560697594967
degree_orientation_null,lung,seed42_main,source_disjoint,7,4,-0.012036931494357583
degree_orientation_null,lung,seed42_main,source_disjoint,7,5,-0.010486720620084156
degree_orientation_null,lung,seed42_main,source_disjoint,7,6,-0.016482389148523846
degree_orientation_null,lung,seed42_main,source_disjoint,7,7,-0.010595007409096024
degree_orientation_null,lung,seed42_main,source_disjoint,7,8,-0.005021087427333759
degree_orientation_null,lung,seed42_main,source_disjoint,7,9,-0.026125612675253596
degree_orientation_null,lung,seed42_main,source_disjoint,7,10,0.00870853755841794
degree_orientation_null,lung,seed42_main,source_disjoint,7,11,-0.031072609141684693
degree_orientation_null,lung,seed42_main,source_disjoint,7,12,-0.005203465177248345
degree_orientation_null,lung,seed42_main,source_disjoint,7,13,-0.008241194574261868
degree_orientation_null,lung,seed42_main,source_disjoint,7,14,-0.011837455830388643
degree_orientation_null,lung,seed42_main,source_disjoint,7,15,-0.006212242106462873
degree_orientation_null,lung,seed42_main,source_disjoint,7,16,-0.026695543143736455
degree_orientation_null,lung,seed42_main,source_disjoint,7,17,0.01563319275048447
degree_orientation_null,lung,seed42_main,source_disjoint,7,18,-0.024655192066567855
degree_orientation_null,lung,seed42_main,source_disjoint,7,19,-0.004069303544967373
degree_orientation_null,lung,seed42_main,source_disjoint,7,20,-0.010657699760629247
degree_orientation_null,lung,seed42_main,source_disjoint,7,21,-0.016066339906531335
degree_orientation_null,lung,seed42_main,source_disjoint,7,22,-0.02341274364527518
degree_orientation_null,lung,seed42_main,source_disjoint,7,23,-0.014521828336942821
degree_orientation_null,lung,seed42_main,source_disjoint,7,24,0.003647554998290392
degree_orientation_null,lung,seed42_main,source_disjoint,7,25,-0.03803146016186021
degree_orientation_null,lung,seed42_main,source_disjoint,7,26,0.02310498119229465
degree_orientation_null,lung,seed42_main,source_disjoint,7,27,-0.007568676621451997
degree_orientation_null,lung,seed42_main,source_disjoint,7,28,-0.004815912458680072
degree_orientation_null,lung,seed42_main,source_disjoint,7,29,-0.008982104183289485
degree_orientation_null,lung,seed42_main,source_disjoint,7,30,-0.0031118203579162396
degree_orientation_null,lung,seed42_main,source_disjoint,7,31,-0.009557733956457315
degree_orientation_null,lung,seed42_main,source_disjoint,7,32,-0.015017667844522853
degree_orientation_null,lung,seed42_main,source_disjoint,7,33,-0.01657927732816583
degree_orientation_null,lung,seed42_main,source_disjoint,7,34,-0.017308788327823954
degree_orientation_null,lung,seed42_main,source_disjoint,7,35,-0.013370568790607495
degree_orientation_null,lung,seed42_main,source_disjoint,7,36,-0.011603784338310719
degree_orientation_null,lung,seed42_main,source_disjoint,7,37,-0.003014932178274088
degree_orientation_null,lung,seed42_main,source_disjoint,7,38,-0.03990653140316869
degree_orientation_null,lung,seed42_main,source_disjoint,7,39,-0.009762908925111113
degree_orientation_null,lung,seed42_main,source_disjoint,7,40,-0.0031004217485467445
degree_orientation_null,lung,seed42_main,source_disjoint,7,41,-0.017285991109084686
degree_orientation_null,lung,seed42_main,source_disjoint,7,42,-0.01957711159238562
degree_orientation_null,lung,seed42_main,source_disjoint,7,43,-0.02333295337968766
degree_orientation_null,lung,seed42_main,source_disjoint,7,44,-0.027419354838709664
degree_orientation_null,lung,seed42_main,source_disjoint,7,45,-0.006520004559443682
degree_orientation_null,lung,seed42_main,source_disjoint,7,46,0.0028097572096205115
degree_orientation_null,lung,seed42_main,source_disjoint,7,47,0.007671264105779119
degree_orientation_null,lung,seed42_main,source_disjoint,7,48,-0.01675025646871081
degree_orientation_null,lung,seed42_main,source_disjoint,7,49,-0.03367719138265124
degree_orientation_null,lung,seed42_main,source_disjoint,7,50,-0.01332497435312896
degree_orientation_null,lung,seed42_main,source_disjoint,7,51,-0.004468254872905475
degree_orientation_null,lung,seed42_main,source_disjoint,7,52,-0.028006383221246933
degree_orientation_null,lung,seed42_main,source_disjoint,7,53,-0.003658953607659776
degree_orientation_null,lung,seed42_main,source_disjoint,7,54,-0.0005300353356889609
degree_orientation_null,lung,seed42_main,source_disjoint,7,55,-0.0327653026330787
degree_orientation_null,lung,seed42_main,source_disjoint,7,56,-0.02875299213495952
degree_orientation_null,lung,seed42_main,source_disjoint,7,57,-0.04954405562521369
degree_orientation_null,lung,seed42_main,source_disjoint,7,58,-0.028616208822523637
degree_orientation_null,lung,seed42_main,source_disjoint,7,59,-0.0554770318021201
degree_orientation_null,lung,seed42_main,source_disjoint,7,60,-0.014909381055511206
degree_orientation_null,lung,seed42_main,source_disjoint,7,61,-0.007853641855693483
degree_orientation_null,lung,seed42_main,source_disjoint,7,62,-0.014607317907215311
degree_orientation_null,lung,seed42_main,source_disjoint,7,63,-0.0022170295223982173
degree_orientation_null,lung,seed42_main,source_disjoint,11,0,-0.018431551350735154
degree_orientation_null,lung,seed42_main,source_disjoint,11,1,-0.015143052547589186
degree_orientation_null,lung,seed42_main,source_disjoint,11,2,-0.004559443747862768
degree_orientation_null,lung,seed42_main,source_disjoint,11,3,-0.018802006155249018
degree_orientation_null,lung,seed42_main,source_disjoint,11,4,-0.014459135985409821
degree_orientation_null,lung,seed42_main,source_disjoint,11,5,-0.03419012880428596
degree_orientation_null,lung,seed42_main,source_disjoint,11,6,-0.015570500398951359
degree_orientation_null,lung,seed42_main,source_disjoint,11,7,-0.01680155021087426
degree_orientation_null,lung,seed42_main,source_disjoint,11,8,0.01117633648694849
degree_orientation_null,lung,seed42_main,source_disjoint,11,9,-0.034059044796534765
degree_orientation_null,lung,seed42_main,source_disjoint,11,10,-0.022626239598768916
degree_orientation_null,lung,seed42_main,source_disjoint,11,11,-0.0015160150461643873
degree_orientation_null,lung,seed42_main,source_disjoint,11,12,-0.03517610851476116
degree_orientation_null,lung,seed42_main,source_disjoint,11,13,-0.02842813176792436
degree_orientation_null,lung,seed42_main,source_disjoint,11,14,-0.0060868574033967615
degree_orientation_null,lung,seed42_main,source_disjoint,11,15,-0.03864128576313686
degree_orientation_null,lung,seed42_main,source_disjoint,11,16,3.9895132793899e-05
degree_orientation_null,lung,seed42_main,source_disjoint,11,17,-0.03345491849994303
degree_orientation_null,lung,seed42_main,source_disjoint,11,18,-0.0176678445229681
degree_orientation_null,lung,seed42_main,source_disjoint,11,19,-0.00993958737034073
degree_orientation_null,lung,seed42_main,source_disjoint,11,20,-0.03314715604696228
degree_orientation_null,lung,seed42_main,source_disjoint,11,21,-0.029003761541091966
degree_orientation_null,lung,seed42_main,source_disjoint,11,22,-0.019263649834720176
degree_orientation_null,lung,seed42_main,source_disjoint,11,23,-0.03367719138265135
degree_orientation_null,lung,seed42_main,source_disjoint,11,24,-0.015878262851932057
degree_orientation_null,lung,seed42_main,source_disjoint,11,25,-0.032554428359740095
degree_orientation_null,lung,seed42_main,source_disjoint,11,26,-0.009580531175196638
degree_orientation_null,lung,seed42_main,source_disjoint,11,27,-0.008412173714806737
degree_orientation_null,lung,seed42_main,source_disjoint,11,28,-0.012475777955089473
degree_orientation_null,lung,seed42_main,source_disjoint,11,29,-0.04096090276986203
degree_orientation_null,lung,seed42_main,source_disjoint,11,30,-0.03309586230479883
degree_orientation_null,lung,seed42_main,source_disjoint,11,31,-0.01463011512595458
degree_orientation_null,lung,seed42_main,source_disjoint,11,32,-0.023976974809073293
degree_orientation_null,lung,seed42_main,source_disjoint,11,33,-0.018363159694517295
degree_orientation_null,lung,seed42_main,source_disjoint,11,34,-0.014174170751168336
degree_orientation_null,lung,seed42_main,source_disjoint,11,35,-0.021366693263421832
degree_orientation_null,lung,seed42_main,source_disjoint,11,36,-0.04556594095520339
degree_orientation_null,lung,seed42_main,source_disjoint,11,37,-0.038111250427447896
degree_orientation_null,lung,seed42_main,source_disjoint,11,38,0.002376610053573369
degree_orientation_null,lung,seed42_main,source_disjoint,11,39,-0.022757323606519997
degree_orientation_null,lung,seed42_main,source_disjoint,11,40,-0.0199532657015844
degree_orientation_null,lung,seed42_main,source_disjoint,11,41,0.0009346859683118103
degree_orientation_null,lung,seed42_main,source_disjoint,11,42,-0.017485466773053737
degree_orientation_null,lung,seed42_main,source_disjoint,11,43,-0.014989171321098893
degree_orientation_null,lung,seed42_main,source_disjoint,11,44,-0.015422318477145813
degree_orientation_null,lung,seed42_main,source_disjoint,11,45,-0.017120711273224676
degree_orientation_null,lung,seed42_main,source_disjoint,11,46,-0.04582240966602086
degree_orientation_null,lung,seed42_main,source_disjoint,11,47,-0.023674911660777398
degree_orientation_null,lung,seed42_main,source_disjoint,11,48,-0.013205288954747485
degree_orientation_null,lung,seed42_main,source_disjoint,11,49,-0.003567764732702594
degree_orientation_null,lung,seed42_main,source_disjoint,11,50,-0.006890459363957602
degree_orientation_null,lung,seed42_main,source_disjoint,11,51,-0.016129032258064502
degree_orientation_null,lung,seed42_main,source_disjoint,11,52,-0.005414339450587002
degree_orientation_null,lung,seed42_main,source_disjoint,11,53,0.011575287814886592
degree_orientation_null,lung,seed42_main,source_disjoint,11,54,-0.00779664880884523
degree_orientation_null,lung,seed42_main,source_disjoint,11,55,-0.02501994756639686
degree_orientation_null,lung,seed42_main,source_disjoint,11,56,-0.03721076028724496
degree_orientation_null,lung,seed42_main,source_disjoint,11,57,-0.00987119571412276
degree_orientation_null,lung,seed42_main,source_disjoint,11,58,-0.01734298415593305
degree_orientation_null,lung,seed42_main,source_disjoint,11,59,-0.013997492305938608
degree_orientation_null,lung,seed42_main,source_disjoint,11,60,0.0028781488658382592
degree_orientation_null,lung,seed42_main,source_disjoint,11,61,-0.0074489912230708555
degree_orientation_null,lung,seed42_main,source_disjoint,11,62,-0.009113188191040678
degree_orientation_null,lung,seed42_main,source_disjoint,11,63,-0.022084805653710182
degree_orientation_null,lung,seed42_main,target_disjoint,7,0,-0.0036980454920219064
degree_orientation_null,lung,seed42_main,target_disjoint,7,1,-0.0320739770761595
degree_orientation_null,lung,seed42_main,target_disjoint,7,2,-0.004409363532017374
degree_orientation_null,lung,seed42_main,target_disjoint,7,3,-0.028974085390497395
degree_orientation_null,lung,seed42_main,target_disjoint,7,4,-0.015075092552176816
degree_orientation_null,lung,seed42_main,target_disjoint,7,5,0.012423816221284523
degree_orientation_null,lung,seed42_main,target_disjoint,7,6,-0.022475225115993314
degree_orientation_null,lung,seed42_main,target_disjoint,7,7,-0.026577428585285445
degree_orientation_null,lung,seed42_main,target_disjoint,7,8,-0.027636322485733222
degree_orientation_null,lung,seed42_main,target_disjoint,7,9,-0.04067041725269571
degree_orientation_null,lung,seed42_main,target_disjoint,7,10,-0.03402606010637432
degree_orientation_null,lung,seed42_main,target_disjoint,7,11,-0.029168081219587028
degree_orientation_null,lung,seed42_main,target_disjoint,7,12,-0.024956755096432026
degree_orientation_null,lung,seed42_main,target_disjoint,7,13,-0.02145270543349992
degree_orientation_null,lung,seed42_main,target_disjoint,7,14,0.015358003136266118
degree_orientation_null,lung,seed42_main,target_disjoint,7,15,-0.013308922191506145
degree_orientation_null,lung,seed42_main,target_disjoint,7,16,-0.006466527636322494
degree_orientation_null,lung,seed42_main,target_disjoint,7,17,-0.021674992320998454
degree_orientation_null,lung,seed42_main,target_disjoint,7,18,-0.022289312446448994
degree_orientation_null,lung,seed42_main,target_disjoint,7,19,-0.013543333818322956
degree_orientation_null,lung,seed42_main,target_disjoint,7,20,-0.005977496483825617
degree_orientation_null,lung,seed42_main,target_disjoint,7,21,0.008980390254942794
degree_orientation_null,lung,seed42_main,target_disjoint,7,22,-0.025150750925521714
degree_orientation_null,lung,seed42_main,target_disjoint,7,23,-0.006696897683366565
degree_orientation_null,lung,seed42_main,target_disjoint,7,24,-0.00915013660539632
degree_orientation_null,lung,seed42_main,target_disjoint,7,25,-0.010314111579934337
degree_orientation_null,lung,seed42_main,target_disjoint,7,26,-0.020345312575779595
degree_orientation_null,lung,seed42_main,target_disjoint,7,27,-0.020927300063048604
degree_orientation_null,lung,seed42_main,target_disjoint,7,28,-0.03495966503386844
degree_orientation_null,lung,seed42_main,target_disjoint,7,29,-0.01633606544125965
degree_orientation_null,lung,seed42_main,target_disjoint,7,30,-0.023336081607578718
degree_orientation_null,lung,seed42_main,target_disjoint,7,31,-0.009691708294938262
degree_orientation_null,lung,seed42_main,target_disjoint,7,32,0.04204051279564158
degree_orientation_null,lung,seed42_main,target_disjoint,7,33,-0.011255799666973876
degree_orientation_null,lung,seed42_main,target_disjoint,7,34,-0.00572287695814544
degree_orientation_null,lung,seed42_main,target_disjoint,7,35,-0.019302584994422667
degree_orientation_null,lung,seed42_main,target_disjoint,7,36,-0.043192363030861436
degree_orientation_null,lung,seed42_main,target_disjoint,7,37,-0.040189469259744315
degree_orientation_null,lung,seed42_main,target_disjoint,7,38,-0.02613689639006095
degree_orientation_null,lung,seed42_main,target_disjoint,7,39,-0.019888614061464416
degree_orientation_null,lung,seed42_main,target_disjoint,7,40,-0.05100877831126632
degree_orientation_null,lung,seed42_main,target_disjoint,7,41,-0.020308938357825268
degree_orientation_null,lung,seed42_main,target_disjoint,7,42,-0.039255864332250257
degree_orientation_null,lung,seed42_main,target_disjoint,7,43,-0.03806359829930317
degree_orientation_null,lung,seed42_main,target_disjoint,7,44,-0.015212506264448533
degree_orientation_null,lung,seed42_main,target_disjoint,7,45,-0.0328055030150185
degree_orientation_null,lung,seed42_main,target_disjoint,7,46,-0.007565837334497227
degree_orientation_null,lung,seed42_main,target_disjoint,7,47,0.0017944614190795738
degree_orientation_null,lung,seed42_main,target_disjoint,7,48,-0.01131642336356431
degree_orientation_null,lung,seed42_main,target_disjoint,7,49,0.0066241492474578
degree_orientation_null,lung,seed42_main,target_disjoint,7,50,-0.03289441777001789
degree_orientation_null,lung,seed42_main,target_disjoint,7,51,-0.027199831870281466
degree_orientation_null,lung,seed42_main,target_disjoint,7,52,-0.014226360799909465
degree_orientation_null,lung,seed42_main,target_disjoint,7,53,-0.019124755484423717
degree_orientation_null,lung,seed42_main,target_disjoint,7,54,0.029200413857768837
degree_orientation_null,lung,seed42_main,target_disjoint,7,55,-0.006563525550867366
degree_orientation_null,lung,seed42_main,target_disjoint,7,56,-0.004081995570428654
degree_orientation_null,lung,seed42_main,target_disjoint,7,57,-0.03102720791502983
degree_orientation_null,lung,seed42_main,target_disjoint,7,58,0.004668024637470292
degree_orientation_null,lung,seed42_main,target_disjoint,7,59,-0.017495998836024984
degree_orientation_null,lung,seed42_main,target_disjoint,7,60,-0.028654800588454044
degree_orientation_null,lung,seed42_main,target_disjoint,7,61,-0.0336986921447856
degree_orientation_null,lung,seed42_main,target_disjoint,7,62,-0.021561828087362844
degree_orientation_null,lung,seed42_main,target_disjoint,7,63,-0.03012189404594462
degree_orientation_null,lung,seed42_main,target_disjoint,11,0,0.010928431705385155
degree_orientation_null,lung,seed42_main,target_disjoint,11,1,0.0032049727597522892
degree_orientation_null,lung,seed42_main,target_disjoint,11,2,-0.02101217323827531
degree_orientation_null,lung,seed42_main,target_disjoint,11,3,-0.013793911764230338
degree_orientation_null,lung,seed42_main,target_disjoint,11,4,0.002186494657031579
degree_orientation_null,lung,seed42_main,target_disjoint,11,5,-0.00908547132903309
degree_orientation_null,lung,seed42_main,target_disjoint,11,6,-0.004275991399518175
degree_orientation_null,lung,seed42_main,target_disjoint,11,7,-0.010196905766525932
degree_orientation_null,lung,seed42_main,target_disjoint,11,8,-0.006874727193365404
degree_orientation_null,lung,seed42_main,target_disjoint,11,9,0.005759251176099656
degree_orientation_null,lung,seed42_main,target_disjoint,11,10,0.013987907593320026
degree_orientation_null,lung,seed42_main,target_disjoint,11,11,-0.01348675170150504
degree_orientation_null,lung,seed42_main,target_disjoint,11,12,0.020312979937598064
degree_orientation_null,lung,seed42_main,target_disjoint,11,13,-0.008127616922902758
degree_orientation_null,lung,seed42_main,target_disjoint,11,14,-0.0162916080637599
degree_orientation_null,lung,seed42_main,target_disjoint,11,15,0.014242527119000314
degree_orientation_null,lung,seed42_main,target_disjoint,11,16,0.016158235931260756
degree_orientation_null,lung,seed42_main,target_disjoint,11,17,0.010726352716749932
degree_orientation_null,lung,seed42_main,target_disjoint,11,18,0.009101637648123995
degree_orientation_null,lung,seed42_main,target_disjoint,11,19,0.005051974715876928
degree_orientation_null,lung,seed42_main,target_disjoint,11,20,0.011934785068787646
degree_orientation_null,lung,seed42_main,target_disjoint,11,21,0.022826842556218363
degree_orientation_null,lung,seed42_main,target_disjoint,11,22,-0.010758685354931463
degree_orientation_null,lung,seed42_main,target_disjoint,11,23,-0.013361462728551265
degree_orientation_null,lung,seed42_main,target_disjoint,11,24,-0.03349257157637775
degree_orientation_null,lung,seed42_main,target_disjoint,11,25,0.00765071050972399
degree_orientation_null,lung,seed42_main,target_disjoint,11,26,0.007367799925634855
degree_orientation_null,lung,seed42_main,target_disjoint,11,27,0.014796223547860365
degree_orientation_null,lung,seed42_main,target_disjoint,11,28,-0.01835685532761039
degree_orientation_null,lung,seed42_main,target_disjoint,11,29,0.02698158656255556
degree_orientation_null,lung,seed42_main,target_disjoint,11,30,-0.028266808930274556
degree_orientation_null,lung,seed42_main,target_disjoint,11,31,-0.028691174806408315
degree_orientation_null,lung,seed42_main,target_disjoint,11,32,0.009477504566985151
degree_orientation_null,lung,seed42_main,target_disjoint,11,33,0.008410527506991894
degree_orientation_null,lung,seed42_main,target_disjoint,11,34,-0.020996006919184518
degree_orientation_null,lung,seed42_main,target_disjoint,11,35,-0.016639183924212264
degree_orientation_null,lung,seed42_main,target_disjoint,11,36,-0.017346460384435047
degree_orientation_null,lung,seed42_main,target_disjoint,11,37,0.006118951775870074
degree_orientation_null,lung,seed42_main,target_disjoint,11,38,0.014250610278545683
degree_orientation_null,lung,seed42_main,target_disjoint,11,39,0.015479250529446986
degree_orientation_null,lung,seed42_main,target_disjoint,11,40,0.002865480058845571
degree_orientation_null,lung,seed42_main,target_disjoint,11,41,0.0014994260956723293
degree_orientation_null,lung,seed42_main,target_disjoint,11,42,-0.02528412305802097
degree_orientation_null,lung,seed42_main,target_disjoint,11,43,0.023477536899623286
degree_orientation_null,lung,seed42_main,target_disjoint,11,44,0.0020086651470325734
degree_orientation_null,lung,seed42_main,target_disjoint,11,45,-0.016408813877168194
degree_orientation_null,lung,seed42_main,target_disjoint,11,46,-0.0015883408506717211
degree_orientation_null,lung,seed42_main,target_disjoint,11,47,-0.005322760560647899
degree_orientation_null,lung,seed42_main,target_disjoint,11,48,-0.0238089464409848
degree_orientation_null,lung,seed42_main,target_disjoint,11,49,-0.012338943046057815
degree_orientation_null,lung,seed42_main,target_disjoint,11,50,0.02434647655075417
degree_orientation_null,lung,seed42_main,target_disjoint,11,51,-0.023348206346896827
degree_orientation_null,lung,seed42_main,target_disjoint,11,52,-0.03180723281116121
degree_orientation_null,lung,seed42_main,target_disjoint,11,53,-0.023158252097579934
degree_orientation_null,lung,seed42_main,target_disjoint,11,54,-0.010116074171071965
degree_orientation_null,lung,seed42_main,target_disjoint,11,55,0.0037182533908853843
degree_orientation_null,lung,seed42_main,target_disjoint,11,56,-0.017293919847389982
degree_orientation_null,lung,seed42_main,target_disjoint,11,57,0.007327384127907899
degree_orientation_null,lung,seed42_main,target_disjoint,11,58,-0.01547116736990145
degree_orientation_null,lung,seed42_main,target_disjoint,11,59,0.023703865366894616
degree_orientation_null,lung,seed42_main,target_disjoint,11,60,-0.0020005819874873154
degree_orientation_null,lung,seed42_main,target_disjoint,11,61,-0.01689784502966518
degree_orientation_null,lung,seed42_main,target_disjoint,11,62,0.030570509400714485
degree_orientation_null,lung,seed42_main,target_disjoint,11,63,-0.003879916581793541
degree_orientation_null,lung,seed43,source_disjoint,7,0,-0.03373596526462763
degree_orientation_null,lung,seed43,source_disjoint,7,1,-0.026668388133356147
degree_orientation_null,lung,seed43,source_disjoint,7,2,-0.006111206748149356
degree_orientation_null,lung,seed43,source_disjoint,7,3,-0.00997494309596203
degree_orientation_null,lung,seed43,source_disjoint,7,4,-0.010304890878139239
degree_orientation_null,lung,seed43,source_disjoint,7,5,-0.027586503701153342
degree_orientation_null,lung,seed43,source_disjoint,7,6,-0.02470304699604048
degree_orientation_null,lung,seed43,source_disjoint,7,7,-0.040621832023105875
degree_orientation_null,lung,seed43,source_disjoint,7,8,-0.04769419100629285
degree_orientation_null,lung,seed43,source_disjoint,7,9,-0.020891911019299547
degree_orientation_null,lung,seed43,source_disjoint,7,10,-0.016062240584533538
degree_orientation_null,lung,seed43,source_disjoint,7,11,-0.05318853885732866
degree_orientation_null,lung,seed43,source_disjoint,7,12,-0.030503433369675315
degree_orientation_null,lung,seed43,source_disjoint,7,13,-0.0023861441058892208
degree_orientation_null,lung,seed43,source_disjoint,7,14,-0.020600218052447272
degree_orientation_null,lung,seed43,source_disjoint,7,15,-0.02858112889960024
degree_orientation_null,lung,seed43,source_disjoint,7,16,-0.00955892197930408
degree_orientation_null,lung,seed43,source_disjoint,7,17,-0.05027639104072218
degree_orientation_null,lung,seed43,source_disjoint,7,18,-0.02515254107610798
degree_orientation_null,lung,seed43,source_disjoint,7,19,0.021068839540177242
degree_orientation_null,lung,seed43,source_disjoint,7,20,-0.0069815037967904114
degree_orientation_null,lung,seed43,source_disjoint,7,21,-0.03599778122071107
degree_orientation_null,lung,seed43,source_disjoint,7,22,-0.03545265010233162
degree_orientation_null,lung,seed43,source_disjoint,7,23,-0.019782521374877904
degree_orientation_null,lung,seed43,source_disjoint,7,24,-0.030536906333084646
degree_orientation_null,lung,seed43,source_disjoint,7,25,-0.022149538073104935
degree_orientation_null,lung,seed43,source_disjoint,7,26,-0.013613932403741313
degree_orientation_null,lung,seed43,source_disjoint,7,27,-0.03162238671792805
degree_orientation_null,lung,seed43,source_disjoint,7,28,-0.004437558577686018
degree_orientation_null,lung,seed43,source_disjoint,7,29,-0.035476559361909576
degree_orientation_null,lung,seed43,source_disjoint,7,30,-0.03174671486773395
degree_orientation_null,lung,seed43,source_disjoint,7,31,-0.002988657447256071
degree_orientation_null,lung,seed43,source_disjoint,7,32,-0.06020351561752829
degree_orientation_null,lung,seed43,source_disjoint,7,33,-0.01422600944893937
degree_orientation_null,lung,seed43,source_disjoint,7,34,-0.022919416231518164
degree_orientation_null,lung,seed43,source_disjoint,7,35,-0.02950402631931298
degree_orientation_null,lung,seed43,source_disjoint,7,36,-0.03237313746867876
degree_orientation_null,lung,seed43,source_disjoint,7,37,-0.03320517970199499
degree_orientation_null,lung,seed43,source_disjoint,7,38,-0.020499799162219445
degree_orientation_null,lung,seed43,source_disjoint,7,39,-0.027806468889271463
degree_orientation_null,lung,seed43,source_disjoint,7,40,-0.021001893613358524
degree_orientation_null,lung,seed43,source_disjoint,7,41,-0.028619383714925062
degree_orientation_null,lung,seed43,source_disjoint,7,42,-0.011538608672366557
degree_orientation_null,lung,seed43,source_disjoint,7,43,-0.03716455308812
degree_orientation_null,lung,seed43,source_disjoint,7,44,-0.01452726611962274
degree_orientation_null,lung,seed43,source_disjoint,7,45,-0.01605745873261788
degree_orientation_null,lung,seed43,source_disjoint,7,46,-0.026830971098486867
degree_orientation_null,lung,seed43,source_disjoint,7,47,-0.002390925957804879
degree_orientation_null,lung,seed43,source_disjoint,7,48,-0.03937376867313169
degree_orientation_null,lung,seed43,source_disjoint,7,49,-0.027046154434689385
degree_orientation_null,lung,seed43,source_disjoint,7,50,-0.012188940532889547
degree_orientation_null,lung,seed43,source_disjoint,7,51,-0.01626307836498908
degree_orientation_null,lung,seed43,source_disjoint,7,52,-0.016741263556550146
degree_orientation_null,lung,seed43,source_disjoint,7,53,-0.0008368240852316688
degree_orientation_null,lung,seed43,source_disjoint,7,54,0.004480595244926611
degree_orientation_null,lung,seed43,source_disjoint,7,55,0.009386775310342155
degree_orientation_null,lung,seed43,source_disjoint,7,56,-0.04204204204204193
degree_orientation_null,lung,seed43,source_disjoint,7,57,-0.03386985711826468
degree_orientation_null,lung,seed43,source_disjoint,7,58,-0.006288135269026829
degree_orientation_null,lung,seed43,source_disjoint,7,59,-0.038981656816051646
degree_orientation_null,lung,seed43,source_disjoint,7,60,-0.022431667336125838
degree_orientation_null,lung,seed43,source_disjoint,7,61,-0.029016277423920656
degree_orientation_null,lung,seed43,source_disjoint,7,62,0.0015445381687421156
degree_orientation_null,lung,seed43,source_disjoint,7,63,-0.04711080507258841
degree_orientation_null,lung,seed43,source_disjoint,11,0,-0.008999445305177822
degree_orientation_null,lung,seed43,source_disjoint,11,1,-0.018654004322794127
degree_orientation_null,lung,seed43,source_disjoint,11,2,-0.014694630936669117
degree_orientation_null,lung,seed43,source_disjoint,11,3,-0.01085958570035006
degree_orientation_null,lung,seed43,source_disjoint,11,4,-0.013848243147606243
degree_orientation_null,lung,seed43,source_disjoint,11,5,-0.03593083529389257
degree_orientation_null,lung,seed43,source_disjoint,11,6,-0.013207474990914458
degree_orientation_null,lung,seed43,source_disjoint,11,7,0.003481188194564
degree_orientation_null,lung,seed43,source_disjoint,11,8,-0.05711922113195994
degree_orientation_null,lung,seed43,source_disjoint,11,9,-0.008358677148486038
degree_orientation_null,lung,seed43,source_disjoint,11,10,-0.008234348998680141
degree_orientation_null,lung,seed43,source_disjoint,11,11,-0.02297201660258985
degree_orientation_null,lung,seed43,source_disjoint,11,12,-1.4345555746864136e-05
degree_orientation_null,lung,seed43,source_disjoint,11,13,-0.011361680151489084
degree_orientation_null,lung,seed43,source_disjoint,11,14,-0.009726286796350458
degree_orientation_null,lung,seed43,source_disjoint,11,15,0.003495533750310864
degree_orientation_null,lung,seed43,source_disjoint,11,16,-0.039402459784625476
degree_orientation_null,lung,seed43,source_disjoint,11,17,-0.010266636062814416
degree_orientation_null,lung,seed43,source_disjoint,11,18,-0.048688816204739804
degree_orientation_null,lung,seed43,source_disjoint,11,19,-0.03694936975191748
degree_orientation_null,lung,seed43,source_disjoint,11,20,-0.04559973986725574
degree_orientation_null,lung,seed43,source_disjoint,11,21,-0.0044662496891796355
degree_orientation_null,lung,seed43,source_disjoint,11,22,-0.00427019376063964
degree_orientation_null,lung,seed43,source_disjoint,11,23,-0.0038685181997283324
degree_orientation_null,lung,seed43,source_disjoint,11,24,-0.013963007593580934
degree_orientation_null,lung,seed43,source_disjoint,11,25,0.020805837684818584
degree_orientation_null,lung,seed43,source_disjoint,11,26,-0.015124997609074042
degree_orientation_null,lung,seed43,source_disjoint,11,27,-0.0068045752759129385
degree_orientation_null,lung,seed43,source_disjoint,11,28,-0.03187582486945545
degree_orientation_null,lung,seed43,source_disjoint,11,29,-0.0234454199422352
degree_orientation_null,lung,seed43,source_disjoint,11,30,-0.010692220883303682
degree_orientation_null,lung,seed43,source_disjoint,11,31,-0.02685966220998065
degree_orientation_null,lung,seed43,source_disjoint,11,32,0.0006264226009449203
degree_orientation_null,lung,seed43,source_disjoint,11,33,-0.010945659034831023
degree_orientation_null,lung,seed43,source_disjoint,11,34,-0.01909871655094586
degree_orientation_null,lung,seed43,source_disjoint,11,35,-0.017525487270710183
degree_orientation_null,lung,seed43,source_disjoint,11,36,-0.019897285820852706
degree_orientation_null,lung,seed43,source_disjoint,11,37,-0.007980910847152911
degree_orientation_null,lung,seed43,source_disjoint,11,38,-0.029781373730418392
degree_orientation_null,lung,seed43,source_disjoint,11,39,-0.05015206289091645
degree_orientation_null,lung,seed43,source_disjoint,11,40,0.012179376829058342
degree_orientation_null,lung,seed43,source_disjoint,11,41,-0.007239723800233411
degree_orientation_null,lung,seed43,source_disjoint,11,42,-0.01617700503050823
degree_orientation_null,lung,seed43,source_disjoint,11,43,-0.023732331057171874
degree_orientation_null,lung,seed43,source_disjoint,11,44,-0.026276276276276267
degree_orientation_null,lung,seed43,source_disjoint,11,45,-0.027581721849237795
degree_orientation_null,lung,seed43,source_disjoint,11,46,-0.03480231824180868
degree_orientation_null,lung,seed43,source_disjoint,11,47,-0.019658193225072285
degree_orientation_null,lung,seed43,source_disjoint,11,48,-0.0018314492836786211
degree_orientation_null,lung,seed43,source_disjoint,11,49,0.011935502381362206
degree_orientation_null,lung,seed43,source_disjoint,11,50,-0.00069815037967913
degree_orientation_null,lung,seed43,source_disjoint,11,51,-0.03117767448977643
degree_orientation_null,lung,seed43,source_disjoint,11,52,-0.011012604961649575
degree_orientation_null,lung,seed43,source_disjoint,11,53,0.018276238021460833
degree_orientation_null,lung,seed43,source_disjoint,11,54,-0.0013819552036112848
degree_orientation_null,lung,seed43,source_disjoint,11,55,-0.006570264532048009
degree_orientation_null,lung,seed43,source_disjoint,11,56,-0.022900288823855697
degree_orientation_null,lung,seed43,source_disjoint,11,57,-0.03331038044413842
degree_orientation_null,lung,seed43,source_disjoint,11,58,-0.003686807826935312
degree_orientation_null,lung,seed43,source_disjoint,11,59,-0.0006790229720167185
degree_orientation_null,lung,seed43,source_disjoint,11,60,-0.0034907518983952057
degree_orientation_null,lung,seed43,source_disjoint,11,61,-0.008765134561312893
degree_orientation_null,lung,seed43,source_disjoint,11,62,-0.035098793060576505
degree_orientation_null,lung,seed43,source_disjoint,11,63,-0.029317534094604192
degree_orientation_null,lung,seed43,target_disjoint,7,0,-0.01198020625415841
degree_orientation_null,lung,seed43,target_disjoint,7,1,-4.574184963401784e-05
degree_orientation_null,lung,seed43,target_disjoint,7,2,-0.001168496340652081
degree_orientation_null,lung,seed43,target_disjoint,7,3,-0.01968147039254825
degree_orientation_null,lung,seed43,target_disjoint,7,4,-0.008799068529607434
degree_orientation_null,lung,seed43,target_disjoint,7,5,-0.013061377245508987
degree_orientation_null,lung,seed43,target_disjoint,7,6,-0.011319028609447779
degree_orientation_null,lung,seed43,target_disjoint,7,7,-0.03391966067864266
degree_orientation_null,lung,seed43,target_disjoint,7,8,0.0075432468396541275
degree_orientation_null,lung,seed43,target_disjoint,7,9,-0.008749168330006607
degree_orientation_null,lung,seed43,target_disjoint,7,10,0.016375582168995373
degree_orientation_null,lung,seed43,target_disjoint,7,11,-0.0016799733865601185
degree_orientation_null,lung,seed43,target_disjoint,7,12,0.007451763140386092
degree_orientation_null,lung,seed43,target_disjoint,7,13,-0.004125083166999222
degree_orientation_null,lung,seed43,target_disjoint,7,14,-0.027495009980039842
degree_orientation_null,lung,seed43,target_disjoint,7,15,-0.009797072521623429
degree_orientation_null,lung,seed43,target_disjoint,7,16,-0.0030771789753826218
degree_orientation_null,lung,seed43,target_disjoint,7,17,-0.03149118429807052
degree_orientation_null,lung,seed43,target_disjoint,7,18,-0.00039504324683958814
degree_orientation_null,lung,seed43,target_disjoint,7,19,-0.007755322687957422
degree_orientation_null,lung,seed43,target_disjoint,7,20,-0.02416417165668666
degree_orientation_null,lung,seed43,target_disjoint,7,21,-0.0060545575515634775
degree_orientation_null,lung,seed43,target_disjoint,7,22,-0.004561709913506351
degree_orientation_null,lung,seed43,target_disjoint,7,23,-0.013884730538922085
degree_orientation_null,lung,seed43,target_disjoint,7,24,-0.03136643379906856
degree_orientation_null,lung,seed43,target_disjoint,7,25,0.016055389221556804
degree_orientation_null,lung,seed43,target_disjoint,7,26,0.012350299401197473
degree_orientation_null,lung,seed43,target_disjoint,7,27,0.011389720558882321
degree_orientation_null,lung,seed43,target_disjoint,7,28,0.008191949434464552
degree_orientation_null,lung,seed43,target_disjoint,7,29,-0.0022538256819693014
degree_orientation_null,lung,seed43,target_disjoint,7,30,-0.01496174318030602
degree_orientation_null,lung,seed43,target_disjoint,7,31,-0.021274118429806976
degree_orientation_null,lung,seed43,target_disjoint,7,32,-0.016188456420492214
degree_orientation_null,lung,seed43,target_disjoint,7,33,-0.022176480372588125
degree_orientation_null,lung,seed43,target_disjoint,7,34,-0.01815535595475709
degree_orientation_null,lung,seed43,target_disjoint,7,35,-0.015681137724550875
degree_orientation_null,lung,seed43,target_disjoint,7,36,0.006773952095808444
degree_orientation_null,lung,seed43,target_disjoint,7,37,-0.018280106453758993
degree_orientation_null,lung,seed43,target_disjoint,7,38,-0.01658765801729878
degree_orientation_null,lung,seed43,target_disjoint,7,39,-0.005434963406520277
degree_orientation_null,lung,seed43,target_disjoint,7,40,-0.031216733200266078
degree_orientation_null,lung,seed43,target_disjoint,7,41,-0.008828176979374547
degree_orientation_null,lung,seed43,target_disjoint,7,42,0.00042831004657351013
degree_orientation_null,lung,seed43,target_disjoint,7,43,-0.0010978043912175384
degree_orientation_null,lung,seed43,target_disjoint,7,44,-0.03270958083832337
degree_orientation_null,lung,seed43,target_disjoint,7,45,-0.013468895542248782
degree_orientation_null,lung,seed43,target_disjoint,7,46,-0.013601962741184193
degree_orientation_null,lung,seed43,target_disjoint,7,47,-0.038236027944111683
degree_orientation_null,lung,seed43,target_disjoint,7,48,-0.024762974051896147
degree_orientation_null,lung,seed43,target_disjoint,7,49,0.02224717232202278
degree_orientation_null,lung,seed43,target_disjoint,7,50,-0.01743596141051229
degree_orientation_null,lung,seed43,target_disjoint,7,51,-0.01620924817032593
degree_orientation_null,lung,seed43,target_disjoint,7,52,-0.008129574184963406
degree_orientation_null,lung,seed43,target_disjoint,7,53,-0.013053060545575534
degree_orientation_null,lung,seed43,target_disjoint,7,54,-0.006329008649367918
degree_orientation_null,lung,seed43,target_disjoint,7,55,0.009460246174318176
degree_orientation_null,lung,seed43,target_disjoint,7,56,-0.000781769793745779
degree_orientation_null,lung,seed43,target_disjoint,7,57,-0.0359530938123751
degree_orientation_null,lung,seed43,target_disjoint,7,58,-0.013298403193612751
degree_orientation_null,lung,seed43,target_disjoint,7,59,0.005010811709913576
degree_orientation_null,lung,seed43,target_disjoint,7,60,-0.00819194943446444
degree_orientation_null,lung,seed43,target_disjoint,7,61,-0.009505988023952083
degree_orientation_null,lung,seed43,target_disjoint,7,62,-0.01578509647371934
degree_orientation_null,lung,seed43,target_disjoint,7,63,-0.019835329341317265
degree_orientation_null,lung,seed43,target_disjoint,11,0,-0.0027154025282768446
degree_orientation_null,lung,seed43,target_disjoint,11,1,0.04025282767797733
degree_orientation_null,lung,seed43,target_disjoint,11,2,0.018404856952761173
degree_orientation_null,lung,seed43,target_disjoint,11,3,-0.01010479041916168
degree_orientation_null,lung,seed43,target_disjoint,11,4,0.016516966067864236
degree_orientation_null,lung,seed43,target_disjoint,11,5,-0.013531270791749872
degree_orientation_null,lung,seed43,target_disjoint,11,6,-0.023590319361277423
degree_orientation_null,lung,seed43,target_disjoint,11,7,-0.00404191616766475
degree_orientation_null,lung,seed43,target_disjoint,11,8,-0.00359281437125758
degree_orientation_null,lung,seed43,target_disjoint,11,9,-8.316699933463845e-05
degree_orientation_null,lung,seed43,target_disjoint,11,10,0.029715568862275443
degree_orientation_null,lung,seed43,target_disjoint,11,11,-0.004827844311377283
degree_orientation_null,lung,seed43,target_disjoint,11,12,0.010187957418496207
degree_orientation_null,lung,seed43,target_disjoint,11,13,0.03003576180971379
degree_orientation_null,lung,seed43,target_disjoint,11,14,0.010595475715236224
degree_orientation_null,lung,seed43,target_disjoint,11,15,0.016200931470392588
degree_orientation_null,lung,seed43,target_disjoint,11,16,-0.024970891550232854
degree_orientation_null,lung,seed43,target_disjoint,11,17,0.017797737857618068
degree_orientation_null,lung,seed43,target_disjoint,11,18,-0.004499334664005372
degree_orientation_null,lung,seed43,target_disjoint,11,19,-0.019253160345974796
degree_orientation_null,lung,seed43,target_disjoint,11,20,-0.0049858616101131625
degree_orientation_null,lung,seed43,target_disjoint,11,21,0.021681636726546882
degree_orientation_null,lung,seed43,target_disjoint,11,22,0.004740518962075724
degree_orientation_null,lung,seed43,target_disjoint,11,23,0.01766882900864941
degree_orientation_null,lung,seed43,target_disjoint,11,24,-0.002603127079175094
degree_orientation_null,lung,seed43,target_disjoint,11,25,0.02661343978709252
degree_orientation_null,lung,seed43,target_disjoint,11,26,-0.0204840319361278
degree_orientation_null,lung,seed43,target_disjoint,11,27,-0.016849634065202956
degree_orientation_null,lung,seed43,target_disjoint,11,28,-0.03772039254823689
degree_orientation_null,lung,seed43,target_disjoint,11,29,-0.024920991350632027
degree_orientation_null,lung,seed43,target_disjoint,11,30,0.013406520292747914
degree_orientation_null,lung,seed43,target_disjoint,11,31,-0.022392714570858396
degree_orientation_null,lung,seed43,target_disjoint,11,32,0.007588988689288034
degree_orientation_null,lung,seed43,target_disjoint,11,33,0.006828010645375859
degree_orientation_null,lung,seed43,target_disjoint,11,34,-0.010662009314704013
degree_orientation_null,lung,seed43,target_disjoint,11,35,-0.00269045242847632
degree_orientation_null,lung,seed43,target_disjoint,11,36,-0.0014346307385229018
degree_orientation_null,lung,seed43,target_disjoint,11,37,0.003767465069860254
degree_orientation_null,lung,seed43,target_disjoint,11,38,-0.00013306719893546592
degree_orientation_null,lung,seed43,target_disjoint,11,39,-0.005114770459081763
degree_orientation_null,lung,seed43,target_disjoint,11,40,-0.01610944777112444
degree_orientation_null,lung,seed43,target_disjoint,11,41,0.013206919494344493
degree_orientation_null,lung,seed43,target_disjoint,11,42,0.011148536260811692
degree_orientation_null,lung,seed43,target_disjoint,11,43,-0.00633732534930137
degree_orientation_null,lung,seed43,target_disjoint,11,44,-0.01802644710578849
degree_orientation_null,lung,seed43,target_disjoint,11,45,0.0019211576846307477
degree_orientation_null,lung,seed43,target_disjoint,11,46,0.026006320691949525
degree_orientation_null,lung,seed43,target_disjoint,11,47,-0.013685129740518942
degree_orientation_null,lung,seed43,target_disjoint,11,48,9.148369926803568e-05
degree_orientation_null,lung,seed43,target_disjoint,11,49,-0.00799650698602794
degree_orientation_null,lung,seed43,target_disjoint,11,50,-0.007110778443113808
degree_orientation_null,lung,seed43,target_disjoint,11,51,-0.010412508316699987
degree_orientation_null,lung,seed43,target_disjoint,11,52,0.001268296739853736
degree_orientation_null,lung,seed43,target_disjoint,11,53,-0.017040918163672703
degree_orientation_null,lung,seed43,target_disjoint,11,54,-0.02042997338656022
degree_orientation_null,lung,seed43,target_disjoint,11,55,-0.0205796739853627
degree_orientation_null,lung,seed43,target_disjoint,11,56,-0.013926314038589571
degree_orientation_null,lung,seed43,target_disjoint,11,57,0.01626746506986032
degree_orientation_null,lung,seed43,target_disjoint,11,58,-0.020750166333998787
degree_orientation_null,lung,seed43,target_disjoint,11,59,-0.03522954091816377
degree_orientation_null,lung,seed43,target_disjoint,11,60,0.0009023619427810381
degree_orientation_null,lung,seed43,target_disjoint,11,61,0.011256653359946744
degree_orientation_null,lung,seed43,target_disjoint,11,62,0.003867265469061798
degree_orientation_null,lung,seed43,target_disjoint,11,63,-0.015003326679973394
degree_orientation_null,lung,seed44,source_disjoint,7,0,0.0016563146997929934
degree_orientation_null,lung,seed44,source_disjoint,7,1,-0.021793140696732438
degree_orientation_null,lung,seed44,source_disjoint,7,2,-0.05384373030875872
degree_orientation_null,lung,seed44,source_disjoint,7,3,-0.025254298316680246
degree_orientation_null,lung,seed44,source_disjoint,7,4,-0.04449095328112351
degree_orientation_null,lung,seed44,source_disjoint,7,5,0.012462867944909473
degree_orientation_null,lung,seed44,source_disjoint,7,6,-0.02536681969574217
degree_orientation_null,lung,seed44,source_disjoint,7,7,0.002443964353227135
degree_orientation_null,lung,seed44,source_disjoint,7,8,-0.010491493383743
degree_orientation_null,lung,seed44,source_disjoint,7,9,-0.015987037537132154
degree_orientation_null,lung,seed44,source_disjoint,7,10,-0.02213970654424341
degree_orientation_null,lung,seed44,source_disjoint,7,11,-0.029237555135475823
degree_orientation_null,lung,seed44,source_disjoint,7,12,-0.029012512377351696
degree_orientation_null,lung,seed44,source_disjoint,7,13,-0.0008821676118463406
degree_orientation_null,lung,seed44,source_disjoint,7,14,-0.009249257358898255
degree_orientation_null,lung,seed44,source_disjoint,7,15,-0.012062291835448824
degree_orientation_null,lung,seed44,source_disjoint,7,16,-0.016473129894680083
degree_orientation_null,lung,seed44,source_disjoint,7,17,-0.03712755423530467
degree_orientation_null,lung,seed44,source_disjoint,7,18,-0.04385633270321365
degree_orientation_null,lung,seed44,source_disjoint,7,19,-0.017584841119812733
degree_orientation_null,lung,seed44,source_disjoint,7,20,-0.026136465928526476
degree_orientation_null,lung,seed44,source_disjoint,7,21,-0.04195247096948418
degree_orientation_null,lung,seed44,source_disjoint,7,22,-0.003668196957421932
degree_orientation_null,lung,seed44,source_disjoint,7,23,-0.03850931677018632
degree_orientation_null,lung,seed44,source_disjoint,7,24,-0.017188765865514544
degree_orientation_null,lung,seed44,source_disjoint,7,25,-0.017098748762264915
degree_orientation_null,lung,seed44,source_disjoint,7,26,-0.0024529660635519424
degree_orientation_null,lung,seed44,source_disjoint,7,27,-0.03760014402736528
degree_orientation_null,lung,seed44,source_disjoint,7,28,-0.020208839679539126
degree_orientation_null,lung,seed44,source_disjoint,7,29,-0.011463678098838748
degree_orientation_null,lung,seed44,source_disjoint,7,30,-0.033868935097668695
degree_orientation_null,lung,seed44,source_disjoint,7,31,-0.027693761814744866
degree_orientation_null,lung,seed44,source_disjoint,7,32,-0.018282473669997357
degree_orientation_null,lung,seed44,source_disjoint,7,33,-0.020757944009361817
degree_orientation_null,lung,seed44,source_disjoint,7,34,-0.01745881717526332
degree_orientation_null,lung,seed44,source_disjoint,7,35,0.0034791610405976447
degree_orientation_null,lung,seed44,source_disjoint,7,36,-0.049194346925915955
degree_orientation_null,lung,seed44,source_disjoint,7,37,-0.010689531010891984
degree_orientation_null,lung,seed44,source_disjoint,7,38,-0.04238905392024489
degree_orientation_null,lung,seed44,source_disjoint,7,39,-0.03239265460437485
degree_orientation_null,lung,seed44,source_disjoint,7,40,-0.01032496174273112
degree_orientation_null,lung,seed44,source_disjoint,7,41,-0.03672697812584397
degree_orientation_null,lung,seed44,source_disjoint,7,42,-0.022472769826267114
degree_orientation_null,lung,seed44,source_disjoint,7,43,-0.02072193716806192
degree_orientation_null,lung,seed44,source_disjoint,7,44,-0.006778287874696143
degree_orientation_null,lung,seed44,source_disjoint,7,45,-0.017746871905662043
degree_orientation_null,lung,seed44,source_disjoint,7,46,-0.03935997839589528
degree_orientation_null,lung,seed44,source_disjoint,7,47,-0.03240615716986228
degree_orientation_null,lung,seed44,source_disjoint,7,48,-0.02654604374831221
degree_orientation_null,lung,seed44,source_disjoint,7,49,-0.051917364299217006
degree_orientation_null,lung,seed44,source_disjoint,7,50,-0.018399495904221852
degree_orientation_null,lung,seed44,source_disjoint,7,51,0.0053470159330272216
degree_orientation_null,lung,seed44,source_disjoint,7,52,-0.039675038257268924
degree_orientation_null,lung,seed44,source_disjoint,7,53,-0.048582230623818445
degree_orientation_null,lung,seed44,source_disjoint,7,54,0.00367269781258428
degree_orientation_null,lung,seed44,source_disjoint,7,55,-0.0117742371050501
degree_orientation_null,lung,seed44,source_disjoint,7,56,0.0060131424970744085
degree_orientation_null,lung,seed44,source_disjoint,7,57,-0.027509226753083205
degree_orientation_null,lung,seed44,source_disjoint,7,58,-0.02908902691511389
degree_orientation_null,lung,seed44,source_disjoint,7,59,-0.004968944099378758
degree_orientation_null,lung,seed44,source_disjoint,7,60,-0.03731659015212896
degree_orientation_null,lung,seed44,source_disjoint,7,61,-0.006521739130434856
degree_orientation_null,lung,seed44,source_disjoint,7,62,-0.05066612656404723
degree_orientation_null,lung,seed44,source_disjoint,7,63,-0.01305247997119463
degree_orientation_null,lung,seed44,source_disjoint,11,0,-0.013228013322531318
degree_orientation_null,lung,seed44,source_disjoint,11,1,0.00024754703393647937
degree_orientation_null,lung,seed44,source_disjoint,11,2,-0.023269421190026063
degree_orientation_null,lung,seed44,source_disjoint,11,3,-0.05577459717346289
degree_orientation_null,lung,seed44,source_disjoint,11,4,-0.020465388423800412
degree_orientation_null,lung,seed44,source_disjoint,11,5,-0.018219461697722372
degree_orientation_null,lung,seed44,source_disjoint,11,6,-0.01649113331532981
degree_orientation_null,lung,seed44,source_disjoint,11,7,-0.01904311819245663
degree_orientation_null,lung,seed44,source_disjoint,11,8,-0.04272661805743089
degree_orientation_null,lung,seed44,source_disjoint,11,9,0.011036096858403122
degree_orientation_null,lung,seed44,source_disjoint,11,10,-0.026712575389323867
degree_orientation_null,lung,seed44,source_disjoint,11,11,0.0008326582050589559
degree_orientation_null,lung,seed44,source_disjoint,11,12,-0.03207759474300109
degree_orientation_null,lung,seed44,source_disjoint,11,13,-0.007786479431091897
degree_orientation_null,lung,seed44,source_disjoint,11,14,-0.023426951120712858
degree_orientation_null,lung,seed44,source_disjoint,11,15,-0.029921685120172736
degree_orientation_null,lung,seed44,source_disjoint,11,16,-0.027432712215320842
degree_orientation_null,lung,seed44,source_disjoint,11,17,-4.500855162348216e-06
degree_orientation_null,lung,seed44,source_disjoint,11,18,-0.03706904311819231
degree_orientation_null,lung,seed44,source_disjoint,11,19,-0.016851201728328324
degree_orientation_null,lung,seed44,source_disjoint,11,20,-0.028728958502115376
degree_orientation_null,lung,seed44,source_disjoint,11,21,-0.032190116122063184
degree_orientation_null,lung,seed44,source_disjoint,11,22,-0.02252678008821668
degree_orientation_null,lung,seed44,source_disjoint,11,23,-0.028625438833378314
degree_orientation_null,lung,seed44,source_disjoint,11,24,0.013155999639931637
degree_orientation_null,lung,seed44,source_disjoint,11,25,-0.03796471329552603
degree_orientation_null,lung,seed44,source_disjoint,11,26,-0.03701503285624258
degree_orientation_null,lung,seed44,source_disjoint,11,27,-0.04955441533891425
degree_orientation_null,lung,seed44,source_disjoint,11,28,-0.006728778467908869
degree_orientation_null,lung,seed44,source_disjoint,11,29,-0.03987307588441796
degree_orientation_null,lung,seed44,source_disjoint,11,30,-0.030358268070933336
degree_orientation_null,lung,seed44,source_disjoint,11,31,-0.024610676028445355
degree_orientation_null,lung,seed44,source_disjoint,11,32,-0.0196867404806913
degree_orientation_null,lung,seed44,source_disjoint,11,33,-0.044585471239535435
degree_orientation_null,lung,seed44,source_disjoint,11,34,0.010450985687280645
degree_orientation_null,lung,seed44,source_disjoint,11,35,0.0029210550004499236
degree_orientation_null,lung,seed44,source_disjoint,11,36,-0.020465388423800523
degree_orientation_null,lung,seed44,source_disjoint,11,37,-0.05225942929156535
degree_orientation_null,lung,seed44,source_disjoint,11,38,-0.01857502925555865
degree_orientation_null,lung,seed44,source_disjoint,11,39,-0.012755423530470766
degree_orientation_null,lung,seed44,source_disjoint,11,40,-0.006769286164371224
degree_orientation_null,lung,seed44,source_disjoint,11,41,-0.024673688000720062
degree_orientation_null,lung,seed44,source_disjoint,11,42,-0.02388153749212346
degree_orientation_null,lung,seed44,source_disjoint,11,43,-0.013619587721667048
degree_orientation_null,lung,seed44,source_disjoint,11,44,-0.030488792870645487
degree_orientation_null,lung,seed44,source_disjoint,11,45,-0.04249257358898184
degree_orientation_null,lung,seed44,source_disjoint,11,46,-0.021752633000270027
degree_orientation_null,lung,seed44,source_disjoint,11,47,-0.008461607705464003
degree_orientation_null,lung,seed44,source_disjoint,11,48,0.001183724907732553
degree_orientation_null,lung,seed44,source_disjoint,11,49,0.018705554055270412
degree_orientation_null,lung,seed44,source_disjoint,11,50,-0.010104419839769507
degree_orientation_null,lung,seed44,source_disjoint,11,51,-0.0343955351516787
degree_orientation_null,lung,seed44,source_disjoint,11,52,-0.03759564317220271
degree_orientation_null,lung,seed44,source_disjoint,11,53,-0.0234809613826627
degree_orientation_null,lung,seed44,source_disjoint,11,54,-0.009649833468358904
degree_orientation_null,lung,seed44,source_disjoint,11,55,-0.00823206409217736
degree_orientation_null,lung,seed44,source_disjoint,11,56,-0.019007111351156625
degree_orientation_null,lung,seed44,source_disjoint,11,57,-0.006098658745161467
degree_orientation_null,lung,seed44,source_disjoint,11,58,-0.03191556395715184
degree_orientation_null,lung,seed44,source_disjoint,11,59,-0.015271401566297582
degree_orientation_null,lung,seed44,source_disjoint,11,60,-0.03022324241605895
degree_orientation_null,lung,seed44,source_disjoint,11,61,-0.03354937438113231
degree_orientation_null,lung,seed44,source_disjoint,11,62,-0.010914573769016167
degree_orientation_null,lung,seed44,source_disjoint,11,63,-0.04029165541452867
degree_orientation_null,lung,seed44,target_disjoint,7,0,-0.027948601064790468
degree_orientation_null,lung,seed44,target_disjoint,7,1,-0.03267909208975883
degree_orientation_null,lung,seed44,target_disjoint,7,2,-0.01648791144520806
degree_orientation_null,lung,seed44,target_disjoint,7,3,-0.02884739435953454
degree_orientation_null,lung,seed44,target_disjoint,7,4,-0.010247963738636123
degree_orientation_null,lung,seed44,target_disjoint,7,5,-0.008970731161894618
degree_orientation_null,lung,seed44,target_disjoint,7,6,-0.02341593057359348
degree_orientation_null,lung,seed44,target_disjoint,7,7,-0.021927976123921666
degree_orientation_null,lung,seed44,target_disjoint,7,8,-0.016419104303026566
degree_orientation_null,lung,seed44,target_disjoint,7,9,-0.015408499402237874
degree_orientation_null,lung,seed44,target_disjoint,7,10,-0.02833564123956067
degree_orientation_null,lung,seed44,target_disjoint,7,11,-0.038871734886081144
degree_orientation_null,lung,seed44,target_disjoint,7,12,-0.021377518986470778
degree_orientation_null,lung,seed44,target_disjoint,7,13,-0.008252556615376716
degree_orientation_null,lung,seed44,target_disjoint,7,14,-0.026383238580164614
degree_orientation_null,lung,seed44,target_disjoint,7,15,-0.010256564631408671
degree_orientation_null,lung,seed44,target_disjoint,7,16,-0.008747107949805266
degree_orientation_null,lung,seed44,target_disjoint,7,17,-0.0026619763131413565
degree_orientation_null,lung,seed44,target_disjoint,7,18,-0.01700826545795453
degree_orientation_null,lung,seed44,target_disjoint,7,19,-0.04159821789501761
degree_orientation_null,lung,seed44,target_disjoint,7,20,-0.013094859246389867
degree_orientation_null,lung,seed44,target_disjoint,7,21,-0.031182536747314304
degree_orientation_null,lung,seed44,target_disjoint,7,22,-0.009301865533642317
degree_orientation_null,lung,seed44,target_disjoint,7,23,-0.021386119879243437
degree_orientation_null,lung,seed44,target_disjoint,7,24,-0.025819880103554793
degree_orientation_null,lung,seed44,target_disjoint,7,25,-0.014557011017743648
degree_orientation_null,lung,seed44,target_disjoint,7,26,-0.0030447160415251195
degree_orientation_null,lung,seed44,target_disjoint,7,27,0.007818211530356889
degree_orientation_null,lung,seed44,target_disjoint,7,28,-0.017756543129176683
degree_orientation_null,lung,seed44,target_disjoint,7,29,0.021889272106444646
degree_orientation_null,lung,seed44,target_disjoint,7,30,-0.002416850869120135
degree_orientation_null,lung,seed44,target_disjoint,7,31,-0.01099624140985822
degree_orientation_null,lung,seed44,target_disjoint,7,32,-0.019769152037981574
degree_orientation_null,lung,seed44,target_disjoint,7,33,-0.02439213190329148
degree_orientation_null,lung,seed44,target_disjoint,7,34,-0.03578831482707906
degree_orientation_null,lung,seed44,target_disjoint,7,35,0.0023609450660979636
degree_orientation_null,lung,seed44,target_disjoint,7,36,-0.0018577928388967546
degree_orientation_null,lung,seed44,target_disjoint,7,37,-0.006893615557294841
degree_orientation_null,lung,seed44,target_disjoint,7,38,-0.011933738722079368
degree_orientation_null,lung,seed44,target_disjoint,7,39,-0.020771156045997607
degree_orientation_null,lung,seed44,target_disjoint,7,40,-0.015765436452303827
degree_orientation_null,lung,seed44,target_disjoint,7,41,-0.003913406211564663
degree_orientation_null,lung,seed44,target_disjoint,7,42,-0.004962715129830375
degree_orientation_null,lung,seed44,target_disjoint,7,43,-0.024770571185289025
degree_orientation_null,lung,seed44,target_disjoint,7,44,-0.011314474442447264
degree_orientation_null,lung,seed44,target_disjoint,7,45,-0.014518307000266573
degree_orientation_null,lung,seed44,target_disjoint,7,46,-0.01632019403614099
degree_orientation_null,lung,seed44,target_disjoint,7,47,-0.013486199867546178
degree_orientation_null,lung,seed44,target_disjoint,7,48,-0.021166797113540414
degree_orientation_null,lung,seed44,target_disjoint,7,49,-0.021884971660058317
degree_orientation_null,lung,seed44,target_disjoint,7,50,-0.027561560890020265
degree_orientation_null,lung,seed44,target_disjoint,7,51,0.023949185925499106
degree_orientation_null,lung,seed44,target_disjoint,7,52,-0.025265122519717464
degree_orientation_null,lung,seed44,target_disjoint,7,53,0.016259987786732433
degree_orientation_null,lung,seed44,target_disjoint,7,54,-0.039327582203032674
degree_orientation_null,lung,seed44,target_disjoint,7,55,-0.028898999716170437
degree_orientation_null,lung,seed44,target_disjoint,7,56,-0.018608031513671075
degree_orientation_null,lung,seed44,target_disjoint,7,57,-0.0005160535663601973
degree_orientation_null,lung,seed44,target_disjoint,7,58,-0.04241960315480742
degree_orientation_null,lung,seed44,target_disjoint,7,59,-0.0024684562257560883
degree_orientation_null,lung,seed44,target_disjoint,7,60,-0.023063293969914023
degree_orientation_null,lung,seed44,target_disjoint,7,61,-0.0035951731789759522
degree_orientation_null,lung,seed44,target_disjoint,7,62,-0.02193227657030794
degree_orientation_null,lung,seed44,target_disjoint,7,63,-0.012875536480686622
degree_orientation_null,lung,seed44,target_disjoint,11,0,0.010798420876086956
degree_orientation_null,lung,seed44,target_disjoint,11,1,0.009056740089621429
degree_orientation_null,lung,seed44,target_disjoint,11,2,0.007727902156243749
degree_orientation_null,lung,seed44,target_disjoint,11,3,0.01931760516741632
degree_orientation_null,lung,seed44,target_disjoint,11,4,0.00705703251997547
degree_orientation_null,lung,seed44,target_disjoint,11,5,-0.007796709298425131
degree_orientation_null,lung,seed44,target_disjoint,11,6,-0.02686918902182056
degree_orientation_null,lung,seed44,target_disjoint,11,7,0.01364961683022703
degree_orientation_null,lung,seed44,target_disjoint,11,8,-0.04485795625585948
degree_orientation_null,lung,seed44,target_disjoint,11,9,0.0007095736537452435
degree_orientation_null,lung,seed44,target_disjoint,11,10,-0.005246544591328561
degree_orientation_null,lung,seed44,target_disjoint,11,11,-0.016341696268072692
degree_orientation_null,lung,seed44,target_disjoint,11,12,-0.008308462418398999
degree_orientation_null,lung,seed44,target_disjoint,11,13,-0.007082835198293669
degree_orientation_null,lung,seed44,target_disjoint,11,14,-0.00012041249881722393
degree_orientation_null,lung,seed44,target_disjoint,11,15,-0.0363688750892342
degree_orientation_null,lung,seed44,target_disjoint,11,16,0.00044294597779259703
degree_orientation_null,lung,seed44,target_disjoint,11,17,-0.013899042720634358
degree_orientation_null,lung,seed44,target_disjoint,11,18,0.03024933988147982
degree_orientation_null,lung,seed44,target_disjoint,11,19,0.007259153500133286
degree_orientation_null,lung,seed44,target_disjoint,11,20,-0.002876998632457939
degree_orientation_null,lung,seed44,target_disjoint,11,21,-0.002296438370302911
degree_orientation_null,lung,seed44,target_disjoint,11,22,-0.00369408344586164
degree_orientation_null,lung,seed44,target_disjoint,11,23,0.012200366398032125
degree_orientation_null,lung,seed44,target_disjoint,11,24,-0.00534545485821436
degree_orientation_null,lung,seed44,target_disjoint,11,25,-0.005113230753352238
degree_orientation_null,lung,seed44,target_disjoint,11,26,-0.006356059759002941
degree_orientation_null,lung,seed44,target_disjoint,11,27,0.03440357109067915
degree_orientation_null,lung,seed44,target_disjoint,11,28,-0.037340775972546036
degree_orientation_null,lung,seed44,target_disjoint,11,29,0.005336853965441701
degree_orientation_null,lung,seed44,target_disjoint,11,30,-0.03857500408542408
degree_orientation_null,lung,seed44,target_disjoint,11,31,-0.007568785639949394
degree_orientation_null,lung,seed44,target_disjoint,11,32,0.010617802127860898
degree_orientation_null,lung,seed44,target_disjoint,11,33,0.011976743185942662
degree_orientation_null,lung,seed44,target_disjoint,11,34,-0.00041714329947450945
degree_orientation_null,lung,seed44,target_disjoint,11,35,0.009417977586073545
degree_orientation_null,lung,seed44,target_disjoint,11,36,-0.008553587862420164
degree_orientation_null,lung,seed44,target_disjoint,11,37,0.009336269104733064
degree_orientation_null,lung,seed44,target_disjoint,11,38,-0.0199239681078896
degree_orientation_null,lung,seed44,target_disjoint,11,39,-0.0003913406211565329
degree_orientation_null,lung,seed44,target_disjoint,11,40,-0.01999277525007087
degree_orientation_null,lung,seed44,target_disjoint,11,41,0.014931149853354753
degree_orientation_null,lung,seed44,target_disjoint,11,42,-0.0015825642701712272
degree_orientation_null,lung,seed44,target_disjoint,11,43,-0.04667274463089266
degree_orientation_null,lung,seed44,target_disjoint,11,44,-0.02453834708042696
degree_orientation_null,lung,seed44,target_disjoint,11,45,-0.013266877101843155
degree_orientation_null,lung,seed44,target_disjoint,11,46,-0.007138741001315951
degree_orientation_null,lung,seed44,target_disjoint,11,47,-0.026998202413410555
degree_orientation_null,lung,seed44,target_disjoint,11,48,-0.014621517713538756
degree_orientation_null,lung,seed44,target_disjoint,11,49,0.007960126261105871
degree_orientation_null,lung,seed44,target_disjoint,11,50,-0.015614920828781964
degree_orientation_null,lung,seed44,target_disjoint,11,51,-0.012509998537848233
degree_orientation_null,lung,seed44,target_disjoint,11,52,-0.01647501010604896
degree_orientation_null,lung,seed44,target_disjoint,11,53,0.0015954656093303266
degree_orientation_null,lung,seed44,target_disjoint,11,54,-0.016358898053617954
degree_orientation_null,lung,seed44,target_disjoint,11,55,-0.03295862110487069
degree_orientation_null,lung,seed44,target_disjoint,11,56,-0.030447160415251084
degree_orientation_null,lung,seed44,target_disjoint,11,57,-0.012062752113669362
degree_orientation_null,lung,seed44,target_disjoint,11,58,-0.006614086542183095
degree_orientation_null,lung,seed44,target_disjoint,11,59,-0.009374973122210084
degree_orientation_null,lung,seed44,target_disjoint,11,60,-0.0077537048345618365
degree_orientation_null,lung,seed44,target_disjoint,11,61,-0.05538114856322085
degree_orientation_null,lung,seed44,target_disjoint,11,62,-0.031685688974515513
degree_orientation_null,lung,seed44,target_disjoint,11,63,-0.015077365030490064
metric_matched_knn_randomization,external_lung,seed42_main,source_disjoint,7,0,-0.09187414000687993
metric_matched_knn_randomization,external_lung,seed42_main,source_disjoint,7,1,-0.11413721190230469
metric_matched_knn_randomization,external_lung,seed42_main,source_disjoint,7,2,-0.033975103199174295
metric_matched_knn_randomization,external_lung,seed42_main,source_disjoint,7,3,-0.06790720674234618
metric_matched_knn_randomization,external_lung,seed42_main,source_disjoint,7,4,-0.11064348985208117
metric_matched_knn_randomization,external_lung,seed42_main,source_disjoint,7,5,-0.08723555211558309
metric_matched_knn_randomization,external_lung,seed42_main,source_disjoint,7,6,-0.0828872119023048
metric_matched_knn_randomization,external_lung,seed42_main,source_disjoint,7,7,-0.08312908496732019
metric_matched_knn_randomization,external_lung,seed42_main,source_disjoint,7,8,-0.08215084279325768
metric_matched_knn_randomization,external_lung,seed42_main,source_disjoint,7,9,-0.11576044891640863
metric_matched_knn_randomization,external_lung,seed42_main,source_disjoint,7,10,-0.09185801513587893
metric_matched_knn_randomization,external_lung,seed42_main,source_disjoint,7,11,-0.11730306157550735
metric_matched_knn_randomization,external_lung,seed42_main,source_disjoint,7,12,-0.10795601135190919
metric_matched_knn_randomization,external_lung,seed42_main,source_disjoint,7,13,-0.10217255761953903
metric_matched_knn_randomization,external_lung,seed42_main,source_disjoint,7,14,-0.10433329033367722
metric_matched_knn_randomization,external_lung,seed42_main,source_disjoint,7,15,-0.09620098039215669
metric_matched_knn_randomization,external_lung,seed42_main,source_disjoint,7,16,-0.09154626762985896
metric_matched_knn_randomization,external_lung,seed42_main,source_disjoint,7,17,-0.0699980650154799
metric_matched_knn_randomization,external_lung,seed42_main,source_disjoint,7,18,-0.11422321121431028
metric_matched_knn_randomization,external_lung,seed42_main,source_disjoint,7,19,-0.07230929652562784
metric_matched_knn_randomization,external_lung,seed42_main,source_disjoint,7,20,-0.06351049191606467
metric_matched_knn_randomization,external_lung,seed42_main,source_disjoint,7,21,-0.08831054351565187
metric_matched_knn_randomization,external_lung,seed42_main,source_disjoint,7,22,-0.09543773649810788
metric_matched_knn_randomization,external_lung,seed42_main,source_disjoint,7,23,-0.08904153766769851
metric_matched_knn_randomization,external_lung,seed42_main,source_disjoint,7,24,-0.10917075163398687
metric_matched_knn_randomization,external_lung,seed42_main,source_disjoint,7,25,-0.09590535775713799
metric_matched_knn_randomization,external_lung,seed42_main,source_disjoint,7,26,-0.13170257137942898
metric_matched_knn_randomization,external_lung,seed42_main,source_disjoint,7,27,-0.08850941692466474
metric_matched_knn_randomization,external_lung,seed42_main,source_disjoint,7,28,-0.07072905916752664
metric_matched_knn_randomization,external_lung,seed42_main,source_disjoint,7,29,-0.07078280873753018
metric_matched_knn_randomization,external_lung,seed42_main,source_disjoint,7,30,-0.08570906432748548
metric_matched_knn_randomization,external_lung,seed42_main,source_disjoint,7,31,-0.05787216202270373
metric_matched_knn_randomization,external_lung,seed42_main,source_disjoint,7,32,-0.08044698142414863
metric_matched_knn_randomization,external_lung,seed42_main,source_disjoint,7,33,-0.07272854317165467
metric_matched_knn_randomization,external_lung,seed42_main,source_disjoint,7,34,-0.09461536807705545
metric_matched_knn_randomization,external_lung,seed42_main,source_disjoint,7,35,-0.033883728930168666
metric_matched_knn_randomization,external_lung,seed42_main,source_disjoint,7,36,-0.0865690574475404
metric_matched_knn_randomization,external_lung,seed42_main,source_disjoint,7,37,-0.0890522875816992
metric_matched_knn_randomization,external_lung,seed42_main,source_disjoint,7,38,-0.057286291709666315
metric_matched_knn_randomization,external_lung,seed42_main,source_disjoint,7,39,-0.10889662882696938
metric_matched_knn_randomization,external_lung,seed42_main,source_disjoint,7,40,-0.07626526487788088
metric_matched_knn_randomization,external_lung,seed42_main,source_disjoint,7,41,-0.062000128998967896
metric_matched_knn_randomization,external_lung,seed42_main,source_disjoint,7,42,-0.06851457688338486
metric_matched_knn_randomization,external_lung,seed42_main,source_disjoint,7,43,-0.06537022703818363
metric_matched_knn_randomization,external_lung,seed42_main,source_disjoint,7,44,-0.06961644306845555
metric_matched_knn_randomization,external_lung,seed42_main,source_disjoint,7,45,-0.12068928448572414
metric_matched_knn_randomization,external_lung,seed42_main,source_disjoint,7,46,-0.13322905916752664
metric_matched_knn_randomization,external_lung,seed42_main,source_disjoint,7,47,-0.0989099587203302
metric_matched_knn_randomization,external_lung,seed42_main,source_disjoint,7,48,-0.1028336773305813
metric_matched_knn_randomization,external_lung,seed42_main,source_disjoint,7,49,-0.11541645166838665
metric_matched_knn_randomization,external_lung,seed42_main,source_disjoint,7,50,-0.06320411936704501
metric_matched_knn_randomization,external_lung,seed42_main,source_disjoint,7,51,-0.09602360681114541
metric_matched_knn_randomization,external_lung,seed42_main,source_disjoint,7,52,-0.06274724802201592
metric_matched_knn_randomization,external_lung,seed42_main,source_disjoint,7,53,-0.04289753181974548
metric_matched_knn_randomization,external_lung,seed42_main,source_disjoint,7,54,-0.119797041623667
metric_matched_knn_randomization,external_lung,seed42_main,source_disjoint,7,55,-0.0795708634330925
metric_matched_knn_randomization,external_lung,seed42_main,source_disjoint,7,56,-0.12605349157206736
metric_matched_knn_randomization,external_lung,seed42_main,source_disjoint,7,57,-0.088982413140695
metric_matched_knn_randomization,external_lung,seed42_main,source_disjoint,7,58,-0.1219900240798073
metric_matched_knn_randomization,external_lung,seed42_main,source_disjoint,7,59,-0.1501171740626075
metric_matched_knn_randomization,external_lung,seed42_main,source_disjoint,7,60,-0.09224501203990354
metric_matched_knn_randomization,external_lung,seed42_main,source_disjoint,7,61,-0.08709580323357419
metric_matched_knn_randomization,external_lung,seed42_main,source_disjoint,7,62,-0.10681652046783607
metric_matched_knn_randomization,external_lung,seed42_main,source_disjoint,7,63,-0.07599114207086327
metric_matched_knn_randomization,external_lung,seed42_main,source_disjoint,11,0,-0.10656927244582037
metric_matched_knn_randomization,external_lung,seed42_main,source_disjoint,11,1,-0.06802545579635355
metric_matched_knn_randomization,external_lung,seed42_main,source_disjoint,11,2,-0.07981811145510836
metric_matched_knn_randomization,external_lung,seed42_main,source_disjoint,11,3,-0.07361003611971101
metric_matched_knn_randomization,external_lung,seed42_main,source_disjoint,11,4,-0.09909270725834207
metric_matched_knn_randomization,external_lung,seed42_main,source_disjoint,11,5,-0.10397316821465441
metric_matched_knn_randomization,external_lung,seed42_main,source_disjoint,11,6,-0.09048740110079118
metric_matched_knn_randomization,external_lung,seed42_main,source_disjoint,11,7,-0.10171568627450983
metric_matched_knn_randomization,external_lung,seed42_main,source_disjoint,11,8,-0.1127558479532163
metric_matched_knn_randomization,external_lung,seed42_main,source_disjoint,11,9,-0.07046568627450989
metric_matched_knn_randomization,external_lung,seed42_main,source_disjoint,11,10,-0.0794472394220847
metric_matched_knn_randomization,external_lung,seed42_main,source_disjoint,11,11,-0.09992045063639499
metric_matched_knn_randomization,external_lung,seed42_main,source_disjoint,11,12,-0.1299879600963193
metric_matched_knn_randomization,external_lung,seed42_main,source_disjoint,11,13,-0.07871624527003779
metric_matched_knn_randomization,external_lung,seed42_main,source_disjoint,11,14,-0.10102769177846571
metric_matched_knn_randomization,external_lung,seed42_main,source_disjoint,11,15,-0.11167548159614732
metric_matched_knn_randomization,external_lung,seed42_main,source_disjoint,11,16,-0.0980553405572755
metric_matched_knn_randomization,external_lung,seed42_main,source_disjoint,11,17,-0.08281733746130032
metric_matched_knn_randomization,external_lung,seed42_main,source_disjoint,11,18,-0.09789946680426564
metric_matched_knn_randomization,external_lung,seed42_main,source_disjoint,11,19,-0.09492174062607489
metric_matched_knn_randomization,external_lung,seed42_main,source_disjoint,11,20,-0.07913011695906425
metric_matched_knn_randomization,external_lung,seed42_main,source_disjoint,11,21,-0.05060522015823887
metric_matched_knn_randomization,external_lung,seed42_main,source_disjoint,11,22,-0.09940982972136225
metric_matched_knn_randomization,external_lung,seed42_main,source_disjoint,11,23,-0.13744302545579634
metric_matched_knn_randomization,external_lung,seed42_main,source_disjoint,11,24,-0.11049836601307195
metric_matched_knn_randomization,external_lung,seed42_main,source_disjoint,11,25,-0.09014340385276903
metric_matched_knn_randomization,external_lung,seed42_main,source_disjoint,11,26,-0.09824883900928794
metric_matched_knn_randomization,external_lung,seed42_main,source_disjoint,11,27,-0.10013544891640874
metric_matched_knn_randomization,external_lung,seed42_main,source_disjoint,11,28,-0.07299729102167185
metric_matched_knn_randomization,external_lung,seed42_main,source_disjoint,11,29,-0.07530852253181969
metric_matched_knn_randomization,external_lung,seed42_main,source_disjoint,11,30,-0.08055448056415548
metric_matched_knn_randomization,external_lung,seed42_main,source_disjoint,11,31,-0.10790763673890608
metric_matched_knn_randomization,external_lung,seed42_main,source_disjoint,11,32,-0.07542677158582733
metric_matched_knn_randomization,external_lung,seed42_main,source_disjoint,11,33,-0.1004095717234263
metric_matched_knn_randomization,external_lung,seed42_main,source_disjoint,11,34,-0.1014791881664947
metric_matched_knn_randomization,external_lung,seed42_main,source_disjoint,11,35,-0.12279626762985901
metric_matched_knn_randomization,external_lung,seed42_main,source_disjoint,11,36,-0.09667397660818716
metric_matched_knn_randomization,external_lung,seed42_main,source_disjoint,11,37,-0.1259997420020641
metric_matched_knn_randomization,external_lung,seed42_main,source_disjoint,11,38,-0.12679523563811484
metric_matched_knn_randomization,external_lung,seed42_main,source_disjoint,11,39,-0.07636201410388727
metric_matched_knn_randomization,external_lung,seed42_main,source_disjoint,11,40,-0.06956806845545227
metric_matched_knn_randomization,external_lung,seed42_main,source_disjoint,11,41,-0.10029669762641896
metric_matched_knn_randomization,external_lung,seed42_main,source_disjoint,11,42,-0.08150047299621588
metric_matched_knn_randomization,external_lung,seed42_main,source_disjoint,11,43,-0.08706355349157219
metric_matched_knn_randomization,external_lung,seed42_main,source_disjoint,11,44,-0.13046095631234933
metric_matched_knn_randomization,external_lung,seed42_main,source_disjoint,11,45,-0.08743442552459585
metric_matched_knn_randomization,external_lung,seed42_main,source_disjoint,11,46,-0.11302459580323371
metric_matched_knn_randomization,external_lung,seed42_main,source_disjoint,11,47,-0.11565832473340204
metric_matched_knn_randomization,external_lung,seed42_main,source_disjoint,11,48,-0.08696680426556591
metric_matched_knn_randomization,external_lung,seed42_main,source_disjoint,11,49,-0.11279884760921915
metric_matched_knn_randomization,external_lung,seed42_main,source_disjoint,11,50,-0.10725726694186455
metric_matched_knn_randomization,external_lung,seed42_main,source_disjoint,11,51,-0.11283109735122104
metric_matched_knn_randomization,external_lung,seed42_main,source_disjoint,11,52,-0.08947690918472662
metric_matched_knn_randomization,external_lung,seed42_main,source_disjoint,11,53,-0.13022445820433431
metric_matched_knn_randomization,external_lung,seed42_main,source_disjoint,11,54,-0.10549428104575159
metric_matched_knn_randomization,external_lung,seed42_main,source_disjoint,11,55,-0.08845566735466104
metric_matched_knn_randomization,external_lung,seed42_main,source_disjoint,11,56,-0.06937994496044031
metric_matched_knn_randomization,external_lung,seed42_main,source_disjoint,11,57,-0.13321830925352596
metric_matched_knn_randomization,external_lung,seed42_main,source_disjoint,11,58,-0.11580344857241132
metric_matched_knn_randomization,external_lung,seed42_main,source_disjoint,11,59,-0.10959537323701418
metric_matched_knn_randomization,external_lung,seed42_main,source_disjoint,11,60,-0.056641296869624935
metric_matched_knn_randomization,external_lung,seed42_main,source_disjoint,11,61,-0.08109735122119027
metric_matched_knn_randomization,external_lung,seed42_main,source_disjoint,11,62,-0.148155314757482
metric_matched_knn_randomization,external_lung,seed42_main,source_disjoint,11,63,-0.11623882008943942
metric_matched_knn_randomization,external_lung,seed42_main,target_disjoint,7,0,-0.049613899613899615
metric_matched_knn_randomization,external_lung,seed42_main,target_disjoint,7,1,0.003281853281853375
metric_matched_knn_randomization,external_lung,seed42_main,target_disjoint,7,2,-0.027153617317551615
metric_matched_knn_randomization,external_lung,seed42_main,target_disjoint,7,3,-0.002952718526489151
metric_matched_knn_randomization,external_lung,seed42_main,target_disjoint,7,4,-0.04928792961579842
metric_matched_knn_randomization,external_lung,seed42_main,target_disjoint,7,5,0.011041838091018441
metric_matched_knn_randomization,external_lung,seed42_main,target_disjoint,7,6,0.012950186720678492
metric_matched_knn_randomization,external_lung,seed42_main,target_disjoint,7,7,-0.013820494968036057
metric_matched_knn_randomization,external_lung,seed42_main,target_disjoint,7,8,-0.023995189568959963
metric_matched_knn_randomization,external_lung,seed42_main,target_disjoint,7,9,-0.011886828280270878
metric_matched_knn_randomization,external_lung,seed42_main,target_disjoint,7,10,-0.011165263624280164
metric_matched_knn_randomization,external_lung,seed42_main,target_disjoint,7,11,-0.04715488322045702
metric_matched_knn_randomization,external_lung,seed42_main,target_disjoint,7,12,0.002968542312804634
metric_matched_knn_randomization,external_lung,seed42_main,target_disjoint,7,13,-0.012440660801316561
metric_matched_knn_randomization,external_lung,seed42_main,target_disjoint,7,14,-0.03584720551933673
metric_matched_knn_randomization,external_lung,seed42_main,target_disjoint,7,15,-0.012225457307424525
metric_matched_knn_randomization,external_lung,seed42_main,target_disjoint,7,16,-0.014330020887397987
metric_matched_knn_randomization,external_lung,seed42_main,target_disjoint,7,17,-0.031153870498132674
metric_matched_knn_randomization,external_lung,seed42_main,target_disjoint,7,18,-0.018361921640610235
metric_matched_knn_randomization,external_lung,seed42_main,target_disjoint,7,19,0.015602253307171465
metric_matched_knn_randomization,external_lung,seed42_main,target_disjoint,7,20,-0.017434647762516575
metric_matched_knn_randomization,external_lung,seed42_main,target_disjoint,7,21,-0.032049496803595146
metric_matched_knn_randomization,external_lung,seed42_main,target_disjoint,7,22,0.008655611114627315
metric_matched_knn_randomization,external_lung,seed42_main,target_disjoint,7,23,-0.008415089562630595
metric_matched_knn_randomization,external_lung,seed42_main,target_disjoint,7,24,0.002690043673650222
metric_matched_knn_randomization,external_lung,seed42_main,target_disjoint,7,25,0.01624786378884746
metric_matched_knn_randomization,external_lung,seed42_main,target_disjoint,7,26,0.005617444142034356
metric_matched_knn_randomization,external_lung,seed42_main,target_disjoint,7,27,-0.009874042660928062
metric_matched_knn_randomization,external_lung,seed42_main,target_disjoint,7,28,-0.07354579403759742
metric_matched_knn_randomization,external_lung,seed42_main,target_disjoint,7,29,0.011079815178175911
metric_matched_knn_randomization,external_lung,seed42_main,target_disjoint,7,30,0.009089182859674638
metric_matched_knn_randomization,external_lung,seed42_main,target_disjoint,7,31,-0.011247547313121053
metric_matched_knn_randomization,external_lung,seed42_main,target_disjoint,7,32,-0.0013450218368251665
metric_matched_knn_randomization,external_lung,seed42_main,target_disjoint,7,33,-0.029419583517944048
metric_matched_knn_randomization,external_lung,seed42_main,target_disjoint,7,34,-0.01612760301284888
metric_matched_knn_randomization,external_lung,seed42_main,target_disjoint,7,35,0.012880562060890055
metric_matched_knn_randomization,external_lung,seed42_main,target_disjoint,7,36,-0.01967213114754096
metric_matched_knn_randomization,external_lung,seed42_main,target_disjoint,7,37,-0.02051712133679351
metric_matched_knn_randomization,external_lung,seed42_main,target_disjoint,7,38,-0.010446863725552147
metric_matched_knn_randomization,external_lung,seed42_main,target_disjoint,7,39,0.00462371036141529
metric_matched_knn_randomization,external_lung,seed42_main,target_disjoint,7,40,0.004380024052155207
metric_matched_knn_randomization,external_lung,seed42_main,target_disjoint,7,41,-0.043898347996708664
metric_matched_knn_randomization,external_lung,seed42_main,target_disjoint,7,42,-0.012317235268054838
metric_matched_knn_randomization,external_lung,seed42_main,target_disjoint,7,43,-0.03267928349895555
metric_matched_knn_randomization,external_lung,seed42_main,target_disjoint,7,44,-0.009117665675042685
metric_matched_knn_randomization,external_lung,seed42_main,target_disjoint,7,45,-0.06713399582252044
metric_matched_knn_randomization,external_lung,seed42_main,target_disjoint,7,46,-0.019713272991961572
metric_matched_knn_randomization,external_lung,seed42_main,target_disjoint,7,47,0.0005981391227292132
metric_matched_knn_randomization,external_lung,seed42_main,target_disjoint,7,48,-0.0002373567947339117
metric_matched_knn_randomization,external_lung,seed42_main,target_disjoint,7,49,-0.034071776694727496
metric_matched_knn_randomization,external_lung,seed42_main,target_disjoint,7,50,-0.01900120260776006
metric_matched_knn_randomization,external_lung,seed42_main,target_disjoint,7,51,-0.011399455661750713
metric_matched_knn_randomization,external_lung,seed42_main,target_disjoint,7,52,-0.003848344831951289
metric_matched_knn_randomization,external_lung,seed42_main,target_disjoint,7,53,0.013706563706563757
metric_matched_knn_randomization,external_lung,seed42_main,target_disjoint,7,54,-0.013279321476042827
metric_matched_knn_randomization,external_lung,seed42_main,target_disjoint,7,55,0.0005190201911512426
metric_matched_knn_randomization,external_lung,seed42_main,target_disjoint,7,56,-0.035201595037660516
metric_matched_knn_randomization,external_lung,seed42_main,target_disjoint,7,57,-0.00773150199379713
metric_matched_knn_randomization,external_lung,seed42_main,target_disjoint,7,58,0.010035445281346922
metric_matched_knn_randomization,external_lung,seed42_main,target_disjoint,7,59,-0.004436989682891301
metric_matched_knn_randomization,external_lung,seed42_main,target_disjoint,7,60,-0.009662003924299056
metric_matched_knn_randomization,external_lung,seed42_main,target_disjoint,7,61,-0.061465915564276274
metric_matched_knn_randomization,external_lung,seed42_main,target_disjoint,7,62,-0.023836951705804243
metric_matched_knn_randomization,external_lung,seed42_main,target_disjoint,7,63,0.01860877270713346
metric_matched_knn_randomization,external_lung,seed42_main,target_disjoint,11,0,0.003813532502057071
metric_matched_knn_randomization,external_lung,seed42_main,target_disjoint,11,1,0.0065732008354959515
metric_matched_knn_randomization,external_lung,seed42_main,target_disjoint,11,2,-0.05076270650041137
metric_matched_knn_randomization,external_lung,seed42_main,target_disjoint,11,3,-0.02254889549971506
metric_matched_knn_randomization,external_lung,seed42_main,target_disjoint,11,4,-0.005123742008987908
metric_matched_knn_randomization,external_lung,seed42_main,target_disjoint,11,5,-0.054164820558263216
metric_matched_knn_randomization,external_lung,seed42_main,target_disjoint,11,6,0.0035983290081651464
metric_matched_knn_randomization,external_lung,seed42_main,target_disjoint,11,7,-0.030410152541300084
metric_matched_knn_randomization,external_lung,seed42_main,target_disjoint,11,8,-0.0027311855180708333
metric_matched_knn_randomization,external_lung,seed42_main,target_disjoint,11,9,0.004329387935945395
metric_matched_knn_randomization,external_lung,seed42_main,target_disjoint,11,10,0.010731691879232952
metric_matched_knn_randomization,external_lung,seed42_main,target_disjoint,11,11,-0.033220456990948666
metric_matched_knn_randomization,external_lung,seed42_main,target_disjoint,11,12,0.012643205266156143
metric_matched_knn_randomization,external_lung,seed42_main,target_disjoint,11,13,-0.02052661560858282
metric_matched_knn_randomization,external_lung,seed42_main,target_disjoint,11,14,0.0028830938667003814
metric_matched_knn_randomization,external_lung,seed42_main,target_disjoint,11,15,-0.02351098170770305
metric_matched_knn_randomization,external_lung,seed42_main,target_disjoint,11,16,-0.009475283245775179
metric_matched_knn_randomization,external_lung,seed42_main,target_disjoint,11,17,-0.008525856066839643
metric_matched_knn_randomization,external_lung,seed42_main,target_disjoint,11,18,-0.010434204696499805
metric_matched_knn_randomization,external_lung,seed42_main,target_disjoint,11,19,0.012586239635419827
metric_matched_knn_randomization,external_lung,seed42_main,target_disjoint,11,20,-0.03365719349325902
metric_matched_knn_randomization,external_lung,seed42_main,target_disjoint,11,21,-0.005370593075511132
metric_matched_knn_randomization,external_lung,seed42_main,target_disjoint,11,22,0.00831698208747389
metric_matched_knn_randomization,external_lung,seed42_main,target_disjoint,11,23,0.006478258117602276
metric_matched_knn_randomization,external_lung,seed42_main,target_disjoint,11,24,-0.004019241724159794
metric_matched_knn_randomization,external_lung,seed42_main,target_disjoint,11,25,-0.043784416735236364
metric_matched_knn_randomization,external_lung,seed42_main,target_disjoint,11,26,-0.008285334514842702
metric_matched_knn_randomization,external_lung,seed42_main,target_disjoint,11,27,-0.02888157478321418
metric_matched_knn_randomization,external_lung,seed42_main,target_disjoint,11,28,-0.02305525666181396
metric_matched_knn_randomization,external_lung,seed42_main,target_disjoint,11,29,-0.0024716754224951565
metric_matched_knn_randomization,external_lung,seed42_main,target_disjoint,11,30,-0.0008196721311476418
metric_matched_knn_randomization,external_lung,seed42_main,target_disjoint,11,31,0.000993733780619066
metric_matched_knn_randomization,external_lung,seed42_main,target_disjoint,11,32,0.0020127856193430382
metric_matched_knn_randomization,external_lung,seed42_main,target_disjoint,11,33,-0.004990822203936984
metric_matched_knn_randomization,external_lung,seed42_main,target_disjoint,11,34,-0.01398506234571828
metric_matched_knn_randomization,external_lung,seed42_main,target_disjoint,11,35,0.018162541933033682
metric_matched_knn_randomization,external_lung,seed42_main,target_disjoint,11,36,-0.04115450344958538
metric_matched_knn_randomization,external_lung,seed42_main,target_disjoint,11,37,-0.01989682891322242
metric_matched_knn_randomization,external_lung,seed42_main,target_disjoint,11,38,-0.011190581682384959
metric_matched_knn_randomization,external_lung,seed42_main,target_disjoint,11,39,0.00839610101905186
metric_matched_knn_randomization,external_lung,seed42_main,target_disjoint,11,40,-0.01846002911576683
metric_matched_knn_randomization,external_lung,seed42_main,target_disjoint,11,41,0.013662257104880005
metric_matched_knn_randomization,external_lung,seed42_main,target_disjoint,11,42,-0.022321032976770683
metric_matched_knn_randomization,external_lung,seed42_main,target_disjoint,11,43,0.0016646623203999678
metric_matched_knn_randomization,external_lung,seed42_main,target_disjoint,11,44,0.024340148110640003
metric_matched_knn_randomization,external_lung,seed42_main,target_disjoint,11,45,-0.004772453952781808
metric_matched_knn_randomization,external_lung,seed42_main,target_disjoint,11,46,0.0256883347047282
metric_matched_knn_randomization,external_lung,seed42_main,target_disjoint,11,47,-5.380087347295337e-05
metric_matched_knn_randomization,external_lung,seed42_main,target_disjoint,11,48,-0.016570669029685403
metric_matched_knn_randomization,external_lung,seed42_main,target_disjoint,11,49,0.010750680422811687
metric_matched_knn_randomization,external_lung,seed42_main,target_disjoint,11,50,-0.036897904930691894
metric_matched_knn_randomization,external_lung,seed42_main,target_disjoint,11,51,-0.04356288372681827
metric_matched_knn_randomization,external_lung,seed42_main,target_disjoint,11,52,-0.005244002784986379
metric_matched_knn_randomization,external_lung,seed42_main,target_disjoint,11,53,-0.004937021330463698
metric_matched_knn_randomization,external_lung,seed42_main,target_disjoint,11,54,-0.04042344452180524
metric_matched_knn_randomization,external_lung,seed42_main,target_disjoint,11,55,-0.0048737261852015434
metric_matched_knn_randomization,external_lung,seed42_main,target_disjoint,11,56,0.016080131653902097
metric_matched_knn_randomization,external_lung,seed42_main,target_disjoint,11,57,-0.052990695613646444
metric_matched_knn_randomization,external_lung,seed42_main,target_disjoint,11,58,-0.013478701183619268
metric_matched_knn_randomization,external_lung,seed42_main,target_disjoint,11,59,-0.036980188619532894
metric_matched_knn_randomization,external_lung,seed42_main,target_disjoint,11,60,-0.015535793404645837
metric_matched_knn_randomization,external_lung,seed42_main,target_disjoint,11,61,0.004766124438255526
metric_matched_knn_randomization,external_lung,seed42_main,target_disjoint,11,62,0.004927527058674608
metric_matched_knn_randomization,external_lung,seed42_main,target_disjoint,11,63,-0.002822963478701146
metric_matched_knn_randomization,external_lung,seed43,source_disjoint,7,0,-0.061684097314938346
metric_matched_knn_randomization,external_lung,seed43,source_disjoint,7,1,-0.09990172081293591
metric_matched_knn_randomization,external_lung,seed43,source_disjoint,7,2,-0.09322615338970491
metric_matched_knn_randomization,external_lung,seed43,source_disjoint,7,3,-0.07943925233644861
metric_matched_knn_randomization,external_lung,seed43,source_disjoint,7,4,-0.10075934579439255
metric_matched_knn_randomization,external_lung,seed43,source_disjoint,7,5,-0.13225504376205316
metric_matched_knn_randomization,external_lung,seed43,source_disjoint,7,6,-0.13657561934431095
metric_matched_knn_randomization,external_lung,seed43,source_disjoint,7,7,-0.09795931612520398
metric_matched_knn_randomization,external_lung,seed43,source_disjoint,7,8,-0.09197448449784895
metric_matched_knn_randomization,external_lung,seed43,source_disjoint,7,9,-0.08578567719922858
metric_matched_knn_randomization,external_lung,seed43,source_disjoint,7,10,-0.08105715027443994
metric_matched_knn_randomization,external_lung,seed43,source_disjoint,7,11,-0.11121773475745439
metric_matched_knn_randomization,external_lung,seed43,source_disjoint,7,12,-0.11762442515947191
metric_matched_knn_randomization,external_lung,seed43,source_disjoint,7,13,-0.09970701676309152
metric_matched_knn_randomization,external_lung,seed43,source_disjoint,7,14,-0.09336059190031143
metric_matched_knn_randomization,external_lung,seed43,source_disjoint,7,15,-0.09431556890669046
metric_matched_knn_randomization,external_lung,seed43,source_disjoint,7,16,-0.08538236166740826
metric_matched_knn_randomization,external_lung,seed43,source_disjoint,7,17,-0.07375574840528104
metric_matched_knn_randomization,external_lung,seed43,source_disjoint,7,18,-0.0829300178015131
metric_matched_knn_randomization,external_lung,seed43,source_disjoint,7,19,-0.10227989170746193
metric_matched_knn_randomization,external_lung,seed43,source_disjoint,7,20,-0.05554164812342388
metric_matched_knn_randomization,external_lung,seed43,source_disjoint,7,21,-0.0762729936211245
metric_matched_knn_randomization,external_lung,seed43,source_disjoint,7,22,-0.11465750630470256
metric_matched_knn_randomization,external_lung,seed43,source_disjoint,7,23,-0.1026692998071504
metric_matched_knn_randomization,external_lung,seed43,source_disjoint,7,24,-0.11632639816051021
metric_matched_knn_randomization,external_lung,seed43,source_disjoint,7,25,-0.08481679276071802
metric_matched_knn_randomization,external_lung,seed43,source_disjoint,7,26,-0.06616229046135591
metric_matched_knn_randomization,external_lung,seed43,source_disjoint,7,27,-0.06585632695445776
metric_matched_knn_randomization,external_lung,seed43,source_disjoint,7,28,-0.06790535528853286
metric_matched_knn_randomization,external_lung,seed43,source_disjoint,7,29,-0.06854973297730305
metric_matched_knn_randomization,external_lung,seed43,source_disjoint,7,30,-0.1523930054887998
metric_matched_knn_randomization,external_lung,seed43,source_disjoint,7,31,-0.0959937323839194
metric_matched_knn_randomization,external_lung,seed43,source_disjoint,7,32,-0.07905448004747073
metric_matched_knn_randomization,external_lung,seed43,source_disjoint,7,33,-0.07400144637294181
metric_matched_knn_randomization,external_lung,seed43,source_disjoint,7,34,-0.11586745290016309
metric_matched_knn_randomization,external_lung,seed43,source_disjoint,7,35,-0.09327251149681037
metric_matched_knn_randomization,external_lung,seed43,source_disjoint,7,36,-0.06855436878801358
metric_matched_knn_randomization,external_lung,seed43,source_disjoint,7,37,-0.025802922415071983
metric_matched_knn_randomization,external_lung,seed43,source_disjoint,7,38,-0.11381378875537757
metric_matched_knn_randomization,external_lung,seed43,source_disjoint,7,39,-0.07657895712802254
metric_matched_knn_randomization,external_lung,seed43,source_disjoint,7,40,-0.12161585818127868
metric_matched_knn_randomization,external_lung,seed43,source_disjoint,7,41,-0.11312768877021212
metric_matched_knn_randomization,external_lung,seed43,source_disjoint,7,42,-0.040609701824655065
metric_matched_knn_randomization,external_lung,seed43,source_disjoint,7,43,-0.0825545171339564
metric_matched_knn_randomization,external_lung,seed43,source_disjoint,7,44,-0.0652165850763981
metric_matched_knn_randomization,external_lung,seed43,source_disjoint,7,45,-0.09917389853137515
metric_matched_knn_randomization,external_lung,seed43,source_disjoint,7,46,-0.10081961133363004
metric_matched_knn_randomization,external_lung,seed43,source_disjoint,7,47,-0.04636274291648129
metric_matched_knn_randomization,external_lung,seed43,source_disjoint,7,48,-0.07008418632250407
metric_matched_knn_randomization,external_lung,seed43,source_disjoint,7,49,-0.08633733867378729
metric_matched_knn_randomization,external_lung,seed43,source_disjoint,7,50,-0.07782599020916775
metric_matched_knn_randomization,external_lung,seed43,source_disjoint,7,51,-0.10915479899124764
metric_matched_knn_randomization,external_lung,seed43,source_disjoint,7,52,-0.08281875834445918
metric_matched_knn_randomization,external_lung,seed43,source_disjoint,7,53,-0.06178144933986063
metric_matched_knn_randomization,external_lung,seed43,source_disjoint,7,54,-0.06044170004450372
metric_matched_knn_randomization,external_lung,seed43,source_disjoint,7,55,-0.08840027443999404
metric_matched_knn_randomization,external_lung,seed43,source_disjoint,7,56,-0.06460465806260196
metric_matched_knn_randomization,external_lung,seed43,source_disjoint,7,57,-0.06984775997626469
metric_matched_knn_randomization,external_lung,seed43,source_disjoint,7,58,-0.09585929387331255
metric_matched_knn_randomization,external_lung,seed43,source_disjoint,7,59,-0.08725522919448142
metric_matched_knn_randomization,external_lung,seed43,source_disjoint,7,60,-0.06515168372645008
metric_matched_knn_randomization,external_lung,seed43,source_disjoint,7,61,-0.09507120605251446
metric_matched_knn_randomization,external_lung,seed43,source_disjoint,7,62,-0.10093087079068397
metric_matched_knn_randomization,external_lung,seed43,source_disjoint,7,63,-0.09769971072541167
metric_matched_knn_randomization,external_lung,seed43,source_disjoint,11,0,-0.09669373980121643
metric_matched_knn_randomization,external_lung,seed43,source_disjoint,11,1,-0.06774310191366262
metric_matched_knn_randomization,external_lung,seed43,source_disjoint,11,2,-0.07814122533748707
metric_matched_knn_randomization,external_lung,seed43,source_disjoint,11,3,-0.09061619195964993
metric_matched_knn_randomization,external_lung,seed43,source_disjoint,11,4,-0.13150404242693964
metric_matched_knn_randomization,external_lung,seed43,source_disjoint,11,5,-0.11239523067794088
metric_matched_knn_randomization,external_lung,seed43,source_disjoint,11,6,-0.058670820353063424
metric_matched_knn_randomization,external_lung,seed43,source_disjoint,11,7,-0.07094644711467152
metric_matched_knn_randomization,external_lung,seed43,source_disjoint,11,8,-0.08829828660436129
metric_matched_knn_randomization,external_lung,seed43,source_disjoint,11,9,-0.11321113336300248
metric_matched_knn_randomization,external_lung,seed43,source_disjoint,11,10,-0.10746736389259748
metric_matched_knn_randomization,external_lung,seed43,source_disjoint,11,11,-0.08547971369233054
metric_matched_knn_randomization,external_lung,seed43,source_disjoint,11,12,-0.10879320575582263
metric_matched_knn_randomization,external_lung,seed43,source_disjoint,11,13,-0.11947874944370279
metric_matched_knn_randomization,external_lung,seed43,source_disjoint,11,14,-0.08293465361222374
metric_matched_knn_randomization,external_lung,seed43,source_disjoint,11,15,-0.10730974632843793
metric_matched_knn_randomization,external_lung,seed43,source_disjoint,11,16,-0.06905503634475585
metric_matched_knn_randomization,external_lung,seed43,source_disjoint,11,17,-0.07745512535232146
metric_matched_knn_randomization,external_lung,seed43,source_disjoint,11,18,-0.10379580180982051
metric_matched_knn_randomization,external_lung,seed43,source_disjoint,11,19,-0.07545709093606279
metric_matched_knn_randomization,external_lung,seed43,source_disjoint,11,20,-0.1102952084260495
metric_matched_knn_randomization,external_lung,seed43,source_disjoint,11,21,-0.08569759679572775
metric_matched_knn_randomization,external_lung,seed43,source_disjoint,11,22,-0.10459316125203971
metric_matched_knn_randomization,external_lung,seed43,source_disjoint,11,23,-0.1227933541017654
metric_matched_knn_randomization,external_lung,seed43,source_disjoint,11,24,-0.08752410621569495
metric_matched_knn_randomization,external_lung,seed43,source_disjoint,11,25,-0.06066885476932199
metric_matched_knn_randomization,external_lung,seed43,source_disjoint,11,26,-0.09720367897937982
metric_matched_knn_randomization,external_lung,seed43,source_disjoint,11,27,-0.07754784156653322
metric_matched_knn_randomization,external_lung,seed43,source_disjoint,11,28,-0.08219755970924192
metric_matched_knn_randomization,external_lung,seed43,source_disjoint,11,29,-0.061350318943776905
metric_matched_knn_randomization,external_lung,seed43,source_disjoint,11,30,-0.11151442664293132
metric_matched_knn_randomization,external_lung,seed43,source_disjoint,11,31,-0.1062017875686101
metric_matched_knn_randomization,external_lung,seed43,source_disjoint,11,32,-0.08880822578252467
metric_matched_knn_randomization,external_lung,seed43,source_disjoint,11,33,-0.10627132472926865
metric_matched_knn_randomization,external_lung,seed43,source_disjoint,11,34,-0.11203363744251604
metric_matched_knn_randomization,external_lung,seed43,source_disjoint,11,35,-0.07286103693813972
metric_matched_knn_randomization,external_lung,seed43,source_disjoint,11,36,-0.059115858181278846
metric_matched_knn_randomization,external_lung,seed43,source_disjoint,11,37,-0.11697077584928062
metric_matched_knn_randomization,external_lung,seed43,source_disjoint,11,38,-0.09197912030855954
metric_matched_knn_randomization,external_lung,seed43,source_disjoint,11,39,-0.10241433021806862
metric_matched_knn_randomization,external_lung,seed43,source_disjoint,11,40,-0.13526368491321772
metric_matched_knn_randomization,external_lung,seed43,source_disjoint,11,41,-0.10724020916777932
metric_matched_knn_randomization,external_lung,seed43,source_disjoint,11,42,-0.10369381397418775
metric_matched_knn_randomization,external_lung,seed43,source_disjoint,11,43,-0.16345404984423684
metric_matched_knn_randomization,external_lung,seed43,source_disjoint,11,44,-0.128792093161252
metric_matched_knn_randomization,external_lung,seed43,source_disjoint,11,45,-0.12225560005933839
metric_matched_knn_randomization,external_lung,seed43,source_disjoint,11,46,-0.11097667260050442
metric_matched_knn_randomization,external_lung,seed43,source_disjoint,11,47,-0.07790479899124769
metric_matched_knn_randomization,external_lung,seed43,source_disjoint,11,48,-0.11094885773624086
metric_matched_knn_randomization,external_lung,seed43,source_disjoint,11,49,-0.06252781486426345
metric_matched_knn_randomization,external_lung,seed43,source_disjoint,11,50,-0.09004598724224888
metric_matched_knn_randomization,external_lung,seed43,source_disjoint,11,51,-0.11250649013499481
metric_matched_knn_randomization,external_lung,seed43,source_disjoint,11,52,-0.10225671265390884
metric_matched_knn_randomization,external_lung,seed43,source_disjoint,11,53,-0.0457322726598427
metric_matched_knn_randomization,external_lung,seed43,source_disjoint,11,54,-0.09366655540720964
metric_matched_knn_randomization,external_lung,seed43,source_disjoint,11,55,-0.1016123349651386
metric_matched_knn_randomization,external_lung,seed43,source_disjoint,11,56,-0.0932539682539682
metric_matched_knn_randomization,external_lung,seed43,source_disjoint,11,57,-0.09436192701379614
metric_matched_knn_randomization,external_lung,seed43,source_disjoint,11,58,-0.10463024773772445
metric_matched_knn_randomization,external_lung,seed43,source_disjoint,11,59,-0.09364337635365677
metric_matched_knn_randomization,external_lung,seed43,source_disjoint,11,60,-0.08614727043465359
metric_matched_knn_randomization,external_lung,seed43,source_disjoint,11,61,-0.08605919003115264
metric_matched_knn_randomization,external_lung,seed43,source_disjoint,11,62,-0.09436656282450673
metric_matched_knn_randomization,external_lung,seed43,source_disjoint,11,63,-0.0729305740987985
metric_matched_knn_randomization,external_lung,seed43,target_disjoint,7,0,-0.04227335834681534
metric_matched_knn_randomization,external_lung,seed43,target_disjoint,7,1,-0.028059848771700313
metric_matched_knn_randomization,external_lung,seed43,target_disjoint,7,2,0.024715156104781366
metric_matched_knn_randomization,external_lung,seed43,target_disjoint,7,3,-0.022563767168083726
metric_matched_knn_randomization,external_lung,seed43,target_disjoint,7,4,-0.01902114671898847
metric_matched_knn_randomization,external_lung,seed43,target_disjoint,7,5,0.02031484859958932
metric_matched_knn_randomization,external_lung,seed43,target_disjoint,7,6,-0.022735878283019595
metric_matched_knn_randomization,external_lung,seed43,target_disjoint,7,7,-0.0001864537078470896
metric_matched_knn_randomization,external_lung,seed43,target_disjoint,7,8,-0.009075992794281174
metric_matched_knn_randomization,external_lung,seed43,target_disjoint,7,9,0.0032844537766915094
metric_matched_knn_randomization,external_lung,seed43,target_disjoint,7,10,-0.03172868403841511
metric_matched_knn_randomization,external_lung,seed43,target_disjoint,7,11,-0.0017096370750289136
metric_matched_knn_randomization,external_lung,seed43,target_disjoint,7,12,-0.044484986173740415
metric_matched_knn_randomization,external_lung,seed43,target_disjoint,7,13,0.011803953966013636
metric_matched_knn_randomization,external_lung,seed43,target_disjoint,7,14,-0.04381088430690849
metric_matched_knn_randomization,external_lung,seed43,target_disjoint,7,15,-0.020736520831181826
metric_matched_knn_randomization,external_lung,seed43,target_disjoint,7,16,-0.03279577295101721
metric_matched_knn_randomization,external_lung,seed43,target_disjoint,7,17,-0.019798515254781934
metric_matched_knn_randomization,external_lung,seed43,target_disjoint,7,18,-0.020122657854577564
metric_matched_knn_randomization,external_lung,seed43,target_disjoint,7,19,-0.01267885213360409
metric_matched_knn_randomization,external_lung,seed43,target_disjoint,7,20,0.006448429772928144
metric_matched_knn_randomization,external_lung,seed43,target_disjoint,7,21,-0.0427093731713194
metric_matched_knn_randomization,external_lung,seed43,target_disjoint,7,22,-0.01911007079503857
metric_matched_knn_randomization,external_lung,seed43,target_disjoint,7,23,-0.0506838548300117
metric_matched_knn_randomization,external_lung,seed43,target_disjoint,7,24,-0.005630901976983016
metric_matched_knn_randomization,external_lung,seed43,target_disjoint,7,25,-0.019577639323947627
metric_matched_knn_randomization,external_lung,seed43,target_disjoint,7,26,0.013261161405803579
metric_matched_knn_randomization,external_lung,seed43,target_disjoint,7,27,-0.01486753181187117
metric_matched_knn_randomization,external_lung,seed43,target_disjoint,7,28,0.02631292095510207
metric_matched_knn_randomization,external_lung,seed43,target_disjoint,7,29,-0.019273576354227773
metric_matched_knn_randomization,external_lung,seed43,target_disjoint,7,30,-0.014830241070301509
metric_matched_knn_randomization,external_lung,seed43,target_disjoint,7,31,-0.04591924546487214
metric_matched_knn_randomization,external_lung,seed43,target_disjoint,7,32,0.0013482037336638442
metric_matched_knn_randomization,external_lung,seed43,target_disjoint,7,33,0.013731598453294858
metric_matched_knn_randomization,external_lung,seed43,target_disjoint,7,34,0.015292072562046122
metric_matched_knn_randomization,external_lung,seed43,target_disjoint,7,35,-0.024287746836024082
metric_matched_knn_randomization,external_lung,seed43,target_disjoint,7,36,-0.022724404208690485
metric_matched_knn_randomization,external_lung,seed43,target_disjoint,7,37,-0.009001411311142515
metric_matched_knn_randomization,external_lung,seed43,target_disjoint,7,38,-0.029387972875288493
metric_matched_knn_randomization,external_lung,seed43,target_disjoint,7,39,0.000763025942882245
metric_matched_knn_randomization,external_lung,seed43,target_disjoint,7,40,-0.003717600082613348
metric_matched_knn_randomization,external_lung,seed43,target_disjoint,7,41,-0.06257673287207566
metric_matched_knn_randomization,external_lung,seed43,target_disjoint,7,42,-0.007679024244719002
metric_matched_knn_randomization,external_lung,seed43,target_disjoint,7,43,-0.010989294688651063
metric_matched_knn_randomization,external_lung,seed43,target_disjoint,7,44,0.021284407880394207
metric_matched_knn_randomization,external_lung,seed43,target_disjoint,7,45,-0.026720250593783468
metric_matched_knn_randomization,external_lung,seed43,target_disjoint,7,46,-0.04654458251580529
metric_matched_knn_randomization,external_lung,seed43,target_disjoint,7,47,-0.002418161164848054
metric_matched_knn_randomization,external_lung,seed43,target_disjoint,7,48,-0.014050004015925932
metric_matched_knn_randomization,external_lung,seed43,target_disjoint,7,49,-0.01997923192546447
metric_matched_knn_randomization,external_lung,seed43,target_disjoint,7,50,-0.0020911500464699806
metric_matched_knn_randomization,external_lung,seed43,target_disjoint,7,51,0.023057152364233002
metric_matched_knn_randomization,external_lung,seed43,target_disjoint,7,52,-0.015553107753032092
metric_matched_knn_randomization,external_lung,seed43,target_disjoint,7,53,0.016364898511812553
metric_matched_knn_randomization,external_lung,seed43,target_disjoint,7,54,-0.012787855839730189
metric_matched_knn_randomization,external_lung,seed43,target_disjoint,7,55,0.015971911466042488
metric_matched_knn_randomization,external_lung,seed43,target_disjoint,7,56,-0.001055614838272878
metric_matched_knn_randomization,external_lung,seed43,target_disjoint,7,57,0.03664245636983243
metric_matched_knn_randomization,external_lung,seed43,target_disjoint,7,58,-0.023719780156735926
metric_matched_knn_randomization,external_lung,seed43,target_disjoint,7,59,0.018765848565167054
metric_matched_knn_randomization,external_lung,seed43,target_disjoint,7,60,0.03162254885087146
metric_matched_knn_randomization,external_lung,seed43,target_disjoint,7,61,0.005223572338301508
metric_matched_knn_randomization,external_lung,seed43,target_disjoint,7,62,0.017687285578235845
metric_matched_knn_randomization,external_lung,seed43,target_disjoint,7,63,-0.04436737691186765
metric_matched_knn_randomization,external_lung,seed43,target_disjoint,11,0,0.0067524927426478865
metric_matched_knn_randomization,external_lung,seed43,target_disjoint,11,1,-0.0035368834119308135
metric_matched_knn_randomization,external_lung,seed43,target_disjoint,11,2,-0.0038352093444862234
metric_matched_knn_randomization,external_lung,seed43,target_disjoint,11,3,0.009810333551340533
metric_matched_knn_randomization,external_lung,seed43,target_disjoint,11,4,0.005828829759159215
metric_matched_knn_randomization,external_lung,seed43,target_disjoint,11,5,0.009827544662834309
metric_matched_knn_randomization,external_lung,seed43,target_disjoint,11,6,-0.0011330648399940912
metric_matched_knn_randomization,external_lung,seed43,target_disjoint,11,7,0.005929227909538204
metric_matched_knn_randomization,external_lung,seed43,target_disjoint,11,8,0.02850160063336893
metric_matched_knn_randomization,external_lung,seed43,target_disjoint,11,9,0.01976983006895927
metric_matched_knn_randomization,external_lung,seed43,target_disjoint,11,10,-0.0032701111837801777
metric_matched_knn_randomization,external_lung,seed43,target_disjoint,11,11,-0.0022948148658106238
metric_matched_knn_randomization,external_lung,seed43,target_disjoint,11,12,0.002489874129404601
metric_matched_knn_randomization,external_lung,seed43,target_disjoint,11,13,-0.02397220979197512
metric_matched_knn_randomization,external_lung,seed43,target_disjoint,11,14,-0.005725563090197783
metric_matched_knn_randomization,external_lung,seed43,target_disjoint,11,15,-0.0034536963730450454
metric_matched_knn_randomization,external_lung,seed43,target_disjoint,11,16,-0.00046756852890894596
metric_matched_knn_randomization,external_lung,seed43,target_disjoint,11,17,-0.02157125973862073
metric_matched_knn_randomization,external_lung,seed43,target_disjoint,11,18,-0.001267885213360298
metric_matched_knn_randomization,external_lung,seed43,target_disjoint,11,19,-0.0037835760100054516
metric_matched_knn_randomization,external_lung,seed43,target_disjoint,11,20,0.009902126145973189
metric_matched_knn_randomization,external_lung,seed43,target_disjoint,11,21,-0.006399664957029594
metric_matched_knn_randomization,external_lung,seed43,target_disjoint,11,22,-0.0076417335031496725
metric_matched_knn_randomization,external_lung,seed43,target_disjoint,11,23,-0.008203963145273274
metric_matched_knn_randomization,external_lung,seed43,target_disjoint,11,24,0.005338313081592161
metric_matched_knn_randomization,external_lung,seed43,target_disjoint,11,25,-0.019267839317063107
metric_matched_knn_randomization,external_lung,seed43,target_disjoint,11,26,-0.007504044611201133
metric_matched_knn_randomization,external_lung,seed43,target_disjoint,11,27,0.002082544490723204
metric_matched_knn_randomization,external_lung,seed43,target_disjoint,11,28,-0.017366011497022438
metric_matched_knn_randomization,external_lung,seed43,target_disjoint,11,29,-0.030300161784448165
metric_matched_knn_randomization,external_lung,seed43,target_disjoint,11,30,-0.0015403944786755996
metric_matched_knn_randomization,external_lung,seed43,target_disjoint,11,31,-0.00772778906061744
metric_matched_knn_randomization,external_lung,seed43,target_disjoint,11,32,-0.003267242665198067
metric_matched_knn_randomization,external_lung,seed43,target_disjoint,11,33,-0.015102750335616588
metric_matched_knn_randomization,external_lung,seed43,target_disjoint,11,34,-0.012090805824240047
metric_matched_knn_randomization,external_lung,seed43,target_disjoint,11,35,0.006152972358954956
metric_matched_knn_randomization,external_lung,seed43,target_disjoint,11,36,-0.011201565063738594
metric_matched_knn_randomization,external_lung,seed43,target_disjoint,11,37,-0.006950420524824197
metric_matched_knn_randomization,external_lung,seed43,target_disjoint,11,38,-0.01581414294401795
metric_matched_knn_randomization,external_lung,seed43,target_disjoint,11,39,0.002294814865810735
metric_matched_knn_randomization,external_lung,seed43,target_disjoint,11,40,-0.024617626472984266
metric_matched_knn_randomization,external_lung,seed43,target_disjoint,11,41,-0.02977235436531156
metric_matched_knn_randomization,external_lung,seed43,target_disjoint,11,42,-0.03715305267747515
metric_matched_knn_randomization,external_lung,seed43,target_disjoint,11,43,0.010054157630833171
metric_matched_knn_randomization,external_lung,seed43,target_disjoint,11,44,0.003972898236434763
metric_matched_knn_randomization,external_lung,seed43,target_disjoint,11,45,-0.00722866682730372
metric_matched_knn_randomization,external_lung,seed43,target_disjoint,11,46,-0.015839959611258392
metric_matched_knn_randomization,external_lung,seed43,target_disjoint,11,47,-0.0051030945578465214
metric_matched_knn_randomization,external_lung,seed43,target_disjoint,11,48,-0.007667550170389892
metric_matched_knn_randomization,external_lung,seed43,target_disjoint,11,49,-0.009514876137367678
metric_matched_knn_randomization,external_lung,seed43,target_disjoint,11,50,-0.012805066951223631
metric_matched_knn_randomization,external_lung,seed43,target_disjoint,11,51,0.0003098000068844087
metric_matched_knn_randomization,external_lung,seed43,target_disjoint,11,52,-0.005699746422957119
metric_matched_knn_randomization,external_lung,seed43,target_disjoint,11,53,-0.03175450070565555
metric_matched_knn_randomization,external_lung,seed43,target_disjoint,11,54,-0.014279485502507128
metric_matched_knn_randomization,external_lung,seed43,target_disjoint,11,55,-0.012173992863125926
metric_matched_knn_randomization,external_lung,seed43,target_disjoint,11,56,-0.012721879912338085
metric_matched_knn_randomization,external_lung,seed43,target_disjoint,11,57,-0.034967241517790515
metric_matched_knn_randomization,external_lung,seed43,target_disjoint,11,58,0.006425481624269924
metric_matched_knn_randomization,external_lung,seed43,target_disjoint,11,59,-0.017830711507349273
metric_matched_knn_randomization,external_lung,seed43,target_disjoint,11,60,-0.015326494785033229
metric_matched_knn_randomization,external_lung,seed43,target_disjoint,11,61,0.0017239796679403563
metric_matched_knn_randomization,external_lung,seed43,target_disjoint,11,62,-0.008301492777070374
metric_matched_knn_randomization,external_lung,seed43,target_disjoint,11,63,-0.03176310626140233
metric_matched_knn_randomization,external_lung,seed44,source_disjoint,7,0,-0.07903552105386963
metric_matched_knn_randomization,external_lung,seed44,source_disjoint,7,1,-0.09921430251705488
metric_matched_knn_randomization,external_lung,seed44,source_disjoint,7,2,-0.11989179016701951
metric_matched_knn_randomization,external_lung,seed44,source_disjoint,7,3,-0.08054104916490235
metric_matched_knn_randomization,external_lung,seed44,source_disjoint,7,4,-0.043693248647377114
metric_matched_knn_randomization,external_lung,seed44,source_disjoint,7,5,-0.09727123029875329
metric_matched_knn_randomization,external_lung,seed44,source_disjoint,7,6,-0.1180004704775347
metric_matched_knn_randomization,external_lung,seed44,source_disjoint,7,7,-0.09091037402964003
metric_matched_knn_randomization,external_lung,seed44,source_disjoint,7,8,-0.05649494236650204
metric_matched_knn_randomization,external_lung,seed44,source_disjoint,7,9,-0.08325099976476125
metric_matched_knn_randomization,external_lung,seed44,source_disjoint,7,10,-0.09239237826393792
metric_matched_knn_randomization,external_lung,seed44,source_disjoint,7,11,-0.10619618913196899
metric_matched_knn_randomization,external_lung,seed44,source_disjoint,7,12,-0.12046577275935072
metric_matched_knn_randomization,external_lung,seed44,source_disjoint,7,13,-0.10822865208186305
metric_matched_knn_randomization,external_lung,seed44,source_disjoint,7,14,-0.08970124676546698
metric_matched_knn_randomization,external_lung,seed44,source_disjoint,7,15,-0.16837450011761945
metric_matched_knn_randomization,external_lung,seed44,source_disjoint,7,16,-0.11411432604093147
metric_matched_knn_randomization,external_lung,seed44,source_disjoint,7,17,-0.07571865443425085
metric_matched_knn_randomization,external_lung,seed44,source_disjoint,7,18,-0.14187250058809697
metric_matched_knn_randomization,external_lung,seed44,source_disjoint,7,19,-0.11353563867325345
metric_matched_knn_randomization,external_lung,seed44,source_disjoint,7,20,-0.06619148435662198
metric_matched_knn_randomization,external_lung,seed44,source_disjoint,7,21,-0.06450247000705711
metric_matched_knn_randomization,external_lung,seed44,source_disjoint,7,22,-0.10922606445542205
metric_matched_knn_randomization,external_lung,seed44,source_disjoint,7,23,-0.0740437544107268
metric_matched_knn_randomization,external_lung,seed44,source_disjoint,7,24,-0.12048929663608565
metric_matched_knn_randomization,external_lung,seed44,source_disjoint,7,25,-0.09560103505057649
metric_matched_knn_randomization,external_lung,seed44,source_disjoint,7,26,-0.10615384615384632
metric_matched_knn_randomization,external_lung,seed44,source_disjoint,7,27,-0.11380851564337807
metric_matched_knn_randomization,external_lung,seed44,source_disjoint,7,28,-0.08374970595154085
metric_matched_knn_randomization,external_lung,seed44,source_disjoint,7,29,-0.09673018113385079
metric_matched_knn_randomization,external_lung,seed44,source_disjoint,7,30,-0.09883792048929668
metric_matched_knn_randomization,external_lung,seed44,source_disjoint,7,31,-0.1052034815337568
metric_matched_knn_randomization,external_lung,seed44,source_disjoint,7,32,-0.05140908021641977
metric_matched_knn_randomization,external_lung,seed44,source_disjoint,7,33,-0.13119736532580573
metric_matched_knn_randomization,external_lung,seed44,source_disjoint,7,34,-0.09099035521053861
metric_matched_knn_randomization,external_lung,seed44,source_disjoint,7,35,-0.07999059044930601
metric_matched_knn_randomization,external_lung,seed44,source_disjoint,7,36,-0.0656504351917197
metric_matched_knn_randomization,external_lung,seed44,source_disjoint,7,37,-0.11476358503881445
metric_matched_knn_randomization,external_lung,seed44,source_disjoint,7,38,-0.10096447894613031
metric_matched_knn_randomization,external_lung,seed44,source_disjoint,7,39,-0.053907315925664445
metric_matched_knn_randomization,external_lung,seed44,source_disjoint,7,40,-0.10345330510468109
metric_matched_knn_randomization,external_lung,seed44,source_disjoint,7,41,-0.08414961185603392
metric_matched_knn_randomization,external_lung,seed44,source_disjoint,7,42,-0.12422018348623842
metric_matched_knn_randomization,external_lung,seed44,source_disjoint,7,43,-0.05199717713479185
metric_matched_knn_randomization,external_lung,seed44,source_disjoint,7,44,-0.08608797929898854
metric_matched_knn_randomization,external_lung,seed44,source_disjoint,7,45,-0.08484121383203952
metric_matched_knn_randomization,external_lung,seed44,source_disjoint,7,46,-0.09894613032227706
metric_matched_knn_randomization,external_lung,seed44,source_disjoint,7,47,-0.11337097153610914
metric_matched_knn_randomization,external_lung,seed44,source_disjoint,7,48,-0.10861444366031525
metric_matched_knn_randomization,external_lung,seed44,source_disjoint,7,49,-0.05546930134086081
metric_matched_knn_randomization,external_lung,seed44,source_disjoint,7,50,-0.0817407668783815
metric_matched_knn_randomization,external_lung,seed44,source_disjoint,7,51,-0.10097388849682437
metric_matched_knn_randomization,external_lung,seed44,source_disjoint,7,52,-0.10757939308398023
metric_matched_knn_randomization,external_lung,seed44,source_disjoint,7,53,-0.08342037167725247
metric_matched_knn_randomization,external_lung,seed44,source_disjoint,7,54,-0.08360856269113154
metric_matched_knn_randomization,external_lung,seed44,source_disjoint,7,55,-0.10783815572806404
metric_matched_knn_randomization,external_lung,seed44,source_disjoint,7,56,-0.1135027052458244
metric_matched_knn_randomization,external_lung,seed44,source_disjoint,7,57,-0.07922371206774875
metric_matched_knn_randomization,external_lung,seed44,source_disjoint,7,58,-0.08169842390025872
metric_matched_knn_randomization,external_lung,seed44,source_disjoint,7,59,-0.08895789226064466
metric_matched_knn_randomization,external_lung,seed44,source_disjoint,7,60,-0.11416137379440144
metric_matched_knn_randomization,external_lung,seed44,source_disjoint,7,61,-0.10013173370971534
metric_matched_knn_randomization,external_lung,seed44,source_disjoint,7,62,-0.10717007762879333
metric_matched_knn_randomization,external_lung,seed44,source_disjoint,7,63,-0.08658668548576809
metric_matched_knn_randomization,external_lung,seed44,source_disjoint,11,0,-0.08867090096447894
metric_matched_knn_randomization,external_lung,seed44,source_disjoint,11,1,-0.08802634674194304
metric_matched_knn_randomization,external_lung,seed44,source_disjoint,11,2,-0.07505057633497997
metric_matched_knn_randomization,external_lung,seed44,source_disjoint,11,3,-0.08566925429310757
metric_matched_knn_randomization,external_lung,seed44,source_disjoint,11,4,-0.10661961891319682
metric_matched_knn_randomization,external_lung,seed44,source_disjoint,11,5,-0.10515172900494008
metric_matched_knn_randomization,external_lung,seed44,source_disjoint,11,6,-0.08793225123500348
metric_matched_knn_randomization,external_lung,seed44,source_disjoint,11,7,-0.04786638438014579
metric_matched_knn_randomization,external_lung,seed44,source_disjoint,11,8,-0.07406257351211487
metric_matched_knn_randomization,external_lung,seed44,source_disjoint,11,9,-0.14709950599858845
metric_matched_knn_randomization,external_lung,seed44,source_disjoint,11,10,-0.10634203716772528
metric_matched_knn_randomization,external_lung,seed44,source_disjoint,11,11,-0.10745706892495888
metric_matched_knn_randomization,external_lung,seed44,source_disjoint,11,12,-0.08207951070336394
metric_matched_knn_randomization,external_lung,seed44,source_disjoint,11,13,-0.05585038814396609
metric_matched_knn_randomization,external_lung,seed44,source_disjoint,11,14,-0.12738649729475426
metric_matched_knn_randomization,external_lung,seed44,source_disjoint,11,15,-0.04834627146553744
metric_matched_knn_randomization,external_lung,seed44,source_disjoint,11,16,-0.1401458480357563
metric_matched_knn_randomization,external_lung,seed44,source_disjoint,11,17,-0.07377558221594921
metric_matched_knn_randomization,external_lung,seed44,source_disjoint,11,18,-0.10095977417078339
metric_matched_knn_randomization,external_lung,seed44,source_disjoint,11,19,-0.13700776287932243
metric_matched_knn_randomization,external_lung,seed44,source_disjoint,11,20,-0.08705716302046579
metric_matched_knn_randomization,external_lung,seed44,source_disjoint,11,21,-0.0716537285344625
metric_matched_knn_randomization,external_lung,seed44,source_disjoint,11,22,-0.08679369560103517
metric_matched_knn_randomization,external_lung,seed44,source_disjoint,11,23,-0.097939308398024
metric_matched_knn_randomization,external_lung,seed44,source_disjoint,11,24,-0.05306516113855564
metric_matched_knn_randomization,external_lung,seed44,source_disjoint,11,25,-0.05839096683133371
metric_matched_knn_randomization,external_lung,seed44,source_disjoint,11,26,-0.08208892025405773
metric_matched_knn_randomization,external_lung,seed44,source_disjoint,11,27,-0.09834391907786388
metric_matched_knn_randomization,external_lung,seed44,source_disjoint,11,28,-0.06883556810162311
metric_matched_knn_randomization,external_lung,seed44,source_disjoint,11,29,-0.06446012702893433
metric_matched_knn_randomization,external_lung,seed44,source_disjoint,11,30,-0.07027052458245109
metric_matched_knn_randomization,external_lung,seed44,source_disjoint,11,31,-0.1246389084921194
metric_matched_knn_randomization,external_lung,seed44,source_disjoint,11,32,-0.08416843095742177
metric_matched_knn_randomization,external_lung,seed44,source_disjoint,11,33,-0.10485532815808046
metric_matched_knn_randomization,external_lung,seed44,source_disjoint,11,34,-0.11313573276876016
metric_matched_knn_randomization,external_lung,seed44,source_disjoint,11,35,-0.08608797929898848
metric_matched_knn_randomization,external_lung,seed44,source_disjoint,11,36,-0.08591390261115028
metric_matched_knn_randomization,external_lung,seed44,source_disjoint,11,37,-0.09501764290755127
metric_matched_knn_randomization,external_lung,seed44,source_disjoint,11,38,-0.09328158080451654
metric_matched_knn_randomization,external_lung,seed44,source_disjoint,11,39,-0.08025876264408371
metric_matched_knn_randomization,external_lung,seed44,source_disjoint,11,40,-0.09843330980945647
metric_matched_knn_randomization,external_lung,seed44,source_disjoint,11,41,-0.12882615855092916
metric_matched_knn_randomization,external_lung,seed44,source_disjoint,11,42,-0.09824511879557746
metric_matched_knn_randomization,external_lung,seed44,source_disjoint,11,43,-0.1058574453069866
metric_matched_knn_randomization,external_lung,seed44,source_disjoint,11,44,-0.15560573982592335
metric_matched_knn_randomization,external_lung,seed44,source_disjoint,11,45,-0.0817407668783815
metric_matched_knn_randomization,external_lung,seed44,source_disjoint,11,46,-0.12998823806163246
metric_matched_knn_randomization,external_lung,seed44,source_disjoint,11,47,-0.08269113149847085
metric_matched_knn_randomization,external_lung,seed44,source_disjoint,11,48,-0.12557515878616798
metric_matched_knn_randomization,external_lung,seed44,source_disjoint,11,49,-0.13583627381792523
metric_matched_knn_randomization,external_lung,seed44,source_disjoint,11,50,-0.10898141613737944
metric_matched_knn_randomization,external_lung,seed44,source_disjoint,11,51,-0.12052693483886145
metric_matched_knn_randomization,external_lung,seed44,source_disjoint,11,52,-0.11788285109386026
metric_matched_knn_randomization,external_lung,seed44,source_disjoint,11,53,-0.09451423194542463
metric_matched_knn_randomization,external_lung,seed44,source_disjoint,11,54,-0.05189367207715828
metric_matched_knn_randomization,external_lung,seed44,source_disjoint,11,55,-0.11230298753234536
metric_matched_knn_randomization,external_lung,seed44,source_disjoint,11,56,-0.1077864031992472
metric_matched_knn_randomization,external_lung,seed44,source_disjoint,11,57,-0.09556810162314755
metric_matched_knn_randomization,external_lung,seed44,source_disjoint,11,58,-0.10847800517525269
metric_matched_knn_randomization,external_lung,seed44,source_disjoint,11,59,-0.12686426723123978
metric_matched_knn_randomization,external_lung,seed44,source_disjoint,11,60,-0.11816513761467895
metric_matched_knn_randomization,external_lung,seed44,source_disjoint,11,61,-0.08362738179251938
metric_matched_knn_randomization,external_lung,seed44,source_disjoint,11,62,-0.09350741002117147
metric_matched_knn_randomization,external_lung,seed44,source_disjoint,11,63,-0.07732298282756989
metric_matched_knn_randomization,external_lung,seed44,target_disjoint,7,0,-0.010571491410844014
metric_matched_knn_randomization,external_lung,seed44,target_disjoint,7,1,-0.02101854424225591
metric_matched_knn_randomization,external_lung,seed44,target_disjoint,7,2,-0.030226999120248288
metric_matched_knn_randomization,external_lung,seed44,target_disjoint,7,3,0.004607121359447963
metric_matched_knn_randomization,external_lung,seed44,target_disjoint,7,4,-0.005110663518081204
metric_matched_knn_randomization,external_lung,seed44,target_disjoint,7,5,-0.06623605130342192
metric_matched_knn_randomization,external_lung,seed44,target_disjoint,7,6,-0.02478642867064884
metric_matched_knn_randomization,external_lung,seed44,target_disjoint,7,7,-0.0045868639162846
metric_matched_knn_randomization,external_lung,seed44,target_disjoint,7,8,-0.05565877205167391
metric_matched_knn_randomization,external_lung,seed44,target_disjoint,7,9,0.003817081076075368
metric_matched_knn_randomization,external_lung,seed44,target_disjoint,7,10,0.003924156132796286
metric_matched_knn_randomization,external_lung,seed44,target_disjoint,7,11,-0.050603093022179024
metric_matched_knn_randomization,external_lung,seed44,target_disjoint,7,12,-0.026655901282585548
metric_matched_knn_randomization,external_lung,seed44,target_disjoint,7,13,-0.05176644904384864
metric_matched_knn_randomization,external_lung,seed44,target_disjoint,7,14,-0.026635643839422296
metric_matched_knn_randomization,external_lung,seed44,target_disjoint,7,15,-0.035855674399222104
metric_matched_knn_randomization,external_lung,seed44,target_disjoint,7,16,-0.008363430106033354
metric_matched_knn_randomization,external_lung,seed44,target_disjoint,7,17,-0.02434655276195774
metric_matched_knn_randomization,external_lung,seed44,target_disjoint,7,18,-0.021484465435014033
metric_matched_knn_randomization,external_lung,seed44,target_disjoint,7,19,-0.02226871787748297
metric_matched_knn_randomization,external_lung,seed44,target_disjoint,7,20,-0.07578888271519191
metric_matched_knn_randomization,external_lung,seed44,target_disjoint,7,21,0.004598439598092252
metric_matched_knn_randomization,external_lung,seed44,target_disjoint,7,22,-0.009321317775616955
metric_matched_knn_randomization,external_lung,seed44,target_disjoint,7,23,-0.036237671898874946
metric_matched_knn_randomization,external_lung,seed44,target_disjoint,7,24,0.006030930221790021
metric_matched_knn_randomization,external_lung,seed44,target_disjoint,7,25,-0.03231640968653049
metric_matched_knn_randomization,external_lung,seed44,target_disjoint,7,26,-0.03251319627726079
metric_matched_knn_randomization,external_lung,seed44,target_disjoint,7,27,-0.03349712923091175
metric_matched_knn_randomization,external_lung,seed44,target_disjoint,7,28,-0.019878339584201488
metric_matched_knn_randomization,external_lung,seed44,target_disjoint,7,29,-0.018998587766819286
metric_matched_knn_randomization,external_lung,seed44,target_disjoint,7,30,-0.03060899661990102
metric_matched_knn_randomization,external_lung,seed44,target_disjoint,7,31,-0.0038894290873731086
metric_matched_knn_randomization,external_lung,seed44,target_disjoint,7,32,-0.016301453905635088
metric_matched_knn_randomization,external_lung,seed44,target_disjoint,7,33,-0.004592651757188593
metric_matched_knn_randomization,external_lung,seed44,target_disjoint,7,34,-0.03695825809140152
metric_matched_knn_randomization,external_lung,seed44,target_disjoint,7,35,-0.035679145251655386
metric_matched_knn_randomization,external_lung,seed44,target_disjoint,7,36,0.0031688428948466463
metric_matched_knn_randomization,external_lung,seed44,target_disjoint,7,37,0.0024540445432237323
metric_matched_knn_randomization,external_lung,seed44,target_disjoint,7,38,-0.041996573598185094
metric_matched_knn_randomization,external_lung,seed44,target_disjoint,7,39,-0.03873223132842518
metric_matched_knn_randomization,external_lung,seed44,target_disjoint,7,40,-0.026250752419317402
metric_matched_knn_randomization,external_lung,seed44,target_disjoint,7,41,-0.07090973283326385
metric_matched_knn_randomization,external_lung,seed44,target_disjoint,7,42,-0.025371000601935534
metric_matched_knn_randomization,external_lung,seed44,target_disjoint,7,43,-0.026010557021808545
metric_matched_knn_randomization,external_lung,seed44,target_disjoint,7,44,-0.020303745890632996
metric_matched_knn_randomization,external_lung,seed44,target_disjoint,7,45,-0.004097791359911174
metric_matched_knn_randomization,external_lung,seed44,target_disjoint,7,46,-0.027935014122331903
metric_matched_knn_randomization,external_lung,seed44,target_disjoint,7,47,-0.030336968097420924
metric_matched_knn_randomization,external_lung,seed44,target_disjoint,7,48,-0.04964809927304714
metric_matched_knn_randomization,external_lung,seed44,target_disjoint,7,49,-0.007486572209102871
metric_matched_knn_randomization,external_lung,seed44,target_disjoint,7,50,-0.026496735657730364
metric_matched_knn_randomization,external_lung,seed44,target_disjoint,7,51,-0.0498796129092004
metric_matched_knn_randomization,external_lung,seed44,target_disjoint,7,52,-0.04118338195119686
metric_matched_knn_randomization,external_lung,seed44,target_disjoint,7,53,-0.046085683196740224
metric_matched_knn_randomization,external_lung,seed44,target_disjoint,7,54,-0.007205861925267398
metric_matched_knn_randomization,external_lung,seed44,target_disjoint,7,55,-0.0402370699634208
metric_matched_knn_randomization,external_lung,seed44,target_disjoint,7,56,-0.013832939760151985
metric_matched_knn_randomization,external_lung,seed44,target_disjoint,7,57,-0.012099481409455048
metric_matched_knn_randomization,external_lung,seed44,target_disjoint,7,58,-0.05164201046441641
metric_matched_knn_randomization,external_lung,seed44,target_disjoint,7,59,-0.015051280270407918
metric_matched_knn_randomization,external_lung,seed44,target_disjoint,7,60,-0.008004583969995815
metric_matched_knn_randomization,external_lung,seed44,target_disjoint,7,61,-0.02007802009538362
metric_matched_knn_randomization,external_lung,seed44,target_disjoint,7,62,-0.004638954484419311
metric_matched_knn_randomization,external_lung,seed44,target_disjoint,7,63,-0.004910983006899183
metric_matched_knn_randomization,external_lung,seed44,target_disjoint,11,0,-0.047341644672871275
metric_matched_knn_randomization,external_lung,seed44,target_disjoint,11,1,-0.03288651201555759
metric_matched_knn_randomization,external_lung,seed44,target_disjoint,11,2,-0.03194888178913724
metric_matched_knn_randomization,external_lung,seed44,target_disjoint,11,3,-0.012082117886743404
metric_matched_knn_randomization,external_lung,seed44,target_disjoint,11,4,-0.011569893966754563
metric_matched_knn_randomization,external_lung,seed44,target_disjoint,11,5,-0.024482567023197732
metric_matched_knn_randomization,external_lung,seed44,target_disjoint,11,6,-0.0318996851414548
metric_matched_knn_randomization,external_lung,seed44,target_disjoint,11,7,-0.024436264295967014
metric_matched_knn_randomization,external_lung,seed44,target_disjoint,11,8,-0.02504109367041729
metric_matched_knn_randomization,external_lung,seed44,target_disjoint,11,9,-0.02133108765106273
metric_matched_knn_randomization,external_lung,seed44,target_disjoint,11,10,-0.04757026438857237
metric_matched_knn_randomization,external_lung,seed44,target_disjoint,11,11,-0.027069731907209293
metric_matched_knn_randomization,external_lung,seed44,target_disjoint,11,12,-0.017927837199611107
metric_matched_knn_randomization,external_lung,seed44,target_disjoint,11,13,0.002598740565819435
metric_matched_knn_randomization,external_lung,seed44,target_disjoint,11,14,-0.018497939528638208
metric_matched_knn_randomization,external_lung,seed44,target_disjoint,11,15,-0.009833541695605907
metric_matched_knn_randomization,external_lung,seed44,target_disjoint,11,16,-0.007802009538361743
metric_matched_knn_randomization,external_lung,seed44,target_disjoint,11,17,-0.026456220771403305
metric_matched_knn_randomization,external_lung,seed44,target_disjoint,11,18,-0.0502529286474972
metric_matched_knn_randomization,external_lung,seed44,target_disjoint,11,19,-0.03011703014307532
metric_matched_knn_randomization,external_lung,seed44,target_disjoint,11,20,-0.00959624021854888
metric_matched_knn_randomization,external_lung,seed44,target_disjoint,11,21,-0.024624369125341494
metric_matched_knn_randomization,external_lung,seed44,target_disjoint,11,22,-0.019991202481826176
metric_matched_knn_randomization,external_lung,seed44,target_disjoint,11,23,-0.02176517571884984
metric_matched_knn_randomization,external_lung,seed44,target_disjoint,11,24,-0.04028337269065141
metric_matched_knn_randomization,external_lung,seed44,target_disjoint,11,25,-0.024693823216187405
metric_matched_knn_randomization,external_lung,seed44,target_disjoint,11,26,-0.003009677269991129
metric_matched_knn_randomization,external_lung,seed44,target_disjoint,11,27,-0.022378686854655716
metric_matched_knn_randomization,external_lung,seed44,target_disjoint,11,28,-0.03970169467981666
metric_matched_knn_randomization,external_lung,seed44,target_disjoint,11,29,-0.022008265036810637
metric_matched_knn_randomization,external_lung,seed44,target_disjoint,11,30,-0.03763543547714965
metric_matched_knn_randomization,external_lung,seed44,target_disjoint,11,31,-0.032785224799740664
metric_matched_knn_randomization,external_lung,seed44,target_disjoint,11,32,-0.0038633838033058643
metric_matched_knn_randomization,external_lung,seed44,target_disjoint,11,33,-0.0012241283511598144
metric_matched_knn_randomization,external_lung,seed44,target_disjoint,11,34,-0.020543941288141743
metric_matched_knn_randomization,external_lung,seed44,target_disjoint,11,35,-0.034347941843774654
metric_matched_knn_randomization,external_lung,seed44,target_disjoint,11,36,0.0017739732370235517
metric_matched_knn_randomization,external_lung,seed44,target_disjoint,11,37,-0.03311513173125902
metric_matched_knn_randomization,external_lung,seed44,target_disjoint,11,38,-0.004612909200351845
metric_matched_knn_randomization,external_lung,seed44,target_disjoint,11,39,-0.01656190674630742
metric_matched_knn_randomization,external_lung,seed44,target_disjoint,11,40,-0.002876556929202967
metric_matched_knn_randomization,external_lung,seed44,target_disjoint,11,41,-0.029853683381951157
metric_matched_knn_randomization,external_lung,seed44,target_disjoint,11,42,-0.011966361068666886
metric_matched_knn_randomization,external_lung,seed44,target_disjoint,11,43,-0.016451937769134672
metric_matched_knn_randomization,external_lung,seed44,target_disjoint,11,44,-0.02623338889660598
metric_matched_knn_randomization,external_lung,seed44,target_disjoint,11,45,-0.010380492661017815
metric_matched_knn_randomization,external_lung,seed44,target_disjoint,11,46,-0.00796696300412092
metric_matched_knn_randomization,external_lung,seed44,target_disjoint,11,47,-0.042688220586192704
metric_matched_knn_randomization,external_lung,seed44,target_disjoint,11,48,-0.015135203963513422
metric_matched_knn_randomization,external_lung,seed44,target_disjoint,11,49,-0.04058723433810252
metric_matched_knn_randomization,external_lung,seed44,target_disjoint,11,50,-0.045087280640829785
metric_matched_knn_randomization,external_lung,seed44,target_disjoint,11,51,-0.016744223734777797
metric_matched_knn_randomization,external_lung,seed44,target_disjoint,11,52,-0.009960874195489966
metric_matched_knn_randomization,external_lung,seed44,target_disjoint,11,53,-0.04167245450757051
metric_matched_knn_randomization,external_lung,seed44,target_disjoint,11,54,-0.006629971755336417
metric_matched_knn_randomization,external_lung,seed44,target_disjoint,11,55,-0.039328378941519526
metric_matched_knn_randomization,external_lung,seed44,target_disjoint,11,56,-0.030536648608603167
metric_matched_knn_randomization,external_lung,seed44,target_disjoint,11,57,-0.009179515673473193
metric_matched_knn_randomization,external_lung,seed44,target_disjoint,11,58,-0.016171227485298867
metric_matched_knn_randomization,external_lung,seed44,target_disjoint,11,59,-0.05146837523730141
metric_matched_knn_randomization,external_lung,seed44,target_disjoint,11,60,0.0056518266425892305
metric_matched_knn_randomization,external_lung,seed44,target_disjoint,11,61,-0.011682756864379251
metric_matched_knn_randomization,external_lung,seed44,target_disjoint,11,62,-0.03646918553502798
metric_matched_knn_randomization,external_lung,seed44,target_disjoint,11,63,-0.019215631800713173
metric_matched_knn_randomization,immune,seed42_main,source_disjoint,7,0,-0.052404863345216324
metric_matched_knn_randomization,immune,seed42_main,source_disjoint,7,1,-0.016893458539837147
metric_matched_knn_randomization,immune,seed42_main,source_disjoint,7,2,-0.006242210822247407
metric_matched_knn_randomization,immune,seed42_main,source_disjoint,7,3,-0.031464655247369855
metric_matched_knn_randomization,immune,seed42_main,source_disjoint,7,4,-0.03786989537141694
metric_matched_knn_randomization,immune,seed42_main,source_disjoint,7,5,0.004213401733182631
metric_matched_knn_randomization,immune,seed42_main,source_disjoint,7,6,-0.05361852592528188
metric_matched_knn_randomization,immune,seed42_main,source_disjoint,7,7,-0.02884894067182564
metric_matched_knn_randomization,immune,seed42_main,source_disjoint,7,8,-0.05174912326464365
metric_matched_knn_randomization,immune,seed42_main,source_disjoint,7,9,-0.086162797437904
metric_matched_knn_randomization,immune,seed42_main,source_disjoint,7,10,-0.047282120395327976
metric_matched_knn_randomization,immune,seed42_main,source_disjoint,7,11,-0.032345013477088846
metric_matched_knn_randomization,immune,seed42_main,source_disjoint,7,12,-0.0304140219691042
metric_matched_knn_randomization,immune,seed42_main,source_disjoint,7,13,-0.03944222241544204
metric_matched_knn_randomization,immune,seed42_main,source_disjoint,7,14,-0.01898023360287515
metric_matched_knn_randomization,immune,seed42_main,source_disjoint,7,15,-0.015426194823638606
metric_matched_knn_randomization,immune,seed42_main,source_disjoint,7,16,0.007535576616526152
metric_matched_knn_randomization,immune,seed42_main,source_disjoint,7,17,-0.0711568559255717
metric_matched_knn_randomization,immune,seed42_main,source_disjoint,7,18,-0.01883531866794197
metric_matched_knn_randomization,immune,seed42_main,source_disjoint,7,19,-0.02367910036808407
metric_matched_knn_randomization,immune,seed42_main,source_disjoint,7,20,-0.043017998434918714
metric_matched_knn_randomization,immune,seed42_main,source_disjoint,7,21,-0.052035330261136714
metric_matched_knn_randomization,immune,seed42_main,source_disjoint,7,22,-0.0475212300379676
metric_matched_knn_randomization,immune,seed42_main,source_disjoint,7,23,-0.034649160942526736
metric_matched_knn_randomization,immune,seed42_main,source_disjoint,7,24,-0.05258238414050953
metric_matched_knn_randomization,immune,seed42_main,source_disjoint,7,25,-0.08034083992696284
metric_matched_knn_randomization,immune,seed42_main,source_disjoint,7,26,-0.0636321479291656
metric_matched_knn_randomization,immune,seed42_main,source_disjoint,7,27,-0.05551691157290667
metric_matched_knn_randomization,immune,seed42_main,source_disjoint,7,28,-0.08958278990232732
metric_matched_knn_randomization,immune,seed42_main,source_disjoint,7,29,-0.04498159580326344
metric_matched_knn_randomization,immune,seed42_main,source_disjoint,7,30,-0.07201547691505067
metric_matched_knn_randomization,immune,seed42_main,source_disjoint,7,31,-0.04996666956496526
metric_matched_knn_randomization,immune,seed42_main,source_disjoint,7,32,-0.03332681216126132
metric_matched_knn_randomization,immune,seed42_main,source_disjoint,7,33,-0.007071848824739879
metric_matched_knn_randomization,immune,seed42_main,source_disjoint,7,34,-0.029236588122771967
metric_matched_knn_randomization,immune,seed42_main,source_disjoint,7,35,-0.0034381068312897556
metric_matched_knn_randomization,immune,seed42_main,source_disjoint,7,36,-0.035790366055125755
metric_matched_knn_randomization,immune,seed42_main,source_disjoint,7,37,-0.031069762049676708
metric_matched_knn_randomization,immune,seed42_main,source_disjoint,7,38,-0.05295554009796255
metric_matched_knn_randomization,immune,seed42_main,source_disjoint,7,39,-0.011064255282149382
metric_matched_knn_randomization,immune,seed42_main,source_disjoint,7,40,-0.03058791989102394
metric_matched_knn_randomization,immune,seed42_main,source_disjoint,7,41,-0.01054618438976318
metric_matched_knn_randomization,immune,seed42_main,source_disjoint,7,42,-0.043963568385357865
metric_matched_knn_randomization,immune,seed42_main,source_disjoint,7,43,-0.042536156276265946
metric_matched_knn_randomization,immune,seed42_main,source_disjoint,7,44,-0.021490884850592695
metric_matched_knn_randomization,immune,seed42_main,source_disjoint,7,45,-0.003557661652609956
metric_matched_knn_randomization,immune,seed42_main,source_disjoint,7,46,-0.02146552473697938
metric_matched_knn_randomization,immune,seed42_main,source_disjoint,7,47,-0.054248905892241184
metric_matched_knn_randomization,immune,seed42_main,source_disjoint,7,48,-0.03501144827985969
metric_matched_knn_randomization,immune,seed42_main,source_disjoint,7,49,-0.03476509289047325
metric_matched_knn_randomization,immune,seed42_main,source_disjoint,7,50,-0.06545807610932391
metric_matched_knn_randomization,immune,seed42_main,source_disjoint,7,51,-0.043963568385357865
metric_matched_knn_randomization,immune,seed42_main,source_disjoint,7,52,-0.01861070051879543
metric_matched_knn_randomization,immune,seed42_main,source_disjoint,7,53,-0.02109236877952636
metric_matched_knn_randomization,immune,seed42_main,source_disjoint,7,54,-0.017277483117410064
metric_matched_knn_randomization,immune,seed42_main,source_disjoint,7,55,-0.025613714749441963
metric_matched_knn_randomization,immune,seed42_main,source_disjoint,7,56,-0.05108251456395102
metric_matched_knn_randomization,immune,seed42_main,source_disjoint,7,57,-0.03835173753006993
metric_matched_knn_randomization,immune,seed42_main,source_disjoint,7,58,-0.014951598411732325
metric_matched_knn_randomization,immune,seed42_main,source_disjoint,7,59,-0.049151523055966095
metric_matched_knn_randomization,immune,seed42_main,source_disjoint,7,60,-0.04483668086833026
metric_matched_knn_randomization,immune,seed42_main,source_disjoint,7,61,-0.030950207228356952
metric_matched_knn_randomization,immune,seed42_main,source_disjoint,7,62,-0.03038503898211742
metric_matched_knn_randomization,immune,seed42_main,source_disjoint,7,63,-0.045619221516969566
metric_matched_knn_randomization,immune,seed42_main,source_disjoint,11,0,-0.05434310059994785
metric_matched_knn_randomization,immune,seed42_main,source_disjoint,11,1,-0.03537735849056606
metric_matched_knn_randomization,immune,seed42_main,source_disjoint,11,2,-0.023403761991710736
metric_matched_knn_randomization,immune,seed42_main,source_disjoint,11,3,-0.04080442280381413
metric_matched_knn_randomization,immune,seed42_main,source_disjoint,11,4,-0.06530229255427061
metric_matched_knn_randomization,immune,seed42_main,source_disjoint,11,5,-0.010002753383763774
metric_matched_knn_randomization,immune,seed42_main,source_disjoint,11,6,-0.057719618583891186
metric_matched_knn_randomization,immune,seed42_main,source_disjoint,11,7,-0.048839955945859714
metric_matched_knn_randomization,immune,seed42_main,source_disjoint,11,8,-0.039195867026055764
metric_matched_knn_randomization,immune,seed42_main,source_disjoint,11,9,-0.01192287627162858
metric_matched_knn_randomization,immune,seed42_main,source_disjoint,11,10,-0.034196301770860416
metric_matched_knn_randomization,immune,seed42_main,source_disjoint,11,11,-0.04065588499550754
metric_matched_knn_randomization,immune,seed42_main,source_disjoint,11,12,-0.04390197953801123
metric_matched_knn_randomization,immune,seed42_main,source_disjoint,11,13,-0.05247007506593615
metric_matched_knn_randomization,immune,seed42_main,source_disjoint,11,14,-0.03997116192794836
metric_matched_knn_randomization,immune,seed42_main,source_disjoint,11,15,-0.0034018780975567653
metric_matched_knn_randomization,immune,seed42_main,source_disjoint,11,16,-0.02690345767034752
metric_matched_knn_randomization,immune,seed42_main,source_disjoint,11,17,-0.04953192476016566
metric_matched_knn_randomization,immune,seed42_main,source_disjoint,11,18,-0.04388748804451792
metric_matched_knn_randomization,immune,seed42_main,source_disjoint,11,19,-0.04839434252094016
metric_matched_knn_randomization,immune,seed42_main,source_disjoint,11,20,-0.04964061096136585
metric_matched_knn_randomization,immune,seed42_main,source_disjoint,11,21,-0.04960075935425923
metric_matched_knn_randomization,immune,seed42_main,source_disjoint,11,22,-0.030953830101730362
metric_matched_knn_randomization,immune,seed42_main,source_disjoint,11,23,-0.05098107410949765
metric_matched_knn_randomization,immune,seed42_main,source_disjoint,11,24,-0.04162681505956006
metric_matched_knn_randomization,immune,seed42_main,source_disjoint,11,25,-0.040521838680694366
metric_matched_knn_randomization,immune,seed42_main,source_disjoint,11,26,-0.06427339651624503
metric_matched_knn_randomization,immune,seed42_main,source_disjoint,11,27,-0.0679578587369215
metric_matched_knn_randomization,immune,seed42_main,source_disjoint,11,28,-0.032613106106715306
metric_matched_knn_randomization,immune,seed42_main,source_disjoint,11,29,-0.042844100512998695
metric_matched_knn_randomization,immune,seed42_main,source_disjoint,11,30,-0.029653218560704686
metric_matched_knn_randomization,immune,seed42_main,source_disjoint,11,31,-0.05382502970756148
metric_matched_knn_randomization,immune,seed42_main,source_disjoint,11,32,0.0026048459554242065
metric_matched_knn_randomization,immune,seed42_main,source_disjoint,11,33,-0.07624337014172677
metric_matched_knn_randomization,immune,seed42_main,source_disjoint,11,34,-0.0032243573022635585
metric_matched_knn_randomization,immune,seed42_main,source_disjoint,11,35,-0.027443265802973626
metric_matched_knn_randomization,immune,seed42_main,source_disjoint,11,36,-0.05344825087673544
metric_matched_knn_randomization,immune,seed42_main,source_disjoint,11,37,-0.0005434310059992953
metric_matched_knn_randomization,immune,seed42_main,source_disjoint,11,38,-0.0346926354230066
metric_matched_knn_randomization,immune,seed42_main,source_disjoint,11,39,-0.0687693823725471
metric_matched_knn_randomization,immune,seed42_main,source_disjoint,11,40,-0.05703127264295854
metric_matched_knn_randomization,immune,seed42_main,source_disjoint,11,41,-0.044122974813784355
metric_matched_knn_randomization,immune,seed42_main,source_disjoint,11,42,-0.09781758107990601
metric_matched_knn_randomization,immune,seed42_main,source_disjoint,11,43,-0.04612280091586224
metric_matched_knn_randomization,immune,seed42_main,source_disjoint,11,44,-0.03722140103759075
metric_matched_knn_randomization,immune,seed42_main,source_disjoint,11,45,-0.0249543517954961
metric_matched_knn_randomization,immune,seed42_main,source_disjoint,11,46,-0.06461756948671149
metric_matched_knn_randomization,immune,seed42_main,source_disjoint,11,47,-0.0285917166623193
metric_matched_knn_randomization,immune,seed42_main,source_disjoint,11,48,-0.04032620351853461
metric_matched_knn_randomization,immune,seed42_main,source_disjoint,11,49,-0.07597165463872696
metric_matched_knn_randomization,immune,seed42_main,source_disjoint,11,50,-0.03644972900907184
metric_matched_knn_randomization,immune,seed42_main,source_disjoint,11,51,-0.005506767527461376
metric_matched_knn_randomization,immune,seed42_main,source_disjoint,11,52,-0.05602773671854616
metric_matched_knn_randomization,immune,seed42_main,source_disjoint,11,53,-0.0753376517983943
metric_matched_knn_randomization,immune,seed42_main,source_disjoint,11,54,-0.07006999391357277
metric_matched_knn_randomization,immune,seed42_main,source_disjoint,11,55,0.00860070138828517
metric_matched_knn_randomization,immune,seed42_main,source_disjoint,11,56,-0.04705750224618144
metric_matched_knn_randomization,immune,seed42_main,source_disjoint,11,57,-0.021338724168912693
metric_matched_knn_randomization,immune,seed42_main,source_disjoint,11,58,-0.057241399298611606
metric_matched_knn_randomization,immune,seed42_main,source_disjoint,11,59,-0.005412572819754713
metric_matched_knn_randomization,immune,seed42_main,source_disjoint,11,60,-0.04285859200649206
metric_matched_knn_randomization,immune,seed42_main,source_disjoint,11,61,-0.030308958641277584
metric_matched_knn_randomization,immune,seed42_main,source_disjoint,11,62,-0.010959191954322711
metric_matched_knn_randomization,immune,seed42_main,source_disjoint,11,63,-0.03048285656319749
metric_matched_knn_randomization,immune,seed42_main,target_disjoint,7,0,-0.01815576012750053
metric_matched_knn_randomization,immune,seed42_main,target_disjoint,7,1,-0.02389150550679131
metric_matched_knn_randomization,immune,seed42_main,target_disjoint,7,2,-0.03858322034301487
metric_matched_knn_randomization,immune,seed42_main,target_disjoint,7,3,-0.03414091676776321
metric_matched_knn_randomization,immune,seed42_main,target_disjoint,7,4,-0.020269868455481732
metric_matched_knn_randomization,immune,seed42_main,target_disjoint,7,5,-0.001843526249434957
metric_matched_knn_randomization,immune,seed42_main,target_disjoint,7,6,0.008462380170793926
metric_matched_knn_randomization,immune,seed42_main,target_disjoint,7,7,-0.021833892338066874
metric_matched_knn_randomization,immune,seed42_main,target_disjoint,7,8,-0.017745426865529657
metric_matched_knn_randomization,immune,seed42_main,target_disjoint,7,9,-0.07892671091129672
metric_matched_knn_randomization,immune,seed42_main,target_disjoint,7,10,-0.020100382977711162
metric_matched_knn_randomization,immune,seed42_main,target_disjoint,7,11,-0.031756226361235984
metric_matched_knn_randomization,immune,seed42_main,target_disjoint,7,12,-0.06741656557006581
metric_matched_knn_randomization,immune,seed42_main,target_disjoint,7,13,-0.0074484407336044
metric_matched_knn_randomization,immune,seed42_main,target_disjoint,7,14,-0.04841932491258122
metric_matched_knn_randomization,immune,seed42_main,target_disjoint,7,15,-0.01630034016032722
metric_matched_knn_randomization,immune,seed42_main,target_disjoint,7,16,-0.005804134256285898
metric_matched_knn_randomization,immune,seed42_main,target_disjoint,7,17,-0.007409786150955111
metric_matched_knn_randomization,immune,seed42_main,target_disjoint,7,18,-0.029615357168343626
metric_matched_knn_randomization,immune,seed42_main,target_disjoint,7,19,-0.033567044886890884
metric_matched_knn_randomization,immune,seed42_main,target_disjoint,7,20,-0.03938307286091486
metric_matched_knn_randomization,immune,seed42_main,target_disjoint,7,21,-0.03940686029639151
metric_matched_knn_randomization,immune,seed42_main,target_disjoint,7,22,-0.038645662361140976
metric_matched_knn_randomization,immune,seed42_main,target_disjoint,7,23,-0.028815504650443635
metric_matched_knn_randomization,immune,seed42_main,target_disjoint,7,24,0.020605865981588645
metric_matched_knn_randomization,immune,seed42_main,target_disjoint,7,25,-0.008066914055995689
metric_matched_knn_randomization,immune,seed42_main,target_disjoint,7,26,-0.07925081471966505
metric_matched_knn_randomization,immune,seed42_main,target_disjoint,7,27,-0.0628315373819549
metric_matched_knn_randomization,immune,seed42_main,target_disjoint,7,28,-0.05147601037132182
metric_matched_knn_randomization,immune,seed42_main,target_disjoint,7,29,-0.011129546373605637
metric_matched_knn_randomization,immune,seed42_main,target_disjoint,7,30,-0.0480416993743904
metric_matched_knn_randomization,immune,seed42_main,target_disjoint,7,31,-0.013505316491828956
metric_matched_knn_randomization,immune,seed42_main,target_disjoint,7,32,-0.04640928661481003
metric_matched_knn_randomization,immune,seed42_main,target_disjoint,7,33,-0.03779526154285301
metric_matched_knn_randomization,immune,seed42_main,target_disjoint,7,34,0.0006957824876898666
metric_matched_knn_randomization,immune,seed42_main,target_disjoint,7,35,-0.028455719688860348
metric_matched_knn_randomization,immune,seed42_main,target_disjoint,7,36,-0.014887961178905451
metric_matched_knn_randomization,immune,seed42_main,target_disjoint,7,37,-0.06137455695901417
metric_matched_knn_randomization,immune,seed42_main,target_disjoint,7,38,-0.0035443278860105565
metric_matched_knn_randomization,immune,seed42_main,target_disjoint,7,39,-0.023876638359618396
metric_matched_knn_randomization,immune,seed42_main,target_disjoint,7,40,-0.022241252170603465
metric_matched_knn_randomization,immune,seed42_main,target_disjoint,7,41,-0.03595173529341805
metric_matched_knn_randomization,immune,seed42_main,target_disjoint,7,42,-0.03266906919764978
metric_matched_knn_randomization,immune,seed42_main,target_disjoint,7,43,0.008729988819905388
metric_matched_knn_randomization,immune,seed42_main,target_disjoint,7,44,-0.05828516377649323
metric_matched_knn_randomization,immune,seed42_main,target_disjoint,7,45,-0.0594775089797569
metric_matched_knn_randomization,immune,seed42_main,target_disjoint,7,46,-0.007537643616641554
metric_matched_knn_randomization,immune,seed42_main,target_disjoint,7,47,-0.04444384975855742
metric_matched_knn_randomization,immune,seed42_main,target_disjoint,7,48,-0.027715335759651794
metric_matched_knn_randomization,immune,seed42_main,target_disjoint,7,49,0.01107007778491409
metric_matched_knn_randomization,immune,seed42_main,target_disjoint,7,50,-0.0469772116368134
metric_matched_knn_randomization,immune,seed42_main,target_disjoint,7,51,-0.038580246913580196
metric_matched_knn_randomization,immune,seed42_main,target_disjoint,7,52,-0.04449142462951061
metric_matched_knn_randomization,immune,seed42_main,target_disjoint,7,53,-0.02111134898546596
metric_matched_knn_randomization,immune,seed42_main,target_disjoint,7,54,-0.035241085658555105
metric_matched_knn_randomization,immune,seed42_main,target_disjoint,7,55,-0.04921917743048104
metric_matched_knn_randomization,immune,seed42_main,target_disjoint,7,56,-0.02092402293108786
metric_matched_knn_randomization,immune,seed42_main,target_disjoint,7,57,-0.03077202121839262
metric_matched_knn_randomization,immune,seed42_main,target_disjoint,7,58,-0.06848997359594661
metric_matched_knn_randomization,immune,seed42_main,target_disjoint,7,59,-0.01016912866623837
metric_matched_knn_randomization,immune,seed42_main,target_disjoint,7,60,0.0008652679654607143
metric_matched_knn_randomization,immune,seed42_main,target_disjoint,7,61,-0.04544292204857392
metric_matched_knn_randomization,immune,seed42_main,target_disjoint,7,62,-0.022824044339779692
metric_matched_knn_randomization,immune,seed42_main,target_disjoint,7,63,-0.0448125550084445
metric_matched_knn_randomization,immune,seed42_main,target_disjoint,11,0,-0.039671495516068356
metric_matched_knn_randomization,immune,seed42_main,target_disjoint,11,1,-0.03706677133138281
metric_matched_knn_randomization,immune,seed42_main,target_disjoint,11,2,-0.015090154380456466
metric_matched_knn_randomization,immune,seed42_main,target_disjoint,11,3,-0.010240490972668215
metric_matched_knn_randomization,immune,seed42_main,target_disjoint,11,4,-0.01747781821641803
metric_matched_knn_randomization,immune,seed42_main,target_disjoint,11,5,-0.011111705796998161
metric_matched_knn_randomization,immune,seed42_main,target_disjoint,11,6,-0.01933323818359145
metric_matched_knn_randomization,immune,seed42_main,target_disjoint,11,7,-0.01647874592640175
metric_matched_knn_randomization,immune,seed42_main,target_disjoint,11,8,-0.04843716548918858
metric_matched_knn_randomization,immune,seed42_main,target_disjoint,11,9,-0.006612907062489515
metric_matched_knn_randomization,immune,seed42_main,target_disjoint,11,10,-0.057318799210257065
metric_matched_knn_randomization,immune,seed42_main,target_disjoint,11,11,-0.0622041437712601
metric_matched_knn_randomization,immune,seed42_main,target_disjoint,11,12,-0.04999821594233933
metric_matched_knn_randomization,immune,seed42_main,target_disjoint,11,13,-0.051574133542662826
metric_matched_knn_randomization,immune,seed42_main,target_disjoint,11,14,-0.02333547420252624
metric_matched_knn_randomization,immune,seed42_main,target_disjoint,11,15,-0.04671257641713655
metric_matched_knn_randomization,immune,seed42_main,target_disjoint,11,16,-0.023950974095482636
metric_matched_knn_randomization,immune,seed42_main,target_disjoint,11,17,-0.00703810747163347
metric_matched_knn_randomization,immune,seed42_main,target_disjoint,11,18,-0.04270439353933253
metric_matched_knn_randomization,immune,seed42_main,target_disjoint,11,19,-0.020531530245724183
metric_matched_knn_randomization,immune,seed42_main,target_disjoint,11,20,-0.013713456552249093
metric_matched_knn_randomization,immune,seed42_main,target_disjoint,11,21,-0.046477675491805204
metric_matched_knn_randomization,immune,seed42_main,target_disjoint,11,22,-0.030867170960298673
metric_matched_knn_randomization,immune,seed42_main,target_disjoint,11,23,-0.029984062418230706
metric_matched_knn_randomization,immune,seed42_main,target_disjoint,11,24,-0.011194961821165972
metric_matched_knn_randomization,immune,seed42_main,target_disjoint,11,25,-0.027504222269796985
metric_matched_knn_randomization,immune,seed42_main,target_disjoint,11,26,-0.019806013463688488
metric_matched_knn_randomization,immune,seed42_main,target_disjoint,11,27,0.002134922334023237
metric_matched_knn_randomization,immune,seed42_main,target_disjoint,11,28,-0.05237398606056293
metric_matched_knn_randomization,immune,seed42_main,target_disjoint,11,29,-0.03103368300863485
metric_matched_knn_randomization,immune,seed42_main,target_disjoint,11,30,-0.04995064107138608
metric_matched_knn_randomization,immune,seed42_main,target_disjoint,11,31,-0.056298912914198695
metric_matched_knn_randomization,immune,seed42_main,target_disjoint,11,32,0.006618853921358636
metric_matched_knn_randomization,immune,seed42_main,target_disjoint,11,33,-0.042088893646376024
metric_matched_knn_randomization,immune,seed42_main,target_disjoint,11,34,-0.012848188586788267
metric_matched_knn_randomization,immune,seed42_main,target_disjoint,11,35,-0.04323663740812095
metric_matched_knn_randomization,immune,seed42_main,target_disjoint,11,36,-0.01900616094578844
metric_matched_knn_randomization,immune,seed42_main,target_disjoint,11,37,-0.021756583172768185
metric_matched_knn_randomization,immune,seed42_main,target_disjoint,11,38,-0.02051368966911682
metric_matched_knn_randomization,immune,seed42_main,target_disjoint,11,39,-0.011869930302814136
metric_matched_knn_randomization,immune,seed42_main,target_disjoint,11,40,-0.05186255619781632
metric_matched_knn_randomization,immune,seed42_main,target_disjoint,11,41,0.015833511739099415
metric_matched_knn_randomization,immune,seed42_main,target_disjoint,11,42,-0.048395537477104456
metric_matched_knn_randomization,immune,seed42_main,target_disjoint,11,43,-0.011304978710245384
metric_matched_knn_randomization,immune,seed42_main,target_disjoint,11,44,-0.03208033016960432
metric_matched_knn_randomization,immune,seed42_main,target_disjoint,11,45,-0.04618925283665165
metric_matched_knn_randomization,immune,seed42_main,target_disjoint,11,46,-0.06437474725849801
metric_matched_knn_randomization,immune,seed42_main,target_disjoint,11,47,-0.019116177834867742
metric_matched_knn_randomization,immune,seed42_main,target_disjoint,11,48,-0.07034242013368536
metric_matched_knn_randomization,immune,seed42_main,target_disjoint,11,49,-0.0440008087728061
metric_matched_knn_randomization,immune,seed42_main,target_disjoint,11,50,-0.04823199885820312
metric_matched_knn_randomization,immune,seed42_main,target_disjoint,11,51,-0.04268060610385588
metric_matched_knn_randomization,immune,seed42_main,target_disjoint,11,52,-0.015777016579842595
metric_matched_knn_randomization,immune,seed42_main,target_disjoint,11,53,-0.031072337591284305
metric_matched_knn_randomization,immune,seed42_main,target_disjoint,11,54,-0.028048359856324034
metric_matched_knn_randomization,immune,seed42_main,target_disjoint,11,55,-0.03342134684459663
metric_matched_knn_randomization,immune,seed42_main,target_disjoint,11,56,-0.036195556507053084
metric_matched_knn_randomization,immune,seed42_main,target_disjoint,11,57,-0.06562953447988773
metric_matched_knn_randomization,immune,seed42_main,target_disjoint,11,58,-0.001792977949047203
metric_matched_knn_randomization,immune,seed42_main,target_disjoint,11,59,-0.051773353314779
metric_matched_knn_randomization,immune,seed42_main,target_disjoint,11,60,-0.00870025452555967
metric_matched_knn_randomization,immune,seed42_main,target_disjoint,11,61,-0.06755334332405633
metric_matched_knn_randomization,immune,seed42_main,target_disjoint,11,62,0.008055020338257335
metric_matched_knn_randomization,immune,seed42_main,target_disjoint,11,63,-0.04315338138395297
metric_matched_knn_randomization,immune,seed43,source_disjoint,7,0,-0.03233403717196104
metric_matched_knn_randomization,immune,seed43,source_disjoint,7,1,-0.040397243427616636
metric_matched_knn_randomization,immune,seed43,source_disjoint,7,2,-0.03758962340766159
metric_matched_knn_randomization,immune,seed43,source_disjoint,7,3,0.017282718828070198
metric_matched_knn_randomization,immune,seed43,source_disjoint,7,4,0.005015817032894776
metric_matched_knn_randomization,immune,seed43,source_disjoint,7,5,-0.039190662923173414
metric_matched_knn_randomization,immune,seed43,source_disjoint,7,6,-0.03748134054187835
metric_matched_knn_randomization,immune,seed43,source_disjoint,7,7,-0.035756549179757346
metric_matched_knn_randomization,immune,seed43,source_disjoint,7,8,-0.013051952572104897
metric_matched_knn_randomization,immune,seed43,source_disjoint,7,9,-0.012518272733600955
metric_matched_knn_randomization,immune,seed43,source_disjoint,7,10,-0.038919955758714986
metric_matched_knn_randomization,immune,seed43,source_disjoint,7,11,-0.03929894578895665
metric_matched_knn_randomization,immune,seed43,source_disjoint,7,12,-0.0015391635922066271
metric_matched_knn_randomization,immune,seed43,source_disjoint,7,13,-0.025933746355121357
metric_matched_knn_randomization,immune,seed43,source_disjoint,7,14,-0.08252314546256106
metric_matched_knn_randomization,immune,seed43,source_disjoint,7,15,-0.057277768754205705
metric_matched_knn_randomization,immune,seed43,source_disjoint,7,16,-0.04576111252910109
metric_matched_knn_randomization,immune,seed43,source_disjoint,7,17,-0.03314229142012992
metric_matched_knn_randomization,immune,seed43,source_disjoint,7,18,-0.01025980153297601
metric_matched_knn_randomization,immune,seed43,source_disjoint,7,19,-0.04282587341732996
metric_matched_knn_randomization,immune,seed43,source_disjoint,7,20,0.004099279918942211
metric_matched_knn_randomization,immune,seed43,source_disjoint,7,21,-0.013782861916142641
metric_matched_knn_randomization,immune,seed43,source_disjoint,7,22,0.016679428575848254
metric_matched_knn_randomization,immune,seed43,source_disjoint,7,23,-0.027747484356993146
metric_matched_knn_randomization,immune,seed43,source_disjoint,7,24,-0.02120410546751128
metric_matched_knn_randomization,immune,seed43,source_disjoint,7,25,-0.04930737638350702
metric_matched_knn_randomization,immune,seed43,source_disjoint,7,26,-0.011040985064698972
metric_matched_knn_randomization,immune,seed43,source_disjoint,7,27,-0.008987477860021076
metric_matched_knn_randomization,immune,seed43,source_disjoint,7,28,-0.0011949787688237956
metric_matched_knn_randomization,immune,seed43,source_disjoint,7,29,0.0032639549543277413
metric_matched_knn_randomization,immune,seed43,source_disjoint,7,30,-0.0053677363466907435
metric_matched_knn_randomization,immune,seed43,source_disjoint,7,31,-0.029093285688872594
metric_matched_knn_randomization,immune,seed43,source_disjoint,7,32,-0.000665166175526366
metric_matched_knn_randomization,immune,seed43,source_disjoint,7,33,-0.031703676203293285
metric_matched_knn_randomization,immune,seed43,source_disjoint,7,34,-0.025454207949509255
metric_matched_knn_randomization,immune,seed43,source_disjoint,7,35,-0.04503793767547626
metric_matched_knn_randomization,immune,seed43,source_disjoint,7,36,0.018620785669536177
metric_matched_knn_randomization,immune,seed43,source_disjoint,7,37,-0.04960515426441142
metric_matched_knn_randomization,immune,seed43,source_disjoint,7,38,-0.0629703536982466
metric_matched_knn_randomization,immune,seed43,source_disjoint,7,39,-0.010518906961814789
metric_matched_knn_randomization,immune,seed43,source_disjoint,7,40,-0.027515449644600176
metric_matched_knn_randomization,immune,seed43,source_disjoint,7,41,-0.0007927852673426106
metric_matched_knn_randomization,immune,seed43,source_disjoint,7,42,-0.0022159315033527527
metric_matched_knn_randomization,immune,seed43,source_disjoint,7,43,-0.036286361773054665
metric_matched_knn_randomization,immune,seed43,source_disjoint,7,44,-0.0018369414731110867
metric_matched_knn_randomization,immune,seed43,source_disjoint,7,45,-0.05956717791648308
metric_matched_knn_randomization,immune,seed43,source_disjoint,7,46,-0.03345940552706689
metric_matched_knn_randomization,immune,seed43,source_disjoint,7,47,0.016776109706011955
metric_matched_knn_randomization,immune,seed43,source_disjoint,7,48,-0.018825749665483227
metric_matched_knn_randomization,immune,seed43,source_disjoint,7,49,-0.011327161209983783
metric_matched_knn_randomization,immune,seed43,source_disjoint,7,50,-0.028718162903837108
metric_matched_knn_randomization,immune,seed43,source_disjoint,7,51,-0.06211955975280564
metric_matched_knn_randomization,immune,seed43,source_disjoint,7,52,-0.007672614489794283
metric_matched_knn_randomization,immune,seed43,source_disjoint,7,53,-0.014038100099774908
metric_matched_knn_randomization,immune,seed43,source_disjoint,7,54,-0.01701587890881817
metric_matched_knn_randomization,immune,seed43,source_disjoint,7,55,-0.04378108298334771
metric_matched_knn_randomization,immune,seed43,source_disjoint,7,56,-0.021265981390816147
metric_matched_knn_randomization,immune,seed43,source_disjoint,7,57,0.010143784176779524
metric_matched_knn_randomization,immune,seed43,source_disjoint,7,58,-0.024549272571176672
metric_matched_knn_randomization,immune,seed43,source_disjoint,7,59,-0.01695787023071993
metric_matched_knn_randomization,immune,seed43,source_disjoint,7,60,-0.016752906234772658
metric_matched_knn_randomization,immune,seed43,source_disjoint,7,61,-0.013082890533757219
metric_matched_knn_randomization,immune,seed43,source_disjoint,7,62,-0.020867655134541585
metric_matched_knn_randomization,immune,seed43,source_disjoint,7,63,-0.011114462723623597
metric_matched_knn_randomization,immune,seed43,source_disjoint,11,0,-0.06819500197229489
metric_matched_knn_randomization,immune,seed43,source_disjoint,11,1,-0.015851838101646698
metric_matched_knn_randomization,immune,seed43,source_disjoint,11,2,-0.019835100664392757
metric_matched_knn_randomization,immune,seed43,source_disjoint,11,3,-0.08903171914518399
metric_matched_knn_randomization,immune,seed43,source_disjoint,11,4,-0.027213804518489315
metric_matched_knn_randomization,immune,seed43,source_disjoint,11,5,-0.02203556318691935
metric_matched_knn_randomization,immune,seed43,source_disjoint,11,6,-0.021768723267667545
metric_matched_knn_randomization,immune,seed43,source_disjoint,11,7,-0.032422983811711714
metric_matched_knn_randomization,immune,seed43,source_disjoint,11,8,-0.0032871584255672603
metric_matched_knn_randomization,immune,seed43,source_disjoint,11,9,0.016354579978498096
metric_matched_knn_randomization,immune,seed43,source_disjoint,11,10,-0.010499570735782005
metric_matched_knn_randomization,immune,seed43,source_disjoint,11,11,-0.01641258865659634
metric_matched_knn_randomization,immune,seed43,source_disjoint,11,12,-0.03939562691912035
metric_matched_knn_randomization,immune,seed43,source_disjoint,11,13,-0.022518968837738074
metric_matched_knn_randomization,immune,seed43,source_disjoint,11,14,-0.05293098514204386
metric_matched_knn_randomization,immune,seed43,source_disjoint,11,15,-0.0056229745303231216
metric_matched_knn_randomization,immune,seed43,source_disjoint,11,16,-0.013732587728457424
metric_matched_knn_randomization,immune,seed43,source_disjoint,11,17,0.00858141711333349
metric_matched_knn_randomization,immune,seed43,source_disjoint,11,18,-0.013883410291513076
metric_matched_knn_randomization,immune,seed43,source_disjoint,11,19,-0.05146529920876175
metric_matched_knn_randomization,immune,seed43,source_disjoint,11,20,-0.00440865953546643
metric_matched_knn_randomization,immune,seed43,source_disjoint,11,21,-0.02004393190554643
metric_matched_knn_randomization,immune,seed43,source_disjoint,11,22,-0.03643331709090336
metric_matched_knn_randomization,immune,seed43,source_disjoint,11,23,-0.053967406857399314
metric_matched_knn_randomization,immune,seed43,source_disjoint,11,24,0.04195187600064987
metric_matched_knn_randomization,immune,seed43,source_disjoint,11,25,-0.03431406671771442
metric_matched_knn_randomization,immune,seed43,source_disjoint,11,26,-0.016783844196425146
metric_matched_knn_randomization,immune,seed43,source_disjoint,11,27,-0.018848953136722524
metric_matched_knn_randomization,immune,seed43,source_disjoint,11,28,-0.04592353682777611
metric_matched_knn_randomization,immune,seed43,source_disjoint,11,29,-0.03470852572878247
metric_matched_knn_randomization,immune,seed43,source_disjoint,11,30,-0.017773858969301726
metric_matched_knn_randomization,immune,seed43,source_disjoint,11,31,-0.031115854931897835
metric_matched_knn_randomization,immune,seed43,source_disjoint,11,32,-0.08378773464510281
metric_matched_knn_randomization,immune,seed43,source_disjoint,11,33,-0.02371394760656198
metric_matched_knn_randomization,immune,seed43,source_disjoint,11,34,0.01570488278379778
metric_matched_knn_randomization,immune,seed43,source_disjoint,11,35,-0.053685097957321126
metric_matched_knn_randomization,immune,seed43,source_disjoint,11,36,-0.05814403168047261
metric_matched_knn_randomization,immune,seed43,source_disjoint,11,37,0.03645265331693637
metric_matched_knn_randomization,immune,seed43,source_disjoint,11,38,-0.052683481448824676
metric_matched_knn_randomization,immune,seed43,source_disjoint,11,39,-0.028126474387235034
metric_matched_knn_randomization,immune,seed43,source_disjoint,11,40,-0.047891964637909845
metric_matched_knn_randomization,immune,seed43,source_disjoint,11,41,-0.06361618364774035
metric_matched_knn_randomization,immune,seed43,source_disjoint,11,42,-0.04123256839223133
metric_matched_knn_randomization,immune,seed43,source_disjoint,11,43,0.007030651785507103
metric_matched_knn_randomization,immune,seed43,source_disjoint,11,44,-0.0013225978606400401
metric_matched_knn_randomization,immune,seed43,source_disjoint,11,45,0.004134085125801379
metric_matched_knn_randomization,immune,seed43,source_disjoint,11,46,-0.025299518141247312
metric_matched_knn_randomization,immune,seed43,source_disjoint,11,47,-0.0038285727544841164
metric_matched_knn_randomization,immune,seed43,source_disjoint,11,48,-0.029549620623245176
metric_matched_knn_randomization,immune,seed43,source_disjoint,11,49,0.024468060421839133
metric_matched_knn_randomization,immune,seed43,source_disjoint,11,50,-0.0012259167304762286
metric_matched_knn_randomization,immune,seed43,source_disjoint,11,51,-0.046317995838844106
metric_matched_knn_randomization,immune,seed43,source_disjoint,11,52,-0.018504768313339803
metric_matched_knn_randomization,immune,seed43,source_disjoint,11,53,-0.014390019413570765
metric_matched_knn_randomization,immune,seed43,source_disjoint,11,54,-0.025427137233063446
metric_matched_knn_randomization,immune,seed43,source_disjoint,11,55,-0.016408721411389826
metric_matched_knn_randomization,immune,seed43,source_disjoint,11,56,-0.02645969170321194
metric_matched_knn_randomization,immune,seed43,source_disjoint,11,57,-0.018357812995490885
metric_matched_knn_randomization,immune,seed43,source_disjoint,11,58,-0.041027604396284334
metric_matched_knn_randomization,immune,seed43,source_disjoint,11,59,-0.011083524761971053
metric_matched_knn_randomization,immune,seed43,source_disjoint,11,60,-0.04059060568794415
metric_matched_knn_randomization,immune,seed43,source_disjoint,11,61,-0.056024781307283666
metric_matched_knn_randomization,immune,seed43,source_disjoint,11,62,-0.05090841589901851
metric_matched_knn_randomization,immune,seed43,source_disjoint,11,63,-0.03166887099643434
metric_matched_knn_randomization,immune,seed43,target_disjoint,7,0,-0.04583563663165657
metric_matched_knn_randomization,immune,seed43,target_disjoint,7,1,-0.00489834776733622
metric_matched_knn_randomization,immune,seed43,target_disjoint,7,2,-0.025821509735274417
metric_matched_knn_randomization,immune,seed43,target_disjoint,7,3,-0.049069467477427686
metric_matched_knn_randomization,immune,seed43,target_disjoint,7,4,-0.015204839997543185
metric_matched_knn_randomization,immune,seed43,target_disjoint,7,5,-0.04222406486088082
metric_matched_knn_randomization,immune,seed43,target_disjoint,7,6,-0.028714452429212
metric_matched_knn_randomization,immune,seed43,target_disjoint,7,7,-0.03653645353479518
metric_matched_knn_randomization,immune,seed43,target_disjoint,7,8,-0.012219765370677482
metric_matched_knn_randomization,immune,seed43,target_disjoint,7,9,-0.017170321233339503
metric_matched_knn_randomization,immune,seed43,target_disjoint,7,10,-0.0077482955592408365
metric_matched_knn_randomization,immune,seed43,target_disjoint,7,11,-0.04091886247773491
metric_matched_knn_randomization,immune,seed43,target_disjoint,7,12,-0.013352988145691302
metric_matched_knn_randomization,immune,seed43,target_disjoint,7,13,-0.0017873594988023767
metric_matched_knn_randomization,immune,seed43,target_disjoint,7,14,-0.0636693077820773
metric_matched_knn_randomization,immune,seed43,target_disjoint,7,15,-0.006483017013696912
metric_matched_knn_randomization,immune,seed43,target_disjoint,7,16,-0.029187396351575523
metric_matched_knn_randomization,immune,seed43,target_disjoint,7,17,-0.03489343406424672
metric_matched_knn_randomization,immune,seed43,target_disjoint,7,18,-0.008307229285670292
metric_matched_knn_randomization,immune,seed43,target_disjoint,7,19,-0.012244333886124892
metric_matched_knn_randomization,immune,seed43,target_disjoint,7,20,-0.014817885879245707
metric_matched_knn_randomization,immune,seed43,target_disjoint,7,21,-0.027430747497082575
metric_matched_knn_randomization,immune,seed43,target_disjoint,7,22,0.010518395675941261
metric_matched_knn_randomization,immune,seed43,target_disjoint,7,23,-0.04055033474602299
metric_matched_knn_randomization,immune,seed43,target_disjoint,7,24,-0.04124132424298255
metric_matched_knn_randomization,immune,seed43,target_disjoint,7,25,-0.004428474909403457
metric_matched_knn_randomization,immune,seed43,target_disjoint,7,26,0.014446287083102916
metric_matched_knn_randomization,immune,seed43,target_disjoint,7,27,-0.032172470978441114
metric_matched_knn_randomization,immune,seed43,target_disjoint,7,28,-0.06016215220195331
metric_matched_knn_randomization,immune,seed43,target_disjoint,7,29,-0.05570603771267124
metric_matched_knn_randomization,immune,seed43,target_disjoint,7,30,-0.025603464160678047
metric_matched_knn_randomization,immune,seed43,target_disjoint,7,31,0.016273570419507277
metric_matched_knn_randomization,immune,seed43,target_disjoint,7,32,-0.05264111541060135
metric_matched_knn_randomization,immune,seed43,target_disjoint,7,33,-0.02007247712057003
metric_matched_knn_randomization,immune,seed43,target_disjoint,7,34,-0.010466187580615571
metric_matched_knn_randomization,immune,seed43,target_disjoint,7,35,-0.0026933235059271032
metric_matched_knn_randomization,immune,seed43,target_disjoint,7,36,-0.06836803636140276
metric_matched_knn_randomization,immune,seed43,target_disjoint,7,37,-0.03256556722560022
metric_matched_knn_randomization,immune,seed43,target_disjoint,7,38,-0.039957619310853176
metric_matched_knn_randomization,immune,seed43,target_disjoint,7,39,-0.015843621399176944
metric_matched_knn_randomization,immune,seed43,target_disjoint,7,40,-0.032666912351821176
metric_matched_knn_randomization,immune,seed43,target_disjoint,7,41,0.009808979792396144
metric_matched_knn_randomization,immune,seed43,target_disjoint,7,42,-0.04478226153184689
metric_matched_knn_randomization,immune,seed43,target_disjoint,7,43,-0.01421288618635208
metric_matched_knn_randomization,immune,seed43,target_disjoint,7,44,0.007198575026103771
metric_matched_knn_randomization,immune,seed43,target_disjoint,7,45,0.008479208893802714
metric_matched_knn_randomization,immune,seed43,target_disjoint,7,46,-0.027743996069037546
metric_matched_knn_randomization,immune,seed43,target_disjoint,7,47,-0.06411461212456215
metric_matched_knn_randomization,immune,seed43,target_disjoint,7,48,-0.008528345924697645
metric_matched_knn_randomization,immune,seed43,target_disjoint,7,49,-0.027022295927768614
metric_matched_knn_randomization,immune,seed43,target_disjoint,7,50,-0.007388981020821639
metric_matched_knn_randomization,immune,seed43,target_disjoint,7,51,-0.011405933296480542
metric_matched_knn_randomization,immune,seed43,target_disjoint,7,52,-0.005739819421411441
metric_matched_knn_randomization,immune,seed43,target_disjoint,7,53,-0.0306830047294393
metric_matched_knn_randomization,immune,seed43,target_disjoint,7,54,-0.01950433020084774
metric_matched_knn_randomization,immune,seed43,target_disjoint,7,55,-0.015042073582703819
metric_matched_knn_randomization,immune,seed43,target_disjoint,7,56,-0.042236349118604466
metric_matched_knn_randomization,immune,seed43,target_disjoint,7,57,-0.015607149437995016
metric_matched_knn_randomization,immune,seed43,target_disjoint,7,58,0.000568146919722512
metric_matched_knn_randomization,immune,seed43,target_disjoint,7,59,-0.015054357840427524
metric_matched_knn_randomization,immune,seed43,target_disjoint,7,60,-0.03316442478963211
metric_matched_knn_randomization,immune,seed43,target_disjoint,7,61,-0.09038449726675274
metric_matched_knn_randomization,immune,seed43,target_disjoint,7,62,-0.03390148025305573
metric_matched_knn_randomization,immune,seed43,target_disjoint,7,63,-0.07072968490878939
metric_matched_knn_randomization,immune,seed43,target_disjoint,11,0,-0.03815183342546524
metric_matched_knn_randomization,immune,seed43,target_disjoint,11,1,-0.01253608500706338
metric_matched_knn_randomization,immune,seed43,target_disjoint,11,2,-0.06134451200786184
metric_matched_knn_randomization,immune,seed43,target_disjoint,11,3,0.002349364289662814
metric_matched_knn_randomization,immune,seed43,target_disjoint,11,4,-0.05627418463239364
metric_matched_knn_randomization,immune,seed43,target_disjoint,11,5,-0.02472206866900073
metric_matched_knn_randomization,immune,seed43,target_disjoint,11,6,-0.026242245562311806
metric_matched_knn_randomization,immune,seed43,target_disjoint,11,7,-0.025480621583440832
metric_matched_knn_randomization,immune,seed43,target_disjoint,11,8,-0.07187826300595784
metric_matched_knn_randomization,immune,seed43,target_disjoint,11,9,-0.041775689453964815
metric_matched_knn_randomization,immune,seed43,target_disjoint,11,10,-0.0580216202935937
metric_matched_knn_randomization,immune,seed43,target_disjoint,11,11,-0.02485719550396165
metric_matched_knn_randomization,immune,seed43,target_disjoint,11,12,-0.006998955838093512
metric_matched_knn_randomization,immune,seed43,target_disjoint,11,13,-0.01184509551010382
metric_matched_knn_randomization,immune,seed43,target_disjoint,11,14,-0.021110496898224973
metric_matched_knn_randomization,immune,seed43,target_disjoint,11,15,-0.031140593329647914
metric_matched_knn_randomization,immune,seed43,target_disjoint,11,16,0.0001965481235796096
metric_matched_knn_randomization,immune,seed43,target_disjoint,11,17,-0.04887906148270993
metric_matched_knn_randomization,immune,seed43,target_disjoint,11,18,-0.0005896443707390508
metric_matched_knn_randomization,immune,seed43,target_disjoint,11,19,0.01726245316626751
metric_matched_knn_randomization,immune,seed43,target_disjoint,11,20,0.0030249984644679095
metric_matched_knn_randomization,immune,seed43,target_disjoint,11,21,-0.03111295374976958
metric_matched_knn_randomization,immune,seed43,target_disjoint,11,22,-0.02608255021190342
metric_matched_knn_randomization,immune,seed43,target_disjoint,11,23,-0.0118205269946563
metric_matched_knn_randomization,immune,seed43,target_disjoint,11,24,-0.01027271052146661
metric_matched_knn_randomization,immune,seed43,target_disjoint,11,25,-0.07438732264602904
metric_matched_knn_randomization,immune,seed43,target_disjoint,11,26,-0.01869664025551243
metric_matched_knn_randomization,immune,seed43,target_disjoint,11,27,-0.004800073705546581
metric_matched_knn_randomization,immune,seed43,target_disjoint,11,28,-0.003617713899637498
metric_matched_knn_randomization,immune,seed43,target_disjoint,11,29,-0.053768196056753204
metric_matched_knn_randomization,immune,seed43,target_disjoint,11,30,-0.02615625575824576
metric_matched_knn_randomization,immune,seed43,target_disjoint,11,31,-0.01331920643695128
metric_matched_knn_randomization,immune,seed43,target_disjoint,11,32,0.0007524107855781947
metric_matched_knn_randomization,immune,seed43,target_disjoint,11,33,-0.012766414839383344
metric_matched_knn_randomization,immune,seed43,target_disjoint,11,34,-0.017603341318100818
metric_matched_knn_randomization,immune,seed43,target_disjoint,11,35,-0.033726429580492545
metric_matched_knn_randomization,immune,seed43,target_disjoint,11,36,-0.036128001965481216
metric_matched_knn_randomization,immune,seed43,target_disjoint,11,37,-0.017873594988022767
metric_matched_knn_randomization,immune,seed43,target_disjoint,11,38,-0.03805355936367538
metric_matched_knn_randomization,immune,seed43,target_disjoint,11,39,-0.0036760641238254843
metric_matched_knn_randomization,immune,seed43,target_disjoint,11,40,-0.023880597014925398
metric_matched_knn_randomization,immune,seed43,target_disjoint,11,41,-0.03077206559793627
metric_matched_knn_randomization,immune,seed43,target_disjoint,11,42,-0.024955469565751565
metric_matched_knn_randomization,immune,seed43,target_disjoint,11,43,0.022467907376696905
metric_matched_knn_randomization,immune,seed43,target_disjoint,11,44,-0.06832811252380067
metric_matched_knn_randomization,immune,seed43,target_disjoint,11,45,-0.052291014065475205
metric_matched_knn_randomization,immune,seed43,target_disjoint,11,46,-0.059434309931822304
metric_matched_knn_randomization,immune,seed43,target_disjoint,11,47,-0.07443031754806223
metric_matched_knn_randomization,immune,seed43,target_disjoint,11,48,-0.005359007431975926
metric_matched_knn_randomization,immune,seed43,target_disjoint,11,49,-0.022084024322830298
metric_matched_knn_randomization,immune,seed43,target_disjoint,11,50,0.01775382347521659
metric_matched_knn_randomization,immune,seed43,target_disjoint,11,51,-0.02176770468644429
metric_matched_knn_randomization,immune,seed43,target_disjoint,11,52,-0.020874024937043156
metric_matched_knn_randomization,immune,seed43,target_disjoint,11,53,-0.0313279282599348
metric_matched_knn_randomization,immune,seed43,target_disjoint,11,54,-0.006928321356182043
metric_matched_knn_randomization,immune,seed43,target_disjoint,11,55,-0.04925680240771452
metric_matched_knn_randomization,immune,seed43,target_disjoint,11,56,-0.035114550703273795
metric_matched_knn_randomization,immune,seed43,target_disjoint,11,57,-0.015330753639211325
metric_matched_knn_randomization,immune,seed43,target_disjoint,11,58,-0.055125606535225025
metric_matched_knn_randomization,immune,seed43,target_disjoint,11,59,-0.010503040353786464
metric_matched_knn_randomization,immune,seed43,target_disjoint,11,60,-0.021178060315705405
metric_matched_knn_randomization,immune,seed43,target_disjoint,11,61,-0.026116331920643776
metric_matched_knn_randomization,immune,seed43,target_disjoint,11,62,-0.013555678398132653
metric_matched_knn_randomization,immune,seed43,target_disjoint,11,63,-0.03584239297340441
metric_matched_knn_randomization,immune,seed44,source_disjoint,7,0,-0.05460846759085802
metric_matched_knn_randomization,immune,seed44,source_disjoint,7,1,-0.06825878318010209
metric_matched_knn_randomization,immune,seed44,source_disjoint,7,2,-0.07751390610139203
metric_matched_knn_randomization,immune,seed44,source_disjoint,7,3,-0.02913076058448849
metric_matched_knn_randomization,immune,seed44,source_disjoint,7,4,-0.011686889356428476
metric_matched_knn_randomization,immune,seed44,source_disjoint,7,5,-0.02614058852350354
metric_matched_knn_randomization,immune,seed44,source_disjoint,7,6,-0.06442559875493548
metric_matched_knn_randomization,immune,seed44,source_disjoint,7,7,-0.029354122834827412
metric_matched_knn_randomization,immune,seed44,source_disjoint,7,8,0.003534167219067963
metric_matched_knn_randomization,immune,seed44,source_disjoint,7,9,-0.020794304983139722
metric_matched_knn_randomization,immune,seed44,source_disjoint,7,10,0.03702409430210096
metric_matched_knn_randomization,immune,seed44,source_disjoint,7,11,-0.09492535377698375
metric_matched_knn_randomization,immune,seed44,source_disjoint,7,12,-0.0332089229616393
metric_matched_knn_randomization,immune,seed44,source_disjoint,7,13,-0.035485776868317165
metric_matched_knn_randomization,immune,seed44,source_disjoint,7,14,-0.0411707064011298
metric_matched_knn_randomization,immune,seed44,source_disjoint,7,15,-0.07745986684727785
metric_matched_knn_randomization,immune,seed44,source_disjoint,7,16,-0.050404213620774185
metric_matched_knn_randomization,immune,seed44,source_disjoint,7,17,-0.04002507421390916
metric_matched_knn_randomization,immune,seed44,source_disjoint,7,18,0.006762111998155351
metric_matched_knn_randomization,immune,seed44,source_disjoint,7,19,-0.03886142894198352
metric_matched_knn_randomization,immune,seed44,source_disjoint,7,20,-0.04947834106695104
metric_matched_knn_randomization,immune,seed44,source_disjoint,7,21,-0.030114275009366642
metric_matched_knn_randomization,immune,seed44,source_disjoint,7,22,-0.006297374412773227
metric_matched_knn_randomization,immune,seed44,source_disjoint,7,23,-0.07635746606334848
metric_matched_knn_randomization,immune,seed44,source_disjoint,7,24,-0.03698806813269151
metric_matched_knn_randomization,immune,seed44,source_disjoint,7,25,-0.026706199383232043
metric_matched_knn_randomization,immune,seed44,source_disjoint,7,26,-0.026774649105109904
metric_matched_knn_randomization,immune,seed44,source_disjoint,7,27,-0.03390422803124177
metric_matched_knn_randomization,immune,seed44,source_disjoint,7,28,-0.06139219529065931
metric_matched_knn_randomization,immune,seed44,source_disjoint,7,29,-0.0544643629132201
metric_matched_knn_randomization,immune,seed44,source_disjoint,7,30,-0.03355837680491097
metric_matched_knn_randomization,immune,seed44,source_disjoint,7,31,-0.01730697178430407
metric_matched_knn_randomization,immune,seed44,source_disjoint,7,32,-0.021158169294175244
metric_matched_knn_randomization,immune,seed44,source_disjoint,7,33,-0.050876156440037956
metric_matched_knn_randomization,immune,seed44,source_disjoint,7,34,0.03364844222843466
metric_matched_knn_randomization,immune,seed44,source_disjoint,7,35,-0.004092572844914488
metric_matched_knn_randomization,immune,seed44,source_disjoint,7,36,-0.04319537712194149
metric_matched_knn_randomization,immune,seed44,source_disjoint,7,37,-0.0482894774764388
metric_matched_knn_randomization,immune,seed44,source_disjoint,7,38,-0.03997824019367674
metric_matched_knn_randomization,immune,seed44,source_disjoint,7,39,-0.020095397296596262
metric_matched_knn_randomization,immune,seed44,source_disjoint,7,40,-0.02515707409862522
metric_matched_knn_randomization,immune,seed44,source_disjoint,7,41,-0.019324437271233674
metric_matched_knn_randomization,immune,seed44,source_disjoint,7,42,-0.044027581635299795
metric_matched_knn_randomization,immune,seed44,source_disjoint,7,43,-0.00784289708043917
metric_matched_knn_randomization,immune,seed44,source_disjoint,7,44,-0.0646849871746838
metric_matched_knn_randomization,immune,seed44,source_disjoint,7,45,-0.045800069170245206
metric_matched_knn_randomization,immune,seed44,source_disjoint,7,46,-0.012187653111219998
metric_matched_knn_randomization,immune,seed44,source_disjoint,7,47,-0.05638455774274426
metric_matched_knn_randomization,immune,seed44,source_disjoint,7,48,-0.05274951724932997
metric_matched_knn_randomization,immune,seed44,source_disjoint,7,49,-0.03342147736115508
metric_matched_knn_randomization,immune,seed44,source_disjoint,7,50,-0.040770815920684766
metric_matched_knn_randomization,immune,seed44,source_disjoint,7,51,-0.04570640112978053
metric_matched_knn_randomization,immune,seed44,source_disjoint,7,52,-0.0702041963282129
metric_matched_knn_randomization,immune,seed44,source_disjoint,7,53,-0.0667420814479639
metric_matched_knn_randomization,immune,seed44,source_disjoint,7,54,-0.03526601723491951
metric_matched_knn_randomization,immune,seed44,source_disjoint,7,55,-0.031796697120788475
metric_matched_knn_randomization,immune,seed44,source_disjoint,7,56,-0.015354353402311394
metric_matched_knn_randomization,immune,seed44,source_disjoint,7,57,-0.05772833386171716
metric_matched_knn_randomization,immune,seed44,source_disjoint,7,58,-0.01483197394587421
metric_matched_knn_randomization,immune,seed44,source_disjoint,7,59,-0.03173905524973342
metric_matched_knn_randomization,immune,seed44,source_disjoint,7,60,-0.05984667262299337
metric_matched_knn_randomization,immune,seed44,source_disjoint,7,61,-0.038584027437530644
metric_matched_knn_randomization,immune,seed44,source_disjoint,7,62,-0.038151713404617094
metric_matched_knn_randomization,immune,seed44,source_disjoint,7,63,-0.02785903680433477
metric_matched_knn_randomization,immune,seed44,source_disjoint,11,0,-0.09018070726575778
metric_matched_knn_randomization,immune,seed44,source_disjoint,11,1,-0.023579127878491035
metric_matched_knn_randomization,immune,seed44,source_disjoint,11,2,-0.029228031241893992
metric_matched_knn_randomization,immune,seed44,source_disjoint,11,3,-0.05611075885523231
metric_matched_knn_randomization,immune,seed44,source_disjoint,11,4,-0.04451393492232747
metric_matched_knn_randomization,immune,seed44,source_disjoint,11,5,-0.001635588091189466
metric_matched_knn_randomization,immune,seed44,source_disjoint,11,6,0.010123353604057916
metric_matched_knn_randomization,immune,seed44,source_disjoint,11,7,-0.024915698763581906
metric_matched_knn_randomization,immune,seed44,source_disjoint,11,8,-0.01253350433755085
metric_matched_knn_randomization,immune,seed44,source_disjoint,11,9,-0.06032942329308022
metric_matched_knn_randomization,immune,seed44,source_disjoint,11,10,-0.01871199239127297
metric_matched_knn_randomization,immune,seed44,source_disjoint,11,11,-0.04229832550364593
metric_matched_knn_randomization,immune,seed44,source_disjoint,11,12,-0.03684756607199463
metric_matched_knn_randomization,immune,seed44,source_disjoint,11,13,-0.05391676513819643
metric_matched_knn_randomization,immune,seed44,source_disjoint,11,14,-0.005303052137072273
metric_matched_knn_randomization,immune,seed44,source_disjoint,11,15,-0.012692019482952621
metric_matched_knn_randomization,immune,seed44,source_disjoint,11,16,-0.06894688301582269
metric_matched_knn_randomization,immune,seed44,source_disjoint,11,17,-0.007958180822549621
metric_matched_knn_randomization,immune,seed44,source_disjoint,11,18,-0.06675649191572741
metric_matched_knn_randomization,immune,seed44,source_disjoint,11,19,-0.024148341355160474
metric_matched_knn_randomization,immune,seed44,source_disjoint,11,20,-0.05585137043548427
metric_matched_knn_randomization,immune,seed44,source_disjoint,11,21,-0.05342320661728678
metric_matched_knn_randomization,immune,seed44,source_disjoint,11,22,-0.013949332795342495
metric_matched_knn_randomization,immune,seed44,source_disjoint,11,23,-0.0314004092572846
metric_matched_knn_randomization,immune,seed44,source_disjoint,11,24,-0.027401504452834513
metric_matched_knn_randomization,immune,seed44,source_disjoint,11,25,-0.04103020434043281
metric_matched_knn_randomization,immune,seed44,source_disjoint,11,26,-0.028889385249445176
metric_matched_knn_randomization,immune,seed44,source_disjoint,11,27,-0.011132086347523051
metric_matched_knn_randomization,immune,seed44,source_disjoint,11,28,-0.02553895149436547
metric_matched_knn_randomization,immune,seed44,source_disjoint,11,29,-0.055044384240712396
metric_matched_knn_randomization,immune,seed44,source_disjoint,11,30,-0.04140847911923218
metric_matched_knn_randomization,immune,seed44,source_disjoint,11,31,-0.04733118137014741
metric_matched_knn_randomization,immune,seed44,source_disjoint,11,32,-0.03699167074963272
metric_matched_knn_randomization,immune,seed44,source_disjoint,11,33,-0.014532956739775726
metric_matched_knn_randomization,immune,seed44,source_disjoint,11,34,0.01000086462806582
metric_matched_knn_randomization,immune,seed44,source_disjoint,11,35,-0.05087255382309713
metric_matched_knn_randomization,immune,seed44,source_disjoint,11,36,-0.031050955414012815
metric_matched_knn_randomization,immune,seed44,source_disjoint,11,37,-0.05616119549240567
metric_matched_knn_randomization,immune,seed44,source_disjoint,11,38,-0.025283165691558307
metric_matched_knn_randomization,immune,seed44,source_disjoint,11,39,0.027985128397267856
metric_matched_knn_randomization,immune,seed44,source_disjoint,11,40,-0.03820575265873144
metric_matched_knn_randomization,immune,seed44,source_disjoint,11,41,-0.037139378044211246
metric_matched_knn_randomization,immune,seed44,source_disjoint,11,42,-0.035175951811395656
metric_matched_knn_randomization,immune,seed44,source_disjoint,11,43,-0.05693936075164996
metric_matched_knn_randomization,immune,seed44,source_disjoint,11,44,-0.026702596766290942
metric_matched_knn_randomization,immune,seed44,source_disjoint,11,45,-0.0614174136092458
metric_matched_knn_randomization,immune,seed44,source_disjoint,11,46,-0.01844539873764295
metric_matched_knn_randomization,immune,seed44,source_disjoint,11,47,-0.03573796005418339
metric_matched_knn_randomization,immune,seed44,source_disjoint,11,48,-0.03218217713346966
metric_matched_knn_randomization,immune,seed44,source_disjoint,11,49,-0.0016644090267170508
metric_matched_knn_randomization,immune,seed44,source_disjoint,11,50,-0.08933048966769475
metric_matched_knn_randomization,immune,seed44,source_disjoint,11,51,-0.05129406000518766
metric_matched_knn_randomization,immune,seed44,source_disjoint,11,52,-0.04228391503588197
metric_matched_knn_randomization,immune,seed44,source_disjoint,11,53,-0.020333170014698476
metric_matched_knn_randomization,immune,seed44,source_disjoint,11,54,-0.08073104302965678
metric_matched_knn_randomization,immune,seed44,source_disjoint,11,55,-0.026140588523503316
metric_matched_knn_randomization,immune,seed44,source_disjoint,11,56,-0.034466236274029505
metric_matched_knn_randomization,immune,seed44,source_disjoint,11,57,-0.03294232930800928
metric_matched_knn_randomization,immune,seed44,source_disjoint,11,58,-0.04241000662881511
metric_matched_knn_randomization,immune,seed44,source_disjoint,11,59,-0.02924964694353971
metric_matched_knn_randomization,immune,seed44,source_disjoint,11,60,-0.0590613021298671
metric_matched_knn_randomization,immune,seed44,source_disjoint,11,61,-0.029210018157189432
metric_matched_knn_randomization,immune,seed44,source_disjoint,11,62,-0.03623151857509305
metric_matched_knn_randomization,immune,seed44,source_disjoint,11,63,-0.03151209038245373
metric_matched_knn_randomization,immune,seed44,target_disjoint,7,0,-0.08587183343242522
metric_matched_knn_randomization,immune,seed44,target_disjoint,7,1,-0.04816446915911826
metric_matched_knn_randomization,immune,seed44,target_disjoint,7,2,-0.010684433252893921
metric_matched_knn_randomization,immune,seed44,target_disjoint,7,3,-0.06346833140978575
metric_matched_knn_randomization,immune,seed44,target_disjoint,7,4,-0.00247438184170945
metric_matched_knn_randomization,immune,seed44,target_disjoint,7,5,-0.06544725398990436
metric_matched_knn_randomization,immune,seed44,target_disjoint,7,6,-0.07224378927243269
metric_matched_knn_randomization,immune,seed44,target_disjoint,7,7,0.011724897702234727
metric_matched_knn_randomization,immune,seed44,target_disjoint,7,8,0.011039998134741769
metric_matched_knn_randomization,immune,seed44,target_disjoint,7,9,-0.04977616899241066
metric_matched_knn_randomization,immune,seed44,target_disjoint,7,10,-0.012205784632602357
metric_matched_knn_randomization,immune,seed44,target_disjoint,7,11,-0.0577763788339804
metric_matched_knn_randomization,immune,seed44,target_disjoint,7,12,-0.07715757936091572
metric_matched_knn_randomization,immune,seed44,target_disjoint,7,13,-0.08732032315601729
metric_matched_knn_randomization,immune,seed44,target_disjoint,7,14,-0.023347789085906845
metric_matched_knn_randomization,immune,seed44,target_disjoint,7,15,-0.07991757889460116
metric_matched_knn_randomization,immune,seed44,target_disjoint,7,16,-0.03794635050536843
metric_matched_knn_randomization,immune,seed44,target_disjoint,7,17,-0.03439070168689312
metric_matched_knn_randomization,immune,seed44,target_disjoint,7,18,-0.02276781030322117
metric_matched_knn_randomization,immune,seed44,target_disjoint,7,19,-0.027022931020413088
metric_matched_knn_randomization,immune,seed44,target_disjoint,7,20,-0.028631716387460704
metric_matched_knn_randomization,immune,seed44,target_disjoint,7,21,-0.00391121370032288
metric_matched_knn_randomization,immune,seed44,target_disjoint,7,22,-0.03588290840415498
metric_matched_knn_randomization,immune,seed44,target_disjoint,7,23,-0.03497359493582336
metric_matched_knn_randomization,immune,seed44,target_disjoint,7,24,-0.06679082292868888
metric_matched_knn_randomization,immune,seed44,target_disjoint,7,25,-0.06172256612923904
metric_matched_knn_randomization,immune,seed44,target_disjoint,7,26,-0.07382051551078939
metric_matched_knn_randomization,immune,seed44,target_disjoint,7,27,-0.03864290793784031
metric_matched_knn_randomization,immune,seed44,target_disjoint,7,28,-0.036987491110877846
metric_matched_knn_randomization,immune,seed44,target_disjoint,7,29,-0.05989228132759761
metric_matched_knn_randomization,immune,seed44,target_disjoint,7,30,-0.03309959314051214
metric_matched_knn_randomization,immune,seed44,target_disjoint,7,31,-0.023277841896035323
metric_matched_knn_randomization,immune,seed44,target_disjoint,7,32,-0.031869688385269046
metric_matched_knn_randomization,immune,seed44,target_disjoint,7,33,-0.013660103288683723
metric_matched_knn_randomization,immune,seed44,target_disjoint,7,34,-0.04317781741451859
metric_matched_knn_randomization,immune,seed44,target_disjoint,7,35,-0.037928863707900384
metric_matched_knn_randomization,immune,seed44,target_disjoint,7,36,-0.056144277736975334
metric_matched_knn_randomization,immune,seed44,target_disjoint,7,37,-0.06973734830203199
metric_matched_knn_randomization,immune,seed44,target_disjoint,7,38,-0.04007391086396439
metric_matched_knn_randomization,immune,seed44,target_disjoint,7,39,-0.0019177187889810599
metric_matched_knn_randomization,immune,seed44,target_disjoint,7,40,-0.04361207288497193
metric_matched_knn_randomization,immune,seed44,target_disjoint,7,41,-0.012118350645262788
metric_matched_knn_randomization,immune,seed44,target_disjoint,7,42,-0.10055491437298175
metric_matched_knn_randomization,immune,seed44,target_disjoint,7,43,-0.007440632322596508
metric_matched_knn_randomization,immune,seed44,target_disjoint,7,44,-0.0435508690938341
metric_matched_knn_randomization,immune,seed44,target_disjoint,7,45,9.909185231815609e-05
metric_matched_knn_randomization,immune,seed44,target_disjoint,7,46,-0.05188041362104939
metric_matched_knn_randomization,immune,seed44,target_disjoint,7,47,-0.03287517923967398
metric_matched_knn_randomization,immune,seed44,target_disjoint,7,48,-0.027218200258804615
metric_matched_knn_randomization,immune,seed44,target_disjoint,7,49,-0.06116007414402125
metric_matched_knn_randomization,immune,seed44,target_disjoint,7,50,-0.05378064561256246
metric_matched_knn_randomization,immune,seed44,target_disjoint,7,51,-0.030432856526655783
metric_matched_knn_randomization,immune,seed44,target_disjoint,7,52,-0.055165017078772194
metric_matched_knn_randomization,immune,seed44,target_disjoint,7,53,-0.051207171918534744
metric_matched_knn_randomization,immune,seed44,target_disjoint,7,54,-0.006000885997738403
metric_matched_knn_randomization,immune,seed44,target_disjoint,7,55,-0.011861877615733485
metric_matched_knn_randomization,immune,seed44,target_disjoint,7,56,-0.08753307919187686
metric_matched_knn_randomization,immune,seed44,target_disjoint,7,57,-0.0702357220298675
metric_matched_knn_randomization,immune,seed44,target_disjoint,7,58,-0.07245363084204759
metric_matched_knn_randomization,immune,seed44,target_disjoint,7,59,-0.04687627507898218
metric_matched_knn_randomization,immune,seed44,target_disjoint,7,60,-0.016874759556534724
metric_matched_knn_randomization,immune,seed44,target_disjoint,7,61,-0.039243287984238484
metric_matched_knn_randomization,immune,seed44,target_disjoint,7,62,-0.01846314365987023
metric_matched_knn_randomization,immune,seed44,target_disjoint,7,63,-0.022499679408713114
metric_matched_knn_randomization,immune,seed44,target_disjoint,11,0,-0.05741789948588821
metric_matched_knn_randomization,immune,seed44,target_disjoint,11,1,-0.022257778710407017
metric_matched_knn_randomization,immune,seed44,target_disjoint,11,2,-0.07967567819629512
metric_matched_knn_randomization,immune,seed44,target_disjoint,11,3,-0.037284766667832314
metric_matched_knn_randomization,immune,seed44,target_disjoint,11,4,-0.02415218176943068
metric_matched_knn_randomization,immune,seed44,target_disjoint,11,5,-0.03475500996747455
metric_matched_knn_randomization,immune,seed44,target_disjoint,11,6,-0.01616654425908448
metric_matched_knn_randomization,immune,seed44,target_disjoint,11,7,-0.040700521106564524
metric_matched_knn_randomization,immune,seed44,target_disjoint,11,8,-0.07021240629991032
metric_matched_knn_randomization,immune,seed44,target_disjoint,11,9,-0.10459727905431415
metric_matched_knn_randomization,immune,seed44,target_disjoint,11,10,-0.004429988691871056
metric_matched_knn_randomization,immune,seed44,target_disjoint,11,11,-0.061154245211531955
metric_matched_knn_randomization,immune,seed44,target_disjoint,11,12,-0.03597034239149449
metric_matched_knn_randomization,immune,seed44,target_disjoint,11,13,-0.059280243416220735
metric_matched_knn_randomization,immune,seed44,target_disjoint,11,14,-0.022187831520535384
metric_matched_knn_randomization,immune,seed44,target_disjoint,11,15,-0.013359913265484469
metric_matched_knn_randomization,immune,seed44,target_disjoint,11,16,-0.057199314517539346
metric_matched_knn_randomization,immune,seed44,target_disjoint,11,17,-0.08223166509285479
metric_matched_knn_randomization,immune,seed44,target_disjoint,11,18,-0.0486162114270392
metric_matched_knn_randomization,immune,seed44,target_disjoint,11,19,-0.0541653551568565
metric_matched_knn_randomization,immune,seed44,target_disjoint,11,20,-0.0752427750381795
metric_matched_knn_randomization,immune,seed44,target_disjoint,11,21,-0.0603440235955186
metric_matched_knn_randomization,immune,seed44,target_disjoint,11,22,-0.060941489175672436
metric_matched_knn_randomization,immune,seed44,target_disjoint,11,23,-0.058866389209480174
metric_matched_knn_randomization,immune,seed44,target_disjoint,11,24,-0.04731053054943524
metric_matched_knn_randomization,immune,seed44,target_disjoint,11,25,-0.08959069236060113
metric_matched_knn_randomization,immune,seed44,target_disjoint,11,26,-0.005968826869047206
metric_matched_knn_randomization,immune,seed44,target_disjoint,11,27,-0.050018069690716926
metric_matched_knn_randomization,immune,seed44,target_disjoint,11,28,-0.07416150806141364
metric_matched_knn_randomization,immune,seed44,target_disjoint,11,29,-0.06296995768195013
metric_matched_knn_randomization,immune,seed44,target_disjoint,11,30,-0.07415567912892429
metric_matched_knn_randomization,immune,seed44,target_disjoint,11,31,-0.0810804509262173
metric_matched_knn_randomization,immune,seed44,target_disjoint,11,32,-0.05924526982128486
metric_matched_knn_randomization,immune,seed44,target_disjoint,11,33,-0.03771027873955157
metric_matched_knn_randomization,immune,seed44,target_disjoint,11,34,-0.0564823558213548
metric_matched_knn_randomization,immune,seed44,target_disjoint,11,35,-0.065333589806363
metric_matched_knn_randomization,immune,seed44,target_disjoint,11,36,-0.02518390282003735
metric_matched_knn_randomization,immune,seed44,target_disjoint,11,37,-0.04310204129215772
metric_matched_knn_randomization,immune,seed44,target_disjoint,11,38,-0.04265029902423667
metric_matched_knn_randomization,immune,seed44,target_disjoint,11,39,-0.05496391890789121
metric_matched_knn_randomization,immune,seed44,target_disjoint,11,40,-0.08577274158010706
metric_matched_knn_randomization,immune,seed44,target_disjoint,11,41,-0.03062812576504731
metric_matched_knn_randomization,immune,seed44,target_disjoint,11,42,-0.030190955828349686
metric_matched_knn_randomization,immune,seed44,target_disjoint,11,43,-0.05188624255353874
metric_matched_knn_randomization,immune,seed44,target_disjoint,11,44,-0.06086571305331134
metric_matched_knn_randomization,immune,seed44,target_disjoint,11,45,-0.05129169143962986
metric_matched_knn_randomization,immune,seed44,target_disjoint,11,46,-0.04033329835973837
metric_matched_knn_randomization,immune,seed44,target_disjoint,11,47,-0.0451800557245946
metric_matched_knn_randomization,immune,seed44,target_disjoint,11,48,-0.05953671644575009
metric_matched_knn_randomization,immune,seed44,target_disjoint,11,49,-0.05127420464216187
metric_matched_knn_randomization,immune,seed44,target_disjoint,11,50,-0.04179344594830897
metric_matched_knn_randomization,immune,seed44,target_disjoint,11,51,-0.060510148171463884
metric_matched_knn_randomization,immune,seed44,target_disjoint,11,52,-0.0691223959244106
metric_matched_knn_randomization,immune,seed44,target_disjoint,11,53,-0.050306601848937316
metric_matched_knn_randomization,immune,seed44,target_disjoint,11,54,-0.03480455589363368
metric_matched_knn_randomization,immune,seed44,target_disjoint,11,55,-0.060253675141934526
metric_matched_knn_randomization,immune,seed44,target_disjoint,11,56,-0.029847048811480592
metric_matched_knn_randomization,immune,seed44,target_disjoint,11,57,-0.06518495202788566
metric_matched_knn_randomization,immune,seed44,target_disjoint,11,58,-0.016283122908870462
metric_matched_knn_randomization,immune,seed44,target_disjoint,11,59,-0.04645076300726292
metric_matched_knn_randomization,immune,seed44,target_disjoint,11,60,-0.04369367793982215
metric_matched_knn_randomization,immune,seed44,target_disjoint,11,61,-0.04299129157486087
metric_matched_knn_randomization,immune,seed44,target_disjoint,11,62,-0.021193998531109037
metric_matched_knn_randomization,immune,seed44,target_disjoint,11,63,-0.050289115051469324
metric_matched_knn_randomization,lung,seed42_main,source_disjoint,7,0,-0.04151373532429059
metric_matched_knn_randomization,lung,seed42_main,source_disjoint,7,1,-0.01677305368745019
metric_matched_knn_randomization,lung,seed42_main,source_disjoint,7,2,-0.086270375014248
metric_matched_knn_randomization,lung,seed42_main,source_disjoint,7,3,-0.042294540066111996
metric_matched_knn_randomization,lung,seed42_main,source_disjoint,7,4,-0.010919867776131298
metric_matched_knn_randomization,lung,seed42_main,source_disjoint,7,5,-0.06232759603328375
metric_matched_knn_randomization,lung,seed42_main,source_disjoint,7,6,-0.05868004103499369
metric_matched_knn_randomization,lung,seed42_main,source_disjoint,7,7,-0.025829248831642504
metric_matched_knn_randomization,lung,seed42_main,source_disjoint,7,8,-0.03792887267753342
metric_matched_knn_randomization,lung,seed42_main,source_disjoint,7,9,-0.04377635928416723
metric_matched_knn_randomization,lung,seed42_main,source_disjoint,7,10,-0.03725635472472344
metric_matched_knn_randomization,lung,seed42_main,source_disjoint,7,11,-0.04078422432463236
metric_matched_knn_randomization,lung,seed42_main,source_disjoint,7,12,-0.05165849766328512
metric_matched_knn_randomization,lung,seed42_main,source_disjoint,7,13,-0.04245981990197212
metric_matched_knn_randomization,lung,seed42_main,source_disjoint,7,14,-0.054342870169839186
metric_matched_knn_randomization,lung,seed42_main,source_disjoint,7,15,-0.06686994186709233
metric_matched_knn_randomization,lung,seed42_main,source_disjoint,7,16,-0.08677191382651306
metric_matched_knn_randomization,lung,seed42_main,source_disjoint,7,17,-0.062150917588054244
metric_matched_knn_randomization,lung,seed42_main,source_disjoint,7,18,-0.05038755271856832
metric_matched_knn_randomization,lung,seed42_main,source_disjoint,7,19,-0.018391656217941477
metric_matched_knn_randomization,lung,seed42_main,source_disjoint,7,20,-0.025789353698848716
metric_matched_knn_randomization,lung,seed42_main,source_disjoint,7,21,-0.09691667616550781
metric_matched_knn_randomization,lung,seed42_main,source_disjoint,7,22,-0.015074660891371328
metric_matched_knn_randomization,lung,seed42_main,source_disjoint,7,23,-0.017251795280975757
metric_matched_knn_randomization,lung,seed42_main,source_disjoint,7,24,-0.05455944374786281
metric_matched_knn_randomization,lung,seed42_main,source_disjoint,7,25,-0.04897412515673083
metric_matched_knn_randomization,lung,seed42_main,source_disjoint,7,26,-0.025367605152171402
metric_matched_knn_randomization,lung,seed42_main,source_disjoint,7,27,-0.08090732930582467
metric_matched_knn_randomization,lung,seed42_main,source_disjoint,7,28,-0.08295907899236288
metric_matched_knn_randomization,lung,seed42_main,source_disjoint,7,29,-0.0615011968539837
metric_matched_knn_randomization,lung,seed42_main,source_disjoint,7,30,-0.08108400775105423
metric_matched_knn_randomization,lung,seed42_main,source_disjoint,7,31,-0.043867548159124636
metric_matched_knn_randomization,lung,seed42_main,source_disjoint,7,32,-0.07299669440328271
metric_matched_knn_randomization,lung,seed42_main,source_disjoint,7,33,-0.07120141342756181
metric_matched_knn_randomization,lung,seed42_main,source_disjoint,7,34,-0.06020745469052763
metric_matched_knn_randomization,lung,seed42_main,source_disjoint,7,35,-0.06622022113302173
metric_matched_knn_randomization,lung,seed42_main,source_disjoint,7,36,-0.043400205174968676
metric_matched_knn_randomization,lung,seed42_main,source_disjoint,7,37,-0.024011170637182278
metric_matched_knn_randomization,lung,seed42_main,source_disjoint,7,38,-0.08106690983699993
metric_matched_knn_randomization,lung,seed42_main,source_disjoint,7,39,-0.025179528097571957
metric_matched_knn_randomization,lung,seed42_main,source_disjoint,7,40,-0.039615866864242566
metric_matched_knn_randomization,lung,seed42_main,source_disjoint,7,41,-0.062384589080132224
metric_matched_knn_randomization,lung,seed42_main,source_disjoint,7,42,-0.045771115923857186
metric_matched_knn_randomization,lung,seed42_main,source_disjoint,7,43,-0.03499373076484669
metric_matched_knn_randomization,lung,seed42_main,source_disjoint,7,44,-0.016892739085831443
metric_matched_knn_randomization,lung,seed42_main,source_disjoint,7,45,-0.06066339906531393
metric_matched_knn_randomization,lung,seed42_main,source_disjoint,7,46,-0.04672289980622368
metric_matched_knn_randomization,lung,seed42_main,source_disjoint,7,47,-0.07177134389604467
metric_matched_knn_randomization,lung,seed42_main,source_disjoint,7,48,-0.021212812036931594
metric_matched_knn_randomization,lung,seed42_main,source_disjoint,7,49,-0.05690185797332703
metric_matched_knn_randomization,lung,seed42_main,source_disjoint,7,50,-0.055112276302290986
metric_matched_knn_randomization,lung,seed42_main,source_disjoint,7,51,-0.07064858087313342
metric_matched_knn_randomization,lung,seed42_main,source_disjoint,7,52,-0.07464379345719818
metric_matched_knn_randomization,lung,seed42_main,source_disjoint,7,53,-0.031072609141684637
metric_matched_knn_randomization,lung,seed42_main,source_disjoint,7,54,-0.04314373646415132
metric_matched_knn_randomization,lung,seed42_main,source_disjoint,7,55,-0.08560925567080818
metric_matched_knn_randomization,lung,seed42_main,source_disjoint,7,56,-0.04735552262623943
metric_matched_knn_randomization,lung,seed42_main,source_disjoint,7,57,-0.08817964208366569
metric_matched_knn_randomization,lung,seed42_main,source_disjoint,7,58,-0.05677647327026114
metric_matched_knn_randomization,lung,seed42_main,source_disjoint,7,59,-0.03311865952353821
metric_matched_knn_randomization,lung,seed42_main,source_disjoint,7,60,-0.10214293856149537
metric_matched_knn_randomization,lung,seed42_main,source_disjoint,7,61,-0.032486036703522236
metric_matched_knn_randomization,lung,seed42_main,source_disjoint,7,62,-0.06868802006155239
metric_matched_knn_randomization,lung,seed42_main,source_disjoint,7,63,-0.07955659409552046
metric_matched_knn_randomization,lung,seed42_main,source_disjoint,11,0,-0.07382879288726774
metric_matched_knn_randomization,lung,seed42_main,source_disjoint,11,1,-0.026963410463923365
metric_matched_knn_randomization,lung,seed42_main,source_disjoint,11,2,-0.07495155591017888
metric_matched_knn_randomization,lung,seed42_main,source_disjoint,11,3,-0.05553402484896852
metric_matched_knn_randomization,lung,seed42_main,source_disjoint,11,4,-0.060235951213951866
metric_matched_knn_randomization,lung,seed42_main,source_disjoint,11,5,-0.05918157984725869
metric_matched_knn_randomization,lung,seed42_main,source_disjoint,11,6,-0.07390858315285531
metric_matched_knn_randomization,lung,seed42_main,source_disjoint,11,7,-0.040693035449675063
metric_matched_knn_randomization,lung,seed42_main,source_disjoint,11,8,-0.07055169269349143
metric_matched_knn_randomization,lung,seed42_main,source_disjoint,11,9,0.008588852160036353
metric_matched_knn_randomization,lung,seed42_main,source_disjoint,11,10,-0.0729169041376952
metric_matched_knn_randomization,lung,seed42_main,source_disjoint,11,11,-0.04161632280861727
metric_matched_knn_randomization,lung,seed42_main,source_disjoint,11,12,-0.05615524905961489
metric_matched_knn_randomization,lung,seed42_main,source_disjoint,11,13,-0.07236977088795166
metric_matched_knn_randomization,lung,seed42_main,source_disjoint,11,14,-0.06732018693719377
metric_matched_knn_randomization,lung,seed42_main,source_disjoint,11,15,-0.061307420494699616
metric_matched_knn_randomization,lung,seed42_main,source_disjoint,11,16,-0.07533910862874732
metric_matched_knn_randomization,lung,seed42_main,source_disjoint,11,17,-0.07634218625327716
metric_matched_knn_randomization,lung,seed42_main,source_disjoint,11,18,-0.05201185455374435
metric_matched_knn_randomization,lung,seed42_main,source_disjoint,11,19,-0.05558531859113197
metric_matched_knn_randomization,lung,seed42_main,source_disjoint,11,20,-0.04034537786390069
metric_matched_knn_randomization,lung,seed42_main,source_disjoint,11,21,-0.05305482731106792
metric_matched_knn_randomization,lung,seed42_main,source_disjoint,11,22,-0.030747748774649586
metric_matched_knn_randomization,lung,seed42_main,source_disjoint,11,23,-0.04386184885443978
metric_matched_knn_randomization,lung,seed42_main,source_disjoint,11,24,-0.028912572666134784
metric_matched_knn_randomization,lung,seed42_main,source_disjoint,11,25,-0.06707511683574596
metric_matched_knn_randomization,lung,seed42_main,source_disjoint,11,26,-0.02915764276758237
metric_matched_knn_randomization,lung,seed42_main,source_disjoint,11,27,-0.0419468824803374
metric_matched_knn_randomization,lung,seed42_main,source_disjoint,11,28,-0.05971731448763251
metric_matched_knn_randomization,lung,seed42_main,source_disjoint,11,29,-0.009819901971959366
metric_matched_knn_randomization,lung,seed42_main,source_disjoint,11,30,-0.05459933888065649
metric_matched_knn_randomization,lung,seed42_main,source_disjoint,11,31,-0.08450359056195145
metric_matched_knn_randomization,lung,seed42_main,source_disjoint,11,32,-0.11881910406930368
metric_matched_knn_randomization,lung,seed42_main,source_disjoint,11,33,-0.06480679357118435
metric_matched_knn_randomization,lung,seed42_main,source_disjoint,11,34,-0.04365097458110112
metric_matched_knn_randomization,lung,seed42_main,source_disjoint,11,35,-0.08876097116151827
metric_matched_knn_randomization,lung,seed42_main,source_disjoint,11,36,-0.08070215433717087
metric_matched_knn_randomization,lung,seed42_main,source_disjoint,11,37,-0.0486321668756412
metric_matched_knn_randomization,lung,seed42_main,source_disjoint,11,38,0.006240738629887055
metric_matched_knn_randomization,lung,seed42_main,source_disjoint,11,39,-0.05569360538014356
metric_matched_knn_randomization,lung,seed42_main,source_disjoint,11,40,-0.07243246323948482
metric_matched_knn_randomization,lung,seed42_main,source_disjoint,11,41,-0.04575971731448758
metric_matched_knn_randomization,lung,seed42_main,source_disjoint,11,42,-0.029271628861279098
metric_matched_knn_randomization,lung,seed42_main,source_disjoint,11,43,-0.013604240282685587
metric_matched_knn_randomization,lung,seed42_main,source_disjoint,11,44,-0.048193320414909424
metric_matched_knn_randomization,lung,seed42_main,source_disjoint,11,45,-0.07025532884988017
metric_matched_knn_randomization,lung,seed42_main,source_disjoint,11,46,-0.04948136327368047
metric_matched_knn_randomization,lung,seed42_main,source_disjoint,11,47,-0.06549640943804858
metric_matched_knn_randomization,lung,seed42_main,source_disjoint,11,48,-0.09560583608799739
metric_matched_knn_randomization,lung,seed42_main,source_disjoint,11,49,-0.02327026102815466
metric_matched_knn_randomization,lung,seed42_main,source_disjoint,11,50,-0.05302063148295899
metric_matched_knn_randomization,lung,seed42_main,source_disjoint,11,51,-0.036732018693719226
metric_matched_knn_randomization,lung,seed42_main,source_disjoint,11,52,-0.025361905847486654
metric_matched_knn_randomization,lung,seed42_main,source_disjoint,11,53,-0.06039553174512724
metric_matched_knn_randomization,lung,seed42_main,source_disjoint,11,54,-0.03406474410121951
metric_matched_knn_randomization,lung,seed42_main,source_disjoint,11,55,-0.053106121053231536
metric_matched_knn_randomization,lung,seed42_main,source_disjoint,11,56,-0.06448193320414919
metric_matched_knn_randomization,lung,seed42_main,source_disjoint,11,57,-0.07488886355864588
metric_matched_knn_randomization,lung,seed42_main,source_disjoint,11,58,-0.036207682662715124
metric_matched_knn_randomization,lung,seed42_main,source_disjoint,11,59,-0.022255784794255162
metric_matched_knn_randomization,lung,seed42_main,source_disjoint,11,60,-0.047668984383905155
metric_matched_knn_randomization,lung,seed42_main,source_disjoint,11,61,-0.02460389832440446
metric_matched_knn_randomization,lung,seed42_main,source_disjoint,11,62,-0.0586287472928303
metric_matched_knn_randomization,lung,seed42_main,source_disjoint,11,63,-0.05152171435084929
metric_matched_knn_randomization,lung,seed42_main,target_disjoint,7,0,-0.009918036762209592
metric_matched_knn_randomization,lung,seed42_main,target_disjoint,7,1,-0.0238816948768934
metric_matched_knn_randomization,lung,seed42_main,target_disjoint,7,2,-0.045427356645165506
metric_matched_knn_randomization,lung,seed42_main,target_disjoint,7,3,-0.019585495578511747
metric_matched_knn_randomization,lung,seed42_main,target_disjoint,7,4,-0.02652488804824027
metric_matched_knn_randomization,lung,seed42_main,target_disjoint,7,5,-0.03247813505342978
metric_matched_knn_randomization,lung,seed42_main,target_disjoint,7,6,-0.012977512650144796
metric_matched_knn_randomization,lung,seed42_main,target_disjoint,7,7,-0.056363871510095864
metric_matched_knn_randomization,lung,seed42_main,target_disjoint,7,8,-0.05089561407763077
metric_matched_knn_randomization,lung,seed42_main,target_disjoint,7,9,-0.0506652440305867
metric_matched_knn_randomization,lung,seed42_main,target_disjoint,7,10,-0.03283783565320009
metric_matched_knn_randomization,lung,seed42_main,target_disjoint,7,11,-0.024673844512343
metric_matched_knn_randomization,lung,seed42_main,target_disjoint,7,12,0.0012973471070371057
metric_matched_knn_randomization,lung,seed42_main,target_disjoint,7,13,-0.03177894175275231
metric_matched_knn_randomization,lung,seed42_main,target_disjoint,7,14,-0.03765539874226054
metric_matched_knn_randomization,lung,seed42_main,target_disjoint,7,15,0.013462502222868822
metric_matched_knn_randomization,lung,seed42_main,target_disjoint,7,16,-0.06430961734322704
metric_matched_knn_randomization,lung,seed42_main,target_disjoint,7,17,0.006151284414051661
metric_matched_knn_randomization,lung,seed42_main,target_disjoint,7,18,0.0010467691611296681
metric_matched_knn_randomization,lung,seed42_main,target_disjoint,7,19,0.016024863798761668
metric_matched_knn_randomization,lung,seed42_main,target_disjoint,7,20,-0.04261845870313791
metric_matched_knn_randomization,lung,seed42_main,target_disjoint,7,21,-0.0019237919718059215
metric_matched_knn_randomization,lung,seed42_main,target_disjoint,7,22,-0.005023683657468081
metric_matched_knn_randomization,lung,seed42_main,target_disjoint,7,23,-0.060664112388250424
metric_matched_knn_randomization,lung,seed42_main,target_disjoint,7,24,-0.052750699193300665
metric_matched_knn_randomization,lung,seed42_main,target_disjoint,7,25,-0.06653652779798558
metric_matched_knn_randomization,lung,seed42_main,target_disjoint,7,26,-0.08525308372536666
metric_matched_knn_randomization,lung,seed42_main,target_disjoint,7,27,-0.055022067025558896
metric_matched_knn_randomization,lung,seed42_main,target_disjoint,7,28,-0.015168048886949004
metric_matched_knn_randomization,lung,seed42_main,target_disjoint,7,29,-0.013236173755597602
metric_matched_knn_randomization,lung,seed42_main,target_disjoint,7,30,-0.02695733708391923
metric_matched_knn_randomization,lung,seed42_main,target_disjoint,7,31,-0.05843316035371915
metric_matched_knn_randomization,lung,seed42_main,target_disjoint,7,32,-0.004785230450878641
metric_matched_knn_randomization,lung,seed42_main,target_disjoint,7,33,-0.03017847616276259
metric_matched_knn_randomization,lung,seed42_main,target_disjoint,7,34,-0.009226926621077602
metric_matched_knn_randomization,lung,seed42_main,target_disjoint,7,35,-0.048919281568779616
metric_matched_knn_randomization,lung,seed42_main,target_disjoint,7,36,0.0029058958565723048
metric_matched_knn_randomization,lung,seed42_main,target_disjoint,7,37,0.014533520862634819
metric_matched_knn_randomization,lung,seed42_main,target_disjoint,7,38,-0.007723458945632755
metric_matched_knn_randomization,lung,seed42_main,target_disjoint,7,39,-0.027458492975734328
metric_matched_knn_randomization,lung,seed42_main,target_disjoint,7,40,-0.045686017750618424
metric_matched_knn_randomization,lung,seed42_main,target_disjoint,7,41,-0.012520814135829395
metric_matched_knn_randomization,lung,seed42_main,target_disjoint,7,42,-0.02575294631165448
metric_matched_knn_randomization,lung,seed42_main,target_disjoint,7,43,-0.046801493767883895
metric_matched_knn_randomization,lung,seed42_main,target_disjoint,7,44,-0.019827990364873926
metric_matched_knn_randomization,lung,seed42_main,target_disjoint,7,45,-0.024200979678936974
metric_matched_knn_randomization,lung,seed42_main,target_disjoint,7,46,-0.02207106713872309
metric_matched_knn_randomization,lung,seed42_main,target_disjoint,7,47,-0.004045621352474327
metric_matched_knn_randomization,lung,seed42_main,target_disjoint,7,48,-0.028513345296409476
metric_matched_knn_randomization,lung,seed42_main,target_disjoint,7,49,-0.06407924729618308
metric_matched_knn_randomization,lung,seed42_main,target_disjoint,7,50,-0.05428245792715458
metric_matched_knn_randomization,lung,seed42_main,target_disjoint,7,51,-0.01976332508851053
metric_matched_knn_randomization,lung,seed42_main,target_disjoint,7,52,-0.020486767867823996
metric_matched_knn_randomization,lung,seed42_main,target_disjoint,7,53,-0.027612073007096893
metric_matched_knn_randomization,lung,seed42_main,target_disjoint,7,54,-0.069078681475015
metric_matched_knn_randomization,lung,seed42_main,target_disjoint,7,55,-0.04583151462243562
metric_matched_knn_randomization,lung,seed42_main,target_disjoint,7,56,-0.023934235413938576
metric_matched_knn_randomization,lung,seed42_main,target_disjoint,7,57,-0.042574001325638156
metric_matched_knn_randomization,lung,seed42_main,target_disjoint,7,58,-0.0477835976526505
metric_matched_knn_randomization,lung,seed42_main,target_disjoint,7,59,-0.03781302035339562
metric_matched_knn_randomization,lung,seed42_main,target_disjoint,7,60,-0.01989669722100984
metric_matched_knn_randomization,lung,seed42_main,target_disjoint,7,61,-0.02559532470051895
metric_matched_knn_randomization,lung,seed42_main,target_disjoint,7,62,0.0012690560486282587
metric_matched_knn_randomization,lung,seed42_main,target_disjoint,7,63,-0.04170102009473475
metric_matched_knn_randomization,lung,seed42_main,target_disjoint,11,0,-0.018445770082609836
metric_matched_knn_randomization,lung,seed42_main,target_disjoint,11,1,-0.033205619412515874
metric_matched_knn_randomization,lung,seed42_main,target_disjoint,11,2,-0.024302019173254474
metric_matched_knn_randomization,lung,seed42_main,target_disjoint,11,3,-0.02592673424188041
metric_matched_knn_randomization,lung,seed42_main,target_disjoint,11,4,-0.023142085778489085
metric_matched_knn_randomization,lung,seed42_main,target_disjoint,11,5,-0.016279483324441846
metric_matched_knn_randomization,lung,seed42_main,target_disjoint,11,6,-0.03493945713500479
metric_matched_knn_randomization,lung,seed42_main,target_disjoint,11,7,-0.003293887514751792
metric_matched_knn_randomization,lung,seed42_main,target_disjoint,11,8,-0.04602955203129788
metric_matched_knn_randomization,lung,seed42_main,target_disjoint,11,9,-0.0685047771472912
metric_matched_knn_randomization,lung,seed42_main,target_disjoint,11,10,0.01121942544901966
metric_matched_knn_randomization,lung,seed42_main,target_disjoint,11,11,-0.05496548490874098
metric_matched_knn_randomization,lung,seed42_main,target_disjoint,11,12,-0.02206702555895046
metric_matched_knn_randomization,lung,seed42_main,target_disjoint,11,13,-0.010564689525841775
metric_matched_knn_randomization,lung,seed42_main,target_disjoint,11,14,-0.03139499167434556
metric_matched_knn_randomization,lung,seed42_main,target_disjoint,11,15,-0.020991965339411944
metric_matched_knn_randomization,lung,seed42_main,target_disjoint,11,16,-0.041127115767011224
metric_matched_knn_randomization,lung,seed42_main,target_disjoint,11,17,-0.07252210744135668
metric_matched_knn_randomization,lung,seed42_main,target_disjoint,11,18,-0.014388023990817733
metric_matched_knn_randomization,lung,seed42_main,target_disjoint,11,19,-0.04590022147857159
metric_matched_knn_randomization,lung,seed42_main,target_disjoint,11,20,-0.062470698546647996
metric_matched_knn_randomization,lung,seed42_main,target_disjoint,11,21,-0.043362109381314906
metric_matched_knn_randomization,lung,seed42_main,target_disjoint,11,22,-0.05266178443830116
metric_matched_knn_randomization,lung,seed42_main,target_disjoint,11,23,-0.0009255217679485783
metric_matched_knn_randomization,lung,seed42_main,target_disjoint,11,24,-0.017726368883069
metric_matched_knn_randomization,lung,seed42_main,target_disjoint,11,25,-0.05555151397578295
metric_matched_knn_randomization,lung,seed42_main,target_disjoint,11,26,-0.044396753803126576
metric_matched_knn_randomization,lung,seed42_main,target_disjoint,11,27,-0.06791874808024978
metric_matched_knn_randomization,lung,seed42_main,target_disjoint,11,28,-0.0023885736456666917
metric_matched_knn_randomization,lung,seed42_main,target_disjoint,11,29,-0.03807976461839413
metric_matched_knn_randomization,lung,seed42_main,target_disjoint,11,30,-0.050370208707179454
metric_matched_knn_randomization,lung,seed42_main,target_disjoint,11,31,-0.044085552160628594
metric_matched_knn_randomization,lung,seed42_main,target_disjoint,11,32,-0.029543948138448406
metric_matched_knn_randomization,lung,seed42_main,target_disjoint,11,33,-0.03474546130591516
metric_matched_knn_randomization,lung,seed42_main,target_disjoint,11,34,-0.05912831207462366
metric_matched_knn_randomization,lung,seed42_main,target_disjoint,11,35,-0.05055612137672372
metric_matched_knn_randomization,lung,seed42_main,target_disjoint,11,36,-0.024516222901207807
metric_matched_knn_randomization,lung,seed42_main,target_disjoint,11,37,-0.03932861276815891
metric_matched_knn_randomization,lung,seed42_main,target_disjoint,11,38,0.0010023117836299722
metric_matched_knn_randomization,lung,seed42_main,target_disjoint,11,39,-0.020078568310781364
metric_matched_knn_randomization,lung,seed42_main,target_disjoint,11,40,-0.048971822105824736
metric_matched_knn_randomization,lung,seed42_main,target_disjoint,11,41,-0.04608209256834295
metric_matched_knn_randomization,lung,seed42_main,target_disjoint,11,42,-0.03174256753479798
metric_matched_knn_randomization,lung,seed42_main,target_disjoint,11,43,-0.03466867129023399
metric_matched_knn_randomization,lung,seed42_main,target_disjoint,11,44,-0.0344463844027354
metric_matched_knn_randomization,lung,seed42_main,target_disjoint,11,45,-0.06034482758620707
metric_matched_knn_randomization,lung,seed42_main,target_disjoint,11,46,-0.06895339250206123
metric_matched_knn_randomization,lung,seed42_main,target_disjoint,11,47,-0.022487349855311645
metric_matched_knn_randomization,lung,seed42_main,target_disjoint,11,48,-0.03508091242704969
metric_matched_knn_randomization,lung,seed42_main,target_disjoint,11,49,-0.013183633218552537
metric_matched_knn_randomization,lung,seed42_main,target_disjoint,11,50,-0.0503297929094525
metric_matched_knn_randomization,lung,seed42_main,target_disjoint,11,51,0.03552548620204654
metric_matched_knn_randomization,lung,seed42_main,target_disjoint,11,52,-0.013571624876731803
metric_matched_knn_randomization,lung,seed42_main,target_disjoint,11,53,-0.05396721470488397
metric_matched_knn_randomization,lung,seed42_main,target_disjoint,11,54,-0.026120730070970044
metric_matched_knn_randomization,lung,seed42_main,target_disjoint,11,55,-0.0683754465945649
metric_matched_knn_randomization,lung,seed42_main,target_disjoint,11,56,-0.04012884556315366
metric_matched_knn_randomization,lung,seed42_main,target_disjoint,11,57,-0.015875325347171843
metric_matched_knn_randomization,lung,seed42_main,target_disjoint,11,58,0.014072780768546789
metric_matched_knn_randomization,lung,seed42_main,target_disjoint,11,59,-0.020151316746690018
metric_matched_knn_randomization,lung,seed42_main,target_disjoint,11,60,-0.032542800329792954
metric_matched_knn_randomization,lung,seed42_main,target_disjoint,11,61,-0.011554876570153638
metric_matched_knn_randomization,lung,seed42_main,target_disjoint,11,62,-0.061375430428245614
metric_matched_knn_randomization,lung,seed42_main,target_disjoint,11,63,-0.048272628805147266
metric_matched_knn_randomization,lung,seed43,source_disjoint,7,0,-0.042807138348539664
metric_matched_knn_randomization,lung,seed43,source_disjoint,7,1,-0.08047856773971429
metric_matched_knn_randomization,lung,seed43,source_disjoint,7,2,-0.055196916661884754
metric_matched_knn_randomization,lung,seed43,source_disjoint,7,3,-0.057492205581377576
metric_matched_knn_randomization,lung,seed43,source_disjoint,7,4,-0.051204070312350636
metric_matched_knn_randomization,lung,seed43,source_disjoint,7,5,-0.01610527725177413
metric_matched_knn_randomization,lung,seed43,source_disjoint,7,6,-0.03765708383542776
metric_matched_knn_randomization,lung,seed43,source_disjoint,7,7,-0.05746829632179934
metric_matched_knn_randomization,lung,seed43,source_disjoint,7,8,-0.035275721581454145
metric_matched_knn_randomization,lung,seed43,source_disjoint,7,9,-0.062082783420363
metric_matched_knn_randomization,lung,seed43,source_disjoint,7,10,-0.03857519940322485
metric_matched_knn_randomization,lung,seed43,source_disjoint,7,11,-0.08161664849562944
metric_matched_knn_randomization,lung,seed43,source_disjoint,7,12,-0.043686999101011814
metric_matched_knn_randomization,lung,seed43,source_disjoint,7,13,-0.03555306899255939
metric_matched_knn_randomization,lung,seed43,source_disjoint,7,14,-0.06524836938849687
metric_matched_knn_randomization,lung,seed43,source_disjoint,7,15,-0.036212964556913585
metric_matched_knn_randomization,lung,seed43,source_disjoint,7,16,-0.04795719286165134
metric_matched_knn_randomization,lung,seed43,source_disjoint,7,17,-0.04529848319657248
metric_matched_knn_randomization,lung,seed43,source_disjoint,7,18,-0.03741320938773163
metric_matched_knn_randomization,lung,seed43,source_disjoint,7,19,-0.09602915016927766
metric_matched_knn_randomization,lung,seed43,source_disjoint,7,20,-0.041692966852202806
metric_matched_knn_randomization,lung,seed43,source_disjoint,7,21,-0.047235133222394365
metric_matched_knn_randomization,lung,seed43,source_disjoint,7,22,-0.06990589315430085
metric_matched_knn_randomization,lung,seed43,source_disjoint,7,23,-0.07207207207207217
metric_matched_knn_randomization,lung,seed43,source_disjoint,7,24,-0.08632677263250516
metric_matched_knn_randomization,lung,seed43,source_disjoint,7,25,-0.01752070541879469
metric_matched_knn_randomization,lung,seed43,source_disjoint,7,26,-0.05305464700369156
metric_matched_knn_randomization,lung,seed43,source_disjoint,7,27,-0.022847688452784065
metric_matched_knn_randomization,lung,seed43,source_disjoint,7,28,-0.06953290870488338
metric_matched_knn_randomization,lung,seed43,source_disjoint,7,29,-0.04625485357969428
metric_matched_knn_randomization,lung,seed43,source_disjoint,7,30,-0.04548975727319682
metric_matched_knn_randomization,lung,seed43,source_disjoint,7,31,-0.08811996710085868
metric_matched_knn_randomization,lung,seed43,source_disjoint,7,32,-0.04191771389223631
metric_matched_knn_randomization,lung,seed43,source_disjoint,7,33,-0.047096459516841715
metric_matched_knn_randomization,lung,seed43,source_disjoint,7,34,-0.07086704538933819
metric_matched_knn_randomization,lung,seed43,source_disjoint,7,35,-0.03151718597578479
metric_matched_knn_randomization,lung,seed43,source_disjoint,7,36,-0.07168952391882333
metric_matched_knn_randomization,lung,seed43,source_disjoint,7,37,-0.03223446376312633
metric_matched_knn_randomization,lung,seed43,source_disjoint,7,38,-0.036208182704997816
metric_matched_knn_randomization,lung,seed43,source_disjoint,7,39,-0.06609475717755986
metric_matched_knn_randomization,lung,seed43,source_disjoint,7,40,-0.06660163348061454
metric_matched_knn_randomization,lung,seed43,source_disjoint,7,41,-0.039603297565081075
metric_matched_knn_randomization,lung,seed43,source_disjoint,7,42,-0.08870335303456334
metric_matched_knn_randomization,lung,seed43,source_disjoint,7,43,-0.08196572368546878
metric_matched_knn_randomization,lung,seed43,source_disjoint,7,44,-0.02253686807826949
metric_matched_knn_randomization,lung,seed43,source_disjoint,7,45,-0.05274382662917698
metric_matched_knn_randomization,lung,seed43,source_disjoint,7,46,-0.055847248522407744
metric_matched_knn_randomization,lung,seed43,source_disjoint,7,47,-0.06676899829766081
metric_matched_knn_randomization,lung,seed43,source_disjoint,7,48,-0.06619995791970312
metric_matched_knn_randomization,lung,seed43,source_disjoint,7,49,0.012102867198408584
metric_matched_knn_randomization,lung,seed43,source_disjoint,7,50,-0.03868518199728388
metric_matched_knn_randomization,lung,seed43,source_disjoint,7,51,-0.011576863487691602
metric_matched_knn_randomization,lung,seed43,source_disjoint,7,52,-0.019667756928903546
metric_matched_knn_randomization,lung,seed43,source_disjoint,7,53,-0.05573726592834882
metric_matched_knn_randomization,lung,seed43,source_disjoint,7,54,-0.06399552418660692
metric_matched_knn_randomization,lung,seed43,source_disjoint,7,55,-0.04981733325682369
metric_matched_knn_randomization,lung,seed43,source_disjoint,7,56,-0.04215202463610124
metric_matched_knn_randomization,lung,seed43,source_disjoint,7,57,-0.03814961458273558
metric_matched_knn_randomization,lung,seed43,source_disjoint,7,58,-0.04153994759090307
metric_matched_knn_randomization,lung,seed43,source_disjoint,7,59,-0.03754710124136873
metric_matched_knn_randomization,lung,seed43,source_disjoint,7,60,-0.08466268816587286
metric_matched_knn_randomization,lung,seed43,source_disjoint,7,61,-0.043266196132438206
metric_matched_knn_randomization,lung,seed43,source_disjoint,7,62,-0.05060633882289922
metric_matched_knn_randomization,lung,seed43,source_disjoint,7,63,-0.025692890342571717
metric_matched_knn_randomization,lung,seed43,source_disjoint,11,0,-0.03555785084447516
metric_matched_knn_randomization,lung,seed43,source_disjoint,11,1,-0.03983282645703046
metric_matched_knn_randomization,lung,seed43,source_disjoint,11,2,-0.08615462596354345
metric_matched_knn_randomization,lung,seed43,source_disjoint,11,3,-0.053202884413075746
metric_matched_knn_randomization,lung,seed43,source_disjoint,11,4,0.0009324611235438374
metric_matched_knn_randomization,lung,seed43,source_disjoint,11,5,-0.025822000344293272
metric_matched_knn_randomization,lung,seed43,source_disjoint,11,6,-0.017817180237562402
metric_matched_knn_randomization,lung,seed43,source_disjoint,11,7,-0.05000382548153237
metric_matched_knn_randomization,lung,seed43,source_disjoint,11,8,-0.06267095120598315
metric_matched_knn_randomization,lung,seed43,source_disjoint,11,9,-0.02870545704940619
metric_matched_knn_randomization,lung,seed43,source_disjoint,11,10,-0.059825749316195165
metric_matched_knn_randomization,lung,seed43,source_disjoint,11,11,0.030183049291329644
metric_matched_knn_randomization,lung,seed43,source_disjoint,11,12,-0.06860522943325487
metric_matched_knn_randomization,lung,seed43,source_disjoint,11,13,-0.05346110441651852
metric_matched_knn_randomization,lung,seed43,source_disjoint,11,14,-0.04033013905625371
metric_matched_knn_randomization,lung,seed43,source_disjoint,11,15,-0.05822861077638153
metric_matched_knn_randomization,lung,seed43,source_disjoint,11,16,-0.0741521776553623
metric_matched_knn_randomization,lung,seed43,source_disjoint,11,17,-0.01947170100036344
metric_matched_knn_randomization,lung,seed43,source_disjoint,11,18,-0.036681586044643555
metric_matched_knn_randomization,lung,seed43,source_disjoint,11,19,-0.05655974445783363
metric_matched_knn_randomization,lung,seed43,source_disjoint,11,20,-0.034634953424762305
metric_matched_knn_randomization,lung,seed43,source_disjoint,11,21,-0.058118628182322496
metric_matched_knn_randomization,lung,seed43,source_disjoint,11,22,-0.023521929572885014
metric_matched_knn_randomization,lung,seed43,source_disjoint,11,23,-0.06366557640442994
metric_matched_knn_randomization,lung,seed43,source_disjoint,11,24,-0.027634322220309482
metric_matched_knn_randomization,lung,seed43,source_disjoint,11,25,-0.033176488590501374
metric_matched_knn_randomization,lung,seed43,source_disjoint,11,26,-0.04757464470840278
metric_matched_knn_randomization,lung,seed43,source_disjoint,11,27,-0.05085021327059547
metric_matched_knn_randomization,lung,seed43,source_disjoint,11,28,-0.03840783458617858
metric_matched_knn_randomization,lung,seed43,source_disjoint,11,29,-0.0468095484019051
metric_matched_knn_randomization,lung,seed43,source_disjoint,11,30,-0.0493248025095161
metric_matched_knn_randomization,lung,seed43,source_disjoint,11,31,-0.06604215680648795
metric_matched_knn_randomization,lung,seed43,source_disjoint,11,32,-0.06104512155467556
metric_matched_knn_randomization,lung,seed43,source_disjoint,11,33,-0.006943248981465477
metric_matched_knn_randomization,lung,seed43,source_disjoint,11,34,-0.008956408637937452
metric_matched_knn_randomization,lung,seed43,source_disjoint,11,35,-0.07391786691149738
metric_matched_knn_randomization,lung,seed43,source_disjoint,11,36,-0.030666016334806145
metric_matched_knn_randomization,lung,seed43,source_disjoint,11,37,-0.06923165203419979
metric_matched_knn_randomization,lung,seed43,source_disjoint,11,38,-0.0837302270423288
metric_matched_knn_randomization,lung,seed43,source_disjoint,11,39,-0.024028805875939585
metric_matched_knn_randomization,lung,seed43,source_disjoint,11,40,-0.05330808515521879
metric_matched_knn_randomization,lung,seed43,source_disjoint,11,41,-0.039555479045924824
metric_matched_knn_randomization,lung,seed43,source_disjoint,11,42,-0.051639218836671
metric_matched_knn_randomization,lung,seed43,source_disjoint,11,43,-0.040927870545705014
metric_matched_knn_randomization,lung,seed43,source_disjoint,11,44,-0.03248312006273801
metric_matched_knn_randomization,lung,seed43,source_disjoint,11,45,-0.009262447160536369
metric_matched_knn_randomization,lung,seed43,source_disjoint,11,46,-0.0475316080411623
metric_matched_knn_randomization,lung,seed43,source_disjoint,11,47,-0.03233488265335405
metric_matched_knn_randomization,lung,seed43,source_disjoint,11,48,-0.06386641418488559
metric_matched_knn_randomization,lung,seed43,source_disjoint,11,49,-0.028734148160899697
metric_matched_knn_randomization,lung,seed43,source_disjoint,11,50,-0.06161894378454902
metric_matched_knn_randomization,lung,seed43,source_disjoint,11,51,-0.050477228821178
metric_matched_knn_randomization,lung,seed43,source_disjoint,11,52,-0.04067921424609333
metric_matched_knn_randomization,lung,seed43,source_disjoint,11,53,-0.051553145502190145
metric_matched_knn_randomization,lung,seed43,source_disjoint,11,54,-0.035074883800998435
metric_matched_knn_randomization,lung,seed43,source_disjoint,11,55,-0.02685488035806516
metric_matched_knn_randomization,lung,seed43,source_disjoint,11,56,-0.0535710870105775
metric_matched_knn_randomization,lung,seed43,source_disjoint,11,57,-0.06488973049482616
metric_matched_knn_randomization,lung,seed43,source_disjoint,11,58,-0.034309787494500865
metric_matched_knn_randomization,lung,seed43,source_disjoint,11,59,-0.010773512365869098
metric_matched_knn_randomization,lung,seed43,source_disjoint,11,60,-0.07334882653353986
metric_matched_knn_randomization,lung,seed43,source_disjoint,11,61,-0.016602589850997496
metric_matched_knn_randomization,lung,seed43,source_disjoint,11,62,-0.010414873472198272
metric_matched_knn_randomization,lung,seed43,source_disjoint,11,63,-0.0006359863047762371
metric_matched_knn_randomization,lung,seed43,target_disjoint,7,0,-0.03189454424484384
metric_matched_knn_randomization,lung,seed43,target_disjoint,7,1,-0.027756986027944075
metric_matched_knn_randomization,lung,seed43,target_disjoint,7,2,0.004657351962741307
metric_matched_knn_randomization,lung,seed43,target_disjoint,7,3,-0.04173735861610106
metric_matched_knn_randomization,lung,seed43,target_disjoint,7,4,-0.05088157019294748
metric_matched_knn_randomization,lung,seed43,target_disjoint,7,5,0.0008649367930806395
metric_matched_knn_randomization,lung,seed43,target_disjoint,7,6,-0.015697771124417836
metric_matched_knn_randomization,lung,seed43,target_disjoint,7,7,-0.014333832335329366
metric_matched_knn_randomization,lung,seed43,target_disjoint,7,8,-0.02248003992015979
metric_matched_knn_randomization,lung,seed43,target_disjoint,7,9,-0.03753326679973379
metric_matched_knn_randomization,lung,seed43,target_disjoint,7,10,0.005642880904857095
metric_matched_knn_randomization,lung,seed43,target_disjoint,7,11,-0.03722554890219565
metric_matched_knn_randomization,lung,seed43,target_disjoint,7,12,-0.023353293413173604
metric_matched_knn_randomization,lung,seed43,target_disjoint,7,13,-0.02200598802395215
metric_matched_knn_randomization,lung,seed43,target_disjoint,7,14,-0.011256653359946855
metric_matched_knn_randomization,lung,seed43,target_disjoint,7,15,-0.03422322022621438
metric_matched_knn_randomization,lung,seed43,target_disjoint,7,16,0.010940618762474985
metric_matched_knn_randomization,lung,seed43,target_disjoint,7,17,-0.006811377245509065
metric_matched_knn_randomization,lung,seed43,target_disjoint,7,18,-0.016013805721889596
metric_matched_knn_randomization,lung,seed43,target_disjoint,7,19,-0.015735196274118568
metric_matched_knn_randomization,lung,seed43,target_disjoint,7,20,-0.060570525615435855
metric_matched_knn_randomization,lung,seed43,target_disjoint,7,21,0.007967398536260828
metric_matched_knn_randomization,lung,seed43,target_disjoint,7,22,-0.00202511643379899
metric_matched_knn_randomization,lung,seed43,target_disjoint,7,23,0.023311709913506395
metric_matched_knn_randomization,lung,seed43,target_disjoint,7,24,-0.019440286094477677
metric_matched_knn_randomization,lung,seed43,target_disjoint,7,25,-0.004881902860944809
metric_matched_knn_randomization,lung,seed43,target_disjoint,7,26,-4.158349966809638e-06
metric_matched_knn_randomization,lung,seed43,target_disjoint,7,27,-0.03120841650033268
metric_matched_knn_randomization,lung,seed43,target_disjoint,7,28,0.02305389221556886
metric_matched_knn_randomization,lung,seed43,target_disjoint,7,29,-0.00971390552228879
metric_matched_knn_randomization,lung,seed43,target_disjoint,7,30,-0.030796739853626076
metric_matched_knn_randomization,lung,seed43,target_disjoint,7,31,0.0007900864936793983
metric_matched_knn_randomization,lung,seed43,target_disjoint,7,32,-0.007638888888888862
metric_matched_knn_randomization,lung,seed43,target_disjoint,7,33,-0.03280938123752497
metric_matched_knn_randomization,lung,seed43,target_disjoint,7,34,-0.00589238190286101
metric_matched_knn_randomization,lung,seed43,target_disjoint,7,35,0.012350299401197695
metric_matched_knn_randomization,lung,seed43,target_disjoint,7,36,-0.007268795741849576
metric_matched_knn_randomization,lung,seed43,target_disjoint,7,37,-0.03268047238855609
metric_matched_knn_randomization,lung,seed43,target_disjoint,7,38,-0.044061876247505016
metric_matched_knn_randomization,lung,seed43,target_disjoint,7,39,-0.015365103127079172
metric_matched_knn_randomization,lung,seed43,target_disjoint,7,40,-0.047143213572854226
metric_matched_knn_randomization,lung,seed43,target_disjoint,7,41,-0.022837658017298645
metric_matched_knn_randomization,lung,seed43,target_disjoint,7,42,-0.00237857618097137
metric_matched_knn_randomization,lung,seed43,target_disjoint,7,43,0.016633399866932796
metric_matched_knn_randomization,lung,seed43,target_disjoint,7,44,-0.034626580172987365
metric_matched_knn_randomization,lung,seed43,target_disjoint,7,45,-0.01291583499667337
metric_matched_knn_randomization,lung,seed43,target_disjoint,7,46,0.03163672654690619
metric_matched_knn_randomization,lung,seed43,target_disjoint,7,47,-0.00424983366600129
metric_matched_knn_randomization,lung,seed43,target_disjoint,7,48,0.009177478376580117
metric_matched_knn_randomization,lung,seed43,target_disjoint,7,49,-0.010212907518296732
metric_matched_knn_randomization,lung,seed43,target_disjoint,7,50,-0.050195442448436434
metric_matched_knn_randomization,lung,seed43,target_disjoint,7,51,0.013248502994011924
metric_matched_knn_randomization,lung,seed43,target_disjoint,7,52,-0.009576679973386626
metric_matched_knn_randomization,lung,seed43,target_disjoint,7,53,1.6633399867016507e-05
metric_matched_knn_randomization,lung,seed43,target_disjoint,7,54,-0.023856453759148466
metric_matched_knn_randomization,lung,seed43,target_disjoint,7,55,-0.033175316034597446
metric_matched_knn_randomization,lung,seed43,target_disjoint,7,56,-0.04713905522288753
metric_matched_knn_randomization,lung,seed43,target_disjoint,7,57,-0.01525282767797742
metric_matched_knn_randomization,lung,seed43,target_disjoint,7,58,-0.011231703260146442
metric_matched_knn_randomization,lung,seed43,target_disjoint,7,59,0.004220725216234178
metric_matched_knn_randomization,lung,seed43,target_disjoint,7,60,-0.004274783765801815
metric_matched_knn_randomization,lung,seed43,target_disjoint,7,61,0.031378908848968656
metric_matched_knn_randomization,lung,seed43,target_disjoint,7,62,-0.02691284098469726
metric_matched_knn_randomization,lung,seed43,target_disjoint,7,63,-0.06171407185628741
metric_matched_knn_randomization,lung,seed43,target_disjoint,11,0,-0.008395708582834449
metric_matched_knn_randomization,lung,seed43,target_disjoint,11,1,0.005160512308715837
metric_matched_knn_randomization,lung,seed43,target_disjoint,11,2,-0.03235196274118424
metric_matched_knn_randomization,lung,seed43,target_disjoint,11,3,-0.03616932801064532
metric_matched_knn_randomization,lung,seed43,target_disjoint,11,4,-0.01689953426480373
metric_matched_knn_randomization,lung,seed43,target_disjoint,11,5,-0.02376081170991351
metric_matched_knn_randomization,lung,seed43,target_disjoint,11,6,-0.014766300731869686
metric_matched_knn_randomization,lung,seed43,target_disjoint,11,7,-0.005863273453093787
metric_matched_knn_randomization,lung,seed43,target_disjoint,11,8,-0.03523785761809717
metric_matched_knn_randomization,lung,seed43,target_disjoint,11,9,-0.029320525615435744
metric_matched_knn_randomization,lung,seed43,target_disjoint,11,10,-0.0012308715901530043
metric_matched_knn_randomization,lung,seed43,target_disjoint,11,11,-0.03892215568862273
metric_matched_knn_randomization,lung,seed43,target_disjoint,11,12,-0.009809547571523636
metric_matched_knn_randomization,lung,seed43,target_disjoint,11,13,-0.026696606786427157
metric_matched_knn_randomization,lung,seed43,target_disjoint,11,14,0.006478709248170289
metric_matched_knn_randomization,lung,seed43,target_disjoint,11,15,-0.013040585495675439
metric_matched_knn_randomization,lung,seed43,target_disjoint,11,16,0.03101297405189629
metric_matched_knn_randomization,lung,seed43,target_disjoint,11,17,-0.030909015302727938
metric_matched_knn_randomization,lung,seed43,target_disjoint,11,18,-0.039346307385229595
metric_matched_knn_randomization,lung,seed43,target_disjoint,11,19,0.018758316699933553
metric_matched_knn_randomization,lung,seed43,target_disjoint,11,20,-0.017090818363273197
metric_matched_knn_randomization,lung,seed43,target_disjoint,11,21,-0.014117598137059373
metric_matched_knn_randomization,lung,seed43,target_disjoint,11,22,-0.021976879574185038
metric_matched_knn_randomization,lung,seed43,target_disjoint,11,23,0.022991516966067826
metric_matched_knn_randomization,lung,seed43,target_disjoint,11,24,0.002524118429807043
metric_matched_knn_randomization,lung,seed43,target_disjoint,11,25,-0.016641716566866194
metric_matched_knn_randomization,lung,seed43,target_disjoint,11,26,-0.02867182302062543
metric_matched_knn_randomization,lung,seed43,target_disjoint,11,27,-0.013277611443779036
metric_matched_knn_randomization,lung,seed43,target_disjoint,11,28,0.019527611443779125
metric_matched_knn_randomization,lung,seed43,target_disjoint,11,29,-0.007277112441783085
metric_matched_knn_randomization,lung,seed43,target_disjoint,11,30,-0.008437292082501546
metric_matched_knn_randomization,lung,seed43,target_disjoint,11,31,-0.009930139720558784
metric_matched_knn_randomization,lung,seed43,target_disjoint,11,32,-0.03584913506320697
metric_matched_knn_randomization,lung,seed43,target_disjoint,11,33,-0.015585495675316086
metric_matched_knn_randomization,lung,seed43,target_disjoint,11,34,-0.001696606786427135
metric_matched_knn_randomization,lung,seed43,target_disjoint,11,35,-0.0003908848968728895
metric_matched_knn_randomization,lung,seed43,target_disjoint,11,36,-0.011227544910179632
metric_matched_knn_randomization,lung,seed43,target_disjoint,11,37,0.008379075182967433
metric_matched_knn_randomization,lung,seed43,target_disjoint,11,38,0.02430555555555569
metric_matched_knn_randomization,lung,seed43,target_disjoint,11,39,-0.014337990685296176
metric_matched_knn_randomization,lung,seed43,target_disjoint,11,40,0.012462574850299335
metric_matched_knn_randomization,lung,seed43,target_disjoint,11,41,-0.030497338656021222
metric_matched_knn_randomization,lung,seed43,target_disjoint,11,42,-0.005705256154357796
metric_matched_knn_randomization,lung,seed43,target_disjoint,11,43,-0.03473053892215561
metric_matched_knn_randomization,lung,seed43,target_disjoint,11,44,-0.03016051230871597
metric_matched_knn_randomization,lung,seed43,target_disjoint,11,45,-0.03617764471057883
metric_matched_knn_randomization,lung,seed43,target_disjoint,11,46,-0.023898037258815785
metric_matched_knn_randomization,lung,seed43,target_disjoint,11,47,0.024209913506320735
metric_matched_knn_randomization,lung,seed43,target_disjoint,11,48,-0.0359281437125748
metric_matched_knn_randomization,lung,seed43,target_disjoint,11,49,-0.021132734530938224
metric_matched_knn_randomization,lung,seed43,target_disjoint,11,50,-0.033570359281437034
metric_matched_knn_randomization,lung,seed43,target_disjoint,11,51,0.01232534930139717
metric_matched_knn_randomization,lung,seed43,target_disjoint,11,52,-0.008137890884896803
metric_matched_knn_randomization,lung,seed43,target_disjoint,11,53,0.021086992681304095
metric_matched_knn_randomization,lung,seed43,target_disjoint,11,54,-0.02340735196274124
metric_matched_knn_randomization,lung,seed43,target_disjoint,11,55,0.01677062541583496
metric_matched_knn_randomization,lung,seed43,target_disjoint,11,56,-0.02203509647371915
metric_matched_knn_randomization,lung,seed43,target_disjoint,11,57,0.012732867598137076
metric_matched_knn_randomization,lung,seed43,target_disjoint,11,58,-0.014416999334664005
metric_matched_knn_randomization,lung,seed43,target_disjoint,11,59,-0.0146249168330006
metric_matched_knn_randomization,lung,seed43,target_disjoint,11,60,0.003659347970725091
metric_matched_knn_randomization,lung,seed43,target_disjoint,11,61,-0.03910096473719227
metric_matched_knn_randomization,lung,seed43,target_disjoint,11,62,-0.00402112441783109
metric_matched_knn_randomization,lung,seed43,target_disjoint,11,63,-0.02133649367930801
metric_matched_knn_randomization,lung,seed44,source_disjoint,7,0,-0.009613826627059008
metric_matched_knn_randomization,lung,seed44,source_disjoint,7,1,-0.03852732019083627
metric_matched_knn_randomization,lung,seed44,source_disjoint,7,2,-0.039738050229543576
metric_matched_knn_randomization,lung,seed44,source_disjoint,7,3,-0.023471959672337728
metric_matched_knn_randomization,lung,seed44,source_disjoint,7,4,-0.018295976235484734
metric_matched_knn_randomization,lung,seed44,source_disjoint,7,5,-0.034080475290305
metric_matched_knn_randomization,lung,seed44,source_disjoint,7,6,-0.02897650553605191
metric_matched_knn_randomization,lung,seed44,source_disjoint,7,7,-0.03490863264020161
metric_matched_knn_randomization,lung,seed44,source_disjoint,7,8,-0.02231974075074261
metric_matched_knn_randomization,lung,seed44,source_disjoint,7,9,-0.06519938788369795
metric_matched_knn_randomization,lung,seed44,source_disjoint,7,10,-0.022531280943379195
metric_matched_knn_randomization,lung,seed44,source_disjoint,7,11,-0.050630119722747335
metric_matched_knn_randomization,lung,seed44,source_disjoint,7,12,-0.009415788999909802
metric_matched_knn_randomization,lung,seed44,source_disjoint,7,13,-0.005491043298226694
metric_matched_knn_randomization,lung,seed44,source_disjoint,7,14,-0.06018093437753175
metric_matched_knn_randomization,lung,seed44,source_disjoint,7,15,-0.009303267620847988
metric_matched_knn_randomization,lung,seed44,source_disjoint,7,16,-0.040624718696552264
metric_matched_knn_randomization,lung,seed44,source_disjoint,7,17,-0.008097038437302917
metric_matched_knn_randomization,lung,seed44,source_disjoint,7,18,-0.027959312269331238
metric_matched_knn_randomization,lung,seed44,source_disjoint,7,19,-0.04472499774957239
metric_matched_knn_randomization,lung,seed44,source_disjoint,7,20,-0.023579980196237305
metric_matched_knn_randomization,lung,seed44,source_disjoint,7,21,-0.03381942569088103
metric_matched_knn_randomization,lung,seed44,source_disjoint,7,22,-0.034071473579980194
metric_matched_knn_randomization,lung,seed44,source_disjoint,7,23,-0.008529120532901335
metric_matched_knn_randomization,lung,seed44,source_disjoint,7,24,-0.036137366099558976
metric_matched_knn_randomization,lung,seed44,source_disjoint,7,25,0.00027005130974877556
metric_matched_knn_randomization,lung,seed44,source_disjoint,7,26,-0.0239985597263479
metric_matched_knn_randomization,lung,seed44,source_disjoint,7,27,-0.012768926095957922
metric_matched_knn_randomization,lung,seed44,source_disjoint,7,28,-0.05369520208839673
metric_matched_knn_randomization,lung,seed44,source_disjoint,7,29,-0.004937438113241321
metric_matched_knn_randomization,lung,seed44,source_disjoint,7,30,-0.02714015662975966
metric_matched_knn_randomization,lung,seed44,source_disjoint,7,31,-0.003911243136196063
metric_matched_knn_randomization,lung,seed44,source_disjoint,7,32,-0.05164281213430555
metric_matched_knn_randomization,lung,seed44,source_disjoint,7,33,-0.007385903321631138
metric_matched_knn_randomization,lung,seed44,source_disjoint,7,34,-0.04029165541452884
metric_matched_knn_randomization,lung,seed44,source_disjoint,7,35,-0.03472409757853978
metric_matched_knn_randomization,lung,seed44,source_disjoint,7,36,0.0016248087136555567
metric_matched_knn_randomization,lung,seed44,source_disjoint,7,37,-0.030376271491583506
metric_matched_knn_randomization,lung,seed44,source_disjoint,7,38,0.011202628499415002
metric_matched_knn_randomization,lung,seed44,source_disjoint,7,39,-0.04003510667026733
metric_matched_knn_randomization,lung,seed44,source_disjoint,7,40,-0.07758574129084528
metric_matched_knn_randomization,lung,seed44,source_disjoint,7,41,-0.03455756593752801
metric_matched_knn_randomization,lung,seed44,source_disjoint,7,42,-0.005450535601764228
metric_matched_knn_randomization,lung,seed44,source_disjoint,7,43,-0.04305067962912967
metric_matched_knn_randomization,lung,seed44,source_disjoint,7,44,-0.0700693131695021
metric_matched_knn_randomization,lung,seed44,source_disjoint,7,45,-0.03401296246286789
metric_matched_knn_randomization,lung,seed44,source_disjoint,7,46,-0.018773066882707745
metric_matched_knn_randomization,lung,seed44,source_disjoint,7,47,-0.030403276622558262
metric_matched_knn_randomization,lung,seed44,source_disjoint,7,48,-0.01751732829237551
metric_matched_knn_randomization,lung,seed44,source_disjoint,7,49,-0.01055900621118011
metric_matched_knn_randomization,lung,seed44,source_disjoint,7,50,-0.04370780448285172
metric_matched_knn_randomization,lung,seed44,source_disjoint,7,51,-0.025326311999279816
metric_matched_knn_randomization,lung,seed44,source_disjoint,7,52,-0.07186965523449462
metric_matched_knn_randomization,lung,seed44,source_disjoint,7,53,-0.03981456476730588
metric_matched_knn_randomization,lung,seed44,source_disjoint,7,54,-0.03592582590692239
metric_matched_knn_randomization,lung,seed44,source_disjoint,7,55,0.0032541182824735726
metric_matched_knn_randomization,lung,seed44,source_disjoint,7,56,-0.0028400396075253243
metric_matched_knn_randomization,lung,seed44,source_disjoint,7,57,0.025029255558556174
metric_matched_knn_randomization,lung,seed44,source_disjoint,7,58,-0.02554235304707908
metric_matched_knn_randomization,lung,seed44,source_disjoint,7,59,-0.021653614186695536
metric_matched_knn_randomization,lung,seed44,source_disjoint,7,60,-0.009685840309658578
metric_matched_knn_randomization,lung,seed44,source_disjoint,7,61,-0.05012602394454935
metric_matched_knn_randomization,lung,seed44,source_disjoint,7,62,-0.01456026645062558
metric_matched_knn_randomization,lung,seed44,source_disjoint,7,63,-0.013255018453506184
metric_matched_knn_randomization,lung,seed44,source_disjoint,11,0,-0.03535871815644964
metric_matched_knn_randomization,lung,seed44,source_disjoint,11,1,-0.040620217841389805
metric_matched_knn_randomization,lung,seed44,source_disjoint,11,2,0.04099378881987581
metric_matched_knn_randomization,lung,seed44,source_disjoint,11,3,-0.016698172652803933
metric_matched_knn_randomization,lung,seed44,source_disjoint,11,4,-0.04715095868214958
metric_matched_knn_randomization,lung,seed44,source_disjoint,11,5,-0.031127914303717752
metric_matched_knn_randomization,lung,seed44,source_disjoint,11,6,-0.05916824196597359
metric_matched_knn_randomization,lung,seed44,source_disjoint,11,7,-0.0036952020883969094
metric_matched_knn_randomization,lung,seed44,source_disjoint,11,8,-0.03620037807183352
metric_matched_knn_randomization,lung,seed44,source_disjoint,11,9,-0.06916914213700587
metric_matched_knn_randomization,lung,seed44,source_disjoint,11,10,-0.053519668737060044
metric_matched_knn_randomization,lung,seed44,source_disjoint,11,11,-0.019241155819605837
metric_matched_knn_randomization,lung,seed44,source_disjoint,11,12,-0.05179584120982994
metric_matched_knn_randomization,lung,seed44,source_disjoint,11,13,0.024916734179493916
metric_matched_knn_randomization,lung,seed44,source_disjoint,11,14,-0.0398505716086055
metric_matched_knn_randomization,lung,seed44,source_disjoint,11,15,-0.04400486092357547
metric_matched_knn_randomization,lung,seed44,source_disjoint,11,16,-0.06428571428571428
metric_matched_knn_randomization,lung,seed44,source_disjoint,11,17,-0.009928886488432709
metric_matched_knn_randomization,lung,seed44,source_disjoint,11,18,-0.018381492483571904
metric_matched_knn_randomization,lung,seed44,source_disjoint,11,19,-0.011805743091187315
metric_matched_knn_randomization,lung,seed44,source_disjoint,11,20,-0.01009091727428224
metric_matched_knn_randomization,lung,seed44,source_disjoint,11,21,0.00464938338284282
metric_matched_knn_randomization,lung,seed44,source_disjoint,11,22,-0.041511387163561286
metric_matched_knn_randomization,lung,seed44,source_disjoint,11,23,-0.057538932397155684
metric_matched_knn_randomization,lung,seed44,source_disjoint,11,24,-0.005207489422990208
metric_matched_knn_randomization,lung,seed44,source_disjoint,11,25,-0.011288144747502171
metric_matched_knn_randomization,lung,seed44,source_disjoint,11,26,-0.08660995589161935
metric_matched_knn_randomization,lung,seed44,source_disjoint,11,27,-0.04376631559996402
metric_matched_knn_randomization,lung,seed44,source_disjoint,11,28,-0.006229183544873451
metric_matched_knn_randomization,lung,seed44,source_disjoint,11,29,-0.04257808983706912
metric_matched_knn_randomization,lung,seed44,source_disjoint,11,30,-0.07782878746961919
metric_matched_knn_randomization,lung,seed44,source_disjoint,11,31,-0.057903501665316326
metric_matched_knn_randomization,lung,seed44,source_disjoint,11,32,-0.01699972994869048
metric_matched_knn_randomization,lung,seed44,source_disjoint,11,33,-0.00937078044828532
metric_matched_knn_randomization,lung,seed44,source_disjoint,11,34,-0.03328832478170851
metric_matched_knn_randomization,lung,seed44,source_disjoint,11,35,-0.02931406967323802
metric_matched_knn_randomization,lung,seed44,source_disjoint,11,36,-0.03097938608335582
metric_matched_knn_randomization,lung,seed44,source_disjoint,11,37,-0.04715545953731215
metric_matched_knn_randomization,lung,seed44,source_disjoint,11,38,-0.0049374381132414324
metric_matched_knn_randomization,lung,seed44,source_disjoint,11,39,-0.019007111351156736
metric_matched_knn_randomization,lung,seed44,source_disjoint,11,40,-0.008403096588351922
metric_matched_knn_randomization,lung,seed44,source_disjoint,11,41,-0.014695292105499913
metric_matched_knn_randomization,lung,seed44,source_disjoint,11,42,-0.01656314699792949
metric_matched_knn_randomization,lung,seed44,source_disjoint,11,43,-0.0350031505986137
metric_matched_knn_randomization,lung,seed44,source_disjoint,11,44,-0.05349266360608507
metric_matched_knn_randomization,lung,seed44,source_disjoint,11,45,-0.04708794670987504
metric_matched_knn_randomization,lung,seed44,source_disjoint,11,46,-0.018935097668557055
metric_matched_knn_randomization,lung,seed44,source_disjoint,11,47,-0.053033576379512115
metric_matched_knn_randomization,lung,seed44,source_disjoint,11,48,-0.05048609235754786
metric_matched_knn_randomization,lung,seed44,source_disjoint,11,49,0.016432622198217728
metric_matched_knn_randomization,lung,seed44,source_disjoint,11,50,-0.026924115581960617
metric_matched_knn_randomization,lung,seed44,source_disjoint,11,51,-0.005261499684940052
metric_matched_knn_randomization,lung,seed44,source_disjoint,11,52,-0.04673237915203898
metric_matched_knn_randomization,lung,seed44,source_disjoint,11,53,0.0072733819425691015
metric_matched_knn_randomization,lung,seed44,source_disjoint,11,54,-0.02681609505806104
metric_matched_knn_randomization,lung,seed44,source_disjoint,11,55,-0.008398595733189462
metric_matched_knn_randomization,lung,seed44,source_disjoint,11,56,-0.031740030605815095
metric_matched_knn_randomization,lung,seed44,source_disjoint,11,57,0.0071428571428572285
metric_matched_knn_randomization,lung,seed44,source_disjoint,11,58,-0.0077369700243045125
metric_matched_knn_randomization,lung,seed44,source_disjoint,11,59,-0.058173552975065324
metric_matched_knn_randomization,lung,seed44,source_disjoint,11,60,-0.03576829597623554
metric_matched_knn_randomization,lung,seed44,source_disjoint,11,61,-0.009541812944459438
metric_matched_knn_randomization,lung,seed44,source_disjoint,11,62,-0.025033756413718633
metric_matched_knn_randomization,lung,seed44,source_disjoint,11,63,-0.02338194256908821
metric_matched_knn_randomization,lung,seed44,target_disjoint,7,0,-0.014892445835877566
metric_matched_knn_randomization,lung,seed44,target_disjoint,7,1,-0.04909389594639946
metric_matched_knn_randomization,lung,seed44,target_disjoint,7,2,-0.03449818091117862
metric_matched_knn_randomization,lung,seed44,target_disjoint,7,3,-0.005126132092511337
metric_matched_knn_randomization,lung,seed44,target_disjoint,7,4,-0.043013064756121544
metric_matched_knn_randomization,lung,seed44,target_disjoint,7,5,-0.04003715585677792
metric_matched_knn_randomization,lung,seed44,target_disjoint,7,6,-0.02851625998778673
metric_matched_knn_randomization,lung,seed44,target_disjoint,7,7,-0.010200658828386278
metric_matched_knn_randomization,lung,seed44,target_disjoint,7,8,-0.01092743426767695
metric_matched_knn_randomization,lung,seed44,target_disjoint,7,9,-4.730491024984573e-05
metric_matched_knn_randomization,lung,seed44,target_disjoint,7,10,-0.053437346796597396
metric_matched_knn_randomization,lung,seed44,target_disjoint,7,11,0.0029243035427076736
metric_matched_knn_randomization,lung,seed44,target_disjoint,7,12,-0.013378688707887831
metric_matched_knn_randomization,lung,seed44,target_disjoint,7,13,0.004562773615901405
metric_matched_knn_randomization,lung,seed44,target_disjoint,7,14,-0.021738756482923005
metric_matched_knn_randomization,lung,seed44,target_disjoint,7,15,-0.02006588283863875
metric_matched_knn_randomization,lung,seed44,target_disjoint,7,16,-0.03796864114495058
metric_matched_knn_randomization,lung,seed44,target_disjoint,7,17,-0.07029509663103028
metric_matched_knn_randomization,lung,seed44,target_disjoint,7,18,-0.029475259531939413
metric_matched_knn_randomization,lung,seed44,target_disjoint,7,19,-0.018122081072015406
metric_matched_knn_randomization,lung,seed44,target_disjoint,7,20,-0.029320443462031442
metric_matched_knn_randomization,lung,seed44,target_disjoint,7,21,-0.05028081914902771
metric_matched_knn_randomization,lung,seed44,target_disjoint,7,22,-0.03320374654889191
metric_matched_knn_randomization,lung,seed44,target_disjoint,7,23,-0.038089053643768356
metric_matched_knn_randomization,lung,seed44,target_disjoint,7,24,0.0209517747942235
metric_matched_knn_randomization,lung,seed44,target_disjoint,7,25,-0.0030447160415251195
metric_matched_knn_randomization,lung,seed44,target_disjoint,7,26,-0.009198654820370411
metric_matched_knn_randomization,lung,seed44,target_disjoint,7,27,-0.007680597245994125
metric_matched_knn_randomization,lung,seed44,target_disjoint,7,28,-0.003319944610250647
metric_matched_knn_randomization,lung,seed44,target_disjoint,7,29,-0.024886683237720142
metric_matched_knn_randomization,lung,seed44,target_disjoint,7,30,0.01332278290486566
metric_matched_knn_randomization,lung,seed44,target_disjoint,7,31,0.0024125504227339167
metric_matched_knn_randomization,lung,seed44,target_disjoint,7,32,-0.04528370044810648
metric_matched_knn_randomization,lung,seed44,target_disjoint,7,33,-0.04936912451512465
metric_matched_knn_randomization,lung,seed44,target_disjoint,7,34,-0.030933110856906976
metric_matched_knn_randomization,lung,seed44,target_disjoint,7,35,-0.011654209706967733
metric_matched_knn_randomization,lung,seed44,target_disjoint,7,36,-0.02834424213233333
metric_matched_knn_randomization,lung,seed44,target_disjoint,7,37,-0.031173935854541535
metric_matched_knn_randomization,lung,seed44,target_disjoint,7,38,-0.024512544402108816
metric_matched_knn_randomization,lung,seed44,target_disjoint,7,39,-0.042277688424058435
metric_matched_knn_randomization,lung,seed44,target_disjoint,7,40,-0.053940499023798494
metric_matched_knn_randomization,lung,seed44,target_disjoint,7,41,-0.045163287949289255
metric_matched_knn_randomization,lung,seed44,target_disjoint,7,42,-0.020233600247705708
metric_matched_knn_randomization,lung,seed44,target_disjoint,7,43,0.007125839662156963
metric_matched_knn_randomization,lung,seed44,target_disjoint,7,44,-0.045722345979512635
metric_matched_knn_randomization,lung,seed44,target_disjoint,7,45,-0.03285541039159867
metric_matched_knn_randomization,lung,seed44,target_disjoint,7,46,-0.002124420514849512
metric_matched_knn_randomization,lung,seed44,target_disjoint,7,47,-0.0271057135730689
metric_matched_knn_randomization,lung,seed44,target_disjoint,7,48,-0.016449207427730927
metric_matched_knn_randomization,lung,seed44,target_disjoint,7,49,-0.041460603610654956
metric_matched_knn_randomization,lung,seed44,target_disjoint,7,50,-0.025759673854146126
metric_matched_knn_randomization,lung,seed44,target_disjoint,7,51,-0.038815829083058806
metric_matched_knn_randomization,lung,seed44,target_disjoint,7,52,-0.02167855023351417
metric_matched_knn_randomization,lung,seed44,target_disjoint,7,53,-0.027716376959928457
metric_matched_knn_randomization,lung,seed44,target_disjoint,7,54,-0.04207556744390073
metric_matched_knn_randomization,lung,seed44,target_disjoint,7,55,-0.041383195575700804
metric_matched_knn_randomization,lung,seed44,target_disjoint,7,56,-0.020151891766365337
metric_matched_knn_randomization,lung,seed44,target_disjoint,7,57,0.021162496667153974
metric_matched_knn_randomization,lung,seed44,target_disjoint,7,58,-0.022001083712489322
metric_matched_knn_randomization,lung,seed44,target_disjoint,7,59,-0.014780634229833
metric_matched_knn_randomization,lung,seed44,target_disjoint,7,60,-0.039392088898827615
metric_matched_knn_randomization,lung,seed44,target_disjoint,7,61,-0.033904719309864384
metric_matched_knn_randomization,lung,seed44,target_disjoint,7,62,-0.009766313743366561
metric_matched_knn_randomization,lung,seed44,target_disjoint,7,63,-0.024968391719060623
metric_matched_knn_randomization,lung,seed44,target_disjoint,11,0,-0.03421005100329422
metric_matched_knn_randomization,lung,seed44,target_disjoint,11,1,-0.06936189976519574
metric_matched_knn_randomization,lung,seed44,target_disjoint,11,2,-0.007702099477925883
metric_matched_knn_randomization,lung,seed44,target_disjoint,11,3,0.005543275391985625
metric_matched_knn_randomization,lung,seed44,target_disjoint,11,4,-0.03411114073640853
metric_matched_knn_randomization,lung,seed44,target_disjoint,11,5,-0.026688570273594392
metric_matched_knn_randomization,lung,seed44,target_disjoint,11,6,-0.03450678180395117
metric_matched_knn_randomization,lung,seed44,target_disjoint,11,7,-0.030937411303293194
metric_matched_knn_randomization,lung,seed44,target_disjoint,11,8,-0.013804432900134889
metric_matched_knn_randomization,lung,seed44,target_disjoint,11,9,-0.06415835963773031
metric_matched_knn_randomization,lung,seed44,target_disjoint,11,10,-0.03203402513180875
metric_matched_knn_randomization,lung,seed44,target_disjoint,11,11,0.011009142749017431
metric_matched_knn_randomization,lung,seed44,target_disjoint,11,12,-0.019446618559006423
metric_matched_knn_randomization,lung,seed44,target_disjoint,11,13,-0.044900960719722605
metric_matched_knn_randomization,lung,seed44,target_disjoint,11,14,-0.02143342478949306
metric_matched_knn_randomization,lung,seed44,target_disjoint,11,15,-0.009181453034825093
metric_matched_knn_randomization,lung,seed44,target_disjoint,11,16,-0.06375411767741501
metric_matched_knn_randomization,lung,seed44,target_disjoint,11,17,-0.010200658828386278
metric_matched_knn_randomization,lung,seed44,target_disjoint,11,18,-0.05511022044088171
metric_matched_knn_randomization,lung,seed44,target_disjoint,11,19,-0.037353677311704914
metric_matched_knn_randomization,lung,seed44,target_disjoint,11,20,-0.0019352008738506843
metric_matched_knn_randomization,lung,seed44,target_disjoint,11,21,0.019610035521687275
metric_matched_knn_randomization,lung,seed44,target_disjoint,11,22,-0.03847609381853834
metric_matched_knn_randomization,lung,seed44,target_disjoint,11,23,-0.035547489829444334
metric_matched_knn_randomization,lung,seed44,target_disjoint,11,24,-0.027213224732727248
metric_matched_knn_randomization,lung,seed44,target_disjoint,11,25,-0.05857638022826772
metric_matched_knn_randomization,lung,seed44,target_disjoint,11,26,-0.03666130544350499
metric_matched_knn_randomization,lung,seed44,target_disjoint,11,27,0.008906224466099566
metric_matched_knn_randomization,lung,seed44,target_disjoint,11,28,-0.008755708842577925
metric_matched_knn_randomization,lung,seed44,target_disjoint,11,29,-0.05207840573851563
metric_matched_knn_randomization,lung,seed44,target_disjoint,11,30,-0.01831130071301401
metric_matched_knn_randomization,lung,seed44,target_disjoint,11,31,-0.011723016849148893
metric_matched_knn_randomization,lung,seed44,target_disjoint,11,32,-0.047373717391865244
metric_matched_knn_randomization,lung,seed44,target_disjoint,11,33,-0.01750711723876952
metric_matched_knn_randomization,lung,seed44,target_disjoint,11,34,-0.034485279572019634
metric_matched_knn_randomization,lung,seed44,target_disjoint,11,35,-0.026077906886734947
metric_matched_knn_randomization,lung,seed44,target_disjoint,11,36,0.00607653074389114
metric_matched_knn_randomization,lung,seed44,target_disjoint,11,37,-0.03073959076952193
metric_matched_knn_randomization,lung,seed44,target_disjoint,11,38,-0.017937161877402907
metric_matched_knn_randomization,lung,seed44,target_disjoint,11,39,-0.023880378783317835
metric_matched_knn_randomization,lung,seed44,target_disjoint,11,40,-0.007628991889358172
metric_matched_knn_randomization,lung,seed44,target_disjoint,11,41,-0.013017451211435715
metric_matched_knn_randomization,lung,seed44,target_disjoint,11,42,0.026108010011439253
metric_matched_knn_randomization,lung,seed44,target_disjoint,11,43,-0.028967806858351874
metric_matched_knn_randomization,lung,seed44,target_disjoint,11,44,0.0025286624751650333
metric_matched_knn_randomization,lung,seed44,target_disjoint,11,45,-0.04717159641170743
metric_matched_knn_randomization,lung,seed44,target_disjoint,11,46,-0.0061539387788452915
metric_matched_knn_randomization,lung,seed44,target_disjoint,11,47,-0.023613751107364966
metric_matched_knn_randomization,lung,seed44,target_disjoint,11,48,-0.011649909260581182
metric_matched_knn_randomization,lung,seed44,target_disjoint,11,49,0.0016857749834432445
metric_matched_knn_randomization,lung,seed44,target_disjoint,11,50,-0.05646916149896364
metric_matched_knn_randomization,lung,seed44,target_disjoint,11,51,0.03843308935467493
metric_matched_knn_randomization,lung,seed44,target_disjoint,11,52,-0.0045240695984243295
metric_matched_knn_randomization,lung,seed44,target_disjoint,11,53,-0.0668375377364171
metric_matched_knn_randomization,lung,seed44,target_disjoint,11,54,0.0073709651061780734
metric_matched_knn_randomization,lung,seed44,target_disjoint,11,55,-0.021330214076221043
metric_matched_knn_randomization,lung,seed44,target_disjoint,11,56,-0.02588008635296335
metric_matched_knn_randomization,lung,seed44,target_disjoint,11,57,-0.022168801121556503
metric_matched_knn_randomization,lung,seed44,target_disjoint,11,58,-0.04916270308858062
metric_matched_knn_randomization,lung,seed44,target_disjoint,11,59,-0.04461283081183842
metric_matched_knn_randomization,lung,seed44,target_disjoint,11,60,0.00501432048646655
metric_matched_knn_randomization,lung,seed44,target_disjoint,11,61,-0.00879441286005489
metric_matched_knn_randomization,lung,seed44,target_disjoint,11,62,-0.07198517206086003
metric_matched_knn_randomization,lung,seed44,target_disjoint,11,63,-0.02580697876439586
sign_shuffle_null,external_lung,seed42_main,source_disjoint,7,0,-0.028567896456828445
sign_shuffle_null,external_lung,seed42_main,source_disjoint,7,1,-0.019898090815273495
sign_shuffle_null,external_lung,seed42_main,source_disjoint,7,2,-0.03495872033023739
sign_shuffle_null,external_lung,seed42_main,source_disjoint,7,3,-0.04893898348813219
sign_shuffle_null,external_lung,seed42_main,source_disjoint,7,4,-0.01911872205022369
sign_shuffle_null,external_lung,seed42_main,source_disjoint,7,5,-0.02555254557963549
sign_shuffle_null,external_lung,seed42_main,source_disjoint,7,6,-0.05119646542827666
sign_shuffle_null,external_lung,seed42_main,source_disjoint,7,7,-0.0444885190918472
sign_shuffle_null,external_lung,seed42_main,source_disjoint,7,8,-0.04077979876160992
sign_shuffle_null,external_lung,seed42_main,source_disjoint,7,9,-0.03413635190918485
sign_shuffle_null,external_lung,seed42_main,source_disjoint,7,10,-0.04028530271757835
sign_shuffle_null,external_lung,seed42_main,source_disjoint,7,11,-0.025213923288613715
sign_shuffle_null,external_lung,seed42_main,source_disjoint,7,12,-0.028949518403852847
sign_shuffle_null,external_lung,seed42_main,source_disjoint,7,13,-0.030046009631922943
sign_shuffle_null,external_lung,seed42_main,source_disjoint,7,14,-0.03834494324045418
sign_shuffle_null,external_lung,seed42_main,source_disjoint,7,15,-0.02247269521843842
sign_shuffle_null,external_lung,seed42_main,source_disjoint,7,16,-0.026729661162710805
sign_shuffle_null,external_lung,seed42_main,source_disjoint,7,17,-0.039393059855521106
sign_shuffle_null,external_lung,seed42_main,source_disjoint,7,18,-0.04626225490196084
sign_shuffle_null,external_lung,seed42_main,source_disjoint,7,19,-0.04721362229102172
sign_shuffle_null,external_lung,seed42_main,source_disjoint,7,20,-0.03041150670794629
sign_shuffle_null,external_lung,seed42_main,source_disjoint,7,21,-0.02896564327485396
sign_shuffle_null,external_lung,seed42_main,source_disjoint,7,22,-0.040957172342621306
sign_shuffle_null,external_lung,seed42_main,source_disjoint,7,23,-0.03782357241142065
sign_shuffle_null,external_lung,seed42_main,source_disjoint,7,24,-0.02451517887856902
sign_shuffle_null,external_lung,seed42_main,source_disjoint,7,25,-0.03729145166838671
sign_shuffle_null,external_lung,seed42_main,source_disjoint,7,26,-0.009723297213622417
sign_shuffle_null,external_lung,seed42_main,source_disjoint,7,27,-0.038049320605435255
sign_shuffle_null,external_lung,seed42_main,source_disjoint,7,28,-0.03536184210526333
sign_shuffle_null,external_lung,seed42_main,source_disjoint,7,29,-0.03504471964224287
sign_shuffle_null,external_lung,seed42_main,source_disjoint,7,30,-0.03590471276229795
sign_shuffle_null,external_lung,seed42_main,source_disjoint,7,31,-0.05355607155142761
sign_shuffle_null,external_lung,seed42_main,source_disjoint,7,32,-0.008734305125559061
sign_shuffle_null,external_lung,seed42_main,source_disjoint,7,33,-0.03688295493636057
sign_shuffle_null,external_lung,seed42_main,source_disjoint,7,34,-0.039925180598555265
sign_shuffle_null,external_lung,seed42_main,source_disjoint,7,35,-0.05570067939456491
sign_shuffle_null,external_lung,seed42_main,source_disjoint,7,36,-0.023483187134502925
sign_shuffle_null,external_lung,seed42_main,source_disjoint,7,37,-0.05031497248022021
sign_shuffle_null,external_lung,seed42_main,source_disjoint,7,38,-0.044370270037839776
sign_shuffle_null,external_lung,seed42_main,source_disjoint,7,39,-0.04892285861713108
sign_shuffle_null,external_lung,seed42_main,source_disjoint,7,40,-0.046928749570003536
sign_shuffle_null,external_lung,seed42_main,source_disjoint,7,41,-0.0463106295149639
sign_shuffle_null,external_lung,seed42_main,source_disjoint,7,42,-0.03056738046095636
sign_shuffle_null,external_lung,seed42_main,source_disjoint,7,43,-0.021532077743378175
sign_shuffle_null,external_lung,seed42_main,source_disjoint,7,44,-0.03145424836601313
sign_shuffle_null,external_lung,seed42_main,source_disjoint,7,45,-0.04889598383212934
sign_shuffle_null,external_lung,seed42_main,source_disjoint,7,46,-0.0474393704850361
sign_shuffle_null,external_lung,seed42_main,source_disjoint,7,47,-0.032174492604059246
sign_shuffle_null,external_lung,seed42_main,source_disjoint,7,48,-0.05375494496044031
sign_shuffle_null,external_lung,seed42_main,source_disjoint,7,49,-0.039871431028551785
sign_shuffle_null,external_lung,seed42_main,source_disjoint,7,50,-0.05481918644650846
sign_shuffle_null,external_lung,seed42_main,source_disjoint,7,51,-0.022999441004472043
sign_shuffle_null,external_lung,seed42_main,source_disjoint,7,52,-0.047509244926040584
sign_shuffle_null,external_lung,seed42_main,source_disjoint,7,53,-0.026928534571723506
sign_shuffle_null,external_lung,seed42_main,source_disjoint,7,54,-0.04222028723770216
sign_shuffle_null,external_lung,seed42_main,source_disjoint,7,55,-0.023918558651530808
sign_shuffle_null,external_lung,seed42_main,source_disjoint,7,56,-0.02787990196078438
sign_shuffle_null,external_lung,seed42_main,source_disjoint,7,57,-0.027197282421740687
sign_shuffle_null,external_lung,seed42_main,source_disjoint,7,58,-0.04109692122463032
sign_shuffle_null,external_lung,seed42_main,source_disjoint,7,59,-0.028729145166838777
sign_shuffle_null,external_lung,seed42_main,source_disjoint,7,60,-0.04476264189886481
sign_shuffle_null,external_lung,seed42_main,source_disjoint,7,61,-0.019779841761266015
sign_shuffle_null,external_lung,seed42_main,source_disjoint,7,62,-0.05022359821121436
sign_shuffle_null,external_lung,seed42_main,source_disjoint,7,63,-0.034152476780185737
sign_shuffle_null,external_lung,seed42_main,source_disjoint,11,0,-0.03640995872033037
sign_shuffle_null,external_lung,seed42_main,source_disjoint,11,1,-0.026885534915720766
sign_shuffle_null,external_lung,seed42_main,source_disjoint,11,2,-0.031309124527003795
sign_shuffle_null,external_lung,seed42_main,source_disjoint,11,3,-0.03911356209150335
sign_shuffle_null,external_lung,seed42_main,source_disjoint,11,4,0.003923718610250981
sign_shuffle_null,external_lung,seed42_main,source_disjoint,11,5,-0.010223168214654299
sign_shuffle_null,external_lung,seed42_main,source_disjoint,11,6,-0.029718137254902022
sign_shuffle_null,external_lung,seed42_main,source_disjoint,11,7,-0.0316154970760234
sign_shuffle_null,external_lung,seed42_main,source_disjoint,11,8,-0.020215213278293787
sign_shuffle_null,external_lung,seed42_main,source_disjoint,11,9,-0.03277111283109729
sign_shuffle_null,external_lung,seed42_main,source_disjoint,11,10,-0.020521585827313393
sign_shuffle_null,external_lung,seed42_main,source_disjoint,11,11,-0.03341610767113862
sign_shuffle_null,external_lung,seed42_main,source_disjoint,11,12,-0.028551771585827335
sign_shuffle_null,external_lung,seed42_main,source_disjoint,11,13,-0.01487250601995177
sign_shuffle_null,external_lung,seed42_main,source_disjoint,11,14,-0.021317079463364308
sign_shuffle_null,external_lung,seed42_main,source_disjoint,11,15,-0.020381836945304488
sign_shuffle_null,external_lung,seed42_main,source_disjoint,11,16,-0.016979489164086592
sign_shuffle_null,external_lung,seed42_main,source_disjoint,11,17,-0.012367776057791602
sign_shuffle_null,external_lung,seed42_main,source_disjoint,11,18,-0.022741443068455436
sign_shuffle_null,external_lung,seed42_main,source_disjoint,11,19,-0.013862014103887155
sign_shuffle_null,external_lung,seed42_main,source_disjoint,11,20,-0.02618141554867559
sign_shuffle_null,external_lung,seed42_main,source_disjoint,11,21,-0.017688983488132193
sign_shuffle_null,external_lung,seed42_main,source_disjoint,11,22,-0.037458075335397356
sign_shuffle_null,external_lung,seed42_main,source_disjoint,11,23,-0.018376977984176257
sign_shuffle_null,external_lung,seed42_main,source_disjoint,11,24,-0.01538850189198493
sign_shuffle_null,external_lung,seed42_main,source_disjoint,11,25,-0.01715148778809772
sign_shuffle_null,external_lung,seed42_main,source_disjoint,11,26,-0.028127149982800193
sign_shuffle_null,external_lung,seed42_main,source_disjoint,11,27,-0.019693842449260368
sign_shuffle_null,external_lung,seed42_main,source_disjoint,11,28,-0.03692595459236342
sign_shuffle_null,external_lung,seed42_main,source_disjoint,11,29,-0.029255890952872343
sign_shuffle_null,external_lung,seed42_main,source_disjoint,11,30,-0.0400273047815618
sign_shuffle_null,external_lung,seed42_main,source_disjoint,11,31,-0.027105908152734837
sign_shuffle_null,external_lung,seed42_main,source_disjoint,11,32,-0.03197024423804612
sign_shuffle_null,external_lung,seed42_main,source_disjoint,11,33,-0.01216890264877879
sign_shuffle_null,external_lung,seed42_main,source_disjoint,11,34,-0.012797772617819114
sign_shuffle_null,external_lung,seed42_main,source_disjoint,11,35,-0.035265092879257
sign_shuffle_null,external_lung,seed42_main,source_disjoint,11,36,-0.018548976608187273
sign_shuffle_null,external_lung,seed42_main,source_disjoint,11,37,-0.011765780873753018
sign_shuffle_null,external_lung,seed42_main,source_disjoint,11,38,-0.030723254213966378
sign_shuffle_null,external_lung,seed42_main,source_disjoint,11,39,-0.01212590299277616
sign_shuffle_null,external_lung,seed42_main,source_disjoint,11,40,-0.026391038871689088
sign_shuffle_null,external_lung,seed42_main,source_disjoint,11,41,-0.029997635018919888
sign_shuffle_null,external_lung,seed42_main,source_disjoint,11,42,-0.028627020983832185
sign_shuffle_null,external_lung,seed42_main,source_disjoint,11,43,-0.008207559339525328
sign_shuffle_null,external_lung,seed42_main,source_disjoint,11,44,-0.01923697110423117
sign_shuffle_null,external_lung,seed42_main,source_disjoint,11,45,-0.02951388888888895
sign_shuffle_null,external_lung,seed42_main,source_disjoint,11,46,-0.01834472824217409
sign_shuffle_null,external_lung,seed42_main,source_disjoint,11,47,-0.021816950464396356
sign_shuffle_null,external_lung,seed42_main,source_disjoint,11,48,-0.034453474372205084
sign_shuffle_null,external_lung,seed42_main,source_disjoint,11,49,-0.00844405744754051
sign_shuffle_null,external_lung,seed42_main,source_disjoint,11,50,-0.030137383900928738
sign_shuffle_null,external_lung,seed42_main,source_disjoint,11,51,-0.02581054351565193
sign_shuffle_null,external_lung,seed42_main,source_disjoint,11,52,-0.020962332301341702
sign_shuffle_null,external_lung,seed42_main,source_disjoint,11,53,-0.006003826969384285
sign_shuffle_null,external_lung,seed42_main,source_disjoint,11,54,-0.027003783969728246
sign_shuffle_null,external_lung,seed42_main,source_disjoint,11,55,-0.02851952184382528
sign_shuffle_null,external_lung,seed42_main,source_disjoint,11,56,-0.02111283109735118
sign_shuffle_null,external_lung,seed42_main,source_disjoint,11,57,-0.027347781217750278
sign_shuffle_null,external_lung,seed42_main,source_disjoint,11,58,-0.03586708806329553
sign_shuffle_null,external_lung,seed42_main,source_disjoint,11,59,-0.04334902820777442
sign_shuffle_null,external_lung,seed42_main,source_disjoint,11,60,-0.03514146886824909
sign_shuffle_null,external_lung,seed42_main,source_disjoint,11,61,-0.03505009459924324
sign_shuffle_null,external_lung,seed42_main,source_disjoint,11,62,-0.015522875816993575
sign_shuffle_null,external_lung,seed42_main,source_disjoint,11,63,-0.02017758857929136
sign_shuffle_null,external_lung,seed42_main,target_disjoint,7,0,-0.014257231470346188
sign_shuffle_null,external_lung,seed42_main,target_disjoint,7,1,-0.00536742831824788
sign_shuffle_null,external_lung,seed42_main,target_disjoint,7,2,0.0030666497879613397
sign_shuffle_null,external_lung,seed42_main,target_disjoint,7,3,0.0015728843597696551
sign_shuffle_null,external_lung,seed42_main,target_disjoint,7,4,-0.004022406481422824
sign_shuffle_null,external_lung,seed42_main,target_disjoint,7,5,0.007968858788531041
sign_shuffle_null,external_lung,seed42_main,target_disjoint,7,6,-0.0030096841572251343
sign_shuffle_null,external_lung,seed42_main,target_disjoint,7,7,-0.011886828280270878
sign_shuffle_null,external_lung,seed42_main,target_disjoint,7,8,0.016564339515159232
sign_shuffle_null,external_lung,seed42_main,target_disjoint,7,9,-0.0015792138742957151
sign_shuffle_null,external_lung,seed42_main,target_disjoint,7,10,0.002009620862079897
sign_shuffle_null,external_lung,seed42_main,target_disjoint,7,11,0.005645926957402514
sign_shuffle_null,external_lung,seed42_main,target_disjoint,7,12,7.911893157808159e-05
sign_shuffle_null,external_lung,seed42_main,target_disjoint,7,13,0.008310652572947608
sign_shuffle_null,external_lung,seed42_main,target_disjoint,7,14,0.009275903538198627
sign_shuffle_null,external_lung,seed42_main,target_disjoint,7,15,0.0033419836698526106
sign_shuffle_null,external_lung,seed42_main,target_disjoint,7,16,0.005626938413823668
sign_shuffle_null,external_lung,seed42_main,target_disjoint,7,17,-0.000851319703778608
sign_shuffle_null,external_lung,seed42_main,target_disjoint,7,18,0.0050224697765680615
sign_shuffle_null,external_lung,seed42_main,target_disjoint,7,19,0.006652319767073811
sign_shuffle_null,external_lung,seed42_main,target_disjoint,7,20,-0.012589404392683079
sign_shuffle_null,external_lung,seed42_main,target_disjoint,7,21,0.006221912779289851
sign_shuffle_null,external_lung,seed42_main,target_disjoint,7,22,0.0026552313437558928
sign_shuffle_null,external_lung,seed42_main,target_disjoint,7,23,0.00866827014367999
sign_shuffle_null,external_lung,seed42_main,target_disjoint,7,24,-8.228368884100057e-05
sign_shuffle_null,external_lung,seed42_main,target_disjoint,7,25,-0.0017722640673459855
sign_shuffle_null,external_lung,seed42_main,target_disjoint,7,26,0.004759794923729355
sign_shuffle_null,external_lung,seed42_main,target_disjoint,7,27,0.005538325210456385
sign_shuffle_null,external_lung,seed42_main,target_disjoint,7,28,-0.0005949743654661832
sign_shuffle_null,external_lung,seed42_main,target_disjoint,7,29,-0.002563453383125358
sign_shuffle_null,external_lung,seed42_main,target_disjoint,7,30,-0.001829229698082191
sign_shuffle_null,external_lung,seed42_main,target_disjoint,7,31,-0.010025951009557388
sign_shuffle_null,external_lung,seed42_main,target_disjoint,7,32,-0.009975314893347575
sign_shuffle_null,external_lung,seed42_main,target_disjoint,7,33,0.023292613456547873
sign_shuffle_null,external_lung,seed42_main,target_disjoint,7,34,0.006225077536552992
sign_shuffle_null,external_lung,seed42_main,target_disjoint,7,35,0.017377682131780592
sign_shuffle_null,external_lung,seed42_main,target_disjoint,7,36,0.0009241091208304075
sign_shuffle_null,external_lung,seed42_main,target_disjoint,7,37,-0.00979492372934998
sign_shuffle_null,external_lung,seed42_main,target_disjoint,7,38,0.010855117412494564
sign_shuffle_null,external_lung,seed42_main,target_disjoint,7,39,-0.01693145135768087
sign_shuffle_null,external_lung,seed42_main,target_disjoint,7,40,0.004361035508576472
sign_shuffle_null,external_lung,seed42_main,target_disjoint,7,41,0.002383062219127763
sign_shuffle_null,external_lung,seed42_main,target_disjoint,7,42,-0.007060573454016006
sign_shuffle_null,external_lung,seed42_main,target_disjoint,7,43,-0.00835495917463136
sign_shuffle_null,external_lung,seed42_main,target_disjoint,7,44,-0.0013798341667193847
sign_shuffle_null,external_lung,seed42_main,target_disjoint,7,45,0.017482119121463358
sign_shuffle_null,external_lung,seed42_main,target_disjoint,7,46,0.0017659345528199255
sign_shuffle_null,external_lung,seed42_main,target_disjoint,7,47,0.01694727514399652
sign_shuffle_null,external_lung,seed42_main,target_disjoint,7,48,-0.0030761440597506517
sign_shuffle_null,external_lung,seed42_main,target_disjoint,7,49,0.009693651496930245
sign_shuffle_null,external_lung,seed42_main,target_disjoint,7,50,0.006085828216975675
sign_shuffle_null,external_lung,seed42_main,target_disjoint,7,51,-0.004383188809418237
sign_shuffle_null,external_lung,seed42_main,target_disjoint,7,52,-0.002376732704601481
sign_shuffle_null,external_lung,seed42_main,target_disjoint,7,53,0.007459332869169
sign_shuffle_null,external_lung,seed42_main,target_disjoint,7,54,0.013453383125514362
sign_shuffle_null,external_lung,seed42_main,target_disjoint,7,55,-0.01170010760174689
sign_shuffle_null,external_lung,seed42_main,target_disjoint,7,56,0.0031679220203810754
sign_shuffle_null,external_lung,seed42_main,target_disjoint,7,57,0.005914931324767503
sign_shuffle_null,external_lung,seed42_main,target_disjoint,7,58,-0.026106082663459595
sign_shuffle_null,external_lung,seed42_main,target_disjoint,7,59,0.0012437496044054308
sign_shuffle_null,external_lung,seed42_main,target_disjoint,7,60,0.0018956896006077084
sign_shuffle_null,external_lung,seed42_main,target_disjoint,7,61,0.004285081334261753
sign_shuffle_null,external_lung,seed42_main,target_disjoint,7,62,0.00228811950123442
sign_shuffle_null,external_lung,seed42_main,target_disjoint,7,63,0.012140008861320384
sign_shuffle_null,external_lung,seed42_main,target_disjoint,11,0,-0.004788277739097402
sign_shuffle_null,external_lung,seed42_main,target_disjoint,11,1,9.494271789534103e-06
sign_shuffle_null,external_lung,seed42_main,target_disjoint,11,2,0.004243939489841142
sign_shuffle_null,external_lung,seed42_main,target_disjoint,11,3,0.00582631812140022
sign_shuffle_null,external_lung,seed42_main,target_disjoint,11,4,-0.0005443382492563709
sign_shuffle_null,external_lung,seed42_main,target_disjoint,11,5,0.010554465472498387
sign_shuffle_null,external_lung,seed42_main,target_disjoint,11,6,-0.008332805873789428
sign_shuffle_null,external_lung,seed42_main,target_disjoint,11,7,0.010351921007658693
sign_shuffle_null,external_lung,seed42_main,target_disjoint,11,8,0.020083549591746186
sign_shuffle_null,external_lung,seed42_main,target_disjoint,11,9,0.007060573454016006
sign_shuffle_null,external_lung,seed42_main,target_disjoint,11,10,-0.003800873473004507
sign_shuffle_null,external_lung,seed42_main,target_disjoint,11,11,-0.008364453446420672
sign_shuffle_null,external_lung,seed42_main,target_disjoint,11,12,-0.010491170327235844
sign_shuffle_null,external_lung,seed42_main,target_disjoint,11,13,-0.0036426356098486767
sign_shuffle_null,external_lung,seed42_main,target_disjoint,11,14,-0.006987784036964317
sign_shuffle_null,external_lung,seed42_main,target_disjoint,11,15,0.009158807519463408
sign_shuffle_null,external_lung,seed42_main,target_disjoint,11,16,0.010899424014178205
sign_shuffle_null,external_lung,seed42_main,target_disjoint,11,17,0.0005411734919932298
sign_shuffle_null,external_lung,seed42_main,target_disjoint,11,18,0.0015285777580860138
sign_shuffle_null,external_lung,seed42_main,target_disjoint,11,19,0.01624153427432118
sign_shuffle_null,external_lung,seed42_main,target_disjoint,11,20,0.005680739287296732
sign_shuffle_null,external_lung,seed42_main,target_disjoint,11,21,0.00325969998101161
sign_shuffle_null,external_lung,seed42_main,target_disjoint,11,22,-0.009475283245775012
sign_shuffle_null,external_lung,seed42_main,target_disjoint,11,23,0.0035666814355339582
sign_shuffle_null,external_lung,seed42_main,target_disjoint,11,24,0.005706057345401638
sign_shuffle_null,external_lung,seed42_main,target_disjoint,11,25,0.00439584783847069
sign_shuffle_null,external_lung,seed42_main,target_disjoint,11,26,0.008241027913159171
sign_shuffle_null,external_lung,seed42_main,target_disjoint,11,27,0.0045825685169949
sign_shuffle_null,external_lung,seed42_main,target_disjoint,11,28,0.013269827204253404
sign_shuffle_null,external_lung,seed42_main,target_disjoint,11,29,0.007861257041585024
sign_shuffle_null,external_lung,seed42_main,target_disjoint,11,30,0.004443319197417583
sign_shuffle_null,external_lung,seed42_main,target_disjoint,11,31,0.008522691309576613
sign_shuffle_null,external_lung,seed42_main,target_disjoint,11,32,-1.2659029052342063e-05
sign_shuffle_null,external_lung,seed42_main,target_disjoint,11,33,0.0025001582378632037
sign_shuffle_null,external_lung,seed42_main,target_disjoint,11,34,0.0118551807076398
sign_shuffle_null,external_lung,seed42_main,target_disjoint,11,35,0.0015095892145072787
sign_shuffle_null,external_lung,seed42_main,target_disjoint,11,36,-0.003990758908791747
sign_shuffle_null,external_lung,seed42_main,target_disjoint,11,37,-0.0004715488322044603
sign_shuffle_null,external_lung,seed42_main,target_disjoint,11,38,0.00182290018355602
sign_shuffle_null,external_lung,seed42_main,target_disjoint,11,39,0.005000316475726296
sign_shuffle_null,external_lung,seed42_main,target_disjoint,11,40,-0.0023672384328121687
sign_shuffle_null,external_lung,seed42_main,target_disjoint,11,41,0.022865371226027054
sign_shuffle_null,external_lung,seed42_main,target_disjoint,11,42,-0.010139882271029743
sign_shuffle_null,external_lung,seed42_main,target_disjoint,11,43,0.008013165390214572
sign_shuffle_null,external_lung,seed42_main,target_disjoint,11,44,0.0058801189948730626
sign_shuffle_null,external_lung,seed42_main,target_disjoint,11,45,-0.03525856066839672
sign_shuffle_null,external_lung,seed42_main,target_disjoint,11,46,0.001259573390721025
sign_shuffle_null,external_lung,seed42_main,target_disjoint,11,47,0.008725235774416196
sign_shuffle_null,external_lung,seed42_main,target_disjoint,11,48,-0.0003006519399961771
sign_shuffle_null,external_lung,seed42_main,target_disjoint,11,49,0.0037882144439521648
sign_shuffle_null,external_lung,seed42_main,target_disjoint,11,50,-0.0021583644534464153
sign_shuffle_null,external_lung,seed42_main,target_disjoint,11,51,-0.000563326792834995
sign_shuffle_null,external_lung,seed42_main,target_disjoint,11,52,0.006661814038863234
sign_shuffle_null,external_lung,seed42_main,target_disjoint,11,53,0.0026109247420723625
sign_shuffle_null,external_lung,seed42_main,target_disjoint,11,54,0.007794797139059506
sign_shuffle_null,external_lung,seed42_main,target_disjoint,11,55,0.0016709918349262498
sign_shuffle_null,external_lung,seed42_main,target_disjoint,11,56,0.015320589910753912
sign_shuffle_null,external_lung,seed42_main,target_disjoint,11,57,0.003256535223748358
sign_shuffle_null,external_lung,seed42_main,target_disjoint,11,58,-0.00229128425849745
sign_shuffle_null,external_lung,seed42_main,target_disjoint,11,59,0.002389391733654156
sign_shuffle_null,external_lung,seed42_main,target_disjoint,11,60,0.00034495854167992945
sign_shuffle_null,external_lung,seed42_main,target_disjoint,11,61,-0.0020475979492371454
sign_shuffle_null,external_lung,seed42_main,target_disjoint,11,62,-0.014117982150768982
sign_shuffle_null,external_lung,seed42_main,target_disjoint,11,63,0.012098867016899995
sign_shuffle_null,external_lung,seed43,source_disjoint,7,0,-0.033795060080106853
sign_shuffle_null,external_lung,seed43,source_disjoint,7,1,-0.009721295060080237
sign_shuffle_null,external_lung,seed43,source_disjoint,7,2,-0.018014760421302567
sign_shuffle_null,external_lung,seed43,source_disjoint,7,3,-0.029205607476635587
sign_shuffle_null,external_lung,seed43,source_disjoint,7,4,-0.03628449043168669
sign_shuffle_null,external_lung,seed43,source_disjoint,7,5,-0.03246458240617123
sign_shuffle_null,external_lung,seed43,source_disjoint,7,6,-0.022840639371013216
sign_shuffle_null,external_lung,seed43,source_disjoint,7,7,-0.026725448746476754
sign_shuffle_null,external_lung,seed43,source_disjoint,7,8,-0.02411085150571135
sign_shuffle_null,external_lung,seed43,source_disjoint,7,9,-0.01602136181575442
sign_shuffle_null,external_lung,seed43,source_disjoint,7,10,-0.025432057558225862
sign_shuffle_null,external_lung,seed43,source_disjoint,7,11,-0.02930759531226812
sign_shuffle_null,external_lung,seed43,source_disjoint,7,12,-0.02276183058893344
sign_shuffle_null,external_lung,seed43,source_disjoint,7,13,-0.031268543242842284
sign_shuffle_null,external_lung,seed43,source_disjoint,7,14,-0.045342864560154295
sign_shuffle_null,external_lung,seed43,source_disjoint,7,15,-0.03268710132027891
sign_shuffle_null,external_lung,seed43,source_disjoint,7,16,-0.03264074321317306
sign_shuffle_null,external_lung,seed43,source_disjoint,7,17,-0.015247181427087919
sign_shuffle_null,external_lung,seed43,source_disjoint,7,18,-0.05436415220293722
sign_shuffle_null,external_lung,seed43,source_disjoint,7,19,-0.012085558522474393
sign_shuffle_null,external_lung,seed43,source_disjoint,7,20,-0.02200155763239875
sign_shuffle_null,external_lung,seed43,source_disjoint,7,21,-0.03513944518617407
sign_shuffle_null,external_lung,seed43,source_disjoint,7,22,-0.011492174751520645
sign_shuffle_null,external_lung,seed43,source_disjoint,7,23,-0.03392486278000306
sign_shuffle_null,external_lung,seed43,source_disjoint,7,24,-0.03128708648568462
sign_shuffle_null,external_lung,seed43,source_disjoint,7,25,-0.02316514612075371
sign_shuffle_null,external_lung,seed43,source_disjoint,7,26,-0.030049325025960583
sign_shuffle_null,external_lung,seed43,source_disjoint,7,27,-0.02934004598724238
sign_shuffle_null,external_lung,seed43,source_disjoint,7,28,-0.0033146046580626587
sign_shuffle_null,external_lung,seed43,source_disjoint,7,29,-0.033563269544577945
sign_shuffle_null,external_lung,seed43,source_disjoint,7,30,-0.010602099095089912
sign_shuffle_null,external_lung,seed43,source_disjoint,7,31,-0.018019396232013096
sign_shuffle_null,external_lung,seed43,source_disjoint,7,32,-0.043094496365524426
sign_shuffle_null,external_lung,seed43,source_disjoint,7,33,-0.02738373386737869
sign_shuffle_null,external_lung,seed43,source_disjoint,7,34,-0.02583537309004602
sign_shuffle_null,external_lung,seed43,source_disjoint,7,35,-0.01714786381842459
sign_shuffle_null,external_lung,seed43,source_disjoint,7,36,-0.021709501557632405
sign_shuffle_null,external_lung,seed43,source_disjoint,7,37,-0.024847945408693173
sign_shuffle_null,external_lung,seed43,source_disjoint,7,38,-0.03373943035157989
sign_shuffle_null,external_lung,seed43,source_disjoint,7,39,-0.015534601691143846
sign_shuffle_null,external_lung,seed43,source_disjoint,7,40,-0.02704068387479608
sign_shuffle_null,external_lung,seed43,source_disjoint,7,41,-0.01987372051624392
sign_shuffle_null,external_lung,seed43,source_disjoint,7,42,-0.02062935766206797
sign_shuffle_null,external_lung,seed43,source_disjoint,7,43,-0.008112668743509799
sign_shuffle_null,external_lung,seed43,source_disjoint,7,44,-0.018640594867230464
sign_shuffle_null,external_lung,seed43,source_disjoint,7,45,-0.013953790238836916
sign_shuffle_null,external_lung,seed43,source_disjoint,7,46,-0.020977043465361223
sign_shuffle_null,external_lung,seed43,source_disjoint,7,47,-0.029034082480344114
sign_shuffle_null,external_lung,seed43,source_disjoint,7,48,-0.03492156208277708
sign_shuffle_null,external_lung,seed43,source_disjoint,7,49,-0.03619177421747516
sign_shuffle_null,external_lung,seed43,source_disjoint,7,50,-0.009410695742471442
sign_shuffle_null,external_lung,seed43,source_disjoint,7,51,-0.04025738021065117
sign_shuffle_null,external_lung,seed43,source_disjoint,7,52,-0.014287568609998691
sign_shuffle_null,external_lung,seed43,source_disjoint,7,53,-0.027114856846165214
sign_shuffle_null,external_lung,seed43,source_disjoint,7,54,-0.022497589378430494
sign_shuffle_null,external_lung,seed43,source_disjoint,7,55,-0.031115561489393317
sign_shuffle_null,external_lung,seed43,source_disjoint,7,56,-0.034527518172378036
sign_shuffle_null,external_lung,seed43,source_disjoint,7,57,-0.03400367156208284
sign_shuffle_null,external_lung,seed43,source_disjoint,7,58,-0.04351171932947634
sign_shuffle_null,external_lung,seed43,source_disjoint,7,59,5.562972852690695e-05
sign_shuffle_null,external_lung,seed43,source_disjoint,7,60,-0.01698097463284387
sign_shuffle_null,external_lung,seed43,source_disjoint,7,61,-0.026716177125055696
sign_shuffle_null,external_lung,seed43,source_disjoint,7,62,-0.017259123275478516
sign_shuffle_null,external_lung,seed43,source_disjoint,7,63,-0.031852655392375084
sign_shuffle_null,external_lung,seed43,source_disjoint,11,0,-0.03010495475448749
sign_shuffle_null,external_lung,seed43,source_disjoint,11,1,-0.010894155169856257
sign_shuffle_null,external_lung,seed43,source_disjoint,11,2,-0.015733941551698605
sign_shuffle_null,external_lung,seed43,source_disjoint,11,3,-0.013805444296098646
sign_shuffle_null,external_lung,seed43,source_disjoint,11,4,-0.03160695742471448
sign_shuffle_null,external_lung,seed43,source_disjoint,11,5,-0.037207016763091516
sign_shuffle_null,external_lung,seed43,source_disjoint,11,6,-0.01660083815457658
sign_shuffle_null,external_lung,seed43,source_disjoint,11,7,-0.024569796766058416
sign_shuffle_null,external_lung,seed43,source_disjoint,11,8,-0.028992360183948962
sign_shuffle_null,external_lung,seed43,source_disjoint,11,9,-0.015414070612668862
sign_shuffle_null,external_lung,seed43,source_disjoint,11,10,-0.014320019284972618
sign_shuffle_null,external_lung,seed43,source_disjoint,11,11,-0.009545134253078347
sign_shuffle_null,external_lung,seed43,source_disjoint,11,12,-0.018112112446224682
sign_shuffle_null,external_lung,seed43,source_disjoint,11,13,-0.003824543836226213
sign_shuffle_null,external_lung,seed43,source_disjoint,11,14,-0.040869307224447426
sign_shuffle_null,external_lung,seed43,source_disjoint,11,15,-0.0154604287197746
sign_shuffle_null,external_lung,seed43,source_disjoint,11,16,-0.02138499480789202
sign_shuffle_null,external_lung,seed43,source_disjoint,11,17,-0.027485721703011445
sign_shuffle_null,external_lung,seed43,source_disjoint,11,18,-0.01583129357662083
sign_shuffle_null,external_lung,seed43,source_disjoint,11,19,-0.02629895416110367
sign_shuffle_null,external_lung,seed43,source_disjoint,11,20,-0.028514871680759613
sign_shuffle_null,external_lung,seed43,source_disjoint,11,21,-0.012155095683133221
sign_shuffle_null,external_lung,seed43,source_disjoint,11,22,-0.023104880581516052
sign_shuffle_null,external_lung,seed43,source_disjoint,11,23,-0.025997626464916213
sign_shuffle_null,external_lung,seed43,source_disjoint,11,24,-0.02356382584186323
sign_shuffle_null,external_lung,seed43,source_disjoint,11,25,-0.029836077733273958
sign_shuffle_null,external_lung,seed43,source_disjoint,11,26,-0.02604862038273259
sign_shuffle_null,external_lung,seed43,source_disjoint,11,27,-0.034940105325619364
sign_shuffle_null,external_lung,seed43,source_disjoint,11,28,-0.002475522919448192
sign_shuffle_null,external_lung,seed43,source_disjoint,11,29,-0.014125315235128388
sign_shuffle_null,external_lung,seed43,source_disjoint,11,30,-0.020541277258567026
sign_shuffle_null,external_lung,seed43,source_disjoint,11,31,-0.029595015576324102
sign_shuffle_null,external_lung,seed43,source_disjoint,11,32,-0.02202937249666226
sign_shuffle_null,external_lung,seed43,source_disjoint,11,33,-0.021171747515205452
sign_shuffle_null,external_lung,seed43,source_disjoint,11,34,-0.011464359887257136
sign_shuffle_null,external_lung,seed43,source_disjoint,11,35,-0.009392152499629325
sign_shuffle_null,external_lung,seed43,source_disjoint,11,36,-0.022261163032191056
sign_shuffle_null,external_lung,seed43,source_disjoint,11,37,-0.013212060525144786
sign_shuffle_null,external_lung,seed43,source_disjoint,11,38,-0.00792723631508685
sign_shuffle_null,external_lung,seed43,source_disjoint,11,39,-0.018761125945705448
sign_shuffle_null,external_lung,seed43,source_disjoint,11,40,-0.035236797211096293
sign_shuffle_null,external_lung,seed43,source_disjoint,11,41,-0.017704161103693994
sign_shuffle_null,external_lung,seed43,source_disjoint,11,42,-0.001404650645304928
sign_shuffle_null,external_lung,seed43,source_disjoint,11,43,-0.02622014537902395
sign_shuffle_null,external_lung,seed43,source_disjoint,11,44,-0.023086337338673824
sign_shuffle_null,external_lung,seed43,source_disjoint,11,45,-0.010402759234535042
sign_shuffle_null,external_lung,seed43,source_disjoint,11,46,-0.02921951490876723
sign_shuffle_null,external_lung,seed43,source_disjoint,11,47,-0.03203345201008756
sign_shuffle_null,external_lung,seed43,source_disjoint,11,48,-0.024361185284082487
sign_shuffle_null,external_lung,seed43,source_disjoint,11,49,-0.01526108885921984
sign_shuffle_null,external_lung,seed43,source_disjoint,11,50,-0.021519433318498815
sign_shuffle_null,external_lung,seed43,source_disjoint,11,51,-0.027624796024328768
sign_shuffle_null,external_lung,seed43,source_disjoint,11,52,-0.016072355733570798
sign_shuffle_null,external_lung,seed43,source_disjoint,11,53,-0.0163875908618899
sign_shuffle_null,external_lung,seed43,source_disjoint,11,54,-0.029391039905058758
sign_shuffle_null,external_lung,seed43,source_disjoint,11,55,-0.034601691143747226
sign_shuffle_null,external_lung,seed43,source_disjoint,11,56,-0.031732124313900045
sign_shuffle_null,external_lung,seed43,source_disjoint,11,57,-0.041648123423824346
sign_shuffle_null,external_lung,seed43,source_disjoint,11,58,-0.018478341492360273
sign_shuffle_null,external_lung,seed43,source_disjoint,11,59,-0.01023123423824368
sign_shuffle_null,external_lung,seed43,source_disjoint,11,60,-0.014746513870345757
sign_shuffle_null,external_lung,seed43,source_disjoint,11,61,-0.009387516688918573
sign_shuffle_null,external_lung,seed43,source_disjoint,11,62,-0.020949228601097825
sign_shuffle_null,external_lung,seed43,source_disjoint,11,63,-0.021908841418187275
sign_shuffle_null,external_lung,seed43,target_disjoint,7,0,0.009362844652507696
sign_shuffle_null,external_lung,seed43,target_disjoint,7,1,0.008330177962892815
sign_shuffle_null,external_lung,seed43,target_disjoint,7,2,0.037505880463093666
sign_shuffle_null,external_lung,seed43,target_disjoint,7,3,0.00976443725402465
sign_shuffle_null,external_lung,seed43,target_disjoint,7,4,0.018407283742384095
sign_shuffle_null,external_lung,seed43,target_disjoint,7,5,0.009497665025874125
sign_shuffle_null,external_lung,seed43,target_disjoint,7,6,0.008780535380308319
sign_shuffle_null,external_lung,seed43,target_disjoint,7,7,0.014551994767822207
sign_shuffle_null,external_lung,seed43,target_disjoint,7,8,0.010157424299794715
sign_shuffle_null,external_lung,seed43,target_disjoint,7,9,0.029476896951338594
sign_shuffle_null,external_lung,seed43,target_disjoint,7,10,-0.0060755223572338535
sign_shuffle_null,external_lung,seed43,target_disjoint,7,11,-0.001267885213360409
sign_shuffle_null,external_lung,seed43,target_disjoint,7,12,0.00043027778733950584
sign_shuffle_null,external_lung,seed43,target_disjoint,7,13,0.003674572303879353
sign_shuffle_null,external_lung,seed43,target_disjoint,7,14,0.014279485502507128
sign_shuffle_null,external_lung,seed43,target_disjoint,7,15,0.009150574277420165
sign_shuffle_null,external_lung,seed43,target_disjoint,7,16,0.010877422463942743
sign_shuffle_null,external_lung,seed43,target_disjoint,7,17,0.015010957740984154
sign_shuffle_null,external_lung,seed43,target_disjoint,7,18,0.018656844859040955
sign_shuffle_null,external_lung,seed43,target_disjoint,7,19,0.01902114671898858
sign_shuffle_null,external_lung,seed43,target_disjoint,7,20,0.00852236870790446
sign_shuffle_null,external_lung,seed43,target_disjoint,7,21,0.024964717221438115
sign_shuffle_null,external_lung,seed43,target_disjoint,7,22,0.00789990017555342
sign_shuffle_null,external_lung,seed43,target_disjoint,7,23,0.003425011187222604
sign_shuffle_null,external_lung,seed43,target_disjoint,7,24,0.00562229642123635
sign_shuffle_null,external_lung,seed43,target_disjoint,7,25,0.022689981985703378
sign_shuffle_null,external_lung,seed43,target_disjoint,7,26,0.02505650981607066
sign_shuffle_null,external_lung,seed43,target_disjoint,7,27,0.005427237157642373
sign_shuffle_null,external_lung,seed43,target_disjoint,7,28,0.030211237708397842
sign_shuffle_null,external_lung,seed43,target_disjoint,7,29,0.02083691898156126
sign_shuffle_null,external_lung,seed43,target_disjoint,7,30,0.015019563296730931
sign_shuffle_null,external_lung,seed43,target_disjoint,7,31,0.016651750370038854
sign_shuffle_null,external_lung,seed43,target_disjoint,7,32,0.03314286369947117
sign_shuffle_null,external_lung,seed43,target_disjoint,7,33,0.00612141865455007
sign_shuffle_null,external_lung,seed43,target_disjoint,7,34,0.012412079905453566
sign_shuffle_null,external_lung,seed43,target_disjoint,7,35,0.01555023923444987
sign_shuffle_null,external_lung,seed43,target_disjoint,7,36,0.0027423037646437942
sign_shuffle_null,external_lung,seed43,target_disjoint,7,37,0.014133191054811922
sign_shuffle_null,external_lung,seed43,target_disjoint,7,38,0.018628159673218403
sign_shuffle_null,external_lung,seed43,target_disjoint,7,39,0.011646185443989321
sign_shuffle_null,external_lung,seed43,target_disjoint,7,40,0.009067387238534619
sign_shuffle_null,external_lung,seed43,target_disjoint,7,41,0.02184663752251792
sign_shuffle_null,external_lung,seed43,target_disjoint,7,42,-0.0022317074570009643
sign_shuffle_null,external_lung,seed43,target_disjoint,7,43,0.02309157458722022
sign_shuffle_null,external_lung,seed43,target_disjoint,7,44,0.028848691381822777
sign_shuffle_null,external_lung,seed43,target_disjoint,7,45,0.00373194267552468
sign_shuffle_null,external_lung,seed43,target_disjoint,7,46,0.012532557685908663
sign_shuffle_null,external_lung,seed43,target_disjoint,7,47,0.002621825984188808
sign_shuffle_null,external_lung,seed43,target_disjoint,7,48,0.01257845398322499
sign_shuffle_null,external_lung,seed43,target_disjoint,7,49,0.01081144653655075
sign_shuffle_null,external_lung,seed43,target_disjoint,7,50,0.016818124447810057
sign_shuffle_null,external_lung,seed43,target_disjoint,7,51,0.02817745803357319
sign_shuffle_null,external_lung,seed43,target_disjoint,7,52,0.014772870698656404
sign_shuffle_null,external_lung,seed43,target_disjoint,7,53,0.005716957534451006
sign_shuffle_null,external_lung,seed43,target_disjoint,7,54,0.011789611373102526
sign_shuffle_null,external_lung,seed43,target_disjoint,7,55,0.031060319208747855
sign_shuffle_null,external_lung,seed43,target_disjoint,7,56,0.019635009695593064
sign_shuffle_null,external_lung,seed43,target_disjoint,7,57,0.009884915034479635
sign_shuffle_null,external_lung,seed43,target_disjoint,7,58,0.010292244673161033
sign_shuffle_null,external_lung,seed43,target_disjoint,7,59,0.006041100134246746
sign_shuffle_null,external_lung,seed43,target_disjoint,7,60,0.010148818744047938
sign_shuffle_null,external_lung,seed43,target_disjoint,7,61,0.019589113398276625
sign_shuffle_null,external_lung,seed43,target_disjoint,7,62,0.03162828588803601
sign_shuffle_null,external_lung,seed43,target_disjoint,7,63,0.0014113111424737257
sign_shuffle_null,external_lung,seed43,target_disjoint,11,0,0.013857813270914399
sign_shuffle_null,external_lung,seed43,target_disjoint,11,1,-0.0024697944993287146
sign_shuffle_null,external_lung,seed43,target_disjoint,11,2,0.0038323408259038905
sign_shuffle_null,external_lung,seed43,target_disjoint,11,3,0.004724450104987787
sign_shuffle_null,external_lung,seed43,target_disjoint,11,4,-0.007753605727857993
sign_shuffle_null,external_lung,seed43,target_disjoint,11,5,-0.006187394581941952
sign_shuffle_null,external_lung,seed43,target_disjoint,11,6,-0.0004446203802508375
sign_shuffle_null,external_lung,seed43,target_disjoint,11,7,0.01607230961642181
sign_shuffle_null,external_lung,seed43,target_disjoint,11,8,0.012105148417151379
sign_shuffle_null,external_lung,seed43,target_disjoint,11,9,0.01449175587759477
sign_shuffle_null,external_lung,seed43,target_disjoint,11,10,0.0015461315158400435
sign_shuffle_null,external_lung,seed43,target_disjoint,11,11,-0.004236801946002955
sign_shuffle_null,external_lung,seed43,target_disjoint,11,12,0.0022718667171527374
sign_shuffle_null,external_lung,seed43,target_disjoint,11,13,0.0012764907691071858
sign_shuffle_null,external_lung,seed43,target_disjoint,11,14,0.013097655846614487
sign_shuffle_null,external_lung,seed43,target_disjoint,11,15,0.011528576182116446
sign_shuffle_null,external_lung,seed43,target_disjoint,11,16,0.0074696223882139146
sign_shuffle_null,external_lung,seed43,target_disjoint,11,17,-0.00479042603237978
sign_shuffle_null,external_lung,seed43,target_disjoint,11,18,-0.0010900370612602073
sign_shuffle_null,external_lung,seed43,target_disjoint,11,19,-0.0066693057037623404
sign_shuffle_null,external_lung,seed43,target_disjoint,11,20,0.012377657682466459
sign_shuffle_null,external_lung,seed43,target_disjoint,11,21,-0.0012105148417151934
sign_shuffle_null,external_lung,seed43,target_disjoint,11,22,0.01157160396085044
sign_shuffle_null,external_lung,seed43,target_disjoint,11,23,-0.0048477964040249955
sign_shuffle_null,external_lung,seed43,target_disjoint,11,24,-0.004486363062659815
sign_shuffle_null,external_lung,seed43,target_disjoint,11,25,0.002963179695478102
sign_shuffle_null,external_lung,seed43,target_disjoint,11,26,0.0023866074604431686
sign_shuffle_null,external_lung,seed43,target_disjoint,11,27,0.0025931407983661448
sign_shuffle_null,external_lung,seed43,target_disjoint,11,28,-0.010034078000757285
sign_shuffle_null,external_lung,seed43,target_disjoint,11,29,0.0005564926049591579
sign_shuffle_null,external_lung,seed43,target_disjoint,11,30,0.0020481222677360966
sign_shuffle_null,external_lung,seed43,target_disjoint,11,31,-0.004497837136988925
sign_shuffle_null,external_lung,seed43,target_disjoint,11,32,0.005682535311463677
sign_shuffle_null,external_lung,seed43,target_disjoint,11,33,-0.006520142737484691
sign_shuffle_null,external_lung,seed43,target_disjoint,11,34,0.0065430908861427994
sign_shuffle_null,external_lung,seed43,target_disjoint,11,35,-0.0004360148245039497
sign_shuffle_null,external_lung,seed43,target_disjoint,11,36,0.0024038185719368332
sign_shuffle_null,external_lung,seed43,target_disjoint,11,37,0.014397094764380003
sign_shuffle_null,external_lung,seed43,target_disjoint,11,38,0.003766364898511898
sign_shuffle_null,external_lung,seed43,target_disjoint,11,39,0.008553922412309456
sign_shuffle_null,external_lung,seed43,target_disjoint,11,40,0.0047187130678234546
sign_shuffle_null,external_lung,seed43,target_disjoint,11,41,-0.007564283501428459
sign_shuffle_null,external_lung,seed43,target_disjoint,11,42,0.0036544926738035777
sign_shuffle_null,external_lung,seed43,target_disjoint,11,43,-0.008014640918843852
sign_shuffle_null,external_lung,seed43,target_disjoint,11,44,-0.008106433513476285
sign_shuffle_null,external_lung,seed43,target_disjoint,11,45,-0.01725413927231423
sign_shuffle_null,external_lung,seed43,target_disjoint,11,46,0.008743244638738878
sign_shuffle_null,external_lung,seed43,target_disjoint,11,47,0.01217972990029037
sign_shuffle_null,external_lung,seed43,target_disjoint,11,48,0.01995628377680636
sign_shuffle_null,external_lung,seed43,target_disjoint,11,49,0.004193774167269071
sign_shuffle_null,external_lung,seed43,target_disjoint,11,50,0.008318703888563816
sign_shuffle_null,external_lung,seed43,target_disjoint,11,51,0.02174623937213871
sign_shuffle_null,external_lung,seed43,target_disjoint,11,52,-0.0002581666724036369
sign_shuffle_null,external_lung,seed43,target_disjoint,11,53,0.012865305841451291
sign_shuffle_null,external_lung,seed43,target_disjoint,11,54,0.007136874232671286
sign_shuffle_null,external_lung,seed43,target_disjoint,11,55,0.003760627861347343
sign_shuffle_null,external_lung,seed43,target_disjoint,11,56,0.011574472479432774
sign_shuffle_null,external_lung,seed43,target_disjoint,11,57,-0.0011187222470825375
sign_shuffle_null,external_lung,seed43,target_disjoint,11,58,0.00444046676534382
sign_shuffle_null,external_lung,seed43,target_disjoint,11,59,-0.0010642203940197659
sign_shuffle_null,external_lung,seed43,target_disjoint,11,60,0.004563813064381028
sign_shuffle_null,external_lung,seed43,target_disjoint,11,61,0.008786272417472873
sign_shuffle_null,external_lung,seed43,target_disjoint,11,62,-0.013484905855220053
sign_shuffle_null,external_lung,seed43,target_disjoint,11,63,-0.010111528002478276
sign_shuffle_null,external_lung,seed44,source_disjoint,7,0,0.017445306986591413
sign_shuffle_null,external_lung,seed44,source_disjoint,7,1,-0.00709950599858844
sign_shuffle_null,external_lung,seed44,source_disjoint,7,2,-0.0034203716772521764
sign_shuffle_null,external_lung,seed44,source_disjoint,7,3,-0.014551870148200197
sign_shuffle_null,external_lung,seed44,source_disjoint,7,4,-0.025057633498000276
sign_shuffle_null,external_lung,seed44,source_disjoint,7,5,-0.005598682662902754
sign_shuffle_null,external_lung,seed44,source_disjoint,7,6,-0.014763585038814309
sign_shuffle_null,external_lung,seed44,source_disjoint,7,7,-0.0057445306986589895
sign_shuffle_null,external_lung,seed44,source_disjoint,7,8,-0.014584803575629024
sign_shuffle_null,external_lung,seed44,source_disjoint,7,9,-0.006285579863561375
sign_shuffle_null,external_lung,seed44,source_disjoint,7,10,-0.007480592801693664
sign_shuffle_null,external_lung,seed44,source_disjoint,7,11,-0.005796283227475718
sign_shuffle_null,external_lung,seed44,source_disjoint,7,12,-0.009291931310279833
sign_shuffle_null,external_lung,seed44,source_disjoint,7,13,-0.0018536814867089468
sign_shuffle_null,external_lung,seed44,source_disjoint,7,14,-0.004629498941425503
sign_shuffle_null,external_lung,seed44,source_disjoint,7,15,-0.009433074570689204
sign_shuffle_null,external_lung,seed44,source_disjoint,7,16,-0.0006868972006585095
sign_shuffle_null,external_lung,seed44,source_disjoint,7,17,-0.003161609033168644
sign_shuffle_null,external_lung,seed44,source_disjoint,7,18,-0.024088449776523024
sign_shuffle_null,external_lung,seed44,source_disjoint,7,19,-0.010482239473065147
sign_shuffle_null,external_lung,seed44,source_disjoint,7,20,0.019491884262526682
sign_shuffle_null,external_lung,seed44,source_disjoint,7,21,-0.001373794401317241
sign_shuffle_null,external_lung,seed44,source_disjoint,7,22,-0.007965184662432234
sign_shuffle_null,external_lung,seed44,source_disjoint,7,23,-0.0001787814631850626
sign_shuffle_null,external_lung,seed44,source_disjoint,7,24,0.002281816043284035
sign_shuffle_null,external_lung,seed44,source_disjoint,7,25,-0.018696777228887185
sign_shuffle_null,external_lung,seed44,source_disjoint,7,26,-0.006247941660785572
sign_shuffle_null,external_lung,seed44,source_disjoint,7,27,-0.004422488826158477
sign_shuffle_null,external_lung,seed44,source_disjoint,7,28,-0.028031051517289962
sign_shuffle_null,external_lung,seed44,source_disjoint,7,29,-0.010152905198776652
sign_shuffle_null,external_lung,seed44,source_disjoint,7,30,-0.005316396142084123
sign_shuffle_null,external_lung,seed44,source_disjoint,7,31,-0.009287226534932858
sign_shuffle_null,external_lung,seed44,source_disjoint,7,32,-0.003585038814396535
sign_shuffle_null,external_lung,seed44,source_disjoint,7,33,-0.010411667842860406
sign_shuffle_null,external_lung,seed44,source_disjoint,7,34,-0.012171253822629846
sign_shuffle_null,external_lung,seed44,source_disjoint,7,35,-0.002978122794636384
sign_shuffle_null,external_lung,seed44,source_disjoint,7,36,-0.01180428134556577
sign_shuffle_null,external_lung,seed44,source_disjoint,7,37,0.019294283697953607
sign_shuffle_null,external_lung,seed44,source_disjoint,7,38,-0.010383439190778554
sign_shuffle_null,external_lung,seed44,source_disjoint,7,39,0.00016466713714424763
sign_shuffle_null,external_lung,seed44,source_disjoint,7,40,-0.015022347682898007
sign_shuffle_null,external_lung,seed44,source_disjoint,7,41,-0.007626440837449899
sign_shuffle_null,external_lung,seed44,source_disjoint,7,42,-0.011785462244177869
sign_shuffle_null,external_lung,seed44,source_disjoint,7,43,-0.011498470948012152
sign_shuffle_null,external_lung,seed44,source_disjoint,7,44,-0.009814161373794317
sign_shuffle_null,external_lung,seed44,source_disjoint,7,45,-0.01951540813926128
sign_shuffle_null,external_lung,seed44,source_disjoint,7,46,-0.003585038814396535
sign_shuffle_null,external_lung,seed44,source_disjoint,7,47,-0.005880969183721385
sign_shuffle_null,external_lung,seed44,source_disjoint,7,48,-0.010223476828981393
sign_shuffle_null,external_lung,seed44,source_disjoint,7,49,0.0009738884968242267
sign_shuffle_null,external_lung,seed44,source_disjoint,7,50,0.007659374264878949
sign_shuffle_null,external_lung,seed44,source_disjoint,7,51,-0.014269583627381677
sign_shuffle_null,external_lung,seed44,source_disjoint,7,52,-0.011851329099035524
sign_shuffle_null,external_lung,seed44,source_disjoint,7,53,-0.018546224417783863
sign_shuffle_null,external_lung,seed44,source_disjoint,7,54,-0.02624794166078559
sign_shuffle_null,external_lung,seed44,source_disjoint,7,55,-0.006501999529522351
sign_shuffle_null,external_lung,seed44,source_disjoint,7,56,-0.00924488355681008
sign_shuffle_null,external_lung,seed44,source_disjoint,7,57,-0.017901670195248076
sign_shuffle_null,external_lung,seed44,source_disjoint,7,58,-0.021707833450952563
sign_shuffle_null,external_lung,seed44,source_disjoint,7,59,0.009433074570689426
sign_shuffle_null,external_lung,seed44,source_disjoint,7,60,0.004549517760527033
sign_shuffle_null,external_lung,seed44,source_disjoint,7,61,-0.018541519642436888
sign_shuffle_null,external_lung,seed44,source_disjoint,7,62,-0.01917666431427889
sign_shuffle_null,external_lung,seed44,source_disjoint,7,63,-0.009188426252646376
sign_shuffle_null,external_lung,seed44,source_disjoint,11,0,-0.009226064455422234
sign_shuffle_null,external_lung,seed44,source_disjoint,11,1,-0.015346977181839638
sign_shuffle_null,external_lung,seed44,source_disjoint,11,2,-0.008308633262761767
sign_shuffle_null,external_lung,seed44,source_disjoint,11,3,-0.011474947071277386
sign_shuffle_null,external_lung,seed44,source_disjoint,11,4,-0.01863091037402964
sign_shuffle_null,external_lung,seed44,source_disjoint,11,5,0.0025170548106326907
sign_shuffle_null,external_lung,seed44,source_disjoint,11,6,-0.01388849682427673
sign_shuffle_null,external_lung,seed44,source_disjoint,11,7,-0.010402258292166677
sign_shuffle_null,external_lung,seed44,source_disjoint,11,8,-0.023796753705010665
sign_shuffle_null,external_lung,seed44,source_disjoint,11,9,-0.027612326511409158
sign_shuffle_null,external_lung,seed44,source_disjoint,11,10,0.008656786638438052
sign_shuffle_null,external_lung,seed44,source_disjoint,11,11,-0.012919313102799312
sign_shuffle_null,external_lung,seed44,source_disjoint,11,12,-0.006567866384380117
sign_shuffle_null,external_lung,seed44,source_disjoint,11,13,-0.015139967066572668
sign_shuffle_null,external_lung,seed44,source_disjoint,11,14,-0.018089861209127256
sign_shuffle_null,external_lung,seed44,source_disjoint,11,15,-0.011766643142789912
sign_shuffle_null,external_lung,seed44,source_disjoint,11,16,-0.009249588332157221
sign_shuffle_null,external_lung,seed44,source_disjoint,11,17,-0.006709009644789488
sign_shuffle_null,external_lung,seed44,source_disjoint,11,18,-0.01065631616090329
sign_shuffle_null,external_lung,seed44,source_disjoint,11,19,0.005396377322982704
sign_shuffle_null,external_lung,seed44,source_disjoint,11,20,-0.03467419430722185
sign_shuffle_null,external_lung,seed44,source_disjoint,11,21,0.006389084921194943
sign_shuffle_null,external_lung,seed44,source_disjoint,11,22,0.0009503646200894611
sign_shuffle_null,external_lung,seed44,source_disjoint,11,23,0.0038296871324393633
sign_shuffle_null,external_lung,seed44,source_disjoint,11,24,-0.01633498000470479
sign_shuffle_null,external_lung,seed44,source_disjoint,11,25,-0.009531874852975797
sign_shuffle_null,external_lung,seed44,source_disjoint,11,26,-0.03297577040696309
sign_shuffle_null,external_lung,seed44,source_disjoint,11,27,-0.027170077628793254
sign_shuffle_null,external_lung,seed44,source_disjoint,11,28,-0.012740531639614194
sign_shuffle_null,external_lung,seed44,source_disjoint,11,29,-0.007198306280875144
sign_shuffle_null,external_lung,seed44,source_disjoint,11,30,0.014401317337097153
sign_shuffle_null,external_lung,seed44,source_disjoint,11,31,-0.00971536109150789
sign_shuffle_null,external_lung,seed44,source_disjoint,11,32,-0.02308162785226997
sign_shuffle_null,external_lung,seed44,source_disjoint,11,33,-0.019590684544812997
sign_shuffle_null,external_lung,seed44,source_disjoint,11,34,0.00903316866619619
sign_shuffle_null,external_lung,seed44,source_disjoint,11,35,-0.011380851564337824
sign_shuffle_null,external_lung,seed44,source_disjoint,11,36,0.012232415902140747
sign_shuffle_null,external_lung,seed44,source_disjoint,11,37,-0.012782874617736972
sign_shuffle_null,external_lung,seed44,source_disjoint,11,38,0.002338273347447628
sign_shuffle_null,external_lung,seed44,source_disjoint,11,39,-0.023904963537991097
sign_shuffle_null,external_lung,seed44,source_disjoint,11,40,-0.003213361561985484
sign_shuffle_null,external_lung,seed44,source_disjoint,11,41,-0.011451423194542454
sign_shuffle_null,external_lung,seed44,source_disjoint,11,42,-0.012481768995530496
sign_shuffle_null,external_lung,seed44,source_disjoint,11,43,-0.016367913432133563
sign_shuffle_null,external_lung,seed44,source_disjoint,11,44,-0.007626440837450121
sign_shuffle_null,external_lung,seed44,source_disjoint,11,45,-0.01483886144436608
sign_shuffle_null,external_lung,seed44,source_disjoint,11,46,-0.0024605975064690977
sign_shuffle_null,external_lung,seed44,source_disjoint,11,47,-0.023340390496353836
sign_shuffle_null,external_lung,seed44,source_disjoint,11,48,-0.0054904728299223216
sign_shuffle_null,external_lung,seed44,source_disjoint,11,49,-0.0003622677017173226
sign_shuffle_null,external_lung,seed44,source_disjoint,11,50,-0.011964243707362932
sign_shuffle_null,external_lung,seed44,source_disjoint,11,51,0.01726652552340613
sign_shuffle_null,external_lung,seed44,source_disjoint,11,52,-0.01902140672782876
sign_shuffle_null,external_lung,seed44,source_disjoint,11,53,-0.0008609738884968188
sign_shuffle_null,external_lung,seed44,source_disjoint,11,54,-0.016772524111973608
sign_shuffle_null,external_lung,seed44,source_disjoint,11,55,-0.03206774876499652
sign_shuffle_null,external_lung,seed44,source_disjoint,11,56,0.012124206069160204
sign_shuffle_null,external_lung,seed44,source_disjoint,11,57,-0.01598682662902856
sign_shuffle_null,external_lung,seed44,source_disjoint,11,58,-0.00924488355681019
sign_shuffle_null,external_lung,seed44,source_disjoint,11,59,-0.0012655845683369193
sign_shuffle_null,external_lung,seed44,source_disjoint,11,60,-0.029710656316160988
sign_shuffle_null,external_lung,seed44,source_disjoint,11,61,-0.008600329334274293
sign_shuffle_null,external_lung,seed44,source_disjoint,11,62,0.0014631851329097723
sign_shuffle_null,external_lung,seed44,source_disjoint,11,63,-0.01011056222065404
sign_shuffle_null,external_lung,seed44,target_disjoint,7,0,0.019522387368616
sign_shuffle_null,external_lung,seed44,target_disjoint,7,1,0.02603949622632773
sign_shuffle_null,external_lung,seed44,target_disjoint,7,2,0.034365305366486076
sign_shuffle_null,external_lung,seed44,target_disjoint,7,3,0.02058445617446869
sign_shuffle_null,external_lung,seed44,target_disjoint,7,4,0.0039241561327962304
sign_shuffle_null,external_lung,seed44,target_disjoint,7,5,0.023191878501643726
sign_shuffle_null,external_lung,seed44,target_disjoint,7,6,-0.0036781728943834913
sign_shuffle_null,external_lung,seed44,target_disjoint,7,7,0.008965365560031469
sign_shuffle_null,external_lung,seed44,target_disjoint,7,8,0.022063249525397066
sign_shuffle_null,external_lung,seed44,target_disjoint,7,9,0.021542343844052514
sign_shuffle_null,external_lung,seed44,target_disjoint,7,10,0.014680858452562784
sign_shuffle_null,external_lung,seed44,target_disjoint,7,11,0.018966754641848382
sign_shuffle_null,external_lung,seed44,target_disjoint,7,12,0.009344469139232259
sign_shuffle_null,external_lung,seed44,target_disjoint,7,13,0.017528476177246843
sign_shuffle_null,external_lung,seed44,target_disjoint,7,14,0.02114008890123631
sign_shuffle_null,external_lung,seed44,target_disjoint,7,15,0.008137704310783866
sign_shuffle_null,external_lung,seed44,target_disjoint,7,16,0.013297564476547563
sign_shuffle_null,external_lung,seed44,target_disjoint,7,17,0.01933138861878958
sign_shuffle_null,external_lung,seed44,target_disjoint,7,18,0.021933023105060845
sign_shuffle_null,external_lung,seed44,target_disjoint,7,19,0.02623917673750975
sign_shuffle_null,external_lung,seed44,target_disjoint,7,20,0.013809788396536404
sign_shuffle_null,external_lung,seed44,target_disjoint,7,21,0.024609899523081902
sign_shuffle_null,external_lung,seed44,target_disjoint,7,22,0.03164212622123441
sign_shuffle_null,external_lung,seed44,target_disjoint,7,23,0.02247997407047264
sign_shuffle_null,external_lung,seed44,target_disjoint,7,24,0.01472137333888951
sign_shuffle_null,external_lung,seed44,target_disjoint,7,25,0.009159258230309664
sign_shuffle_null,external_lung,seed44,target_disjoint,7,26,0.01851819697180168
sign_shuffle_null,external_lung,seed44,target_disjoint,7,27,-0.0021183497708014976
sign_shuffle_null,external_lung,seed44,target_disjoint,7,28,0.018596332824003303
sign_shuffle_null,external_lung,seed44,target_disjoint,7,29,0.015653215724406144
sign_shuffle_null,external_lung,seed44,target_disjoint,7,30,0.007509723572718452
sign_shuffle_null,external_lung,seed44,target_disjoint,7,31,0.024259735148400297
sign_shuffle_null,external_lung,seed44,target_disjoint,7,32,0.01777445941565947
sign_shuffle_null,external_lung,seed44,target_disjoint,7,33,0.025139486965782276
sign_shuffle_null,external_lung,seed44,target_disjoint,7,34,0.01971338611844231
sign_shuffle_null,external_lung,seed44,target_disjoint,7,35,0.009248969764319104
sign_shuffle_null,external_lung,seed44,target_disjoint,7,36,0.009882738343288344
sign_shuffle_null,external_lung,seed44,target_disjoint,7,37,0.027006065657267264
sign_shuffle_null,external_lung,seed44,target_disjoint,7,38,0.01669502708709536
sign_shuffle_null,external_lung,seed44,target_disjoint,7,39,0.016483770894105687
sign_shuffle_null,external_lung,seed44,target_disjoint,7,40,0.0189001944714543
sign_shuffle_null,external_lung,seed44,target_disjoint,7,41,0.019881233504653317
sign_shuffle_null,external_lung,seed44,target_disjoint,7,42,0.009532573968606628
sign_shuffle_null,external_lung,seed44,target_disjoint,7,43,0.014191785896189302
sign_shuffle_null,external_lung,seed44,target_disjoint,7,44,0.018544242255868815
sign_shuffle_null,external_lung,seed44,target_disjoint,7,45,0.034538940593600964
sign_shuffle_null,external_lung,seed44,target_disjoint,7,46,0.014631661804880292
sign_shuffle_null,external_lung,seed44,target_disjoint,7,47,0.013850303282863241
sign_shuffle_null,external_lung,seed44,target_disjoint,7,48,0.009657012548039079
sign_shuffle_null,external_lung,seed44,target_disjoint,7,49,0.016917858961892906
sign_shuffle_null,external_lung,seed44,target_disjoint,7,50,0.0296134879844423
sign_shuffle_null,external_lung,seed44,target_disjoint,7,51,0.012226813909339163
sign_shuffle_null,external_lung,seed44,target_disjoint,7,52,0.015549034588137278
sign_shuffle_null,external_lung,seed44,target_disjoint,7,53,0.013225216465249767
sign_shuffle_null,external_lung,seed44,target_disjoint,7,54,0.027385169236467943
sign_shuffle_null,external_lung,seed44,target_disjoint,7,55,0.021559707366763936
sign_shuffle_null,external_lung,seed44,target_disjoint,7,56,0.007964069083669145
sign_shuffle_null,external_lung,seed44,target_disjoint,7,57,0.023640436171690538
sign_shuffle_null,external_lung,seed44,target_disjoint,7,58,0.025070032874936254
sign_shuffle_null,external_lung,seed44,target_disjoint,7,59,0.0206625920266702
sign_shuffle_null,external_lung,seed44,target_disjoint,7,60,0.019970945038662702
sign_shuffle_null,external_lung,seed44,target_disjoint,7,61,0.018341667824234742
sign_shuffle_null,external_lung,seed44,target_disjoint,7,62,0.012634856693059193
sign_shuffle_null,external_lung,seed44,target_disjoint,7,63,0.014374102884660012
sign_shuffle_null,external_lung,seed44,target_disjoint,11,0,0.021362920776033634
sign_shuffle_null,external_lung,seed44,target_disjoint,11,1,0.013210746862990175
sign_shuffle_null,external_lung,seed44,target_disjoint,11,2,0.005657614483493056
sign_shuffle_null,external_lung,seed44,target_disjoint,11,3,0.017299856461545526
sign_shuffle_null,external_lung,seed44,target_disjoint,11,4,0.004664999768486389
sign_shuffle_null,external_lung,seed44,target_disjoint,11,5,0.002517710793165706
sign_shuffle_null,external_lung,seed44,target_disjoint,11,6,0.010180812149835572
sign_shuffle_null,external_lung,seed44,target_disjoint,11,7,0.00010418113626897707
sign_shuffle_null,external_lung,seed44,target_disjoint,11,8,0.0004948603972774746
sign_shuffle_null,external_lung,seed44,target_disjoint,11,9,0.004332198916516206
sign_shuffle_null,external_lung,seed44,target_disjoint,11,10,0.02572695281752102
sign_shuffle_null,external_lung,seed44,target_disjoint,11,11,0.023374195490114325
sign_shuffle_null,external_lung,seed44,target_disjoint,11,12,0.011283395842014987
sign_shuffle_null,external_lung,seed44,target_disjoint,11,13,0.019276404130203262
sign_shuffle_null,external_lung,seed44,target_disjoint,11,14,-0.0012038709079964516
sign_shuffle_null,external_lung,seed44,target_disjoint,11,15,0.0006916469880076104
sign_shuffle_null,external_lung,seed44,target_disjoint,11,16,0.017357734870583896
sign_shuffle_null,external_lung,seed44,target_disjoint,11,17,-0.0012964763624577769
sign_shuffle_null,external_lung,seed44,target_disjoint,11,18,0.006702319766634268
sign_shuffle_null,external_lung,seed44,target_disjoint,11,19,0.01838218271056158
sign_shuffle_null,external_lung,seed44,target_disjoint,11,20,0.006164050562578183
sign_shuffle_null,external_lung,seed44,target_disjoint,11,21,0.005264041302032729
sign_shuffle_null,external_lung,seed44,target_disjoint,11,22,0.02272016946798172
sign_shuffle_null,external_lung,seed44,target_disjoint,11,23,0.012820067601981622
sign_shuffle_null,external_lung,seed44,target_disjoint,11,24,0.015091795156734644
sign_shuffle_null,external_lung,seed44,target_disjoint,11,25,0.02403979719405469
sign_shuffle_null,external_lung,seed44,target_disjoint,11,26,0.0074142241978052414
sign_shuffle_null,external_lung,seed44,target_disjoint,11,27,0.0003183312497107016
sign_shuffle_null,external_lung,seed44,target_disjoint,11,28,0.006800713061999253
sign_shuffle_null,external_lung,seed44,target_disjoint,11,29,0.014038408112237777
sign_shuffle_null,external_lung,seed44,target_disjoint,11,30,0.021244270037505175
sign_shuffle_null,external_lung,seed44,target_disjoint,11,31,0.025686437931194184
sign_shuffle_null,external_lung,seed44,target_disjoint,11,32,0.004222229939343514
sign_shuffle_null,external_lung,seed44,target_disjoint,11,33,0.008024841413159234
sign_shuffle_null,external_lung,seed44,target_disjoint,11,34,0.01481687271380272
sign_shuffle_null,external_lung,seed44,target_disjoint,11,35,0.01386187896467106
sign_shuffle_null,external_lung,seed44,target_disjoint,11,36,0.008988516923646772
sign_shuffle_null,external_lung,seed44,target_disjoint,11,37,-0.0074807843681993225
sign_shuffle_null,external_lung,seed44,target_disjoint,11,38,0.011364425614668716
sign_shuffle_null,external_lung,seed44,target_disjoint,11,39,0.013045793397231109
sign_shuffle_null,external_lung,seed44,target_disjoint,11,40,0.025816664351530294
sign_shuffle_null,external_lung,seed44,target_disjoint,11,41,-0.0018058063619946774
sign_shuffle_null,external_lung,seed44,target_disjoint,11,42,0.003015465110894955
sign_shuffle_null,external_lung,seed44,target_disjoint,11,43,0.014197573737093072
sign_shuffle_null,external_lung,seed44,target_disjoint,11,44,0.017123327313978698
sign_shuffle_null,external_lung,seed44,target_disjoint,11,45,0.002610316247626976
sign_shuffle_null,external_lung,seed44,target_disjoint,11,46,-0.0093734083437515
sign_shuffle_null,external_lung,seed44,target_disjoint,11,47,0.025269713386118497
sign_shuffle_null,external_lung,seed44,target_disjoint,11,48,0.004439273973236957
sign_shuffle_null,external_lung,seed44,target_disjoint,11,49,0.020928832708246414
sign_shuffle_null,external_lung,seed44,target_disjoint,11,50,0.023747511228411344
sign_shuffle_null,external_lung,seed44,target_disjoint,11,51,0.018726559244339525
sign_shuffle_null,external_lung,seed44,target_disjoint,11,52,0.024459415659582207
sign_shuffle_null,external_lung,seed44,target_disjoint,11,53,0.002642149372597935
sign_shuffle_null,external_lung,seed44,target_disjoint,11,54,0.011682756864379307
sign_shuffle_null,external_lung,seed44,target_disjoint,11,55,0.01758346066583316
sign_shuffle_null,external_lung,seed44,target_disjoint,11,56,0.016671875723480056
sign_shuffle_null,external_lung,seed44,target_disjoint,11,57,0.017340371347872363
sign_shuffle_null,external_lung,seed44,target_disjoint,11,58,0.012362828170579265
sign_shuffle_null,external_lung,seed44,target_disjoint,11,59,0.011665393341667829
sign_shuffle_null,external_lung,seed44,target_disjoint,11,60,0.010137403343056905
sign_shuffle_null,external_lung,seed44,target_disjoint,11,61,0.010898504421910427
sign_shuffle_null,external_lung,seed44,target_disjoint,11,62,0.017178311802565127
sign_shuffle_null,external_lung,seed44,target_disjoint,11,63,0.02082754549242949
sign_shuffle_null,immune,seed42_main,source_disjoint,7,0,-0.01666159464394401
sign_shuffle_null,immune,seed42_main,source_disjoint,7,1,-0.0016085557777584247
sign_shuffle_null,immune,seed42_main,source_disjoint,7,2,-0.0426557110975857
sign_shuffle_null,immune,seed42_main,source_disjoint,7,3,-0.012212706141494944
sign_shuffle_null,immune,seed42_main,source_disjoint,7,4,-0.031631307422543053
sign_shuffle_null,immune,seed42_main,source_disjoint,7,5,-0.03492449931889974
sign_shuffle_null,immune,seed42_main,source_disjoint,7,6,-0.019451207141408022
sign_shuffle_null,immune,seed42_main,source_disjoint,7,7,-0.0496587253282324
sign_shuffle_null,immune,seed42_main,source_disjoint,7,8,-0.03196461177288934
sign_shuffle_null,immune,seed42_main,source_disjoint,7,9,-0.02934527432397188
sign_shuffle_null,immune,seed42_main,source_disjoint,7,10,-0.00712256905196651
sign_shuffle_null,immune,seed42_main,source_disjoint,7,11,-0.03572515433440571
sign_shuffle_null,immune,seed42_main,source_disjoint,7,12,-0.024570327217923182
sign_shuffle_null,immune,seed42_main,source_disjoint,7,13,-0.0350150711532331
sign_shuffle_null,immune,seed42_main,source_disjoint,7,14,-0.04355056082079817
sign_shuffle_null,immune,seed42_main,source_disjoint,7,15,-0.030276352780917615
sign_shuffle_null,immune,seed42_main,source_disjoint,7,16,-0.02272990754427162
sign_shuffle_null,immune,seed42_main,source_disjoint,7,17,-0.001115844998985538
sign_shuffle_null,immune,seed42_main,source_disjoint,7,18,-0.013687215604440306
sign_shuffle_null,immune,seed42_main,source_disjoint,7,19,-0.019114279917688326
sign_shuffle_null,immune,seed42_main,source_disjoint,7,20,-0.029098918934585438
sign_shuffle_null,immune,seed42_main,source_disjoint,7,21,-0.02888154653218561
sign_shuffle_null,immune,seed42_main,source_disjoint,7,22,-0.03572153146103241
sign_shuffle_null,immune,seed42_main,source_disjoint,7,23,-0.012582239225574665
sign_shuffle_null,immune,seed42_main,source_disjoint,7,24,-0.022878445352578103
sign_shuffle_null,immune,seed42_main,source_disjoint,7,25,-0.028896038025678916
sign_shuffle_null,immune,seed42_main,source_disjoint,7,26,-0.03273990667478183
sign_shuffle_null,immune,seed42_main,source_disjoint,7,27,-0.03348621858968798
sign_shuffle_null,immune,seed42_main,source_disjoint,7,28,-0.018444048343622232
sign_shuffle_null,immune,seed42_main,source_disjoint,7,29,-0.007118946178593211
sign_shuffle_null,immune,seed42_main,source_disjoint,7,30,-0.03228704750311567
sign_shuffle_null,immune,seed42_main,source_disjoint,7,31,-0.01947656725502145
sign_shuffle_null,immune,seed42_main,source_disjoint,7,32,-0.059646987218502756
sign_shuffle_null,immune,seed42_main,source_disjoint,7,33,-0.03175086224386292
sign_shuffle_null,immune,seed42_main,source_disjoint,7,34,-0.023827638176390553
sign_shuffle_null,immune,seed42_main,source_disjoint,7,35,-0.009028200446338008
sign_shuffle_null,immune,seed42_main,source_disjoint,7,36,-0.016223226965771054
sign_shuffle_null,immune,seed42_main,source_disjoint,7,37,-0.037844535257803624
sign_shuffle_null,immune,seed42_main,source_disjoint,7,38,-0.04564095875720947
sign_shuffle_null,immune,seed42_main,source_disjoint,7,39,-0.029102541807958793
sign_shuffle_null,immune,seed42_main,source_disjoint,7,40,-0.02991044257021136
sign_shuffle_null,immune,seed42_main,source_disjoint,7,41,-0.04150001449149343
sign_shuffle_null,immune,seed42_main,source_disjoint,7,42,-0.045115642118076615
sign_shuffle_null,immune,seed42_main,source_disjoint,7,43,-0.009745529374257322
sign_shuffle_null,immune,seed42_main,source_disjoint,7,44,-0.045499666695649754
sign_shuffle_null,immune,seed42_main,source_disjoint,7,45,-0.04435483870967738
sign_shuffle_null,immune,seed42_main,source_disjoint,7,46,-0.026171637248934898
sign_shuffle_null,immune,seed42_main,source_disjoint,7,47,-0.026617250673854453
sign_shuffle_null,immune,seed42_main,source_disjoint,7,48,-0.03404051821580728
sign_shuffle_null,immune,seed42_main,source_disjoint,7,49,-0.04933991247137942
sign_shuffle_null,immune,seed42_main,source_disjoint,7,50,-0.04626771585079559
sign_shuffle_null,immune,seed42_main,source_disjoint,7,51,-0.03168927339651623
sign_shuffle_null,immune,seed42_main,source_disjoint,7,52,-0.06269382372547322
sign_shuffle_null,immune,seed42_main,source_disjoint,7,53,-0.026696953888067643
sign_shuffle_null,immune,seed42_main,source_disjoint,7,54,-0.03292829609019504
sign_shuffle_null,immune,seed42_main,source_disjoint,7,55,-0.019107034170941617
sign_shuffle_null,immune,seed42_main,source_disjoint,7,56,-0.019646842303567835
sign_shuffle_null,immune,seed42_main,source_disjoint,7,57,-0.021646668405645886
sign_shuffle_null,immune,seed42_main,source_disjoint,7,58,-0.04930006086427274
sign_shuffle_null,immune,seed42_main,source_disjoint,7,59,-0.019795380111874428
sign_shuffle_null,immune,seed42_main,source_disjoint,7,60,-0.02532388487957582
sign_shuffle_null,immune,seed42_main,source_disjoint,7,61,-0.0010035359244123798
sign_shuffle_null,immune,seed42_main,source_disjoint,7,62,-0.04015230559661487
sign_shuffle_null,immune,seed42_main,source_disjoint,7,63,-0.03141755789351647
sign_shuffle_null,immune,seed42_main,source_disjoint,11,0,-0.05124554386575075
sign_shuffle_null,immune,seed42_main,source_disjoint,11,1,-0.013484334695533673
sign_shuffle_null,immune,seed42_main,source_disjoint,11,2,-0.022066921716952126
sign_shuffle_null,immune,seed42_main,source_disjoint,11,3,-0.030924847114743748
sign_shuffle_null,immune,seed42_main,source_disjoint,11,4,0.0013477088948786742
sign_shuffle_null,immune,seed42_main,source_disjoint,11,5,-0.036156276265831955
sign_shuffle_null,immune,seed42_main,source_disjoint,11,6,-0.06769701185404159
sign_shuffle_null,immune,seed42_main,source_disjoint,11,7,-0.03500782540648634
sign_shuffle_null,immune,seed42_main,source_disjoint,11,8,-0.026707822508187706
sign_shuffle_null,immune,seed42_main,source_disjoint,11,9,-0.05945497492971624
sign_shuffle_null,immune,seed42_main,source_disjoint,11,10,-0.021248152334579662
sign_shuffle_null,immune,seed42_main,source_disjoint,11,11,-0.04310132452250531
sign_shuffle_null,immune,seed42_main,source_disjoint,11,12,-0.041112367040547104
sign_shuffle_null,immune,seed42_main,source_disjoint,11,13,-0.03787714111816354
sign_shuffle_null,immune,seed42_main,source_disjoint,11,14,-0.05203533026113666
sign_shuffle_null,immune,seed42_main,source_disjoint,11,15,-0.036996782888444435
sign_shuffle_null,immune,seed42_main,source_disjoint,11,16,-0.044434541923890625
sign_shuffle_null,immune,seed42_main,source_disjoint,11,17,-0.03652218647653832
sign_shuffle_null,immune,seed42_main,source_disjoint,11,18,-0.04508665913109006
sign_shuffle_null,immune,seed42_main,source_disjoint,11,19,-0.021864040808045715
sign_shuffle_null,immune,seed42_main,source_disjoint,11,20,-0.011459148479842307
sign_shuffle_null,immune,seed42_main,source_disjoint,11,21,-0.04964423383473904
sign_shuffle_null,immune,seed42_main,source_disjoint,11,22,-0.05622699475407933
sign_shuffle_null,immune,seed42_main,source_disjoint,11,23,-0.03843868649102972
sign_shuffle_null,immune,seed42_main,source_disjoint,11,24,-0.04466278294641046
sign_shuffle_null,immune,seed42_main,source_disjoint,11,25,-0.04449975364461056
sign_shuffle_null,immune,seed42_main,source_disjoint,11,26,-0.033435498362461236
sign_shuffle_null,immune,seed42_main,source_disjoint,11,27,-0.060045503289569035
sign_shuffle_null,immune,seed42_main,source_disjoint,11,28,-0.060726603483755026
sign_shuffle_null,immune,seed42_main,source_disjoint,11,29,-0.05497710344028056
sign_shuffle_null,immune,seed42_main,source_disjoint,11,30,-0.05613280004637278
sign_shuffle_null,immune,seed42_main,source_disjoint,11,31,-0.0364243688954583
sign_shuffle_null,immune,seed42_main,source_disjoint,11,32,-0.055132886995333696
sign_shuffle_null,immune,seed42_main,source_disjoint,11,33,-0.023813146682897135
sign_shuffle_null,immune,seed42_main,source_disjoint,11,34,-0.03835898327681653
sign_shuffle_null,immune,seed42_main,source_disjoint,11,35,-0.023537808306524077
sign_shuffle_null,immune,seed42_main,source_disjoint,11,36,-0.016321044546851016
sign_shuffle_null,immune,seed42_main,source_disjoint,11,37,-0.045090282004463245
sign_shuffle_null,immune,seed42_main,source_disjoint,11,38,-0.051466539141523826
sign_shuffle_null,immune,seed42_main,source_disjoint,11,39,-0.019972900907167523
sign_shuffle_null,immune,seed42_main,source_disjoint,11,40,-0.028432310233892588
sign_shuffle_null,immune,seed42_main,source_disjoint,11,41,-0.03109149928991678
sign_shuffle_null,immune,seed42_main,source_disjoint,11,42,-0.033355795148247935
sign_shuffle_null,immune,seed42_main,source_disjoint,11,43,-0.03764890009564387
sign_shuffle_null,immune,seed42_main,source_disjoint,11,44,-0.07130539373387812
sign_shuffle_null,immune,seed42_main,source_disjoint,11,45,-0.03961612033736189
sign_shuffle_null,immune,seed42_main,source_disjoint,11,46,-0.027414282815986957
sign_shuffle_null,immune,seed42_main,source_disjoint,11,47,-0.018128858360142663
sign_shuffle_null,immune,seed42_main,source_disjoint,11,48,-0.042090542851346224
sign_shuffle_null,immune,seed42_main,source_disjoint,11,49,-0.017701359302089603
sign_shuffle_null,immune,seed42_main,source_disjoint,11,50,-0.04055806741442769
sign_shuffle_null,immune,seed42_main,source_disjoint,11,51,-0.035627336753325745
sign_shuffle_null,immune,seed42_main,source_disjoint,11,52,-0.039192244152682354
sign_shuffle_null,immune,seed42_main,source_disjoint,11,53,-0.04286583775323877
sign_shuffle_null,immune,seed42_main,source_disjoint,11,54,-0.02073370431556676
sign_shuffle_null,immune,seed42_main,source_disjoint,11,55,-0.04485841810857022
sign_shuffle_null,immune,seed42_main,source_disjoint,11,56,-0.045930788627075836
sign_shuffle_null,immune,seed42_main,source_disjoint,11,57,-0.03880821957510949
sign_shuffle_null,immune,seed42_main,source_disjoint,11,58,-0.04186954757557315
sign_shuffle_null,immune,seed42_main,source_disjoint,11,59,-0.03355505318378105
sign_shuffle_null,immune,seed42_main,source_disjoint,11,60,-0.037916992725270215
sign_shuffle_null,immune,seed42_main,source_disjoint,11,61,-0.017415152305596537
sign_shuffle_null,immune,seed42_main,source_disjoint,11,62,-0.023936324377590357
sign_shuffle_null,immune,seed42_main,source_disjoint,11,63,-0.060864272671941555
sign_shuffle_null,immune,seed42_main,target_disjoint,7,0,-0.0099996431884678
sign_shuffle_null,immune,seed42_main,target_disjoint,7,1,-0.028586550583981518
sign_shuffle_null,immune,seed42_main,target_disjoint,7,2,-0.004659363923975257
sign_shuffle_null,immune,seed42_main,target_disjoint,7,3,-0.018622588548728558
sign_shuffle_null,immune,seed42_main,target_disjoint,7,4,-0.02516115987535389
sign_shuffle_null,immune,seed42_main,target_disjoint,7,5,-0.01411189609648178
sign_shuffle_null,immune,seed42_main,target_disjoint,7,6,-0.012955232046433118
sign_shuffle_null,immune,seed42_main,target_disjoint,7,7,0.010279145555317615
sign_shuffle_null,immune,seed42_main,target_disjoint,7,8,-0.006146078641261599
sign_shuffle_null,immune,seed42_main,target_disjoint,7,9,-0.018057636956159695
sign_shuffle_null,immune,seed42_main,target_disjoint,7,10,-0.02955291515021763
sign_shuffle_null,immune,seed42_main,target_disjoint,7,11,-0.0033183472489831667
sign_shuffle_null,immune,seed42_main,target_disjoint,7,12,-0.003529460738837642
sign_shuffle_null,immune,seed42_main,target_disjoint,7,13,-0.008361283570018307
sign_shuffle_null,immune,seed42_main,target_disjoint,7,14,-0.01622897785389743
sign_shuffle_null,immune,seed42_main,target_disjoint,7,15,-0.01051999333951803
sign_shuffle_null,immune,seed42_main,target_disjoint,7,16,-0.0006363138989986528
sign_shuffle_null,immune,seed42_main,target_disjoint,7,17,-0.02803349270915101
sign_shuffle_null,immune,seed42_main,target_disjoint,7,18,-0.011450676752539302
sign_shuffle_null,immune,seed42_main,target_disjoint,7,19,-0.01785247032517423
sign_shuffle_null,immune,seed42_main,target_disjoint,7,20,-0.02075751088275174
sign_shuffle_null,immune,seed42_main,target_disjoint,7,21,-0.03938604629034942
sign_shuffle_null,immune,seed42_main,target_disjoint,7,22,-0.008301814981326872
sign_shuffle_null,immune,seed42_main,target_disjoint,7,23,-0.006324484407335906
sign_shuffle_null,immune,seed42_main,target_disjoint,7,24,-0.02559825400223603
sign_shuffle_null,immune,seed42_main,target_disjoint,7,25,-0.017766240871571637
sign_shuffle_null,immune,seed42_main,target_disjoint,7,26,-0.03244011513118772
sign_shuffle_null,immune,seed42_main,target_disjoint,7,27,-0.02745962082827852
sign_shuffle_null,immune,seed42_main,target_disjoint,7,28,-0.021503841670829305
sign_shuffle_null,immune,seed42_main,target_disjoint,7,29,-0.01964544827422149
sign_shuffle_null,immune,seed42_main,target_disjoint,7,30,0.00951794762006719
sign_shuffle_null,immune,seed42_main,target_disjoint,7,31,-0.007843906848402638
sign_shuffle_null,immune,seed42_main,target_disjoint,7,32,0.0029882965817455975
sign_shuffle_null,immune,seed42_main,target_disjoint,7,33,-0.009030305192797128
sign_shuffle_null,immune,seed42_main,target_disjoint,7,34,0.0005917124574799093
sign_shuffle_null,immune,seed42_main,target_disjoint,7,35,-0.005804134256285787
sign_shuffle_null,immune,seed42_main,target_disjoint,7,36,-0.0026850067794190746
sign_shuffle_null,immune,seed42_main,target_disjoint,7,37,-0.014700635124527128
sign_shuffle_null,immune,seed42_main,target_disjoint,7,38,-0.016856371464592512
sign_shuffle_null,immune,seed42_main,target_disjoint,7,39,-0.01544101905373585
sign_shuffle_null,immune,seed42_main,target_disjoint,7,40,-0.02271700088013512
sign_shuffle_null,immune,seed42_main,target_disjoint,7,41,-0.007029187183329788
sign_shuffle_null,immune,seed42_main,target_disjoint,7,42,-0.006024168034444166
sign_shuffle_null,immune,seed42_main,target_disjoint,7,43,-0.0026969004971574284
sign_shuffle_null,immune,seed42_main,target_disjoint,7,44,-0.013139584671376658
sign_shuffle_null,immune,seed42_main,target_disjoint,7,45,-0.005780346820809301
sign_shuffle_null,immune,seed42_main,target_disjoint,7,46,-0.016618497109826547
sign_shuffle_null,immune,seed42_main,target_disjoint,7,47,-0.026002640405337785
sign_shuffle_null,immune,seed42_main,target_disjoint,7,48,-0.004906158567045016
sign_shuffle_null,immune,seed42_main,target_disjoint,7,49,-0.013719403411118214
sign_shuffle_null,immune,seed42_main,target_disjoint,7,50,-0.011025476343395457
sign_shuffle_null,immune,seed42_main,target_disjoint,7,51,-0.0222739598943838
sign_shuffle_null,immune,seed42_main,target_disjoint,7,52,0.005750612526463472
sign_shuffle_null,immune,seed42_main,target_disjoint,7,53,-0.019734651157258754
sign_shuffle_null,immune,seed42_main,target_disjoint,7,54,-0.015161516686885923
sign_shuffle_null,immune,seed42_main,target_disjoint,7,55,-0.013466661909179445
sign_shuffle_null,immune,seed42_main,target_disjoint,7,56,-0.010243464402102664
sign_shuffle_null,immune,seed42_main,target_disjoint,7,57,-0.02442077594614528
sign_shuffle_null,immune,seed42_main,target_disjoint,7,58,-0.014296248721425209
sign_shuffle_null,immune,seed42_main,target_disjoint,7,59,-0.04240407716644057
sign_shuffle_null,immune,seed42_main,target_disjoint,7,60,-0.012420014748209862
sign_shuffle_null,immune,seed42_main,target_disjoint,7,61,-0.014013772925140833
sign_shuffle_null,immune,seed42_main,target_disjoint,7,62,-0.022119341563786032
sign_shuffle_null,immune,seed42_main,target_disjoint,7,63,-0.005361093270534467
sign_shuffle_null,immune,seed42_main,target_disjoint,11,0,-0.01529532101144182
sign_shuffle_null,immune,seed42_main,target_disjoint,11,1,0.004335260115607031
sign_shuffle_null,immune,seed42_main,target_disjoint,11,2,0.007513856181164957
sign_shuffle_null,immune,seed42_main,target_disjoint,11,3,-0.0008295868122457639
sign_shuffle_null,immune,seed42_main,target_disjoint,11,4,-0.006672375651180951
sign_shuffle_null,immune,seed42_main,target_disjoint,11,5,0.0019624634268178287
sign_shuffle_null,immune,seed42_main,target_disjoint,11,6,-0.01754323366397864
sign_shuffle_null,immune,seed42_main,target_disjoint,11,7,0.0022449392231023158
sign_shuffle_null,immune,seed42_main,target_disjoint,11,8,0.013859154594543122
sign_shuffle_null,immune,seed42_main,target_disjoint,11,9,-0.00010704345964462902
sign_shuffle_null,immune,seed42_main,target_disjoint,11,10,-0.02820297818692158
sign_shuffle_null,immune,seed42_main,target_disjoint,11,11,0.020501795951378465
sign_shuffle_null,immune,seed42_main,target_disjoint,11,12,0.014876067461166986
sign_shuffle_null,immune,seed42_main,target_disjoint,11,13,-0.01993981778824422
sign_shuffle_null,immune,seed42_main,target_disjoint,11,14,0.010689478817288656
sign_shuffle_null,immune,seed42_main,target_disjoint,11,15,0.004397702133733028
sign_shuffle_null,immune,seed42_main,target_disjoint,11,16,-0.0072789552558338855
sign_shuffle_null,immune,seed42_main,target_disjoint,11,17,-0.020489902233640167
sign_shuffle_null,immune,seed42_main,target_disjoint,11,18,-0.017956540355384187
sign_shuffle_null,immune,seed42_main,target_disjoint,11,19,0.005875496562715465
sign_shuffle_null,immune,seed42_main,target_disjoint,11,20,-0.005789267109112983
sign_shuffle_null,immune,seed42_main,target_disjoint,11,21,-0.005414615000356782
sign_shuffle_null,immune,seed42_main,target_disjoint,11,22,0.0055038178833940465
sign_shuffle_null,immune,seed42_main,target_disjoint,11,23,-0.013749137705464043
sign_shuffle_null,immune,seed42_main,target_disjoint,11,24,-0.024935179238326333
sign_shuffle_null,immune,seed42_main,target_disjoint,11,25,-0.004876424272699187
sign_shuffle_null,immune,seed42_main,target_disjoint,11,26,0.031681890625371745
sign_shuffle_null,immune,seed42_main,target_disjoint,11,27,-0.013062275506077747
sign_shuffle_null,immune,seed42_main,target_disjoint,11,28,-0.0038446442589024077
sign_shuffle_null,immune,seed42_main,target_disjoint,11,29,-0.00492697257308683
sign_shuffle_null,immune,seed42_main,target_disjoint,11,30,-0.018658269701943342
sign_shuffle_null,immune,seed42_main,target_disjoint,11,31,-0.005491924165655693
sign_shuffle_null,immune,seed42_main,target_disjoint,11,32,-0.022327481624206058
sign_shuffle_null,immune,seed42_main,target_disjoint,11,33,0.0021706034872379654
sign_shuffle_null,immune,seed42_main,target_disjoint,11,34,-0.012268369847046823
sign_shuffle_null,immune,seed42_main,target_disjoint,11,35,-0.006657508504008258
sign_shuffle_null,immune,seed42_main,target_disjoint,11,36,0.001433192987464138
sign_shuffle_null,immune,seed42_main,target_disjoint,11,37,-0.0015075287233282664
sign_shuffle_null,immune,seed42_main,target_disjoint,11,38,0.012098884369276086
sign_shuffle_null,immune,seed42_main,target_disjoint,11,39,0.0029080139870120147
sign_shuffle_null,immune,seed42_main,target_disjoint,11,40,0.005949832298579816
sign_shuffle_null,immune,seed42_main,target_disjoint,11,41,0.0058546825566735405
sign_shuffle_null,immune,seed42_main,target_disjoint,11,42,-0.01426056756821048
sign_shuffle_null,immune,seed42_main,target_disjoint,11,43,-0.0056316753490806
sign_shuffle_null,immune,seed42_main,target_disjoint,11,44,-0.0056108613430386756
sign_shuffle_null,immune,seed42_main,target_disjoint,11,45,0.014433026475415667
sign_shuffle_null,immune,seed42_main,target_disjoint,11,46,-0.011266324127595762
sign_shuffle_null,immune,seed42_main,target_disjoint,11,47,-0.01270249054449446
sign_shuffle_null,immune,seed42_main,target_disjoint,11,48,0.0005530578748303983
sign_shuffle_null,immune,seed42_main,target_disjoint,11,49,-0.004513665881681339
sign_shuffle_null,immune,seed42_main,target_disjoint,11,50,-0.005242156093151706
sign_shuffle_null,immune,seed42_main,target_disjoint,11,51,-0.01107305121434865
sign_shuffle_null,immune,seed42_main,target_disjoint,11,52,-0.017168581555222495
sign_shuffle_null,immune,seed42_main,target_disjoint,11,53,-0.016802849734770142
sign_shuffle_null,immune,seed42_main,target_disjoint,11,54,-0.009351435571731015
sign_shuffle_null,immune,seed42_main,target_disjoint,11,55,-0.01697828207140989
sign_shuffle_null,immune,seed42_main,target_disjoint,11,56,-0.003645424486786064
sign_shuffle_null,immune,seed42_main,target_disjoint,11,57,-0.020498822521943905
sign_shuffle_null,immune,seed42_main,target_disjoint,11,58,-0.006719950522134144
sign_shuffle_null,immune,seed42_main,target_disjoint,11,59,0.013196079830633423
sign_shuffle_null,immune,seed42_main,target_disjoint,11,60,7.136230642978969e-05
sign_shuffle_null,immune,seed42_main,target_disjoint,11,61,-0.012687623397321546
sign_shuffle_null,immune,seed42_main,target_disjoint,11,62,-0.006826993981778884
sign_shuffle_null,immune,seed42_main,target_disjoint,11,63,0.00967256595066468
sign_shuffle_null,immune,seed43,source_disjoint,7,0,-0.00436611983819446
sign_shuffle_null,immune,seed43,source_disjoint,7,1,-0.03815037396261145
sign_shuffle_null,immune,seed43,source_disjoint,7,2,-0.009629440564308367
sign_shuffle_null,immune,seed43,source_disjoint,7,3,-0.02214384605270281
sign_shuffle_null,immune,seed43,source_disjoint,7,4,0.015755156971482887
sign_shuffle_null,immune,seed43,source_disjoint,7,5,0.015194406416533246
sign_shuffle_null,immune,seed43,source_disjoint,7,6,-0.024379113782088457
sign_shuffle_null,immune,seed43,source_disjoint,7,7,-0.009281388495719023
sign_shuffle_null,immune,seed43,source_disjoint,7,8,-0.00822563055433101
sign_shuffle_null,immune,seed43,source_disjoint,7,9,-0.026246993216851977
sign_shuffle_null,immune,seed43,source_disjoint,7,10,-0.028787773317554888
sign_shuffle_null,immune,seed43,source_disjoint,7,11,-0.018373281976317046
sign_shuffle_null,immune,seed43,source_disjoint,7,12,0.0038672452065495744
sign_shuffle_null,immune,seed43,source_disjoint,7,13,0.015082256305543273
sign_shuffle_null,immune,seed43,source_disjoint,7,14,-0.02594148084553438
sign_shuffle_null,immune,seed43,source_disjoint,7,15,-0.006133450897587656
sign_shuffle_null,immune,seed43,source_disjoint,7,16,-0.021412936708664954
sign_shuffle_null,immune,seed43,source_disjoint,7,17,0.0054605502316479315
sign_shuffle_null,immune,seed43,source_disjoint,7,18,-0.025728782359174307
sign_shuffle_null,immune,seed43,source_disjoint,7,19,-0.007119598425257778
sign_shuffle_null,immune,seed43,source_disjoint,7,20,-0.026707195396431405
sign_shuffle_null,immune,seed43,source_disjoint,7,21,-0.012475733036328762
sign_shuffle_null,immune,seed43,source_disjoint,7,22,-0.013314925246150078
sign_shuffle_null,immune,seed43,source_disjoint,7,23,0.01374032221887067
sign_shuffle_null,immune,seed43,source_disjoint,7,24,-0.0054528157412349065
sign_shuffle_null,immune,seed43,source_disjoint,7,25,0.015078389060336761
sign_shuffle_null,immune,seed43,source_disjoint,7,26,-0.023613399231191656
sign_shuffle_null,immune,seed43,source_disjoint,7,27,0.01697333921154609
sign_shuffle_null,immune,seed43,source_disjoint,7,28,0.008917867446303296
sign_shuffle_null,immune,seed43,source_disjoint,7,29,0.014324276245059608
sign_shuffle_null,immune,seed43,source_disjoint,7,30,-0.01382153436820821
sign_shuffle_null,immune,seed43,source_disjoint,7,31,-0.015457379090578649
sign_shuffle_null,immune,seed43,source_disjoint,7,32,-0.020968203509911687
sign_shuffle_null,immune,seed43,source_disjoint,7,33,0.009439945549187478
sign_shuffle_null,immune,seed43,source_disjoint,7,34,0.0047953840561215655
sign_shuffle_null,immune,seed43,source_disjoint,7,35,0.011269152531885429
sign_shuffle_null,immune,seed43,source_disjoint,7,36,-0.0006651661755265881
sign_shuffle_null,immune,seed43,source_disjoint,7,37,-0.02675360233891
sign_shuffle_null,immune,seed43,source_disjoint,7,38,-0.0047953840561214545
sign_shuffle_null,immune,seed43,source_disjoint,7,39,0.014254665831341828
sign_shuffle_null,immune,seed43,source_disjoint,7,40,0.01859758219829688
sign_shuffle_null,immune,seed43,source_disjoint,7,41,-0.0352422055672863
sign_shuffle_null,immune,seed43,source_disjoint,7,42,-0.02138199874701263
sign_shuffle_null,immune,seed43,source_disjoint,7,43,0.010921100463295863
sign_shuffle_null,immune,seed43,source_disjoint,7,44,-0.03019545057273909
sign_shuffle_null,immune,seed43,source_disjoint,7,45,-0.027720413640547337
sign_shuffle_null,immune,seed43,source_disjoint,7,46,-0.02365593892846385
sign_shuffle_null,immune,seed43,source_disjoint,7,47,-0.009780263127363908
sign_shuffle_null,immune,seed43,source_disjoint,7,48,-0.021265981390816147
sign_shuffle_null,immune,seed43,source_disjoint,7,49,-0.02364433719284409
sign_shuffle_null,immune,seed43,source_disjoint,7,50,0.00697264310740886
sign_shuffle_null,immune,seed43,source_disjoint,7,51,-0.0162114919058558
sign_shuffle_null,immune,seed43,source_disjoint,7,52,0.004335181876542027
sign_shuffle_null,immune,seed43,source_disjoint,7,53,0.0024208954993000242
sign_shuffle_null,immune,seed43,source_disjoint,7,54,-0.022770339776163828
sign_shuffle_null,immune,seed43,source_disjoint,7,55,0.0054528157412347955
sign_shuffle_null,immune,seed43,source_disjoint,7,56,-0.0035965380420912574
sign_shuffle_null,immune,seed43,source_disjoint,7,57,-0.023524452591441092
sign_shuffle_null,immune,seed43,source_disjoint,7,58,-0.015182804680913486
sign_shuffle_null,immune,seed43,source_disjoint,7,59,-0.02805299672831063
sign_shuffle_null,immune,seed43,source_disjoint,7,60,0.010646526053630923
sign_shuffle_null,immune,seed43,source_disjoint,7,61,0.014838619857530544
sign_shuffle_null,immune,seed43,source_disjoint,7,62,-0.0078195698076432
sign_shuffle_null,immune,seed43,source_disjoint,7,63,-0.015105459776782793
sign_shuffle_null,immune,seed43,source_disjoint,11,0,-0.020647222157768375
sign_shuffle_null,immune,seed43,source_disjoint,11,1,-0.03131695168263854
sign_shuffle_null,immune,seed43,source_disjoint,11,2,-0.024440989705393434
sign_shuffle_null,immune,seed43,source_disjoint,11,3,-0.028188350310539845
sign_shuffle_null,immune,seed43,source_disjoint,11,4,-0.013137031966648949
sign_shuffle_null,immune,seed43,source_disjoint,11,5,-0.04141046167173296
sign_shuffle_null,immune,seed43,source_disjoint,11,6,-0.011133798949656382
sign_shuffle_null,immune,seed43,source_disjoint,11,7,-0.03392734219705956
sign_shuffle_null,immune,seed43,source_disjoint,11,8,-0.0045324113820762735
sign_shuffle_null,immune,seed43,source_disjoint,11,9,0.009637175054721281
sign_shuffle_null,immune,seed43,source_disjoint,11,10,0.006887563712864586
sign_shuffle_null,immune,seed43,source_disjoint,11,11,-0.02239134974592205
sign_shuffle_null,immune,seed43,source_disjoint,11,12,-0.035377559149515625
sign_shuffle_null,immune,seed43,source_disjoint,11,13,0.004474402703977698
sign_shuffle_null,immune,seed43,source_disjoint,11,14,-0.02210130635543095
sign_shuffle_null,immune,seed43,source_disjoint,11,15,-0.02738396330757764
sign_shuffle_null,immune,seed43,source_disjoint,11,16,-0.041615425667680006
sign_shuffle_null,immune,seed43,source_disjoint,11,17,-0.0022197987485595982
sign_shuffle_null,immune,seed43,source_disjoint,11,18,-0.038877416061442904
sign_shuffle_null,immune,seed43,source_disjoint,11,19,-0.030419750794719036
sign_shuffle_null,immune,seed43,source_disjoint,11,20,-0.0036274760037436904
sign_shuffle_null,immune,seed43,source_disjoint,11,21,-0.022843817435088454
sign_shuffle_null,immune,seed43,source_disjoint,11,22,-0.02957282409448464
sign_shuffle_null,immune,seed43,source_disjoint,11,23,0.0038208382640709804
sign_shuffle_null,immune,seed43,source_disjoint,11,24,-0.003840174490103987
sign_shuffle_null,immune,seed43,source_disjoint,11,25,-0.04385456064227222
sign_shuffle_null,immune,seed43,source_disjoint,11,26,-0.038374674184591506
sign_shuffle_null,immune,seed43,source_disjoint,11,27,-0.011153135175689166
sign_shuffle_null,immune,seed43,source_disjoint,11,28,-0.03152191567858559
sign_shuffle_null,immune,seed43,source_disjoint,11,29,-0.033590891864089756
sign_shuffle_null,immune,seed43,source_disjoint,11,30,-0.016145748737344645
sign_shuffle_null,immune,seed43,source_disjoint,11,31,-0.038173577433851025
sign_shuffle_null,immune,seed43,source_disjoint,11,32,-0.013867941310686804
sign_shuffle_null,immune,seed43,source_disjoint,11,33,-0.038258656828394966
sign_shuffle_null,immune,seed43,source_disjoint,11,34,-0.009447680039600725
sign_shuffle_null,immune,seed43,source_disjoint,11,35,-0.031367225870323645
sign_shuffle_null,immune,seed43,source_disjoint,11,36,-0.027461308211708557
sign_shuffle_null,immune,seed43,source_disjoint,11,37,-0.004281040443650408
sign_shuffle_null,immune,seed43,source_disjoint,11,38,-0.03523833832207979
sign_shuffle_null,immune,seed43,source_disjoint,11,39,-0.014784478424639036
sign_shuffle_null,immune,seed43,source_disjoint,11,40,0.004315845650509242
sign_shuffle_null,immune,seed43,source_disjoint,11,41,-0.023516718101028067
sign_shuffle_null,immune,seed43,source_disjoint,11,42,-0.005715788415280421
sign_shuffle_null,immune,seed43,source_disjoint,11,43,-0.002656797456899729
sign_shuffle_null,immune,seed43,source_disjoint,11,44,-0.039063043831357336
sign_shuffle_null,immune,seed43,source_disjoint,11,45,0.0014115445003904936
sign_shuffle_null,immune,seed43,source_disjoint,11,46,-0.02186927164303787
sign_shuffle_null,immune,seed43,source_disjoint,11,47,-0.037017271117092576
sign_shuffle_null,immune,seed43,source_disjoint,11,48,-0.04171597404305033
sign_shuffle_null,immune,seed43,source_disjoint,11,49,-0.025353659574139153
sign_shuffle_null,immune,seed43,source_disjoint,11,50,-0.013276252794084953
sign_shuffle_null,immune,seed43,source_disjoint,11,51,-0.01956439349993444
sign_shuffle_null,immune,seed43,source_disjoint,11,52,-0.0010054837537030181
sign_shuffle_null,immune,seed43,source_disjoint,11,53,0.007912383692600278
sign_shuffle_null,immune,seed43,source_disjoint,11,54,-0.0014811549141086067
sign_shuffle_null,immune,seed43,source_disjoint,11,55,-0.03917132669714074
sign_shuffle_null,immune,seed43,source_disjoint,11,56,-0.023230541955743478
sign_shuffle_null,immune,seed43,source_disjoint,11,57,-0.04844111345723995
sign_shuffle_null,immune,seed43,source_disjoint,11,58,-0.02829663317632325
sign_shuffle_null,immune,seed43,source_disjoint,11,59,-0.04500313246861748
sign_shuffle_null,immune,seed43,source_disjoint,11,60,0.002165657315667646
sign_shuffle_null,immune,seed43,source_disjoint,11,61,-0.0227858087569901
sign_shuffle_null,immune,seed43,source_disjoint,11,62,0.004157288597040676
sign_shuffle_null,immune,seed43,source_disjoint,11,63,-0.0056887176988345
sign_shuffle_null,immune,seed43,target_disjoint,7,0,-0.02336772925495978
sign_shuffle_null,immune,seed43,target_disjoint,7,1,0.004419261716110734
sign_shuffle_null,immune,seed43,target_disjoint,7,2,0.0017197960813216673
sign_shuffle_null,immune,seed43,target_disjoint,7,3,0.007170935446225601
sign_shuffle_null,immune,seed43,target_disjoint,7,4,-0.003697561574841801
sign_shuffle_null,immune,seed43,target_disjoint,7,5,-0.006955960936060546
sign_shuffle_null,immune,seed43,target_disjoint,7,6,-0.022145445611449044
sign_shuffle_null,immune,seed43,target_disjoint,7,7,0.00517167250168904
sign_shuffle_null,immune,seed43,target_disjoint,7,8,-0.033818561513420664
sign_shuffle_null,immune,seed43,target_disjoint,7,9,-0.018205269946563574
sign_shuffle_null,immune,seed43,target_disjoint,7,10,-0.013082734475769353
sign_shuffle_null,immune,seed43,target_disjoint,7,11,-0.008030833486886602
sign_shuffle_null,immune,seed43,target_disjoint,7,12,-0.007296849087893964
sign_shuffle_null,immune,seed43,target_disjoint,7,13,-0.02063755297586145
sign_shuffle_null,immune,seed43,target_disjoint,7,14,-0.029666482402800953
sign_shuffle_null,immune,seed43,target_disjoint,7,15,0.003719059025858229
sign_shuffle_null,immune,seed43,target_disjoint,7,16,0.0007063448191142463
sign_shuffle_null,immune,seed43,target_disjoint,7,17,0.005570910877710111
sign_shuffle_null,immune,seed43,target_disjoint,7,18,-0.015622504760149925
sign_shuffle_null,immune,seed43,target_disjoint,7,19,-0.024052576623057598
sign_shuffle_null,immune,seed43,target_disjoint,7,20,0.021730851913272953
sign_shuffle_null,immune,seed43,target_disjoint,7,21,-0.012284257723727099
sign_shuffle_null,immune,seed43,target_disjoint,7,22,0.00623118973036052
sign_shuffle_null,immune,seed43,target_disjoint,7,23,-0.015346108961366012
sign_shuffle_null,immune,seed43,target_disjoint,7,24,0.006203550150482129
sign_shuffle_null,immune,seed43,target_disjoint,7,25,-0.011636263128800395
sign_shuffle_null,immune,seed43,target_disjoint,7,26,-0.008623548922056412
sign_shuffle_null,immune,seed43,target_disjoint,7,27,-0.02198882132547153
sign_shuffle_null,immune,seed43,target_disjoint,7,28,-0.012425526687550037
sign_shuffle_null,immune,seed43,target_disjoint,7,29,0.0058227381610465034
sign_shuffle_null,immune,seed43,target_disjoint,7,30,-0.007757508752533782
sign_shuffle_null,immune,seed43,target_disjoint,7,31,-0.028990848227995858
sign_shuffle_null,immune,seed43,target_disjoint,7,32,-0.01009765984890365
sign_shuffle_null,immune,seed43,target_disjoint,7,33,-0.0010011670044838272
sign_shuffle_null,immune,seed43,target_disjoint,7,34,0.01748664086972551
sign_shuffle_null,immune,seed43,target_disjoint,7,35,-0.02258153676064123
sign_shuffle_null,immune,seed43,target_disjoint,7,36,-0.004597383453104786
sign_shuffle_null,immune,seed43,target_disjoint,7,37,0.011071187273508976
sign_shuffle_null,immune,seed43,target_disjoint,7,38,-0.0031846938148761827
sign_shuffle_null,immune,seed43,target_disjoint,7,39,0.0035194398378477487
sign_shuffle_null,immune,seed43,target_disjoint,7,40,0.005930225416129198
sign_shuffle_null,immune,seed43,target_disjoint,7,41,-0.004274921687857147
sign_shuffle_null,immune,seed43,target_disjoint,7,42,-0.022646029113690902
sign_shuffle_null,immune,seed43,target_disjoint,7,43,-0.027765493520054196
sign_shuffle_null,immune,seed43,target_disjoint,7,44,0.01854615809839677
sign_shuffle_null,immune,seed43,target_disjoint,7,45,0.009541797186904954
sign_shuffle_null,immune,seed43,target_disjoint,7,46,-0.003924820342730784
sign_shuffle_null,immune,seed43,target_disjoint,7,47,-0.015794484368282014
sign_shuffle_null,immune,seed43,target_disjoint,7,48,0.0037774092500459933
sign_shuffle_null,immune,seed43,target_disjoint,7,49,-0.005850377740925117
sign_shuffle_null,immune,seed43,target_disjoint,7,50,0.004225784656961995
sign_shuffle_null,immune,seed43,target_disjoint,7,51,-0.007358270376512488
sign_shuffle_null,immune,seed43,target_disjoint,7,52,-0.00925618819482843
sign_shuffle_null,immune,seed43,target_disjoint,7,53,-0.007720655979362445
sign_shuffle_null,immune,seed43,target_disjoint,7,54,0.009667710828573206
sign_shuffle_null,immune,seed43,target_disjoint,7,55,0.01615686997113197
sign_shuffle_null,immune,seed43,target_disjoint,7,56,-0.010367913518825711
sign_shuffle_null,immune,seed43,target_disjoint,7,57,0.0053252257232356826
sign_shuffle_null,immune,seed43,target_disjoint,7,58,-0.019734660033167595
sign_shuffle_null,immune,seed43,target_disjoint,7,59,0.011028192371475898
sign_shuffle_null,immune,seed43,target_disjoint,7,60,-0.012007861924943186
sign_shuffle_null,immune,seed43,target_disjoint,7,61,-0.022384988637061565
sign_shuffle_null,immune,seed43,target_disjoint,7,62,0.018930041152263377
sign_shuffle_null,immune,seed43,target_disjoint,7,63,0.002383145998403058
sign_shuffle_null,immune,seed43,target_disjoint,11,0,0.004692586450463776
sign_shuffle_null,immune,seed43,target_disjoint,11,1,0.009707634666175302
sign_shuffle_null,immune,seed43,target_disjoint,11,2,-0.004072231435415463
sign_shuffle_null,immune,seed43,target_disjoint,11,3,-0.0021620293593759277
sign_shuffle_null,immune,seed43,target_disjoint,11,4,0.012800196548123699
sign_shuffle_null,immune,seed43,target_disjoint,11,5,0.004760149867944263
sign_shuffle_null,immune,seed43,target_disjoint,11,6,-0.00041766476260662877
sign_shuffle_null,immune,seed43,target_disjoint,11,7,0.00023954302561268737
sign_shuffle_null,immune,seed43,target_disjoint,11,8,0.00964928444198776
sign_shuffle_null,immune,seed43,target_disjoint,11,9,-0.010079233462317982
sign_shuffle_null,immune,seed43,target_disjoint,11,10,0.021973466003316844
sign_shuffle_null,immune,seed43,target_disjoint,11,11,0.014661261593268304
sign_shuffle_null,immune,seed43,target_disjoint,11,12,0.0068669000675635194
sign_shuffle_null,immune,seed43,target_disjoint,11,13,-0.008786315336895667
sign_shuffle_null,immune,seed43,target_disjoint,11,14,-0.007217001412689661
sign_shuffle_null,immune,seed43,target_disjoint,11,15,0.003841901603095721
sign_shuffle_null,immune,seed43,target_disjoint,11,16,0.0307352128247651
sign_shuffle_null,immune,seed43,target_disjoint,11,17,0.02260303421165788
sign_shuffle_null,immune,seed43,target_disjoint,11,18,-0.02096308580554007
sign_shuffle_null,immune,seed43,target_disjoint,11,19,0.014326515570296738
sign_shuffle_null,immune,seed43,target_disjoint,11,20,0.00923469074381189
sign_shuffle_null,immune,seed43,target_disjoint,11,21,0.010042380689146757
sign_shuffle_null,immune,seed43,target_disjoint,11,22,-0.0011117253239971703
sign_shuffle_null,immune,seed43,target_disjoint,11,23,0.0049812665069713935
sign_shuffle_null,immune,seed43,target_disjoint,11,24,-0.005570910877710333
sign_shuffle_null,immune,seed43,target_disjoint,11,25,0.018484736809778246
sign_shuffle_null,immune,seed43,target_disjoint,11,26,0.014612124562373374
sign_shuffle_null,immune,seed43,target_disjoint,11,27,0.006771697070204641
sign_shuffle_null,immune,seed43,target_disjoint,11,28,0.014311160248142052
sign_shuffle_null,immune,seed43,target_disjoint,11,29,0.0009735274246053249
sign_shuffle_null,immune,seed43,target_disjoint,11,30,-0.01491001781217377
sign_shuffle_null,immune,seed43,target_disjoint,11,31,-0.010119157299920079
sign_shuffle_null,immune,seed43,target_disjoint,11,32,0.010843928505620215
sign_shuffle_null,immune,seed43,target_disjoint,11,33,0.00770530065720787
sign_shuffle_null,immune,seed43,target_disjoint,11,34,0.01349118604508348
sign_shuffle_null,immune,seed43,target_disjoint,11,35,-0.0018180701431117496
sign_shuffle_null,immune,seed43,target_disjoint,11,36,-0.003120201461826677
sign_shuffle_null,immune,seed43,target_disjoint,11,37,0.018969964989865473
sign_shuffle_null,immune,seed43,target_disjoint,11,38,0.008251950125913732
sign_shuffle_null,immune,seed43,target_disjoint,11,39,-0.009544868251335825
sign_shuffle_null,immune,seed43,target_disjoint,11,40,-0.0057521036791352564
sign_shuffle_null,immune,seed43,target_disjoint,11,41,-0.007296849087893853
sign_shuffle_null,immune,seed43,target_disjoint,11,42,-0.010754867637123078
sign_shuffle_null,immune,seed43,target_disjoint,11,43,0.0007769793010258264
sign_shuffle_null,immune,seed43,target_disjoint,11,44,0.01610466187580606
sign_shuffle_null,immune,seed43,target_disjoint,11,45,0.01137522265217139
sign_shuffle_null,immune,seed43,target_disjoint,11,46,-0.0007431975922854717
sign_shuffle_null,immune,seed43,target_disjoint,11,47,-0.0010902278729807424
sign_shuffle_null,immune,seed43,target_disjoint,11,48,0.0077175849149316855
sign_shuffle_null,immune,seed43,target_disjoint,11,49,0.003921749278299802
sign_shuffle_null,immune,seed43,target_disjoint,11,50,0.02718199127817711
sign_shuffle_null,immune,seed43,target_disjoint,11,51,-0.0029451507892636064
sign_shuffle_null,immune,seed43,target_disjoint,11,52,0.004422332780541827
sign_shuffle_null,immune,seed43,target_disjoint,11,53,0.0012284257723726988
sign_shuffle_null,immune,seed43,target_disjoint,11,54,-0.007385909956390879
sign_shuffle_null,immune,seed43,target_disjoint,11,55,0.012450095202997447
sign_shuffle_null,immune,seed43,target_disjoint,11,56,0.008387076960874706
sign_shuffle_null,immune,seed43,target_disjoint,11,57,0.0015140347644493346
sign_shuffle_null,immune,seed43,target_disjoint,11,58,0.013374485596707841
sign_shuffle_null,immune,seed43,target_disjoint,11,59,-0.014661261593268193
sign_shuffle_null,immune,seed43,target_disjoint,11,60,0.023287881579755476
sign_shuffle_null,immune,seed43,target_disjoint,11,61,-0.003120201461826566
sign_shuffle_null,immune,seed43,target_disjoint,11,62,0.02041336527240345
sign_shuffle_null,immune,seed43,target_disjoint,11,63,0.0008199742030587931
sign_shuffle_null,immune,seed44,source_disjoint,7,0,-0.04542179439144589
sign_shuffle_null,immune,seed44,source_disjoint,7,1,-0.029491022278583023
sign_shuffle_null,immune,seed44,source_disjoint,7,2,-0.06453367726316395
sign_shuffle_null,immune,seed44,source_disjoint,7,3,-0.05527855434187384
sign_shuffle_null,immune,seed44,source_disjoint,7,4,-0.057890451624059536
sign_shuffle_null,immune,seed44,source_disjoint,7,5,-0.012079574602991583
sign_shuffle_null,immune,seed44,source_disjoint,7,6,-0.047086203418162775
sign_shuffle_null,immune,seed44,source_disjoint,7,7,-0.035460558549730514
sign_shuffle_null,immune,seed44,source_disjoint,7,8,-0.03106536588177633
sign_shuffle_null,immune,seed44,source_disjoint,7,9,-0.02435008790385329
sign_shuffle_null,immune,seed44,source_disjoint,7,10,-0.051989365074790184
sign_shuffle_null,immune,seed44,source_disjoint,7,11,-0.0245194109000777
sign_shuffle_null,immune,seed44,source_disjoint,7,12,-0.005421938496123491
sign_shuffle_null,immune,seed44,source_disjoint,7,13,-0.005191371011902923
sign_shuffle_null,immune,seed44,source_disjoint,7,14,-0.0474140415597889
sign_shuffle_null,immune,seed44,source_disjoint,7,15,-0.0071115658414271365
sign_shuffle_null,immune,seed44,source_disjoint,7,16,-0.0104223708101564
sign_shuffle_null,immune,seed44,source_disjoint,7,17,-0.030139493327953293
sign_shuffle_null,immune,seed44,source_disjoint,7,18,-0.05904328904516226
sign_shuffle_null,immune,seed44,source_disjoint,7,19,-0.02875248580568912
sign_shuffle_null,immune,seed44,source_disjoint,7,20,-0.03294232930800922
sign_shuffle_null,immune,seed44,source_disjoint,7,21,-0.04162823875262983
sign_shuffle_null,immune,seed44,source_disjoint,7,22,-0.023672795918955436
sign_shuffle_null,immune,seed44,source_disjoint,7,23,-0.00596953627114738
sign_shuffle_null,immune,seed44,source_disjoint,7,24,-0.02219572297316763
sign_shuffle_null,immune,seed44,source_disjoint,7,25,-0.041577802115456586
sign_shuffle_null,immune,seed44,source_disjoint,7,26,-0.02005576851024571
sign_shuffle_null,immune,seed44,source_disjoint,7,27,-0.03970804392310573
sign_shuffle_null,immune,seed44,source_disjoint,7,28,-0.0506924229760497
sign_shuffle_null,immune,seed44,source_disjoint,7,29,-0.032650517335792495
sign_shuffle_null,immune,seed44,source_disjoint,7,30,-0.05103106896849863
sign_shuffle_null,immune,seed44,source_disjoint,7,31,-0.08153802922442849
sign_shuffle_null,immune,seed44,source_disjoint,7,32,-0.035298440787387975
sign_shuffle_null,immune,seed44,source_disjoint,7,33,-0.016784592327866887
sign_shuffle_null,immune,seed44,source_disjoint,7,34,-0.046949303974406886
sign_shuffle_null,immune,seed44,source_disjoint,7,35,-0.01810675274519402
sign_shuffle_null,immune,seed44,source_disjoint,7,36,-0.0420533475516614
sign_shuffle_null,immune,seed44,source_disjoint,7,37,-0.015894745943453303
sign_shuffle_null,immune,seed44,source_disjoint,7,38,-0.05451119693345241
sign_shuffle_null,immune,seed44,source_disjoint,7,39,-0.032326281811107416
sign_shuffle_null,immune,seed44,source_disjoint,7,40,-0.04939548087730922
sign_shuffle_null,immune,seed44,source_disjoint,7,41,-0.04172911202697632
sign_shuffle_null,immune,seed44,source_disjoint,7,42,-0.018838083984205944
sign_shuffle_null,immune,seed44,source_disjoint,7,43,-0.030341239876646164
sign_shuffle_null,immune,seed44,source_disjoint,7,44,-0.024310459117502736
sign_shuffle_null,immune,seed44,source_disjoint,7,45,-0.06151108164971025
sign_shuffle_null,immune,seed44,source_disjoint,7,46,-0.03574876790500614
sign_shuffle_null,immune,seed44,source_disjoint,7,47,-0.010458396979565854
sign_shuffle_null,immune,seed44,source_disjoint,7,48,-0.07478672507709588
sign_shuffle_null,immune,seed44,source_disjoint,7,49,-0.004762659595930363
sign_shuffle_null,immune,seed44,source_disjoint,7,50,-0.028514713087586685
sign_shuffle_null,immune,seed44,source_disjoint,7,51,-0.022811770470069437
sign_shuffle_null,immune,seed44,source_disjoint,7,52,-0.02455903968642814
sign_shuffle_null,immune,seed44,source_disjoint,7,53,-0.029303686197653778
sign_shuffle_null,immune,seed44,source_disjoint,7,54,-0.06566850159956183
sign_shuffle_null,immune,seed44,source_disjoint,7,55,-0.03623151857509277
sign_shuffle_null,immune,seed44,source_disjoint,7,56,-0.036343199700262174
sign_shuffle_null,immune,seed44,source_disjoint,7,57,-0.017818543389918173
sign_shuffle_null,immune,seed44,source_disjoint,7,58,-0.019807187941320525
sign_shuffle_null,immune,seed44,source_disjoint,7,59,-0.04845519785572233
sign_shuffle_null,immune,seed44,source_disjoint,7,60,-0.02333414992650651
sign_shuffle_null,immune,seed44,source_disjoint,7,61,-0.02939735423811851
sign_shuffle_null,immune,seed44,source_disjoint,7,62,-0.05652866242038196
sign_shuffle_null,immune,seed44,source_disjoint,7,63,-0.045454217943914355
sign_shuffle_null,immune,seed44,source_disjoint,11,0,-0.05961970775571346
sign_shuffle_null,immune,seed44,source_disjoint,11,1,-0.028251722050897654
sign_shuffle_null,immune,seed44,source_disjoint,11,2,-0.04348718909415772
sign_shuffle_null,immune,seed44,source_disjoint,11,3,-0.044636423898319566
sign_shuffle_null,immune,seed44,source_disjoint,11,4,-0.02665936536299951
sign_shuffle_null,immune,seed44,source_disjoint,11,5,-0.018200420785658644
sign_shuffle_null,immune,seed44,source_disjoint,11,6,-0.044218520333169975
sign_shuffle_null,immune,seed44,source_disjoint,11,7,-0.011531976827967583
sign_shuffle_null,immune,seed44,source_disjoint,11,8,-0.016413522782949386
sign_shuffle_null,immune,seed44,source_disjoint,11,9,-0.03176067095137891
sign_shuffle_null,immune,seed44,source_disjoint,11,10,-0.017213303743839448
sign_shuffle_null,immune,seed44,source_disjoint,11,11,-0.02919921030636652
sign_shuffle_null,immune,seed44,source_disjoint,11,12,-0.05142015159812069
sign_shuffle_null,immune,seed44,source_disjoint,11,13,-0.03247038648874523
sign_shuffle_null,immune,seed44,source_disjoint,11,14,-0.05776796264806733
sign_shuffle_null,immune,seed44,source_disjoint,11,15,-0.04862452085194674
sign_shuffle_null,immune,seed44,source_disjoint,11,16,-0.02187869268236431
sign_shuffle_null,immune,seed44,source_disjoint,11,17,-0.006066806928552659
sign_shuffle_null,immune,seed44,source_disjoint,11,18,-0.008786782718966824
sign_shuffle_null,immune,seed44,source_disjoint,11,19,-0.034797677032596286
sign_shuffle_null,immune,seed44,source_disjoint,11,20,-0.02988010490820514
sign_shuffle_null,immune,seed44,source_disjoint,11,21,-0.01912629333948157
sign_shuffle_null,immune,seed44,source_disjoint,11,22,-0.06189295904545039
sign_shuffle_null,immune,seed44,source_disjoint,11,23,-0.061842522408277145
sign_shuffle_null,immune,seed44,source_disjoint,11,24,-0.06610802086635714
sign_shuffle_null,immune,seed44,source_disjoint,11,25,-0.03701688906821887
sign_shuffle_null,immune,seed44,source_disjoint,11,26,-0.02773654782834234
sign_shuffle_null,immune,seed44,source_disjoint,11,27,-0.032866674352249436
sign_shuffle_null,immune,seed44,source_disjoint,11,28,-0.02806078335302742
sign_shuffle_null,immune,seed44,source_disjoint,11,29,-0.02374484825777423
sign_shuffle_null,immune,seed44,source_disjoint,11,30,-0.03569472865089185
sign_shuffle_null,immune,seed44,source_disjoint,11,31,-0.02747355679165331
sign_shuffle_null,immune,seed44,source_disjoint,11,32,-0.030564602126984863
sign_shuffle_null,immune,seed44,source_disjoint,11,33,-0.05501916592212558
sign_shuffle_null,immune,seed44,source_disjoint,11,34,-0.019115485488658823
sign_shuffle_null,immune,seed44,source_disjoint,11,35,-0.03613424791768716
sign_shuffle_null,immune,seed44,source_disjoint,11,36,-0.06150747903276921
sign_shuffle_null,immune,seed44,source_disjoint,11,37,-0.05066720465746305
sign_shuffle_null,immune,seed44,source_disjoint,11,38,-0.03430772112862768
sign_shuffle_null,immune,seed44,source_disjoint,11,39,-0.041595815200161146
sign_shuffle_null,immune,seed44,source_disjoint,11,40,-0.044366227627748556
sign_shuffle_null,immune,seed44,source_disjoint,11,41,-0.028622791595815045
sign_shuffle_null,immune,seed44,source_disjoint,11,42,-0.077308556935758
sign_shuffle_null,immune,seed44,source_disjoint,11,43,-0.03744920310113253
sign_shuffle_null,immune,seed44,source_disjoint,11,44,-0.0392685246563102
sign_shuffle_null,immune,seed44,source_disjoint,11,45,-0.037921145920396415
sign_shuffle_null,immune,seed44,source_disjoint,11,46,-0.006351413666887407
sign_shuffle_null,immune,seed44,source_disjoint,11,47,-0.02569746663976702
sign_shuffle_null,immune,seed44,source_disjoint,11,48,-0.03358719774043861
sign_shuffle_null,immune,seed44,source_disjoint,11,49,-0.03702409430210085
sign_shuffle_null,immune,seed44,source_disjoint,11,50,-0.06932876041156283
sign_shuffle_null,immune,seed44,source_disjoint,11,51,0.0031991238435600255
sign_shuffle_null,immune,seed44,source_disjoint,11,52,-0.016687321670461275
sign_shuffle_null,immune,seed44,source_disjoint,11,53,-0.034268092342277234
sign_shuffle_null,immune,seed44,source_disjoint,11,54,-0.012281321151684343
sign_shuffle_null,immune,seed44,source_disjoint,11,55,-0.01134103813009757
sign_shuffle_null,immune,seed44,source_disjoint,11,56,-0.02881012767674418
sign_shuffle_null,immune,seed44,source_disjoint,11,57,-0.045021903911000805
sign_shuffle_null,immune,seed44,source_disjoint,11,58,-0.0291271579675475
sign_shuffle_null,immune,seed44,source_disjoint,11,59,-0.031411217108107126
sign_shuffle_null,immune,seed44,source_disjoint,11,60,-0.02128065827016723
sign_shuffle_null,immune,seed44,source_disjoint,11,61,-0.04294679655301603
sign_shuffle_null,immune,seed44,source_disjoint,11,62,-0.015066144047035657
sign_shuffle_null,immune,seed44,source_disjoint,11,63,-0.04011513963743252
sign_shuffle_null,immune,seed44,target_disjoint,7,0,-0.021669056528987263
sign_shuffle_null,immune,seed44,target_disjoint,7,1,-0.021500017486797418
sign_shuffle_null,immune,seed44,target_disjoint,7,2,-0.013403630259154364
sign_shuffle_null,immune,seed44,target_disjoint,7,3,-0.026783944788351444
sign_shuffle_null,immune,seed44,target_disjoint,7,4,-0.019862087457303
sign_shuffle_null,immune,seed44,target_disjoint,7,5,-0.019069352638757753
sign_shuffle_null,immune,seed44,target_disjoint,7,6,-0.03019387029459425
sign_shuffle_null,immune,seed44,target_disjoint,7,7,-0.02194593082222912
sign_shuffle_null,immune,seed44,target_disjoint,7,8,-0.00865013581412688
sign_shuffle_null,immune,seed44,target_disjoint,7,9,-0.02334196015341744
sign_shuffle_null,immune,seed44,target_disjoint,7,10,-0.013805826600916227
sign_shuffle_null,immune,seed44,target_disjoint,7,11,-0.027728231851618657
sign_shuffle_null,immune,seed44,target_disjoint,7,12,-0.030835052868417534
sign_shuffle_null,immune,seed44,target_disjoint,7,13,-0.028847386889564952
sign_shuffle_null,immune,seed44,target_disjoint,7,14,-0.03459471432401867
sign_shuffle_null,immune,seed44,target_disjoint,7,15,-0.035527343522307187
sign_shuffle_null,immune,seed44,target_disjoint,7,16,-0.012421455134706494
sign_shuffle_null,immune,seed44,target_disjoint,7,17,-0.04083458655381844
sign_shuffle_null,immune,seed44,target_disjoint,7,18,-0.013919490784457644
sign_shuffle_null,immune,seed44,target_disjoint,7,19,-0.04544818661910255
sign_shuffle_null,immune,seed44,target_disjoint,7,20,-0.026294314459249957
sign_shuffle_null,immune,seed44,target_disjoint,7,21,-0.027725317385374038
sign_shuffle_null,immune,seed44,target_disjoint,7,22,-0.015545762948973474
sign_shuffle_null,immune,seed44,target_disjoint,7,23,-0.024219214493057695
sign_shuffle_null,immune,seed44,target_disjoint,7,24,-0.018979004185173398
sign_shuffle_null,immune,seed44,target_disjoint,7,25,-0.0317123072080579
sign_shuffle_null,immune,seed44,target_disjoint,7,26,-0.022537567469893494
sign_shuffle_null,immune,seed44,target_disjoint,7,27,-0.05454423576866124
sign_shuffle_null,immune,seed44,target_disjoint,7,28,-0.014898751442660618
sign_shuffle_null,immune,seed44,target_disjoint,7,29,-0.022184917054290654
sign_shuffle_null,immune,seed44,target_disjoint,7,30,-0.013934063115681017
sign_shuffle_null,immune,seed44,target_disjoint,7,31,-0.02442905606267265
sign_shuffle_null,immune,seed44,target_disjoint,7,32,-0.0031330512130006705
sign_shuffle_null,immune,seed44,target_disjoint,7,33,-0.01185604868324408
sign_shuffle_null,immune,seed44,target_disjoint,7,34,-0.01041921682463065
sign_shuffle_null,immune,seed44,target_disjoint,7,35,-0.042012030916657894
sign_shuffle_null,immune,seed44,target_disjoint,7,36,-0.01266918476550194
sign_shuffle_null,immune,seed44,target_disjoint,7,37,-0.042469602117068184
sign_shuffle_null,immune,seed44,target_disjoint,7,38,-0.021121136874992674
sign_shuffle_null,immune,seed44,target_disjoint,7,39,-0.02972755569544988
sign_shuffle_null,immune,seed44,target_disjoint,7,40,-0.02879784096340593
sign_shuffle_null,immune,seed44,target_disjoint,7,41,-0.027643712330523762
sign_shuffle_null,immune,seed44,target_disjoint,7,42,-0.02109199221254604
sign_shuffle_null,immune,seed44,target_disjoint,7,43,-0.027719488452884633
sign_shuffle_null,immune,seed44,target_disjoint,7,44,-0.034996910665780534
sign_shuffle_null,immune,seed44,target_disjoint,7,45,-0.022345212697746475
sign_shuffle_null,immune,seed44,target_disjoint,7,46,-0.04783222000722781
sign_shuffle_null,immune,seed44,target_disjoint,7,47,-0.026428379906503874
sign_shuffle_null,immune,seed44,target_disjoint,7,48,-0.007367770666480089
sign_shuffle_null,immune,seed44,target_disjoint,7,49,-0.01073689364529773
sign_shuffle_null,immune,seed44,target_disjoint,7,50,-0.03294512642954561
sign_shuffle_null,immune,seed44,target_disjoint,7,51,-0.05140244115692638
sign_shuffle_null,immune,seed44,target_disjoint,7,52,-0.031601557490761156
sign_shuffle_null,immune,seed44,target_disjoint,7,53,-0.02979458841907695
sign_shuffle_null,immune,seed44,target_disjoint,7,54,-0.04059560032175702
sign_shuffle_null,immune,seed44,target_disjoint,7,55,-0.022272351041630167
sign_shuffle_null,immune,seed44,target_disjoint,7,56,-0.02328367082852434
sign_shuffle_null,immune,seed44,target_disjoint,7,57,-0.029173807108966
sign_shuffle_null,immune,seed44,target_disjoint,7,58,-0.017148719383531907
sign_shuffle_null,immune,seed44,target_disjoint,7,59,-0.0234264796745125
sign_shuffle_null,immune,seed44,target_disjoint,7,60,-0.009265088191748427
sign_shuffle_null,immune,seed44,target_disjoint,7,61,-0.034262465172128276
sign_shuffle_null,immune,seed44,target_disjoint,7,62,-0.04224810268247464
sign_shuffle_null,immune,seed44,target_disjoint,7,63,-0.03014432436843506
sign_shuffle_null,immune,seed44,target_disjoint,11,0,-0.02612236095081555
sign_shuffle_null,immune,seed44,target_disjoint,11,1,-0.0232778418960351
sign_shuffle_null,immune,seed44,target_disjoint,11,2,-0.04961878781519957
sign_shuffle_null,immune,seed44,target_disjoint,11,3,-0.028267408106879277
sign_shuffle_null,immune,seed44,target_disjoint,11,4,-0.011185721446974273
sign_shuffle_null,immune,seed44,target_disjoint,11,5,-0.04531995010433787
sign_shuffle_null,immune,seed44,target_disjoint,11,6,-0.03609274997376982
sign_shuffle_null,immune,seed44,target_disjoint,11,7,-0.002867834784737733
sign_shuffle_null,immune,seed44,target_disjoint,11,8,-0.005546229263572733
sign_shuffle_null,immune,seed44,target_disjoint,11,9,-0.024038517585889374
sign_shuffle_null,immune,seed44,target_disjoint,11,10,-0.03344932908987053
sign_shuffle_null,immune,seed44,target_disjoint,11,11,-0.008647221347882317
sign_shuffle_null,immune,seed44,target_disjoint,11,12,-0.022805698364401605
sign_shuffle_null,immune,seed44,target_disjoint,11,13,0.002261625805849765
sign_shuffle_null,immune,seed44,target_disjoint,11,14,-0.03501731192949331
sign_shuffle_null,immune,seed44,target_disjoint,11,15,-0.011051655999720245
sign_shuffle_null,immune,seed44,target_disjoint,11,16,-0.023257440632322712
sign_shuffle_null,immune,seed44,target_disjoint,11,17,-0.01920341808601178
sign_shuffle_null,immune,seed44,target_disjoint,11,18,-0.003803378449270922
sign_shuffle_null,immune,seed44,target_disjoint,11,19,-0.01752177106284769
sign_shuffle_null,immune,seed44,target_disjoint,11,20,-0.03314622460042682
sign_shuffle_null,immune,seed44,target_disjoint,11,21,-0.02167779992772123
sign_shuffle_null,immune,seed44,target_disjoint,11,22,-0.017993914594481297
sign_shuffle_null,immune,seed44,target_disjoint,11,23,-0.017478054069177795
sign_shuffle_null,immune,seed44,target_disjoint,11,24,-0.01073689364529784
sign_shuffle_null,immune,seed44,target_disjoint,11,25,-0.02652747175882214
sign_shuffle_null,immune,seed44,target_disjoint,11,26,-0.02128434698469328
sign_shuffle_null,immune,seed44,target_disjoint,11,27,-0.02517515942130366
sign_shuffle_null,immune,seed44,target_disjoint,11,28,-0.014449923640984519
sign_shuffle_null,immune,seed44,target_disjoint,11,29,-0.02643129437274866
sign_shuffle_null,immune,seed44,target_disjoint,11,30,-0.056832091770713244
sign_shuffle_null,immune,seed44,target_disjoint,11,31,-0.02587171685377543
sign_shuffle_null,immune,seed44,target_disjoint,11,32,-0.023653808041595337
sign_shuffle_null,immune,seed44,target_disjoint,11,33,-0.017821961086046834
sign_shuffle_null,immune,seed44,target_disjoint,11,34,0.000504202660324693
sign_shuffle_null,immune,seed44,target_disjoint,11,35,-0.028115855862157424
sign_shuffle_null,immune,seed44,target_disjoint,11,36,-0.035206752235395766
sign_shuffle_null,immune,seed44,target_disjoint,11,37,-0.015166882337168897
sign_shuffle_null,immune,seed44,target_disjoint,11,38,-0.04809160750300201
sign_shuffle_null,immune,seed44,target_disjoint,11,39,0.0007082152974503542
sign_shuffle_null,immune,seed44,target_disjoint,11,40,-0.043384744517889096
sign_shuffle_null,immune,seed44,target_disjoint,11,41,-0.02157579360915851
sign_shuffle_null,immune,seed44,target_disjoint,11,42,-0.026970470628009224
sign_shuffle_null,immune,seed44,target_disjoint,11,43,-0.024609752969841137
sign_shuffle_null,immune,seed44,target_disjoint,11,44,-0.006735331491390828
sign_shuffle_null,immune,seed44,target_disjoint,11,45,-0.028322782965527815
sign_shuffle_null,immune,seed44,target_disjoint,11,46,-0.02158162254164786
sign_shuffle_null,immune,seed44,target_disjoint,11,47,-0.017233238904627135
sign_shuffle_null,immune,seed44,target_disjoint,11,48,-0.001570897305867458
sign_shuffle_null,immune,seed44,target_disjoint,11,49,-0.023502255796873373
sign_shuffle_null,immune,seed44,target_disjoint,11,50,-0.01683687149535451
sign_shuffle_null,immune,seed44,target_disjoint,11,51,-0.007286165611629869
sign_shuffle_null,immune,seed44,target_disjoint,11,52,-0.01063488732673501
sign_shuffle_null,immune,seed44,target_disjoint,11,53,0.002456895044241403
sign_shuffle_null,immune,seed44,target_disjoint,11,54,-0.021266860187225345
sign_shuffle_null,immune,seed44,target_disjoint,11,55,0.002590960491495542
sign_shuffle_null,immune,seed44,target_disjoint,11,56,-0.006545891185488317
sign_shuffle_null,immune,seed44,target_disjoint,11,57,-0.016475477681017647
sign_shuffle_null,immune,seed44,target_disjoint,11,58,-0.0008393662784598188
sign_shuffle_null,immune,seed44,target_disjoint,11,59,-0.024624325301064398
sign_shuffle_null,immune,seed44,target_disjoint,11,60,-0.008355774723417309
sign_shuffle_null,immune,seed44,target_disjoint,11,61,-0.01669406264936646
sign_shuffle_null,immune,seed44,target_disjoint,11,62,-0.03186968838526916
sign_shuffle_null,immune,seed44,target_disjoint,11,63,-0.01885076767040894
sign_shuffle_null,lung,seed42_main,source_disjoint,7,0,-0.012219309244272225
sign_shuffle_null,lung,seed42_main,source_disjoint,7,1,-0.021492077966488055
sign_shuffle_null,lung,seed42_main,source_disjoint,7,2,0.005904479653482286
sign_shuffle_null,lung,seed42_main,source_disjoint,7,3,-0.023139177020403412
sign_shuffle_null,lung,seed42_main,source_disjoint,7,4,-0.022175994528667475
sign_shuffle_null,lung,seed42_main,source_disjoint,7,5,-0.005961472700330539
sign_shuffle_null,lung,seed42_main,source_disjoint,7,6,-0.007238116949732087
sign_shuffle_null,lung,seed42_main,source_disjoint,7,7,-0.0005129374216346072
sign_shuffle_null,lung,seed42_main,source_disjoint,7,8,-0.018465747178844194
sign_shuffle_null,lung,seed42_main,source_disjoint,7,9,-0.014709905391542155
sign_shuffle_null,lung,seed42_main,source_disjoint,7,10,-0.016966830046734216
sign_shuffle_null,lung,seed42_main,source_disjoint,7,11,0.005368745013108578
sign_shuffle_null,lung,seed42_main,source_disjoint,7,12,-0.006411717770431924
sign_shuffle_null,lung,seed42_main,source_disjoint,7,13,8.548957027243453e-05
sign_shuffle_null,lung,seed42_main,source_disjoint,7,14,-0.015410919867775985
sign_shuffle_null,lung,seed42_main,source_disjoint,7,15,-0.00716402598882937
sign_shuffle_null,lung,seed42_main,source_disjoint,7,16,0.004662031232189667
sign_shuffle_null,lung,seed42_main,source_disjoint,7,17,-0.027430753448079215
sign_shuffle_null,lung,seed42_main,source_disjoint,7,18,-0.006326228200159489
sign_shuffle_null,lung,seed42_main,source_disjoint,7,19,-0.02148067935711845
sign_shuffle_null,lung,seed42_main,source_disjoint,7,20,-0.008343782058588767
sign_shuffle_null,lung,seed42_main,source_disjoint,7,21,0.01135301493217833
sign_shuffle_null,lung,seed42_main,source_disjoint,7,22,-0.0007637068277670522
sign_shuffle_null,lung,seed42_main,source_disjoint,7,23,0.0055967172005017
sign_shuffle_null,lung,seed42_main,source_disjoint,7,24,-0.013387666704661905
sign_shuffle_null,lung,seed42_main,source_disjoint,7,25,-0.008680041034993646
sign_shuffle_null,lung,seed42_main,source_disjoint,7,26,-0.007973327254075069
sign_shuffle_null,lung,seed42_main,source_disjoint,7,27,-0.01388920551692685
sign_shuffle_null,lung,seed42_main,source_disjoint,7,28,-0.021389490482161155
sign_shuffle_null,lung,seed42_main,source_disjoint,7,29,-0.0034138835062121897
sign_shuffle_null,lung,seed42_main,source_disjoint,7,30,-0.023321554770317943
sign_shuffle_null,lung,seed42_main,source_disjoint,7,31,-0.014487632508833836
sign_shuffle_null,lung,seed42_main,source_disjoint,7,32,0.0013336372962500231
sign_shuffle_null,lung,seed42_main,source_disjoint,7,33,-0.024444317793229198
sign_shuffle_null,lung,seed42_main,source_disjoint,7,34,-0.01823777499145096
sign_shuffle_null,lung,seed42_main,source_disjoint,7,35,0.007728257152627593
sign_shuffle_null,lung,seed42_main,source_disjoint,7,36,-0.009466545081500022
sign_shuffle_null,lung,seed42_main,source_disjoint,7,37,-0.008913712527071627
sign_shuffle_null,lung,seed42_main,source_disjoint,7,38,-0.0022797218739313285
sign_shuffle_null,lung,seed42_main,source_disjoint,7,39,-0.014504730422888412
sign_shuffle_null,lung,seed42_main,source_disjoint,7,40,-0.0025304912800637736
sign_shuffle_null,lung,seed42_main,source_disjoint,7,41,-0.018688020061552346
sign_shuffle_null,lung,seed42_main,source_disjoint,7,42,0.005676507466089276
sign_shuffle_null,lung,seed42_main,source_disjoint,7,43,0.012464379345719867
sign_shuffle_null,lung,seed42_main,source_disjoint,7,44,-0.010150461643679498
sign_shuffle_null,lung,seed42_main,source_disjoint,7,45,-0.024655192066567744
sign_shuffle_null,lung,seed42_main,source_disjoint,7,46,-0.017075116835745918
sign_shuffle_null,lung,seed42_main,source_disjoint,7,47,-0.005528325544283508
sign_shuffle_null,lung,seed42_main,source_disjoint,7,48,-0.012253505072381154
sign_shuffle_null,lung,seed42_main,source_disjoint,7,49,-0.02839963524450012
sign_shuffle_null,lung,seed42_main,source_disjoint,7,50,0.00041604924199256654
sign_shuffle_null,lung,seed42_main,source_disjoint,7,51,-0.019577111592385676
sign_shuffle_null,lung,seed42_main,source_disjoint,7,52,-0.012948820243930181
sign_shuffle_null,lung,seed42_main,source_disjoint,7,53,-0.01770773965576189
sign_shuffle_null,lung,seed42_main,source_disjoint,7,54,-0.019075572780120786
sign_shuffle_null,lung,seed42_main,source_disjoint,7,55,-0.03108400775105441
sign_shuffle_null,lung,seed42_main,source_disjoint,7,56,-0.026108514761199075
sign_shuffle_null,lung,seed42_main,source_disjoint,7,57,-0.008685740339678505
sign_shuffle_null,lung,seed42_main,source_disjoint,7,58,-0.0070956343326114
sign_shuffle_null,lung,seed42_main,source_disjoint,7,59,-0.011643679471104507
sign_shuffle_null,lung,seed42_main,source_disjoint,7,60,-0.020511797560697487
sign_shuffle_null,lung,seed42_main,source_disjoint,7,61,0.0018009802804058728
sign_shuffle_null,lung,seed42_main,source_disjoint,7,62,0.012014134275618593
sign_shuffle_null,lung,seed42_main,source_disjoint,7,63,-0.013837911774763345
sign_shuffle_null,lung,seed42_main,source_disjoint,11,0,0.011803260002279825
sign_shuffle_null,lung,seed42_main,source_disjoint,11,1,0.0006839165621794763
sign_shuffle_null,lung,seed42_main,source_disjoint,11,2,-0.016385500968881805
sign_shuffle_null,lung,seed42_main,source_disjoint,11,3,-0.02543599680838937
sign_shuffle_null,lung,seed42_main,source_disjoint,11,4,-0.026604354268779218
sign_shuffle_null,lung,seed42_main,source_disjoint,11,5,-0.01258406474410112
sign_shuffle_null,lung,seed42_main,source_disjoint,11,6,-0.004439758349481404
sign_shuffle_null,lung,seed42_main,source_disjoint,11,7,-0.01977088795166987
sign_shuffle_null,lung,seed42_main,source_disjoint,11,8,-0.00900490140202892
sign_shuffle_null,lung,seed42_main,source_disjoint,11,9,0.0007124130856036581
sign_shuffle_null,lung,seed42_main,source_disjoint,11,10,-0.015137353242904439
sign_shuffle_null,lung,seed42_main,source_disjoint,11,11,-0.008987803487974455
sign_shuffle_null,lung,seed42_main,source_disjoint,11,12,-0.013142596603214374
sign_shuffle_null,lung,seed42_main,source_disjoint,11,13,-0.019560013678331323
sign_shuffle_null,lung,seed42_main,source_disjoint,11,14,-0.011427105893080935
sign_shuffle_null,lung,seed42_main,source_disjoint,11,15,-0.02966488088453212
sign_shuffle_null,lung,seed42_main,source_disjoint,11,16,0.011461301721190087
sign_shuffle_null,lung,seed42_main,source_disjoint,11,17,-0.00967172005015382
sign_shuffle_null,lung,seed42_main,source_disjoint,11,18,-0.0011797560697595078
sign_shuffle_null,lung,seed42_main,source_disjoint,11,19,-0.025572780120825256
sign_shuffle_null,lung,seed42_main,source_disjoint,11,20,0.010691895588738287
sign_shuffle_null,lung,seed42_main,source_disjoint,11,21,-0.0009802804057904568
sign_shuffle_null,lung,seed42_main,source_disjoint,11,22,-0.016562179414111422
sign_shuffle_null,lung,seed42_main,source_disjoint,11,23,-0.0069987461529692485
sign_shuffle_null,lung,seed42_main,source_disjoint,11,24,0.005699304684828599
sign_shuffle_null,lung,seed42_main,source_disjoint,11,25,0.0014248261712072052
sign_shuffle_null,lung,seed42_main,source_disjoint,11,26,-0.013837911774763456
sign_shuffle_null,lung,seed42_main,source_disjoint,11,27,-0.00810441126182615
sign_shuffle_null,lung,seed42_main,source_disjoint,11,28,0.012527071697252867
sign_shuffle_null,lung,seed42_main,source_disjoint,11,29,0.006554200387552722
sign_shuffle_null,lung,seed42_main,source_disjoint,11,30,-0.00997378319844977
sign_shuffle_null,lung,seed42_main,source_disjoint,11,31,-0.016818648124928837
sign_shuffle_null,lung,seed42_main,source_disjoint,11,32,-0.0033340932406246138
sign_shuffle_null,lung,seed42_main,source_disjoint,11,33,-0.019594209506440197
sign_shuffle_null,lung,seed42_main,source_disjoint,11,34,0.0019206656787871257
sign_shuffle_null,lung,seed42_main,source_disjoint,11,35,-0.012646757095634342
sign_shuffle_null,lung,seed42_main,source_disjoint,11,36,-0.028690299783426465
sign_shuffle_null,lung,seed42_main,source_disjoint,11,37,-0.0011455602416504673
sign_shuffle_null,lung,seed42_main,source_disjoint,11,38,-0.028992362931722304
sign_shuffle_null,lung,seed42_main,source_disjoint,11,39,-0.012692351533112989
sign_shuffle_null,lung,seed42_main,source_disjoint,11,40,-0.019947566396899596
sign_shuffle_null,lung,seed42_main,source_disjoint,11,41,0.007084235723241794
sign_shuffle_null,lung,seed42_main,source_disjoint,11,42,-0.005915878262851781
sign_shuffle_null,lung,seed42_main,source_disjoint,11,43,0.003117519662601209
sign_shuffle_null,lung,seed42_main,source_disjoint,11,44,-0.006753676051521662
sign_shuffle_null,lung,seed42_main,source_disjoint,11,45,-0.02197081956001362
sign_shuffle_null,lung,seed42_main,source_disjoint,11,46,0.00673087883278245
sign_shuffle_null,lung,seed42_main,source_disjoint,11,47,-0.0006440214293854662
sign_shuffle_null,lung,seed42_main,source_disjoint,11,48,-0.01683574603898319
sign_shuffle_null,lung,seed42_main,source_disjoint,11,49,-0.002445001709791339
sign_shuffle_null,lung,seed42_main,source_disjoint,11,50,-0.016818648124928726
sign_shuffle_null,lung,seed42_main,source_disjoint,11,51,0.003607659865496493
sign_shuffle_null,lung,seed42_main,source_disjoint,11,52,-0.006520004559443793
sign_shuffle_null,lung,seed42_main,source_disjoint,11,53,-0.002633078764390673
sign_shuffle_null,lung,seed42_main,source_disjoint,11,54,-0.01188305026786729
sign_shuffle_null,lung,seed42_main,source_disjoint,11,55,-0.009432349253391092
sign_shuffle_null,lung,seed42_main,source_disjoint,11,56,-0.0004958395075800315
sign_shuffle_null,lung,seed42_main,source_disjoint,11,57,-0.015610395531745036
sign_shuffle_null,lung,seed42_main,source_disjoint,11,58,-0.016322808617348805
sign_shuffle_null,lung,seed42_main,source_disjoint,11,59,-0.014288156844864952
sign_shuffle_null,lung,seed42_main,source_disjoint,11,60,-0.015285535164709874
sign_shuffle_null,lung,seed42_main,source_disjoint,11,61,-0.007722557847942624
sign_shuffle_null,lung,seed42_main,source_disjoint,11,62,-0.004770318021201314
sign_shuffle_null,lung,seed42_main,source_disjoint,11,63,-0.0004217485466772031
sign_shuffle_null,lung,seed42_main,target_disjoint,7,0,-0.0036697544336130594
sign_shuffle_null,lung,seed42_main,target_disjoint,7,1,-0.016295649643532695
sign_shuffle_null,lung,seed42_main,target_disjoint,7,2,0.0031443490631618554
sign_shuffle_null,lung,seed42_main,target_disjoint,7,3,0.014804306707405734
sign_shuffle_null,lung,seed42_main,target_disjoint,7,4,-0.0016004655899898301
sign_shuffle_null,lung,seed42_main,target_disjoint,7,5,0.002768482144300588
sign_shuffle_null,lung,seed42_main,target_disjoint,7,6,0.005120681572012953
sign_shuffle_null,lung,seed42_main,target_disjoint,7,7,-8.891475499939183e-05
sign_shuffle_null,lung,seed42_main,target_disjoint,7,8,-0.005767334335645136
sign_shuffle_null,lung,seed42_main,target_disjoint,7,9,0.01808606948283953
sign_shuffle_null,lung,seed42_main,target_disjoint,7,10,0.021109171152820183
sign_shuffle_null,lung,seed42_main,target_disjoint,7,11,0.003896082900884279
sign_shuffle_null,lung,seed42_main,target_disjoint,7,12,0.003924373959293237
sign_shuffle_null,lung,seed42_main,target_disjoint,7,13,0.009162261344714429
sign_shuffle_null,lung,seed42_main,target_disjoint,7,14,0.005189388428148867
sign_shuffle_null,lung,seed42_main,target_disjoint,7,15,0.002206702555894946
sign_shuffle_null,lung,seed42_main,target_disjoint,7,16,-0.006599899768821693
sign_shuffle_null,lung,seed42_main,target_disjoint,7,17,0.0034676754449779468
sign_shuffle_null,lung,seed42_main,target_disjoint,7,18,0.0017378793022616579
sign_shuffle_null,lung,seed42_main,target_disjoint,7,19,-0.008301404853129024
sign_shuffle_null,lung,seed42_main,target_disjoint,7,20,-0.012468273598784219
sign_shuffle_null,lung,seed42_main,target_disjoint,7,21,0.0030716006272530905
sign_shuffle_null,lung,seed42_main,target_disjoint,7,22,-0.017685953085341877
sign_shuffle_null,lung,seed42_main,target_disjoint,7,23,0.008418610666537374
sign_shuffle_null,lung,seed42_main,target_disjoint,7,24,-0.0036576296942950615
sign_shuffle_null,lung,seed42_main,target_disjoint,7,25,-0.010386860015842991
sign_shuffle_null,lung,seed42_main,target_disjoint,7,26,0.00811145060381191
sign_shuffle_null,lung,seed42_main,target_disjoint,7,27,0.004053704512019696
sign_shuffle_null,lung,seed42_main,target_disjoint,7,28,-0.02390594435552973
sign_shuffle_null,lung,seed42_main,target_disjoint,7,29,0.004429571430880852
sign_shuffle_null,lung,seed42_main,target_disjoint,7,30,0.008038702167903367
sign_shuffle_null,lung,seed42_main,target_disjoint,7,31,0.00037182533908852733
sign_shuffle_null,lung,seed42_main,target_disjoint,7,32,0.000553696428860051
sign_shuffle_null,lung,seed42_main,target_disjoint,7,33,0.005100473673149475
sign_shuffle_null,lung,seed42_main,target_disjoint,7,34,-0.020668638957595686
sign_shuffle_null,lung,seed42_main,target_disjoint,7,35,-0.020664597377823002
sign_shuffle_null,lung,seed42_main,target_disjoint,7,36,0.01874484698578993
sign_shuffle_null,lung,seed42_main,target_disjoint,7,37,0.008883392340398033
sign_shuffle_null,lung,seed42_main,target_disjoint,7,38,-0.0007638585770405326
sign_shuffle_null,lung,seed42_main,target_disjoint,7,39,0.008196323779038783
sign_shuffle_null,lung,seed42_main,target_disjoint,7,40,-0.023905944355529674
sign_shuffle_null,lung,seed42_main,target_disjoint,7,41,-0.01744345829897992
sign_shuffle_null,lung,seed42_main,target_disjoint,7,42,-0.003819292885202885
sign_shuffle_null,lung,seed42_main,target_disjoint,7,43,0.00468823253633377
sign_shuffle_null,lung,seed42_main,target_disjoint,7,44,0.018785262783516776
sign_shuffle_null,lung,seed42_main,target_disjoint,7,45,-0.004510403026334986
sign_shuffle_null,lung,seed42_main,target_disjoint,7,46,0.014715391952406343
sign_shuffle_null,lung,seed42_main,target_disjoint,7,47,-0.00662819082723054
sign_shuffle_null,lung,seed42_main,target_disjoint,7,48,0.0008002327949949706
sign_shuffle_null,lung,seed42_main,target_disjoint,7,49,-0.008305446432901653
sign_shuffle_null,lung,seed42_main,target_disjoint,7,50,-6.0623696590544895e-05
sign_shuffle_null,lung,seed42_main,target_disjoint,7,51,0.0007436506781770547
sign_shuffle_null,lung,seed42_main,target_disjoint,7,52,-0.008640897554035853
sign_shuffle_null,lung,seed42_main,target_disjoint,7,53,0.0017863782595340938
sign_shuffle_null,lung,seed42_main,target_disjoint,7,54,0.002865480058845349
sign_shuffle_null,lung,seed42_main,target_disjoint,7,55,0.013571624876731914
sign_shuffle_null,lung,seed42_main,target_disjoint,7,56,7.679001568139388e-05
sign_shuffle_null,lung,seed42_main,target_disjoint,7,57,-0.0030877669463440505
sign_shuffle_null,lung,seed42_main,target_disjoint,7,58,-0.027543366150961035
sign_shuffle_null,lung,seed42_main,target_disjoint,7,59,0.0013458460643095416
sign_shuffle_null,lung,seed42_main,target_disjoint,7,60,-0.024875923500978114
sign_shuffle_null,lung,seed42_main,target_disjoint,7,61,0.012593562571738048
sign_shuffle_null,lung,seed42_main,target_disjoint,7,62,0.008042743747676107
sign_shuffle_null,lung,seed42_main,target_disjoint,7,63,-0.006515026593594819
sign_shuffle_null,lung,seed42_main,target_disjoint,11,0,0.014000032332638135
sign_shuffle_null,lung,seed42_main,target_disjoint,11,1,0.009101637648123884
sign_shuffle_null,lung,seed42_main,target_disjoint,11,2,0.011567001309471747
sign_shuffle_null,lung,seed42_main,target_disjoint,11,3,0.018340689008519595
sign_shuffle_null,lung,seed42_main,target_disjoint,11,4,0.007856831078131843
sign_shuffle_null,lung,seed42_main,target_disjoint,11,5,-0.002247118353622013
sign_shuffle_null,lung,seed42_main,target_disjoint,11,6,-0.004781188871105901
sign_shuffle_null,lung,seed42_main,target_disjoint,11,7,0.014428439788544689
sign_shuffle_null,lung,seed42_main,target_disjoint,11,8,0.021804322873724913
sign_shuffle_null,lung,seed42_main,target_disjoint,11,9,0.03613172316795188
sign_shuffle_null,lung,seed42_main,target_disjoint,11,10,-0.010160531548571716
sign_shuffle_null,lung,seed42_main,target_disjoint,11,11,0.02070501317555007
sign_shuffle_null,lung,seed42_main,target_disjoint,11,12,-0.004538694084743833
sign_shuffle_null,lung,seed42_main,target_disjoint,11,13,0.010047367314936051
sign_shuffle_null,lung,seed42_main,target_disjoint,11,14,0.01555199896535564
sign_shuffle_null,lung,seed42_main,target_disjoint,11,15,0.02272984464167349
sign_shuffle_null,lung,seed42_main,target_disjoint,11,16,0.009186510823350535
sign_shuffle_null,lung,seed42_main,target_disjoint,11,17,0.011057762258111392
sign_shuffle_null,lung,seed42_main,target_disjoint,11,18,-0.0018106277381702007
sign_shuffle_null,lung,seed42_main,target_disjoint,11,19,0.0074850057390433156
sign_shuffle_null,lung,seed42_main,target_disjoint,11,20,0.028739673763680806
sign_shuffle_null,lung,seed42_main,target_disjoint,11,21,0.0193227928932862
sign_shuffle_null,lung,seed42_main,target_disjoint,11,22,0.0020652472638506003
sign_shuffle_null,lung,seed42_main,target_disjoint,11,23,0.020159399906235387
sign_shuffle_null,lung,seed42_main,target_disjoint,11,24,0.01760512148988802
sign_shuffle_null,lung,seed42_main,target_disjoint,11,25,-0.010532356887660244
sign_shuffle_null,lung,seed42_main,target_disjoint,11,26,-0.00012933055272645877
sign_shuffle_null,lung,seed42_main,target_disjoint,11,27,0.012900722634463402
sign_shuffle_null,lung,seed42_main,target_disjoint,11,28,-0.00565012852223673
sign_shuffle_null,lung,seed42_main,target_disjoint,11,29,-0.0035565901999773386
sign_shuffle_null,lung,seed42_main,target_disjoint,11,30,0.04058554407746906
sign_shuffle_null,lung,seed42_main,target_disjoint,11,31,0.005528881129055696
sign_shuffle_null,lung,seed42_main,target_disjoint,11,32,0.008705562830399138
sign_shuffle_null,lung,seed42_main,target_disjoint,11,33,0.006143201254506292
sign_shuffle_null,lung,seed42_main,target_disjoint,11,34,0.01372520490809448
sign_shuffle_null,lung,seed42_main,target_disjoint,11,35,0.01861955801283599
sign_shuffle_null,lung,seed42_main,target_disjoint,11,36,-0.004837770987923762
sign_shuffle_null,lung,seed42_main,target_disjoint,11,37,0.021295083822364558
sign_shuffle_null,lung,seed42_main,target_disjoint,11,38,0.015289296280130094
sign_shuffle_null,lung,seed42_main,target_disjoint,11,39,0.010964805923339371
sign_shuffle_null,lung,seed42_main,target_disjoint,11,40,0.014198069741500507
sign_shuffle_null,lung,seed42_main,target_disjoint,11,41,0.007573920494042818
sign_shuffle_null,lung,seed42_main,target_disjoint,11,42,0.002711900027482783
sign_shuffle_null,lung,seed42_main,target_disjoint,11,43,0.008600481756308898
sign_shuffle_null,lung,seed42_main,target_disjoint,11,44,0.020409977852142824
sign_shuffle_null,lung,seed42_main,target_disjoint,11,45,0.013224049016279382
sign_shuffle_null,lung,seed42_main,target_disjoint,11,46,0.010698061658340974
sign_shuffle_null,lung,seed42_main,target_disjoint,11,47,0.005771375915417876
sign_shuffle_null,lung,seed42_main,target_disjoint,11,48,0.01087184958856724
sign_shuffle_null,lung,seed42_main,target_disjoint,11,49,-0.0086893965113084
sign_shuffle_null,lung,seed42_main,target_disjoint,11,50,-0.00030716006272524243
sign_shuffle_null,lung,seed42_main,target_disjoint,11,51,0.00514493105064906
sign_shuffle_null,lung,seed42_main,target_disjoint,11,52,0.016711932360120918
sign_shuffle_null,lung,seed42_main,target_disjoint,11,53,0.010196905766526099
sign_shuffle_null,lung,seed42_main,target_disjoint,11,54,0.0018955009133970746
sign_shuffle_null,lung,seed42_main,target_disjoint,11,55,0.006700939263139194
sign_shuffle_null,lung,seed42_main,target_disjoint,11,56,0.0025057794590748195
sign_shuffle_null,lung,seed42_main,target_disjoint,11,57,0.012787558400827681
sign_shuffle_null,lung,seed42_main,target_disjoint,11,58,-0.0008285238534039285
sign_shuffle_null,lung,seed42_main,target_disjoint,11,59,-0.001632798228171417
sign_shuffle_null,lung,seed42_main,target_disjoint,11,60,0.017532373053979367
sign_shuffle_null,lung,seed42_main,target_disjoint,11,61,0.001628756648398788
sign_shuffle_null,lung,seed42_main,target_disjoint,11,62,0.029531823399130297
sign_shuffle_null,lung,seed42_main,target_disjoint,11,63,0.00595728858496225
sign_shuffle_null,lung,seed43,source_disjoint,7,0,0.0006981503796790189
sign_shuffle_null,lung,seed43,source_disjoint,7,1,0.012939691283640475
sign_shuffle_null,lung,seed43,source_disjoint,7,2,-0.027400011476444552
sign_shuffle_null,lung,seed43,source_disjoint,7,3,-0.028949331497102104
sign_shuffle_null,lung,seed43,source_disjoint,7,4,-0.0044662496891795245
sign_shuffle_null,lung,seed43,source_disjoint,7,5,-0.010677875327556818
sign_shuffle_null,lung,seed43,source_disjoint,7,6,-0.019662975076987776
sign_shuffle_null,lung,seed43,source_disjoint,7,7,-0.015488418354660305
sign_shuffle_null,lung,seed43,source_disjoint,7,8,-0.024186606989154646
sign_shuffle_null,lung,seed43,source_disjoint,7,9,-0.012571488686138332
sign_shuffle_null,lung,seed43,source_disjoint,7,10,-0.020882347315468175
sign_shuffle_null,lung,seed43,source_disjoint,7,11,-0.007894837512671837
sign_shuffle_null,lung,seed43,source_disjoint,7,12,-0.010080143838105515
sign_shuffle_null,lung,seed43,source_disjoint,7,13,-0.017506359863047716
sign_shuffle_null,lung,seed43,source_disjoint,7,14,-0.008989881601346505
sign_shuffle_null,lung,seed43,source_disjoint,7,15,-0.03306172414452657
sign_shuffle_null,lung,seed43,source_disjoint,7,16,-0.025056904037795702
sign_shuffle_null,lung,seed43,source_disjoint,7,17,-0.000927679271628179
sign_shuffle_null,lung,seed43,source_disjoint,7,18,-0.00730666972705174
sign_shuffle_null,lung,seed43,source_disjoint,7,19,-0.0024865629961170477
sign_shuffle_null,lung,seed43,source_disjoint,7,20,0.006202061934546088
sign_shuffle_null,lung,seed43,source_disjoint,7,21,-0.0119976664562651
sign_shuffle_null,lung,seed43,source_disjoint,7,22,-0.025162104779939076
sign_shuffle_null,lung,seed43,source_disjoint,7,23,-0.025855473307702492
sign_shuffle_null,lung,seed43,source_disjoint,7,24,-0.0064363726784107955
sign_shuffle_null,lung,seed43,source_disjoint,7,25,0.0016879937262104239
sign_shuffle_null,lung,seed43,source_disjoint,7,26,-0.025042558482048838
sign_shuffle_null,lung,seed43,source_disjoint,7,27,-0.01522541649930187
sign_shuffle_null,lung,seed43,source_disjoint,7,28,-0.01855836728448179
sign_shuffle_null,lung,seed43,source_disjoint,7,29,0.0037154989384289294
sign_shuffle_null,lung,seed43,source_disjoint,7,30,-0.00839693196381086
sign_shuffle_null,lung,seed43,source_disjoint,7,31,-0.01547407279891344
sign_shuffle_null,lung,seed43,source_disjoint,7,32,-0.008554733077026033
sign_shuffle_null,lung,seed43,source_disjoint,7,33,0.0030842944855685728
sign_shuffle_null,lung,seed43,source_disjoint,7,34,-0.015387999464432478
sign_shuffle_null,lung,seed43,source_disjoint,7,35,-0.003352078192842445
sign_shuffle_null,lung,seed43,source_disjoint,7,36,-0.02065281842351907
sign_shuffle_null,lung,seed43,source_disjoint,7,37,-0.001004188902277936
sign_shuffle_null,lung,seed43,source_disjoint,7,38,-0.027882978519921164
sign_shuffle_null,lung,seed43,source_disjoint,7,39,-0.03445802490388461
sign_shuffle_null,lung,seed43,source_disjoint,7,40,-0.010572674585413444
sign_shuffle_null,lung,seed43,source_disjoint,7,41,0.0027160918880665408
sign_shuffle_null,lung,seed43,source_disjoint,7,42,-0.0070962682427651025
sign_shuffle_null,lung,seed43,source_disjoint,7,43,-0.001181117423155631
sign_shuffle_null,lung,seed43,source_disjoint,7,44,0.0020753237313747563
sign_shuffle_null,lung,seed43,source_disjoint,7,45,-0.010539201622004057
sign_shuffle_null,lung,seed43,source_disjoint,7,46,-0.01055832902966658
sign_shuffle_null,lung,seed43,source_disjoint,7,47,-0.002936057076184384
sign_shuffle_null,lung,seed43,source_disjoint,7,48,-0.006737629349094276
sign_shuffle_null,lung,seed43,source_disjoint,7,49,-0.009807578278915874
sign_shuffle_null,lung,seed43,source_disjoint,7,50,0.007454907136435818
sign_shuffle_null,lung,seed43,source_disjoint,7,51,-0.006049042673246463
sign_shuffle_null,lung,seed43,source_disjoint,7,52,-0.012767544614678328
sign_shuffle_null,lung,seed43,source_disjoint,7,53,-0.022694669191484496
sign_shuffle_null,lung,seed43,source_disjoint,7,54,0.0006455500086073318
sign_shuffle_null,lung,seed43,source_disjoint,7,55,-0.014259482412348534
sign_shuffle_null,lung,seed43,source_disjoint,7,56,-0.010548765325835374
sign_shuffle_null,lung,seed43,source_disjoint,7,57,-0.014072990187639856
sign_shuffle_null,lung,seed43,source_disjoint,7,58,-0.011682064229834865
sign_shuffle_null,lung,seed43,source_disjoint,7,59,-0.009783669019337804
sign_shuffle_null,lung,seed43,source_disjoint,7,60,-0.012743635355100147
sign_shuffle_null,lung,seed43,source_disjoint,7,61,-0.013207474990914458
sign_shuffle_null,lung,seed43,source_disjoint,7,62,-0.0035529159732979876
sign_shuffle_null,lung,seed43,source_disjoint,7,63,-0.006924121573803066
sign_shuffle_null,lung,seed43,source_disjoint,11,0,-0.009444157533329611
sign_shuffle_null,lung,seed43,source_disjoint,11,1,-0.002821292630209804
sign_shuffle_null,lung,seed43,source_disjoint,11,2,0.0024817811442016113
sign_shuffle_null,lung,seed43,source_disjoint,11,3,-0.015914003175149738
sign_shuffle_null,lung,seed43,source_disjoint,11,4,0.004609705246647833
sign_shuffle_null,lung,seed43,source_disjoint,11,5,0.002300070771408369
sign_shuffle_null,lung,seed43,source_disjoint,11,6,0.0015732292802356218
sign_shuffle_null,lung,seed43,source_disjoint,11,7,-0.012633652761041336
sign_shuffle_null,lung,seed43,source_disjoint,11,8,-0.0006790229720166074
sign_shuffle_null,lung,seed43,source_disjoint,11,9,-0.005795604521719122
sign_shuffle_null,lung,seed43,source_disjoint,11,10,-0.002237906696505476
sign_shuffle_null,lung,seed43,source_disjoint,11,11,-0.022240393259501556
sign_shuffle_null,lung,seed43,source_disjoint,11,12,-0.01593313058281215
sign_shuffle_null,lung,seed43,source_disjoint,11,13,-0.004217593389567953
sign_shuffle_null,lung,seed43,source_disjoint,11,14,-0.0017310303934507942
sign_shuffle_null,lung,seed43,source_disjoint,11,15,-0.004791415619441075
sign_shuffle_null,lung,seed43,source_disjoint,11,16,0.0020753237313747563
sign_shuffle_null,lung,seed43,source_disjoint,11,17,-0.005456093035710818
sign_shuffle_null,lung,seed43,source_disjoint,11,18,-0.005886459708115632
sign_shuffle_null,lung,seed43,source_disjoint,11,19,-0.009664122721447677
sign_shuffle_null,lung,seed43,source_disjoint,11,20,-0.011849429046881244
sign_shuffle_null,lung,seed43,source_disjoint,11,21,-0.0028117289263784873
sign_shuffle_null,lung,seed43,source_disjoint,11,22,-0.009386775310342266
sign_shuffle_null,lung,seed43,source_disjoint,11,23,-0.011514699412788487
sign_shuffle_null,lung,seed43,source_disjoint,11,24,-0.010400527916451408
sign_shuffle_null,lung,seed43,source_disjoint,11,25,0.004624050802394697
sign_shuffle_null,lung,seed43,source_disjoint,11,26,-0.009630649758038401
sign_shuffle_null,lung,seed43,source_disjoint,11,27,-0.01586140280407794
sign_shuffle_null,lung,seed43,source_disjoint,11,28,-0.0030316941144965526
sign_shuffle_null,lung,seed43,source_disjoint,11,29,-0.004528413764082639
sign_shuffle_null,lung,seed43,source_disjoint,11,30,-0.004762724507947458
sign_shuffle_null,lung,seed43,source_disjoint,11,31,-0.011242133853598735
sign_shuffle_null,lung,seed43,source_disjoint,11,32,0.001664084466632243
sign_shuffle_null,lung,seed43,source_disjoint,11,33,-0.010032325318949487
sign_shuffle_null,lung,seed43,source_disjoint,11,34,-0.007909183068418701
sign_shuffle_null,lung,seed43,source_disjoint,11,35,-0.004714905988791207
sign_shuffle_null,lung,seed43,source_disjoint,11,36,0.00345727893498593
sign_shuffle_null,lung,seed43,source_disjoint,11,37,-0.01385302499952179
sign_shuffle_null,lung,seed43,source_disjoint,11,38,-0.001879267802834761
sign_shuffle_null,lung,seed43,source_disjoint,11,39,-0.0037680993095006166
sign_shuffle_null,lung,seed43,source_disjoint,11,40,-0.005532602666360575
sign_shuffle_null,lung,seed43,source_disjoint,11,41,-0.014924159828618389
sign_shuffle_null,lung,seed43,source_disjoint,11,42,-0.010175780876417795
sign_shuffle_null,lung,seed43,source_disjoint,11,43,0.013422658327116976
sign_shuffle_null,lung,seed43,source_disjoint,11,44,-0.011729882748991116
sign_shuffle_null,lung,seed43,source_disjoint,11,45,-0.004413649318108059
sign_shuffle_null,lung,seed43,source_disjoint,11,46,-0.015531455021900897
sign_shuffle_null,lung,seed43,source_disjoint,11,47,-0.0037585356056693
sign_shuffle_null,lung,seed43,source_disjoint,11,48,-0.011012604961649575
sign_shuffle_null,lung,seed43,source_disjoint,11,49,-0.006479409345651388
sign_shuffle_null,lung,seed43,source_disjoint,11,50,0.00478185191560998
sign_shuffle_null,lung,seed43,source_disjoint,11,51,-0.00703410416786221
sign_shuffle_null,lung,seed43,source_disjoint,11,52,-0.011992884604349552
sign_shuffle_null,lung,seed43,source_disjoint,11,53,-0.015713165394693973
sign_shuffle_null,lung,seed43,source_disjoint,11,54,-0.015914003175149682
sign_shuffle_null,lung,seed43,source_disjoint,11,55,-0.011653373118341137
sign_shuffle_null,lung,seed43,source_disjoint,11,56,-0.02371798550142501
sign_shuffle_null,lung,seed43,source_disjoint,11,57,-0.013327021288804808
sign_shuffle_null,lung,seed43,source_disjoint,11,58,-0.0036055163443698968
sign_shuffle_null,lung,seed43,source_disjoint,11,59,-0.009874524205734314
sign_shuffle_null,lung,seed43,source_disjoint,11,60,-0.015397563168263795
sign_shuffle_null,lung,seed43,source_disjoint,11,61,0.00399284634953434
sign_shuffle_null,lung,seed43,source_disjoint,11,62,-0.011576863487691491
sign_shuffle_null,lung,seed43,source_disjoint,11,63,-0.008411277519557725
sign_shuffle_null,lung,seed43,target_disjoint,7,0,-0.01151031270791747
sign_shuffle_null,lung,seed43,target_disjoint,7,1,-0.0091275781769794
sign_shuffle_null,lung,seed43,target_disjoint,7,2,-0.013751663339986675
sign_shuffle_null,lung,seed43,target_disjoint,7,3,0.0027070858283434474
sign_shuffle_null,lung,seed43,target_disjoint,7,4,-0.00015801729873587966
sign_shuffle_null,lung,seed43,target_disjoint,7,5,-0.010782601463739216
sign_shuffle_null,lung,seed43,target_disjoint,7,6,0.004715568862275532
sign_shuffle_null,lung,seed43,target_disjoint,7,7,-0.011917831004657264
sign_shuffle_null,lung,seed43,target_disjoint,7,8,-0.005863273453093787
sign_shuffle_null,lung,seed43,target_disjoint,7,9,-0.008092149035262897
sign_shuffle_null,lung,seed43,target_disjoint,7,10,-0.014026114437791004
sign_shuffle_null,lung,seed43,target_disjoint,7,11,0.008162840984697328
sign_shuffle_null,lung,seed43,target_disjoint,7,12,0.0023078842315370496
sign_shuffle_null,lung,seed43,target_disjoint,7,13,0.0004615768463073211
sign_shuffle_null,lung,seed43,target_disjoint,7,14,2.07917498336041e-05
sign_shuffle_null,lung,seed43,target_disjoint,7,15,-0.011655854956753142
sign_shuffle_null,lung,seed43,target_disjoint,7,16,0.004715568862275421
sign_shuffle_null,lung,seed43,target_disjoint,7,17,-0.006857119095143083
sign_shuffle_null,lung,seed43,target_disjoint,7,18,-0.016674983366600116
sign_shuffle_null,lung,seed43,target_disjoint,7,19,0.0003451430472388717
sign_shuffle_null,lung,seed43,target_disjoint,7,20,-0.005023286759813783
sign_shuffle_null,lung,seed43,target_disjoint,7,21,-0.005605455755156363
sign_shuffle_null,lung,seed43,target_disjoint,7,22,-0.015652029274783763
sign_shuffle_null,lung,seed43,target_disjoint,7,23,-0.001322355289421262
sign_shuffle_null,lung,seed43,target_disjoint,7,24,-0.007385229540918137
sign_shuffle_null,lung,seed43,target_disjoint,7,25,-0.007809381237524948
sign_shuffle_null,lung,seed43,target_disjoint,7,26,0.0034098469727212866
sign_shuffle_null,lung,seed43,target_disjoint,7,27,-0.011277445109780349
sign_shuffle_null,lung,seed43,target_disjoint,7,28,0.008341650033266701
sign_shuffle_null,lung,seed43,target_disjoint,7,29,0.0022330339321358084
sign_shuffle_null,lung,seed43,target_disjoint,7,30,0.006753160345974618
sign_shuffle_null,lung,seed43,target_disjoint,7,31,-0.004154191616766556
sign_shuffle_null,lung,seed43,target_disjoint,7,32,-0.011576846307385147
sign_shuffle_null,lung,seed43,target_disjoint,7,33,-0.02094560878243512
sign_shuffle_null,lung,seed43,target_disjoint,7,34,0.010429141716567059
sign_shuffle_null,lung,seed43,target_disjoint,7,35,-0.00978875582168992
sign_shuffle_null,lung,seed43,target_disjoint,7,36,-0.007863439787092474
sign_shuffle_null,lung,seed43,target_disjoint,7,37,-0.0029607451763140613
sign_shuffle_null,lung,seed43,target_disjoint,7,38,-0.006245841650033279
sign_shuffle_null,lung,seed43,target_disjoint,7,39,0.0007110778443115695
sign_shuffle_null,lung,seed43,target_disjoint,7,40,0.003372421823020666
sign_shuffle_null,lung,seed43,target_disjoint,7,41,-0.0050731869594145
sign_shuffle_null,lung,seed43,target_disjoint,7,42,-0.009223220226214135
sign_shuffle_null,lung,seed43,target_disjoint,7,43,-0.0040377578176978846
sign_shuffle_null,lung,seed43,target_disjoint,7,44,-0.021852129075182858
sign_shuffle_null,lung,seed43,target_disjoint,7,45,-0.013477212242182235
sign_shuffle_null,lung,seed43,target_disjoint,7,46,0.0060004990019960625
sign_shuffle_null,lung,seed43,target_disjoint,7,47,-0.010029940119760439
sign_shuffle_null,lung,seed43,target_disjoint,7,48,-0.012308715901530154
sign_shuffle_null,lung,seed43,target_disjoint,7,49,-0.0069693945442448335
sign_shuffle_null,lung,seed43,target_disjoint,7,50,0.00046573519627424176
sign_shuffle_null,lung,seed43,target_disjoint,7,51,-0.009123419827012702
sign_shuffle_null,lung,seed43,target_disjoint,7,52,0.0031561876247506726
sign_shuffle_null,lung,seed43,target_disjoint,7,53,0.0101422155688623
sign_shuffle_null,lung,seed43,target_disjoint,7,54,-0.007052561543579583
sign_shuffle_null,lung,seed43,target_disjoint,7,55,0.007081669993346695
sign_shuffle_null,lung,seed43,target_disjoint,7,56,-0.004661510312707895
sign_shuffle_null,lung,seed43,target_disjoint,7,57,-0.009980039920159611
sign_shuffle_null,lung,seed43,target_disjoint,7,58,-0.012836826347305375
sign_shuffle_null,lung,seed43,target_disjoint,7,59,-0.009314703925482393
sign_shuffle_null,lung,seed43,target_disjoint,7,60,-0.0006528609447771228
sign_shuffle_null,lung,seed43,target_disjoint,7,61,0.006183466400532245
sign_shuffle_null,lung,seed43,target_disjoint,7,62,-0.007975715236194336
sign_shuffle_null,lung,seed43,target_disjoint,7,63,-0.00013722554890216454
sign_shuffle_null,lung,seed43,target_disjoint,11,0,0.013044743845642026
sign_shuffle_null,lung,seed43,target_disjoint,11,1,0.005297737857618112
sign_shuffle_null,lung,seed43,target_disjoint,11,2,-0.007468396540252886
sign_shuffle_null,lung,seed43,target_disjoint,11,3,0.014608283433133695
sign_shuffle_null,lung,seed43,target_disjoint,11,4,0.002391051230871577
sign_shuffle_null,lung,seed43,target_disjoint,11,5,-0.005202095808383322
sign_shuffle_null,lung,seed43,target_disjoint,11,6,-0.0011809713905522878
sign_shuffle_null,lung,seed43,target_disjoint,11,7,0.005638722554890174
sign_shuffle_null,lung,seed43,target_disjoint,11,8,-0.002016799733865593
sign_shuffle_null,lung,seed43,target_disjoint,11,9,-0.005842481703260183
sign_shuffle_null,lung,seed43,target_disjoint,11,10,0.008008982035928147
sign_shuffle_null,lung,seed43,target_disjoint,11,11,-0.023981204258150368
sign_shuffle_null,lung,seed43,target_disjoint,11,12,0.005281104457750985
sign_shuffle_null,lung,seed43,target_disjoint,11,13,0.01935711909514304
sign_shuffle_null,lung,seed43,target_disjoint,11,14,-0.026692448436460403
sign_shuffle_null,lung,seed43,target_disjoint,11,15,0.006216733200266056
sign_shuffle_null,lung,seed43,target_disjoint,11,16,0.0054931803060546125
sign_shuffle_null,lung,seed43,target_disjoint,11,17,-0.013593646041250906
sign_shuffle_null,lung,seed43,target_disjoint,11,18,0.0011768130405854782
sign_shuffle_null,lung,seed43,target_disjoint,11,19,0.005518130405854804
sign_shuffle_null,lung,seed43,target_disjoint,11,20,-0.017032601463739305
sign_shuffle_null,lung,seed43,target_disjoint,11,21,0.0032892548236859165
sign_shuffle_null,lung,seed43,target_disjoint,11,22,0.00045326014637381284
sign_shuffle_null,lung,seed43,target_disjoint,11,23,-0.0023827345309381798
sign_shuffle_null,lung,seed43,target_disjoint,11,24,0.004540918163672525
sign_shuffle_null,lung,seed43,target_disjoint,11,25,0.015943113772455053
sign_shuffle_null,lung,seed43,target_disjoint,11,26,0.0039046906187624186
sign_shuffle_null,lung,seed43,target_disjoint,11,27,-0.017086660013306776
sign_shuffle_null,lung,seed43,target_disjoint,11,28,0.011136061210911485
sign_shuffle_null,lung,seed43,target_disjoint,11,29,-0.015980538922155785
sign_shuffle_null,lung,seed43,target_disjoint,11,30,0.0017714570858281542
sign_shuffle_null,lung,seed43,target_disjoint,11,31,0.002511643379906947
sign_shuffle_null,lung,seed43,target_disjoint,11,32,-0.006104457751164416
sign_shuffle_null,lung,seed43,target_disjoint,11,33,0.008557884231536916
sign_shuffle_null,lung,seed43,target_disjoint,11,34,-0.010483200266134474
sign_shuffle_null,lung,seed43,target_disjoint,11,35,0.0026821357285429226
sign_shuffle_null,lung,seed43,target_disjoint,11,36,0.0007027611443778392
sign_shuffle_null,lung,seed43,target_disjoint,11,37,0.009659846972721153
sign_shuffle_null,lung,seed43,target_disjoint,11,38,-0.008678476380572342
sign_shuffle_null,lung,seed43,target_disjoint,11,39,-0.008878077178975374
sign_shuffle_null,lung,seed43,target_disjoint,11,40,-0.013838988689288234
sign_shuffle_null,lung,seed43,target_disjoint,11,41,-0.007318695941450459
sign_shuffle_null,lung,seed43,target_disjoint,11,42,-0.013485528942115854
sign_shuffle_null,lung,seed43,target_disjoint,11,43,0.006948602794411229
sign_shuffle_null,lung,seed43,target_disjoint,11,44,-0.004382900864936812
sign_shuffle_null,lung,seed43,target_disjoint,11,45,0.010849135063206838
sign_shuffle_null,lung,seed43,target_disjoint,11,46,-0.0067115768463075764
sign_shuffle_null,lung,seed43,target_disjoint,11,47,-0.014832834331337419
sign_shuffle_null,lung,seed43,target_disjoint,11,48,-0.0052395209580838875
sign_shuffle_null,lung,seed43,target_disjoint,11,49,0.004636560212907592
sign_shuffle_null,lung,seed43,target_disjoint,11,50,-0.018654357950765255
sign_shuffle_null,lung,seed43,target_disjoint,11,51,-0.0070525615435795275
sign_shuffle_null,lung,seed43,target_disjoint,11,52,0.007539088489687207
sign_shuffle_null,lung,seed43,target_disjoint,11,53,0.001709081836327342
sign_shuffle_null,lung,seed43,target_disjoint,11,54,0.010150532268795698
sign_shuffle_null,lung,seed43,target_disjoint,11,55,0.013539587491683158
sign_shuffle_null,lung,seed43,target_disjoint,11,56,0.0053933799068528465
sign_shuffle_null,lung,seed43,target_disjoint,11,57,0.0038048902195608747
sign_shuffle_null,lung,seed43,target_disjoint,11,58,0.006245841650033279
sign_shuffle_null,lung,seed43,target_disjoint,11,59,0.014961743180306075
sign_shuffle_null,lung,seed43,target_disjoint,11,60,-0.006915335994677307
sign_shuffle_null,lung,seed43,target_disjoint,11,61,0.004249833666001179
sign_shuffle_null,lung,seed43,target_disjoint,11,62,-0.011281603459747103
sign_shuffle_null,lung,seed43,target_disjoint,11,63,0.002939953426480346
sign_shuffle_null,lung,seed44,source_disjoint,7,0,-0.028899990998289715
sign_shuffle_null,lung,seed44,source_disjoint,7,1,-0.013165001350256555
sign_shuffle_null,lung,seed44,source_disjoint,7,2,-0.03890089116932233
sign_shuffle_null,lung,seed44,source_disjoint,7,3,-0.005189486002340482
sign_shuffle_null,lung,seed44,source_disjoint,7,4,-0.012827437213070558
sign_shuffle_null,lung,seed44,source_disjoint,7,5,-0.03155099468899092
sign_shuffle_null,lung,seed44,source_disjoint,7,6,-0.007980016203078533
sign_shuffle_null,lung,seed44,source_disjoint,7,7,-0.007678458907192431
sign_shuffle_null,lung,seed44,source_disjoint,7,8,-0.01706274192096513
sign_shuffle_null,lung,seed44,source_disjoint,7,9,-0.02669457196867414
sign_shuffle_null,lung,seed44,source_disjoint,7,10,-0.027657754973445026
sign_shuffle_null,lung,seed44,source_disjoint,7,11,-0.007187865694482043
sign_shuffle_null,lung,seed44,source_disjoint,7,12,-0.015154379332073198
sign_shuffle_null,lung,seed44,source_disjoint,7,13,-0.009105229993698893
sign_shuffle_null,lung,seed44,source_disjoint,7,14,-0.025663876136465924
sign_shuffle_null,lung,seed44,source_disjoint,7,15,-0.029894679989197925
sign_shuffle_null,lung,seed44,source_disjoint,7,16,-0.01977225672877847
sign_shuffle_null,lung,seed44,source_disjoint,7,17,-0.004991448375191276
sign_shuffle_null,lung,seed44,source_disjoint,7,18,-0.016563146997929712
sign_shuffle_null,lung,seed44,source_disjoint,7,19,-0.01024394634980652
sign_shuffle_null,lung,seed44,source_disjoint,7,20,-0.010221442073994003
sign_shuffle_null,lung,seed44,source_disjoint,7,21,-0.017008731659015175
sign_shuffle_null,lung,seed44,source_disjoint,7,22,-0.02082545683679904
sign_shuffle_null,lung,seed44,source_disjoint,7,23,-0.028625438833378425
sign_shuffle_null,lung,seed44,source_disjoint,7,24,-0.02204968944099389
sign_shuffle_null,lung,seed44,source_disjoint,7,25,-0.018435502745521637
sign_shuffle_null,lung,seed44,source_disjoint,7,26,-0.028026825096768404
sign_shuffle_null,lung,seed44,source_disjoint,7,27,-0.02041137816185079
sign_shuffle_null,lung,seed44,source_disjoint,7,28,-0.022733819425690915
sign_shuffle_null,lung,seed44,source_disjoint,7,29,-0.032856242686110426
sign_shuffle_null,lung,seed44,source_disjoint,7,30,-0.021253038077234554
sign_shuffle_null,lung,seed44,source_disjoint,7,31,-0.017728868485012206
sign_shuffle_null,lung,seed44,source_disjoint,7,32,-0.02718516518138442
sign_shuffle_null,lung,seed44,source_disjoint,7,33,-0.0257718966603655
sign_shuffle_null,lung,seed44,source_disjoint,7,34,0.006139166441623933
sign_shuffle_null,lung,seed44,source_disjoint,7,35,-0.010599513907642577
sign_shuffle_null,lung,seed44,source_disjoint,7,36,-0.016027545233594398
sign_shuffle_null,lung,seed44,source_disjoint,7,37,-0.02465568458007028
sign_shuffle_null,lung,seed44,source_disjoint,7,38,-0.029260059411288175
sign_shuffle_null,lung,seed44,source_disjoint,7,39,-0.01216581150418583
sign_shuffle_null,lung,seed44,source_disjoint,7,40,-0.028728958502115376
sign_shuffle_null,lung,seed44,source_disjoint,7,41,-0.011580700333063243
sign_shuffle_null,lung,seed44,source_disjoint,7,42,-0.024889729048519327
sign_shuffle_null,lung,seed44,source_disjoint,7,43,-0.0071428571428571175
sign_shuffle_null,lung,seed44,source_disjoint,7,44,-0.018606535241695865
sign_shuffle_null,lung,seed44,source_disjoint,7,45,-0.01521739130434785
sign_shuffle_null,lung,seed44,source_disjoint,7,46,-0.027441713925645872
sign_shuffle_null,lung,seed44,source_disjoint,7,47,-0.031289945089567006
sign_shuffle_null,lung,seed44,source_disjoint,7,48,-0.013961652714015615
sign_shuffle_null,lung,seed44,source_disjoint,7,49,-0.004572868845080569
sign_shuffle_null,lung,seed44,source_disjoint,7,50,-0.017166261589702247
sign_shuffle_null,lung,seed44,source_disjoint,7,51,-0.021361058601134242
sign_shuffle_null,lung,seed44,source_disjoint,7,52,-0.012818435502745529
sign_shuffle_null,lung,seed44,source_disjoint,7,53,-0.00936627959312275
sign_shuffle_null,lung,seed44,source_disjoint,7,54,-0.00913223512467376
sign_shuffle_null,lung,seed44,source_disjoint,7,55,-0.012120802952561016
sign_shuffle_null,lung,seed44,source_disjoint,7,56,-0.02661805743091189
sign_shuffle_null,lung,seed44,source_disjoint,7,57,-0.015122873345935761
sign_shuffle_null,lung,seed44,source_disjoint,7,58,-0.025249797461517676
sign_shuffle_null,lung,seed44,source_disjoint,7,59,-0.020757944009361817
sign_shuffle_null,lung,seed44,source_disjoint,7,60,-0.012786929516608203
sign_shuffle_null,lung,seed44,source_disjoint,7,61,0.0007426411018093271
sign_shuffle_null,lung,seed44,source_disjoint,7,62,-0.011468178954001318
sign_shuffle_null,lung,seed44,source_disjoint,7,63,-0.0025249797461518453
sign_shuffle_null,lung,seed44,source_disjoint,11,0,-0.01904761904761898
sign_shuffle_null,lung,seed44,source_disjoint,11,1,-0.013777117652353787
sign_shuffle_null,lung,seed44,source_disjoint,11,2,-0.012296336303897704
sign_shuffle_null,lung,seed44,source_disjoint,11,3,-0.01864254208299565
sign_shuffle_null,lung,seed44,source_disjoint,11,4,-0.012350346565847548
sign_shuffle_null,lung,seed44,source_disjoint,11,5,-0.013318030425780836
sign_shuffle_null,lung,seed44,source_disjoint,11,6,-0.027072643802322438
sign_shuffle_null,lung,seed44,source_disjoint,11,7,-0.01336303897740565
sign_shuffle_null,lung,seed44,source_disjoint,11,8,-0.007426411018093271
sign_shuffle_null,lung,seed44,source_disjoint,11,9,-0.014335223692501509
sign_shuffle_null,lung,seed44,source_disjoint,11,10,-0.008178053830227627
sign_shuffle_null,lung,seed44,source_disjoint,11,11,-0.009132235124673538
sign_shuffle_null,lung,seed44,source_disjoint,11,12,-0.014699792960662483
sign_shuffle_null,lung,seed44,source_disjoint,11,13,-0.025677378701953357
sign_shuffle_null,lung,seed44,source_disjoint,11,14,-0.018070933477360662
sign_shuffle_null,lung,seed44,source_disjoint,11,15,-0.007516428121343011
sign_shuffle_null,lung,seed44,source_disjoint,11,16,-0.007345395625168782
sign_shuffle_null,lung,seed44,source_disjoint,11,17,-0.015424430641821862
sign_shuffle_null,lung,seed44,source_disjoint,11,18,-0.011333153299126764
sign_shuffle_null,lung,seed44,source_disjoint,11,19,-0.010131424970744374
sign_shuffle_null,lung,seed44,source_disjoint,11,20,-0.013556575749392286
sign_shuffle_null,lung,seed44,source_disjoint,11,21,-0.031244936537942136
sign_shuffle_null,lung,seed44,source_disjoint,11,22,-0.004928436402916514
sign_shuffle_null,lung,seed44,source_disjoint,11,23,-0.016752182914753666
sign_shuffle_null,lung,seed44,source_disjoint,11,24,-0.016779188045728644
sign_shuffle_null,lung,seed44,source_disjoint,11,25,-0.010766045548654235
sign_shuffle_null,lung,seed44,source_disjoint,11,26,-0.012611396165271294
sign_shuffle_null,lung,seed44,source_disjoint,11,27,-0.009240255648573115
sign_shuffle_null,lung,seed44,source_disjoint,11,28,-0.017148258169052077
sign_shuffle_null,lung,seed44,source_disjoint,11,29,-0.0038617337294086784
sign_shuffle_null,lung,seed44,source_disjoint,11,30,-0.027567737870195286
sign_shuffle_null,lung,seed44,source_disjoint,11,31,-0.02762624898730759
sign_shuffle_null,lung,seed44,source_disjoint,11,32,-0.0244486452425961
sign_shuffle_null,lung,seed44,source_disjoint,11,33,-0.024363128994508876
sign_shuffle_null,lung,seed44,source_disjoint,11,34,-0.0170402376451525
sign_shuffle_null,lung,seed44,source_disjoint,11,35,-0.020946979926185938
sign_shuffle_null,lung,seed44,source_disjoint,11,36,-0.02064092177513721
sign_shuffle_null,lung,seed44,source_disjoint,11,37,-0.024718696552344877
sign_shuffle_null,lung,seed44,source_disjoint,11,38,-0.014069673237915081
sign_shuffle_null,lung,seed44,source_disjoint,11,39,-0.0057340894770006035
sign_shuffle_null,lung,seed44,source_disjoint,11,40,-0.005576559546313753
sign_shuffle_null,lung,seed44,source_disjoint,11,41,-0.013331532991268324
sign_shuffle_null,lung,seed44,source_disjoint,11,42,-0.01880907372400742
sign_shuffle_null,lung,seed44,source_disjoint,11,43,-0.020924475650373475
sign_shuffle_null,lung,seed44,source_disjoint,11,44,-0.017184265010351973
sign_shuffle_null,lung,seed44,source_disjoint,11,45,-0.01399765955531529
sign_shuffle_null,lung,seed44,source_disjoint,11,46,-0.014317220271851339
sign_shuffle_null,lung,seed44,source_disjoint,11,47,-0.004428841479881207
sign_shuffle_null,lung,seed44,source_disjoint,11,48,-0.017895400126023864
sign_shuffle_null,lung,seed44,source_disjoint,11,49,-0.021023494463948078
sign_shuffle_null,lung,seed44,source_disjoint,11,50,-0.013619587721667159
sign_shuffle_null,lung,seed44,source_disjoint,11,51,-0.03759564317220271
sign_shuffle_null,lung,seed44,source_disjoint,11,52,-0.009739850571608644
sign_shuffle_null,lung,seed44,source_disjoint,11,53,-0.014308218561526642
sign_shuffle_null,lung,seed44,source_disjoint,11,54,-0.014231704023764502
sign_shuffle_null,lung,seed44,source_disjoint,11,55,-0.0345305608065532
sign_shuffle_null,lung,seed44,source_disjoint,11,56,-0.0036006841299845993
sign_shuffle_null,lung,seed44,source_disjoint,11,57,-0.023089386983526805
sign_shuffle_null,lung,seed44,source_disjoint,11,58,-0.00535601764335214
sign_shuffle_null,lung,seed44,source_disjoint,11,59,-0.01544693491763438
sign_shuffle_null,lung,seed44,source_disjoint,11,60,-0.015361418669546989
sign_shuffle_null,lung,seed44,source_disjoint,11,61,-0.00838959402286421
sign_shuffle_null,lung,seed44,source_disjoint,11,62,-0.006832298136645876
sign_shuffle_null,lung,seed44,source_disjoint,11,63,-0.019619227653253857
sign_shuffle_null,lung,seed44,target_disjoint,7,0,0.009104044999870942
sign_shuffle_null,lung,seed44,target_disjoint,7,1,0.0019007973027600489
sign_shuffle_null,lung,seed44,target_disjoint,7,2,-0.014561311464129978
sign_shuffle_null,lung,seed44,target_disjoint,7,3,-0.006872113325363194
sign_shuffle_null,lung,seed44,target_disjoint,7,4,-0.006261449938503527
sign_shuffle_null,lung,seed44,target_disjoint,7,5,-0.013933446291725105
sign_shuffle_null,lung,seed44,target_disjoint,7,6,-0.02125280604126706
sign_shuffle_null,lung,seed44,target_disjoint,7,7,-0.007895619565310819
sign_shuffle_null,lung,seed44,target_disjoint,7,8,0.0023308419413935466
sign_shuffle_null,lung,seed44,target_disjoint,7,9,0.0029630075601847494
sign_shuffle_null,lung,seed44,target_disjoint,7,10,-0.019429416773460995
sign_shuffle_null,lung,seed44,target_disjoint,7,11,-0.008329964650330757
sign_shuffle_null,lung,seed44,target_disjoint,7,12,-0.0041714329947447615
sign_shuffle_null,lung,seed44,target_disjoint,7,13,-0.007082835198293558
sign_shuffle_null,lung,seed44,target_disjoint,7,14,-0.004223038351380826
sign_shuffle_null,lung,seed44,target_disjoint,7,15,-0.005483069142577013
sign_shuffle_null,lung,seed44,target_disjoint,7,16,-0.00978351552891188
sign_shuffle_null,lung,seed44,target_disjoint,7,17,0.01331848245847922
sign_shuffle_null,lung,seed44,target_disjoint,7,18,-0.012217568183577443
sign_shuffle_null,lung,seed44,target_disjoint,7,19,-0.006252849045730868
sign_shuffle_null,lung,seed44,target_disjoint,7,20,-0.015817041808939725
sign_shuffle_null,lung,seed44,target_disjoint,7,21,-0.03181040191971929
sign_shuffle_null,lung,seed44,target_disjoint,7,22,-0.01240248737818972
sign_shuffle_null,lung,seed44,target_disjoint,7,23,-0.0012858334695140528
sign_shuffle_null,lung,seed44,target_disjoint,7,24,-0.0038402986229970626
sign_shuffle_null,lung,seed44,target_disjoint,7,25,0.0029114022035487963
sign_shuffle_null,lung,seed44,target_disjoint,7,26,-0.005220741913010585
sign_shuffle_null,lung,seed44,target_disjoint,7,27,-0.003543567822339888
sign_shuffle_null,lung,seed44,target_disjoint,7,28,0.0027522856872543855
sign_shuffle_null,lung,seed44,target_disjoint,7,29,-0.009409376693300886
sign_shuffle_null,lung,seed44,target_disjoint,7,30,0.0007095736537452435
sign_shuffle_null,lung,seed44,target_disjoint,7,31,-0.0075730860863357785
sign_shuffle_null,lung,seed44,target_disjoint,7,32,0.0018792950708284017
sign_shuffle_null,lung,seed44,target_disjoint,7,33,-0.00041714329947439843
sign_shuffle_null,lung,seed44,target_disjoint,7,34,-0.012514298984234506
sign_shuffle_null,lung,seed44,target_disjoint,7,35,0.011387582031014976
sign_shuffle_null,lung,seed44,target_disjoint,7,36,-0.017279193580293672
sign_shuffle_null,lung,seed44,target_disjoint,7,37,-0.023919082800794744
sign_shuffle_null,lung,seed44,target_disjoint,7,38,0.0014664522177402217
sign_shuffle_null,lung,seed44,target_disjoint,7,39,-0.010226461506704365
sign_shuffle_null,lung,seed44,target_disjoint,7,40,-0.025007095736537477
sign_shuffle_null,lung,seed44,target_disjoint,7,41,0.00838157000696671
sign_shuffle_null,lung,seed44,target_disjoint,7,42,-0.026237023403029136
sign_shuffle_null,lung,seed44,target_disjoint,7,43,-0.010785519536927857
sign_shuffle_null,lung,seed44,target_disjoint,7,44,-0.02429322163640585
sign_shuffle_null,lung,seed44,target_disjoint,7,45,0.001591165162943886
sign_shuffle_null,lung,seed44,target_disjoint,7,46,0.0010407080254930534
sign_shuffle_null,lung,seed44,target_disjoint,7,47,-0.015051562352172088
sign_shuffle_null,lung,seed44,target_disjoint,7,48,0.005319652179896273
sign_shuffle_null,lung,seed44,target_disjoint,7,49,-0.005526073606440307
sign_shuffle_null,lung,seed44,target_disjoint,7,50,-0.0032253347897510665
sign_shuffle_null,lung,seed44,target_disjoint,7,51,-0.012660514161369929
sign_shuffle_null,lung,seed44,target_disjoint,7,52,0.006528077614456396
sign_shuffle_null,lung,seed44,target_disjoint,7,53,-0.0237986703019773
sign_shuffle_null,lung,seed44,target_disjoint,7,54,-0.006665691898819048
sign_shuffle_null,lung,seed44,target_disjoint,7,55,-0.012694917732460786
sign_shuffle_null,lung,seed44,target_disjoint,7,56,-0.0073924673381097206
sign_shuffle_null,lung,seed44,target_disjoint,7,57,0.0020900169437587657
sign_shuffle_null,lung,seed44,target_disjoint,7,58,-0.0005719593693824798
sign_shuffle_null,lung,seed44,target_disjoint,7,59,-0.004085424067018284
sign_shuffle_null,lung,seed44,target_disjoint,7,60,-0.005194939234692608
sign_shuffle_null,lung,seed44,target_disjoint,7,61,-0.0194853225764835
sign_shuffle_null,lung,seed44,target_disjoint,7,62,-0.009185753481211312
sign_shuffle_null,lung,seed44,target_disjoint,7,63,0.006377561990934644
sign_shuffle_null,lung,seed44,target_disjoint,11,0,-0.004300446386334866
sign_shuffle_null,lung,seed44,target_disjoint,11,1,-0.02768627383522404
sign_shuffle_null,lung,seed44,target_disjoint,11,2,-0.02732503633877198
sign_shuffle_null,lung,seed44,target_disjoint,11,3,-0.005035822718398197
sign_shuffle_null,lung,seed44,target_disjoint,11,4,-0.006330257080684909
sign_shuffle_null,lung,seed44,target_disjoint,11,5,-0.010209259721159047
sign_shuffle_null,lung,seed44,target_disjoint,11,6,-0.01856072660342134
sign_shuffle_null,lung,seed44,target_disjoint,11,7,-0.012449792288439565
sign_shuffle_null,lung,seed44,target_disjoint,11,8,0.009800717314457197
sign_shuffle_null,lung,seed44,target_disjoint,11,9,-0.021261406934039717
sign_shuffle_null,lung,seed44,target_disjoint,11,10,-0.005414262000395631
sign_shuffle_null,lung,seed44,target_disjoint,11,11,-0.002477057118528858
sign_shuffle_null,lung,seed44,target_disjoint,11,12,-0.0231019979873911
sign_shuffle_null,lung,seed44,target_disjoint,11,13,-0.014384993162290138
sign_shuffle_null,lung,seed44,target_disjoint,11,14,-0.01623418510841429
sign_shuffle_null,lung,seed44,target_disjoint,11,15,-0.006149638332458962
sign_shuffle_null,lung,seed44,target_disjoint,11,16,-0.022448330136668082
sign_shuffle_null,lung,seed44,target_disjoint,11,17,-0.01469892574849263
sign_shuffle_null,lung,seed44,target_disjoint,11,18,-0.01244549184205318
sign_shuffle_null,lung,seed44,target_disjoint,11,19,-0.02308479620184578
sign_shuffle_null,lung,seed44,target_disjoint,11,20,-0.002829693722208426
sign_shuffle_null,lung,seed44,target_disjoint,11,21,-0.015025759673854111
sign_shuffle_null,lung,seed44,target_disjoint,11,22,-0.004992818254534903
sign_shuffle_null,lung,seed44,target_disjoint,11,23,-0.0030361151487524607
sign_shuffle_null,lung,seed44,target_disjoint,11,24,-0.023136401558481734
sign_shuffle_null,lung,seed44,target_disjoint,11,25,-0.031255644335882016
sign_shuffle_null,lung,seed44,target_disjoint,11,26,-0.010480187843498079
sign_shuffle_null,lung,seed44,target_disjoint,11,27,-0.022018285498034695
sign_shuffle_null,lung,seed44,target_disjoint,11,28,0.001367541950854534
sign_shuffle_null,lung,seed44,target_disjoint,11,29,0.0054400646787136075
sign_shuffle_null,lung,seed44,target_disjoint,11,30,-0.012583106126415944
sign_shuffle_null,lung,seed44,target_disjoint,11,31,-0.009297565087255988
sign_shuffle_null,lung,seed44,target_disjoint,11,32,-0.018040372590674925
sign_shuffle_null,lung,seed44,target_disjoint,11,33,-0.0261166109042118
sign_shuffle_null,lung,seed44,target_disjoint,11,34,-0.006786104397636383
sign_shuffle_null,lung,seed44,target_disjoint,11,35,-0.012024048096192397
sign_shuffle_null,lung,seed44,target_disjoint,11,36,-0.00468318611471874
sign_shuffle_null,lung,seed44,target_disjoint,11,37,-0.004558473169514965
sign_shuffle_null,lung,seed44,target_disjoint,11,38,-0.02624992474218818
sign_shuffle_null,lung,seed44,target_disjoint,11,39,-0.018573627942580495
sign_shuffle_null,lung,seed44,target_disjoint,11,40,-0.011366079799083162
sign_shuffle_null,lung,seed44,target_disjoint,11,41,-0.02318370646873147
sign_shuffle_null,lung,seed44,target_disjoint,11,42,-0.010832824447177536
sign_shuffle_null,lung,seed44,target_disjoint,11,43,-0.0019309004274643549
sign_shuffle_null,lung,seed44,target_disjoint,11,44,-0.0019653039985551013
sign_shuffle_null,lung,seed44,target_disjoint,11,45,-0.009336269104733008
sign_shuffle_null,lung,seed44,target_disjoint,11,46,-0.010028640972932934
sign_shuffle_null,lung,seed44,target_disjoint,11,47,-0.009942632045206345
sign_shuffle_null,lung,seed44,target_disjoint,11,48,-0.0017029767689885622
sign_shuffle_null,lung,seed44,target_disjoint,11,49,-0.013619513705522668
sign_shuffle_null,lung,seed44,target_disjoint,11,50,-0.015834243594485153
sign_shuffle_null,lung,seed44,target_disjoint,11,51,-0.025566153766760913
sign_shuffle_null,lung,seed44,target_disjoint,11,52,-0.01478923512260566
sign_shuffle_null,lung,seed44,target_disjoint,11,53,-0.017636130630359403
sign_shuffle_null,lung,seed44,target_disjoint,11,54,-0.0008342865989490189
sign_shuffle_null,lung,seed44,target_disjoint,11,55,-0.020715250242975103
sign_shuffle_null,lung,seed44,target_disjoint,11,56,-0.02221180558541974
sign_shuffle_null,lung,seed44,target_disjoint,11,57,-0.01586434671918946
sign_shuffle_null,lung,seed44,target_disjoint,11,58,-0.020599138190544097
sign_shuffle_null,lung,seed44,target_disjoint,11,59,-0.013408791832592026
sign_shuffle_null,lung,seed44,target_disjoint,11,60,-0.005220741913010585
sign_shuffle_null,lung,seed44,target_disjoint,11,61,0.001690075429829685
sign_shuffle_null,lung,seed44,target_disjoint,11,62,-0.008476179827466124
sign_shuffle_null,lung,seed44,target_disjoint,11,63,-0.0036381776428393575
split_label_placebo,external_lung,seed42_main,source_disjoint,7,0,0.009293300653594683
split_label_placebo,external_lung,seed42_main,source_disjoint,7,1,0.010190918472652188
split_label_placebo,external_lung,seed42_main,source_disjoint,7,2,0.016302244582043324
split_label_placebo,external_lung,seed42_main,source_disjoint,7,3,0.0012147402820776865
split_label_placebo,external_lung,seed42_main,source_disjoint,7,4,0.02965901272789795
split_label_placebo,external_lung,seed42_main,source_disjoint,7,5,0.004375214998279975
split_label_placebo,external_lung,seed42_main,source_disjoint,7,6,-0.020150713794289565
split_label_placebo,external_lung,seed42_main,source_disjoint,7,7,-0.0004514963880289935
split_label_placebo,external_lung,seed42_main,source_disjoint,7,8,-0.01400176298589606
split_label_placebo,external_lung,seed42_main,source_disjoint,7,9,0.0014888630890952381
split_label_placebo,external_lung,seed42_main,source_disjoint,7,10,0.01562500000000011
split_label_placebo,external_lung,seed42_main,source_disjoint,7,11,0.04212891296869625
split_label_placebo,external_lung,seed42_main,source_disjoint,7,12,0.03702807877536973
split_label_placebo,external_lung,seed42_main,source_disjoint,7,13,0.0037463450292397615
split_label_placebo,external_lung,seed42_main,source_disjoint,7,14,0.0029831011351908465
split_label_placebo,external_lung,seed42_main,source_disjoint,7,15,0.030271757825937384
split_label_placebo,external_lung,seed42_main,source_disjoint,7,16,-0.0032787237702099348
split_label_placebo,external_lung,seed42_main,source_disjoint,7,17,0.018124355005159964
split_label_placebo,external_lung,seed42_main,source_disjoint,7,18,0.0014297385620914982
split_label_placebo,external_lung,seed42_main,source_disjoint,7,19,-0.0023596061231510035
split_label_placebo,external_lung,seed42_main,source_disjoint,7,20,0.018656475748193957
split_label_placebo,external_lung,seed42_main,source_disjoint,7,21,-0.001886609907120751
split_label_placebo,external_lung,seed42_main,source_disjoint,7,22,0.022988691090471303
split_label_placebo,external_lung,seed42_main,source_disjoint,7,23,-0.0064176986584106865
split_label_placebo,external_lung,seed42_main,source_disjoint,7,24,-0.003493722050223691
split_label_placebo,external_lung,seed42_main,source_disjoint,7,25,-0.028014275885792916
split_label_placebo,external_lung,seed42_main,source_disjoint,7,26,0.016796740626074946
split_label_placebo,external_lung,seed42_main,source_disjoint,7,27,0.020118464052287566
split_label_placebo,external_lung,seed42_main,source_disjoint,7,28,-0.00945454936360518
split_label_placebo,external_lung,seed42_main,source_disjoint,7,29,0.012582774337805303
split_label_placebo,external_lung,seed42_main,source_disjoint,7,30,0.02577829377364993
split_label_placebo,external_lung,seed42_main,source_disjoint,7,31,0.0014727382180942383
split_label_placebo,external_lung,seed42_main,source_disjoint,7,32,0.022150197798417537
split_label_placebo,external_lung,seed42_main,source_disjoint,7,33,-0.002934726522187847
split_label_placebo,external_lung,seed42_main,source_disjoint,7,34,-0.024966675266597904
split_label_placebo,external_lung,seed42_main,source_disjoint,7,35,0.009760921912624565
split_label_placebo,external_lung,seed42_main,source_disjoint,7,36,0.009664172686618455
split_label_placebo,external_lung,seed42_main,source_disjoint,7,37,-0.006691821465428238
split_label_placebo,external_lung,seed42_main,source_disjoint,7,38,0.022064198486412057
split_label_placebo,external_lung,seed42_main,source_disjoint,7,39,0.016157120743034104
split_label_placebo,external_lung,seed42_main,source_disjoint,7,40,-0.010825163398692716
split_label_placebo,external_lung,seed42_main,source_disjoint,7,41,0.013211644306845405
split_label_placebo,external_lung,seed42_main,source_disjoint,7,42,0.015496001031991613
split_label_placebo,external_lung,seed42_main,source_disjoint,7,43,0.02215557275541813
split_label_placebo,external_lung,seed42_main,source_disjoint,7,44,0.0035205968352253203
split_label_placebo,external_lung,seed42_main,source_disjoint,7,45,0.017828732370141043
split_label_placebo,external_lung,seed42_main,source_disjoint,7,46,0.019570218438252518
split_label_placebo,external_lung,seed42_main,source_disjoint,7,47,-0.0038699690402477227
split_label_placebo,external_lung,seed42_main,source_disjoint,7,48,0.022080323357413112
split_label_placebo,external_lung,seed42_main,source_disjoint,7,49,0.02711128310973493
split_label_placebo,external_lung,seed42_main,source_disjoint,7,50,0.021472953216374213
split_label_placebo,external_lung,seed42_main,source_disjoint,7,51,0.012523649810801563
split_label_placebo,external_lung,seed42_main,source_disjoint,7,52,0.008169934640522847
split_label_placebo,external_lung,seed42_main,source_disjoint,7,53,-0.009556673546611605
split_label_placebo,external_lung,seed42_main,source_disjoint,7,54,0.014109262125903022
split_label_placebo,external_lung,seed42_main,source_disjoint,7,55,0.016216245270037788
split_label_placebo,external_lung,seed42_main,source_disjoint,7,56,0.019494969040247667
split_label_placebo,external_lung,seed42_main,source_disjoint,7,57,0.02119345545235629
split_label_placebo,external_lung,seed42_main,source_disjoint,7,58,-0.005385706914344757
split_label_placebo,external_lung,seed42_main,source_disjoint,7,59,0.014533883728930164
split_label_placebo,external_lung,seed42_main,source_disjoint,7,60,0.019097222222222432
split_label_placebo,external_lung,seed42_main,source_disjoint,7,61,0.0010696164430683552
split_label_placebo,external_lung,seed42_main,source_disjoint,7,62,0.02432705538355684
split_label_placebo,external_lung,seed42_main,source_disjoint,7,63,0.02552567079463358
split_label_placebo,external_lung,seed42_main,source_disjoint,11,0,0.024187306501548045
split_label_placebo,external_lung,seed42_main,source_disjoint,11,1,0.011497033023735836
split_label_placebo,external_lung,seed42_main,source_disjoint,11,2,0.011712031303749537
split_label_placebo,external_lung,seed42_main,source_disjoint,11,3,0.017930856553147523
split_label_placebo,external_lung,seed42_main,source_disjoint,11,4,0.025670794633642913
split_label_placebo,external_lung,seed42_main,source_disjoint,11,5,0.013706140350877138
split_label_placebo,external_lung,seed42_main,source_disjoint,11,6,0.0006288699690402133
split_label_placebo,external_lung,seed42_main,source_disjoint,11,7,0.016694616443068355
split_label_placebo,external_lung,seed42_main,source_disjoint,11,8,0.007847437220502296
split_label_placebo,external_lung,seed42_main,source_disjoint,11,9,0.004950335397316763
split_label_placebo,external_lung,seed42_main,source_disjoint,11,10,0.0138297643618851
split_label_placebo,external_lung,seed42_main,source_disjoint,11,11,0.01926922084623317
split_label_placebo,external_lung,seed42_main,source_disjoint,11,12,0.019914215686274384
split_label_placebo,external_lung,seed42_main,source_disjoint,11,13,-0.010814413484692198
split_label_placebo,external_lung,seed42_main,source_disjoint,11,14,0.0019564843481252314
split_label_placebo,external_lung,seed42_main,source_disjoint,11,15,0.0036603457172343923
split_label_placebo,external_lung,seed42_main,source_disjoint,11,16,0.005294332645338795
split_label_placebo,external_lung,seed42_main,source_disjoint,11,17,0.016613992088063134
split_label_placebo,external_lung,seed42_main,source_disjoint,11,18,-0.016936489508083907
split_label_placebo,external_lung,seed42_main,source_disjoint,11,19,0.0008116185070519144
split_label_placebo,external_lung,seed42_main,source_disjoint,11,20,0.013684640522875768
split_label_placebo,external_lung,seed42_main,source_disjoint,11,21,-0.0014888630890952936
split_label_placebo,external_lung,seed42_main,source_disjoint,11,22,-0.007551814585483152
split_label_placebo,external_lung,seed42_main,source_disjoint,11,23,-0.024649552803577446
split_label_placebo,external_lung,seed42_main,source_disjoint,11,24,0.017328861369108883
split_label_placebo,external_lung,seed42_main,source_disjoint,11,25,0.003552846577227431
split_label_placebo,external_lung,seed42_main,source_disjoint,11,26,-0.017022488820089443
split_label_placebo,external_lung,seed42_main,source_disjoint,11,27,-0.0029078517371859958
split_label_placebo,external_lung,seed42_main,source_disjoint,11,28,0.016479618163054544
split_label_placebo,external_lung,seed42_main,source_disjoint,11,29,0.023751934984520218
split_label_placebo,external_lung,seed42_main,source_disjoint,11,30,0.010282292741658094
split_label_placebo,external_lung,seed42_main,source_disjoint,11,31,0.004987960096319244
split_label_placebo,external_lung,seed42_main,source_disjoint,11,32,0.012152777777777901
split_label_placebo,external_lung,seed42_main,source_disjoint,11,33,-0.005751203990368214
split_label_placebo,external_lung,seed42_main,source_disjoint,11,34,0.008132309941520477
split_label_placebo,external_lung,seed42_main,source_disjoint,11,35,-0.002058608531131767
split_label_placebo,external_lung,seed42_main,source_disjoint,11,36,0.007304566563467452
split_label_placebo,external_lung,seed42_main,source_disjoint,11,37,0.017194487444100348
split_label_placebo,external_lung,seed42_main,source_disjoint,11,38,0.032174492604059135
split_label_placebo,external_lung,seed42_main,source_disjoint,11,39,0.0014942380460956084
split_label_placebo,external_lung,seed42_main,source_disjoint,11,40,-0.001967234262125861
split_label_placebo,external_lung,seed42_main,source_disjoint,11,41,0.0054125816993465525
split_label_placebo,external_lung,seed42_main,source_disjoint,11,42,0.031271499828001315
split_label_placebo,external_lung,seed42_main,source_disjoint,11,43,-0.00884717922256606
split_label_placebo,external_lung,seed42_main,source_disjoint,11,44,-0.004934210526315819
split_label_placebo,external_lung,seed42_main,source_disjoint,11,45,-0.016990239078087332
split_label_placebo,external_lung,seed42_main,source_disjoint,11,46,0.0066273219814241835
split_label_placebo,external_lung,seed42_main,source_disjoint,11,47,0.007438940488475931
split_label_placebo,external_lung,seed42_main,source_disjoint,11,48,0.023262813897488854
split_label_placebo,external_lung,seed42_main,source_disjoint,11,49,-0.010852038183694512
split_label_placebo,external_lung,seed42_main,source_disjoint,11,50,0.021951324389404947
split_label_placebo,external_lung,seed42_main,source_disjoint,11,51,0.00858918128654973
split_label_placebo,external_lung,seed42_main,source_disjoint,11,52,0.0016232370141039398
split_label_placebo,external_lung,seed42_main,source_disjoint,11,53,0.009739422084623306
split_label_placebo,external_lung,seed42_main,source_disjoint,11,54,-0.012701023391812893
split_label_placebo,external_lung,seed42_main,source_disjoint,11,55,0.01818885448916413
split_label_placebo,external_lung,seed42_main,source_disjoint,11,56,0.005025584795321669
split_label_placebo,external_lung,seed42_main,source_disjoint,11,57,0.010319917440660464
split_label_placebo,external_lung,seed42_main,source_disjoint,11,58,0.014308135534915833
split_label_placebo,external_lung,seed42_main,source_disjoint,11,59,0.004944960440316448
split_label_placebo,external_lung,seed42_main,source_disjoint,11,60,-0.007578689370485059
split_label_placebo,external_lung,seed42_main,source_disjoint,11,61,0.011932404540763664
split_label_placebo,external_lung,seed42_main,source_disjoint,11,62,0.01394801341589269
split_label_placebo,external_lung,seed42_main,source_disjoint,11,63,0.0018328603371172703
split_label_placebo,external_lung,seed42_main,target_disjoint,7,0,-0.010757009937337858
split_label_placebo,external_lung,seed42_main,target_disjoint,7,1,0.006563706563706584
split_label_placebo,external_lung,seed42_main,target_disjoint,7,2,0.020662700170896886
split_label_placebo,external_lung,seed42_main,target_disjoint,7,3,0.004190138616368078
split_label_placebo,external_lung,seed42_main,target_disjoint,7,4,0.0010222165959870022
split_label_placebo,external_lung,seed42_main,target_disjoint,7,5,-0.014741439331603268
split_label_placebo,external_lung,seed42_main,target_disjoint,7,6,-0.00644661054497131
split_label_placebo,external_lung,seed42_main,target_disjoint,7,7,-0.009912019748085255
split_label_placebo,external_lung,seed42_main,target_disjoint,7,8,0.01885245901639343
split_label_placebo,external_lung,seed42_main,target_disjoint,7,9,0.0010317108677764253
split_label_placebo,external_lung,seed42_main,target_disjoint,7,10,0.007130198113804775
split_label_placebo,external_lung,seed42_main,target_disjoint,7,11,-0.0015475663016646934
split_label_placebo,external_lung,seed42_main,target_disjoint,7,12,-0.008313817330210915
split_label_placebo,external_lung,seed42_main,target_disjoint,7,13,-0.005826318121400109
split_label_placebo,external_lung,seed42_main,target_disjoint,7,14,-0.0046078865750995845
split_label_placebo,external_lung,seed42_main,target_disjoint,7,15,-0.0003955946578897973
split_label_placebo,external_lung,seed42_main,target_disjoint,7,16,0.004607886575099696
split_label_placebo,external_lung,seed42_main,target_disjoint,7,17,0.01270966516868155
split_label_placebo,external_lung,seed42_main,target_disjoint,7,18,-0.0034495854167984064
split_label_placebo,external_lung,seed42_main,target_disjoint,7,19,-0.013931261472245215
split_label_placebo,external_lung,seed42_main,target_disjoint,7,20,-0.004974998417621446
split_label_placebo,external_lung,seed42_main,target_disjoint,7,21,0.0016520032913475147
split_label_placebo,external_lung,seed42_main,target_disjoint,7,22,0.00133869232229894
split_label_placebo,external_lung,seed42_main,target_disjoint,7,23,0.0019273371732387856
split_label_placebo,external_lung,seed42_main,target_disjoint,7,24,0.00913981897588445
split_label_placebo,external_lung,seed42_main,target_disjoint,7,25,-0.022311538704981315
split_label_placebo,external_lung,seed42_main,target_disjoint,7,26,-0.006611177922653366
split_label_placebo,external_lung,seed42_main,target_disjoint,7,27,0.0004810431039940499
split_label_placebo,external_lung,seed42_main,target_disjoint,7,28,-0.014380657003607855
split_label_placebo,external_lung,seed42_main,target_disjoint,7,29,-0.013067282739413821
split_label_placebo,external_lung,seed42_main,target_disjoint,7,30,0.01403253370466484
split_label_placebo,external_lung,seed42_main,target_disjoint,7,31,-0.01508639787328303
split_label_placebo,external_lung,seed42_main,target_disjoint,7,32,-0.004478131527311802
split_label_placebo,external_lung,seed42_main,target_disjoint,7,33,-0.005845306664978733
split_label_placebo,external_lung,seed42_main,target_disjoint,7,34,0.01159883536932732
split_label_placebo,external_lung,seed42_main,target_disjoint,7,35,0.029881638078359418
split_label_placebo,external_lung,seed42_main,target_disjoint,7,36,-0.010367744793974343
split_label_placebo,external_lung,seed42_main,target_disjoint,7,37,-0.026302297613773062
split_label_placebo,external_lung,seed42_main,target_disjoint,7,38,0.0002721691246280189
split_label_placebo,external_lung,seed42_main,target_disjoint,7,39,0.0039622760934236445
split_label_placebo,external_lung,seed42_main,target_disjoint,7,40,0.01247863788847392
split_label_placebo,external_lung,seed42_main,target_disjoint,7,41,0.004145832014684325
split_label_placebo,external_lung,seed42_main,target_disjoint,7,42,-0.020596240268371424
split_label_placebo,external_lung,seed42_main,target_disjoint,7,43,-0.010706373821127935
split_label_placebo,external_lung,seed42_main,target_disjoint,7,44,-0.011617823912905889
split_label_placebo,external_lung,seed42_main,target_disjoint,7,45,-0.003000189885435822
split_label_placebo,external_lung,seed42_main,target_disjoint,7,46,-0.007063738211279258
split_label_placebo,external_lung,seed42_main,target_disjoint,7,47,0.004221786188999155
split_label_placebo,external_lung,seed42_main,target_disjoint,7,48,-0.004756630166466325
split_label_placebo,external_lung,seed42_main,target_disjoint,7,49,-0.004136337742895124
split_label_placebo,external_lung,seed42_main,target_disjoint,7,50,-0.002693208430913252
split_label_placebo,external_lung,seed42_main,target_disjoint,7,51,0.010054433824925768
split_label_placebo,external_lung,seed42_main,target_disjoint,7,52,-0.005756693461611506
split_label_placebo,external_lung,seed42_main,target_disjoint,7,53,-0.012959680992467859
split_label_placebo,external_lung,seed42_main,target_disjoint,7,54,-0.0039053104626877166
split_label_placebo,external_lung,seed42_main,target_disjoint,7,55,0.021131084245838483
split_label_placebo,external_lung,seed42_main,target_disjoint,7,56,-0.0030856383315399083
split_label_placebo,external_lung,seed42_main,target_disjoint,7,57,-0.0038546743464775157
split_label_placebo,external_lung,seed42_main,target_disjoint,7,58,0.009753781884929258
split_label_placebo,external_lung,seed42_main,target_disjoint,7,59,-0.0005285144629406657
split_label_placebo,external_lung,seed42_main,target_disjoint,7,60,-0.010158870814608534
split_label_placebo,external_lung,seed42_main,target_disjoint,7,61,0.0060193683144502685
split_label_placebo,external_lung,seed42_main,target_disjoint,7,62,-0.011760237989746347
split_label_placebo,external_lung,seed42_main,target_disjoint,7,63,-0.012643205266156088
split_label_placebo,external_lung,seed42_main,target_disjoint,11,0,0.017263750870308292
split_label_placebo,external_lung,seed42_main,target_disjoint,11,1,0.010120893727451064
split_label_placebo,external_lung,seed42_main,target_disjoint,11,2,-0.012193809734793393
split_label_placebo,external_lung,seed42_main,target_disjoint,11,3,-0.004069877840369662
split_label_placebo,external_lung,seed42_main,target_disjoint,11,4,0.012174821191214602
split_label_placebo,external_lung,seed42_main,target_disjoint,11,5,0.011215899740489865
split_label_placebo,external_lung,seed42_main,target_disjoint,11,6,-0.015250965250965254
split_label_placebo,external_lung,seed42_main,target_disjoint,11,7,0.01978289765175012
split_label_placebo,external_lung,seed42_main,target_disjoint,11,8,0.013513513513513598
split_label_placebo,external_lung,seed42_main,target_disjoint,11,9,-0.01401354516108616
split_label_placebo,external_lung,seed42_main,target_disjoint,11,10,0.003348313184378837
split_label_placebo,external_lung,seed42_main,target_disjoint,11,11,0.0021298816380784236
split_label_placebo,external_lung,seed42_main,target_disjoint,11,12,0.033404012912209735
split_label_placebo,external_lung,seed42_main,target_disjoint,11,13,-0.013361605164883827
split_label_placebo,external_lung,seed42_main,target_disjoint,11,14,0.014665485157288438
split_label_placebo,external_lung,seed42_main,target_disjoint,11,15,0.012225457307424414
split_label_placebo,external_lung,seed42_main,target_disjoint,11,16,0.0082758402430535
split_label_placebo,external_lung,seed42_main,target_disjoint,11,17,0.017130831065257313
split_label_placebo,external_lung,seed42_main,target_disjoint,11,18,0.03886638394835107
split_label_placebo,external_lung,seed42_main,target_disjoint,11,19,-0.025504778783467408
split_label_placebo,external_lung,seed42_main,target_disjoint,11,20,-0.017393505918096075
split_label_placebo,external_lung,seed42_main,target_disjoint,11,21,0.01142477371985573
split_label_placebo,external_lung,seed42_main,target_disjoint,11,22,-0.016345971264004056
split_label_placebo,external_lung,seed42_main,target_disjoint,11,23,-0.004902209000569646
split_label_placebo,external_lung,seed42_main,target_disjoint,11,24,-0.007896069371479186
split_label_placebo,external_lung,seed42_main,target_disjoint,11,25,0.008896132666624423
split_label_placebo,external_lung,seed42_main,target_disjoint,11,26,0.00955756693461618
split_label_placebo,external_lung,seed42_main,target_disjoint,11,27,0.014839546806759918
split_label_placebo,external_lung,seed42_main,target_disjoint,11,28,0.02832141274764227
split_label_placebo,external_lung,seed42_main,target_disjoint,11,29,-0.0057915057915058354
split_label_placebo,external_lung,seed42_main,target_disjoint,11,30,0.007266282676118729
split_label_placebo,external_lung,seed42_main,target_disjoint,11,31,-0.019105639597442936
split_label_placebo,external_lung,seed42_main,target_disjoint,11,32,-0.01518450534843968
split_label_placebo,external_lung,seed42_main,target_disjoint,11,33,-0.010950060130388017
split_label_placebo,external_lung,seed42_main,target_disjoint,11,34,-0.028634723716690902
split_label_placebo,external_lung,seed42_main,target_disjoint,11,35,0.0061617823912906156
split_label_placebo,external_lung,seed42_main,target_disjoint,11,36,0.015228811950123433
split_label_placebo,external_lung,seed42_main,target_disjoint,11,37,0.011848851193113519
split_label_placebo,external_lung,seed42_main,target_disjoint,11,38,-0.02177352997025117
split_label_placebo,external_lung,seed42_main,target_disjoint,11,39,0.0018134059117665968
split_label_placebo,external_lung,seed42_main,target_disjoint,11,40,0.0066396607380215245
split_label_placebo,external_lung,seed42_main,target_disjoint,11,41,-0.004813595797202419
split_label_placebo,external_lung,seed42_main,target_disjoint,11,42,0.008516361795050442
split_label_placebo,external_lung,seed42_main,target_disjoint,11,43,0.030327868852459083
split_label_placebo,external_lung,seed42_main,target_disjoint,11,44,0.006557377049180302
split_label_placebo,external_lung,seed42_main,target_disjoint,11,45,-0.0006044686372555508
split_label_placebo,external_lung,seed42_main,target_disjoint,11,46,0.014842711564023114
split_label_placebo,external_lung,seed42_main,target_disjoint,11,47,-0.004525602886258584
split_label_placebo,external_lung,seed42_main,target_disjoint,11,48,0.007123868599278327
split_label_placebo,external_lung,seed42_main,target_disjoint,11,49,0.007152351414646485
split_label_placebo,external_lung,seed42_main,target_disjoint,11,50,-0.005376922590037414
split_label_placebo,external_lung,seed42_main,target_disjoint,11,51,-0.011500727894170393
split_label_placebo,external_lung,seed42_main,target_disjoint,11,52,-0.013079941768466385
split_label_placebo,external_lung,seed42_main,target_disjoint,11,53,0.027394138869548668
split_label_placebo,external_lung,seed42_main,target_disjoint,11,54,0.02894170517121336
split_label_placebo,external_lung,seed42_main,target_disjoint,11,55,0.004845243369833718
split_label_placebo,external_lung,seed42_main,target_disjoint,11,56,-0.006320020254446446
split_label_placebo,external_lung,seed42_main,target_disjoint,11,57,-0.010788657509968935
split_label_placebo,external_lung,seed42_main,target_disjoint,11,58,0.009209443635673109
split_label_placebo,external_lung,seed42_main,target_disjoint,11,59,-0.0017469460092410793
split_label_placebo,external_lung,seed42_main,target_disjoint,11,60,0.01904867396670673
split_label_placebo,external_lung,seed42_main,target_disjoint,11,61,-3.1647572630300047e-06
split_label_placebo,external_lung,seed42_main,target_disjoint,11,62,-0.011146275080701318
split_label_placebo,external_lung,seed42_main,target_disjoint,11,63,-0.008911956452940129
split_label_placebo,external_lung,seed43,source_disjoint,7,0,-0.007760347129506073
split_label_placebo,external_lung,seed43,source_disjoint,7,1,-0.020606178608515102
split_label_placebo,external_lung,seed43,source_disjoint,7,2,-0.02687843049992583
split_label_placebo,external_lung,seed43,source_disjoint,7,3,-0.00908155318202064
split_label_placebo,external_lung,seed43,source_disjoint,7,4,-0.005674232309746174
split_label_placebo,external_lung,seed43,source_disjoint,7,5,-0.008571614003857086
split_label_placebo,external_lung,seed43,source_disjoint,7,6,-0.008172934282747457
split_label_placebo,external_lung,seed43,source_disjoint,7,7,0.00560933095979832
split_label_placebo,external_lung,seed43,source_disjoint,7,8,-0.005349725560005902
split_label_placebo,external_lung,seed43,source_disjoint,7,9,0.005804035009642328
split_label_placebo,external_lung,seed43,source_disjoint,7,10,0.01735183948968999
split_label_placebo,external_lung,seed43,source_disjoint,7,11,0.00032450674974038307
split_label_placebo,external_lung,seed43,source_disjoint,7,12,-0.03843087079068375
split_label_placebo,external_lung,seed43,source_disjoint,7,13,-0.019808819166295843
split_label_placebo,external_lung,seed43,source_disjoint,7,14,-0.006670931612520359
split_label_placebo,external_lung,seed43,source_disjoint,7,15,-0.02432873460910845
split_label_placebo,external_lung,seed43,source_disjoint,7,16,-0.015715398308856265
split_label_placebo,external_lung,seed43,source_disjoint,7,17,-0.0010569648420116762
split_label_placebo,external_lung,seed43,source_disjoint,7,18,-0.006341789052069502
split_label_placebo,external_lung,seed43,source_disjoint,7,19,-0.0063788755377539585
split_label_placebo,external_lung,seed43,source_disjoint,7,20,-0.018269730010384233
split_label_placebo,external_lung,seed43,source_disjoint,7,21,-0.0014927310488058732
split_label_placebo,external_lung,seed43,source_disjoint,7,22,0.008775589675122264
split_label_placebo,external_lung,seed43,source_disjoint,7,23,-0.012632584186322626
split_label_placebo,external_lung,seed43,source_disjoint,7,24,-0.01995252929832375
split_label_placebo,external_lung,seed43,source_disjoint,7,25,0.016716733422340868
split_label_placebo,external_lung,seed43,source_disjoint,7,26,-0.01750945705384971
split_label_placebo,external_lung,seed43,source_disjoint,7,27,-0.0024616154873163265
split_label_placebo,external_lung,seed43,source_disjoint,7,28,-0.0020907506304702617
split_label_placebo,external_lung,seed43,source_disjoint,7,29,-0.0006119270137961985
split_label_placebo,external_lung,seed43,source_disjoint,7,30,0.001770879691440408
split_label_placebo,external_lung,seed43,source_disjoint,7,31,0.03217252633140466
split_label_placebo,external_lung,seed43,source_disjoint,7,32,0.005173564753004012
split_label_placebo,external_lung,seed43,source_disjoint,7,33,0.0032589749295356407
split_label_placebo,external_lung,seed43,source_disjoint,7,34,-0.015112742916481237
split_label_placebo,external_lung,seed43,source_disjoint,7,35,-0.006281523512831788
split_label_placebo,external_lung,seed43,source_disjoint,7,36,-0.0040007046432281035
split_label_placebo,external_lung,seed43,source_disjoint,7,37,-0.02172804480047469
split_label_placebo,external_lung,seed43,source_disjoint,7,38,0.00043113039608366766
split_label_placebo,external_lung,seed43,source_disjoint,7,39,-0.01667037531523513
split_label_placebo,external_lung,seed43,source_disjoint,7,40,0.01659620234386583
split_label_placebo,external_lung,seed43,source_disjoint,7,41,0.007046432280077175
split_label_placebo,external_lung,seed43,source_disjoint,7,42,-0.010476932205904177
split_label_placebo,external_lung,seed43,source_disjoint,7,43,0.027425456163773954
split_label_placebo,external_lung,seed43,source_disjoint,7,44,9.27162142115856e-05
split_label_placebo,external_lung,seed43,source_disjoint,7,45,0.0032450674974039417
split_label_placebo,external_lung,seed43,source_disjoint,7,46,0.0365997255600059
split_label_placebo,external_lung,seed43,source_disjoint,7,47,-0.0034119566829846626
split_label_placebo,external_lung,seed43,source_disjoint,7,48,-0.025770471740097944
split_label_placebo,external_lung,seed43,source_disjoint,7,49,0.02625259605399799
split_label_placebo,external_lung,seed43,source_disjoint,7,50,0.043423638925975505
split_label_placebo,external_lung,seed43,source_disjoint,7,51,-0.009688844385106199
split_label_placebo,external_lung,seed43,source_disjoint,7,52,-0.008413996439697424
split_label_placebo,external_lung,seed43,source_disjoint,7,53,0.022108181278742034
split_label_placebo,external_lung,seed43,source_disjoint,7,54,-0.01977173268061122
split_label_placebo,external_lung,seed43,source_disjoint,7,55,0.024815494733719135
split_label_placebo,external_lung,seed43,source_disjoint,7,56,-0.011492174751520645
split_label_placebo,external_lung,seed43,source_disjoint,7,57,0.011316013944518699
split_label_placebo,external_lung,seed43,source_disjoint,7,58,0.012020657172526206
split_label_placebo,external_lung,seed43,source_disjoint,7,59,0.011575619344311006
split_label_placebo,external_lung,seed43,source_disjoint,7,60,-0.008233199821984949
split_label_placebo,external_lung,seed43,source_disjoint,7,61,-0.023012164367304577
split_label_placebo,external_lung,seed43,source_disjoint,7,62,-0.002456979676605908
split_label_placebo,external_lung,seed43,source_disjoint,7,63,-0.013063714582406294
split_label_placebo,external_lung,seed43,source_disjoint,11,0,-0.004997403946001955
split_label_placebo,external_lung,seed43,source_disjoint,11,1,-0.005882843791722325
split_label_placebo,external_lung,seed43,source_disjoint,11,2,0.004784156653315552
split_label_placebo,external_lung,seed43,source_disjoint,11,3,0.00012980269989615323
split_label_placebo,external_lung,seed43,source_disjoint,11,4,-0.00012980269989637527
split_label_placebo,external_lung,seed43,source_disjoint,11,5,-0.02270620086040659
split_label_placebo,external_lung,seed43,source_disjoint,11,6,-0.0341751965583742
split_label_placebo,external_lung,seed43,source_disjoint,11,7,0.0023688992731049074
split_label_placebo,external_lung,seed43,source_disjoint,11,8,0.013295505117935091
split_label_placebo,external_lung,seed43,source_disjoint,11,9,-0.02017041240172074
split_label_placebo,external_lung,seed43,source_disjoint,11,10,0.00905373831775702
split_label_placebo,external_lung,seed43,source_disjoint,11,11,-0.01569685506601387
split_label_placebo,external_lung,seed43,source_disjoint,11,12,-0.016132621272808234
split_label_placebo,external_lung,seed43,source_disjoint,11,13,-0.004264945853730939
split_label_placebo,external_lung,seed43,source_disjoint,11,14,-0.008010680907877155
split_label_placebo,external_lung,seed43,source_disjoint,11,15,-0.005284824210057826
split_label_placebo,external_lung,seed43,source_disjoint,11,16,-0.009317979528259968
split_label_placebo,external_lung,seed43,source_disjoint,11,17,-0.010458388963061727
split_label_placebo,external_lung,seed43,source_disjoint,11,18,0.025566496068832434
split_label_placebo,external_lung,seed43,source_disjoint,11,19,-0.01895582999554951
split_label_placebo,external_lung,seed43,source_disjoint,11,20,-0.002568239133659833
split_label_placebo,external_lung,seed43,source_disjoint,11,21,-0.01352265984275336
split_label_placebo,external_lung,seed43,source_disjoint,11,22,-0.013527295653463944
split_label_placebo,external_lung,seed43,source_disjoint,11,23,-0.0045987242248924365
split_label_placebo,external_lung,seed43,source_disjoint,11,24,-0.017388925975374503
split_label_placebo,external_lung,seed43,source_disjoint,11,25,-0.009702751817237787
split_label_placebo,external_lung,seed43,source_disjoint,11,26,-0.007658359293873207
split_label_placebo,external_lung,seed43,source_disjoint,11,27,-0.021236648865153362
split_label_placebo,external_lung,seed43,source_disjoint,11,28,-0.017676346239430263
split_label_placebo,external_lung,seed43,source_disjoint,11,29,0.00867360183948962
split_label_placebo,external_lung,seed43,source_disjoint,11,30,0.008617972110962768
split_label_placebo,external_lung,seed43,source_disjoint,11,31,0.00364374721851346
split_label_placebo,external_lung,seed43,source_disjoint,11,32,-0.003374870197300095
split_label_placebo,external_lung,seed43,source_disjoint,11,33,0.007982866043613757
split_label_placebo,external_lung,seed43,source_disjoint,11,34,-0.011445816644414797
split_label_placebo,external_lung,seed43,source_disjoint,11,35,-0.005882843791722214
split_label_placebo,external_lung,seed43,source_disjoint,11,36,0.00023179053552879747
split_label_placebo,external_lung,seed43,source_disjoint,11,37,0.01328623349651381
split_label_placebo,external_lung,seed43,source_disjoint,11,38,-0.013805444296098368
split_label_placebo,external_lung,seed43,source_disjoint,11,39,-0.008599428868120595
split_label_placebo,external_lung,seed43,source_disjoint,11,40,-0.004533822874944415
split_label_placebo,external_lung,seed43,source_disjoint,11,41,-0.021825396825396748
split_label_placebo,external_lung,seed43,source_disjoint,11,42,-0.04041036196410025
split_label_placebo,external_lung,seed43,source_disjoint,11,43,0.005739133659694473
split_label_placebo,external_lung,seed43,source_disjoint,11,44,0.001673527666518293
split_label_placebo,external_lung,seed43,source_disjoint,11,45,5.562972852690695e-05
split_label_placebo,external_lung,seed43,source_disjoint,11,46,0.003903352618305822
split_label_placebo,external_lung,seed43,source_disjoint,11,47,0.011997478118973337
split_label_placebo,external_lung,seed43,source_disjoint,11,48,-0.01091269841269843
split_label_placebo,external_lung,seed43,source_disjoint,11,49,-0.02670226969292394
split_label_placebo,external_lung,seed43,source_disjoint,11,50,0.005729862038273192
split_label_placebo,external_lung,seed43,source_disjoint,11,51,-0.01444982198486866
split_label_placebo,external_lung,seed43,source_disjoint,11,52,0.0025775107550808363
split_label_placebo,external_lung,seed43,source_disjoint,11,53,0.010152425456163905
split_label_placebo,external_lung,seed43,source_disjoint,11,54,-0.0233413069277556
split_label_placebo,external_lung,seed43,source_disjoint,11,55,-0.0019794911734163922
split_label_placebo,external_lung,seed43,source_disjoint,11,56,0.008024588340008965
split_label_placebo,external_lung,seed43,source_disjoint,11,57,-0.014408099688473508
split_label_placebo,external_lung,seed43,source_disjoint,11,58,-0.013174974039459997
split_label_placebo,external_lung,seed43,source_disjoint,11,59,-0.031129468921525072
split_label_placebo,external_lung,seed43,source_disjoint,11,60,-0.01018487613113761
split_label_placebo,external_lung,seed43,source_disjoint,11,61,0.018195557039014987
split_label_placebo,external_lung,seed43,source_disjoint,11,62,0.007959686990060888
split_label_placebo,external_lung,seed43,source_disjoint,11,63,-0.008441811303960878
split_label_placebo,external_lung,seed43,target_disjoint,7,0,-0.032454419239727694
split_label_placebo,external_lung,seed43,target_disjoint,7,1,0.021990063451631015
split_label_placebo,external_lung,seed43,target_disjoint,7,2,-0.007286037198949047
split_label_placebo,external_lung,seed43,target_disjoint,7,3,-0.0010871685426777633
split_label_placebo,external_lung,seed43,target_disjoint,7,4,0.0017612704095097964
split_label_placebo,external_lung,seed43,target_disjoint,7,5,-0.005957913095361089
split_label_placebo,external_lung,seed43,target_disjoint,7,6,-0.004064690831067308
split_label_placebo,external_lung,seed43,target_disjoint,7,7,-0.013373033630511566
split_label_placebo,external_lung,seed43,target_disjoint,7,8,0.015685059607816187
split_label_placebo,external_lung,seed43,target_disjoint,7,9,0.0070077908964694124
split_label_placebo,external_lung,seed43,target_disjoint,7,10,-0.010447144676603126
split_label_placebo,external_lung,seed43,target_disjoint,7,11,-0.018292542999093553
split_label_placebo,external_lung,seed43,target_disjoint,7,12,0.005820224203412383
split_label_placebo,external_lung,seed43,target_disjoint,7,13,-0.01135359654859841
split_label_placebo,external_lung,seed43,target_disjoint,7,14,-0.024936032035615563
split_label_placebo,external_lung,seed43,target_disjoint,7,15,0.005005564926049644
split_label_placebo,external_lung,seed43,target_disjoint,7,16,-0.015667848496322467
split_label_placebo,external_lung,seed43,target_disjoint,7,17,-0.0005077277890606635
split_label_placebo,external_lung,seed43,target_disjoint,7,18,0.0010843000240955414
split_label_placebo,external_lung,seed43,target_disjoint,7,19,-0.017366011497022438
split_label_placebo,external_lung,seed43,target_disjoint,7,20,-0.004959668628733316
split_label_placebo,external_lung,seed43,target_disjoint,7,21,-0.0005392814934653822
split_label_placebo,external_lung,seed43,target_disjoint,7,22,-0.02373125423106487
split_label_placebo,external_lung,seed43,target_disjoint,7,23,-0.008958383532408354
split_label_placebo,external_lung,seed43,target_disjoint,7,24,-0.009850492811492473
split_label_placebo,external_lung,seed43,target_disjoint,7,25,-0.007842529803908094
split_label_placebo,external_lung,seed43,target_disjoint,7,26,0.006216079767764671
split_label_placebo,external_lung,seed43,target_disjoint,7,27,-0.020068156001514625
split_label_placebo,external_lung,seed43,target_disjoint,7,28,0.02180934678094848
split_label_placebo,external_lung,seed43,target_disjoint,7,29,-0.013223870664234083
split_label_placebo,external_lung,seed43,target_disjoint,7,30,0.021298750473305428
split_label_placebo,external_lung,seed43,target_disjoint,7,31,-0.0017670074466742403
split_label_placebo,external_lung,seed43,target_disjoint,7,32,0.012957098436083725
split_label_placebo,external_lung,seed43,target_disjoint,7,33,-0.016915654079607156
split_label_placebo,external_lung,seed43,target_disjoint,7,34,-0.0021284407880395317
split_label_placebo,external_lung,seed43,target_disjoint,7,35,0.010295113191743255
split_label_placebo,external_lung,seed43,target_disjoint,7,36,-0.010673757644602044
split_label_placebo,external_lung,seed43,target_disjoint,7,37,-0.01296857251041278
split_label_placebo,external_lung,seed43,target_disjoint,7,38,-0.00493958899865754
split_label_placebo,external_lung,seed43,target_disjoint,7,39,0.00380652415866356
split_label_placebo,external_lung,seed43,target_disjoint,7,40,0.014638050325289975
split_label_placebo,external_lung,seed43,target_disjoint,7,41,0.015475657751310767
split_label_placebo,external_lung,seed43,target_disjoint,7,42,-0.00036143334136523597
split_label_placebo,external_lung,seed43,target_disjoint,7,43,-0.008430576113272026
split_label_placebo,external_lung,seed43,target_disjoint,7,44,-0.020053813408603127
split_label_placebo,external_lung,seed43,target_disjoint,7,45,-0.014574942916480094
split_label_placebo,external_lung,seed43,target_disjoint,7,46,-0.014612233658049645
split_label_placebo,external_lung,seed43,target_disjoint,7,47,-0.006227553842093836
split_label_placebo,external_lung,seed43,target_disjoint,7,48,-0.010733996534829482
split_label_placebo,external_lung,seed43,target_disjoint,7,49,0.0005995203836930418
split_label_placebo,external_lung,seed43,target_disjoint,7,50,0.0059062797608802065
split_label_placebo,external_lung,seed43,target_disjoint,7,51,0.020636122680802504
split_label_placebo,external_lung,seed43,target_disjoint,7,52,-0.004451940839672874
split_label_placebo,external_lung,seed43,target_disjoint,7,53,-0.0037376797126891237
split_label_placebo,external_lung,seed43,target_disjoint,7,54,-0.011887141004899404
split_label_placebo,external_lung,seed43,target_disjoint,7,55,-0.022661296799880548
split_label_placebo,external_lung,seed43,target_disjoint,7,56,0.014316776244076457
split_label_placebo,external_lung,seed43,target_disjoint,7,57,-0.008172409440868389
split_label_placebo,external_lung,seed43,target_disjoint,7,58,-0.010814315055132862
split_label_placebo,external_lung,seed43,target_disjoint,7,59,-0.0015977648503207598
split_label_placebo,external_lung,seed43,target_disjoint,7,60,0.03714731564031076
split_label_placebo,external_lung,seed43,target_disjoint,7,61,-0.011192959507991596
split_label_placebo,external_lung,seed43,target_disjoint,7,62,0.026596904294745927
split_label_placebo,external_lung,seed43,target_disjoint,7,63,0.007205718678645556
split_label_placebo,external_lung,seed43,target_disjoint,11,0,-0.018960907828760976
split_label_placebo,external_lung,seed43,target_disjoint,11,1,0.0057370371645267815
split_label_placebo,external_lung,seed43,target_disjoint,11,2,-0.03223354330889355
split_label_placebo,external_lung,seed43,target_disjoint,11,3,0.011402361364497016
split_label_placebo,external_lung,seed43,target_disjoint,11,4,0.0012965703991830724
split_label_placebo,external_lung,seed43,target_disjoint,11,5,-0.0004819111218201666
split_label_placebo,external_lung,seed43,target_disjoint,11,6,-0.008066274253324568
split_label_placebo,external_lung,seed43,target_disjoint,11,7,-0.02671164503803658
split_label_placebo,external_lung,seed43,target_disjoint,11,8,0.007331933496265319
split_label_placebo,external_lung,seed43,target_disjoint,11,9,-0.006184526063359785
split_label_placebo,external_lung,seed43,target_disjoint,11,10,-0.02256376716808367
split_label_placebo,external_lung,seed43,target_disjoint,11,11,-0.010607781717209941
split_label_placebo,external_lung,seed43,target_disjoint,11,12,-0.02022879304212133
split_label_placebo,external_lung,seed43,target_disjoint,11,13,-0.009096072424357171
split_label_placebo,external_lung,seed43,target_disjoint,11,14,-0.0033131389625141727
split_label_placebo,external_lung,seed43,target_disjoint,11,15,-0.017982742992208978
split_label_placebo,external_lung,seed43,target_disjoint,11,16,0.0034823815588678197
split_label_placebo,external_lung,seed43,target_disjoint,11,17,-0.018410152260966428
split_label_placebo,external_lung,seed43,target_disjoint,11,18,-0.01851341892992775
split_label_placebo,external_lung,seed43,target_disjoint,11,19,-0.008786272417472707
split_label_placebo,external_lung,seed43,target_disjoint,11,20,0.0026591167257581927
split_label_placebo,external_lung,seed43,target_disjoint,11,21,-0.011187222470826985
split_label_placebo,external_lung,seed43,target_disjoint,11,22,-0.009956627999036183
split_label_placebo,external_lung,seed43,target_disjoint,11,23,-0.020025128222780686
split_label_placebo,external_lung,seed43,target_disjoint,11,24,-0.01835565040790338
split_label_placebo,external_lung,seed43,target_disjoint,11,25,-0.014004107718609826
split_label_placebo,external_lung,seed43,target_disjoint,11,26,-0.021135244914116613
split_label_placebo,external_lung,seed43,target_disjoint,11,27,-0.0007687629800465778
split_label_placebo,external_lung,seed43,target_disjoint,11,28,0.013146420662513092
split_label_placebo,external_lung,seed43,target_disjoint,11,29,-0.0015317889229286008
split_label_placebo,external_lung,seed43,target_disjoint,11,30,-0.005679666792881455
split_label_placebo,external_lung,seed43,target_disjoint,11,31,-0.017185294826339736
split_label_placebo,external_lung,seed43,target_disjoint,11,32,0.010969215058575121
split_label_placebo,external_lung,seed43,target_disjoint,11,33,-0.016040755912016813
split_label_placebo,external_lung,seed43,target_disjoint,11,34,-0.014167613277798807
split_label_placebo,external_lung,seed43,target_disjoint,11,35,-0.03245155072114553
split_label_placebo,external_lung,seed43,target_disjoint,11,36,-0.004773214920886226
split_label_placebo,external_lung,seed43,target_disjoint,11,37,-0.011826902114671856
split_label_placebo,external_lung,seed43,target_disjoint,11,38,-0.021574128257202785
split_label_placebo,external_lung,seed43,target_disjoint,11,39,0.00332748155542556
split_label_placebo,external_lung,seed43,target_disjoint,11,40,-0.02894048397645521
split_label_placebo,external_lung,seed43,target_disjoint,11,41,-0.001781350039585572
split_label_placebo,external_lung,seed43,target_disjoint,11,42,-0.01423358920519091
split_label_placebo,external_lung,seed43,target_disjoint,11,43,-0.027291085791653624
split_label_placebo,external_lung,seed43,target_disjoint,11,44,-0.01981572636627532
split_label_placebo,external_lung,seed43,target_disjoint,11,45,-0.016611591109887303
split_label_placebo,external_lung,seed43,target_disjoint,11,46,-0.006872970523102984
split_label_placebo,external_lung,seed43,target_disjoint,11,47,0.002831227840694006
split_label_placebo,external_lung,seed43,target_disjoint,11,48,-0.008181014996615166
split_label_placebo,external_lung,seed43,target_disjoint,11,49,-0.025234357968170917
split_label_placebo,external_lung,seed43,target_disjoint,11,50,-0.010808578017968362
split_label_placebo,external_lung,seed43,target_disjoint,11,51,0.00800029832593252
split_label_placebo,external_lung,seed43,target_disjoint,11,52,0.016511192959508036
split_label_placebo,external_lung,seed43,target_disjoint,11,53,-0.026390370956823006
split_label_placebo,external_lung,seed43,target_disjoint,11,54,-0.01803150780810764
split_label_placebo,external_lung,seed43,target_disjoint,11,55,-0.0013740204009040635
split_label_placebo,external_lung,seed43,target_disjoint,11,56,-0.006551696441889632
split_label_placebo,external_lung,seed43,target_disjoint,11,57,-0.0014858926256122729
split_label_placebo,external_lung,seed43,target_disjoint,11,58,-0.019150230055190343
split_label_placebo,external_lung,seed43,target_disjoint,11,59,-0.024026711645038057
split_label_placebo,external_lung,seed43,target_disjoint,11,60,-0.016643144814292188
split_label_placebo,external_lung,seed43,target_disjoint,11,61,-0.006431218661434479
split_label_placebo,external_lung,seed43,target_disjoint,11,62,-0.0009523481693113345
split_label_placebo,external_lung,seed43,target_disjoint,11,63,-0.0006023889022753748
split_label_placebo,external_lung,seed44,source_disjoint,7,0,0.030670430486944178
split_label_placebo,external_lung,seed44,source_disjoint,7,1,-0.011451423194542398
split_label_placebo,external_lung,seed44,source_disjoint,7,2,-0.019792989884732992
split_label_placebo,external_lung,seed44,source_disjoint,7,3,-0.001538461538461544
split_label_placebo,external_lung,seed44,source_disjoint,7,4,-0.008534462479416582
split_label_placebo,external_lung,seed44,source_disjoint,7,5,-0.007442954598917861
split_label_placebo,external_lung,seed44,source_disjoint,7,6,0.0017078334509528226
split_label_placebo,external_lung,seed44,source_disjoint,7,7,-0.007315925664549416
split_label_placebo,external_lung,seed44,source_disjoint,7,8,-0.007362973418019392
split_label_placebo,external_lung,seed44,source_disjoint,7,9,0.013465067043048673
split_label_placebo,external_lung,seed44,source_disjoint,7,10,0.030148200423429805
split_label_placebo,external_lung,seed44,source_disjoint,7,11,-0.01314984709480127
split_label_placebo,external_lung,seed44,source_disjoint,7,12,0.016532580569277755
split_label_placebo,external_lung,seed44,source_disjoint,7,13,-0.04605504587155962
split_label_placebo,external_lung,seed44,source_disjoint,7,14,0.013018113385085961
split_label_placebo,external_lung,seed44,source_disjoint,7,15,-0.0019477769936485645
split_label_placebo,external_lung,seed44,source_disjoint,7,16,0.00336861914843567
split_label_placebo,external_lung,seed44,source_disjoint,7,17,-0.002126558456833627
split_label_placebo,external_lung,seed44,source_disjoint,7,18,-0.0030533992001882115
split_label_placebo,external_lung,seed44,source_disjoint,7,19,-0.00976711362032473
split_label_placebo,external_lung,seed44,source_disjoint,7,20,0.015365796283227484
split_label_placebo,external_lung,seed44,source_disjoint,7,21,0.01989179016701953
split_label_placebo,external_lung,seed44,source_disjoint,7,22,0.0028228652081863093
split_label_placebo,external_lung,seed44,source_disjoint,7,23,0.018000470477534725
split_label_placebo,external_lung,seed44,source_disjoint,7,24,-0.020644554222535916
split_label_placebo,external_lung,seed44,source_disjoint,7,25,0.04543401552575865
split_label_placebo,external_lung,seed44,source_disjoint,7,26,0.01622677017172447
split_label_placebo,external_lung,seed44,source_disjoint,7,27,0.0010962126558456964
split_label_placebo,external_lung,seed44,source_disjoint,7,28,-0.013488590919783605
split_label_placebo,external_lung,seed44,source_disjoint,7,29,0.026403199247235998
split_label_placebo,external_lung,seed44,source_disjoint,7,30,0.0005645730416372619
split_label_placebo,external_lung,seed44,source_disjoint,7,31,0.01450482239473061
split_label_placebo,external_lung,seed44,source_disjoint,7,32,-0.00825217595859784
split_label_placebo,external_lung,seed44,source_disjoint,7,33,-0.008341566690190538
split_label_placebo,external_lung,seed44,source_disjoint,7,34,-0.0021736062103033804
split_label_placebo,external_lung,seed44,source_disjoint,7,35,0.025575158786168062
split_label_placebo,external_lung,seed44,source_disjoint,7,36,-0.0068219242531167845
split_label_placebo,external_lung,seed44,source_disjoint,7,37,-0.009386026817219617
split_label_placebo,external_lung,seed44,source_disjoint,7,38,0.00613973182780525
split_label_placebo,external_lung,seed44,source_disjoint,7,39,0.032364149611856075
split_label_placebo,external_lung,seed44,source_disjoint,7,40,0.0005222300635144839
split_label_placebo,external_lung,seed44,source_disjoint,7,41,-0.0013455657492355
split_label_placebo,external_lung,seed44,source_disjoint,7,42,0.04478005175252875
split_label_placebo,external_lung,seed44,source_disjoint,7,43,-0.01286756057398264
split_label_placebo,external_lung,seed44,source_disjoint,7,44,0.01785462244177838
split_label_placebo,external_lung,seed44,source_disjoint,7,45,0.018823806163255685
split_label_placebo,external_lung,seed44,source_disjoint,7,46,0.012086567866384512
split_label_placebo,external_lung,seed44,source_disjoint,7,47,0.01038814396612564
split_label_placebo,external_lung,seed44,source_disjoint,7,48,0.043843801458480325
split_label_placebo,external_lung,seed44,source_disjoint,7,49,-0.005579863561514853
split_label_placebo,external_lung,seed44,source_disjoint,7,50,-0.01709244883556804
split_label_placebo,external_lung,seed44,source_disjoint,7,51,-0.027993413314514326
split_label_placebo,external_lung,seed44,source_disjoint,7,52,0.005768054575393977
split_label_placebo,external_lung,seed44,source_disjoint,7,53,-0.01930839802399431
split_label_placebo,external_lung,seed44,source_disjoint,7,54,-0.004958833215713998
split_label_placebo,external_lung,seed44,source_disjoint,7,55,0.010929193131028025
split_label_placebo,external_lung,seed44,source_disjoint,7,56,-0.008863796753705022
split_label_placebo,external_lung,seed44,source_disjoint,7,57,-0.006916019760056513
split_label_placebo,external_lung,seed44,source_disjoint,7,58,0.025175252881674937
split_label_placebo,external_lung,seed44,source_disjoint,7,59,-0.009734180192895847
split_label_placebo,external_lung,seed44,source_disjoint,7,60,-0.019858856739590702
split_label_placebo,external_lung,seed44,source_disjoint,7,61,-0.004780051752528824
split_label_placebo,external_lung,seed44,source_disjoint,7,62,0.00045165843330974287
split_label_placebo,external_lung,seed44,source_disjoint,7,63,-0.014961185603387384
split_label_placebo,external_lung,seed44,source_disjoint,11,0,-0.02255939778875582
split_label_placebo,external_lung,seed44,source_disjoint,11,1,-0.006572571159727314
split_label_placebo,external_lung,seed44,source_disjoint,11,2,-0.00695365796283226
split_label_placebo,external_lung,seed44,source_disjoint,11,3,0.017097153610915183
split_label_placebo,external_lung,seed44,source_disjoint,11,4,0.008590919783580175
split_label_placebo,external_lung,seed44,source_disjoint,11,5,-0.007301811338508546
split_label_placebo,external_lung,seed44,source_disjoint,11,6,0.007306516113855632
split_label_placebo,external_lung,seed44,source_disjoint,11,7,-0.002493530933897925
split_label_placebo,external_lung,seed44,source_disjoint,11,8,-0.014867090096447877
split_label_placebo,external_lung,seed44,source_disjoint,11,9,0.03155963302752296
split_label_placebo,external_lung,seed44,source_disjoint,11,10,-0.02392848741472603
split_label_placebo,external_lung,seed44,source_disjoint,11,11,-0.011051517290049495
split_label_placebo,external_lung,seed44,source_disjoint,11,12,-0.033131027993413276
split_label_placebo,external_lung,seed44,source_disjoint,11,13,-0.020282286520818593
split_label_placebo,external_lung,seed44,source_disjoint,11,14,-0.006252646436132658
split_label_placebo,external_lung,seed44,source_disjoint,11,15,-0.022554693013408567
split_label_placebo,external_lung,seed44,source_disjoint,11,16,-0.012872265349329504
split_label_placebo,external_lung,seed44,source_disjoint,11,17,-0.0017360621030346746
split_label_placebo,external_lung,seed44,source_disjoint,11,18,-0.004417784050811502
split_label_placebo,external_lung,seed44,source_disjoint,11,19,-0.0179393083980241
split_label_placebo,external_lung,seed44,source_disjoint,11,20,-0.03791578452128902
split_label_placebo,external_lung,seed44,source_disjoint,11,21,-0.006586685485767907
split_label_placebo,external_lung,seed44,source_disjoint,11,22,-0.028223947306516006
split_label_placebo,external_lung,seed44,source_disjoint,11,23,0.007913432133615617
split_label_placebo,external_lung,seed44,source_disjoint,11,24,-0.044163726182074814
split_label_placebo,external_lung,seed44,source_disjoint,11,25,-0.016861914843566028
split_label_placebo,external_lung,seed44,source_disjoint,11,26,0.015544577746412824
split_label_placebo,external_lung,seed44,source_disjoint,11,27,-0.033243942601740684
split_label_placebo,external_lung,seed44,source_disjoint,11,28,-0.010025876264408318
split_label_placebo,external_lung,seed44,source_disjoint,11,29,0.02679369560103506
split_label_placebo,external_lung,seed44,source_disjoint,11,30,-0.014843566219713056
split_label_placebo,external_lung,seed44,source_disjoint,11,31,0.00283227475888026
split_label_placebo,external_lung,seed44,source_disjoint,11,32,0.0022912255939778747
split_label_placebo,external_lung,seed44,source_disjoint,11,33,-0.0047094801223243055
split_label_placebo,external_lung,seed44,source_disjoint,11,34,0.0059703599153142495
split_label_placebo,external_lung,seed44,source_disjoint,11,35,-0.027626440837449973
split_label_placebo,external_lung,seed44,source_disjoint,11,36,-0.04595154081392616
split_label_placebo,external_lung,seed44,source_disjoint,11,37,-0.02637497059515409
split_label_placebo,external_lung,seed44,source_disjoint,11,38,0.0020748059280170095
split_label_placebo,external_lung,seed44,source_disjoint,11,39,0.0036367913432133747
split_label_placebo,external_lung,seed44,source_disjoint,11,40,0.008478005175252934
split_label_placebo,external_lung,seed44,source_disjoint,11,41,0.017097153610915128
split_label_placebo,external_lung,seed44,source_disjoint,11,42,-0.014490708068689628
split_label_placebo,external_lung,seed44,source_disjoint,11,43,-0.004168430957421754
split_label_placebo,external_lung,seed44,source_disjoint,11,44,-0.01741237355916253
split_label_placebo,external_lung,seed44,source_disjoint,11,45,-0.033610915078804815
split_label_placebo,external_lung,seed44,source_disjoint,11,46,-0.01227005410491655
split_label_placebo,external_lung,seed44,source_disjoint,11,47,-0.01673959068454467
split_label_placebo,external_lung,seed44,source_disjoint,11,48,-0.0069489531874854515
split_label_placebo,external_lung,seed44,source_disjoint,11,49,-0.017247706422018227
split_label_placebo,external_lung,seed44,source_disjoint,11,50,-0.030618677958127394
split_label_placebo,external_lung,seed44,source_disjoint,11,51,-0.017210068219242536
split_label_placebo,external_lung,seed44,source_disjoint,11,52,0.0038061632557044867
split_label_placebo,external_lung,seed44,source_disjoint,11,53,-0.022488826158550967
split_label_placebo,external_lung,seed44,source_disjoint,11,54,-0.02734885909197826
split_label_placebo,external_lung,seed44,source_disjoint,11,55,-0.0191390261115032
split_label_placebo,external_lung,seed44,source_disjoint,11,56,-0.029376617266525518
split_label_placebo,external_lung,seed44,source_disjoint,11,57,-0.001162079510703351
split_label_placebo,external_lung,seed44,source_disjoint,11,58,-0.019482474711832343
split_label_placebo,external_lung,seed44,source_disjoint,11,59,-0.013681486709009705
split_label_placebo,external_lung,seed44,source_disjoint,11,60,0.009517760526934815
split_label_placebo,external_lung,seed44,source_disjoint,11,61,0.01555869207245364
split_label_placebo,external_lung,seed44,source_disjoint,11,62,-0.0018254528346272059
split_label_placebo,external_lung,seed44,source_disjoint,11,63,-0.0070477534697717115
split_label_placebo,external_lung,seed44,target_disjoint,7,0,-0.004821271472889688
split_label_placebo,external_lung,seed44,target_disjoint,7,1,0.004126730564430248
split_label_placebo,external_lung,seed44,target_disjoint,7,2,0.009225818400703856
split_label_placebo,external_lung,seed44,target_disjoint,7,3,0.00583703755151177
split_label_placebo,external_lung,seed44,target_disjoint,7,4,0.028001574292725873
split_label_placebo,external_lung,seed44,target_disjoint,7,5,0.002775269713386208
split_label_placebo,external_lung,seed44,target_disjoint,7,6,0.002818678520164819
split_label_placebo,external_lung,seed44,target_disjoint,7,7,0.011465712830485808
split_label_placebo,external_lung,seed44,target_disjoint,7,8,0.00831133953789881
split_label_placebo,external_lung,seed44,target_disjoint,7,9,0.022384474695559486
split_label_placebo,external_lung,seed44,target_disjoint,7,10,-0.006178520164837609
split_label_placebo,external_lung,seed44,target_disjoint,7,11,0.013624577487614031
split_label_placebo,external_lung,seed44,target_disjoint,7,12,0.006381094596471848
split_label_placebo,external_lung,seed44,target_disjoint,7,13,-0.004789438347918784
split_label_placebo,external_lung,seed44,target_disjoint,7,14,0.010748020558410842
split_label_placebo,external_lung,seed44,target_disjoint,7,15,0.0067573042552206974
split_label_placebo,external_lung,seed44,target_disjoint,7,16,0.012070542204935975
split_label_placebo,external_lung,seed44,target_disjoint,7,17,0.009992707320461203
split_label_placebo,external_lung,seed44,target_disjoint,7,18,0.0016755799416586226
split_label_placebo,external_lung,seed44,target_disjoint,7,19,-0.00853995925359985
split_label_placebo,external_lung,seed44,target_disjoint,7,20,0.014139695328054869
split_label_placebo,external_lung,seed44,target_disjoint,7,21,-0.016237787655692837
split_label_placebo,external_lung,seed44,target_disjoint,7,22,0.005133814881696508
split_label_placebo,external_lung,seed44,target_disjoint,7,23,-0.02022561003843132
split_label_placebo,external_lung,seed44,target_disjoint,7,24,-0.004175927212112962
split_label_placebo,external_lung,seed44,target_disjoint,7,25,-0.00803062925406306
split_label_placebo,external_lung,seed44,target_disjoint,7,26,-0.0011633560216696703
split_label_placebo,external_lung,seed44,target_disjoint,7,27,0.008016159651803467
split_label_placebo,external_lung,seed44,target_disjoint,7,28,0.007738343288419547
split_label_placebo,external_lung,seed44,target_disjoint,7,29,-0.007040908459508222
split_label_placebo,external_lung,seed44,target_disjoint,7,30,0.006783349539287831
split_label_placebo,external_lung,seed44,target_disjoint,7,31,0.03271287678844287
split_label_placebo,external_lung,seed44,target_disjoint,7,32,-0.005952794369588288
split_label_placebo,external_lung,seed44,target_disjoint,7,33,0.00025466499976839474
split_label_placebo,external_lung,seed44,target_disjoint,7,34,0.0048994073250914205
split_label_placebo,external_lung,seed44,target_disjoint,7,35,-0.020286382367921407
split_label_placebo,external_lung,seed44,target_disjoint,7,36,0.015962865212761024
split_label_placebo,external_lung,seed44,target_disjoint,7,37,0.005920961244617218
split_label_placebo,external_lung,seed44,target_disjoint,7,38,-0.005729962494790908
split_label_placebo,external_lung,seed44,target_disjoint,7,39,0.010591748854007488
split_label_placebo,external_lung,seed44,target_disjoint,7,40,0.025752998101588154
split_label_placebo,external_lung,seed44,target_disjoint,7,41,0.003290387553826879
split_label_placebo,external_lung,seed44,target_disjoint,7,42,0.025052669352224943
split_label_placebo,external_lung,seed44,target_disjoint,7,43,-0.00612642959670312
split_label_placebo,external_lung,seed44,target_disjoint,7,44,0.015812381349261495
split_label_placebo,external_lung,seed44,target_disjoint,7,45,0.03319616150391258
split_label_placebo,external_lung,seed44,target_disjoint,7,46,0.02127320924202447
split_label_placebo,external_lung,seed44,target_disjoint,7,47,0.010432583229152192
split_label_placebo,external_lung,seed44,target_disjoint,7,48,0.01549694402000279
split_label_placebo,external_lung,seed44,target_disjoint,7,49,-0.014327800157429349
split_label_placebo,external_lung,seed44,target_disjoint,7,50,0.00706116590267164
split_label_placebo,external_lung,seed44,target_disjoint,7,51,-0.010383386581469645
split_label_placebo,external_lung,seed44,target_disjoint,7,52,0.009657012548039134
split_label_placebo,external_lung,seed44,target_disjoint,7,53,0.003194888178913724
split_label_placebo,external_lung,seed44,target_disjoint,7,54,-0.013265731351576548
split_label_placebo,external_lung,seed44,target_disjoint,7,55,0.0006887530675556697
split_label_placebo,external_lung,seed44,target_disjoint,7,56,0.0057328564152428485
split_label_placebo,external_lung,seed44,target_disjoint,7,57,-0.01662557299624956
split_label_placebo,external_lung,seed44,target_disjoint,7,58,0.0008160855674398948
split_label_placebo,external_lung,seed44,target_disjoint,7,59,-0.0013196277260730804
split_label_placebo,external_lung,seed44,target_disjoint,7,60,0.009277908968838233
split_label_placebo,external_lung,seed44,target_disjoint,7,61,-0.0002749224429318686
split_label_placebo,external_lung,seed44,target_disjoint,7,62,-0.004884937722831828
split_label_placebo,external_lung,seed44,target_disjoint,7,63,0.0029344353382413924
split_label_placebo,external_lung,seed44,target_disjoint,11,0,0.016110455155808612
split_label_placebo,external_lung,seed44,target_disjoint,11,1,0.0002980738065472277
split_label_placebo,external_lung,seed44,target_disjoint,11,2,-0.01801754873362038
split_label_placebo,external_lung,seed44,target_disjoint,11,3,-0.012530675556790272
split_label_placebo,external_lung,seed44,target_disjoint,11,4,-0.0120242394777052
split_label_placebo,external_lung,seed44,target_disjoint,11,5,0.0028244663610685894
split_label_placebo,external_lung,seed44,target_disjoint,11,6,-0.020905681344631166
split_label_placebo,external_lung,seed44,target_disjoint,11,7,0.008418414594619561
split_label_placebo,external_lung,seed44,target_disjoint,11,8,-0.006048293744501498
split_label_placebo,external_lung,seed44,target_disjoint,11,9,0.004653424086678681
split_label_placebo,external_lung,seed44,target_disjoint,11,10,-0.02508160855674396
split_label_placebo,external_lung,seed44,target_disjoint,11,11,0.008592049821734449
split_label_placebo,external_lung,seed44,target_disjoint,11,12,-0.00737370931147846
split_label_placebo,external_lung,seed44,target_disjoint,11,13,-0.012724568227068578
split_label_placebo,external_lung,seed44,target_disjoint,11,14,0.007127726073065721
split_label_placebo,external_lung,seed44,target_disjoint,11,15,-0.01189111913691715
split_label_placebo,external_lung,seed44,target_disjoint,11,16,-0.013285988794739967
split_label_placebo,external_lung,seed44,target_disjoint,11,17,-0.00799879612909199
split_label_placebo,external_lung,seed44,target_disjoint,11,18,-0.009173727832569312
split_label_placebo,external_lung,seed44,target_disjoint,11,19,0.011870861693753787
split_label_placebo,external_lung,seed44,target_disjoint,11,20,0.0029112839746260333
split_label_placebo,external_lung,seed44,target_disjoint,11,21,0.0005585266472195594
split_label_placebo,external_lung,seed44,target_disjoint,11,22,0.005617099597166331
split_label_placebo,external_lung,seed44,target_disjoint,11,23,0.0017016252257257558
split_label_placebo,external_lung,seed44,target_disjoint,11,24,-0.0029489049405009293
split_label_placebo,external_lung,seed44,target_disjoint,11,25,-0.014906584247812216
split_label_placebo,external_lung,seed44,target_disjoint,11,26,0.009581770616289342
split_label_placebo,external_lung,seed44,target_disjoint,11,27,-0.012996596749548617
split_label_placebo,external_lung,seed44,target_disjoint,11,28,0.002702921702088301
split_label_placebo,external_lung,seed44,target_disjoint,11,29,-0.013887924248738248
split_label_placebo,external_lung,seed44,target_disjoint,11,30,-0.008282400333379514
split_label_placebo,external_lung,seed44,target_disjoint,11,31,-0.019302449414270506
split_label_placebo,external_lung,seed44,target_disjoint,11,32,-0.0013804000555632245
split_label_placebo,external_lung,seed44,target_disjoint,11,33,-0.002237000509330067
split_label_placebo,external_lung,seed44,target_disjoint,11,34,-0.012270222716118051
split_label_placebo,external_lung,seed44,target_disjoint,11,35,-0.009057971014492738
split_label_placebo,external_lung,seed44,target_disjoint,11,36,-0.002688452099828653
split_label_placebo,external_lung,seed44,target_disjoint,11,37,-0.00765441959531421
split_label_placebo,external_lung,seed44,target_disjoint,11,38,0.0018173820438025512
split_label_placebo,external_lung,seed44,target_disjoint,11,39,-0.006198777608001249
split_label_placebo,external_lung,seed44,target_disjoint,11,40,-0.01837928879010975
split_label_placebo,external_lung,seed44,target_disjoint,11,41,-0.018150669074408432
split_label_placebo,external_lung,seed44,target_disjoint,11,42,-0.004424804370977586
split_label_placebo,external_lung,seed44,target_disjoint,11,43,-0.003646339769412532
split_label_placebo,external_lung,seed44,target_disjoint,11,44,0.015167037088484547
split_label_placebo,external_lung,seed44,target_disjoint,11,45,-0.006745728573412879
split_label_placebo,external_lung,seed44,target_disjoint,11,46,0.0025582256794924874
split_label_placebo,external_lung,seed44,target_disjoint,11,47,0.010464416354123318
split_label_placebo,external_lung,seed44,target_disjoint,11,48,-0.021878038616474527
split_label_placebo,external_lung,seed44,target_disjoint,11,49,0.0045145159049868044
split_label_placebo,external_lung,seed44,target_disjoint,11,50,-0.010452840672315666
split_label_placebo,external_lung,seed44,target_disjoint,11,51,0.01530883919062842
split_label_placebo,external_lung,seed44,target_disjoint,11,52,-0.014417511691438623
split_label_placebo,external_lung,seed44,target_disjoint,11,53,-0.0015685048849377048
split_label_placebo,external_lung,seed44,target_disjoint,11,54,-0.012924248738250599
split_label_placebo,external_lung,seed44,target_disjoint,11,55,0.015439065610964364
split_label_placebo,external_lung,seed44,target_disjoint,11,56,0.012773764874751015
split_label_placebo,external_lung,seed44,target_disjoint,11,57,-0.005183011529378889
split_label_placebo,external_lung,seed44,target_disjoint,11,58,-0.004369819882391102
split_label_placebo,external_lung,seed44,target_disjoint,11,59,0.016842617030143003
split_label_placebo,external_lung,seed44,target_disjoint,11,60,0.0011951891466406295
split_label_placebo,external_lung,seed44,target_disjoint,11,61,-0.012753507431587707
split_label_placebo,external_lung,seed44,target_disjoint,11,62,-0.0017566097143121295
split_label_placebo,external_lung,seed44,target_disjoint,11,63,-0.005313237949715166
split_label_placebo,immune,seed42_main,source_disjoint,7,0,-0.008068139002405661
split_label_placebo,immune,seed42_main,source_disjoint,7,1,-0.017545575747036635
split_label_placebo,immune,seed42_main,source_disjoint,7,2,0.025048546503202596
split_label_placebo,immune,seed42_main,source_disjoint,7,3,-0.0023874735530243774
split_label_placebo,immune,seed42_main,source_disjoint,7,4,-0.01822667594122257
split_label_placebo,immune,seed42_main,source_disjoint,7,5,-0.011524360200562356
split_label_placebo,immune,seed42_main,source_disjoint,7,6,0.005307509491928208
split_label_placebo,immune,seed42_main,source_disjoint,7,7,-0.006318291163087242
split_label_placebo,immune,seed42_main,source_disjoint,7,8,-0.028428687360519456
split_label_placebo,immune,seed42_main,source_disjoint,7,9,0.009615105932817558
split_label_placebo,immune,seed42_main,source_disjoint,7,10,-0.0054705387937280525
split_label_placebo,immune,seed42_main,source_disjoint,7,11,-0.0199366721734342
split_label_placebo,immune,seed42_main,source_disjoint,7,12,0.005111874329768451
split_label_placebo,immune,seed42_main,source_disjoint,7,13,0.002463553893864323
split_label_placebo,immune,seed42_main,source_disjoint,7,14,0.02326609280352443
split_label_placebo,immune,seed42_main,source_disjoint,7,15,0.0032062429353968414
split_label_placebo,immune,seed42_main,source_disjoint,7,16,0.021976349882618873
split_label_placebo,immune,seed42_main,source_disjoint,7,17,-0.0002536011361331525
split_label_placebo,immune,seed42_main,source_disjoint,7,18,-0.014150943396226356
split_label_placebo,immune,seed42_main,source_disjoint,7,19,-0.013042344143987361
split_label_placebo,immune,seed42_main,source_disjoint,7,20,0.011926499145001879
split_label_placebo,immune,seed42_main,source_disjoint,7,21,0.016375387647450945
split_label_placebo,immune,seed42_main,source_disjoint,7,22,-0.010216502912790082
split_label_placebo,immune,seed42_main,source_disjoint,7,23,-0.02959162971335827
split_label_placebo,immune,seed42_main,source_disjoint,7,24,-0.02355592267339074
split_label_placebo,immune,seed42_main,source_disjoint,7,25,0.0008912268498391107
split_label_placebo,immune,seed42_main,source_disjoint,7,26,-0.02432759470190987
split_label_placebo,immune,seed42_main,source_disjoint,7,27,-0.010086079471350096
split_label_placebo,immune,seed42_main,source_disjoint,7,28,-0.0144806248731994
split_label_placebo,immune,seed42_main,source_disjoint,7,29,-0.012375735443294789
split_label_placebo,immune,seed42_main,source_disjoint,7,30,-0.04070660522273423
split_label_placebo,immune,seed42_main,source_disjoint,7,31,-0.012317769469321505
split_label_placebo,immune,seed42_main,source_disjoint,7,32,-0.016074689157464406
split_label_placebo,immune,seed42_main,source_disjoint,7,33,0.004256876213662664
split_label_placebo,immune,seed42_main,source_disjoint,7,34,0.0036989537141699502
split_label_placebo,immune,seed42_main,source_disjoint,7,35,-0.0005869054864794387
split_label_placebo,immune,seed42_main,source_disjoint,7,36,-0.0014129206155985008
split_label_placebo,immune,seed42_main,source_disjoint,7,37,-0.018483899950728855
split_label_placebo,immune,seed42_main,source_disjoint,7,38,-0.032613106106715306
split_label_placebo,immune,seed42_main,source_disjoint,7,39,-0.007452250528939441
split_label_placebo,immune,seed42_main,source_disjoint,7,40,-0.03704025736892441
split_label_placebo,immune,seed42_main,source_disjoint,7,41,-0.0176759991884764
split_label_placebo,immune,seed42_main,source_disjoint,7,42,-0.009778135234617236
split_label_placebo,immune,seed42_main,source_disjoint,7,43,-0.0012861200475320356
split_label_placebo,immune,seed42_main,source_disjoint,7,44,-0.009941164536417024
split_label_placebo,immune,seed42_main,source_disjoint,7,45,-0.01323435643277393
split_label_placebo,immune,seed42_main,source_disjoint,7,46,-0.011194678723589258
split_label_placebo,immune,seed42_main,source_disjoint,7,47,0.016494942468770812
split_label_placebo,immune,seed42_main,source_disjoint,7,48,0.01738616931861009
split_label_placebo,immune,seed42_main,source_disjoint,7,49,-0.010589658870243213
split_label_placebo,immune,seed42_main,source_disjoint,7,50,-0.014669014288612559
split_label_placebo,immune,seed42_main,source_disjoint,7,51,-0.01651305683563742
split_label_placebo,immune,seed42_main,source_disjoint,7,52,0.0169876532475437
split_label_placebo,immune,seed42_main,source_disjoint,7,53,-0.011788829956815239
split_label_placebo,immune,seed42_main,source_disjoint,7,54,-0.029207605135785242
split_label_placebo,immune,seed42_main,source_disjoint,7,55,0.006767527461380207
split_label_placebo,immune,seed42_main,source_disjoint,7,56,-0.03241022519780884
split_label_placebo,immune,seed42_main,source_disjoint,7,57,-0.005716894183114385
split_label_placebo,immune,seed42_main,source_disjoint,7,58,-0.01732820334463675
split_label_placebo,immune,seed42_main,source_disjoint,7,59,-0.02758093499116021
split_label_placebo,immune,seed42_main,source_disjoint,7,60,-0.008031910268672227
split_label_placebo,immune,seed42_main,source_disjoint,7,61,-0.028682288496652386
split_label_placebo,immune,seed42_main,source_disjoint,7,62,-0.0011955482131988937
split_label_placebo,immune,seed42_main,source_disjoint,7,63,0.0017752079529316789
split_label_placebo,immune,seed42_main,source_disjoint,11,0,0.005082891342781781
split_label_placebo,immune,seed42_main,source_disjoint,11,1,-0.016802886705503783
split_label_placebo,immune,seed42_main,source_disjoint,11,2,-0.020679361214966774
split_label_placebo,immune,seed42_main,source_disjoint,11,3,-0.040779062690200873
split_label_placebo,immune,seed42_main,source_disjoint,11,4,0.022306031359591916
split_label_placebo,immune,seed42_main,source_disjoint,11,5,0.000710083181172827
split_label_placebo,immune,seed42_main,source_disjoint,11,6,-0.003887343129583054
split_label_placebo,immune,seed42_main,source_disjoint,11,7,0.0028584470915573035
split_label_placebo,immune,seed42_main,source_disjoint,11,8,-0.04345274323971832
split_label_placebo,immune,seed42_main,source_disjoint,11,9,0.0019020085209983106
split_label_placebo,immune,seed42_main,source_disjoint,11,10,0.00601396979972757
split_label_placebo,immune,seed42_main,source_disjoint,11,11,-0.015647190099411734
split_label_placebo,immune,seed42_main,source_disjoint,11,12,0.028439555980639297
split_label_placebo,immune,seed42_main,source_disjoint,11,13,-0.0037134452076631463
split_label_placebo,immune,seed42_main,source_disjoint,11,14,0.002978001912877115
split_label_placebo,immune,seed42_main,source_disjoint,11,15,-0.01275976002086765
split_label_placebo,immune,seed42_main,source_disjoint,11,16,-0.012748891400747808
split_label_placebo,immune,seed42_main,source_disjoint,11,17,0.02518983856476248
split_label_placebo,immune,seed42_main,source_disjoint,11,18,-0.013564037909746973
split_label_placebo,immune,seed42_main,source_disjoint,11,19,-0.004068486798249338
split_label_placebo,immune,seed42_main,source_disjoint,11,20,-0.00891226849839144
split_label_placebo,immune,seed42_main,source_disjoint,11,21,0.01661087441671738
split_label_placebo,immune,seed42_main,source_disjoint,11,22,-0.005144480190128364
split_label_placebo,immune,seed42_main,source_disjoint,11,23,-0.021222792220966125
split_label_placebo,immune,seed42_main,source_disjoint,11,24,-0.013745181578413534
split_label_placebo,immune,seed42_main,source_disjoint,11,25,-0.011691012375735554
split_label_placebo,immune,seed42_main,source_disjoint,11,26,-0.020570675013766804
split_label_placebo,immune,seed42_main,source_disjoint,11,27,0.0015904414108918186
split_label_placebo,immune,seed42_main,source_disjoint,11,28,0.008245659797698701
split_label_placebo,immune,seed42_main,source_disjoint,11,29,0.005325623858795092
split_label_placebo,immune,seed42_main,source_disjoint,11,30,0.016306553053357598
split_label_placebo,immune,seed42_main,source_disjoint,11,31,-0.012585862098947964
split_label_placebo,immune,seed42_main,source_disjoint,11,32,-0.002126626670144627
split_label_placebo,immune,seed42_main,source_disjoint,11,33,0.01861432339216873
split_label_placebo,immune,seed42_main,source_disjoint,11,34,0.011281627684549156
split_label_placebo,immune,seed42_main,source_disjoint,11,35,-0.008781845056951565
split_label_placebo,immune,seed42_main,source_disjoint,11,36,-0.012451815784134845
split_label_placebo,immune,seed42_main,source_disjoint,11,37,-0.010317943367243343
split_label_placebo,immune,seed42_main,source_disjoint,11,38,-0.006205982088514084
split_label_placebo,immune,seed42_main,source_disjoint,11,39,0.0029961162797437213
split_label_placebo,immune,seed42_main,source_disjoint,11,40,-0.017987566298582724
split_label_placebo,immune,seed42_main,source_disjoint,11,41,-0.007528330869779443
split_label_placebo,immune,seed42_main,source_disjoint,11,42,-0.022277048372605246
split_label_placebo,immune,seed42_main,source_disjoint,11,43,-0.009075297800191229
split_label_placebo,immune,seed42_main,source_disjoint,11,44,-0.005724139929861316
split_label_placebo,immune,seed42_main,source_disjoint,11,45,-0.01749123264643654
split_label_placebo,immune,seed42_main,source_disjoint,11,46,0.01603483755035795
split_label_placebo,immune,seed42_main,source_disjoint,11,47,-0.01923383473900825
split_label_placebo,immune,seed42_main,source_disjoint,11,48,-0.04002188215517488
split_label_placebo,immune,seed42_main,source_disjoint,11,49,0.020034489754514107
split_label_placebo,immune,seed42_main,source_disjoint,11,50,0.009325276062950971
split_label_placebo,immune,seed42_main,source_disjoint,11,51,-0.025726023824015454
split_label_placebo,immune,seed42_main,source_disjoint,11,52,-0.003880097382836234
split_label_placebo,immune,seed42_main,source_disjoint,11,53,0.01598774019650484
split_label_placebo,immune,seed42_main,source_disjoint,11,54,0.012669188186534508
split_label_placebo,immune,seed42_main,source_disjoint,11,55,0.01387198214648
split_label_placebo,immune,seed42_main,source_disjoint,11,56,-0.014726980262585732
split_label_placebo,immune,seed42_main,source_disjoint,11,57,-0.0009455699504391513
split_label_placebo,immune,seed42_main,source_disjoint,11,58,-0.04970219980871232
split_label_placebo,immune,seed42_main,source_disjoint,11,59,0.025552125902095435
split_label_placebo,immune,seed42_main,source_disjoint,11,60,6.521172071988213e-05
split_label_placebo,immune,seed42_main,source_disjoint,11,61,-0.0010578790250124204
split_label_placebo,immune,seed42_main,source_disjoint,11,62,-0.00682911630872679
split_label_placebo,immune,seed42_main,source_disjoint,11,63,-0.0052567892647016334
split_label_placebo,immune,seed42_main,target_disjoint,7,0,-0.02850032113037887
split_label_placebo,immune,seed42_main,target_disjoint,7,1,-0.011025476343395402
split_label_placebo,immune,seed42_main,target_disjoint,7,2,0.0009098694069791247
split_label_placebo,immune,seed42_main,target_disjoint,7,3,-0.027825352648730983
split_label_placebo,immune,seed42_main,target_disjoint,7,4,-0.019047788957872458
split_label_placebo,immune,seed42_main,target_disjoint,7,5,0.014067294654963314
split_label_placebo,immune,seed42_main,target_disjoint,7,6,-0.008034206332215243
split_label_placebo,immune,seed42_main,target_disjoint,7,7,-0.010186969242846011
split_label_placebo,immune,seed42_main,target_disjoint,7,8,-0.023430623944432516
split_label_placebo,immune,seed42_main,target_disjoint,7,9,-0.004448250434120671
split_label_placebo,immune,seed42_main,target_disjoint,7,10,-0.020412593068341256
split_label_placebo,immune,seed42_main,target_disjoint,7,11,-0.01931837103641848
split_label_placebo,immune,seed42_main,target_disjoint,7,12,-0.028943362116130245
split_label_placebo,immune,seed42_main,target_disjoint,7,13,-0.006294750112990244
split_label_placebo,immune,seed42_main,target_disjoint,7,14,-0.03380789267109097
split_label_placebo,immune,seed42_main,target_disjoint,7,15,-0.02189336092675831
split_label_placebo,immune,seed42_main,target_disjoint,7,16,-0.01374319084659481
split_label_placebo,immune,seed42_main,target_disjoint,7,17,-0.012229715264397312
split_label_placebo,immune,seed42_main,target_disjoint,7,18,-0.025354432788600945
split_label_placebo,immune,seed42_main,target_disjoint,7,19,-0.01335367159066575
split_label_placebo,immune,seed42_main,target_disjoint,7,20,-0.02905932586407861
split_label_placebo,immune,seed42_main,target_disjoint,7,21,-0.0032826660957682163
split_label_placebo,immune,seed42_main,target_disjoint,7,22,-0.01705856466614336
split_label_placebo,immune,seed42_main,target_disjoint,7,23,0.007457361021908193
split_label_placebo,immune,seed42_main,target_disjoint,7,24,-0.03779228811341845
split_label_placebo,immune,seed42_main,target_disjoint,7,25,-0.009309807559646943
split_label_placebo,immune,seed42_main,target_disjoint,7,26,-0.0177573205832679
split_label_placebo,immune,seed42_main,target_disjoint,7,27,-0.007377078427174721
split_label_placebo,immune,seed42_main,target_disjoint,7,28,-0.031256690216227845
split_label_placebo,immune,seed42_main,target_disjoint,7,29,-0.0323836199719309
split_label_placebo,immune,seed42_main,target_disjoint,7,30,-0.02133435619305879
split_label_placebo,immune,seed42_main,target_disjoint,7,31,-0.014715502271700154
split_label_placebo,immune,seed42_main,target_disjoint,7,32,-0.009895573158257731
split_label_placebo,immune,seed42_main,target_disjoint,7,33,-0.024572420847308485
split_label_placebo,immune,seed42_main,target_disjoint,7,34,-0.004207402649920311
split_label_placebo,immune,seed42_main,target_disjoint,7,35,-0.017067484954447043
split_label_placebo,immune,seed42_main,target_disjoint,7,36,-0.02599669354646883
split_label_placebo,immune,seed42_main,target_disjoint,7,37,-0.007076762054282759
split_label_placebo,immune,seed42_main,target_disjoint,7,38,-0.03210114417564652
split_label_placebo,immune,seed42_main,target_disjoint,7,39,-0.012919550893218168
split_label_placebo,immune,seed42_main,target_disjoint,7,40,-0.008822165132376991
split_label_placebo,immune,seed42_main,target_disjoint,7,41,-0.01811115868598201
split_label_placebo,immune,seed42_main,target_disjoint,7,42,-0.007888508289921325
split_label_placebo,immune,seed42_main,target_disjoint,7,43,-0.024286971621589326
split_label_placebo,immune,seed42_main,target_disjoint,7,44,-0.00842669901757881
split_label_placebo,immune,seed42_main,target_disjoint,7,45,-0.008283974404719341
split_label_placebo,immune,seed42_main,target_disjoint,7,46,-0.01155474678274937
split_label_placebo,immune,seed42_main,target_disjoint,7,47,-0.00403791717214963
split_label_placebo,immune,seed42_main,target_disjoint,7,48,-0.03239848711910359
split_label_placebo,immune,seed42_main,target_disjoint,7,49,-0.007391945574347525
split_label_placebo,immune,seed42_main,target_disjoint,7,50,-0.036873498418135475
split_label_placebo,immune,seed42_main,target_disjoint,7,51,0.008501034753443215
split_label_placebo,immune,seed42_main,target_disjoint,7,52,-0.010784628559195042
split_label_placebo,immune,seed42_main,target_disjoint,7,53,-0.005839815409500626
split_label_placebo,immune,seed42_main,target_disjoint,7,54,-0.0008266133828110922
split_label_placebo,immune,seed42_main,target_disjoint,7,55,-0.0009277099835867109
split_label_placebo,immune,seed42_main,target_disjoint,7,56,-0.023814196341492455
split_label_placebo,immune,seed42_main,target_disjoint,7,57,-0.00492399914365238
split_label_placebo,immune,seed42_main,target_disjoint,7,58,-0.002331168676704909
split_label_placebo,immune,seed42_main,target_disjoint,7,59,-0.0005322438687884734
split_label_placebo,immune,seed42_main,target_disjoint,7,60,0.0036335307690478214
split_label_placebo,immune,seed42_main,target_disjoint,7,61,-0.014156497538000357
split_label_placebo,immune,seed42_main,target_disjoint,7,62,-0.0021497894811960405
split_label_placebo,immune,seed42_main,target_disjoint,7,63,-0.015726468279454786
split_label_placebo,immune,seed42_main,target_disjoint,11,0,0.004362020980518133
split_label_placebo,immune,seed42_main,target_disjoint,11,1,0.0008444539594184564
split_label_placebo,immune,seed42_main,target_disjoint,11,2,0.0019446228502106866
split_label_placebo,immune,seed42_main,target_disjoint,11,3,-0.0038119365351221846
split_label_placebo,immune,seed42_main,target_disjoint,11,4,0.0023727966887889806
split_label_placebo,immune,seed42_main,target_disjoint,11,5,-0.01390672946549637
split_label_placebo,immune,seed42_main,target_disjoint,11,6,-0.0026255381907276942
split_label_placebo,immune,seed42_main,target_disjoint,11,7,0.0041003591902757375
split_label_placebo,immune,seed42_main,target_disjoint,11,8,-0.024926258950022706
split_label_placebo,immune,seed42_main,target_disjoint,11,9,0.006232308094864358
split_label_placebo,immune,seed42_main,target_disjoint,11,10,0.0054354290063988175
split_label_placebo,immune,seed42_main,target_disjoint,11,11,0.00185244653773875
split_label_placebo,immune,seed42_main,target_disjoint,11,12,0.01659768310378451
split_label_placebo,immune,seed42_main,target_disjoint,11,13,-0.005429482147529696
split_label_placebo,immune,seed42_main,target_disjoint,11,14,-0.011652869954090317
split_label_placebo,immune,seed42_main,target_disjoint,11,15,-0.020656414281976343
split_label_placebo,immune,seed42_main,target_disjoint,11,16,-0.03408442160850644
split_label_placebo,immune,seed42_main,target_disjoint,11,17,-0.00930980755964711
split_label_placebo,immune,seed42_main,target_disjoint,11,18,-0.016579842527177147
split_label_placebo,immune,seed42_main,target_disjoint,11,19,0.003116154047432207
split_label_placebo,immune,seed42_main,target_disjoint,11,20,-0.0015878113180617937
split_label_placebo,immune,seed42_main,target_disjoint,11,21,0.010377268726658673
split_label_placebo,immune,seed42_main,target_disjoint,11,22,-0.01435274388068214
split_label_placebo,immune,seed42_main,target_disjoint,11,23,-0.0075852184875948025
split_label_placebo,immune,seed42_main,target_disjoint,11,24,0.007909322295963306
split_label_placebo,immune,seed42_main,target_disjoint,11,25,0.013793739146982453
split_label_placebo,immune,seed42_main,target_disjoint,11,26,-0.014269487856514218
split_label_placebo,immune,seed42_main,target_disjoint,11,27,0.010157234948500404
split_label_placebo,immune,seed42_main,target_disjoint,11,28,-0.0026582459145080284
split_label_placebo,immune,seed42_main,target_disjoint,11,29,-0.004477984728466444
split_label_placebo,immune,seed42_main,target_disjoint,11,30,-0.009791503128047663
split_label_placebo,immune,seed42_main,target_disjoint,11,31,0.023293846190442224
split_label_placebo,immune,seed42_main,target_disjoint,11,32,-0.0135885725159971
split_label_placebo,immune,seed42_main,target_disjoint,11,33,-0.012119698375318178
split_label_placebo,immune,seed42_main,target_disjoint,11,34,-0.014593591664882721
split_label_placebo,immune,seed42_main,target_disjoint,11,35,-0.003359975261067072
split_label_placebo,immune,seed42_main,target_disjoint,11,36,-0.008022312614477112
split_label_placebo,immune,seed42_main,target_disjoint,11,37,-0.013255548419325025
split_label_placebo,immune,seed42_main,target_disjoint,11,38,-0.02508385071005509
split_label_placebo,immune,seed42_main,target_disjoint,11,39,-0.007906348866528523
split_label_placebo,immune,seed42_main,target_disjoint,11,40,-0.012984966340778892
split_label_placebo,immune,seed42_main,target_disjoint,11,41,0.012845215157353929
split_label_placebo,immune,seed42_main,target_disjoint,11,42,-0.006722923951568871
split_label_placebo,immune,seed42_main,target_disjoint,11,43,0.000975284854539904
split_label_placebo,immune,seed42_main,target_disjoint,11,44,-0.020507742810247698
split_label_placebo,immune,seed42_main,target_disjoint,11,45,-0.008560503342134651
split_label_placebo,immune,seed42_main,target_disjoint,11,46,-0.017697851994576463
split_label_placebo,immune,seed42_main,target_disjoint,11,47,-0.0008325602416803246
split_label_placebo,immune,seed42_main,target_disjoint,11,48,0.011299031851376096
split_label_placebo,immune,seed42_main,target_disjoint,11,49,0.003797069387949381
split_label_placebo,immune,seed42_main,target_disjoint,11,50,0.00464747020623707
split_label_placebo,immune,seed42_main,target_disjoint,11,51,-0.0005352172982232006
split_label_placebo,immune,seed42_main,target_disjoint,11,52,-0.004094412331406616
split_label_placebo,immune,seed42_main,target_disjoint,11,53,-0.017861390613477968
split_label_placebo,immune,seed42_main,target_disjoint,11,54,0.005453269583006237
split_label_placebo,immune,seed42_main,target_disjoint,11,55,-0.020269868455481954
split_label_placebo,immune,seed42_main,target_disjoint,11,56,-0.0015878113180618492
split_label_placebo,immune,seed42_main,target_disjoint,11,57,0.010855990865624776
split_label_placebo,immune,seed42_main,target_disjoint,11,58,0.011230642974380922
split_label_placebo,immune,seed42_main,target_disjoint,11,59,-0.0009544708484978126
split_label_placebo,immune,seed42_main,target_disjoint,11,60,0.024935179238326333
split_label_placebo,immune,seed42_main,target_disjoint,11,61,0.0035889293275293555
split_label_placebo,immune,seed42_main,target_disjoint,11,62,0.010014510335640547
split_label_placebo,immune,seed42_main,target_disjoint,11,63,-0.008474273888532058
split_label_placebo,immune,seed43,source_disjoint,7,0,-0.029673372469854742
split_label_placebo,immune,seed43,source_disjoint,7,1,0.018713599554493254
split_label_placebo,immune,seed43,source_disjoint,7,2,-0.01653634050320607
split_label_placebo,immune,seed43,source_disjoint,7,3,-0.003468918950274902
split_label_placebo,immune,seed43,source_disjoint,7,4,-0.01750701905004981
split_label_placebo,immune,seed43,source_disjoint,7,5,-0.020755505023551446
split_label_placebo,immune,seed43,source_disjoint,7,6,-0.02559729602215144
split_label_placebo,immune,seed43,source_disjoint,7,7,0.012584015902112111
split_label_placebo,immune,seed43,source_disjoint,7,8,-0.00046020217957931653
split_label_placebo,immune,seed43,source_disjoint,7,9,0.026161913822307925
split_label_placebo,immune,seed43,source_disjoint,7,10,-0.00026683991925202655
split_label_placebo,immune,seed43,source_disjoint,7,11,-0.011157002420895512
split_label_placebo,immune,seed43,source_disjoint,7,12,-0.008070940746069066
split_label_placebo,immune,seed43,source_disjoint,7,13,0.018578245972264207
split_label_placebo,immune,seed43,source_disjoint,7,14,0.0038749796969624883
split_label_placebo,immune,seed43,source_disjoint,7,15,-0.017058418606090142
split_label_placebo,immune,seed43,source_disjoint,7,16,-0.02430563612316411
split_label_placebo,immune,seed43,source_disjoint,7,17,0.02205103216774562
split_label_placebo,immune,seed43,source_disjoint,7,18,0.030334671400174873
split_label_placebo,immune,seed43,source_disjoint,7,19,0.0031440703529247993
split_label_placebo,immune,seed43,source_disjoint,7,20,0.011532125205930832
split_label_placebo,immune,seed43,source_disjoint,7,21,0.00023976920280610603
split_label_placebo,immune,seed43,source_disjoint,7,22,0.00859688609415965
split_label_placebo,immune,seed43,source_disjoint,7,23,0.008941070917542593
split_label_placebo,immune,seed43,source_disjoint,7,24,-0.017599832935007054
split_label_placebo,immune,seed43,source_disjoint,7,25,0.009559830150590587
split_label_placebo,immune,seed43,source_disjoint,7,26,0.0038131037736580664
split_label_placebo,immune,seed43,source_disjoint,7,27,-0.003755095095559602
split_label_placebo,immune,seed43,source_disjoint,7,28,0.009803466598603316
split_label_placebo,immune,seed43,source_disjoint,7,29,-0.0052671879713203085
split_label_placebo,immune,seed43,source_disjoint,7,30,-0.011624939090888076
split_label_placebo,immune,seed43,source_disjoint,7,31,-0.01620762466064929
split_label_placebo,immune,seed43,source_disjoint,7,32,-0.01696560472113301
split_label_placebo,immune,seed43,source_disjoint,7,33,-0.01284698857615757
split_label_placebo,immune,seed43,source_disjoint,7,34,0.0009745457920503631
split_label_placebo,immune,seed43,source_disjoint,7,35,-0.012201158626663822
split_label_placebo,immune,seed43,source_disjoint,7,36,0.0032755566899475563
split_label_placebo,immune,seed43,source_disjoint,7,37,0.009374202380676211
split_label_placebo,immune,seed43,source_disjoint,7,38,0.00035578655900253553
split_label_placebo,immune,seed43,source_disjoint,7,39,-0.006237866518164492
split_label_placebo,immune,seed43,source_disjoint,7,40,0.008670363753084165
split_label_placebo,immune,seed43,source_disjoint,7,41,-0.008059339010449418
split_label_placebo,immune,seed43,source_disjoint,7,42,0.019432907162911572
split_label_placebo,immune,seed43,source_disjoint,7,43,0.002873363188466538
split_label_placebo,immune,seed43,source_disjoint,7,44,-0.0017363930977408737
split_label_placebo,immune,seed43,source_disjoint,7,45,-0.00788531297615458
split_label_placebo,immune,seed43,source_disjoint,7,46,0.00428490768885692
split_label_placebo,immune,seed43,source_disjoint,7,47,0.013353597698215647
split_label_placebo,immune,seed43,source_disjoint,7,48,-0.006280406215436352
split_label_placebo,immune,seed43,source_disjoint,7,49,0.006029035277010819
split_label_placebo,immune,seed43,source_disjoint,7,50,0.026881221430725966
split_label_placebo,immune,seed43,source_disjoint,7,51,-0.03410136823135407
split_label_placebo,immune,seed43,source_disjoint,7,52,0.010050970291822336
split_label_placebo,immune,seed43,source_disjoint,7,53,-0.030466157737197408
split_label_placebo,immune,seed43,source_disjoint,7,54,-0.0026722664377256677
split_label_placebo,immune,seed43,source_disjoint,7,55,-0.003028052996728259
split_label_placebo,immune,seed43,source_disjoint,7,56,0.00812894942416742
split_label_placebo,immune,seed43,source_disjoint,7,57,0.015117061512402219
split_label_placebo,immune,seed43,source_disjoint,7,58,0.011071923026351516
split_label_placebo,immune,seed43,source_disjoint,7,59,0.023257612672189176
split_label_placebo,immune,seed43,source_disjoint,7,60,-0.01989310934249089
split_label_placebo,immune,seed43,source_disjoint,7,61,-0.023501249120201684
split_label_placebo,immune,seed43,source_disjoint,7,62,0.003453449969448741
split_label_placebo,immune,seed43,source_disjoint,7,63,-0.005754460867345823
split_label_placebo,immune,seed43,source_disjoint,11,0,0.0017557293237735472
split_label_placebo,immune,seed43,source_disjoint,11,1,-0.006102512935935223
split_label_placebo,immune,seed43,source_disjoint,11,2,-0.014262400321754798
split_label_placebo,immune,seed43,source_disjoint,11,3,-0.004002598788778733
split_label_placebo,immune,seed43,source_disjoint,11,4,-0.018934032531266798
split_label_placebo,immune,seed43,source_disjoint,11,5,-0.005097029182232371
split_label_placebo,immune,seed43,source_disjoint,11,6,0.02044225816182088
split_label_placebo,immune,seed43,source_disjoint,11,7,-0.01271936948434138
split_label_placebo,immune,seed43,source_disjoint,11,8,0.03273236342823549
split_label_placebo,immune,seed43,source_disjoint,11,9,0.007703552451446716
split_label_placebo,immune,seed43,source_disjoint,11,10,0.013856339575067045
split_label_placebo,immune,seed43,source_disjoint,11,11,0.009745457920504852
split_label_placebo,immune,seed43,source_disjoint,11,12,-9.668113016381152e-05
split_label_placebo,immune,seed43,source_disjoint,11,13,0.013531490977716831
split_label_placebo,immune,seed43,source_disjoint,11,14,0.011439311320973644
split_label_placebo,immune,seed43,source_disjoint,11,15,0.01038355337958552
split_label_placebo,immune,seed43,source_disjoint,11,16,0.007804100826816984
split_label_placebo,immune,seed43,source_disjoint,11,17,0.0019606933197205967
split_label_placebo,immune,seed43,source_disjoint,11,18,0.020101940583644506
split_label_placebo,immune,seed43,source_disjoint,11,19,0.006203061311305547
split_label_placebo,immune,seed43,source_disjoint,11,20,-0.010128315195953308
split_label_placebo,immune,seed43,source_disjoint,11,21,0.00872450518597584
split_label_placebo,immune,seed43,source_disjoint,11,22,-0.01369391527639191
split_label_placebo,immune,seed43,source_disjoint,11,23,0.00859688609415965
split_label_placebo,immune,seed43,source_disjoint,11,24,0.006817953299146917
split_label_placebo,immune,seed43,source_disjoint,11,25,0.017530222521289218
split_label_placebo,immune,seed43,source_disjoint,11,26,-0.0012104477496500676
split_label_placebo,immune,seed43,source_disjoint,11,27,0.012997811139213056
split_label_placebo,immune,seed43,source_disjoint,11,28,0.004930737638350724
split_label_placebo,immune,seed43,source_disjoint,11,29,-0.008418992814658521
split_label_placebo,immune,seed43,source_disjoint,11,30,0.00499261356165559
split_label_placebo,immune,seed43,source_disjoint,11,31,0.016752906234772658
split_label_placebo,immune,seed43,source_disjoint,11,32,0.011377435397668889
split_label_placebo,immune,seed43,source_disjoint,11,33,0.027848032732363526
split_label_placebo,immune,seed43,source_disjoint,11,34,0.012255300059555552
split_label_placebo,immune,seed43,source_disjoint,11,35,0.0017363930977407627
split_label_placebo,immune,seed43,source_disjoint,11,36,-0.009416742077948181
split_label_placebo,immune,seed43,source_disjoint,11,37,0.015283353056284033
split_label_placebo,immune,seed43,source_disjoint,11,38,0.013403871885900864
split_label_placebo,immune,seed43,source_disjoint,11,39,0.007409641815748991
split_label_placebo,immune,seed43,source_disjoint,11,40,0.020391983974135774
split_label_placebo,immune,seed43,source_disjoint,11,41,-0.02331948859549393
split_label_placebo,immune,seed43,source_disjoint,11,42,0.006918501674517241
split_label_placebo,immune,seed43,source_disjoint,11,43,0.019896976587697623
split_label_placebo,immune,seed43,source_disjoint,11,44,0.008264303006396356
split_label_placebo,immune,seed43,source_disjoint,11,45,-0.0012916598989874961
split_label_placebo,immune,seed43,source_disjoint,11,46,-0.027496113418567336
split_label_placebo,immune,seed43,source_disjoint,11,47,0.005576567587844472
split_label_placebo,immune,seed43,source_disjoint,11,48,0.0010866959030404466
split_label_placebo,immune,seed43,source_disjoint,11,49,4.6406942478594004e-05
split_label_placebo,immune,seed43,source_disjoint,11,50,0.01182990308683518
split_label_placebo,immune,seed43,source_disjoint,11,51,-0.01180669961559594
split_label_placebo,immune,seed43,source_disjoint,11,52,0.009165371139522427
split_label_placebo,immune,seed43,source_disjoint,11,53,0.006964908616995835
split_label_placebo,immune,seed43,source_disjoint,11,54,0.027623732510383636
split_label_placebo,immune,seed43,source_disjoint,11,55,-0.02330401961466766
split_label_placebo,immune,seed43,source_disjoint,11,56,-0.0038749796969625994
split_label_placebo,immune,seed43,source_disjoint,11,57,-0.013844737839447396
split_label_placebo,immune,seed43,source_disjoint,11,58,0.0047799150752954045
split_label_placebo,immune,seed43,source_disjoint,11,59,-0.019738419534228946
split_label_placebo,immune,seed43,source_disjoint,11,60,0.00653564439906873
split_label_placebo,immune,seed43,source_disjoint,11,61,0.006145052633207304
split_label_placebo,immune,seed43,source_disjoint,11,62,0.007668747244587937
split_label_placebo,immune,seed43,source_disjoint,11,63,0.009451547284807071
split_label_placebo,immune,seed43,target_disjoint,7,0,-0.007069590320004926
split_label_placebo,immune,seed43,target_disjoint,7,1,0.009130274553160123
split_label_placebo,immune,seed43,target_disjoint,7,2,-0.02153737485412438
split_label_placebo,immune,seed43,target_disjoint,7,3,-0.007131011608623616
split_label_placebo,immune,seed43,target_disjoint,7,4,0.011442786069651767
split_label_placebo,immune,seed43,target_disjoint,7,5,0.011470425649530047
split_label_placebo,immune,seed43,target_disjoint,7,6,-0.006621214913088869
split_label_placebo,immune,seed43,target_disjoint,7,7,0.002877587371783008
split_label_placebo,immune,seed43,target_disjoint,7,8,0.007235427799275274
split_label_placebo,immune,seed43,target_disjoint,7,9,-0.011194029850746245
split_label_placebo,immune,seed43,target_disjoint,7,10,-0.00015969535040849525
split_label_placebo,immune,seed43,target_disjoint,7,11,-0.0020821816841717355
split_label_placebo,immune,seed43,target_disjoint,7,12,0.004864566058595865
split_label_placebo,immune,seed43,target_disjoint,7,13,-0.012923039125360913
split_label_placebo,immune,seed43,target_disjoint,7,14,-0.006593575333210477
split_label_placebo,immune,seed43,target_disjoint,7,15,0.006406240402923702
split_label_placebo,immune,seed43,target_disjoint,7,16,0.009842761501136166
split_label_placebo,immune,seed43,target_disjoint,7,17,0.009170198390762163
split_label_placebo,immune,seed43,target_disjoint,7,18,-0.0013635526073336734
split_label_placebo,immune,seed43,target_disjoint,7,19,-0.006615072784227127
split_label_placebo,immune,seed43,target_disjoint,7,20,0.014679687979853695
split_label_placebo,immune,seed43,target_disjoint,7,21,-0.002300227258767884
split_label_placebo,immune,seed43,target_disjoint,7,22,0.014989865487377907
split_label_placebo,immune,seed43,target_disjoint,7,23,0.008660401695227526
split_label_placebo,immune,seed43,target_disjoint,7,24,0.023708617406793198
split_label_placebo,immune,seed43,target_disjoint,7,25,-0.003335175971991955
split_label_placebo,immune,seed43,target_disjoint,7,26,-0.00801854922916273
split_label_placebo,immune,seed43,target_disjoint,7,27,0.012529942878201639
split_label_placebo,immune,seed43,target_disjoint,7,28,-0.01957803574718997
split_label_placebo,immune,seed43,target_disjoint,7,29,-0.011875806154413082
split_label_placebo,immune,seed43,target_disjoint,7,30,-0.013589460106873008
split_label_placebo,immune,seed43,target_disjoint,7,31,0.008328726736686942
split_label_placebo,immune,seed43,target_disjoint,7,32,-0.00792948836066576
split_label_placebo,immune,seed43,target_disjoint,7,33,-0.01405319083594364
split_label_placebo,immune,seed43,target_disjoint,7,34,0.0238406731773233
split_label_placebo,immune,seed43,target_disjoint,7,35,0.0020115472022602665
split_label_placebo,immune,seed43,target_disjoint,7,36,-0.00950494441373384
split_label_placebo,immune,seed43,target_disjoint,7,37,-0.013300780050365502
split_label_placebo,immune,seed43,target_disjoint,7,38,-0.006873042196425483
split_label_placebo,immune,seed43,target_disjoint,7,39,0.0028100239543026317
split_label_placebo,immune,seed43,target_disjoint,7,40,-0.008660401695227526
split_label_placebo,immune,seed43,target_disjoint,7,41,0.0011823598059087503
split_label_placebo,immune,seed43,target_disjoint,7,42,-0.01310116086235491
split_label_placebo,immune,seed43,target_disjoint,7,43,-0.006234260794791502
split_label_placebo,immune,seed43,target_disjoint,7,44,-0.008589767213316057
split_label_placebo,immune,seed43,target_disjoint,7,45,0.009501873349302858
split_label_placebo,immune,seed43,target_disjoint,7,46,0.0157576315951109
split_label_placebo,immune,seed43,target_disjoint,7,47,-0.02526564707327561
split_label_placebo,immune,seed43,target_disjoint,7,48,-0.0063294637921503805
split_label_placebo,immune,seed43,target_disjoint,7,49,-0.01245009520299728
split_label_placebo,immune,seed43,target_disjoint,7,50,0.018036361402862355
split_label_placebo,immune,seed43,target_disjoint,7,51,0.013306922179227298
split_label_placebo,immune,seed43,target_disjoint,7,52,-0.024187703458018572
split_label_placebo,immune,seed43,target_disjoint,7,53,-0.0035317240955715645
split_label_placebo,immune,seed43,target_disjoint,7,54,-0.01471346968859405
split_label_placebo,immune,seed43,target_disjoint,7,55,-0.018368036361402884
split_label_placebo,immune,seed43,target_disjoint,7,56,-0.0012437810945274963
split_label_placebo,immune,seed43,target_disjoint,7,57,-0.0265401388121122
split_label_placebo,immune,seed43,target_disjoint,7,58,0.019974203058780282
split_label_placebo,immune,seed43,target_disjoint,7,59,0.0031785516860145524
split_label_placebo,immune,seed43,target_disjoint,7,60,0.00016583747927023662
split_label_placebo,immune,seed43,target_disjoint,7,61,-0.018364965296971847
split_label_placebo,immune,seed43,target_disjoint,7,62,0.013165653215404305
split_label_placebo,immune,seed43,target_disjoint,7,63,0.009167127326331181
split_label_placebo,immune,seed43,target_disjoint,11,0,0.021288618635218803
split_label_placebo,immune,seed43,target_disjoint,11,1,0.0027854554388550556
split_label_placebo,immune,seed43,target_disjoint,11,2,-0.006178981635034719
split_label_placebo,immune,seed43,target_disjoint,11,3,0.020536207849640387
split_label_placebo,immune,seed43,target_disjoint,11,4,-6.142128861863494e-05
split_label_placebo,immune,seed43,target_disjoint,11,5,0.024362754130581643
split_label_placebo,immune,seed43,target_disjoint,11,6,0.01542902770100113
split_label_placebo,immune,seed43,target_disjoint,11,7,0.0285424728210798
split_label_placebo,immune,seed43,target_disjoint,11,8,0.0198513604815429
split_label_placebo,immune,seed43,target_disjoint,11,9,0.0013512683496099687
split_label_placebo,immune,seed43,target_disjoint,11,10,0.025720164609053575
split_label_placebo,immune,seed43,target_disjoint,11,11,-0.006615072784227016
split_label_placebo,immune,seed43,target_disjoint,11,12,0.02255696824519371
split_label_placebo,immune,seed43,target_disjoint,11,13,0.024525520545420953
split_label_placebo,immune,seed43,target_disjoint,11,14,0.019492045943124037
split_label_placebo,immune,seed43,target_disjoint,11,15,-0.0073981942141146395
split_label_placebo,immune,seed43,target_disjoint,11,16,0.010232786683864625
split_label_placebo,immune,seed43,target_disjoint,11,17,0.021614151464897702
split_label_placebo,immune,seed43,target_disjoint,11,18,0.011184816657453522
split_label_placebo,immune,seed43,target_disjoint,11,19,0.0014956083778638884
split_label_placebo,immune,seed43,target_disjoint,11,20,-0.005951722867145681
split_label_placebo,immune,seed43,target_disjoint,11,21,0.0073122044100484285
split_label_placebo,immune,seed43,target_disjoint,11,22,0.017305448068300366
split_label_placebo,immune,seed43,target_disjoint,11,23,-0.008961366009458849
split_label_placebo,immune,seed43,target_disjoint,11,24,-0.0060192862846261685
split_label_placebo,immune,seed43,target_disjoint,11,25,0.01597874823413792
split_label_placebo,immune,seed43,target_disjoint,11,26,0.008755604692586516
split_label_placebo,immune,seed43,target_disjoint,11,27,0.010079233462318093
split_label_placebo,immune,seed43,target_disjoint,11,28,-9.213193292723076e-06
split_label_placebo,immune,seed43,target_disjoint,11,29,0.012959891898532139
split_label_placebo,immune,seed43,target_disjoint,11,30,-0.0024875621890548816
split_label_placebo,immune,seed43,target_disjoint,11,31,0.024371967323874477
split_label_placebo,immune,seed43,target_disjoint,11,32,0.008212026288311525
split_label_placebo,immune,seed43,target_disjoint,11,33,0.0055187027823843104
split_label_placebo,immune,seed43,target_disjoint,11,34,0.01462133775566593
split_label_placebo,immune,seed43,target_disjoint,11,35,0.014043977642651084
split_label_placebo,immune,seed43,target_disjoint,11,36,0.021457527178920244
split_label_placebo,immune,seed43,target_disjoint,11,37,0.0025674098642590737
split_label_placebo,immune,seed43,target_disjoint,11,38,-0.00017197960813214452
split_label_placebo,immune,seed43,target_disjoint,11,39,0.00940667035194409
split_label_placebo,immune,seed43,target_disjoint,11,40,0.015429027701001186
split_label_placebo,immune,seed43,target_disjoint,11,41,0.02329095264418657
split_label_placebo,immune,seed43,target_disjoint,11,42,0.01890240157238504
split_label_placebo,immune,seed43,target_disjoint,11,43,0.008469995700509825
split_label_placebo,immune,seed43,target_disjoint,11,44,0.030418893188379093
split_label_placebo,immune,seed43,target_disjoint,11,45,-0.01744671703212336
split_label_placebo,immune,seed43,target_disjoint,11,46,0.015140347644493568
split_label_placebo,immune,seed43,target_disjoint,11,47,0.008341010994410536
split_label_placebo,immune,seed43,target_disjoint,11,48,0.02930716786438181
split_label_placebo,immune,seed43,target_disjoint,11,49,0.01481174375038391
split_label_placebo,immune,seed43,target_disjoint,11,50,0.023598059087279744
split_label_placebo,immune,seed43,target_disjoint,11,51,-0.0026165468951538373
split_label_placebo,immune,seed43,target_disjoint,11,52,0.030679933665008374
split_label_placebo,immune,seed43,target_disjoint,11,53,0.01719796081321784
split_label_placebo,immune,seed43,target_disjoint,11,54,0.010684233155211664
split_label_placebo,immune,seed43,target_disjoint,11,55,0.013104231926785892
split_label_placebo,immune,seed43,target_disjoint,11,56,0.023453719059025713
split_label_placebo,immune,seed43,target_disjoint,11,57,0.02089552238805986
split_label_placebo,immune,seed43,target_disjoint,11,58,0.007603955530987194
split_label_placebo,immune,seed43,target_disjoint,11,59,-0.018908543701246838
split_label_placebo,immune,seed43,target_disjoint,11,60,0.008721822983846217
split_label_placebo,immune,seed43,target_disjoint,11,61,0.012794054419261736
split_label_placebo,immune,seed43,target_disjoint,11,62,0.0009520299735888971
split_label_placebo,immune,seed43,target_disjoint,11,63,0.020327375468337405
split_label_placebo,immune,seed44,source_disjoint,7,0,-0.012079574602991527
split_label_placebo,immune,seed44,source_disjoint,7,1,-0.004733838660402889
split_label_placebo,immune,seed44,source_disjoint,7,2,-0.02351067815661284
split_label_placebo,immune,seed44,source_disjoint,7,3,-0.01145271925526714
split_label_placebo,immune,seed44,source_disjoint,7,4,-0.0033576389889615754
split_label_placebo,immune,seed44,source_disjoint,7,5,0.027066461077326687
split_label_placebo,immune,seed44,source_disjoint,7,6,0.016103697726027988
split_label_placebo,immune,seed44,source_disjoint,7,7,-0.01726013776407187
split_label_placebo,immune,seed44,source_disjoint,7,8,-0.0079617834394905
split_label_placebo,immune,seed44,source_disjoint,7,9,0.016273020722252785
split_label_placebo,immune,seed44,source_disjoint,7,10,0.0018517451076461855
split_label_placebo,immune,seed44,source_disjoint,7,11,0.002838862149465382
split_label_placebo,immune,seed44,source_disjoint,7,12,-0.001203274058275916
split_label_placebo,immune,seed44,source_disjoint,7,13,0.029725192379744803
split_label_placebo,immune,seed44,source_disjoint,7,14,-0.014057411303570744
split_label_placebo,immune,seed44,source_disjoint,7,15,0.003534167219067852
split_label_placebo,immune,seed44,source_disjoint,7,16,0.027603251001527718
split_label_placebo,immune,seed44,source_disjoint,7,17,0.032895495287776966
split_label_placebo,immune,seed44,source_disjoint,7,18,-0.008271608496411842
split_label_placebo,immune,seed44,source_disjoint,7,19,0.016042453238032106
split_label_placebo,immune,seed44,source_disjoint,7,20,-0.007669971467273773
split_label_placebo,immune,seed44,source_disjoint,7,21,-0.0016427933250711124
split_label_placebo,immune,seed44,source_disjoint,7,22,-0.001977836700579383
split_label_placebo,immune,seed44,source_disjoint,7,23,0.0298945153759691
split_label_placebo,immune,seed44,source_disjoint,7,24,0.0030514165489811673
split_label_placebo,immune,seed44,source_disjoint,7,25,-0.0008141914286537988
split_label_placebo,immune,seed44,source_disjoint,7,26,-0.011971496094763223
split_label_placebo,immune,seed44,source_disjoint,7,27,0.0007349338559530239
split_label_placebo,immune,seed44,source_disjoint,7,28,0.00317750814191442
split_label_placebo,immune,seed44,source_disjoint,7,29,-0.007716805487506195
split_label_placebo,immune,seed44,source_disjoint,7,30,-0.002327290543851057
split_label_placebo,immune,seed44,source_disjoint,7,31,0.007929359887022036
split_label_placebo,immune,seed44,source_disjoint,7,32,-0.008797590569789737
split_label_placebo,immune,seed44,source_disjoint,7,33,0.009889183502896526
split_label_placebo,immune,seed44,source_disjoint,7,34,-0.014543764590598474
split_label_placebo,immune,seed44,source_disjoint,7,35,-0.01821483125342238
split_label_placebo,immune,seed44,source_disjoint,7,36,-0.019864829812375695
split_label_placebo,immune,seed44,source_disjoint,7,37,0.0006196501138426846
split_label_placebo,immune,seed44,source_disjoint,7,38,-0.005742571403867691
split_label_placebo,immune,seed44,source_disjoint,7,39,-0.00036026169409453246
split_label_placebo,immune,seed44,source_disjoint,7,40,-0.016813413263394417
split_label_placebo,immune,seed44,source_disjoint,7,41,-0.010375536789924256
split_label_placebo,immune,seed44,source_disjoint,7,42,0.0020859152088077426
split_label_placebo,immune,seed44,source_disjoint,7,43,-0.006805343401446784
split_label_placebo,immune,seed44,source_disjoint,7,44,-0.018016687321670277
split_label_placebo,immune,seed44,source_disjoint,7,45,-0.02467792604547936
split_label_placebo,immune,seed44,source_disjoint,7,46,0.004553707813355512
split_label_placebo,immune,seed44,source_disjoint,7,47,-0.019727930368619806
split_label_placebo,immune,seed44,source_disjoint,7,48,-0.006834164336974369
split_label_placebo,immune,seed44,source_disjoint,7,49,0.006639623022163477
split_label_placebo,immune,seed44,source_disjoint,7,50,-0.0022120068017407735
split_label_placebo,immune,seed44,source_disjoint,7,51,0.013376516701732122
split_label_placebo,immune,seed44,source_disjoint,7,52,-0.012212871429806593
split_label_placebo,immune,seed44,source_disjoint,7,53,-0.013398132403377727
split_label_placebo,immune,seed44,source_disjoint,7,54,0.015505663313831186
split_label_placebo,immune,seed44,source_disjoint,7,55,-0.026576505173357745
split_label_placebo,immune,seed44,source_disjoint,7,56,-0.021500417903565272
split_label_placebo,immune,seed44,source_disjoint,7,57,7.205233881868445e-06
split_label_placebo,immune,seed44,source_disjoint,7,58,-0.012374989192149077
split_label_placebo,immune,seed44,source_disjoint,7,59,0.002644320834654379
split_label_placebo,immune,seed44,source_disjoint,7,60,-0.0157506412658156
split_label_placebo,immune,seed44,source_disjoint,7,61,-0.031054558030953694
split_label_placebo,immune,seed44,source_disjoint,7,62,-0.006218116840072563
split_label_placebo,immune,seed44,source_disjoint,7,63,-0.017126840937256804
split_label_placebo,immune,seed44,source_disjoint,11,0,-0.015502060696890307
split_label_placebo,immune,seed44,source_disjoint,11,1,0.008077067181600728
split_label_placebo,immune,seed44,source_disjoint,11,2,0.029984580799492733
split_label_placebo,immune,seed44,source_disjoint,11,3,-0.030251174453122698
split_label_placebo,immune,seed44,source_disjoint,11,4,-0.022116465400466967
split_label_placebo,immune,seed44,source_disjoint,11,5,-0.01903983053289915
split_label_placebo,immune,seed44,source_disjoint,11,6,-0.035759575755829
split_label_placebo,immune,seed44,source_disjoint,11,7,0.005249012882958204
split_label_placebo,immune,seed44,source_disjoint,11,8,-0.003051416548981223
split_label_placebo,immune,seed44,source_disjoint,11,9,-0.00999726201112483
split_label_placebo,immune,seed44,source_disjoint,11,10,-0.029858489206559757
split_label_placebo,immune,seed44,source_disjoint,11,11,-0.02801394933279533
split_label_placebo,immune,seed44,source_disjoint,11,12,0.006146064501253767
split_label_placebo,immune,seed44,source_disjoint,11,13,-0.02408349425022327
split_label_placebo,immune,seed44,source_disjoint,11,14,-0.022116465400466856
split_label_placebo,immune,seed44,source_disjoint,11,15,0.01564616537452812
split_label_placebo,immune,seed44,source_disjoint,11,16,-0.020891575640545335
split_label_placebo,immune,seed44,source_disjoint,11,17,-0.027170936968613946
split_label_placebo,immune,seed44,source_disjoint,11,18,0.003220739545205631
split_label_placebo,immune,seed44,source_disjoint,11,19,-0.018175202467072216
split_label_placebo,immune,seed44,source_disjoint,11,20,-0.0020967230596304898
split_label_placebo,immune,seed44,source_disjoint,11,21,0.010998789520707875
split_label_placebo,immune,seed44,source_disjoint,11,22,-0.0047770700636942665
split_label_placebo,immune,seed44,source_disjoint,11,23,-0.007172810329423296
split_label_placebo,immune,seed44,source_disjoint,11,24,-0.02102126985041941
split_label_placebo,immune,seed44,source_disjoint,11,25,-0.015087759748681595
split_label_placebo,immune,seed44,source_disjoint,11,26,-0.007345735942588805
split_label_placebo,immune,seed44,source_disjoint,11,27,-0.019962100469781252
split_label_placebo,immune,seed44,source_disjoint,11,28,0.004733838660402889
split_label_placebo,immune,seed44,source_disjoint,11,29,0.00785370493126214
split_label_placebo,immune,seed44,source_disjoint,11,30,0.03037006081217397
split_label_placebo,immune,seed44,source_disjoint,11,31,-0.0011168112516932727
split_label_placebo,immune,seed44,source_disjoint,11,32,0.013351298383145527
split_label_placebo,immune,seed44,source_disjoint,11,33,0.007216041732714618
split_label_placebo,immune,seed44,source_disjoint,11,34,0.007050321353431088
split_label_placebo,immune,seed44,source_disjoint,11,35,-0.038836210623396816
split_label_placebo,immune,seed44,source_disjoint,11,36,-0.007017897800962736
split_label_placebo,immune,seed44,source_disjoint,11,37,-0.01962345447733238
split_label_placebo,immune,seed44,source_disjoint,11,38,-0.00047554543620487166
split_label_placebo,immune,seed44,source_disjoint,11,39,-0.0019093869787014661
split_label_placebo,immune,seed44,source_disjoint,11,40,0.0245770527711332
split_label_placebo,immune,seed44,source_disjoint,11,41,0.012771277055653285
split_label_placebo,immune,seed44,source_disjoint,11,42,0.0032027264605009043
split_label_placebo,immune,seed44,source_disjoint,11,43,0.0027812202784102125
split_label_placebo,immune,seed44,source_disjoint,11,44,-0.015617344439000425
split_label_placebo,immune,seed44,source_disjoint,11,45,-0.001794103236591127
split_label_placebo,immune,seed44,source_disjoint,11,46,-0.010195405942876934
split_label_placebo,immune,seed44,source_disjoint,11,47,-0.017018762429028444
split_label_placebo,immune,seed44,source_disjoint,11,48,-0.030470934086520463
split_label_placebo,immune,seed44,source_disjoint,11,49,-0.010879903161656601
split_label_placebo,immune,seed44,source_disjoint,11,50,0.010897916246361272
split_label_placebo,immune,seed44,source_disjoint,11,51,-0.012569530506960191
split_label_placebo,immune,seed44,source_disjoint,11,52,-0.0009186673199412798
split_label_placebo,immune,seed44,source_disjoint,11,53,0.00489595642274554
split_label_placebo,immune,seed44,source_disjoint,11,54,-0.0068629852725019536
split_label_placebo,immune,seed44,source_disjoint,11,55,-0.02906231086261052
split_label_placebo,immune,seed44,source_disjoint,11,56,0.018261665273654915
split_label_placebo,immune,seed44,source_disjoint,11,57,0.011344640747038726
split_label_placebo,immune,seed44,source_disjoint,11,58,0.001282531630976691
split_label_placebo,immune,seed44,source_disjoint,11,59,-0.021028475084301224
split_label_placebo,immune,seed44,source_disjoint,11,60,-0.00017652823010638752
split_label_placebo,immune,seed44,source_disjoint,11,61,-0.002597486814422012
split_label_placebo,immune,seed44,source_disjoint,11,62,-0.019223563996887294
split_label_placebo,immune,seed44,source_disjoint,11,63,-0.006351413666887629
split_label_placebo,immune,seed44,target_disjoint,7,0,-0.041079401718369324
split_label_placebo,immune,seed44,target_disjoint,7,1,-0.010978794343603937
split_label_placebo,immune,seed44,target_disjoint,7,2,-0.02846267734527097
split_label_placebo,immune,seed44,target_disjoint,7,3,-0.011611233518693365
split_label_placebo,immune,seed44,target_disjoint,7,4,-0.026982128492987756
split_label_placebo,immune,seed44,target_disjoint,7,5,-0.03021718602455148
split_label_placebo,immune,seed44,target_disjoint,7,6,-0.015738117721120548
split_label_placebo,immune,seed44,target_disjoint,7,7,-0.015746861119854516
split_label_placebo,immune,seed44,target_disjoint,7,8,-0.035477797596148275
split_label_placebo,immune,seed44,target_disjoint,7,9,-0.029605148113174606
split_label_placebo,immune,seed44,target_disjoint,7,10,-0.007589270101073686
split_label_placebo,immune,seed44,target_disjoint,7,11,-0.009227200130568103
split_label_placebo,immune,seed44,target_disjoint,7,12,-0.020879236176686577
split_label_placebo,immune,seed44,target_disjoint,7,13,-0.02458060830739467
split_label_placebo,immune,seed44,target_disjoint,7,14,-0.02877161076720408
split_label_placebo,immune,seed44,target_disjoint,7,15,-0.01754217232655997
split_label_placebo,immune,seed44,target_disjoint,7,16,-0.018419426666200334
split_label_placebo,immune,seed44,target_disjoint,7,17,0.00976054745333943
split_label_placebo,immune,seed44,target_disjoint,7,18,-0.012718730691661184
split_label_placebo,immune,seed44,target_disjoint,7,19,-0.02386073514496556
split_label_placebo,immune,seed44,target_disjoint,7,20,-0.01743725154175263
split_label_placebo,immune,seed44,target_disjoint,7,21,-0.02522179088121801
split_label_placebo,immune,seed44,target_disjoint,7,22,-0.0068606535399106106
split_label_placebo,immune,seed44,target_disjoint,7,23,-0.023729584163956097
split_label_placebo,immune,seed44,target_disjoint,7,24,-0.026125275417060057
split_label_placebo,immune,seed44,target_disjoint,7,25,-0.010862215693817845
split_label_placebo,immune,seed44,target_disjoint,7,26,-0.0014397463248581044
split_label_placebo,immune,seed44,target_disjoint,7,27,-0.009518646755033389
split_label_placebo,immune,seed44,target_disjoint,7,28,0.0037946350505368986
split_label_placebo,immune,seed44,target_disjoint,7,29,-0.020430408375010145
split_label_placebo,immune,seed44,target_disjoint,7,30,-0.014927896105107363
split_label_placebo,immune,seed44,target_disjoint,7,31,-0.011823989554552994
split_label_placebo,immune,seed44,target_disjoint,7,32,-0.007548467573648521
split_label_placebo,immune,seed44,target_disjoint,7,33,-0.00507700019818369
split_label_placebo,immune,seed44,target_disjoint,7,34,-0.016288951841359756
split_label_placebo,immune,seed44,target_disjoint,7,35,-0.0034157544387320993
split_label_placebo,immune,seed44,target_disjoint,7,36,-0.03002191678615984
split_label_placebo,immune,seed44,target_disjoint,7,37,-0.008116788491355775
split_label_placebo,immune,seed44,target_disjoint,7,38,-0.015426269832942763
split_label_placebo,immune,seed44,target_disjoint,7,39,-0.01230487648492068
split_label_placebo,immune,seed44,target_disjoint,7,40,-0.008382004919619046
split_label_placebo,immune,seed44,target_disjoint,7,41,0.0006470115063126336
split_label_placebo,immune,seed44,target_disjoint,7,42,0.010731064712808602
split_label_placebo,immune,seed44,target_disjoint,7,43,-0.01822998636029788
split_label_placebo,immune,seed44,target_disjoint,7,44,-0.02700835868918966
split_label_placebo,immune,seed44,target_disjoint,7,45,-0.008956154769815372
split_label_placebo,immune,seed44,target_disjoint,7,46,-0.02663239254362959
split_label_placebo,immune,seed44,target_disjoint,7,47,-0.012607980974364441
split_label_placebo,immune,seed44,target_disjoint,7,48,-0.02927872789377345
split_label_placebo,immune,seed44,target_disjoint,7,49,-0.007230790752981442
split_label_placebo,immune,seed44,target_disjoint,7,50,-0.023595518716702235
split_label_placebo,immune,seed44,target_disjoint,7,51,-0.026186479208197833
split_label_placebo,immune,seed44,target_disjoint,7,52,-0.010870959092551813
split_label_placebo,immune,seed44,target_disjoint,7,53,-0.02351391366185185
split_label_placebo,immune,seed44,target_disjoint,7,54,-0.0187283600881335
split_label_placebo,immune,seed44,target_disjoint,7,55,-0.007836999731869132
split_label_placebo,immune,seed44,target_disjoint,7,56,-0.021913871693538034
split_label_placebo,immune,seed44,target_disjoint,7,57,-0.012747875354107707
split_label_placebo,immune,seed44,target_disjoint,7,58,0.018649669499527954
split_label_placebo,immune,seed44,target_disjoint,7,59,0.00012823651476467912
split_label_placebo,immune,seed44,target_disjoint,7,60,-0.017215752107158977
split_label_placebo,immune,seed44,target_disjoint,7,61,-0.02090838083913321
split_label_placebo,immune,seed44,target_disjoint,7,62,-0.032187365205936125
split_label_placebo,immune,seed44,target_disjoint,7,63,-0.0051440329218107594
split_label_placebo,immune,seed44,target_disjoint,11,0,0.009509903356299365
split_label_placebo,immune,seed44,target_disjoint,11,1,-0.03332400704135047
split_label_placebo,immune,seed44,target_disjoint,11,2,-0.02621270940439968
split_label_placebo,immune,seed44,target_disjoint,11,3,0.0016758180906747966
split_label_placebo,immune,seed44,target_disjoint,11,4,-0.008314972195991976
split_label_placebo,immune,seed44,target_disjoint,11,5,0.0019206332552257344
split_label_placebo,immune,seed44,target_disjoint,11,6,-0.016111169400436054
split_label_placebo,immune,seed44,target_disjoint,11,7,-0.011133261054570576
split_label_placebo,immune,seed44,target_disjoint,11,8,-0.004811783769920364
split_label_placebo,immune,seed44,target_disjoint,11,9,-0.03172979400552578
split_label_placebo,immune,seed44,target_disjoint,11,10,0.00647011506312728
split_label_placebo,immune,seed44,target_disjoint,11,11,-0.007000547919653988
split_label_placebo,immune,seed44,target_disjoint,11,12,-0.0062981615546927605
split_label_placebo,immune,seed44,target_disjoint,11,13,-0.008000209841569628
split_label_placebo,immune,seed44,target_disjoint,11,14,-0.013823313398384218
split_label_placebo,immune,seed44,target_disjoint,11,15,-0.00961482414110676
split_label_placebo,immune,seed44,target_disjoint,11,16,-0.023566374054255768
split_label_placebo,immune,seed44,target_disjoint,11,17,0.0011424707679036361
split_label_placebo,immune,seed44,target_disjoint,11,18,0.005846419286771876
split_label_placebo,immune,seed44,target_disjoint,11,19,-0.01052996654192756
split_label_placebo,immune,seed44,target_disjoint,11,20,-0.029028083796733495
split_label_placebo,immune,seed44,target_disjoint,11,21,-0.014977442031266441
split_label_placebo,immune,seed44,target_disjoint,11,22,-0.023041770130218242
split_label_placebo,immune,seed44,target_disjoint,11,23,-0.007201646090534974
split_label_placebo,immune,seed44,target_disjoint,11,24,0.009375837909045504
split_label_placebo,immune,seed44,target_disjoint,11,25,0.002453980577996895
split_label_placebo,immune,seed44,target_disjoint,11,26,-0.01815421023793712
split_label_placebo,immune,seed44,target_disjoint,11,27,-0.02157870807540302
split_label_placebo,immune,seed44,target_disjoint,11,28,0.0035148462910502
split_label_placebo,immune,seed44,target_disjoint,11,29,-0.006067918721365251
split_label_placebo,immune,seed44,target_disjoint,11,30,0.007490178248755586
split_label_placebo,immune,seed44,target_disjoint,11,31,-0.007501836113734062
split_label_placebo,immune,seed44,target_disjoint,11,32,-0.021995476748388365
split_label_placebo,immune,seed44,target_disjoint,11,33,-0.01296063138996717
split_label_placebo,immune,seed44,target_disjoint,11,34,0.010812669767658767
split_label_placebo,immune,seed44,target_disjoint,11,35,-0.004051108080066146
split_label_placebo,immune,seed44,target_disjoint,11,36,-0.001028806584362163
split_label_placebo,immune,seed44,target_disjoint,11,37,-0.015449585562900103
split_label_placebo,immune,seed44,target_disjoint,11,38,-0.017058370929947775
split_label_placebo,immune,seed44,target_disjoint,11,39,-0.01753634339407073
split_label_placebo,immune,seed44,target_disjoint,11,40,-0.012511803588290793
split_label_placebo,immune,seed44,target_disjoint,11,41,-0.018979004185173454
split_label_placebo,immune,seed44,target_disjoint,11,42,-0.026122360950815493
split_label_placebo,immune,seed44,target_disjoint,11,43,-0.019984495039578443
split_label_placebo,immune,seed44,target_disjoint,11,44,-0.017524685529092088
split_label_placebo,immune,seed44,target_disjoint,11,45,-0.012299047552431275
split_label_placebo,immune,seed44,target_disjoint,11,46,-0.01883619533918557
split_label_placebo,immune,seed44,target_disjoint,11,47,0.0027978875948658777
split_label_placebo,immune,seed44,target_disjoint,11,48,-0.010098625537719008
split_label_placebo,immune,seed44,target_disjoint,11,49,-0.005508341202392186
split_label_placebo,immune,seed44,target_disjoint,11,50,0.00026813089450805627
split_label_placebo,immune,seed44,target_disjoint,11,51,-0.0177724151598877
split_label_placebo,immune,seed44,target_disjoint,11,52,-0.012115436179018113
split_label_placebo,immune,seed44,target_disjoint,11,53,-0.005487939938679631
split_label_placebo,immune,seed44,target_disjoint,11,54,-0.013473577449026164
split_label_placebo,immune,seed44,target_disjoint,11,55,-0.02301553993401645
split_label_placebo,immune,seed44,target_disjoint,11,56,0.008752142132689933
split_label_placebo,immune,seed44,target_disjoint,11,57,-0.004931276885951075
split_label_placebo,immune,seed44,target_disjoint,11,58,-0.027215285792559885
split_label_placebo,immune,seed44,target_disjoint,11,59,9.617738607342607e-05
split_label_placebo,immune,seed44,target_disjoint,11,60,0.006953916459739584
split_label_placebo,immune,seed44,target_disjoint,11,61,-0.0006790706350037756
split_label_placebo,immune,seed44,target_disjoint,11,62,-0.0008277084134811763
split_label_placebo,immune,seed44,target_disjoint,11,63,0.005834761421793233
split_label_placebo,lung,seed42_main,source_disjoint,7,0,0.00028496523424148545
split_label_placebo,lung,seed42_main,source_disjoint,7,1,-0.006770773965576127
split_label_placebo,lung,seed42_main,source_disjoint,7,2,0.016322808617348694
split_label_placebo,lung,seed42_main,source_disjoint,7,3,-0.029414111478399563
split_label_placebo,lung,seed42_main,source_disjoint,7,4,-0.001111364413541649
split_label_placebo,lung,seed42_main,source_disjoint,7,5,0.0012082525931833565
split_label_placebo,lung,seed42_main,source_disjoint,7,6,-0.010555112276302459
split_label_placebo,lung,seed42_main,source_disjoint,7,7,0.03237774991451037
split_label_placebo,lung,seed42_main,source_disjoint,7,8,0.0030377293970135777
split_label_placebo,lung,seed42_main,source_disjoint,7,9,-0.003636156388920453
split_label_placebo,lung,seed42_main,source_disjoint,7,10,-0.018722215889661498
split_label_placebo,lung,seed42_main,source_disjoint,7,11,-0.031870511797560674
split_label_placebo,lung,seed42_main,source_disjoint,7,12,0.011763364869485926
split_label_placebo,lung,seed42_main,source_disjoint,7,13,-0.00723241764504734
split_label_placebo,lung,seed42_main,source_disjoint,7,14,-0.0032486036703522347
split_label_placebo,lung,seed42_main,source_disjoint,7,15,0.04161062350393274
split_label_placebo,lung,seed42_main,source_disjoint,7,16,-0.01451042972757316
split_label_placebo,lung,seed42_main,source_disjoint,7,17,-0.010002279721873952
split_label_placebo,lung,seed42_main,source_disjoint,7,18,-0.01703522170295213
split_label_placebo,lung,seed42_main,source_disjoint,7,19,0.0004901402028951729
split_label_placebo,lung,seed42_main,source_disjoint,7,20,0.014419240852615756
split_label_placebo,lung,seed42_main,source_disjoint,7,21,0.03396785592157747
split_label_placebo,lung,seed42_main,source_disjoint,7,22,0.012983016072039222
split_label_placebo,lung,seed42_main,source_disjoint,7,23,-0.0009004901402028809
split_label_placebo,lung,seed42_main,source_disjoint,7,24,-0.000832098483984911
split_label_placebo,lung,seed42_main,source_disjoint,7,25,0.005471332497435366
split_label_placebo,lung,seed42_main,source_disjoint,7,26,-0.019805083779778798
split_label_placebo,lung,seed42_main,source_disjoint,7,27,-0.0016584976632850745
split_label_placebo,lung,seed42_main,source_disjoint,7,28,-0.004348569474524111
split_label_placebo,lung,seed42_main,source_disjoint,7,29,0.0004901402028952839
split_label_placebo,lung,seed42_main,source_disjoint,7,30,0.0032998974125156844
split_label_placebo,lung,seed42_main,source_disjoint,7,31,-0.004793115239940748
split_label_placebo,lung,seed42_main,source_disjoint,7,32,0.013022911204833065
split_label_placebo,lung,seed42_main,source_disjoint,7,33,0.0035506668186480184
split_label_placebo,lung,seed42_main,source_disjoint,7,34,-0.007414795394961815
split_label_placebo,lung,seed42_main,source_disjoint,7,35,0.0023310156160948337
split_label_placebo,lung,seed42_main,source_disjoint,7,36,0.00602416505186365
split_label_placebo,lung,seed42_main,source_disjoint,7,37,-0.02587484326912115
split_label_placebo,lung,seed42_main,source_disjoint,7,38,-0.022768722215889825
split_label_placebo,lung,seed42_main,source_disjoint,7,39,0.01410577909495031
split_label_placebo,lung,seed42_main,source_disjoint,7,40,-0.0005984269919070417
split_label_placebo,lung,seed42_main,source_disjoint,7,41,-0.023469736692123377
split_label_placebo,lung,seed42_main,source_disjoint,7,42,0.0042231847714579995
split_label_placebo,lung,seed42_main,source_disjoint,7,43,-0.0014647213040007712
split_label_placebo,lung,seed42_main,source_disjoint,7,44,0.0037045480451384227
split_label_placebo,lung,seed42_main,source_disjoint,7,45,-0.00286105095178385
split_label_placebo,lung,seed42_main,source_disjoint,7,46,0.005699304684828266
split_label_placebo,lung,seed42_main,source_disjoint,7,47,-0.015992248945628618
split_label_placebo,lung,seed42_main,source_disjoint,7,48,-0.001954861506896055
split_label_placebo,lung,seed42_main,source_disjoint,7,49,-0.0005870283825373801
split_label_placebo,lung,seed42_main,source_disjoint,7,50,-0.013450359056195182
split_label_placebo,lung,seed42_main,source_disjoint,7,51,0.010030776245298134
split_label_placebo,lung,seed42_main,source_disjoint,7,52,-0.014174170751168391
split_label_placebo,lung,seed42_main,source_disjoint,7,53,0.00371594665450814
split_label_placebo,lung,seed42_main,source_disjoint,7,54,0.013570044454576435
split_label_placebo,lung,seed42_main,source_disjoint,7,55,-0.009500740909608951
split_label_placebo,lung,seed42_main,source_disjoint,7,56,-0.010156160948364246
split_label_placebo,lung,seed42_main,source_disjoint,7,57,-0.020346517724837532
split_label_placebo,lung,seed42_main,source_disjoint,7,58,-0.010879972643337399
split_label_placebo,lung,seed42_main,source_disjoint,7,59,0.008195600136783332
split_label_placebo,lung,seed42_main,source_disjoint,7,60,-0.0062122421064631506
split_label_placebo,lung,seed42_main,source_disjoint,7,61,-0.01948592271742866
split_label_placebo,lung,seed42_main,source_disjoint,7,62,0.01589536076598652
split_label_placebo,lung,seed42_main,source_disjoint,7,63,-0.026895018807705506
split_label_placebo,lung,seed42_main,source_disjoint,11,0,-0.014236863102701391
split_label_placebo,lung,seed42_main,source_disjoint,11,1,-0.014043086743417144
split_label_placebo,lung,seed42_main,source_disjoint,11,2,-0.01684144534366816
split_label_placebo,lung,seed42_main,source_disjoint,11,3,0.017149207796648913
split_label_placebo,lung,seed42_main,source_disjoint,11,4,0.020699874615296987
split_label_placebo,lung,seed42_main,source_disjoint,11,5,-0.031209392454120466
split_label_placebo,lung,seed42_main,source_disjoint,11,6,-0.01563319275048447
split_label_placebo,lung,seed42_main,source_disjoint,11,7,-0.0182662715148752
split_label_placebo,lung,seed42_main,source_disjoint,11,8,-0.02062008434970941
split_label_placebo,lung,seed42_main,source_disjoint,11,9,-0.012190812720848099
split_label_placebo,lung,seed42_main,source_disjoint,11,10,0.020192636498347183
split_label_placebo,lung,seed42_main,source_disjoint,11,11,-0.02058588852160048
split_label_placebo,lung,seed42_main,source_disjoint,11,12,0.00010258748432689924
split_label_placebo,lung,seed42_main,source_disjoint,11,13,-0.0290892511113644
split_label_placebo,lung,seed42_main,source_disjoint,11,14,0.024655192066567966
split_label_placebo,lung,seed42_main,source_disjoint,11,15,0.018163684030548355
split_label_placebo,lung,seed42_main,source_disjoint,11,16,0.020677077396557553
split_label_placebo,lung,seed42_main,source_disjoint,11,17,-0.0039724153653254435
split_label_placebo,lung,seed42_main,source_disjoint,11,18,-0.024980052433603128
split_label_placebo,lung,seed42_main,source_disjoint,11,19,-0.005135073521030431
split_label_placebo,lung,seed42_main,source_disjoint,11,20,-0.026097116151829414
split_label_placebo,lung,seed42_main,source_disjoint,11,21,0.012595463353470837
split_label_placebo,lung,seed42_main,source_disjoint,11,22,-0.003260002279721841
split_label_placebo,lung,seed42_main,source_disjoint,11,23,0.02227858201299443
split_label_placebo,lung,seed42_main,source_disjoint,11,24,-0.021845434856947454
split_label_placebo,lung,seed42_main,source_disjoint,11,25,-0.016807249515559064
split_label_placebo,lung,seed42_main,source_disjoint,11,26,0.018556936053801598
split_label_placebo,lung,seed42_main,source_disjoint,11,27,-0.028878376838025743
split_label_placebo,lung,seed42_main,source_disjoint,11,28,0.0238686880200617
split_label_placebo,lung,seed42_main,source_disjoint,11,29,0.010999658041718985
split_label_placebo,lung,seed42_main,source_disjoint,11,30,0.004337170865154616
split_label_placebo,lung,seed42_main,source_disjoint,11,31,0.014179870055853194
split_label_placebo,lung,seed42_main,source_disjoint,11,32,0.013165393821953808
split_label_placebo,lung,seed42_main,source_disjoint,11,33,0.007278012082525875
split_label_placebo,lung,seed42_main,source_disjoint,11,34,-0.0032429043656673207
split_label_placebo,lung,seed42_main,source_disjoint,11,35,-0.020164139974923057
split_label_placebo,lung,seed42_main,source_disjoint,11,36,-0.011164937877578773
split_label_placebo,lung,seed42_main,source_disjoint,11,37,-0.025213723925681053
split_label_placebo,lung,seed42_main,source_disjoint,11,38,-0.0230137923173373
split_label_placebo,lung,seed42_main,source_disjoint,11,39,-0.01986777613131202
split_label_placebo,lung,seed42_main,source_disjoint,11,40,-0.008452068847600636
split_label_placebo,lung,seed42_main,source_disjoint,11,41,0.015844067023823127
split_label_placebo,lung,seed42_main,source_disjoint,11,42,-0.0031118203579162396
split_label_placebo,lung,seed42_main,source_disjoint,11,43,0.007568676621452164
split_label_placebo,lung,seed42_main,source_disjoint,11,44,-0.007688362019833583
split_label_placebo,lung,seed42_main,source_disjoint,11,45,-0.008560355636612393
split_label_placebo,lung,seed42_main,source_disjoint,11,46,-0.00518636726319377
split_label_placebo,lung,seed42_main,source_disjoint,11,47,-0.01159808503362586
split_label_placebo,lung,seed42_main,source_disjoint,11,48,0.01875071241308568
split_label_placebo,lung,seed42_main,source_disjoint,11,49,0.001812378889775479
split_label_placebo,lung,seed42_main,source_disjoint,11,50,0.0029408412173714815
split_label_placebo,lung,seed42_main,source_disjoint,11,51,-0.009979482503134629
split_label_placebo,lung,seed42_main,source_disjoint,11,52,-0.027293970135643497
split_label_placebo,lung,seed42_main,source_disjoint,11,53,0.018733614499031048
split_label_placebo,lung,seed42_main,source_disjoint,11,54,0.012247805767696351
split_label_placebo,lung,seed42_main,source_disjoint,11,55,-1.139860936971715e-05
split_label_placebo,lung,seed42_main,source_disjoint,11,56,-0.024176450473042288
split_label_placebo,lung,seed42_main,source_disjoint,11,57,0.02764732702610284
split_label_placebo,lung,seed42_main,source_disjoint,11,58,0.015051863672632004
split_label_placebo,lung,seed42_main,source_disjoint,11,59,0.012527071697252867
split_label_placebo,lung,seed42_main,source_disjoint,11,60,-0.012857631368973
split_label_placebo,lung,seed42_main,source_disjoint,11,61,-0.003715946654508029
split_label_placebo,lung,seed42_main,source_disjoint,11,62,0.011107944830730632
split_label_placebo,lung,seed42_main,source_disjoint,11,63,0.005437136669326437
split_label_placebo,lung,seed42_main,target_disjoint,7,0,0.015640913720355032
split_label_placebo,lung,seed42_main,target_disjoint,7,1,0.003896082900884279
split_label_placebo,lung,seed42_main,target_disjoint,7,2,-0.00041224113681548324
split_label_placebo,lung,seed42_main,target_disjoint,7,3,0.025219457781657684
split_label_placebo,lung,seed42_main,target_disjoint,7,4,-0.007719417365859904
split_label_placebo,lung,seed42_main,target_disjoint,7,5,0.0022390351940766995
split_label_placebo,lung,seed42_main,target_disjoint,7,6,0.011591250788108076
split_label_placebo,lung,seed42_main,target_disjoint,7,7,-0.0208990090046397
split_label_placebo,lung,seed42_main,target_disjoint,7,8,0.0012205570913557673
split_label_placebo,lung,seed42_main,target_disjoint,7,9,0.011405338118563813
split_label_placebo,lung,seed42_main,target_disjoint,7,10,0.031091873191393116
split_label_placebo,lung,seed42_main,target_disjoint,7,11,0.011635708165607883
split_label_placebo,lung,seed42_main,target_disjoint,7,12,0.023780655382575955
split_label_placebo,lung,seed42_main,target_disjoint,7,13,0.02446368236416252
split_label_placebo,lung,seed42_main,target_disjoint,7,14,0.006094702297233856
split_label_placebo,lung,seed42_main,target_disjoint,7,15,0.01343016958468729
split_label_placebo,lung,seed42_main,target_disjoint,7,16,0.02638343275619559
split_label_placebo,lung,seed42_main,target_disjoint,7,17,0.011591250788107965
split_label_placebo,lung,seed42_main,target_disjoint,7,18,0.008143783241993663
split_label_placebo,lung,seed42_main,target_disjoint,7,19,0.0024653636613480856
split_label_placebo,lung,seed42_main,target_disjoint,7,20,-0.0034717170247504647
split_label_placebo,lung,seed42_main,target_disjoint,7,21,0.011219425449019549
split_label_placebo,lung,seed42_main,target_disjoint,7,22,0.003948623437929455
split_label_placebo,lung,seed42_main,target_disjoint,7,23,0.022430767738493507
split_label_placebo,lung,seed42_main,target_disjoint,7,24,0.004837770987923817
split_label_placebo,lung,seed42_main,target_disjoint,7,25,0.005508673230192163
split_label_placebo,lung,seed42_main,target_disjoint,7,26,0.008939974457215838
split_label_placebo,lung,seed42_main,target_disjoint,7,27,0.004805438349742119
split_label_placebo,lung,seed42_main,target_disjoint,7,28,0.007994244790403893
split_label_placebo,lung,seed42_main,target_disjoint,7,29,-0.0012165155115830828
split_label_placebo,lung,seed42_main,target_disjoint,7,30,0.032651922983655934
split_label_placebo,lung,seed42_main,target_disjoint,7,31,0.013761579126048917
split_label_placebo,lung,seed42_main,target_disjoint,7,32,0.018461936401700685
split_label_placebo,lung,seed42_main,target_disjoint,7,33,0.008398402767673785
split_label_placebo,lung,seed42_main,target_disjoint,7,34,-0.02149716281099956
split_label_placebo,lung,seed42_main,target_disjoint,7,35,0.005011558918150083
split_label_placebo,lung,seed42_main,target_disjoint,7,36,0.015305462599220832
split_label_placebo,lung,seed42_main,target_disjoint,7,37,0.012266194610149106
split_label_placebo,lung,seed42_main,target_disjoint,7,38,0.014485021905362494
split_label_placebo,lung,seed42_main,target_disjoint,7,39,0.0463488368333414
split_label_placebo,lung,seed42_main,target_disjoint,7,40,-0.0006830269815866208
split_label_placebo,lung,seed42_main,target_disjoint,7,41,-0.003374719110205815
split_label_placebo,lung,seed42_main,target_disjoint,7,42,0.00530659424155705
split_label_placebo,lung,seed42_main,target_disjoint,7,43,0.004239617181563959
split_label_placebo,lung,seed42_main,target_disjoint,7,44,-0.0017500040415797669
split_label_placebo,lung,seed42_main,target_disjoint,7,45,0.018793345943062145
split_label_placebo,lung,seed42_main,target_disjoint,7,46,0.0009255217679485783
split_label_placebo,lung,seed42_main,target_disjoint,7,47,0.009901870443118743
split_label_placebo,lung,seed42_main,target_disjoint,7,48,0.011312381783791792
split_label_placebo,lung,seed42_main,target_disjoint,7,49,0.010960764343566576
split_label_placebo,lung,seed42_main,target_disjoint,7,50,0.016404772297395565
split_label_placebo,lung,seed42_main,target_disjoint,7,51,0.021541620188499366
split_label_placebo,lung,seed42_main,target_disjoint,7,52,0.001123559176811173
split_label_placebo,lung,seed42_main,target_disjoint,7,53,0.006187658632005988
split_label_placebo,lung,seed42_main,target_disjoint,7,54,0.0018308356370337897
split_label_placebo,lung,seed42_main,target_disjoint,7,55,-0.002137995699759032
split_label_placebo,lung,seed42_main,target_disjoint,7,56,-0.011328548102882419
split_label_placebo,lung,seed42_main,target_disjoint,7,57,0.013676705950821988
split_label_placebo,lung,seed42_main,target_disjoint,7,58,0.007852789498359158
split_label_placebo,lung,seed42_main,target_disjoint,7,59,-0.0003192848020432404
split_label_placebo,lung,seed42_main,target_disjoint,7,60,0.003774835507703189
split_label_placebo,lung,seed42_main,target_disjoint,7,61,7.679001568139388e-05
split_label_placebo,lung,seed42_main,target_disjoint,7,62,0.0041587855861097145
split_label_placebo,lung,seed42_main,target_disjoint,7,63,0.03558206831886451
split_label_placebo,lung,seed42_main,target_disjoint,11,0,0.010318153159707077
split_label_placebo,lung,seed42_main,target_disjoint,11,1,0.02325929159189749
split_label_placebo,lung,seed42_main,target_disjoint,11,2,0.004041579772701531
split_label_placebo,lung,seed42_main,target_disjoint,11,3,0.008527733320400244
split_label_placebo,lung,seed42_main,target_disjoint,11,4,0.02619752008665166
split_label_placebo,lung,seed42_main,target_disjoint,11,5,0.01052427372811493
split_label_placebo,lung,seed42_main,target_disjoint,11,6,0.01524483890263012
split_label_placebo,lung,seed42_main,target_disjoint,11,7,-0.014970011478086576
split_label_placebo,lung,seed42_main,target_disjoint,11,8,0.01268651890651018
split_label_placebo,lung,seed42_main,target_disjoint,11,9,0.04069870831110467
split_label_placebo,lung,seed42_main,target_disjoint,11,10,0.020005819874872655
split_label_placebo,lung,seed42_main,target_disjoint,11,11,-0.010702103238113714
split_label_placebo,lung,seed42_main,target_disjoint,11,12,0.02958840551594799
split_label_placebo,lung,seed42_main,target_disjoint,11,13,-0.00085681491181272
split_label_placebo,lung,seed42_main,target_disjoint,11,14,0.04568197617084574
split_label_placebo,lung,seed42_main,target_disjoint,11,15,-0.012545063614465612
split_label_placebo,lung,seed42_main,target_disjoint,11,16,0.01046365003152433
split_label_placebo,lung,seed42_main,target_disjoint,11,17,0.04025817611588034
split_label_placebo,lung,seed42_main,target_disjoint,11,18,0.02482338296393294
split_label_placebo,lung,seed42_main,target_disjoint,11,19,0.027591865108233526
split_label_placebo,lung,seed42_main,target_disjoint,11,20,0.0003435342806796249
split_label_placebo,lung,seed42_main,target_disjoint,11,21,0.0058562490906446385
split_label_placebo,lung,seed42_main,target_disjoint,11,22,0.014994260956722849
split_label_placebo,lung,seed42_main,target_disjoint,11,23,0.0037425028695217133
split_label_placebo,lung,seed42_main,target_disjoint,11,24,-0.006878768773138033
split_label_placebo,lung,seed42_main,target_disjoint,11,25,0.029531823399130186
split_label_placebo,lung,seed42_main,target_disjoint,11,26,-0.006353363402686774
split_label_placebo,lung,seed42_main,target_disjoint,11,27,0.03345619735842348
split_label_placebo,lung,seed42_main,target_disjoint,11,28,0.02284705045508184
split_label_placebo,lung,seed42_main,target_disjoint,11,29,-0.003419176487705511
split_label_placebo,lung,seed42_main,target_disjoint,11,30,0.005617795884055254
split_label_placebo,lung,seed42_main,target_disjoint,11,31,0.017912281552613374
split_label_placebo,lung,seed42_main,target_disjoint,11,32,0.001648964547262266
split_label_placebo,lung,seed42_main,target_disjoint,11,33,0.002744232665664259
split_label_placebo,lung,seed42_main,target_disjoint,11,34,-0.0018712514347606901
split_label_placebo,lung,seed42_main,target_disjoint,11,35,0.0036859207527037974
split_label_placebo,lung,seed42_main,target_disjoint,11,36,-0.005351051619056912
split_label_placebo,lung,seed42_main,target_disjoint,11,37,0.004623567259970596
split_label_placebo,lung,seed42_main,target_disjoint,11,38,-0.01515592414763084
split_label_placebo,lung,seed42_main,target_disjoint,11,39,0.043818807895630196
split_label_placebo,lung,seed42_main,target_disjoint,11,40,-0.006684772944048345
split_label_placebo,lung,seed42_main,target_disjoint,11,41,0.02568828103529114
split_label_placebo,lung,seed42_main,target_disjoint,11,42,0.016740223418529876
split_label_placebo,lung,seed42_main,target_disjoint,11,43,0.00025461952568023305
split_label_placebo,lung,seed42_main,target_disjoint,11,44,0.014703267213088345
split_label_placebo,lung,seed42_main,target_disjoint,11,45,0.020361478894870444
split_label_placebo,lung,seed42_main,target_disjoint,11,46,0.00531467740110253
split_label_placebo,lung,seed42_main,target_disjoint,11,47,0.02439497550802655
split_label_placebo,lung,seed42_main,target_disjoint,11,48,0.01696655188580115
split_label_placebo,lung,seed42_main,target_disjoint,11,49,0.025368996233247676
split_label_placebo,lung,seed42_main,target_disjoint,11,50,0.009004639733579012
split_label_placebo,lung,seed42_main,target_disjoint,11,51,0.004433613010653592
split_label_placebo,lung,seed42_main,target_disjoint,11,52,-0.005508673230192218
split_label_placebo,lung,seed42_main,target_disjoint,11,53,0.026383432756195813
split_label_placebo,lung,seed42_main,target_disjoint,11,54,0.022430767738493673
split_label_placebo,lung,seed42_main,target_disjoint,11,55,0.031257577962073846
split_label_placebo,lung,seed42_main,target_disjoint,11,56,0.007323342548135381
split_label_placebo,lung,seed42_main,target_disjoint,11,57,0.0005456132693147375
split_label_placebo,lung,seed42_main,target_disjoint,11,58,0.0006749438220411963
split_label_placebo,lung,seed42_main,target_disjoint,11,59,0.050091339702863114
split_label_placebo,lung,seed42_main,target_disjoint,11,60,0.023433079522123812
split_label_placebo,lung,seed42_main,target_disjoint,11,61,0.010483857930387752
split_label_placebo,lung,seed42_main,target_disjoint,11,62,0.010411109494479154
split_label_placebo,lung,seed42_main,target_disjoint,11,63,0.030659424155713932
split_label_placebo,lung,seed43,source_disjoint,7,0,0.021298368432126236
split_label_placebo,lung,seed43,source_disjoint,7,1,-0.022976798454505398
split_label_placebo,lung,seed43,source_disjoint,7,2,0.01015187161683978
split_label_placebo,lung,seed43,source_disjoint,7,3,-0.01243759683250134
split_label_placebo,lung,seed43,source_disjoint,7,4,0.007201468984908477
split_label_placebo,lung,seed43,source_disjoint,7,5,0.003304259673686305
split_label_placebo,lung,seed43,source_disjoint,7,6,-0.008679061226831875
split_label_placebo,lung,seed43,source_disjoint,7,7,-0.0004925307473078178
split_label_placebo,lung,seed43,source_disjoint,7,8,0.008860771599625283
split_label_placebo,lung,seed43,source_disjoint,7,9,-0.0021422696581933076
split_label_placebo,lung,seed43,source_disjoint,7,10,0.0298291922495742
split_label_placebo,lung,seed43,source_disjoint,7,11,0.018147128019739556
split_label_placebo,lung,seed43,source_disjoint,7,12,0.031120292266789085
split_label_placebo,lung,seed43,source_disjoint,7,13,0.013800424628450214
split_label_placebo,lung,seed43,source_disjoint,7,14,0.00819131233143966
split_label_placebo,lung,seed43,source_disjoint,7,15,0.030369541516038323
split_label_placebo,lung,seed43,source_disjoint,7,16,0.008387368259979655
split_label_placebo,lung,seed43,source_disjoint,7,17,0.0014058644631892991
split_label_placebo,lung,seed43,source_disjoint,7,18,0.018371875059773113
split_label_placebo,lung,seed43,source_disjoint,7,19,0.027400011476444552
split_label_placebo,lung,seed43,source_disjoint,7,20,0.020499799162219445
split_label_placebo,lung,seed43,source_disjoint,7,21,0.023751458464834396
split_label_placebo,lung,seed43,source_disjoint,7,22,0.01225588645970821
split_label_placebo,lung,seed43,source_disjoint,7,23,-0.01487634130946236
split_label_placebo,lung,seed43,source_disjoint,7,24,0.030230867810485618
split_label_placebo,lung,seed43,source_disjoint,7,25,-0.007584017138157206
split_label_placebo,lung,seed43,source_disjoint,7,26,-0.0026826189246570986
split_label_placebo,lung,seed43,source_disjoint,7,27,0.01499110575543705
split_label_placebo,lung,seed43,source_disjoint,7,28,0.005370019701229967
split_label_placebo,lung,seed43,source_disjoint,7,29,0.027261337770891847
split_label_placebo,lung,seed43,source_disjoint,7,30,0.03374552896845878
split_label_placebo,lung,seed43,source_disjoint,7,31,-0.009185937529886612
split_label_placebo,lung,seed43,source_disjoint,7,32,-0.009319829383523603
split_label_placebo,lung,seed43,source_disjoint,7,33,-0.004227157093399159
split_label_placebo,lung,seed43,source_disjoint,7,34,-0.002959966335762676
split_label_placebo,lung,seed43,source_disjoint,7,35,-0.014594212046441457
split_label_placebo,lung,seed43,source_disjoint,7,36,0.0030316941144966636
split_label_placebo,lung,seed43,source_disjoint,7,37,0.02169048028920645
split_label_placebo,lung,seed43,source_disjoint,7,38,0.03750406457412819
split_label_placebo,lung,seed43,source_disjoint,7,39,-0.016215259845833163
split_label_placebo,lung,seed43,source_disjoint,7,40,0.042711501310227384
split_label_placebo,lung,seed43,source_disjoint,7,41,0.0012241540903960013
split_label_placebo,lung,seed43,source_disjoint,7,42,0.02952793557889083
split_label_placebo,lung,seed43,source_disjoint,7,43,0.0007029322315947328
split_label_placebo,lung,seed43,source_disjoint,7,44,0.02054761768137564
split_label_placebo,lung,seed43,source_disjoint,7,45,0.005116581549702737
split_label_placebo,lung,seed43,source_disjoint,7,46,0.013116619804517837
split_label_placebo,lung,seed43,source_disjoint,7,47,-0.013427440179032524
split_label_placebo,lung,seed43,source_disjoint,7,48,0.0033903330081672123
split_label_placebo,lung,seed43,source_disjoint,7,49,0.013919970926340341
split_label_placebo,lung,seed43,source_disjoint,7,50,0.013972571297412029
split_label_placebo,lung,seed43,source_disjoint,7,51,-0.0014584648342611528
split_label_placebo,lung,seed43,source_disjoint,7,52,-0.0384365256976722
split_label_placebo,lung,seed43,source_disjoint,7,53,-0.006718501941431809
split_label_placebo,lung,seed43,source_disjoint,7,54,0.008578642336604103
split_label_placebo,lung,seed43,source_disjoint,7,55,-0.02151833362024458
split_label_placebo,lung,seed43,source_disjoint,7,56,0.019175226181595506
split_label_placebo,lung,seed43,source_disjoint,7,57,0.014613339454103758
split_label_placebo,lung,seed43,source_disjoint,7,58,0.047899810638664164
split_label_placebo,lung,seed43,source_disjoint,7,59,0.021762208067940714
split_label_placebo,lung,seed43,source_disjoint,7,60,-0.013719133145884743
split_label_placebo,lung,seed43,source_disjoint,7,61,0.02089669287121504
split_label_placebo,lung,seed43,source_disjoint,7,62,-0.011930720529446714
split_label_placebo,lung,seed43,source_disjoint,7,63,0.0020035959526405467
split_label_placebo,lung,seed43,source_disjoint,11,0,0.009941470132552976
split_label_placebo,lung,seed43,source_disjoint,11,1,0.013260075361986312
split_label_placebo,lung,seed43,source_disjoint,11,2,0.02240297622463222
split_label_placebo,lung,seed43,source_disjoint,11,3,0.005097454142039992
split_label_placebo,lung,seed43,source_disjoint,11,4,0.0032325318949523174
split_label_placebo,lung,seed43,source_disjoint,11,5,0.008459096038713976
split_label_placebo,lung,seed43,source_disjoint,11,6,0.010457910139438753
split_label_placebo,lung,seed43,source_disjoint,11,7,-0.004007191905280982
split_label_placebo,lung,seed43,source_disjoint,11,8,0.019648629521240968
split_label_placebo,lung,seed43,source_disjoint,11,9,0.015856620952162337
split_label_placebo,lung,seed43,source_disjoint,11,10,0.013025764618121272
split_label_placebo,lung,seed43,source_disjoint,11,11,0.017468105047722948
split_label_placebo,lung,seed43,source_disjoint,11,12,0.013322239436889038
split_label_placebo,lung,seed43,source_disjoint,11,13,0.017793270977984332
split_label_placebo,lung,seed43,source_disjoint,11,14,0.004686214877297701
split_label_placebo,lung,seed43,source_disjoint,11,15,0.015842275396415695
split_label_placebo,lung,seed43,source_disjoint,11,16,0.0032707867102772514
split_label_placebo,lung,seed43,source_disjoint,11,17,0.03259788450871259
split_label_placebo,lung,seed43,source_disjoint,11,18,0.012848836097243688
split_label_placebo,lung,seed43,source_disjoint,11,19,0.004690996729213304
split_label_placebo,lung,seed43,source_disjoint,11,20,0.007273196763642575
split_label_placebo,lung,seed43,source_disjoint,11,21,0.003878081903559649
split_label_placebo,lung,seed43,source_disjoint,11,22,0.010185344580249
split_label_placebo,lung,seed43,source_disjoint,11,23,0.015268453166542406
split_label_placebo,lung,seed43,source_disjoint,11,24,0.03950766052676874
split_label_placebo,lung,seed43,source_disjoint,11,25,0.013647405367150534
split_label_placebo,lung,seed43,source_disjoint,11,26,0.016478261701191654
split_label_placebo,lung,seed43,source_disjoint,11,27,-0.03780053939289618
split_label_placebo,lung,seed43,source_disjoint,11,28,0.0044805952449265
split_label_placebo,lung,seed43,source_disjoint,11,29,0.00919071938180216
split_label_placebo,lung,seed43,source_disjoint,11,30,0.01447944760046671
split_label_placebo,lung,seed43,source_disjoint,11,31,-0.008636024559591449
split_label_placebo,lung,seed43,source_disjoint,11,32,-0.014871559457546701
split_label_placebo,lung,seed43,source_disjoint,11,33,-0.003050821522159075
split_label_placebo,lung,seed43,source_disjoint,11,34,0.04123390906830404
split_label_placebo,lung,seed43,source_disjoint,11,35,0.008382586408064108
split_label_placebo,lung,seed43,source_disjoint,11,36,0.02646755035290066
split_label_placebo,lung,seed43,source_disjoint,11,37,0.015474072798913552
split_label_placebo,lung,seed43,source_disjoint,11,38,0.009907997169143756
split_label_placebo,lung,seed43,source_disjoint,11,39,0.004184120426158677
split_label_placebo,lung,seed43,source_disjoint,11,40,-0.010151871616839836
split_label_placebo,lung,seed43,source_disjoint,11,41,0.005408274516554679
split_label_placebo,lung,seed43,source_disjoint,11,42,-0.006756756756756799
split_label_placebo,lung,seed43,source_disjoint,11,43,-0.0016353933551385702
split_label_placebo,lung,seed43,source_disjoint,11,44,-0.0005738222298732332
split_label_placebo,lung,seed43,source_disjoint,11,45,0.012547579426560262
split_label_placebo,lung,seed43,source_disjoint,11,46,-0.01672213614888779
split_label_placebo,lung,seed43,source_disjoint,11,47,0.005274382662917743
split_label_placebo,lung,seed43,source_disjoint,11,48,0.014876341309462304
split_label_placebo,lung,seed43,source_disjoint,11,49,-0.000774660010328887
split_label_placebo,lung,seed43,source_disjoint,11,50,0.0476224632275587
split_label_placebo,lung,seed43,source_disjoint,11,51,-0.0012671907576365937
split_label_placebo,lung,seed43,source_disjoint,11,52,-0.015545800577647817
split_label_placebo,lung,seed43,source_disjoint,11,53,0.004222375241483611
split_label_placebo,lung,seed43,source_disjoint,11,54,-0.0073497063942924434
split_label_placebo,lung,seed43,source_disjoint,11,55,0.0029504026319313037
split_label_placebo,lung,seed43,source_disjoint,11,56,0.02787819666800556
split_label_placebo,lung,seed43,source_disjoint,11,57,0.012734071651269163
split_label_placebo,lung,seed43,source_disjoint,11,58,0.009401120866089019
split_label_placebo,lung,seed43,source_disjoint,11,59,-0.006450718234157549
split_label_placebo,lung,seed43,source_disjoint,11,60,0.025209923299095327
split_label_placebo,lung,seed43,source_disjoint,11,61,0.005929496375356336
split_label_placebo,lung,seed43,source_disjoint,11,62,0.023674948834184528
split_label_placebo,lung,seed43,source_disjoint,11,63,0.0003634207455862626
split_label_placebo,lung,seed43,target_disjoint,7,0,0.04208666001330674
split_label_placebo,lung,seed43,target_disjoint,7,1,0.021523619427811058
split_label_placebo,lung,seed43,target_disjoint,7,2,0.006062874251497041
split_label_placebo,lung,seed43,target_disjoint,7,3,0.01732368596141054
split_label_placebo,lung,seed43,target_disjoint,7,4,0.004328842315369175
split_label_placebo,lung,seed43,target_disjoint,7,5,0.014175815036593542
split_label_placebo,lung,seed43,target_disjoint,7,6,0.010175482368596167
split_label_placebo,lung,seed43,target_disjoint,7,7,-0.006636726546906169
split_label_placebo,lung,seed43,target_disjoint,7,8,-0.009451929474384613
split_label_placebo,lung,seed43,target_disjoint,7,9,0.01711992681304053
split_label_placebo,lung,seed43,target_disjoint,7,10,0.03195691949434459
split_label_placebo,lung,seed43,target_disjoint,7,11,0.002798569527611372
split_label_placebo,lung,seed43,target_disjoint,7,12,-0.008549567531603297
split_label_placebo,lung,seed43,target_disjoint,7,13,-0.008724218230206193
split_label_placebo,lung,seed43,target_disjoint,7,14,-0.003983699268130525
split_label_placebo,lung,seed43,target_disjoint,7,15,-0.014350465735196272
split_label_placebo,lung,seed43,target_disjoint,7,16,-3.326679973375546e-05
split_label_placebo,lung,seed43,target_disjoint,7,17,0.0019752162341982737
split_label_placebo,lung,seed43,target_disjoint,7,18,0.007181470392548184
split_label_placebo,lung,seed43,target_disjoint,7,19,0.007081669993346584
split_label_placebo,lung,seed43,target_disjoint,7,20,0.014342149035262874
split_label_placebo,lung,seed43,target_disjoint,7,21,0.005659514304723889
split_label_placebo,lung,seed43,target_disjoint,7,22,0.013522954091816364
split_label_placebo,lung,seed43,target_disjoint,7,23,0.004233200266134385
split_label_placebo,lung,seed43,target_disjoint,7,24,0.006158516300731942
split_label_placebo,lung,seed43,target_disjoint,7,25,0.01629241516966068
split_label_placebo,lung,seed43,target_disjoint,7,26,0.005559713905522179
split_label_placebo,lung,seed43,target_disjoint,7,27,0.001085329341317387
split_label_placebo,lung,seed43,target_disjoint,7,28,0.025661177644710542
split_label_placebo,lung,seed43,target_disjoint,7,29,0.023241017964071964
split_label_placebo,lung,seed43,target_disjoint,7,30,0.009426979374584143
split_label_placebo,lung,seed43,target_disjoint,7,31,0.012999001996007897
split_label_placebo,lung,seed43,target_disjoint,7,32,-0.0002578176979374791
split_label_placebo,lung,seed43,target_disjoint,7,33,-0.0036967731204259335
split_label_placebo,lung,seed43,target_disjoint,7,34,-0.007094145043246902
split_label_placebo,lung,seed43,target_disjoint,7,35,0.0039171656686626255
split_label_placebo,lung,seed43,target_disjoint,7,36,-0.012791084497671412
split_label_placebo,lung,seed43,target_disjoint,7,37,0.0154108449767133
split_label_placebo,lung,seed43,target_disjoint,7,38,0.006620093147039041
split_label_placebo,lung,seed43,target_disjoint,7,39,0.019889387890884902
split_label_placebo,lung,seed43,target_disjoint,7,40,0.003056387225548851
split_label_placebo,lung,seed43,target_disjoint,7,41,0.009505988023952194
split_label_placebo,lung,seed43,target_disjoint,7,42,0.013518795741849665
split_label_placebo,lung,seed43,target_disjoint,7,43,0.016837159015302694
split_label_placebo,lung,seed43,target_disjoint,7,44,0.012645542248835684
split_label_placebo,lung,seed43,target_disjoint,7,45,0.012782767797737793
split_label_placebo,lung,seed43,target_disjoint,7,46,-0.01740685296074518
split_label_placebo,lung,seed43,target_disjoint,7,47,-0.007472554890219363
split_label_placebo,lung,seed43,target_disjoint,7,48,-0.003131237524950148
split_label_placebo,lung,seed43,target_disjoint,7,49,0.016637558216899495
split_label_placebo,lung,seed43,target_disjoint,7,50,0.008025615435795164
split_label_placebo,lung,seed43,target_disjoint,7,51,0.010549733865602207
split_label_placebo,lung,seed43,target_disjoint,7,52,-0.019186626746507063
split_label_placebo,lung,seed43,target_disjoint,7,53,0.02986111111111117
split_label_placebo,lung,seed43,target_disjoint,7,54,0.008291749833665929
split_label_placebo,lung,seed43,target_disjoint,7,55,0.02657185628742531
split_label_placebo,lung,seed43,target_disjoint,7,56,0.03245592149035276
split_label_placebo,lung,seed43,target_disjoint,7,57,0.0013639387890885812
split_label_placebo,lung,seed43,target_disjoint,7,58,-0.01666666666666672
split_label_placebo,lung,seed43,target_disjoint,7,59,0.008137890884896859
split_label_placebo,lung,seed43,target_disjoint,7,60,0.001800565535595433
split_label_placebo,lung,seed43,target_disjoint,7,61,0.027112441783100516
split_label_placebo,lung,seed43,target_disjoint,7,62,-0.007131570192947412
split_label_placebo,lung,seed43,target_disjoint,7,63,-0.015968063872255522
split_label_placebo,lung,seed43,target_disjoint,11,0,-0.010741017964071842
split_label_placebo,lung,seed43,target_disjoint,11,1,-0.01387225548902199
split_label_placebo,lung,seed43,target_disjoint,11,2,-0.004994178310046615
split_label_placebo,lung,seed43,target_disjoint,11,3,-0.002490851630073232
split_label_placebo,lung,seed43,target_disjoint,11,4,0.021677478376580295
split_label_placebo,lung,seed43,target_disjoint,11,5,-0.0247671324018629
split_label_placebo,lung,seed43,target_disjoint,11,6,0.007376912840984684
split_label_placebo,lung,seed43,target_disjoint,11,7,-0.0019752162341982737
split_label_placebo,lung,seed43,target_disjoint,11,8,0.0002162341982702154
split_label_placebo,lung,seed43,target_disjoint,11,9,-0.013564537591483794
split_label_placebo,lung,seed43,target_disjoint,11,10,-0.006046240851630025
split_label_placebo,lung,seed43,target_disjoint,11,11,-0.0077636393878909304
split_label_placebo,lung,seed43,target_disjoint,11,12,-0.0028609447771125174
split_label_placebo,lung,seed43,target_disjoint,11,13,0.0004948436460411321
split_label_placebo,lung,seed43,target_disjoint,11,14,0.005759314703925378
split_label_placebo,lung,seed43,target_disjoint,11,15,0.0055597139055223455
split_label_placebo,lung,seed43,target_disjoint,11,16,0.01223386560212908
split_label_placebo,lung,seed43,target_disjoint,11,17,-0.0032767797737858206
split_label_placebo,lung,seed43,target_disjoint,11,18,-0.0023328343313373523
split_label_placebo,lung,seed43,target_disjoint,11,19,-0.01069111776447107
split_label_placebo,lung,seed43,target_disjoint,11,20,-0.01457085828343313
split_label_placebo,lung,seed43,target_disjoint,11,21,-0.014861942781104365
split_label_placebo,lung,seed43,target_disjoint,11,22,-0.01007984031936121
split_label_placebo,lung,seed43,target_disjoint,11,23,-0.006254158349966787
split_label_placebo,lung,seed43,target_disjoint,11,24,0.009460246174317954
split_label_placebo,lung,seed43,target_disjoint,11,25,-0.019115934797072354
split_label_placebo,lung,seed43,target_disjoint,11,26,-0.0036468729208249395
split_label_placebo,lung,seed43,target_disjoint,11,27,0.031811377245508976
split_label_placebo,lung,seed43,target_disjoint,11,28,-0.004807052561543623
split_label_placebo,lung,seed43,target_disjoint,11,29,0.005671989354624096
split_label_placebo,lung,seed43,target_disjoint,11,30,-0.011797238855622227
split_label_placebo,lung,seed43,target_disjoint,11,31,0.0007485029940119126
split_label_placebo,lung,seed43,target_disjoint,11,32,0.006894544244843592
split_label_placebo,lung,seed43,target_disjoint,11,33,-0.003659347970725313
split_label_placebo,lung,seed43,target_disjoint,11,34,-0.017918330006653382
split_label_placebo,lung,seed43,target_disjoint,11,35,0.0019045242847638422
split_label_placebo,lung,seed43,target_disjoint,11,36,-0.005925648702594655
split_label_placebo,lung,seed43,target_disjoint,11,37,0.007821856287425155
split_label_placebo,lung,seed43,target_disjoint,11,38,-0.002436793080505706
split_label_placebo,lung,seed43,target_disjoint,11,39,-0.0004449434464404156
split_label_placebo,lung,seed43,target_disjoint,11,40,0.013173652694610849
split_label_placebo,lung,seed43,target_disjoint,11,41,0.001052062541583465
split_label_placebo,lung,seed43,target_disjoint,11,42,-0.010075681969394679
split_label_placebo,lung,seed43,target_disjoint,11,43,-0.0030813373253493204
split_label_placebo,lung,seed43,target_disjoint,11,44,-0.001996007984031878
split_label_placebo,lung,seed43,target_disjoint,11,45,-0.0004407850964736615
split_label_placebo,lung,seed43,target_disjoint,11,46,-0.007243845642049329
split_label_placebo,lung,seed43,target_disjoint,11,47,-0.017169827012641248
split_label_placebo,lung,seed43,target_disjoint,11,48,0.01654191616766476
split_label_placebo,lung,seed43,target_disjoint,11,49,0.005385063206919338
split_label_placebo,lung,seed43,target_disjoint,11,50,0.017269627411842903
split_label_placebo,lung,seed43,target_disjoint,11,51,0.0017756154357949638
split_label_placebo,lung,seed43,target_disjoint,11,52,0.006445442448436478
split_label_placebo,lung,seed43,target_disjoint,11,53,0.009331337325349243
split_label_placebo,lung,seed43,target_disjoint,11,54,0.005854956753160279
split_label_placebo,lung,seed43,target_disjoint,11,55,0.003085495675316019
split_label_placebo,lung,seed43,target_disjoint,11,56,0.01043745841650029
split_label_placebo,lung,seed43,target_disjoint,11,57,0.00707751164337983
split_label_placebo,lung,seed43,target_disjoint,11,58,0.0008940452428475298
split_label_placebo,lung,seed43,target_disjoint,11,59,-0.013735029940119825
split_label_placebo,lung,seed43,target_disjoint,11,60,-0.00852045908183624
split_label_placebo,lung,seed43,target_disjoint,11,61,0.0037009314703925766
split_label_placebo,lung,seed43,target_disjoint,11,62,0.0004366267465070184
split_label_placebo,lung,seed43,target_disjoint,11,63,-0.015311044577511645
split_label_placebo,lung,seed44,source_disjoint,7,0,-0.001944369430191828
split_label_placebo,lung,seed44,source_disjoint,7,1,-0.018043928346385907
split_label_placebo,lung,seed44,source_disjoint,7,2,-0.012030785849311387
split_label_placebo,lung,seed44,source_disjoint,7,3,-0.011076604554865477
split_label_placebo,lung,seed44,source_disjoint,7,4,-0.02547033936447929
split_label_placebo,lung,seed44,source_disjoint,7,5,-0.011967773877036625
split_label_placebo,lung,seed44,source_disjoint,7,6,0.030443784319020617
split_label_placebo,lung,seed44,source_disjoint,7,7,0.0036456926816095248
split_label_placebo,lung,seed44,source_disjoint,7,8,-0.012278332883247756
split_label_placebo,lung,seed44,source_disjoint,7,9,-0.0022549284364029587
split_label_placebo,lung,seed44,source_disjoint,7,10,0.016176073453956108
split_label_placebo,lung,seed44,source_disjoint,7,11,0.02609595823206412
split_label_placebo,lung,seed44,source_disjoint,7,12,-0.002633000270051311
split_label_placebo,lung,seed44,source_disjoint,7,13,0.014353227113151401
split_label_placebo,lung,seed44,source_disjoint,7,14,-0.010063912143307319
split_label_placebo,lung,seed44,source_disjoint,7,15,0.012705914123683548
split_label_placebo,lung,seed44,source_disjoint,7,16,-0.0021604104779908706
split_label_placebo,lung,seed44,source_disjoint,7,17,-0.002975065262399823
split_label_placebo,lung,seed44,source_disjoint,7,18,-0.019043118192456687
split_label_placebo,lung,seed44,source_disjoint,7,19,-0.019628229363578997
split_label_placebo,lung,seed44,source_disjoint,7,20,-0.019272661805743274
split_label_placebo,lung,seed44,source_disjoint,7,21,-0.008668647042938238
split_label_placebo,lung,seed44,source_disjoint,7,22,-0.01541992978665957
split_label_placebo,lung,seed44,source_disjoint,7,23,0.03126293995859203
split_label_placebo,lung,seed44,source_disjoint,7,24,0.02224322621298047
split_label_placebo,lung,seed44,source_disjoint,7,25,-0.005130974885228401
split_label_placebo,lung,seed44,source_disjoint,7,26,0.003186605455036462
split_label_placebo,lung,seed44,source_disjoint,7,27,0.025677378701953413
split_label_placebo,lung,seed44,source_disjoint,7,28,0.017220271851651647
split_label_placebo,lung,seed44,source_disjoint,7,29,0.015631469979296098
split_label_placebo,lung,seed44,source_disjoint,7,30,0.0034701593302727263
split_label_placebo,lung,seed44,source_disjoint,7,31,-0.010023404446845074
split_label_placebo,lung,seed44,source_disjoint,7,32,-0.014465748492213548
split_label_placebo,lung,seed44,source_disjoint,7,33,-0.004622378251867787
split_label_placebo,lung,seed44,source_disjoint,7,34,-0.004460347466018422
split_label_placebo,lung,seed44,source_disjoint,7,35,0.021009991898460645
split_label_placebo,lung,seed44,source_disjoint,7,36,-0.017647853092087606
split_label_placebo,lung,seed44,source_disjoint,7,37,-0.00901071203528675
split_label_placebo,lung,seed44,source_disjoint,7,38,-0.025690881267440735
split_label_placebo,lung,seed44,source_disjoint,7,39,0.00932127104149777
split_label_placebo,lung,seed44,source_disjoint,7,40,0.000945179584120881
split_label_placebo,lung,seed44,source_disjoint,7,41,0.0009046718876586368
split_label_placebo,lung,seed44,source_disjoint,7,42,0.022922855342515036
split_label_placebo,lung,seed44,source_disjoint,7,43,-0.02445314609775867
split_label_placebo,lung,seed44,source_disjoint,7,44,-0.0029705644072374193
split_label_placebo,lung,seed44,source_disjoint,7,45,-0.03223512467368794
split_label_placebo,lung,seed44,source_disjoint,7,46,0.037190566207579434
split_label_placebo,lung,seed44,source_disjoint,7,47,-0.012219821766135563
split_label_placebo,lung,seed44,source_disjoint,7,48,0.016396615356917832
split_label_placebo,lung,seed44,source_disjoint,7,49,-0.012201818345485616
split_label_placebo,lung,seed44,source_disjoint,7,50,0.01831848051129703
split_label_placebo,lung,seed44,source_disjoint,7,51,-0.004496354307318595
split_label_placebo,lung,seed44,source_disjoint,7,52,-0.0014852822036186542
split_label_placebo,lung,seed44,source_disjoint,7,53,-0.015870015302907436
split_label_placebo,lung,seed44,source_disjoint,7,54,0.004527860293455643
split_label_placebo,lung,seed44,source_disjoint,7,55,-0.004541362858943132
split_label_placebo,lung,seed44,source_disjoint,7,56,-0.0007021334053469719
split_label_placebo,lung,seed44,source_disjoint,7,57,-0.008763165001350326
split_label_placebo,lung,seed44,source_disjoint,7,58,0.0008911693221711481
split_label_placebo,lung,seed44,source_disjoint,7,59,0.0038032226122963753
split_label_placebo,lung,seed44,source_disjoint,7,60,-0.0006931316950221089
split_label_placebo,lung,seed44,source_disjoint,7,61,-0.03776217481321459
split_label_placebo,lung,seed44,source_disjoint,7,62,-0.016000540102619643
split_label_placebo,lung,seed44,source_disjoint,7,63,-0.03154649383382846
split_label_placebo,lung,seed44,source_disjoint,11,0,-0.025308308578629923
split_label_placebo,lung,seed44,source_disjoint,11,1,-0.012750922675308418
split_label_placebo,lung,seed44,source_disjoint,11,2,-0.019349176343505303
split_label_placebo,lung,seed44,source_disjoint,11,3,-0.03633090287154567
split_label_placebo,lung,seed44,source_disjoint,11,4,-0.010757043838329094
split_label_placebo,lung,seed44,source_disjoint,11,5,-0.006899810964083097
split_label_placebo,lung,seed44,source_disjoint,11,6,-0.007075344315419896
split_label_placebo,lung,seed44,source_disjoint,11,7,-0.019371680619317544
split_label_placebo,lung,seed44,source_disjoint,11,8,-0.01104059771356558
split_label_placebo,lung,seed44,source_disjoint,11,9,-0.020339364479251276
split_label_placebo,lung,seed44,source_disjoint,11,10,-0.0079935187685658
split_label_placebo,lung,seed44,source_disjoint,11,11,0.0025654874426140895
split_label_placebo,lung,seed44,source_disjoint,11,12,0.014695292105500024
split_label_placebo,lung,seed44,source_disjoint,11,13,-0.024093077684760045
split_label_placebo,lung,seed44,source_disjoint,11,14,-0.018633540372670843
split_label_placebo,lung,seed44,source_disjoint,11,15,-0.02922405256998828
split_label_placebo,lung,seed44,source_disjoint,11,16,0.023030875866414613
split_label_placebo,lung,seed44,source_disjoint,11,17,0.008137546133765383
split_label_placebo,lung,seed44,source_disjoint,11,18,0.008880187235574821
split_label_placebo,lung,seed44,source_disjoint,11,19,0.01785039157439905
split_label_placebo,lung,seed44,source_disjoint,11,20,0.003578179854172303
split_label_placebo,lung,seed44,source_disjoint,11,21,-0.013979656134665508
split_label_placebo,lung,seed44,source_disjoint,11,22,-0.004136285894319858
split_label_placebo,lung,seed44,source_disjoint,11,23,-0.008164551264740472
split_label_placebo,lung,seed44,source_disjoint,11,24,-0.025789900081015338
split_label_placebo,lung,seed44,source_disjoint,11,25,0.034508056530740905
split_label_placebo,lung,seed44,source_disjoint,11,26,0.028733459357277946
split_label_placebo,lung,seed44,source_disjoint,11,27,0.0012737420109820707
split_label_placebo,lung,seed44,source_disjoint,11,28,-0.024552164911333163
split_label_placebo,lung,seed44,source_disjoint,11,29,0.01908362588891882
split_label_placebo,lung,seed44,source_disjoint,11,30,-0.0007021334053470829
split_label_placebo,lung,seed44,source_disjoint,11,31,0.004469349176343618
split_label_placebo,lung,seed44,source_disjoint,11,32,0.0008281573498962747
split_label_placebo,lung,seed44,source_disjoint,11,33,-0.024709694842019847
split_label_placebo,lung,seed44,source_disjoint,11,34,-0.03017823386443419
split_label_placebo,lung,seed44,source_disjoint,11,35,-0.008988207759474343
split_label_placebo,lung,seed44,source_disjoint,11,36,0.004406337204068689
split_label_placebo,lung,seed44,source_disjoint,11,37,-0.013588081735529833
split_label_placebo,lung,seed44,source_disjoint,11,38,-0.026775587361598907
split_label_placebo,lung,seed44,source_disjoint,11,39,-0.013934647583040638
split_label_placebo,lung,seed44,source_disjoint,11,40,0.028944999549914474
split_label_placebo,lung,seed44,source_disjoint,11,41,-0.013790620217841498
split_label_placebo,lung,seed44,source_disjoint,11,42,-0.02210369970294357
split_label_placebo,lung,seed44,source_disjoint,11,43,-0.012260329462597808
split_label_placebo,lung,seed44,source_disjoint,11,44,-0.038914393734809705
split_label_placebo,lung,seed44,source_disjoint,11,45,-0.016585651273742008
split_label_placebo,lung,seed44,source_disjoint,11,46,-0.04649833468358994
split_label_placebo,lung,seed44,source_disjoint,11,47,-0.016135565757493975
split_label_placebo,lung,seed44,source_disjoint,11,48,0.0175713385543253
split_label_placebo,lung,seed44,source_disjoint,11,49,0.001260239445494693
split_label_placebo,lung,seed44,source_disjoint,11,50,0.00792600594112891
split_label_placebo,lung,seed44,source_disjoint,11,51,-0.011207129354577405
split_label_placebo,lung,seed44,source_disjoint,11,52,-0.008272571788639826
split_label_placebo,lung,seed44,source_disjoint,11,53,-0.004563867134755539
split_label_placebo,lung,seed44,source_disjoint,11,54,-0.030259249257358845
split_label_placebo,lung,seed44,source_disjoint,11,55,0.0007831487982717378
split_label_placebo,lung,seed44,source_disjoint,11,56,-0.01749932487172562
split_label_placebo,lung,seed44,source_disjoint,11,57,-0.025195787199567943
split_label_placebo,lung,seed44,source_disjoint,11,58,-0.00031956071653616025
split_label_placebo,lung,seed44,source_disjoint,11,59,-0.012575389323971509
split_label_placebo,lung,seed44,source_disjoint,11,60,0.0011792240525699826
split_label_placebo,lung,seed44,source_disjoint,11,61,0.02595193086686476
split_label_placebo,lung,seed44,source_disjoint,11,62,-0.026447024934737717
split_label_placebo,lung,seed44,source_disjoint,11,63,-0.041826447024934765
split_label_placebo,lung,seed44,target_disjoint,7,0,0.0009288964194482663
split_label_placebo,lung,seed44,target_disjoint,7,1,-0.0066699923452056
split_label_placebo,lung,seed44,target_disjoint,7,2,-0.005956118245073805
split_label_placebo,lung,seed44,target_disjoint,7,3,0.006067929851118592
split_label_placebo,lung,seed44,target_disjoint,7,4,-0.010548994985679572
split_label_placebo,lung,seed44,target_disjoint,7,5,-0.007082835198293669
split_label_placebo,lung,seed44,target_disjoint,7,6,0.026194018939165786
split_label_placebo,lung,seed44,target_disjoint,7,7,0.027389543034566977
split_label_placebo,lung,seed44,target_disjoint,7,8,-0.004360652635743589
split_label_placebo,lung,seed44,target_disjoint,7,9,0.01852632303233065
split_label_placebo,lung,seed44,target_disjoint,7,10,-0.0024168508691200796
split_label_placebo,lung,seed44,target_disjoint,7,11,0.005216441466624255
split_label_placebo,lung,seed44,target_disjoint,7,12,-0.0007783807959267364
split_label_placebo,lung,seed44,target_disjoint,7,13,-0.002434052654665564
split_label_placebo,lung,seed44,target_disjoint,7,14,0.025480144839034102
split_label_placebo,lung,seed44,target_disjoint,7,15,0.014101163700792174
split_label_placebo,lung,seed44,target_disjoint,7,16,0.004515468705651671
split_label_placebo,lung,seed44,target_disjoint,7,17,0.028034609992517112
split_label_placebo,lung,seed44,target_disjoint,7,18,-0.016148176180687535
split_label_placebo,lung,seed44,target_disjoint,7,19,-0.0005461566910643922
split_label_placebo,lung,seed44,target_disjoint,7,20,0.00620124368909486
split_label_placebo,lung,seed44,target_disjoint,7,21,0.0124110882709626
split_label_placebo,lung,seed44,target_disjoint,7,22,0.031083626480428672
split_label_placebo,lung,seed44,target_disjoint,7,23,0.013425993618137566
split_label_placebo,lung,seed44,target_disjoint,7,24,0.01174881952746698
split_label_placebo,lung,seed44,target_disjoint,7,25,0.017210386438112346
split_label_placebo,lung,seed44,target_disjoint,7,26,-0.0037843928199747245
split_label_placebo,lung,seed44,target_disjoint,7,27,0.012707819071619553
split_label_placebo,lung,seed44,target_disjoint,7,28,0.014230177092382057
split_label_placebo,lung,seed44,target_disjoint,7,29,0.027497054194225434
split_label_placebo,lung,seed44,target_disjoint,7,30,0.019136986419190316
split_label_placebo,lung,seed44,target_disjoint,7,31,0.012832532016823273
split_label_placebo,lung,seed44,target_disjoint,7,32,0.02754435910447517
split_label_placebo,lung,seed44,target_disjoint,7,33,-0.014939750746127411
split_label_placebo,lung,seed44,target_disjoint,7,34,0.004713289239423046
split_label_placebo,lung,seed44,target_disjoint,7,35,0.017670534201450094
split_label_placebo,lung,seed44,target_disjoint,7,36,-0.004528370044810659
split_label_placebo,lung,seed44,target_disjoint,7,37,0.028615170254672306
split_label_placebo,lung,seed44,target_disjoint,7,38,0.028327040346787957
split_label_placebo,lung,seed44,target_disjoint,7,39,0.012114357470305481
split_label_placebo,lung,seed44,target_disjoint,7,40,-0.01643630608857216
split_label_placebo,lung,seed44,target_disjoint,7,41,0.010200658828386389
split_label_placebo,lung,seed44,target_disjoint,7,42,0.014324786912881582
split_label_placebo,lung,seed44,target_disjoint,7,43,0.002442653547438167
split_label_placebo,lung,seed44,target_disjoint,7,44,-0.004683186114718629
split_label_placebo,lung,seed44,target_disjoint,7,45,0.011297272656901836
split_label_placebo,lung,seed44,target_disjoint,7,46,0.034979830906447906
split_label_placebo,lung,seed44,target_disjoint,7,47,0.013576509241659207
split_label_placebo,lung,seed44,target_disjoint,7,48,-0.009052439643234989
split_label_placebo,lung,seed44,target_disjoint,7,49,-0.0033070432710916586
split_label_placebo,lung,seed44,target_disjoint,7,50,0.003999415139291473
split_label_placebo,lung,seed44,target_disjoint,7,51,-0.004554172723128691
split_label_placebo,lung,seed44,target_disjoint,7,52,-0.000593461601314238
split_label_placebo,lung,seed44,target_disjoint,7,53,0.028236730972674873
split_label_placebo,lung,seed44,target_disjoint,7,54,0.011839128901579954
split_label_placebo,lung,seed44,target_disjoint,7,55,-0.007848314655061306
split_label_placebo,lung,seed44,target_disjoint,7,56,-0.030490164879114434
split_label_placebo,lung,seed44,target_disjoint,7,57,0.03048586443272805
split_label_placebo,lung,seed44,target_disjoint,7,58,-0.0002838294614980752
split_label_placebo,lung,seed44,target_disjoint,7,59,0.023549244411569914
split_label_placebo,lung,seed44,target_disjoint,7,60,0.017670534201450205
split_label_placebo,lung,seed44,target_disjoint,7,61,0.013688320847703883
split_label_placebo,lung,seed44,target_disjoint,7,62,0.010523192307361429
split_label_placebo,lung,seed44,target_disjoint,7,63,0.01849191946124007
split_label_placebo,lung,seed44,target_disjoint,11,0,0.01450540566110764
split_label_placebo,lung,seed44,target_disjoint,11,1,0.0009030937411302897
split_label_placebo,lung,seed44,target_disjoint,11,2,0.007973027600264804
split_label_placebo,lung,seed44,target_disjoint,11,3,-0.0005547575838372731
split_label_placebo,lung,seed44,target_disjoint,11,4,-0.003977912907359937
split_label_placebo,lung,seed44,target_disjoint,11,5,-0.026933695717615558
split_label_placebo,lung,seed44,target_disjoint,11,6,-0.002051312926281801
split_label_placebo,lung,seed44,target_disjoint,11,7,0.01528378645703432
split_label_placebo,lung,seed44,target_disjoint,11,8,-0.0036553794283846752
split_label_placebo,lung,seed44,target_disjoint,11,9,0.015391297616692556
split_label_placebo,lung,seed44,target_disjoint,11,10,-0.006171140564390498
split_label_placebo,lung,seed44,target_disjoint,11,11,-0.009632999905390127
split_label_placebo,lung,seed44,target_disjoint,11,12,-0.0006149638332459961
split_label_placebo,lung,seed44,target_disjoint,11,13,-0.011297272656901836
split_label_placebo,lung,seed44,target_disjoint,11,14,0.0022921379239163597
split_label_placebo,lung,seed44,target_disjoint,11,15,-0.008579390540738197
split_label_placebo,lung,seed44,target_disjoint,11,16,0.011439187387650929
split_label_placebo,lung,seed44,target_disjoint,11,17,-0.003745688802497704
split_label_placebo,lung,seed44,target_disjoint,11,18,0.04001565362484627
split_label_placebo,lung,seed44,target_disjoint,11,19,-0.013378688707887942
split_label_placebo,lung,seed44,target_disjoint,11,20,0.012733621749937585
split_label_placebo,lung,seed44,target_disjoint,11,21,0.03165988629619748
split_label_placebo,lung,seed44,target_disjoint,11,22,-0.00664418966688729
split_label_placebo,lung,seed44,target_disjoint,11,23,0.009908228474115544
split_label_placebo,lung,seed44,target_disjoint,11,24,-0.009233058391461046
split_label_placebo,lung,seed44,target_disjoint,11,25,0.0064764722578203315
split_label_placebo,lung,seed44,target_disjoint,11,26,-0.0023695459588706225
split_label_placebo,lung,seed44,target_disjoint,11,27,0.016814745370569317
split_label_placebo,lung,seed44,target_disjoint,11,28,-0.004790697274377087
split_label_placebo,lung,seed44,target_disjoint,11,29,-0.011796124437716604
split_label_placebo,lung,seed44,target_disjoint,11,30,0.0012858334695141638
split_label_placebo,lung,seed44,target_disjoint,11,31,0.005306750840737173
split_label_placebo,lung,seed44,target_disjoint,11,32,0.018651035977534536
split_label_placebo,lung,seed44,target_disjoint,11,33,0.002838294614981085
split_label_placebo,lung,seed44,target_disjoint,11,34,0.008803013752827438
split_label_placebo,lung,seed44,target_disjoint,11,35,-0.007413969570041257
split_label_placebo,lung,seed44,target_disjoint,11,36,0.010437183379634729
split_label_placebo,lung,seed44,target_disjoint,11,37,0.024688862703948655
split_label_placebo,lung,seed44,target_disjoint,11,38,0.008269758400922034
split_label_placebo,lung,seed44,target_disjoint,11,39,0.012682016393301576
split_label_placebo,lung,seed44,target_disjoint,11,40,0.011404783816560016
split_label_placebo,lung,seed44,target_disjoint,11,41,0.0006837709754271004
split_label_placebo,lung,seed44,target_disjoint,11,42,0.02004008016032066
split_label_placebo,lung,seed44,target_disjoint,11,43,-0.010979039624313014
split_label_placebo,lung,seed44,target_disjoint,11,44,-0.0002494258904074398
split_label_placebo,lung,seed44,target_disjoint,11,45,-0.0052680468232603195
split_label_placebo,lung,seed44,target_disjoint,11,46,0.009538390084890713
split_label_placebo,lung,seed44,target_disjoint,11,47,0.004485365580947254
split_label_placebo,lung,seed44,target_disjoint,11,48,0.014931149853354753
split_label_placebo,lung,seed44,target_disjoint,11,49,-0.00845897804192075
split_label_placebo,lung,seed44,target_disjoint,11,50,0.00041714329947439843
split_label_placebo,lung,seed44,target_disjoint,11,51,0.005203540127465267
split_label_placebo,lung,seed44,target_disjoint,11,52,0.006820507968727241
split_label_placebo,lung,seed44,target_disjoint,11,53,0.010712411948360256
split_label_placebo,lung,seed44,target_disjoint,11,54,-0.01176602131301241
split_label_placebo,lung,seed44,target_disjoint,11,55,0.0001290133915898828
split_label_placebo,lung,seed44,target_disjoint,11,56,-0.009968434723524322
split_label_placebo,lung,seed44,target_disjoint,11,57,0.014187172628518818
split_label_placebo,lung,seed44,target_disjoint,11,58,-0.022839670757824615
split_label_placebo,lung,seed44,target_disjoint,11,59,0.0013761428436271927
split_label_placebo,lung,seed44,target_disjoint,11,60,-0.006338857973457623
split_label_placebo,lung,seed44,target_disjoint,11,61,-0.004838002184626822
split_label_placebo,lung,seed44,target_disjoint,11,62,-0.005280948162419197
split_label_placebo,lung,seed44,target_disjoint,11,63,0.013124962371094007
