hypothesis_id,null_kind,domain,seed_tag,split_regime,layer,perm_idx,null_value
H110,degree_preserving_local_rewiring,external_lung,seed42_main,source_disjoint,7,0,-0.00497512437810943
H110,degree_preserving_local_rewiring,external_lung,seed42_main,source_disjoint,7,1,-0.005330490405117239
H110,degree_preserving_local_rewiring,external_lung,seed42_main,source_disjoint,7,2,0.00029613835583996995
H110,degree_preserving_local_rewiring,external_lung,seed42_main,source_disjoint,7,3,-0.0003553660270078085
H110,degree_preserving_local_rewiring,external_lung,seed42_main,source_disjoint,7,4,-0.007225775882492402
H110,degree_preserving_local_rewiring,external_lung,seed42_main,source_disjoint,7,5,0.008706467661691586
H110,degree_preserving_local_rewiring,external_lung,seed42_main,source_disjoint,7,6,-0.003020611229566428
H110,degree_preserving_local_rewiring,external_lung,seed42_main,source_disjoint,7,7,0.0006515043828476674
H110,degree_preserving_local_rewiring,external_lung,seed42_main,source_disjoint,7,8,-0.004442075337597662
H110,degree_preserving_local_rewiring,external_lung,seed42_main,source_disjoint,7,9,0.005271262733949289
H110,degree_preserving_local_rewiring,external_lung,seed42_main,source_disjoint,7,10,-0.014806917791992391
H110,degree_preserving_local_rewiring,external_lung,seed42_main,source_disjoint,7,11,-0.002546789860222831
H110,degree_preserving_local_rewiring,external_lung,seed42_main,source_disjoint,7,12,0.007936507936507908
H110,degree_preserving_local_rewiring,external_lung,seed42_main,source_disjoint,7,13,-0.004264392324093813
H110,degree_preserving_local_rewiring,external_lung,seed42_main,source_disjoint,7,14,-0.0077588249230039485
H110,degree_preserving_local_rewiring,external_lung,seed42_main,source_disjoint,7,15,-0.004027481639421904
H110,degree_preserving_local_rewiring,external_lung,seed42_main,source_disjoint,7,16,0.001836057806206992
H110,degree_preserving_local_rewiring,external_lung,seed42_main,source_disjoint,7,17,-0.008114190950011868
H110,degree_preserving_local_rewiring,external_lung,seed42_main,source_disjoint,7,18,-0.0005922767116797178
H110,degree_preserving_local_rewiring,external_lung,seed42_main,source_disjoint,7,19,-0.013207770670457086
H110,degree_preserving_local_rewiring,external_lung,seed42_main,source_disjoint,7,20,-0.0004145936981757581
H110,degree_preserving_local_rewiring,external_lung,seed42_main,source_disjoint,7,21,-0.0017768301350390425
H110,degree_preserving_local_rewiring,external_lung,seed42_main,source_disjoint,7,22,0.004560530679933783
H110,degree_preserving_local_rewiring,external_lung,seed42_main,source_disjoint,7,23,-0.004382847666429712
H110,degree_preserving_local_rewiring,external_lung,seed42_main,source_disjoint,7,24,0.003139066571902438
H110,degree_preserving_local_rewiring,external_lung,seed42_main,source_disjoint,7,25,-0.0017768301350390425
H110,degree_preserving_local_rewiring,external_lung,seed42_main,source_disjoint,7,26,-0.016169154228855676
H110,degree_preserving_local_rewiring,external_lung,seed42_main,source_disjoint,7,27,0.009772565742715011
H110,degree_preserving_local_rewiring,external_lung,seed42_main,source_disjoint,7,28,-0.006218905472636815
H110,degree_preserving_local_rewiring,external_lung,seed42_main,source_disjoint,7,29,-0.004856669035773531
H110,degree_preserving_local_rewiring,external_lung,seed42_main,source_disjoint,7,30,0.0034944325989102465
H110,degree_preserving_local_rewiring,external_lung,seed42_main,source_disjoint,7,31,-0.0008884150675195768
H110,degree_preserving_local_rewiring,external_lung,seed42_main,source_disjoint,11,0,-0.0010068704098552539
H110,degree_preserving_local_rewiring,external_lung,seed42_main,source_disjoint,11,1,-0.006100450130300916
H110,degree_preserving_local_rewiring,external_lung,seed42_main,source_disjoint,11,2,-0.02061122956645345
H110,degree_preserving_local_rewiring,external_lung,seed42_main,source_disjoint,11,3,-0.008410329305851727
H110,degree_preserving_local_rewiring,external_lung,seed42_main,source_disjoint,11,4,-0.002013740819710952
H110,degree_preserving_local_rewiring,external_lung,seed42_main,source_disjoint,11,5,-0.006100450130300805
H110,degree_preserving_local_rewiring,external_lung,seed42_main,source_disjoint,11,6,-0.0031982942430702765
H110,degree_preserving_local_rewiring,external_lung,seed42_main,source_disjoint,11,7,-0.012378583274105681
H110,degree_preserving_local_rewiring,external_lung,seed42_main,source_disjoint,11,8,-0.011549395877754054
H110,degree_preserving_local_rewiring,external_lung,seed42_main,source_disjoint,11,9,-0.009417199715707092
H110,degree_preserving_local_rewiring,external_lung,seed42_main,source_disjoint,11,10,-0.018834399431414295
H110,degree_preserving_local_rewiring,external_lung,seed42_main,source_disjoint,11,11,-0.006455816157308614
H110,degree_preserving_local_rewiring,external_lung,seed42_main,source_disjoint,11,12,-0.012260127931769782
H110,degree_preserving_local_rewiring,external_lung,seed42_main,source_disjoint,11,13,-0.0073442312248283015
H110,degree_preserving_local_rewiring,external_lung,seed42_main,source_disjoint,11,14,-0.013148542999289248
H110,degree_preserving_local_rewiring,external_lung,seed42_main,source_disjoint,11,15,-0.007166548211324342
H110,degree_preserving_local_rewiring,external_lung,seed42_main,source_disjoint,11,16,-0.010779436152570487
H110,degree_preserving_local_rewiring,external_lung,seed42_main,source_disjoint,11,17,-0.011312485193082145
H110,degree_preserving_local_rewiring,external_lung,seed42_main,source_disjoint,11,18,-0.004678986022269571
H110,degree_preserving_local_rewiring,external_lung,seed42_main,source_disjoint,11,19,-0.009357972044539142
H110,degree_preserving_local_rewiring,external_lung,seed42_main,source_disjoint,11,20,-0.013148542999289248
H110,degree_preserving_local_rewiring,external_lung,seed42_main,source_disjoint,11,21,-0.011430940535418044
H110,degree_preserving_local_rewiring,external_lung,seed42_main,source_disjoint,11,22,-0.005508173418621198
H110,degree_preserving_local_rewiring,external_lung,seed42_main,source_disjoint,11,23,-0.0049158967069414805
H110,degree_preserving_local_rewiring,external_lung,seed42_main,source_disjoint,11,24,-0.009772565742715011
H110,degree_preserving_local_rewiring,external_lung,seed42_main,source_disjoint,11,25,-0.007107320540156392
H110,degree_preserving_local_rewiring,external_lung,seed42_main,source_disjoint,11,26,-0.006751954513148584
H110,degree_preserving_local_rewiring,external_lung,seed42_main,source_disjoint,11,27,-0.004382847666429601
H110,degree_preserving_local_rewiring,external_lung,seed42_main,source_disjoint,11,28,-0.006811182184316422
H110,degree_preserving_local_rewiring,external_lung,seed42_main,source_disjoint,11,29,-0.006159677801468755
H110,degree_preserving_local_rewiring,external_lung,seed42_main,source_disjoint,11,30,-0.003020611229566428
H110,degree_preserving_local_rewiring,external_lung,seed42_main,source_disjoint,11,31,-0.016169154228855676
H110,degree_preserving_local_rewiring,external_lung,seed42_main,target_disjoint,7,0,0.009722490502865
H110,degree_preserving_local_rewiring,external_lung,seed42_main,target_disjoint,7,1,0.008692292833687332
H110,degree_preserving_local_rewiring,external_lung,seed42_main,target_disjoint,7,2,0.004571502156976104
H110,degree_preserving_local_rewiring,external_lung,seed42_main,target_disjoint,7,3,0.012555534093103948
H110,degree_preserving_local_rewiring,external_lung,seed42_main,target_disjoint,7,4,0.0001931620629707087
H110,degree_preserving_local_rewiring,external_lung,seed42_main,target_disjoint,7,5,0.003026205653209546
H110,degree_preserving_local_rewiring,external_lung,seed42_main,target_disjoint,7,6,-0.004700276865623687
H110,degree_preserving_local_rewiring,external_lung,seed42_main,target_disjoint,7,7,0.0001931620629707087
H110,degree_preserving_local_rewiring,external_lung,seed42_main,target_disjoint,7,8,0.004571502156976104
H110,degree_preserving_local_rewiring,external_lung,seed42_main,target_disjoint,7,9,-0.0011589723778251404
H110,degree_preserving_local_rewiring,external_lung,seed42_main,target_disjoint,7,10,0.007082608975596982
H110,degree_preserving_local_rewiring,external_lung,seed42_main,target_disjoint,7,11,0.011911660549867809
H110,degree_preserving_local_rewiring,external_lung,seed42_main,target_disjoint,7,12,0.003927628613740186
H110,degree_preserving_local_rewiring,external_lung,seed42_main,target_disjoint,7,13,0.0082415813534219
H110,degree_preserving_local_rewiring,external_lung,seed42_main,target_disjoint,7,14,0.008499130770716623
H110,degree_preserving_local_rewiring,external_lung,seed42_main,target_disjoint,7,15,0.0005794861889124592
H110,degree_preserving_local_rewiring,external_lung,seed42_main,target_disjoint,7,16,0.005150988345888785
H110,degree_preserving_local_rewiring,external_lung,seed42_main,target_disjoint,7,17,-0.00012877470864736118
H110,degree_preserving_local_rewiring,external_lung,seed42_main,target_disjoint,7,18,0.006309960723713703
H110,degree_preserving_local_rewiring,external_lung,seed42_main,target_disjoint,7,19,0.003798853905092936
H110,degree_preserving_local_rewiring,external_lung,seed42_main,target_disjoint,7,20,0.008241581353422123
H110,degree_preserving_local_rewiring,external_lung,seed42_main,target_disjoint,7,21,-0.0031549803618570182
H110,degree_preserving_local_rewiring,external_lung,seed42_main,target_disjoint,7,22,0.005923636597772064
H110,degree_preserving_local_rewiring,external_lung,seed42_main,target_disjoint,7,23,0.008692292833687332
H110,degree_preserving_local_rewiring,external_lung,seed42_main,target_disjoint,7,24,0.01049513875474839
H110,degree_preserving_local_rewiring,external_lung,seed42_main,target_disjoint,7,25,0.0036056918421220052
H110,degree_preserving_local_rewiring,external_lung,seed42_main,target_disjoint,7,26,0.007919644581803942
H110,degree_preserving_local_rewiring,external_lung,seed42_main,target_disjoint,7,27,0.0009658103148539876
H110,degree_preserving_local_rewiring,external_lung,seed42_main,target_disjoint,7,28,0.004442727448328965
H110,degree_preserving_local_rewiring,external_lung,seed42_main,target_disjoint,7,29,-0.002897430944562629
H110,degree_preserving_local_rewiring,external_lung,seed42_main,target_disjoint,7,30,0.004764664219947146
H110,degree_preserving_local_rewiring,external_lung,seed42_main,target_disjoint,7,31,-0.0046358895113002285
H110,degree_preserving_local_rewiring,external_lung,seed42_main,target_disjoint,11,0,-0.006631897495331884
H110,degree_preserving_local_rewiring,external_lung,seed42_main,target_disjoint,11,1,-0.005988023952095856
H110,degree_preserving_local_rewiring,external_lung,seed42_main,target_disjoint,11,2,0.00025754941729461134
H110,degree_preserving_local_rewiring,external_lung,seed42_main,target_disjoint,11,3,-0.007597707810185983
H110,degree_preserving_local_rewiring,external_lung,seed42_main,target_disjoint,11,4,0.00019316206297093075
H110,degree_preserving_local_rewiring,external_lung,seed42_main,target_disjoint,11,5,-0.0037344665507693664
H110,degree_preserving_local_rewiring,external_lung,seed42_main,target_disjoint,11,6,0.001352134440795849
H110,degree_preserving_local_rewiring,external_lung,seed42_main,target_disjoint,11,7,-0.003670079196445686
H110,degree_preserving_local_rewiring,external_lung,seed42_main,target_disjoint,11,8,-0.003476917133474866
H110,degree_preserving_local_rewiring,external_lung,seed42_main,target_disjoint,11,9,-0.003927628613740075
H110,degree_preserving_local_rewiring,external_lung,seed42_main,target_disjoint,11,10,0.002575494172944448
H110,degree_preserving_local_rewiring,external_lung,seed42_main,target_disjoint,11,11,-0.0030905930075332266
H110,degree_preserving_local_rewiring,external_lung,seed42_main,target_disjoint,11,12,-0.006181186015066564
H110,degree_preserving_local_rewiring,external_lung,seed42_main,target_disjoint,11,13,0.0019960079840321
H110,degree_preserving_local_rewiring,external_lung,seed42_main,target_disjoint,11,14,-0.004313952739681937
H110,degree_preserving_local_rewiring,external_lung,seed42_main,target_disjoint,11,15,-0.001674071212413808
H110,degree_preserving_local_rewiring,external_lung,seed42_main,target_disjoint,11,16,-0.0025111068186207675
H110,degree_preserving_local_rewiring,external_lung,seed42_main,target_disjoint,11,17,-0.006116798660742995
H110,degree_preserving_local_rewiring,external_lung,seed42_main,target_disjoint,11,18,0.0016096838580903494
H110,degree_preserving_local_rewiring,external_lung,seed42_main,target_disjoint,11,19,-0.0025111068186207675
H110,degree_preserving_local_rewiring,external_lung,seed42_main,target_disjoint,11,20,-0.0014809091494429882
H110,degree_preserving_local_rewiring,external_lung,seed42_main,target_disjoint,11,21,-0.002897430944562518
H110,degree_preserving_local_rewiring,external_lung,seed42_main,target_disjoint,11,22,-0.0032837550705040464
H110,degree_preserving_local_rewiring,external_lung,seed42_main,target_disjoint,11,23,-0.009014229605305513
H110,degree_preserving_local_rewiring,external_lung,seed42_main,target_disjoint,11,24,-0.003927628613740075
H110,degree_preserving_local_rewiring,external_lung,seed42_main,target_disjoint,11,25,-0.0010945850235012378
H110,degree_preserving_local_rewiring,external_lung,seed42_main,target_disjoint,11,26,0.0012877470864722795
H110,degree_preserving_local_rewiring,external_lung,seed42_main,target_disjoint,11,27,-0.0018028459210610581
H110,degree_preserving_local_rewiring,external_lung,seed42_main,target_disjoint,11,28,-0.004957826282918076
H110,degree_preserving_local_rewiring,external_lung,seed42_main,target_disjoint,11,29,0.00045071148026532004
H110,degree_preserving_local_rewiring,external_lung,seed42_main,target_disjoint,11,30,-0.0023179447556498367
H110,degree_preserving_local_rewiring,external_lung,seed42_main,target_disjoint,11,31,-0.002575494172944337
H110,degree_preserving_local_rewiring,immune,seed42_main,source_disjoint,7,0,-0.0025510204081632404
H110,degree_preserving_local_rewiring,immune,seed42_main,source_disjoint,7,1,-0.0025510204081632404
H110,degree_preserving_local_rewiring,immune,seed42_main,source_disjoint,7,2,-0.003985969387755084
H110,degree_preserving_local_rewiring,immune,seed42_main,source_disjoint,7,3,-0.001833545918367263
H110,degree_preserving_local_rewiring,immune,seed42_main,source_disjoint,7,4,-0.00900829081632648
H110,degree_preserving_local_rewiring,immune,seed42_main,source_disjoint,7,5,-0.002710459183673297
H110,degree_preserving_local_rewiring,immune,seed42_main,source_disjoint,7,6,-0.010682397959183576
H110,degree_preserving_local_rewiring,immune,seed42_main,source_disjoint,7,7,-0.004703443877550839
H110,degree_preserving_local_rewiring,immune,seed42_main,source_disjoint,7,8,-0.003029336734693855
H110,degree_preserving_local_rewiring,immune,seed42_main,source_disjoint,7,9,-0.0012755102040815647
H110,degree_preserving_local_rewiring,immune,seed42_main,source_disjoint,7,10,-0.0001594387755100568
H110,degree_preserving_local_rewiring,immune,seed42_main,source_disjoint,7,11,-0.005899234693877431
H110,degree_preserving_local_rewiring,immune,seed42_main,source_disjoint,7,12,-0.0015943877551020114
H110,degree_preserving_local_rewiring,immune,seed42_main,source_disjoint,7,13,-0.0015943877551020114
H110,degree_preserving_local_rewiring,immune,seed42_main,source_disjoint,7,14,-0.004145408163265252
H110,degree_preserving_local_rewiring,immune,seed42_main,source_disjoint,7,15,-0.0016741071428569843
H110,degree_preserving_local_rewiring,immune,seed42_main,source_disjoint,7,16,-0.004783163265306034
H110,degree_preserving_local_rewiring,immune,seed42_main,source_disjoint,7,17,-0.01291454081632648
H110,degree_preserving_local_rewiring,immune,seed42_main,source_disjoint,7,18,-0.005660076530612179
H110,degree_preserving_local_rewiring,immune,seed42_main,source_disjoint,7,19,-0.0012755102040815647
H110,degree_preserving_local_rewiring,immune,seed42_main,source_disjoint,7,20,-0.0022321428571427937
H110,degree_preserving_local_rewiring,immune,seed42_main,source_disjoint,7,21,-0.0073341836734692745
H110,degree_preserving_local_rewiring,immune,seed42_main,source_disjoint,7,22,-0.006218112244897767
H110,degree_preserving_local_rewiring,immune,seed42_main,source_disjoint,7,23,-0.0005580357142855874
H110,degree_preserving_local_rewiring,immune,seed42_main,source_disjoint,7,24,-0.02088647959183665
H110,degree_preserving_local_rewiring,immune,seed42_main,source_disjoint,7,25,-0.0011160714285712858
H110,degree_preserving_local_rewiring,immune,seed42_main,source_disjoint,7,26,-0.001992984693877542
H110,degree_preserving_local_rewiring,immune,seed42_main,source_disjoint,7,27,-0.017139668367346927
H110,degree_preserving_local_rewiring,immune,seed42_main,source_disjoint,7,28,-0.0011160714285713969
H110,degree_preserving_local_rewiring,immune,seed42_main,source_disjoint,7,29,0.0023118622448979886
H110,degree_preserving_local_rewiring,immune,seed42_main,source_disjoint,7,30,-0.0055006377551019
H110,degree_preserving_local_rewiring,immune,seed42_main,source_disjoint,7,31,-0.00215242346938771
H110,degree_preserving_local_rewiring,immune,seed42_main,source_disjoint,11,0,0.005500637755102122
H110,degree_preserving_local_rewiring,immune,seed42_main,source_disjoint,11,1,0.005580357142857206
H110,degree_preserving_local_rewiring,immune,seed42_main,source_disjoint,11,2,0.00310905612244905
H110,degree_preserving_local_rewiring,immune,seed42_main,source_disjoint,11,3,0.0016741071428570953
H110,degree_preserving_local_rewiring,immune,seed42_main,source_disjoint,11,4,0.0004783163265306145
H110,degree_preserving_local_rewiring,immune,seed42_main,source_disjoint,11,5,-0.0004783163265306145
H110,degree_preserving_local_rewiring,immune,seed42_main,source_disjoint,11,6,0.0034279336734693855
H110,degree_preserving_local_rewiring,immune,seed42_main,source_disjoint,11,7,0.009327168367346927
H110,degree_preserving_local_rewiring,immune,seed42_main,source_disjoint,11,8,0.000956632653061229
H110,degree_preserving_local_rewiring,immune,seed42_main,source_disjoint,11,9,0.004464285714285698
H110,degree_preserving_local_rewiring,immune,seed42_main,source_disjoint,11,10,0.00047831632653072553
H110,degree_preserving_local_rewiring,immune,seed42_main,source_disjoint,11,11,0.003826530612244916
H110,degree_preserving_local_rewiring,immune,seed42_main,source_disjoint,11,12,0.006935586734693966
H110,degree_preserving_local_rewiring,immune,seed42_main,source_disjoint,11,13,0.002710459183673408
H110,degree_preserving_local_rewiring,immune,seed42_main,source_disjoint,11,14,0.007653061224489832
H110,degree_preserving_local_rewiring,immune,seed42_main,source_disjoint,11,15,-0.009725765306122347
H110,degree_preserving_local_rewiring,immune,seed42_main,source_disjoint,11,16,0.0003188775510204467
H110,degree_preserving_local_rewiring,immune,seed42_main,source_disjoint,11,17,0.0022321428571427937
H110,degree_preserving_local_rewiring,immune,seed42_main,source_disjoint,11,18,0.003985969387755195
H110,degree_preserving_local_rewiring,immune,seed42_main,source_disjoint,11,19,0.00821109693877553
H110,degree_preserving_local_rewiring,immune,seed42_main,source_disjoint,11,20,0.006218112244897878
H110,degree_preserving_local_rewiring,immune,seed42_main,source_disjoint,11,21,0.0034279336734693855
H110,degree_preserving_local_rewiring,immune,seed42_main,source_disjoint,11,22,-0.001833545918367263
H110,degree_preserving_local_rewiring,immune,seed42_main,source_disjoint,11,23,0.003985969387755084
H110,degree_preserving_local_rewiring,immune,seed42_main,source_disjoint,11,24,0.00645727040816324
H110,degree_preserving_local_rewiring,immune,seed42_main,source_disjoint,11,25,0.003029336734693966
H110,degree_preserving_local_rewiring,immune,seed42_main,source_disjoint,11,26,0.002949617346938771
H110,degree_preserving_local_rewiring,immune,seed42_main,source_disjoint,11,27,0.002869897959183687
H110,degree_preserving_local_rewiring,immune,seed42_main,source_disjoint,11,28,0.002790178571428714
H110,degree_preserving_local_rewiring,immune,seed42_main,source_disjoint,11,29,0.0063775510204081565
H110,degree_preserving_local_rewiring,immune,seed42_main,source_disjoint,11,30,0.006297831632653184
H110,degree_preserving_local_rewiring,immune,seed42_main,source_disjoint,11,31,0.0018335459183673741
H110,degree_preserving_local_rewiring,immune,seed42_main,target_disjoint,7,0,-0.006457270408163129
H110,degree_preserving_local_rewiring,immune,seed42_main,target_disjoint,7,1,-0.005261479591836538
H110,degree_preserving_local_rewiring,immune,seed42_main,target_disjoint,7,2,-0.006696428571428492
H110,degree_preserving_local_rewiring,immune,seed42_main,target_disjoint,7,3,-0.007413903061224358
H110,degree_preserving_local_rewiring,immune,seed42_main,target_disjoint,7,4,-0.007653061224489721
H110,degree_preserving_local_rewiring,immune,seed42_main,target_disjoint,7,5,-0.002790178571428492
H110,degree_preserving_local_rewiring,immune,seed42_main,target_disjoint,7,6,-0.0017538265306121792
H110,degree_preserving_local_rewiring,immune,seed42_main,target_disjoint,7,7,-0.008290816326530503
H110,degree_preserving_local_rewiring,immune,seed42_main,target_disjoint,7,8,-0.005420918367346816
H110,degree_preserving_local_rewiring,immune,seed42_main,target_disjoint,7,9,-0.001913265306122347
H110,degree_preserving_local_rewiring,immune,seed42_main,target_disjoint,7,10,-0.011080994897959107
H110,degree_preserving_local_rewiring,immune,seed42_main,target_disjoint,7,11,-0.0004783163265305035
H110,degree_preserving_local_rewiring,immune,seed42_main,target_disjoint,7,12,-0.004623724489795866
H110,degree_preserving_local_rewiring,immune,seed42_main,target_disjoint,7,13,-0.0053411989795917325
H110,degree_preserving_local_rewiring,immune,seed42_main,target_disjoint,7,14,-0.0021524234693875988
H110,degree_preserving_local_rewiring,immune,seed42_main,target_disjoint,7,15,-0.009088010204081565
H110,degree_preserving_local_rewiring,immune,seed42_main,target_disjoint,7,16,-0.003029336734693744
H110,degree_preserving_local_rewiring,immune,seed42_main,target_disjoint,7,17,-0.010841836734693855
H110,degree_preserving_local_rewiring,immune,seed42_main,target_disjoint,7,18,0.003029336734694077
H110,degree_preserving_local_rewiring,immune,seed42_main,target_disjoint,7,19,-0.01132015306122447
H110,degree_preserving_local_rewiring,immune,seed42_main,target_disjoint,7,20,-0.0063775510204080454
H110,degree_preserving_local_rewiring,immune,seed42_main,target_disjoint,7,21,-0.0012755102040815647
H110,degree_preserving_local_rewiring,immune,seed42_main,target_disjoint,7,22,-0.004942602040816202
H110,degree_preserving_local_rewiring,immune,seed42_main,target_disjoint,7,23,-0.022640306122448828
H110,degree_preserving_local_rewiring,immune,seed42_main,target_disjoint,7,24,0.008131377551020447
H110,degree_preserving_local_rewiring,immune,seed42_main,target_disjoint,7,25,0.0013552295918367596
H110,degree_preserving_local_rewiring,immune,seed42_main,target_disjoint,7,26,-0.001036352040816202
H110,degree_preserving_local_rewiring,immune,seed42_main,target_disjoint,7,27,0.003985969387755195
H110,degree_preserving_local_rewiring,immune,seed42_main,target_disjoint,7,28,-0.005899234693877431
H110,degree_preserving_local_rewiring,immune,seed42_main,target_disjoint,7,29,-0.005899234693877431
H110,degree_preserving_local_rewiring,immune,seed42_main,target_disjoint,7,30,-0.005580357142857095
H110,degree_preserving_local_rewiring,immune,seed42_main,target_disjoint,7,31,-0.014827806122448828
H110,degree_preserving_local_rewiring,immune,seed42_main,target_disjoint,11,0,-0.0023915816326530726
H110,degree_preserving_local_rewiring,immune,seed42_main,target_disjoint,11,1,0.0022321428571429047
H110,degree_preserving_local_rewiring,immune,seed42_main,target_disjoint,11,2,0.00047831632653072553
H110,degree_preserving_local_rewiring,immune,seed42_main,target_disjoint,11,3,-0.003746811224489721
H110,degree_preserving_local_rewiring,immune,seed42_main,target_disjoint,11,4,-0.0017538265306121792
H110,degree_preserving_local_rewiring,immune,seed42_main,target_disjoint,11,5,-0.0011957908163264808
H110,degree_preserving_local_rewiring,immune,seed42_main,target_disjoint,11,6,-0.0007174744897958663
H110,degree_preserving_local_rewiring,immune,seed42_main,target_disjoint,11,7,0.0017538265306122902
H110,degree_preserving_local_rewiring,immune,seed42_main,target_disjoint,11,8,-0.00031887755102033566
H110,degree_preserving_local_rewiring,immune,seed42_main,target_disjoint,11,9,0.001913265306122458
H110,degree_preserving_local_rewiring,immune,seed42_main,target_disjoint,11,10,-0.009406887755102011
H110,degree_preserving_local_rewiring,immune,seed42_main,target_disjoint,11,11,-0.0007174744897958663
H110,degree_preserving_local_rewiring,immune,seed42_main,target_disjoint,11,12,0.0024713010204082675
H110,degree_preserving_local_rewiring,immune,seed42_main,target_disjoint,11,13,0.0008769132653061451
H110,degree_preserving_local_rewiring,immune,seed42_main,target_disjoint,11,14,-0.0007174744897958663
H110,degree_preserving_local_rewiring,immune,seed42_main,target_disjoint,11,15,-0.0036670918367347483
H110,degree_preserving_local_rewiring,immune,seed42_main,target_disjoint,11,16,-0.0007573341836735192
H110,degree_preserving_local_rewiring,immune,seed42_main,target_disjoint,11,17,0.002869897959183687
H110,degree_preserving_local_rewiring,immune,seed42_main,target_disjoint,11,18,0.004304846938775531
H110,degree_preserving_local_rewiring,immune,seed42_main,target_disjoint,11,19,0.0023915816326530726
H110,degree_preserving_local_rewiring,immune,seed42_main,target_disjoint,11,20,-0.0003985969387755306
H110,degree_preserving_local_rewiring,immune,seed42_main,target_disjoint,11,21,0.0016741071428572063
H110,degree_preserving_local_rewiring,immune,seed42_main,target_disjoint,11,22,-0.0024713010204080454
H110,degree_preserving_local_rewiring,immune,seed42_main,target_disjoint,11,23,0.000956632653061229
H110,degree_preserving_local_rewiring,immune,seed42_main,target_disjoint,11,24,0.0012356505102041337
H110,degree_preserving_local_rewiring,immune,seed42_main,target_disjoint,11,25,0.0003985969387755306
H110,degree_preserving_local_rewiring,immune,seed42_main,target_disjoint,11,26,0.001913265306122458
H110,degree_preserving_local_rewiring,immune,seed42_main,target_disjoint,11,27,-0.00015943877551016783
H110,degree_preserving_local_rewiring,immune,seed42_main,target_disjoint,11,28,0.0008769132653062561
H110,degree_preserving_local_rewiring,immune,seed42_main,target_disjoint,11,29,0.0017538265306121792
H110,degree_preserving_local_rewiring,immune,seed42_main,target_disjoint,11,30,0.0011160714285715079
H110,degree_preserving_local_rewiring,immune,seed42_main,target_disjoint,11,31,0.0011160714285713969
H110,degree_preserving_local_rewiring,lung,seed42_main,source_disjoint,7,0,-0.021155555555555594
H110,degree_preserving_local_rewiring,lung,seed42_main,source_disjoint,7,1,0.004444444444444473
H110,degree_preserving_local_rewiring,lung,seed42_main,source_disjoint,7,2,0.0018370370370369704
H110,degree_preserving_local_rewiring,lung,seed42_main,source_disjoint,7,3,-0.01167407407407417
H110,degree_preserving_local_rewiring,lung,seed42_main,source_disjoint,7,4,0.00592592592592589
H110,degree_preserving_local_rewiring,lung,seed42_main,source_disjoint,7,5,-0.010725925925926028
H110,degree_preserving_local_rewiring,lung,seed42_main,source_disjoint,7,6,0.0005333333333332746
H110,degree_preserving_local_rewiring,lung,seed42_main,source_disjoint,7,7,-0.0018962962962962848
H110,degree_preserving_local_rewiring,lung,seed42_main,source_disjoint,7,8,0.002666666666666706
H110,degree_preserving_local_rewiring,lung,seed42_main,source_disjoint,7,9,-0.004266666666666641
H110,degree_preserving_local_rewiring,lung,seed42_main,source_disjoint,7,10,0.0031999999999999806
H110,degree_preserving_local_rewiring,lung,seed42_main,source_disjoint,7,11,0.0019555555555555992
H110,degree_preserving_local_rewiring,lung,seed42_main,source_disjoint,7,12,0.001777777777777767
H110,degree_preserving_local_rewiring,lung,seed42_main,source_disjoint,7,13,-0.008237037037037154
H110,degree_preserving_local_rewiring,lung,seed42_main,source_disjoint,7,14,0.004266666666666641
H110,degree_preserving_local_rewiring,lung,seed42_main,source_disjoint,7,15,-0.000888888888888939
H110,degree_preserving_local_rewiring,lung,seed42_main,source_disjoint,7,16,0.001185185185185178
H110,degree_preserving_local_rewiring,lung,seed42_main,source_disjoint,7,17,0.0037925925925925696
H110,degree_preserving_local_rewiring,lung,seed42_main,source_disjoint,7,18,0.0009481481481481424
H110,degree_preserving_local_rewiring,lung,seed42_main,source_disjoint,7,19,-0.001481481481481528
H110,degree_preserving_local_rewiring,lung,seed42_main,source_disjoint,7,20,-0.010785185185185342
H110,degree_preserving_local_rewiring,lung,seed42_main,source_disjoint,7,21,-0.005570370370370337
H110,degree_preserving_local_rewiring,lung,seed42_main,source_disjoint,7,22,-0.008711111111111114
H110,degree_preserving_local_rewiring,lung,seed42_main,source_disjoint,7,23,-0.0034962962962963307
H110,degree_preserving_local_rewiring,lung,seed42_main,source_disjoint,7,24,-0.004444444444444473
H110,degree_preserving_local_rewiring,lung,seed42_main,source_disjoint,7,25,-0.0007703703703704212
H110,degree_preserving_local_rewiring,lung,seed42_main,source_disjoint,7,26,-0.006399999999999961
H110,degree_preserving_local_rewiring,lung,seed42_main,source_disjoint,7,27,-0.0072888888888889
H110,degree_preserving_local_rewiring,lung,seed42_main,source_disjoint,7,28,-0.0028444444444444272
H110,degree_preserving_local_rewiring,lung,seed42_main,source_disjoint,7,29,-0.0014222222222222136
H110,degree_preserving_local_rewiring,lung,seed42_main,source_disjoint,7,30,-0.003970370370370402
H110,degree_preserving_local_rewiring,lung,seed42_main,source_disjoint,7,31,0.001955555555555488
H110,degree_preserving_local_rewiring,lung,seed42_main,source_disjoint,11,0,-5.925925925920339e-05
H110,degree_preserving_local_rewiring,lung,seed42_main,source_disjoint,11,1,-0.003555555555555645
H110,degree_preserving_local_rewiring,lung,seed42_main,source_disjoint,11,2,0.002192592592592524
H110,degree_preserving_local_rewiring,lung,seed42_main,source_disjoint,11,3,0.0021333333333333204
H110,degree_preserving_local_rewiring,lung,seed42_main,source_disjoint,11,4,-0.006044444444444519
H110,degree_preserving_local_rewiring,lung,seed42_main,source_disjoint,11,5,-0.0018962962962963958
H110,degree_preserving_local_rewiring,lung,seed42_main,source_disjoint,11,6,-0.00468148148148162
H110,degree_preserving_local_rewiring,lung,seed42_main,source_disjoint,11,7,0.004148148148148123
H110,degree_preserving_local_rewiring,lung,seed42_main,source_disjoint,11,8,0.005155555555555469
H110,degree_preserving_local_rewiring,lung,seed42_main,source_disjoint,11,9,0.0007111111111111068
H110,degree_preserving_local_rewiring,lung,seed42_main,source_disjoint,11,10,0.002666666666666706
H110,degree_preserving_local_rewiring,lung,seed42_main,source_disjoint,11,11,0.0025481481481480772
H110,degree_preserving_local_rewiring,lung,seed42_main,source_disjoint,11,12,0.003970370370370402
H110,degree_preserving_local_rewiring,lung,seed42_main,source_disjoint,11,13,0.009007407407407353
H110,degree_preserving_local_rewiring,lung,seed42_main,source_disjoint,11,14,0.001777777777777656
H110,degree_preserving_local_rewiring,lung,seed42_main,source_disjoint,11,15,0.008118518518518303
H110,degree_preserving_local_rewiring,lung,seed42_main,source_disjoint,11,16,0.0013037037037036958
H110,degree_preserving_local_rewiring,lung,seed42_main,source_disjoint,11,17,0.003851851851851662
H110,degree_preserving_local_rewiring,lung,seed42_main,source_disjoint,11,18,0.004681481481481398
H110,degree_preserving_local_rewiring,lung,seed42_main,source_disjoint,11,19,-0.0042074074074074375
H110,degree_preserving_local_rewiring,lung,seed42_main,source_disjoint,11,20,0.0009481481481481424
H110,degree_preserving_local_rewiring,lung,seed42_main,source_disjoint,11,21,0.005866666666666687
H110,degree_preserving_local_rewiring,lung,seed42_main,source_disjoint,11,22,0.004385185185185159
H110,degree_preserving_local_rewiring,lung,seed42_main,source_disjoint,11,23,-5.9259259259425434e-05
H110,degree_preserving_local_rewiring,lung,seed42_main,source_disjoint,11,24,0.001777777777777545
H110,degree_preserving_local_rewiring,lung,seed42_main,source_disjoint,11,25,0.0014222222222221026
H110,degree_preserving_local_rewiring,lung,seed42_main,source_disjoint,11,26,0.0018962962962962848
H110,degree_preserving_local_rewiring,lung,seed42_main,source_disjoint,11,27,-0.002074074074074228
H110,degree_preserving_local_rewiring,lung,seed42_main,source_disjoint,11,28,0.0007703703703703102
H110,degree_preserving_local_rewiring,lung,seed42_main,source_disjoint,11,29,1.1102230246251565e-16
H110,degree_preserving_local_rewiring,lung,seed42_main,source_disjoint,11,30,-0.013333333333333308
H110,degree_preserving_local_rewiring,lung,seed42_main,source_disjoint,11,31,0.0006518518518517924
H110,degree_preserving_local_rewiring,lung,seed42_main,target_disjoint,7,0,-0.0021249999999999325
H110,degree_preserving_local_rewiring,lung,seed42_main,target_disjoint,7,1,-0.0028124999999999956
H110,degree_preserving_local_rewiring,lung,seed42_main,target_disjoint,7,2,0.001187500000000008
H110,degree_preserving_local_rewiring,lung,seed42_main,target_disjoint,7,3,0.0008750000000000702
H110,degree_preserving_local_rewiring,lung,seed42_main,target_disjoint,7,4,-0.01112499999999994
H110,degree_preserving_local_rewiring,lung,seed42_main,target_disjoint,7,5,0.004687500000000067
H110,degree_preserving_local_rewiring,lung,seed42_main,target_disjoint,7,6,0.006000000000000116
H110,degree_preserving_local_rewiring,lung,seed42_main,target_disjoint,7,7,-0.0063749999999999085
H110,degree_preserving_local_rewiring,lung,seed42_main,target_disjoint,7,8,0.0010625000000000773
H110,degree_preserving_local_rewiring,lung,seed42_main,target_disjoint,7,9,0.0045000000000000595
H110,degree_preserving_local_rewiring,lung,seed42_main,target_disjoint,7,10,0.0011250000000001537
H110,degree_preserving_local_rewiring,lung,seed42_main,target_disjoint,7,11,0.005437500000000095
H110,degree_preserving_local_rewiring,lung,seed42_main,target_disjoint,7,12,-0.0006249999999999867
H110,degree_preserving_local_rewiring,lung,seed42_main,target_disjoint,7,13,0.00550000000000006
H110,degree_preserving_local_rewiring,lung,seed42_main,target_disjoint,7,14,-0.0017499999999999183
H110,degree_preserving_local_rewiring,lung,seed42_main,target_disjoint,7,15,-0.0009374999999999245
H110,degree_preserving_local_rewiring,lung,seed42_main,target_disjoint,7,16,0.006125000000000158
H110,degree_preserving_local_rewiring,lung,seed42_main,target_disjoint,7,17,-0.001687499999999842
H110,degree_preserving_local_rewiring,lung,seed42_main,target_disjoint,7,18,0.0008750000000000702
H110,degree_preserving_local_rewiring,lung,seed42_main,target_disjoint,7,19,-0.001687499999999842
H110,degree_preserving_local_rewiring,lung,seed42_main,target_disjoint,7,20,-0.0005625000000000213
H110,degree_preserving_local_rewiring,lung,seed42_main,target_disjoint,7,21,-0.003874999999999962
H110,degree_preserving_local_rewiring,lung,seed42_main,target_disjoint,7,22,0.0
H110,degree_preserving_local_rewiring,lung,seed42_main,target_disjoint,7,23,0.0
H110,degree_preserving_local_rewiring,lung,seed42_main,target_disjoint,7,24,0.0005625000000000213
H110,degree_preserving_local_rewiring,lung,seed42_main,target_disjoint,7,25,-0.006749999999999812
H110,degree_preserving_local_rewiring,lung,seed42_main,target_disjoint,7,26,0.0
H110,degree_preserving_local_rewiring,lung,seed42_main,target_disjoint,7,27,-0.000687499999999952
H110,degree_preserving_local_rewiring,lung,seed42_main,target_disjoint,7,28,0.0073750000000001315
H110,degree_preserving_local_rewiring,lung,seed42_main,target_disjoint,7,29,-0.005062499999999859
H110,degree_preserving_local_rewiring,lung,seed42_main,target_disjoint,7,30,-0.00012499999999993072
H110,degree_preserving_local_rewiring,lung,seed42_main,target_disjoint,7,31,0.005812500000000109
H110,degree_preserving_local_rewiring,lung,seed42_main,target_disjoint,11,0,-0.0013125000000000497
H110,degree_preserving_local_rewiring,lung,seed42_main,target_disjoint,11,1,-0.0051875000000000115
H110,degree_preserving_local_rewiring,lung,seed42_main,target_disjoint,11,2,-0.0023125000000000506
H110,degree_preserving_local_rewiring,lung,seed42_main,target_disjoint,11,3,-0.004437500000000094
H110,degree_preserving_local_rewiring,lung,seed42_main,target_disjoint,11,4,0.004124999999999934
H110,degree_preserving_local_rewiring,lung,seed42_main,target_disjoint,11,5,-0.008562500000000028
H110,degree_preserving_local_rewiring,lung,seed42_main,target_disjoint,11,6,-0.009312499999999946
H110,degree_preserving_local_rewiring,lung,seed42_main,target_disjoint,11,7,-0.0034374999999999822
H110,degree_preserving_local_rewiring,lung,seed42_main,target_disjoint,11,8,-0.008062499999999972
H110,degree_preserving_local_rewiring,lung,seed42_main,target_disjoint,11,9,0.0024999999999999467
H110,degree_preserving_local_rewiring,lung,seed42_main,target_disjoint,11,10,-0.024562500000000154
H110,degree_preserving_local_rewiring,lung,seed42_main,target_disjoint,11,11,0.0009374999999999245
H110,degree_preserving_local_rewiring,lung,seed42_main,target_disjoint,11,12,-0.0008124999999999938
H110,degree_preserving_local_rewiring,lung,seed42_main,target_disjoint,11,13,-0.006125000000000047
H110,degree_preserving_local_rewiring,lung,seed42_main,target_disjoint,11,14,-0.0017500000000000293
H110,degree_preserving_local_rewiring,lung,seed42_main,target_disjoint,11,15,-0.008125000000000049
H110,degree_preserving_local_rewiring,lung,seed42_main,target_disjoint,11,16,-0.006000000000000116
H110,degree_preserving_local_rewiring,lung,seed42_main,target_disjoint,11,17,-0.010312500000000058
H110,degree_preserving_local_rewiring,lung,seed42_main,target_disjoint,11,18,-0.004312500000000052
H110,degree_preserving_local_rewiring,lung,seed42_main,target_disjoint,11,19,-0.0005625000000000213
H110,degree_preserving_local_rewiring,lung,seed42_main,target_disjoint,11,20,-0.003937500000000038
H110,degree_preserving_local_rewiring,lung,seed42_main,target_disjoint,11,21,-0.011750000000000038
H110,degree_preserving_local_rewiring,lung,seed42_main,target_disjoint,11,22,-0.008375000000000132
H110,degree_preserving_local_rewiring,lung,seed42_main,target_disjoint,11,23,0.0006249999999999867
H110,degree_preserving_local_rewiring,lung,seed42_main,target_disjoint,11,24,-0.00031250000000004885
H110,degree_preserving_local_rewiring,lung,seed42_main,target_disjoint,11,25,-0.014062500000000089
H110,degree_preserving_local_rewiring,lung,seed42_main,target_disjoint,11,26,-0.0063750000000000195
H110,degree_preserving_local_rewiring,lung,seed42_main,target_disjoint,11,27,-0.002187500000000009
H110,degree_preserving_local_rewiring,lung,seed42_main,target_disjoint,11,28,-0.01287500000000008
H110,degree_preserving_local_rewiring,lung,seed42_main,target_disjoint,11,29,-0.012625000000000108
H110,degree_preserving_local_rewiring,lung,seed42_main,target_disjoint,11,30,-0.01187500000000008
H110,degree_preserving_local_rewiring,lung,seed42_main,target_disjoint,11,31,-0.013250000000000206
H110,label_permutation,external_lung,seed42_main,source_disjoint,7,0,0.011786306562425963
H110,label_permutation,external_lung,seed42_main,source_disjoint,7,1,-0.004442075337597773
H110,label_permutation,external_lung,seed42_main,source_disjoint,7,2,0.018182895048566627
H110,label_permutation,external_lung,seed42_main,source_disjoint,7,3,0.047707889125799596
H110,label_permutation,external_lung,seed42_main,source_disjoint,7,4,0.015665719023928104
H110,label_permutation,external_lung,seed42_main,source_disjoint,7,5,0.022003079838900708
H110,label_permutation,external_lung,seed42_main,source_disjoint,7,6,0.019604359156597972
H110,label_permutation,external_lung,seed42_main,source_disjoint,7,7,0.03301942667614299
H110,label_permutation,external_lung,seed42_main,source_disjoint,7,8,0.030887230514096253
H110,label_permutation,external_lung,seed42_main,source_disjoint,7,9,0.009920634920634996
H110,label_permutation,external_lung,seed42_main,source_disjoint,7,10,-0.011608623548922115
H110,label_permutation,external_lung,seed42_main,source_disjoint,7,11,-0.0011845534233594357
H110,label_permutation,external_lung,seed42_main,source_disjoint,7,12,0.005715470267709133
H110,label_permutation,external_lung,seed42_main,source_disjoint,7,13,0.004294006159677899
H110,label_permutation,external_lung,seed42_main,source_disjoint,7,14,-0.013266998341625258
H110,label_permutation,external_lung,seed42_main,source_disjoint,7,15,0.004678986022269793
H110,label_permutation,external_lung,seed42_main,source_disjoint,7,16,-5.922767116794958e-05
H110,label_permutation,external_lung,seed42_main,source_disjoint,7,17,0.03257521914238337
H110,label_permutation,external_lung,seed42_main,source_disjoint,7,18,0.04003790570954757
H110,label_permutation,external_lung,seed42_main,source_disjoint,7,19,0.031272210376687815
H110,label_permutation,external_lung,seed42_main,source_disjoint,7,20,0.0016879886282871182
H110,label_permutation,external_lung,seed42_main,source_disjoint,7,21,0.01782752902155882
H110,label_permutation,external_lung,seed42_main,source_disjoint,7,22,0.02771855010660973
H110,label_permutation,external_lung,seed42_main,source_disjoint,7,23,0.016791044776119368
H110,label_permutation,external_lung,seed42_main,source_disjoint,7,24,0.004116323146173828
H110,label_permutation,external_lung,seed42_main,source_disjoint,7,25,0.02828121298270536
H110,label_permutation,external_lung,seed42_main,source_disjoint,7,26,-0.014421937929400719
H110,label_permutation,external_lung,seed42_main,source_disjoint,7,27,0.02760009476427394
H110,label_permutation,external_lung,seed42_main,source_disjoint,7,28,0.036721156124141174
H110,label_permutation,external_lung,seed42_main,source_disjoint,7,29,0.008054963278843807
H110,label_permutation,external_lung,seed42_main,source_disjoint,7,30,0.022773039564084274
H110,label_permutation,external_lung,seed42_main,source_disjoint,7,31,0.020670457237621398
H110,label_permutation,external_lung,seed42_main,source_disjoint,11,0,0.05881307746979392
H110,label_permutation,external_lung,seed42_main,source_disjoint,11,1,0.048981284055910845
H110,label_permutation,external_lung,seed42_main,source_disjoint,11,2,0.05046197583511025
H110,label_permutation,external_lung,seed42_main,source_disjoint,11,3,0.0740938166311298
H110,label_permutation,external_lung,seed42_main,source_disjoint,11,4,0.06769722814498924
H110,label_permutation,external_lung,seed42_main,source_disjoint,11,5,0.06097488746742463
H110,label_permutation,external_lung,seed42_main,source_disjoint,11,6,0.041104003790571
H110,label_permutation,external_lung,seed42_main,source_disjoint,11,7,0.04252546789860223
H110,label_permutation,external_lung,seed42_main,source_disjoint,11,8,0.04563492063492047
H110,label_permutation,external_lung,seed42_main,source_disjoint,11,9,0.06633499170812618
H110,label_permutation,external_lung,seed42_main,source_disjoint,11,10,0.0650912106135988
H110,label_permutation,external_lung,seed42_main,source_disjoint,11,11,0.04696754323619989
H110,label_permutation,external_lung,seed42_main,source_disjoint,11,12,0.04619758351101633
H110,label_permutation,external_lung,seed42_main,source_disjoint,11,13,0.052357261312485304
H110,label_permutation,external_lung,seed42_main,source_disjoint,11,14,0.07142857142857129
H110,label_permutation,external_lung,seed42_main,source_disjoint,11,15,0.030354181473584263
H110,label_permutation,external_lung,seed42_main,source_disjoint,11,16,0.041577825159914705
H110,label_permutation,external_lung,seed42_main,source_disjoint,11,17,0.00503435204927738
H110,label_permutation,external_lung,seed42_main,source_disjoint,11,18,0.0717839374555791
H110,label_permutation,external_lung,seed42_main,source_disjoint,11,19,0.08913764510779443
H110,label_permutation,external_lung,seed42_main,source_disjoint,11,20,0.09180289031035305
H110,label_permutation,external_lung,seed42_main,source_disjoint,11,21,0.06372897417673529
H110,label_permutation,external_lung,seed42_main,source_disjoint,11,22,0.07504145936981765
H110,label_permutation,external_lung,seed42_main,source_disjoint,11,23,0.0642027955460791
H110,label_permutation,external_lung,seed42_main,source_disjoint,11,24,0.10204927742241177
H110,label_permutation,external_lung,seed42_main,source_disjoint,11,25,0.015458422174839948
H110,label_permutation,external_lung,seed42_main,source_disjoint,11,26,0.05854655294953792
H110,label_permutation,external_lung,seed42_main,source_disjoint,11,27,0.0486851457000711
H110,label_permutation,external_lung,seed42_main,source_disjoint,11,28,0.03402629708599858
H110,label_permutation,external_lung,seed42_main,source_disjoint,11,29,0.052061122956645445
H110,label_permutation,external_lung,seed42_main,source_disjoint,11,30,0.05632551528073926
H110,label_permutation,external_lung,seed42_main,source_disjoint,11,31,0.054992892679459726
H110,label_permutation,external_lung,seed42_main,target_disjoint,7,0,0.04867683986864979
H110,label_permutation,external_lung,seed42_main,target_disjoint,7,1,0.02620565320970969
H110,label_permutation,external_lung,seed42_main,target_disjoint,7,2,0.04706715601055955
H110,label_permutation,external_lung,seed42_main,target_disjoint,7,3,0.028523597965359637
H110,label_permutation,external_lung,seed42_main,target_disjoint,7,4,0.02369454639108881
H110,label_permutation,external_lung,seed42_main,target_disjoint,7,5,0.0408859699954931
H110,label_permutation,external_lung,seed42_main,target_disjoint,7,6,0.05546970574979071
H110,label_permutation,external_lung,seed42_main,target_disjoint,7,7,0.055244350009658216
H110,label_permutation,external_lung,seed42_main,target_disjoint,7,8,0.03805292640525415
H110,label_permutation,external_lung,seed42_main,target_disjoint,7,9,0.045264310089498494
H110,label_permutation,external_lung,seed42_main,target_disjoint,7,10,0.02446719464297198
H110,label_permutation,external_lung,seed42_main,target_disjoint,7,11,0.045779408924087495
H110,label_permutation,external_lung,seed42_main,target_disjoint,7,12,0.042881977979524755
H110,label_permutation,external_lung,seed42_main,target_disjoint,7,13,0.06316399459146216
H110,label_permutation,external_lung,seed42_main,target_disjoint,7,14,0.05002897430944553
H110,label_permutation,external_lung,seed42_main,target_disjoint,7,15,0.06541755199278843
H110,label_permutation,external_lung,seed42_main,target_disjoint,7,16,0.06934518060652872
H110,label_permutation,external_lung,seed42_main,target_disjoint,7,17,0.04880561457729693
H110,label_permutation,external_lung,seed42_main,target_disjoint,7,18,0.0499001996007985
H110,label_permutation,external_lung,seed42_main,target_disjoint,7,19,0.0386324125941665
H110,label_permutation,external_lung,seed42_main,target_disjoint,7,20,0.05131672139591792
H110,label_permutation,external_lung,seed42_main,target_disjoint,7,21,0.08730925246281629
H110,label_permutation,external_lung,seed42_main,target_disjoint,7,22,0.05588822355289402
H110,label_permutation,external_lung,seed42_main,target_disjoint,7,23,0.07005344150408854
H110,label_permutation,external_lung,seed42_main,target_disjoint,7,24,0.06348593136308034
H110,label_permutation,external_lung,seed42_main,target_disjoint,7,25,0.05395660292318594
H110,label_permutation,external_lung,seed42_main,target_disjoint,7,26,0.06445174167793433
H110,label_permutation,external_lung,seed42_main,target_disjoint,7,27,0.06857253235464544
H110,label_permutation,external_lung,seed42_main,target_disjoint,7,28,0.0500933616637691
H110,label_permutation,external_lung,seed42_main,target_disjoint,7,29,0.04938510076620961
H110,label_permutation,external_lung,seed42_main,target_disjoint,7,30,0.042946365333848324
H110,label_permutation,external_lung,seed42_main,target_disjoint,7,31,0.0643229669692873
H110,label_permutation,external_lung,seed42_main,target_disjoint,11,0,0.04507114802652756
H110,label_permutation,external_lung,seed42_main,target_disjoint,11,1,0.0031549803618569072
H110,label_permutation,external_lung,seed42_main,target_disjoint,11,2,0.0878243512974054
H110,label_permutation,external_lung,seed42_main,target_disjoint,11,3,0.014937866203077688
H110,label_permutation,external_lung,seed42_main,target_disjoint,11,4,0.03502672075204416
H110,label_permutation,external_lung,seed42_main,target_disjoint,11,5,0.062165990599446164
H110,label_permutation,external_lung,seed42_main,target_disjoint,11,6,0.07072950872448647
H110,label_permutation,external_lung,seed42_main,target_disjoint,11,7,0.0669628484965552
H110,label_permutation,external_lung,seed42_main,target_disjoint,11,8,0.04387998197154086
H110,label_permutation,external_lung,seed42_main,target_disjoint,11,9,0.04114351941278738
H110,label_permutation,external_lung,seed42_main,target_disjoint,11,10,0.031099092138304085
H110,label_permutation,external_lung,seed42_main,target_disjoint,11,11,0.08821067542334682
H110,label_permutation,external_lung,seed42_main,target_disjoint,11,12,0.04887000193162061
H110,label_permutation,external_lung,seed42_main,target_disjoint,11,13,0.0606528877728415
H110,label_permutation,external_lung,seed42_main,target_disjoint,11,14,0.02427403258000127
H110,label_permutation,external_lung,seed42_main,target_disjoint,11,15,0.03637885519284023
H110,label_permutation,external_lung,seed42_main,target_disjoint,11,16,0.039759191294829854
H110,label_permutation,external_lung,seed42_main,target_disjoint,11,17,0.06103921189878314
H110,label_permutation,external_lung,seed42_main,target_disjoint,11,18,0.0618762475049901
H110,label_permutation,external_lung,seed42_main,target_disjoint,11,19,0.05212156332496298
H110,label_permutation,external_lung,seed42_main,target_disjoint,11,20,0.0594295280406929
H110,label_permutation,external_lung,seed42_main,target_disjoint,11,21,0.056016998261541495
H110,label_permutation,external_lung,seed42_main,target_disjoint,11,22,0.08917648573820114
H110,label_permutation,external_lung,seed42_main,target_disjoint,11,23,0.043719013585731714
H110,label_permutation,external_lung,seed42_main,target_disjoint,11,24,0.04471701757774782
H110,label_permutation,external_lung,seed42_main,target_disjoint,11,25,0.02775094971347636
H110,label_permutation,external_lung,seed42_main,target_disjoint,11,26,0.07095486446461907
H110,label_permutation,external_lung,seed42_main,target_disjoint,11,27,0.03579936900392755
H110,label_permutation,external_lung,seed42_main,target_disjoint,11,28,0.056145772970188745
H110,label_permutation,external_lung,seed42_main,target_disjoint,11,29,0.04230249179061252
H110,label_permutation,external_lung,seed42_main,target_disjoint,11,30,0.0320005150988345
H110,label_permutation,external_lung,seed42_main,target_disjoint,11,31,0.06155431073337203
H110,label_permutation,immune,seed42_main,source_disjoint,7,0,0.03459821428571441
H110,label_permutation,immune,seed42_main,source_disjoint,7,1,0.033482142857142905
H110,label_permutation,immune,seed42_main,source_disjoint,7,2,0.009885204081632626
H110,label_permutation,immune,seed42_main,source_disjoint,7,3,-0.003985969387755195
H110,label_permutation,immune,seed42_main,source_disjoint,7,4,0.007653061224489721
H110,label_permutation,immune,seed42_main,source_disjoint,7,5,0.008928571428571508
H110,label_permutation,immune,seed42_main,source_disjoint,7,6,0.020089285714285587
H110,label_permutation,immune,seed42_main,source_disjoint,7,7,0.026586415816326592
H110,label_permutation,immune,seed42_main,source_disjoint,7,8,-0.030133928571428492
H110,label_permutation,immune,seed42_main,source_disjoint,7,9,-0.0033482142857143016
H110,label_permutation,immune,seed42_main,source_disjoint,7,10,0.026227678571428714
H110,label_permutation,immune,seed42_main,source_disjoint,7,11,-0.02853954081632648
H110,label_permutation,immune,seed42_main,source_disjoint,7,12,-0.01913265306122447
H110,label_permutation,immune,seed42_main,source_disjoint,7,13,-0.005739795918367374
H110,label_permutation,immune,seed42_main,source_disjoint,7,14,0.0001594387755100568
H110,label_permutation,immune,seed42_main,source_disjoint,7,15,0.019610969387755084
H110,label_permutation,immune,seed42_main,source_disjoint,7,16,0.025111607142857206
H110,label_permutation,immune,seed42_main,source_disjoint,7,17,0.015625
H110,label_permutation,immune,seed42_main,source_disjoint,7,18,0.009247448979591733
H110,label_permutation,immune,seed42_main,source_disjoint,7,19,-0.010124362244897989
H110,label_permutation,immune,seed42_main,source_disjoint,7,20,0.04065688775510212
H110,label_permutation,immune,seed42_main,source_disjoint,7,21,0.02248086734693866
H110,label_permutation,immune,seed42_main,source_disjoint,7,22,0.010044642857142905
H110,label_permutation,immune,seed42_main,source_disjoint,7,23,-0.015385841836734748
H110,label_permutation,immune,seed42_main,source_disjoint,7,24,-0.01251594387755095
H110,label_permutation,immune,seed42_main,source_disjoint,7,25,-0.020487882653061118
H110,label_permutation,immune,seed42_main,source_disjoint,7,26,0.04328762755102045
H110,label_permutation,immune,seed42_main,source_disjoint,7,27,0.007971938775510279
H110,label_permutation,immune,seed42_main,source_disjoint,7,28,-0.012276785714285698
H110,label_permutation,immune,seed42_main,source_disjoint,7,29,-0.009406887755102122
H110,label_permutation,immune,seed42_main,source_disjoint,7,30,0.007413903061224358
H110,label_permutation,immune,seed42_main,source_disjoint,7,31,-0.001833545918367263
H110,label_permutation,immune,seed42_main,source_disjoint,11,0,0.035235969387755084
H110,label_permutation,immune,seed42_main,source_disjoint,11,1,0.04141422193877553
H110,label_permutation,immune,seed42_main,source_disjoint,11,2,0.019610969387755195
H110,label_permutation,immune,seed42_main,source_disjoint,11,3,0.05835459183673475
H110,label_permutation,immune,seed42_main,source_disjoint,11,4,0.021803252551020447
H110,label_permutation,immune,seed42_main,source_disjoint,11,5,0.060666454081632626
H110,label_permutation,immune,seed42_main,source_disjoint,11,6,0.02479272959183665
H110,label_permutation,immune,seed42_main,source_disjoint,11,7,0.02610809948979609
H110,label_permutation,immune,seed42_main,source_disjoint,11,8,0.03515625
H110,label_permutation,immune,seed42_main,source_disjoint,11,9,0.05181760204081631
H110,label_permutation,immune,seed42_main,source_disjoint,11,10,0.026825573979591844
H110,label_permutation,immune,seed42_main,source_disjoint,11,11,0.050063775510204134
H110,label_permutation,immune,seed42_main,source_disjoint,11,12,0.01171875
H110,label_permutation,immune,seed42_main,source_disjoint,11,13,0.05157844387755117
H110,label_permutation,immune,seed42_main,source_disjoint,11,14,0.0680803571428572
H110,label_permutation,immune,seed42_main,source_disjoint,11,15,0.019610969387755084
H110,label_permutation,immune,seed42_main,source_disjoint,11,16,0.045041454081632626
H110,label_permutation,immune,seed42_main,source_disjoint,11,17,0.046396683673469274
H110,label_permutation,immune,seed42_main,source_disjoint,11,18,0.0440848214285714
H110,label_permutation,immune,seed42_main,source_disjoint,11,19,0.0035873724489795533
H110,label_permutation,immune,seed42_main,source_disjoint,11,20,0.047751913265306256
H110,label_permutation,immune,seed42_main,source_disjoint,11,21,0.04791135204081631
H110,label_permutation,immune,seed42_main,source_disjoint,11,22,-0.004663584183673519
H110,label_permutation,immune,seed42_main,source_disjoint,11,23,-0.001036352040816202
H110,label_permutation,immune,seed42_main,source_disjoint,11,24,0.02459343112244905
H110,label_permutation,immune,seed42_main,source_disjoint,11,25,0.02634725765306123
H110,label_permutation,immune,seed42_main,source_disjoint,11,26,0.03515625
H110,label_permutation,immune,seed42_main,source_disjoint,11,27,0.006058673469387599
H110,label_permutation,immune,seed42_main,source_disjoint,11,28,0.02734375000000011
H110,label_permutation,immune,seed42_main,source_disjoint,11,29,0.1092952806122448
H110,label_permutation,immune,seed42_main,source_disjoint,11,30,-0.02670599489795933
H110,label_permutation,immune,seed42_main,source_disjoint,11,31,0.05699936224489799
H110,label_permutation,immune,seed42_main,target_disjoint,7,0,0.023716517857142794
H110,label_permutation,immune,seed42_main,target_disjoint,7,1,-0.040338010204081676
H110,label_permutation,immune,seed42_main,target_disjoint,7,2,-0.023995535714285587
H110,label_permutation,immune,seed42_main,target_disjoint,7,3,0.005580357142857206
H110,label_permutation,immune,seed42_main,target_disjoint,7,4,0.008131377551020558
H110,label_permutation,immune,seed42_main,target_disjoint,7,5,0.060546875
H110,label_permutation,immune,seed42_main,target_disjoint,7,6,0.005620216836734748
H110,label_permutation,immune,seed42_main,target_disjoint,7,7,-0.011399872448979664
H110,label_permutation,immune,seed42_main,target_disjoint,7,8,0.001036352040816313
H110,label_permutation,immune,seed42_main,target_disjoint,7,9,0.04272959183673475
H110,label_permutation,immune,seed42_main,target_disjoint,7,10,0.02989477040816324
H110,label_permutation,immune,seed42_main,target_disjoint,7,11,0.022002551020408156
H110,label_permutation,immune,seed42_main,target_disjoint,7,12,-0.011878188775510057
H110,label_permutation,immune,seed42_main,target_disjoint,7,13,-0.01741868622448972
H110,label_permutation,immune,seed42_main,target_disjoint,7,14,0.015106823979591844
H110,label_permutation,immune,seed42_main,target_disjoint,7,15,0.03786670918367341
H110,label_permutation,immune,seed42_main,target_disjoint,7,16,-0.0013552295918367596
H110,label_permutation,immune,seed42_main,target_disjoint,7,17,0.019810267857142794
H110,label_permutation,immune,seed42_main,target_disjoint,7,18,0.0053411989795919546
H110,label_permutation,immune,seed42_main,target_disjoint,7,19,0.013711734693877542
H110,label_permutation,immune,seed42_main,target_disjoint,7,20,-0.00956632653061229
H110,label_permutation,immune,seed42_main,target_disjoint,7,21,0.022441007653061118
H110,label_permutation,immune,seed42_main,target_disjoint,7,22,-0.012276785714285587
H110,label_permutation,immune,seed42_main,target_disjoint,7,23,0.040338010204081454
H110,label_permutation,immune,seed42_main,target_disjoint,7,24,0.007374043367346816
H110,label_permutation,immune,seed42_main,target_disjoint,7,25,0.009845344387755195
H110,label_permutation,immune,seed42_main,target_disjoint,7,26,0.006536989795918546
H110,label_permutation,immune,seed42_main,target_disjoint,7,27,-0.0006377551020408934
H110,label_permutation,immune,seed42_main,target_disjoint,7,28,-0.02248086734693877
H110,label_permutation,immune,seed42_main,target_disjoint,7,29,0.04193239795918369
H110,label_permutation,immune,seed42_main,target_disjoint,7,30,0.024274553571428603
H110,label_permutation,immune,seed42_main,target_disjoint,7,31,0.024633290816326592
H110,label_permutation,immune,seed42_main,target_disjoint,11,0,0.03109056122448972
H110,label_permutation,immune,seed42_main,target_disjoint,11,1,0.015545280612244916
H110,label_permutation,immune,seed42_main,target_disjoint,11,2,0.027503188775510057
H110,label_permutation,immune,seed42_main,target_disjoint,11,3,0.059869260204081676
H110,label_permutation,immune,seed42_main,target_disjoint,11,4,0.10809948979591832
H110,label_permutation,immune,seed42_main,target_disjoint,11,5,-0.018654336734693744
H110,label_permutation,immune,seed42_main,target_disjoint,11,6,0.020647321428571508
H110,label_permutation,immune,seed42_main,target_disjoint,11,7,0.0340401785714286
H110,label_permutation,immune,seed42_main,target_disjoint,11,8,-0.04555963010204089
H110,label_permutation,immune,seed42_main,target_disjoint,11,9,-0.01873405612244905
H110,label_permutation,immune,seed42_main,target_disjoint,11,10,-0.032525510204081565
H110,label_permutation,immune,seed42_main,target_disjoint,11,11,0.01953125
H110,label_permutation,immune,seed42_main,target_disjoint,11,12,0.007453762755102122
H110,label_permutation,immune,seed42_main,target_disjoint,11,13,-0.010443239795918435
H110,label_permutation,immune,seed42_main,target_disjoint,11,14,-0.008450255102040671
H110,label_permutation,immune,seed42_main,target_disjoint,11,15,0.0343191964285714
H110,label_permutation,immune,seed42_main,target_disjoint,11,16,0.020248724489795977
H110,label_permutation,immune,seed42_main,target_disjoint,11,17,-0.008131377551020447
H110,label_permutation,immune,seed42_main,target_disjoint,11,18,-0.020169005102040782
H110,label_permutation,immune,seed42_main,target_disjoint,11,19,0.03918207908163274
H110,label_permutation,immune,seed42_main,target_disjoint,11,20,-0.004663584183673519
H110,label_permutation,immune,seed42_main,target_disjoint,11,21,0.004065688775510279
H110,label_permutation,immune,seed42_main,target_disjoint,11,22,0.01307397959183676
H110,label_permutation,immune,seed42_main,target_disjoint,11,23,0.014349489795918435
H110,label_permutation,immune,seed42_main,target_disjoint,11,24,0.022201849489795977
H110,label_permutation,immune,seed42_main,target_disjoint,11,25,-0.0021922831632653628
H110,label_permutation,immune,seed42_main,target_disjoint,11,26,-0.003109056122448939
H110,label_permutation,immune,seed42_main,target_disjoint,11,27,-0.02869897959183676
H110,label_permutation,immune,seed42_main,target_disjoint,11,28,-0.007493622448979553
H110,label_permutation,immune,seed42_main,target_disjoint,11,29,-0.0007573341836734082
H110,label_permutation,immune,seed42_main,target_disjoint,11,30,0.03595344387755106
H110,label_permutation,immune,seed42_main,target_disjoint,11,31,0.036591198979591844
H110,label_permutation,lung,seed42_main,source_disjoint,7,0,0.017718518518518467
H110,label_permutation,lung,seed42_main,source_disjoint,7,1,0.009955555555555606
H110,label_permutation,lung,seed42_main,source_disjoint,7,2,0.012859259259259237
H110,label_permutation,lung,seed42_main,source_disjoint,7,3,0.03715555555555561
H110,label_permutation,lung,seed42_main,source_disjoint,7,4,0.013037037037036958
H110,label_permutation,lung,seed42_main,source_disjoint,7,5,0.021659259259259156
H110,label_permutation,lung,seed42_main,source_disjoint,7,6,0.017896296296296188
H110,label_permutation,lung,seed42_main,source_disjoint,7,7,-0.003466666666666618
H110,label_permutation,lung,seed42_main,source_disjoint,7,8,0.011170370370370497
H110,label_permutation,lung,seed42_main,source_disjoint,7,9,0.04041481481481468
H110,label_permutation,lung,seed42_main,source_disjoint,7,10,0.02613333333333323
H110,label_permutation,lung,seed42_main,source_disjoint,7,11,0.01748148148148132
H110,label_permutation,lung,seed42_main,source_disjoint,7,12,0.008029629629629609
H110,label_permutation,lung,seed42_main,source_disjoint,7,13,-0.0005333333333333856
H110,label_permutation,lung,seed42_main,source_disjoint,7,14,0.02477037037037033
H110,label_permutation,lung,seed42_main,source_disjoint,7,15,-0.016207407407407448
H110,label_permutation,lung,seed42_main,source_disjoint,7,16,-0.0035259259259258213
H110,label_permutation,lung,seed42_main,source_disjoint,7,17,-0.009600000000000053
H110,label_permutation,lung,seed42_main,source_disjoint,7,18,0.006666666666666599
H110,label_permutation,lung,seed42_main,source_disjoint,7,19,0.008770370370370428
H110,label_permutation,lung,seed42_main,source_disjoint,7,20,-0.002962962962962834
H110,label_permutation,lung,seed42_main,source_disjoint,7,21,-0.0035259259259257103
H110,label_permutation,lung,seed42_main,source_disjoint,7,22,0.0056888888888888545
H110,label_permutation,lung,seed42_main,source_disjoint,7,23,-0.029985185185185115
H110,label_permutation,lung,seed42_main,source_disjoint,7,24,-0.01078518518518512
H110,label_permutation,lung,seed42_main,source_disjoint,7,25,-0.008325925925925959
H110,label_permutation,lung,seed42_main,source_disjoint,7,26,-0.015733333333333377
H110,label_permutation,lung,seed42_main,source_disjoint,7,27,0.027703703703703675
H110,label_permutation,lung,seed42_main,source_disjoint,7,28,0.015881481481481496
H110,label_permutation,lung,seed42_main,source_disjoint,7,29,0.011911111111111095
H110,label_permutation,lung,seed42_main,source_disjoint,7,30,0.011437037037037023
H110,label_permutation,lung,seed42_main,source_disjoint,7,31,0.008888888888888835
H110,label_permutation,lung,seed42_main,source_disjoint,11,0,-0.02687407407407405
H110,label_permutation,lung,seed42_main,source_disjoint,11,1,-0.0056888888888889655
H110,label_permutation,lung,seed42_main,source_disjoint,11,2,0.008859259259259233
H110,label_permutation,lung,seed42_main,source_disjoint,11,3,-0.004829629629629517
H110,label_permutation,lung,seed42_main,source_disjoint,11,4,0.002962962962963056
H110,label_permutation,lung,seed42_main,source_disjoint,11,5,0.013896296296296295
H110,label_permutation,lung,seed42_main,source_disjoint,11,6,-0.014518518518518486
H110,label_permutation,lung,seed42_main,source_disjoint,11,7,-0.0020148148148148026
H110,label_permutation,lung,seed42_main,source_disjoint,11,8,-0.014459259259259283
H110,label_permutation,lung,seed42_main,source_disjoint,11,9,0.020385185185185062
H110,label_permutation,lung,seed42_main,source_disjoint,11,10,-0.007377777777777816
H110,label_permutation,lung,seed42_main,source_disjoint,11,11,-0.011348148148147996
H110,label_permutation,lung,seed42_main,source_disjoint,11,12,0.04008888888888906
H110,label_permutation,lung,seed42_main,source_disjoint,11,13,0.00651851851851859
H110,label_permutation,lung,seed42_main,source_disjoint,11,14,-0.014518518518518597
H110,label_permutation,lung,seed42_main,source_disjoint,11,15,-0.002488888888888763
H110,label_permutation,lung,seed42_main,source_disjoint,11,16,-0.012800000000000034
H110,label_permutation,lung,seed42_main,source_disjoint,11,17,-0.012651851851851692
H110,label_permutation,lung,seed42_main,source_disjoint,11,18,0.002459259259259161
H110,label_permutation,lung,seed42_main,source_disjoint,11,19,0.019555555555555437
H110,label_permutation,lung,seed42_main,source_disjoint,11,20,0.02020740740740745
H110,label_permutation,lung,seed42_main,source_disjoint,11,21,0.00029629629629635
H110,label_permutation,lung,seed42_main,source_disjoint,11,22,-0.0023999999999998467
H110,label_permutation,lung,seed42_main,source_disjoint,11,23,0.012859259259259348
H110,label_permutation,lung,seed42_main,source_disjoint,11,24,-0.010488888888888659
H110,label_permutation,lung,seed42_main,source_disjoint,11,25,-0.027851851851851905
H110,label_permutation,lung,seed42_main,source_disjoint,11,26,-0.01682962962962975
H110,label_permutation,lung,seed42_main,source_disjoint,11,27,0.0004740740740740712
H110,label_permutation,lung,seed42_main,source_disjoint,11,28,0.011614814814814745
H110,label_permutation,lung,seed42_main,source_disjoint,11,29,0.03413333333333335
H110,label_permutation,lung,seed42_main,source_disjoint,11,30,-0.011051851851851868
H110,label_permutation,lung,seed42_main,source_disjoint,11,31,-0.006903703703703634
H110,label_permutation,lung,seed42_main,target_disjoint,7,0,0.013781250000000078
H110,label_permutation,lung,seed42_main,target_disjoint,7,1,-0.005187500000000123
H110,label_permutation,lung,seed42_main,target_disjoint,7,2,0.0029375000000000373
H110,label_permutation,lung,seed42_main,target_disjoint,7,3,0.012687499999999852
H110,label_permutation,lung,seed42_main,target_disjoint,7,4,0.04437500000000005
H110,label_permutation,lung,seed42_main,target_disjoint,7,5,0.01940625000000007
H110,label_permutation,lung,seed42_main,target_disjoint,7,6,0.01112499999999994
H110,label_permutation,lung,seed42_main,target_disjoint,7,7,-0.00965624999999981
H110,label_permutation,lung,seed42_main,target_disjoint,7,8,0.029187500000000144
H110,label_permutation,lung,seed42_main,target_disjoint,7,9,0.0075625000000001386
H110,label_permutation,lung,seed42_main,target_disjoint,7,10,0.030624999999999902
H110,label_permutation,lung,seed42_main,target_disjoint,7,11,0.028000000000000025
H110,label_permutation,lung,seed42_main,target_disjoint,7,12,-0.022062500000000096
H110,label_permutation,lung,seed42_main,target_disjoint,7,13,0.026437500000000114
H110,label_permutation,lung,seed42_main,target_disjoint,7,14,0.020031250000000056
H110,label_permutation,lung,seed42_main,target_disjoint,7,15,0.02490625000000013
H110,label_permutation,lung,seed42_main,target_disjoint,7,16,0.0035000000000000586
H110,label_permutation,lung,seed42_main,target_disjoint,7,17,0.0007500000000000284
H110,label_permutation,lung,seed42_main,target_disjoint,7,18,0.02462500000000012
H110,label_permutation,lung,seed42_main,target_disjoint,7,19,0.02100000000000002
H110,label_permutation,lung,seed42_main,target_disjoint,7,20,0.005093750000000008
H110,label_permutation,lung,seed42_main,target_disjoint,7,21,0.028125000000000067
H110,label_permutation,lung,seed42_main,target_disjoint,7,22,0.027312499999999962
H110,label_permutation,lung,seed42_main,target_disjoint,7,23,0.04799999999999982
H110,label_permutation,lung,seed42_main,target_disjoint,7,24,0.028124999999999956
H110,label_permutation,lung,seed42_main,target_disjoint,7,25,0.004812499999999997
H110,label_permutation,lung,seed42_main,target_disjoint,7,26,0.004187500000000011
H110,label_permutation,lung,seed42_main,target_disjoint,7,27,0.006124999999999936
H110,label_permutation,lung,seed42_main,target_disjoint,7,28,0.030937500000000062
H110,label_permutation,lung,seed42_main,target_disjoint,7,29,0.022062499999999985
H110,label_permutation,lung,seed42_main,target_disjoint,7,30,0.017249999999999988
H110,label_permutation,lung,seed42_main,target_disjoint,7,31,0.0270625000000001
H110,label_permutation,lung,seed42_main,target_disjoint,11,0,0.04343750000000002
H110,label_permutation,lung,seed42_main,target_disjoint,11,1,0.013343749999999988
H110,label_permutation,lung,seed42_main,target_disjoint,11,2,0.0339687500000001
H110,label_permutation,lung,seed42_main,target_disjoint,11,3,-0.005499999999999838
H110,label_permutation,lung,seed42_main,target_disjoint,11,4,0.01806249999999998
H110,label_permutation,lung,seed42_main,target_disjoint,11,5,-0.0067187499999999956
H110,label_permutation,lung,seed42_main,target_disjoint,11,6,0.005937499999999818
H110,label_permutation,lung,seed42_main,target_disjoint,11,7,0.028187500000000032
H110,label_permutation,lung,seed42_main,target_disjoint,11,8,0.014249999999999985
H110,label_permutation,lung,seed42_main,target_disjoint,11,9,0.008031250000000045
H110,label_permutation,lung,seed42_main,target_disjoint,11,10,0.02081250000000001
H110,label_permutation,lung,seed42_main,target_disjoint,11,11,0.026124999999999954
H110,label_permutation,lung,seed42_main,target_disjoint,11,12,0.0244375
H110,label_permutation,lung,seed42_main,target_disjoint,11,13,0.03437499999999993
H110,label_permutation,lung,seed42_main,target_disjoint,11,14,0.029750000000000054
H110,label_permutation,lung,seed42_main,target_disjoint,11,15,0.007937500000000042
H110,label_permutation,lung,seed42_main,target_disjoint,11,16,0.008875000000000077
H110,label_permutation,lung,seed42_main,target_disjoint,11,17,0.008312500000000056
H110,label_permutation,lung,seed42_main,target_disjoint,11,18,0.027249999999999996
H110,label_permutation,lung,seed42_main,target_disjoint,11,19,0.034499999999999975
H110,label_permutation,lung,seed42_main,target_disjoint,11,20,0.0053437499999998694
H110,label_permutation,lung,seed42_main,target_disjoint,11,21,0.0060312499999999325
H110,label_permutation,lung,seed42_main,target_disjoint,11,22,0.008624999999999994
H110,label_permutation,lung,seed42_main,target_disjoint,11,23,0.03543750000000001
H110,label_permutation,lung,seed42_main,target_disjoint,11,24,0.046937499999999965
H110,label_permutation,lung,seed42_main,target_disjoint,11,25,-0.0068749999999999645
H110,label_permutation,lung,seed42_main,target_disjoint,11,26,0.00896874999999997
H110,label_permutation,lung,seed42_main,target_disjoint,11,27,0.006812499999999999
H110,label_permutation,lung,seed42_main,target_disjoint,11,28,0.05812499999999998
H110,label_permutation,lung,seed42_main,target_disjoint,11,29,0.054031249999999864
H110,label_permutation,lung,seed42_main,target_disjoint,11,30,0.038843749999999955
H110,label_permutation,lung,seed42_main,target_disjoint,11,31,0.031124999999999958
H110,perturbation_schedule_permutation,external_lung,seed42_main,source_disjoint,7,0,0.0019545131485430023
H110,perturbation_schedule_permutation,external_lung,seed42_main,source_disjoint,7,1,0.00272447287372668
H110,perturbation_schedule_permutation,external_lung,seed42_main,source_disjoint,7,2,0.009180289031035183
H110,perturbation_schedule_permutation,external_lung,seed42_main,source_disjoint,7,3,0.0023691068467187604
H110,perturbation_schedule_permutation,external_lung,seed42_main,source_disjoint,7,4,0.004086709310589964
H110,perturbation_schedule_permutation,external_lung,seed42_main,source_disjoint,7,5,0.002132196162046962
H110,perturbation_schedule_permutation,external_lung,seed42_main,source_disjoint,7,6,0.006100450130300916
H110,perturbation_schedule_permutation,external_lung,seed42_main,source_disjoint,7,7,0.001421464108031234
H110,perturbation_schedule_permutation,external_lung,seed42_main,source_disjoint,7,8,0.0036128879412461457
H110,perturbation_schedule_permutation,external_lung,seed42_main,source_disjoint,7,9,0.001006870409855476
H110,perturbation_schedule_permutation,external_lung,seed42_main,source_disjoint,7,10,0.010364842454394618
H110,perturbation_schedule_permutation,external_lung,seed42_main,source_disjoint,7,11,-0.009831793413882961
H110,perturbation_schedule_permutation,external_lung,seed42_main,source_disjoint,7,12,0.0049158967069414805
H110,perturbation_schedule_permutation,external_lung,seed42_main,source_disjoint,7,13,0.008054963278843918
H110,perturbation_schedule_permutation,external_lung,seed42_main,source_disjoint,7,14,0.002250651504382861
H110,perturbation_schedule_permutation,external_lung,seed42_main,source_disjoint,7,15,-0.0018952854773750527
H110,perturbation_schedule_permutation,external_lung,seed42_main,source_disjoint,7,16,0.004145936981757803
H110,perturbation_schedule_permutation,external_lung,seed42_main,source_disjoint,7,17,0.009061833688699394
H110,perturbation_schedule_permutation,external_lung,seed42_main,source_disjoint,7,18,0.002842928216062579
H110,perturbation_schedule_permutation,external_lung,seed42_main,source_disjoint,7,19,0.0010660980810234255
H110,perturbation_schedule_permutation,external_lung,seed42_main,source_disjoint,7,20,-0.006455816157308725
H110,perturbation_schedule_permutation,external_lung,seed42_main,source_disjoint,7,21,0.0033167495854063977
H110,perturbation_schedule_permutation,external_lung,seed42_main,source_disjoint,7,22,0.006218905472636926
H110,perturbation_schedule_permutation,external_lung,seed42_main,source_disjoint,7,23,0.0026060175313906697
H110,perturbation_schedule_permutation,external_lung,seed42_main,source_disjoint,7,24,0.003139066571902438
H110,perturbation_schedule_permutation,external_lung,seed42_main,source_disjoint,7,25,0.005981994787964906
H110,perturbation_schedule_permutation,external_lung,seed42_main,source_disjoint,7,26,-5.922767116794958e-05
H110,perturbation_schedule_permutation,external_lung,seed42_main,source_disjoint,7,27,-0.0075811419095001
H110,perturbation_schedule_permutation,external_lung,seed42_main,source_disjoint,7,28,0.009535655058043213
H110,perturbation_schedule_permutation,external_lung,seed42_main,source_disjoint,7,29,-0.000710732054015617
H110,perturbation_schedule_permutation,external_lung,seed42_main,source_disjoint,7,30,0.008706467661691586
H110,perturbation_schedule_permutation,external_lung,seed42_main,source_disjoint,7,31,0.004678986022269571
H110,perturbation_schedule_permutation,external_lung,seed42_main,source_disjoint,11,0,-0.004145936981757692
H110,perturbation_schedule_permutation,external_lung,seed42_main,source_disjoint,11,1,-0.004323619995261763
H110,perturbation_schedule_permutation,external_lung,seed42_main,source_disjoint,11,2,-0.008706467661691475
H110,perturbation_schedule_permutation,external_lung,seed42_main,source_disjoint,11,3,-0.0077588249230039485
H110,perturbation_schedule_permutation,external_lung,seed42_main,source_disjoint,11,4,-0.005330490405117239
H110,perturbation_schedule_permutation,external_lung,seed42_main,source_disjoint,11,5,-0.0066334991708126845
H110,perturbation_schedule_permutation,external_lung,seed42_main,source_disjoint,11,6,-0.005152807391613279
H110,perturbation_schedule_permutation,external_lung,seed42_main,source_disjoint,11,7,-0.0036128879412460346
H110,perturbation_schedule_permutation,external_lung,seed42_main,source_disjoint,11,8,-0.008647239990523525
H110,perturbation_schedule_permutation,external_lung,seed42_main,source_disjoint,11,9,-0.013148542999289248
H110,perturbation_schedule_permutation,external_lung,seed42_main,source_disjoint,11,10,-0.004086709310589853
H110,perturbation_schedule_permutation,external_lung,seed42_main,source_disjoint,11,11,-0.015399194503672109
H110,perturbation_schedule_permutation,external_lung,seed42_main,source_disjoint,11,12,-0.003968253968253954
H110,perturbation_schedule_permutation,external_lung,seed42_main,source_disjoint,11,13,-0.006100450130300805
H110,perturbation_schedule_permutation,external_lung,seed42_main,source_disjoint,11,14,-0.010483297796730628
H110,perturbation_schedule_permutation,external_lung,seed42_main,source_disjoint,11,15,-0.019248993129590053
H110,perturbation_schedule_permutation,external_lung,seed42_main,source_disjoint,11,16,-0.0073442312248281905
H110,perturbation_schedule_permutation,external_lung,seed42_main,source_disjoint,11,17,-0.01000947642738681
H110,perturbation_schedule_permutation,external_lung,seed42_main,source_disjoint,11,18,-0.005567401089789148
H110,perturbation_schedule_permutation,external_lung,seed42_main,source_disjoint,11,19,-0.006811182184316422
H110,perturbation_schedule_permutation,external_lung,seed42_main,source_disjoint,11,20,-0.010720208481402427
H110,perturbation_schedule_permutation,external_lung,seed42_main,source_disjoint,11,21,-0.01012793176972282
H110,perturbation_schedule_permutation,external_lung,seed42_main,source_disjoint,11,22,-0.0075811419095001
H110,perturbation_schedule_permutation,external_lung,seed42_main,source_disjoint,11,23,-0.005271262733949289
H110,perturbation_schedule_permutation,external_lung,seed42_main,source_disjoint,11,24,-0.008588012319355576
H110,perturbation_schedule_permutation,external_lung,seed42_main,source_disjoint,11,25,-0.004264392324093813
H110,perturbation_schedule_permutation,external_lung,seed42_main,source_disjoint,11,26,-0.00503435204927738
H110,perturbation_schedule_permutation,external_lung,seed42_main,source_disjoint,11,27,-0.012556266287609641
H110,perturbation_schedule_permutation,external_lung,seed42_main,source_disjoint,11,28,-0.003435204927742297
H110,perturbation_schedule_permutation,external_lung,seed42_main,source_disjoint,11,29,-0.005093579720445218
H110,perturbation_schedule_permutation,external_lung,seed42_main,source_disjoint,11,30,-0.005093579720445329
H110,perturbation_schedule_permutation,external_lung,seed42_main,source_disjoint,11,31,-0.006692726841980523
H110,perturbation_schedule_permutation,external_lung,seed42_main,target_disjoint,7,0,0.006116798660742773
H110,perturbation_schedule_permutation,external_lung,seed42_main,target_disjoint,7,1,0.01036636404610125
H110,perturbation_schedule_permutation,external_lung,seed42_main,target_disjoint,7,2,0.01055952610907196
H110,perturbation_schedule_permutation,external_lung,seed42_main,target_disjoint,7,3,0.008112806644774762
H110,perturbation_schedule_permutation,external_lung,seed42_main,target_disjoint,7,4,0.012233597321485878
H110,perturbation_schedule_permutation,external_lung,seed42_main,target_disjoint,7,5,0.006116798660742884
H110,perturbation_schedule_permutation,external_lung,seed42_main,target_disjoint,7,6,0.006116798660742884
H110,perturbation_schedule_permutation,external_lung,seed42_main,target_disjoint,7,7,0.005859249243448494
H110,perturbation_schedule_permutation,external_lung,seed42_main,target_disjoint,7,8,-0.0023823321099738504
H110,perturbation_schedule_permutation,external_lung,seed42_main,target_disjoint,7,9,0.01062391346339564
H110,perturbation_schedule_permutation,external_lung,seed42_main,target_disjoint,7,10,0.005344150408859494
H110,perturbation_schedule_permutation,external_lung,seed42_main,target_disjoint,7,11,0.009658103148541541
H110,perturbation_schedule_permutation,external_lung,seed42_main,target_disjoint,7,12,0.011139012297984419
H110,perturbation_schedule_permutation,external_lung,seed42_main,target_disjoint,7,13,0.00907861695962886
H110,perturbation_schedule_permutation,external_lung,seed42_main,target_disjoint,7,14,0.00991565256583582
H110,perturbation_schedule_permutation,external_lung,seed42_main,target_disjoint,7,15,0.01036636404610114
H110,perturbation_schedule_permutation,external_lung,seed42_main,target_disjoint,7,16,0.009078616959629082
H110,perturbation_schedule_permutation,external_lung,seed42_main,target_disjoint,7,17,0.00901422960530529
H110,perturbation_schedule_permutation,external_lung,seed42_main,target_disjoint,7,18,0.001352134440795627
H110,perturbation_schedule_permutation,external_lung,seed42_main,target_disjoint,7,19,0.00946494108557061
H110,perturbation_schedule_permutation,external_lung,seed42_main,target_disjoint,7,20,0.006374348078037384
H110,perturbation_schedule_permutation,external_lung,seed42_main,target_disjoint,7,21,0.01062391346339564
H110,perturbation_schedule_permutation,external_lung,seed42_main,target_disjoint,7,22,0.0018672332753846277
H110,perturbation_schedule_permutation,external_lung,seed42_main,target_disjoint,7,23,0.0117184984868971
H110,perturbation_schedule_permutation,external_lung,seed42_main,target_disjoint,7,24,0.01139656171527903
H110,perturbation_schedule_permutation,external_lung,seed42_main,target_disjoint,7,25,0.00959371579421775
H110,perturbation_schedule_permutation,external_lung,seed42_main,target_disjoint,7,26,0.002446719464296976
H110,perturbation_schedule_permutation,external_lung,seed42_main,target_disjoint,7,27,0.009271779022599902
H110,perturbation_schedule_permutation,external_lung,seed42_main,target_disjoint,7,28,0.003154980361856796
H110,perturbation_schedule_permutation,external_lung,seed42_main,target_disjoint,7,29,0.0050866009915651045
H110,perturbation_schedule_permutation,external_lung,seed42_main,target_disjoint,7,30,0.000450711480265209
H110,perturbation_schedule_permutation,external_lung,seed42_main,target_disjoint,7,31,0.01036636404610125
H110,perturbation_schedule_permutation,external_lung,seed42_main,target_disjoint,11,0,-0.0023823321099735173
H110,perturbation_schedule_permutation,external_lung,seed42_main,target_disjoint,11,1,0.0006438735432361398
H110,perturbation_schedule_permutation,external_lung,seed42_main,target_disjoint,11,2,0.00122335973214871
H110,perturbation_schedule_permutation,external_lung,seed42_main,target_disjoint,11,3,0.003476917133474977
H110,perturbation_schedule_permutation,external_lung,seed42_main,target_disjoint,11,4,0.0023823321099736283
H110,perturbation_schedule_permutation,external_lung,seed42_main,target_disjoint,11,5,0.0023179447556500588
H110,perturbation_schedule_permutation,external_lung,seed42_main,target_disjoint,11,6,0.001352134440795849
H110,perturbation_schedule_permutation,external_lung,seed42_main,target_disjoint,11,7,0.001996007984031878
H110,perturbation_schedule_permutation,external_lung,seed42_main,target_disjoint,11,8,0.000772648251883501
H110,perturbation_schedule_permutation,external_lung,seed42_main,target_disjoint,11,9,0.0002575494172945003
H110,perturbation_schedule_permutation,external_lung,seed42_main,target_disjoint,11,10,-0.0002575494172943893
H110,perturbation_schedule_permutation,external_lung,seed42_main,target_disjoint,11,11,0.0010945850235014598
H110,perturbation_schedule_permutation,external_lung,seed42_main,target_disjoint,11,12,-0.002446719464296976
H110,perturbation_schedule_permutation,external_lung,seed42_main,target_disjoint,11,13,0.0
H110,perturbation_schedule_permutation,external_lung,seed42_main,target_disjoint,11,14,0.0017384585667375996
H110,perturbation_schedule_permutation,external_lung,seed42_main,target_disjoint,11,15,-0.007340158392891594
H110,perturbation_schedule_permutation,external_lung,seed42_main,target_disjoint,11,16,0.00012877470864736118
H110,perturbation_schedule_permutation,external_lung,seed42_main,target_disjoint,11,17,0.003348142424827838
H110,perturbation_schedule_permutation,external_lung,seed42_main,target_disjoint,11,18,-0.0028330435902388373
H110,perturbation_schedule_permutation,external_lung,seed42_main,target_disjoint,11,19,0.0014809091494430993
H110,perturbation_schedule_permutation,external_lung,seed42_main,target_disjoint,11,20,0.003026205653209768
H110,perturbation_schedule_permutation,external_lung,seed42_main,target_disjoint,11,21,0.00038632412594163945
H110,perturbation_schedule_permutation,external_lung,seed42_main,target_disjoint,11,22,-0.0026398815272680176
H110,perturbation_schedule_permutation,external_lung,seed42_main,target_disjoint,11,23,0.001352134440795849
H110,perturbation_schedule_permutation,external_lung,seed42_main,target_disjoint,11,24,-0.004378340094005506
H110,perturbation_schedule_permutation,external_lung,seed42_main,target_disjoint,11,25,0.002124782692679239
H110,perturbation_schedule_permutation,external_lung,seed42_main,target_disjoint,11,26,0.0019316206297084193
H110,perturbation_schedule_permutation,external_lung,seed42_main,target_disjoint,11,27,0.0025111068186208785
H110,perturbation_schedule_permutation,external_lung,seed42_main,target_disjoint,11,28,-0.0009658103148542097
H110,perturbation_schedule_permutation,external_lung,seed42_main,target_disjoint,11,29,-0.0006438735432361398
H110,perturbation_schedule_permutation,external_lung,seed42_main,target_disjoint,11,30,0.0007082608975598204
H110,perturbation_schedule_permutation,external_lung,seed42_main,target_disjoint,11,31,-6.438735432356957e-05
H110,perturbation_schedule_permutation,immune,seed42_main,source_disjoint,7,0,0.002869897959183687
H110,perturbation_schedule_permutation,immune,seed42_main,source_disjoint,7,1,-0.0033482142857141906
H110,perturbation_schedule_permutation,immune,seed42_main,source_disjoint,7,2,0.0008769132653062561
H110,perturbation_schedule_permutation,immune,seed42_main,source_disjoint,7,3,-0.005181760204081565
H110,perturbation_schedule_permutation,immune,seed42_main,source_disjoint,7,4,-0.0011160714285713969
H110,perturbation_schedule_permutation,immune,seed42_main,source_disjoint,7,5,-0.005819515306122347
H110,perturbation_schedule_permutation,immune,seed42_main,source_disjoint,7,6,-0.0022321428571426827
H110,perturbation_schedule_permutation,immune,seed42_main,source_disjoint,7,7,-0.005420918367346816
H110,perturbation_schedule_permutation,immune,seed42_main,source_disjoint,7,8,-0.0021524234693875988
H110,perturbation_schedule_permutation,immune,seed42_main,source_disjoint,7,9,-0.0022321428571427937
H110,perturbation_schedule_permutation,immune,seed42_main,source_disjoint,7,10,0.001036352040816424
H110,perturbation_schedule_permutation,immune,seed42_main,source_disjoint,7,11,-7.971938775508391e-05
H110,perturbation_schedule_permutation,immune,seed42_main,source_disjoint,7,12,-0.005102040816326481
H110,perturbation_schedule_permutation,immune,seed42_main,source_disjoint,7,13,-0.0011957908163263697
H110,perturbation_schedule_permutation,immune,seed42_main,source_disjoint,7,14,-0.0011957908163264808
H110,perturbation_schedule_permutation,immune,seed42_main,source_disjoint,7,15,-0.002072704081632626
H110,perturbation_schedule_permutation,immune,seed42_main,source_disjoint,7,16,-0.0013552295918366486
H110,perturbation_schedule_permutation,immune,seed42_main,source_disjoint,7,17,0.0016741071428572063
H110,perturbation_schedule_permutation,immune,seed42_main,source_disjoint,7,18,-0.007493622448979442
H110,perturbation_schedule_permutation,immune,seed42_main,source_disjoint,7,19,-0.003746811224489721
H110,perturbation_schedule_permutation,immune,seed42_main,source_disjoint,7,20,-0.0008769132653061451
H110,perturbation_schedule_permutation,immune,seed42_main,source_disjoint,7,21,-0.0004783163265306145
H110,perturbation_schedule_permutation,immune,seed42_main,source_disjoint,7,22,-0.004862882653061118
H110,perturbation_schedule_permutation,immune,seed42_main,source_disjoint,7,23,-0.006935586734693855
H110,perturbation_schedule_permutation,immune,seed42_main,source_disjoint,7,24,-0.00015943877551016783
H110,perturbation_schedule_permutation,immune,seed42_main,source_disjoint,7,25,-0.020248724489795755
H110,perturbation_schedule_permutation,immune,seed42_main,source_disjoint,7,26,-0.00031887755102033566
H110,perturbation_schedule_permutation,immune,seed42_main,source_disjoint,7,27,-0.0016741071428569843
H110,perturbation_schedule_permutation,immune,seed42_main,source_disjoint,7,28,-0.017139668367346927
H110,perturbation_schedule_permutation,immune,seed42_main,source_disjoint,7,29,-0.0024713010204081565
H110,perturbation_schedule_permutation,immune,seed42_main,source_disjoint,7,30,0.001992984693877542
H110,perturbation_schedule_permutation,immune,seed42_main,source_disjoint,7,31,-0.0016741071428570953
H110,perturbation_schedule_permutation,immune,seed42_main,source_disjoint,11,0,0.005181760204081676
H110,perturbation_schedule_permutation,immune,seed42_main,source_disjoint,11,1,0.0054209183673469274
H110,perturbation_schedule_permutation,immune,seed42_main,source_disjoint,11,2,0.005739795918367485
H110,perturbation_schedule_permutation,immune,seed42_main,source_disjoint,11,3,0.006855867346938771
H110,perturbation_schedule_permutation,immune,seed42_main,source_disjoint,11,4,0.001913265306122347
H110,perturbation_schedule_permutation,immune,seed42_main,source_disjoint,11,5,0.0015146683673469274
H110,perturbation_schedule_permutation,immune,seed42_main,source_disjoint,11,6,-0.0003985969387754196
H110,perturbation_schedule_permutation,immune,seed42_main,source_disjoint,11,7,0.002790178571428603
H110,perturbation_schedule_permutation,immune,seed42_main,source_disjoint,11,8,0.008131377551020336
H110,perturbation_schedule_permutation,immune,seed42_main,source_disjoint,11,9,0.0043845663265306145
H110,perturbation_schedule_permutation,immune,seed42_main,source_disjoint,11,10,0.006935586734693855
H110,perturbation_schedule_permutation,immune,seed42_main,source_disjoint,11,11,0.0033482142857143016
H110,perturbation_schedule_permutation,immune,seed42_main,source_disjoint,11,12,0.005899234693877542
H110,perturbation_schedule_permutation,immune,seed42_main,source_disjoint,11,13,0.006776147959183687
H110,perturbation_schedule_permutation,immune,seed42_main,source_disjoint,11,14,0.0036670918367347483
H110,perturbation_schedule_permutation,immune,seed42_main,source_disjoint,11,15,0.006218112244897989
H110,perturbation_schedule_permutation,immune,seed42_main,source_disjoint,11,16,0.006218112244897989
H110,perturbation_schedule_permutation,immune,seed42_main,source_disjoint,11,17,0.004145408163265363
H110,perturbation_schedule_permutation,immune,seed42_main,source_disjoint,11,18,0.006218112244897878
H110,perturbation_schedule_permutation,immune,seed42_main,source_disjoint,11,19,0.0054209183673469274
H110,perturbation_schedule_permutation,immune,seed42_main,source_disjoint,11,20,0.005978954081632626
H110,perturbation_schedule_permutation,immune,seed42_main,source_disjoint,11,21,0.0023118622448978776
H110,perturbation_schedule_permutation,immune,seed42_main,source_disjoint,11,22,0.003906250000000111
H110,perturbation_schedule_permutation,immune,seed42_main,source_disjoint,11,23,0.0006377551020406713
H110,perturbation_schedule_permutation,immune,seed42_main,source_disjoint,11,24,0.0036670918367347483
H110,perturbation_schedule_permutation,immune,seed42_main,source_disjoint,11,25,0.007254464285714302
H110,perturbation_schedule_permutation,immune,seed42_main,source_disjoint,11,26,0.005181760204081676
H110,perturbation_schedule_permutation,immune,seed42_main,source_disjoint,11,27,0.002869897959183687
H110,perturbation_schedule_permutation,immune,seed42_main,source_disjoint,11,28,0.00215242346938771
H110,perturbation_schedule_permutation,immune,seed42_main,source_disjoint,11,29,0.004623724489795977
H110,perturbation_schedule_permutation,immune,seed42_main,source_disjoint,11,30,0.006616709183673519
H110,perturbation_schedule_permutation,immune,seed42_main,source_disjoint,11,31,0.008131377551020558
H110,perturbation_schedule_permutation,immune,seed42_main,target_disjoint,7,0,-0.0023915816326529615
H110,perturbation_schedule_permutation,immune,seed42_main,target_disjoint,7,1,-0.003826530612244805
H110,perturbation_schedule_permutation,immune,seed42_main,target_disjoint,7,2,-0.0016741071428570953
H110,perturbation_schedule_permutation,immune,seed42_main,target_disjoint,7,3,-0.005739795918367374
H110,perturbation_schedule_permutation,immune,seed42_main,target_disjoint,7,4,-0.0063775510204080454
H110,perturbation_schedule_permutation,immune,seed42_main,target_disjoint,7,5,-0.007971938775510057
H110,perturbation_schedule_permutation,immune,seed42_main,target_disjoint,7,6,-0.0008769132653061451
H110,perturbation_schedule_permutation,immune,seed42_main,target_disjoint,7,7,-0.00685586734693866
H110,perturbation_schedule_permutation,immune,seed42_main,target_disjoint,7,8,-0.004464285714285587
H110,perturbation_schedule_permutation,immune,seed42_main,target_disjoint,7,9,-0.007732780612244805
H110,perturbation_schedule_permutation,immune,seed42_main,target_disjoint,7,10,-0.0022321428571427937
H110,perturbation_schedule_permutation,immune,seed42_main,target_disjoint,7,11,-0.015624999999999889
H110,perturbation_schedule_permutation,immune,seed42_main,target_disjoint,7,12,0.002152423469387821
H110,perturbation_schedule_permutation,immune,seed42_main,target_disjoint,7,13,-0.0033482142857141906
H110,perturbation_schedule_permutation,immune,seed42_main,target_disjoint,7,14,-0.0017538265306120682
H110,perturbation_schedule_permutation,immune,seed42_main,target_disjoint,7,15,-0.0035873724489795533
H110,perturbation_schedule_permutation,immune,seed42_main,target_disjoint,7,16,-0.009646045918367263
H110,perturbation_schedule_permutation,immune,seed42_main,target_disjoint,7,17,-0.0008769132653060341
H110,perturbation_schedule_permutation,immune,seed42_main,target_disjoint,7,18,-0.01211734693877553
H110,perturbation_schedule_permutation,immune,seed42_main,target_disjoint,7,19,0.0018335459183674852
H110,perturbation_schedule_permutation,immune,seed42_main,target_disjoint,7,20,0.001992984693877653
H110,perturbation_schedule_permutation,immune,seed42_main,target_disjoint,7,21,-0.005739795918367263
H110,perturbation_schedule_permutation,immune,seed42_main,target_disjoint,7,22,-0.0004783163265306145
H110,perturbation_schedule_permutation,immune,seed42_main,target_disjoint,7,23,-0.0063775510204081565
H110,perturbation_schedule_permutation,immune,seed42_main,target_disjoint,7,24,-0.009088010204081565
H110,perturbation_schedule_permutation,immune,seed42_main,target_disjoint,7,25,-0.00031887755102033566
H110,perturbation_schedule_permutation,immune,seed42_main,target_disjoint,7,26,0.0017538265306122902
H110,perturbation_schedule_permutation,immune,seed42_main,target_disjoint,7,27,0.00047831632653072553
H110,perturbation_schedule_permutation,immune,seed42_main,target_disjoint,7,28,-0.002949617346938549
H110,perturbation_schedule_permutation,immune,seed42_main,target_disjoint,7,29,-0.003109056122448828
H110,perturbation_schedule_permutation,immune,seed42_main,target_disjoint,7,30,-0.00589923469387732
H110,perturbation_schedule_permutation,immune,seed42_main,target_disjoint,7,31,-0.005500637755102011
H110,perturbation_schedule_permutation,immune,seed42_main,target_disjoint,11,0,-0.0032684948979592177
H110,perturbation_schedule_permutation,immune,seed42_main,target_disjoint,11,1,-0.0022321428571429047
H110,perturbation_schedule_permutation,immune,seed42_main,target_disjoint,11,2,0.002152423469387821
H110,perturbation_schedule_permutation,immune,seed42_main,target_disjoint,11,3,0.0003985969387755306
H110,perturbation_schedule_permutation,immune,seed42_main,target_disjoint,11,4,-0.0035873724489795533
H110,perturbation_schedule_permutation,immune,seed42_main,target_disjoint,11,5,-0.00023915816326525174
H110,perturbation_schedule_permutation,immune,seed42_main,target_disjoint,11,6,-0.000956632653061118
H110,perturbation_schedule_permutation,immune,seed42_main,target_disjoint,11,7,-0.0006377551020407823
H110,perturbation_schedule_permutation,immune,seed42_main,target_disjoint,11,8,0.0018335459183673741
H110,perturbation_schedule_permutation,immune,seed42_main,target_disjoint,11,9,-0.00023915816326536277
H110,perturbation_schedule_permutation,immune,seed42_main,target_disjoint,11,10,0.0018335459183673741
H110,perturbation_schedule_permutation,immune,seed42_main,target_disjoint,11,11,0.0006377551020407823
H110,perturbation_schedule_permutation,immune,seed42_main,target_disjoint,11,12,-0.0007971938775509502
H110,perturbation_schedule_permutation,immune,seed42_main,target_disjoint,11,13,0.0015146683673469274
H110,perturbation_schedule_permutation,immune,seed42_main,target_disjoint,11,14,0.0011957908163264808
H110,perturbation_schedule_permutation,immune,seed42_main,target_disjoint,11,15,-0.0006377551020406713
H110,perturbation_schedule_permutation,immune,seed42_main,target_disjoint,11,16,-0.0026307397959184353
H110,perturbation_schedule_permutation,immune,seed42_main,target_disjoint,11,17,-0.0005580357142856984
H110,perturbation_schedule_permutation,immune,seed42_main,target_disjoint,11,18,0.002869897959183687
H110,perturbation_schedule_permutation,immune,seed42_main,target_disjoint,11,19,0.0033482142857143016
H110,perturbation_schedule_permutation,immune,seed42_main,target_disjoint,11,20,0.0023118622448979886
H110,perturbation_schedule_permutation,immune,seed42_main,target_disjoint,11,21,0.0023915816326530726
H110,perturbation_schedule_permutation,immune,seed42_main,target_disjoint,11,22,0.0007174744897959773
H110,perturbation_schedule_permutation,immune,seed42_main,target_disjoint,11,23,0.00015943877551027885
H110,perturbation_schedule_permutation,immune,seed42_main,target_disjoint,11,24,0.0011160714285715079
H110,perturbation_schedule_permutation,immune,seed42_main,target_disjoint,11,25,0.0011957908163264808
H110,perturbation_schedule_permutation,immune,seed42_main,target_disjoint,11,26,0.0006377551020408934
H110,perturbation_schedule_permutation,immune,seed42_main,target_disjoint,11,27,0.002072704081632626
H110,perturbation_schedule_permutation,immune,seed42_main,target_disjoint,11,28,0.0023915816326529615
H110,perturbation_schedule_permutation,immune,seed42_main,target_disjoint,11,29,0.0017538265306122902
H110,perturbation_schedule_permutation,immune,seed42_main,target_disjoint,11,30,0.001992984693877431
H110,perturbation_schedule_permutation,immune,seed42_main,target_disjoint,11,31,0.0011957908163264808
H110,perturbation_schedule_permutation,lung,seed42_main,source_disjoint,7,0,0.000296296296296239
H110,perturbation_schedule_permutation,lung,seed42_main,source_disjoint,7,1,-0.00758518518518525
H110,perturbation_schedule_permutation,lung,seed42_main,source_disjoint,7,2,0.006459259259259165
H110,perturbation_schedule_permutation,lung,seed42_main,source_disjoint,7,3,0.0033185185185184984
H110,perturbation_schedule_permutation,lung,seed42_main,source_disjoint,7,4,-0.006400000000000072
H110,perturbation_schedule_permutation,lung,seed42_main,source_disjoint,7,5,0.006340740740740758
H110,perturbation_schedule_permutation,lung,seed42_main,source_disjoint,7,6,0.003674074074074052
H110,perturbation_schedule_permutation,lung,seed42_main,source_disjoint,7,7,-0.003674074074074163
H110,perturbation_schedule_permutation,lung,seed42_main,source_disjoint,7,8,0.006814814814814829
H110,perturbation_schedule_permutation,lung,seed42_main,source_disjoint,7,9,0.006399999999999961
H110,perturbation_schedule_permutation,lung,seed42_main,source_disjoint,7,10,0.002192592592592524
H110,perturbation_schedule_permutation,lung,seed42_main,source_disjoint,7,11,0.0037333333333332552
H110,perturbation_schedule_permutation,lung,seed42_main,source_disjoint,7,12,0.002785185185185113
H110,perturbation_schedule_permutation,lung,seed42_main,source_disjoint,7,13,0.0037925925925925696
H110,perturbation_schedule_permutation,lung,seed42_main,source_disjoint,7,14,-0.004266666666666641
H110,perturbation_schedule_permutation,lung,seed42_main,source_disjoint,7,15,0.0042074074074074375
H110,perturbation_schedule_permutation,lung,seed42_main,source_disjoint,7,16,0.006162962962962926
H110,perturbation_schedule_permutation,lung,seed42_main,source_disjoint,7,17,0.001185185185185178
H110,perturbation_schedule_permutation,lung,seed42_main,source_disjoint,7,18,0.005037037037036951
H110,perturbation_schedule_permutation,lung,seed42_main,source_disjoint,7,19,0.0034962962962963307
H110,perturbation_schedule_permutation,lung,seed42_main,source_disjoint,7,20,0.0036148148148147374
H110,perturbation_schedule_permutation,lung,seed42_main,source_disjoint,7,21,-0.000888888888888939
H110,perturbation_schedule_permutation,lung,seed42_main,source_disjoint,7,22,0.004148148148148123
H110,perturbation_schedule_permutation,lung,seed42_main,source_disjoint,7,23,0.005570370370370448
H110,perturbation_schedule_permutation,lung,seed42_main,source_disjoint,7,24,0.0007703703703703102
H110,perturbation_schedule_permutation,lung,seed42_main,source_disjoint,7,25,0.006340740740740758
H110,perturbation_schedule_permutation,lung,seed42_main,source_disjoint,7,26,0.0025481481481481882
H110,perturbation_schedule_permutation,lung,seed42_main,source_disjoint,7,27,0.0007703703703703102
H110,perturbation_schedule_permutation,lung,seed42_main,source_disjoint,7,28,0.0011259259259258636
H110,perturbation_schedule_permutation,lung,seed42_main,source_disjoint,7,29,0.0022518518518519492
H110,perturbation_schedule_permutation,lung,seed42_main,source_disjoint,7,30,0.0021333333333333204
H110,perturbation_schedule_permutation,lung,seed42_main,source_disjoint,7,31,-0.0019555555555555992
H110,perturbation_schedule_permutation,lung,seed42_main,source_disjoint,11,0,0.0014222222222222136
H110,perturbation_schedule_permutation,lung,seed42_main,source_disjoint,11,1,0.00622222222222224
H110,perturbation_schedule_permutation,lung,seed42_main,source_disjoint,11,2,0.002962962962962834
H110,perturbation_schedule_permutation,lung,seed42_main,source_disjoint,11,3,0.0023111111111110416
H110,perturbation_schedule_permutation,lung,seed42_main,source_disjoint,11,4,0.005748148148148058
H110,perturbation_schedule_permutation,lung,seed42_main,source_disjoint,11,5,-0.002192592592592746
H110,perturbation_schedule_permutation,lung,seed42_main,source_disjoint,11,6,-0.0018962962962962848
H110,perturbation_schedule_permutation,lung,seed42_main,source_disjoint,11,7,0.0030222222222222594
H110,perturbation_schedule_permutation,lung,seed42_main,source_disjoint,11,8,0.0059851851851849824
H110,perturbation_schedule_permutation,lung,seed42_main,source_disjoint,11,9,0.005511111111111133
H110,perturbation_schedule_permutation,lung,seed42_main,source_disjoint,11,10,0.001185185185185178
H110,perturbation_schedule_permutation,lung,seed42_main,source_disjoint,11,11,0.002666666666666484
H110,perturbation_schedule_permutation,lung,seed42_main,source_disjoint,11,12,0.004088888888888809
H110,perturbation_schedule_permutation,lung,seed42_main,source_disjoint,11,13,0.005511111111111022
H110,perturbation_schedule_permutation,lung,seed42_main,source_disjoint,11,14,0.004325925925925844
H110,perturbation_schedule_permutation,lung,seed42_main,source_disjoint,11,15,0.0017185185185184526
H110,perturbation_schedule_permutation,lung,seed42_main,source_disjoint,11,16,0.002370370370370134
H110,perturbation_schedule_permutation,lung,seed42_main,source_disjoint,11,17,0.0013037037037036958
H110,perturbation_schedule_permutation,lung,seed42_main,source_disjoint,11,18,-0.0026074074074073916
H110,perturbation_schedule_permutation,lung,seed42_main,source_disjoint,11,19,0.00047407407407418223
H110,perturbation_schedule_permutation,lung,seed42_main,source_disjoint,11,20,-0.003555555555555534
H110,perturbation_schedule_permutation,lung,seed42_main,source_disjoint,11,21,0.0030222222222221484
H110,perturbation_schedule_permutation,lung,seed42_main,source_disjoint,11,22,0.007111111111111068
H110,perturbation_schedule_permutation,lung,seed42_main,source_disjoint,11,23,0.004385185185185159
H110,perturbation_schedule_permutation,lung,seed42_main,source_disjoint,11,24,0.00023703703703681356
H110,perturbation_schedule_permutation,lung,seed42_main,source_disjoint,11,25,0.00023703703703692458
H110,perturbation_schedule_permutation,lung,seed42_main,source_disjoint,11,26,0.002370370370370356
H110,perturbation_schedule_permutation,lung,seed42_main,source_disjoint,11,27,0.0020148148148149136
H110,perturbation_schedule_permutation,lung,seed42_main,source_disjoint,11,28,0.0007703703703703102
H110,perturbation_schedule_permutation,lung,seed42_main,source_disjoint,11,29,0.0009481481481481424
H110,perturbation_schedule_permutation,lung,seed42_main,source_disjoint,11,30,0.001777777777777656
H110,perturbation_schedule_permutation,lung,seed42_main,source_disjoint,11,31,0.001481481481481417
H110,perturbation_schedule_permutation,lung,seed42_main,target_disjoint,7,0,0.0073750000000001315
H110,perturbation_schedule_permutation,lung,seed42_main,target_disjoint,7,1,0.004312500000000052
H110,perturbation_schedule_permutation,lung,seed42_main,target_disjoint,7,2,0.0020000000000000018
H110,perturbation_schedule_permutation,lung,seed42_main,target_disjoint,7,3,0.00506249999999997
H110,perturbation_schedule_permutation,lung,seed42_main,target_disjoint,7,4,0.006312500000000054
H110,perturbation_schedule_permutation,lung,seed42_main,target_disjoint,7,5,-0.0029374999999999263
H110,perturbation_schedule_permutation,lung,seed42_main,target_disjoint,7,6,0.004125000000000156
H110,perturbation_schedule_permutation,lung,seed42_main,target_disjoint,7,7,0.007687500000000069
H110,perturbation_schedule_permutation,lung,seed42_main,target_disjoint,7,8,-0.0051874999999999005
H110,perturbation_schedule_permutation,lung,seed42_main,target_disjoint,7,9,0.004437500000000094
H110,perturbation_schedule_permutation,lung,seed42_main,target_disjoint,7,10,0.009687500000000071
H110,perturbation_schedule_permutation,lung,seed42_main,target_disjoint,7,11,0.0040000000000000036
H110,perturbation_schedule_permutation,lung,seed42_main,target_disjoint,7,12,0.007937500000000042
H110,perturbation_schedule_permutation,lung,seed42_main,target_disjoint,7,13,-0.0033125000000000515
H110,perturbation_schedule_permutation,lung,seed42_main,target_disjoint,7,14,0.005249999999999977
H110,perturbation_schedule_permutation,lung,seed42_main,target_disjoint,7,15,0.0020000000000000018
H110,perturbation_schedule_permutation,lung,seed42_main,target_disjoint,7,16,0.0013125000000001608
H110,perturbation_schedule_permutation,lung,seed42_main,target_disjoint,7,17,0.0045000000000000595
H110,perturbation_schedule_permutation,lung,seed42_main,target_disjoint,7,18,0.0036875000000000657
H110,perturbation_schedule_permutation,lung,seed42_main,target_disjoint,7,19,0.0034999999999999476
H110,perturbation_schedule_permutation,lung,seed42_main,target_disjoint,7,20,0.006687500000000179
H110,perturbation_schedule_permutation,lung,seed42_main,target_disjoint,7,21,0.0024374999999999813
H110,perturbation_schedule_permutation,lung,seed42_main,target_disjoint,7,22,0.004000000000000115
H110,perturbation_schedule_permutation,lung,seed42_main,target_disjoint,7,23,0.004125000000000045
H110,perturbation_schedule_permutation,lung,seed42_main,target_disjoint,7,24,0.004812500000000108
H110,perturbation_schedule_permutation,lung,seed42_main,target_disjoint,7,25,0.00493750000000015
H110,perturbation_schedule_permutation,lung,seed42_main,target_disjoint,7,26,0.0026250000000000995
H110,perturbation_schedule_permutation,lung,seed42_main,target_disjoint,7,27,0.006312500000000054
H110,perturbation_schedule_permutation,lung,seed42_main,target_disjoint,7,28,0.0031250000000000444
H110,perturbation_schedule_permutation,lung,seed42_main,target_disjoint,7,29,0.008562500000000028
H110,perturbation_schedule_permutation,lung,seed42_main,target_disjoint,7,30,0.0036875000000000657
H110,perturbation_schedule_permutation,lung,seed42_main,target_disjoint,7,31,0.0010000000000000009
H110,perturbation_schedule_permutation,lung,seed42_main,target_disjoint,11,0,-0.0022500000000000853
H110,perturbation_schedule_permutation,lung,seed42_main,target_disjoint,11,1,0.0023124999999999396
H110,perturbation_schedule_permutation,lung,seed42_main,target_disjoint,11,2,0.0018124999999998836
H110,perturbation_schedule_permutation,lung,seed42_main,target_disjoint,11,3,0.0010000000000000009
H110,perturbation_schedule_permutation,lung,seed42_main,target_disjoint,11,4,0.001187499999999897
H110,perturbation_schedule_permutation,lung,seed42_main,target_disjoint,11,5,0.0041874999999999
H110,perturbation_schedule_permutation,lung,seed42_main,target_disjoint,11,6,-0.00012499999999993072
H110,perturbation_schedule_permutation,lung,seed42_main,target_disjoint,11,7,-0.0023125000000000506
H110,perturbation_schedule_permutation,lung,seed42_main,target_disjoint,11,8,0.0029374999999998153
H110,perturbation_schedule_permutation,lung,seed42_main,target_disjoint,11,9,0.001375000000000015
H110,perturbation_schedule_permutation,lung,seed42_main,target_disjoint,11,10,0.0024999999999999467
H110,perturbation_schedule_permutation,lung,seed42_main,target_disjoint,11,11,-0.01200000000000001
H110,perturbation_schedule_permutation,lung,seed42_main,target_disjoint,11,12,0.0014374999999999805
H110,perturbation_schedule_permutation,lung,seed42_main,target_disjoint,11,13,-0.00024999999999997247
H110,perturbation_schedule_permutation,lung,seed42_main,target_disjoint,11,14,-0.0020000000000000018
H110,perturbation_schedule_permutation,lung,seed42_main,target_disjoint,11,15,0.0020000000000000018
H110,perturbation_schedule_permutation,lung,seed42_main,target_disjoint,11,16,-0.0017499999999999183
H110,perturbation_schedule_permutation,lung,seed42_main,target_disjoint,11,17,-0.0002500000000000835
H110,perturbation_schedule_permutation,lung,seed42_main,target_disjoint,11,18,-0.0050000000000000044
H110,perturbation_schedule_permutation,lung,seed42_main,target_disjoint,11,19,0.0014374999999999805
H110,perturbation_schedule_permutation,lung,seed42_main,target_disjoint,11,20,-1.1102230246251565e-16
H110,perturbation_schedule_permutation,lung,seed42_main,target_disjoint,11,21,0.002749999999999919
H110,perturbation_schedule_permutation,lung,seed42_main,target_disjoint,11,22,-0.0014374999999999805
H110,perturbation_schedule_permutation,lung,seed42_main,target_disjoint,11,23,-0.0011250000000000426
H110,perturbation_schedule_permutation,lung,seed42_main,target_disjoint,11,24,0.0014374999999999805
H110,perturbation_schedule_permutation,lung,seed42_main,target_disjoint,11,25,0.0026249999999999885
H110,perturbation_schedule_permutation,lung,seed42_main,target_disjoint,11,26,-0.00550000000000006
H110,perturbation_schedule_permutation,lung,seed42_main,target_disjoint,11,27,-0.004562500000000136
H110,perturbation_schedule_permutation,lung,seed42_main,target_disjoint,11,28,-0.0006250000000000977
H110,perturbation_schedule_permutation,lung,seed42_main,target_disjoint,11,29,-0.005250000000000088
H110,perturbation_schedule_permutation,lung,seed42_main,target_disjoint,11,30,-0.0013125000000000497
H110,perturbation_schedule_permutation,lung,seed42_main,target_disjoint,11,31,0.00012499999999993072
