hypothesis_id,null_kind,domain,seed_tag,split_regime,layer,perm_idx,null_value
H101,derivative_sign_randomization,external_lung,seed42_main,source_disjoint,0,0,-0.0010080645161291146
H101,derivative_sign_randomization,external_lung,seed42_main,source_disjoint,0,1,0.01559535104364318
H101,derivative_sign_randomization,external_lung,seed42_main,source_disjoint,0,2,-0.01061432637571158
H101,derivative_sign_randomization,external_lung,seed42_main,source_disjoint,0,3,0.0033206831119544367
H101,derivative_sign_randomization,external_lung,seed42_main,source_disjoint,0,4,-0.0017196394686908034
H101,derivative_sign_randomization,external_lung,seed42_main,source_disjoint,0,5,-0.007115749525616666
H101,derivative_sign_randomization,external_lung,seed42_main,source_disjoint,0,6,0.0014824478178369072
H101,derivative_sign_randomization,external_lung,seed42_main,source_disjoint,0,7,0.006107685009487662
H101,derivative_sign_randomization,external_lung,seed42_main,source_disjoint,0,8,0.004150853889943074
H101,derivative_sign_randomization,external_lung,seed42_main,source_disjoint,0,9,0.0037357685009488106
H101,derivative_sign_randomization,external_lung,seed42_main,source_disjoint,0,10,-5.9297912713418555e-05
H101,derivative_sign_randomization,external_lung,seed42_main,source_disjoint,0,11,0.002016129032258007
H101,derivative_sign_randomization,external_lung,seed42_main,source_disjoint,0,12,0.003557874762808333
H101,derivative_sign_randomization,external_lung,seed42_main,source_disjoint,0,13,-0.00047438330170790355
H101,derivative_sign_randomization,external_lung,seed42_main,source_disjoint,0,14,0.005218216318785607
H101,derivative_sign_randomization,external_lung,seed42_main,source_disjoint,0,15,-0.004091555977229655
H101,derivative_sign_randomization,external_lung,seed42_main,source_disjoint,0,16,0.008301707779886147
H101,derivative_sign_randomization,external_lung,seed42_main,source_disjoint,0,17,-0.01191888045540801
H101,derivative_sign_randomization,external_lung,seed42_main,source_disjoint,0,18,0.005870493358633655
H101,derivative_sign_randomization,external_lung,seed42_main,source_disjoint,0,19,0.008835388994307358
H101,derivative_sign_randomization,external_lung,seed42_main,source_disjoint,3,0,-0.0023719165085389626
H101,derivative_sign_randomization,external_lung,seed42_main,source_disjoint,3,1,-0.0040322580645162365
H101,derivative_sign_randomization,external_lung,seed42_main,source_disjoint,3,2,-0.0026684060721063885
H101,derivative_sign_randomization,external_lung,seed42_main,source_disjoint,3,3,-0.007649430740038099
H101,derivative_sign_randomization,external_lung,seed42_main,source_disjoint,3,4,-0.0019568311195445887
H101,derivative_sign_randomization,external_lung,seed42_main,source_disjoint,3,5,-0.0022533206831120145
H101,derivative_sign_randomization,external_lung,seed42_main,source_disjoint,3,6,-0.005692599620493399
H101,derivative_sign_randomization,external_lung,seed42_main,source_disjoint,3,7,-0.004743833017077925
H101,derivative_sign_randomization,external_lung,seed42_main,source_disjoint,3,8,-0.001363851992409959
H101,derivative_sign_randomization,external_lung,seed42_main,source_disjoint,3,9,0.0015417457305502147
H101,derivative_sign_randomization,external_lung,seed42_main,source_disjoint,3,10,-0.0033206831119545477
H101,derivative_sign_randomization,external_lung,seed42_main,source_disjoint,3,11,-0.0003557874762809554
H101,derivative_sign_randomization,external_lung,seed42_main,source_disjoint,3,12,0.003913662239089066
H101,derivative_sign_randomization,external_lung,seed42_main,source_disjoint,3,13,-0.0008894686907020555
H101,derivative_sign_randomization,external_lung,seed42_main,source_disjoint,3,14,-0.007234345351043614
H101,derivative_sign_randomization,external_lung,seed42_main,source_disjoint,3,15,-0.012867647058823595
H101,derivative_sign_randomization,external_lung,seed42_main,source_disjoint,3,16,-0.006878557874762881
H101,derivative_sign_randomization,external_lung,seed42_main,source_disjoint,3,17,0.0004743833017076815
H101,derivative_sign_randomization,external_lung,seed42_main,source_disjoint,3,18,-0.0018975332068312811
H101,derivative_sign_randomization,external_lung,seed42_main,source_disjoint,3,19,-0.009665559772295995
H101,derivative_sign_randomization,external_lung,seed42_main,source_disjoint,7,0,0.012867647058823484
H101,derivative_sign_randomization,external_lung,seed42_main,source_disjoint,7,1,0.018323055028462765
H101,derivative_sign_randomization,external_lung,seed42_main,source_disjoint,7,2,0.02496442125237175
H101,derivative_sign_randomization,external_lung,seed42_main,source_disjoint,7,3,0.009546963946868936
H101,derivative_sign_randomization,external_lung,seed42_main,source_disjoint,7,4,0.013994307400379435
H101,derivative_sign_randomization,external_lung,seed42_main,source_disjoint,7,5,0.017137096774193505
H101,derivative_sign_randomization,external_lung,seed42_main,source_disjoint,7,6,0.008183111954459088
H101,derivative_sign_randomization,external_lung,seed42_main,source_disjoint,7,7,0.008894686907020777
H101,derivative_sign_randomization,external_lung,seed42_main,source_disjoint,7,8,0.013519924098671643
H101,derivative_sign_randomization,external_lung,seed42_main,source_disjoint,7,9,0.00925047438330151
H101,derivative_sign_randomization,external_lung,seed42_main,source_disjoint,7,10,0.017611480075901298
H101,derivative_sign_randomization,external_lung,seed42_main,source_disjoint,7,11,-0.0007115749525617998
H101,derivative_sign_randomization,external_lung,seed42_main,source_disjoint,7,12,0.025853889943073916
H101,derivative_sign_randomization,external_lung,seed42_main,source_disjoint,7,13,0.017611480075901298
H101,derivative_sign_randomization,external_lung,seed42_main,source_disjoint,7,14,0.007115749525616666
H101,derivative_sign_randomization,external_lung,seed42_main,source_disjoint,7,15,0.005218216318785385
H101,derivative_sign_randomization,external_lung,seed42_main,source_disjoint,7,16,0.009606261859582355
H101,derivative_sign_randomization,external_lung,seed42_main,source_disjoint,7,17,0.011681688804553891
H101,derivative_sign_randomization,external_lung,seed42_main,source_disjoint,7,18,-0.0005929791271348517
H101,derivative_sign_randomization,external_lung,seed42_main,source_disjoint,7,19,0.018263757115749568
H101,derivative_sign_randomization,external_lung,seed42_main,source_disjoint,11,0,-0.011503795066413636
H101,derivative_sign_randomization,external_lung,seed42_main,source_disjoint,11,1,-0.006404174573054866
H101,derivative_sign_randomization,external_lung,seed42_main,source_disjoint,11,2,-0.00871679316888041
H101,derivative_sign_randomization,external_lung,seed42_main,source_disjoint,11,3,-0.0006522770398481592
H101,derivative_sign_randomization,external_lung,seed42_main,source_disjoint,11,4,-0.0040322580645161255
H101,derivative_sign_randomization,external_lung,seed42_main,source_disjoint,11,5,-0.0017196394686905814
H101,derivative_sign_randomization,external_lung,seed42_main,source_disjoint,11,6,-0.007886622390891884
H101,derivative_sign_randomization,external_lung,seed42_main,source_disjoint,11,7,-0.004625237191650755
H101,derivative_sign_randomization,external_lung,seed42_main,source_disjoint,11,8,-0.014705882352941235
H101,derivative_sign_randomization,external_lung,seed42_main,source_disjoint,11,9,-0.005218216318785607
H101,derivative_sign_randomization,external_lung,seed42_main,source_disjoint,11,10,-0.011622390891840584
H101,derivative_sign_randomization,external_lung,seed42_main,source_disjoint,11,11,-5.9297912713418555e-05
H101,derivative_sign_randomization,external_lung,seed42_main,source_disjoint,11,12,-0.008242409867172618
H101,derivative_sign_randomization,external_lung,seed42_main,source_disjoint,11,13,-0.011740986717267532
H101,derivative_sign_randomization,external_lung,seed42_main,source_disjoint,11,14,0.0011859582542694813
H101,derivative_sign_randomization,external_lung,seed42_main,source_disjoint,11,15,-0.004921726755218181
H101,derivative_sign_randomization,external_lung,seed42_main,source_disjoint,11,16,-0.002075426944971537
H101,derivative_sign_randomization,external_lung,seed42_main,source_disjoint,11,17,-0.013519924098671643
H101,derivative_sign_randomization,external_lung,seed42_main,source_disjoint,11,18,0.003439278937381385
H101,derivative_sign_randomization,external_lung,seed42_main,source_disjoint,11,19,0.000948766603415585
H101,derivative_sign_randomization,external_lung,seed42_main,target_disjoint,0,0,-0.015922304439746293
H101,derivative_sign_randomization,external_lung,seed42_main,target_disjoint,0,1,-0.01843287526427051
H101,derivative_sign_randomization,external_lung,seed42_main,target_disjoint,0,2,-0.003964059196617242
H101,derivative_sign_randomization,external_lung,seed42_main,target_disjoint,0,3,-0.0024445031712473364
H101,derivative_sign_randomization,external_lung,seed42_main,target_disjoint,0,4,-0.012354651162790775
H101,derivative_sign_randomization,external_lung,seed42_main,target_disjoint,0,5,-0.007399577167019
H101,derivative_sign_randomization,external_lung,seed42_main,target_disjoint,0,6,-0.013477801268498846
H101,derivative_sign_randomization,external_lung,seed42_main,target_disjoint,0,7,0.0003964059196617242
H101,derivative_sign_randomization,external_lung,seed42_main,target_disjoint,0,8,-0.013543868921775837
H101,derivative_sign_randomization,external_lung,seed42_main,target_disjoint,0,9,-0.011363636363636354
H101,derivative_sign_randomization,external_lung,seed42_main,target_disjoint,0,10,-0.0030391120507399227
H101,derivative_sign_randomization,external_lung,seed42_main,target_disjoint,0,11,-0.007135306553911258
H101,derivative_sign_randomization,external_lung,seed42_main,target_disjoint,0,12,-0.006871035940803294
H101,derivative_sign_randomization,external_lung,seed42_main,target_disjoint,0,13,-0.007597780126849862
H101,derivative_sign_randomization,external_lung,seed42_main,target_disjoint,0,14,-0.007531712473572871
H101,derivative_sign_randomization,external_lung,seed42_main,target_disjoint,0,15,0.0011231501057082927
H101,derivative_sign_randomization,external_lung,seed42_main,target_disjoint,0,16,-0.013742071881606699
H101,derivative_sign_randomization,external_lung,seed42_main,target_disjoint,0,17,-0.003303382663847887
H101,derivative_sign_randomization,external_lung,seed42_main,target_disjoint,0,18,-0.0029730443974629317
H101,derivative_sign_randomization,external_lung,seed42_main,target_disjoint,0,19,-0.006606765327695552
H101,derivative_sign_randomization,external_lung,seed42_main,target_disjoint,3,0,0.0006606765327694664
H101,derivative_sign_randomization,external_lung,seed42_main,target_disjoint,3,1,0.00455866807610994
H101,derivative_sign_randomization,external_lung,seed42_main,target_disjoint,3,2,0.0043604651162789665
H101,derivative_sign_randomization,external_lung,seed42_main,target_disjoint,3,3,0.0029069767441861627
H101,derivative_sign_randomization,external_lung,seed42_main,target_disjoint,3,4,-0.004030126849894344
H101,derivative_sign_randomization,external_lung,seed42_main,target_disjoint,3,5,0.0009249471458774305
H101,derivative_sign_randomization,external_lung,seed42_main,target_disjoint,3,6,0.0027748414376321806
H101,derivative_sign_randomization,external_lung,seed42_main,target_disjoint,3,7,0.0003964059196617242
H101,derivative_sign_randomization,external_lung,seed42_main,target_disjoint,3,8,0.0027748414376320696
H101,derivative_sign_randomization,external_lung,seed42_main,target_disjoint,3,9,0.0042943974630021975
H101,derivative_sign_randomization,external_lung,seed42_main,target_disjoint,3,10,-0.0005285412262154843
H101,derivative_sign_randomization,external_lung,seed42_main,target_disjoint,3,11,-0.016252642706131137
H101,derivative_sign_randomization,external_lung,seed42_main,target_disjoint,3,12,-0.0026427061310780875
H101,derivative_sign_randomization,external_lung,seed42_main,target_disjoint,3,13,-0.006210359408033939
H101,derivative_sign_randomization,external_lung,seed42_main,target_disjoint,3,14,-0.0025766384778013185
H101,derivative_sign_randomization,external_lung,seed42_main,target_disjoint,3,15,0.00363372093023262
H101,derivative_sign_randomization,external_lung,seed42_main,target_disjoint,3,16,0.0009249471458773195
H101,derivative_sign_randomization,external_lung,seed42_main,target_disjoint,3,17,-0.007267441860465129
H101,derivative_sign_randomization,external_lung,seed42_main,target_disjoint,3,18,-0.006871035940803405
H101,derivative_sign_randomization,external_lung,seed42_main,target_disjoint,3,19,-0.0001982029598307511
H101,derivative_sign_randomization,external_lung,seed42_main,target_disjoint,7,0,0.004162262156448326
H101,derivative_sign_randomization,external_lung,seed42_main,target_disjoint,7,1,0.0001982029598308621
H101,derivative_sign_randomization,external_lung,seed42_main,target_disjoint,7,2,-0.0077959830866806135
H101,derivative_sign_randomization,external_lung,seed42_main,target_disjoint,7,3,0.0024445031712474474
H101,derivative_sign_randomization,external_lung,seed42_main,target_disjoint,7,4,-0.0025105708245242164
H101,derivative_sign_randomization,external_lung,seed42_main,target_disjoint,7,5,-0.0008588794926003285
H101,derivative_sign_randomization,external_lung,seed42_main,target_disjoint,7,6,6.606765327710207e-05
H101,derivative_sign_randomization,external_lung,seed42_main,target_disjoint,7,7,0.0003303382663848442
H101,derivative_sign_randomization,external_lung,seed42_main,target_disjoint,7,8,0.0021141649048627142
H101,derivative_sign_randomization,external_lung,seed42_main,target_disjoint,7,9,-0.001651691331923888
H101,derivative_sign_randomization,external_lung,seed42_main,target_disjoint,7,10,-0.0038979915433403622
H101,derivative_sign_randomization,external_lung,seed42_main,target_disjoint,7,11,0.0029069767441860517
H101,derivative_sign_randomization,external_lung,seed42_main,target_disjoint,7,12,-0.0015856236786467859
H101,derivative_sign_randomization,external_lung,seed42_main,target_disjoint,7,13,-0.00654069767441845
H101,derivative_sign_randomization,external_lung,seed42_main,target_disjoint,7,14,-0.003303382663847776
H101,derivative_sign_randomization,external_lung,seed42_main,target_disjoint,7,15,-0.0015856236786467859
H101,derivative_sign_randomization,external_lung,seed42_main,target_disjoint,7,16,0.0025766384778013185
H101,derivative_sign_randomization,external_lung,seed42_main,target_disjoint,7,17,-0.004030126849894233
H101,derivative_sign_randomization,external_lung,seed42_main,target_disjoint,7,18,0.0009910147991544216
H101,derivative_sign_randomization,external_lung,seed42_main,target_disjoint,7,19,0.0005946088794928084
H101,derivative_sign_randomization,external_lung,seed42_main,target_disjoint,11,0,-0.0026427061310781985
H101,derivative_sign_randomization,external_lung,seed42_main,target_disjoint,11,1,-0.005087209302325757
H101,derivative_sign_randomization,external_lung,seed42_main,target_disjoint,11,2,-0.007465644820295991
H101,derivative_sign_randomization,external_lung,seed42_main,target_disjoint,11,3,0.00019820295983064007
H101,derivative_sign_randomization,external_lung,seed42_main,target_disjoint,11,4,-0.003435517970401758
H101,derivative_sign_randomization,external_lung,seed42_main,target_disjoint,11,5,-0.005351479915433499
H101,derivative_sign_randomization,external_lung,seed42_main,target_disjoint,11,6,-0.0025766384778013185
H101,derivative_sign_randomization,external_lung,seed42_main,target_disjoint,11,7,0.0043604651162788555
H101,derivative_sign_randomization,external_lung,seed42_main,target_disjoint,11,8,0.009778012684989346
H101,derivative_sign_randomization,external_lung,seed42_main,target_disjoint,11,9,-0.004030126849894344
H101,derivative_sign_randomization,external_lung,seed42_main,target_disjoint,11,10,0.00013213530655387107
H101,derivative_sign_randomization,external_lung,seed42_main,target_disjoint,11,11,0.0011892177589852837
H101,derivative_sign_randomization,external_lung,seed42_main,target_disjoint,11,12,-0.0038319238900634822
H101,derivative_sign_randomization,external_lung,seed42_main,target_disjoint,11,13,-0.0012552854122620527
H101,derivative_sign_randomization,external_lung,seed42_main,target_disjoint,11,14,0.003303382663847776
H101,derivative_sign_randomization,external_lung,seed42_main,target_disjoint,11,15,-0.0009249471458774305
H101,derivative_sign_randomization,external_lung,seed42_main,target_disjoint,11,16,-0.001585623678647119
H101,derivative_sign_randomization,external_lung,seed42_main,target_disjoint,11,17,-0.0029069767441861627
H101,derivative_sign_randomization,external_lung,seed42_main,target_disjoint,11,18,-0.004756871035940913
H101,derivative_sign_randomization,external_lung,seed42_main,target_disjoint,11,19,0.0005946088794924753
H101,derivative_sign_randomization,immune,seed42_main,source_disjoint,0,0,-0.004497041420118308
H101,derivative_sign_randomization,immune,seed42_main,source_disjoint,0,1,0.004181459566074963
H101,derivative_sign_randomization,immune,seed42_main,source_disjoint,0,2,0.0010256410256409554
H101,derivative_sign_randomization,immune,seed42_main,source_disjoint,0,3,0.0010256410256410664
H101,derivative_sign_randomization,immune,seed42_main,source_disjoint,0,4,7.889546351091958e-05
H101,derivative_sign_randomization,immune,seed42_main,source_disjoint,0,5,0.004733727810650956
H101,derivative_sign_randomization,immune,seed42_main,source_disjoint,0,6,0.0007889546351085297
H101,derivative_sign_randomization,immune,seed42_main,source_disjoint,0,7,0.0018934911242602936
H101,derivative_sign_randomization,immune,seed42_main,source_disjoint,0,8,0.0002366863905325367
H101,derivative_sign_randomization,immune,seed42_main,source_disjoint,0,9,0.003076923076923088
H101,derivative_sign_randomization,immune,seed42_main,source_disjoint,0,10,0.00015779092702161712
H101,derivative_sign_randomization,immune,seed42_main,source_disjoint,0,11,-0.0004733727810650734
H101,derivative_sign_randomization,immune,seed42_main,source_disjoint,0,12,0.00039447731755415383
H101,derivative_sign_randomization,immune,seed42_main,source_disjoint,0,13,0.0012623274161736031
H101,derivative_sign_randomization,immune,seed42_main,source_disjoint,0,14,0.0010256410256410664
H101,derivative_sign_randomization,immune,seed42_main,source_disjoint,0,15,-0.001814595660749485
H101,derivative_sign_randomization,immune,seed42_main,source_disjoint,0,16,0.002366863905325367
H101,derivative_sign_randomization,immune,seed42_main,source_disjoint,0,17,0.0014990138067061398
H101,derivative_sign_randomization,immune,seed42_main,source_disjoint,0,18,0.00015779092702161712
H101,derivative_sign_randomization,immune,seed42_main,source_disjoint,0,19,0.002366863905325367
H101,derivative_sign_randomization,immune,seed42_main,source_disjoint,3,0,-0.011360946745562095
H101,derivative_sign_randomization,immune,seed42_main,source_disjoint,3,1,-0.009704142011834227
H101,derivative_sign_randomization,immune,seed42_main,source_disjoint,3,2,-0.008205128205128198
H101,derivative_sign_randomization,immune,seed42_main,source_disjoint,3,3,-0.01672583826429974
H101,derivative_sign_randomization,immune,seed42_main,source_disjoint,3,4,-0.011203155818540367
H101,derivative_sign_randomization,immune,seed42_main,source_disjoint,3,5,-0.01104536489151875
H101,derivative_sign_randomization,immune,seed42_main,source_disjoint,3,6,-0.00512820512820511
H101,derivative_sign_randomization,immune,seed42_main,source_disjoint,3,7,-0.01530571992110441
H101,derivative_sign_randomization,immune,seed42_main,source_disjoint,3,8,-0.007100591715976323
H101,derivative_sign_randomization,immune,seed42_main,source_disjoint,3,9,-0.012702169625246507
H101,derivative_sign_randomization,immune,seed42_main,source_disjoint,3,10,0.0035502958579881616
H101,derivative_sign_randomization,immune,seed42_main,source_disjoint,3,11,-0.00362919132149897
H101,derivative_sign_randomization,immune,seed42_main,source_disjoint,3,12,-0.004023668639053124
H101,derivative_sign_randomization,immune,seed42_main,source_disjoint,3,13,0.00804733727810647
H101,derivative_sign_randomization,immune,seed42_main,source_disjoint,3,14,-0.020039447731755367
H101,derivative_sign_randomization,immune,seed42_main,source_disjoint,3,15,-0.01901380670611441
H101,derivative_sign_randomization,immune,seed42_main,source_disjoint,3,16,-0.0032347140039447053
H101,derivative_sign_randomization,immune,seed42_main,source_disjoint,3,17,-0.006785009861932867
H101,derivative_sign_randomization,immune,seed42_main,source_disjoint,3,18,-0.0014990138067061398
H101,derivative_sign_randomization,immune,seed42_main,source_disjoint,3,19,0.004812623274161876
H101,derivative_sign_randomization,immune,seed42_main,source_disjoint,7,0,0.03313609467455614
H101,derivative_sign_randomization,immune,seed42_main,source_disjoint,7,1,0.03140039447731746
H101,derivative_sign_randomization,immune,seed42_main,source_disjoint,7,2,0.031321499013806764
H101,derivative_sign_randomization,immune,seed42_main,source_disjoint,7,3,0.020197238658777095
H101,derivative_sign_randomization,immune,seed42_main,source_disjoint,7,4,0.03305719921104544
H101,derivative_sign_randomization,immune,seed42_main,source_disjoint,7,5,0.028007889546351028
H101,derivative_sign_randomization,immune,seed42_main,source_disjoint,7,6,0.0347140039447732
H101,derivative_sign_randomization,immune,seed42_main,source_disjoint,7,7,0.026824457593688233
H101,derivative_sign_randomization,immune,seed42_main,source_disjoint,7,8,0.026114398422090734
H101,derivative_sign_randomization,immune,seed42_main,source_disjoint,7,9,0.031084812623274227
H101,derivative_sign_randomization,immune,seed42_main,source_disjoint,7,10,0.03171597633136092
H101,derivative_sign_randomization,immune,seed42_main,source_disjoint,7,11,0.030374753451676506
H101,derivative_sign_randomization,immune,seed42_main,source_disjoint,7,12,0.020907297830374705
H101,derivative_sign_randomization,immune,seed42_main,source_disjoint,7,13,0.03140039447731746
H101,derivative_sign_randomization,immune,seed42_main,source_disjoint,7,14,0.025956607495068895
H101,derivative_sign_randomization,immune,seed42_main,source_disjoint,7,15,0.035029585798816654
H101,derivative_sign_randomization,immune,seed42_main,source_disjoint,7,16,0.035739644970414264
H101,derivative_sign_randomization,immune,seed42_main,source_disjoint,7,17,0.02769230769230757
H101,derivative_sign_randomization,immune,seed42_main,source_disjoint,7,18,0.026745562130177425
H101,derivative_sign_randomization,immune,seed42_main,source_disjoint,7,19,0.02777120315581849
H101,derivative_sign_randomization,immune,seed42_main,source_disjoint,11,0,0.0026035502958579038
H101,derivative_sign_randomization,immune,seed42_main,source_disjoint,11,1,0.0015779092702168374
H101,derivative_sign_randomization,immune,seed42_main,source_disjoint,11,2,0.002761341222879632
H101,derivative_sign_randomization,immune,seed42_main,source_disjoint,11,3,0.004418145956607389
H101,derivative_sign_randomization,immune,seed42_main,source_disjoint,11,4,0.0037080867850097787
H101,derivative_sign_randomization,immune,seed42_main,source_disjoint,11,5,-0.00039447731755437587
H101,derivative_sign_randomization,immune,seed42_main,source_disjoint,11,6,0.001814595660749374
H101,derivative_sign_randomization,immune,seed42_main,source_disjoint,11,7,0.0039447731755424265
H101,derivative_sign_randomization,immune,seed42_main,source_disjoint,11,8,-0.001656804733727868
H101,derivative_sign_randomization,immune,seed42_main,source_disjoint,11,9,0.003313609467455514
H101,derivative_sign_randomization,immune,seed42_main,source_disjoint,11,10,-0.0021301775147929414
H101,derivative_sign_randomization,immune,seed42_main,source_disjoint,11,11,-0.0006311637080869126
H101,derivative_sign_randomization,immune,seed42_main,source_disjoint,11,12,0.0026035502958577927
H101,derivative_sign_randomization,immune,seed42_main,source_disjoint,11,13,0.005285996055226838
H101,derivative_sign_randomization,immune,seed42_main,source_disjoint,11,14,0.00220907297830375
H101,derivative_sign_randomization,immune,seed42_main,source_disjoint,11,15,0.0063116370808677935
H101,derivative_sign_randomization,immune,seed42_main,source_disjoint,11,16,0.004970414201183493
H101,derivative_sign_randomization,immune,seed42_main,source_disjoint,11,17,0.00512820512820511
H101,derivative_sign_randomization,immune,seed42_main,source_disjoint,11,18,0.004497041420118197
H101,derivative_sign_randomization,immune,seed42_main,source_disjoint,11,19,0.0021301775147928304
H101,derivative_sign_randomization,immune,seed42_main,target_disjoint,0,0,0.00512820512820511
H101,derivative_sign_randomization,immune,seed42_main,target_disjoint,0,1,0.007100591715976323
H101,derivative_sign_randomization,immune,seed42_main,target_disjoint,0,2,0.0017357001972386765
H101,derivative_sign_randomization,immune,seed42_main,target_disjoint,0,3,-0.0006311637080869126
H101,derivative_sign_randomization,immune,seed42_main,target_disjoint,0,4,0.004102564102564044
H101,derivative_sign_randomization,immune,seed42_main,target_disjoint,0,5,-0.0014990138067061398
H101,derivative_sign_randomization,immune,seed42_main,target_disjoint,0,6,-0.0003155818540434563
H101,derivative_sign_randomization,immune,seed42_main,target_disjoint,0,7,0.0037080867850097787
H101,derivative_sign_randomization,immune,seed42_main,target_disjoint,0,8,0.004812623274161654
H101,derivative_sign_randomization,immune,seed42_main,target_disjoint,0,9,0.0025246548323472062
H101,derivative_sign_randomization,immune,seed42_main,target_disjoint,0,10,0.000552268244575882
H101,derivative_sign_randomization,immune,seed42_main,target_disjoint,0,11,-0.0003155818540434563
H101,derivative_sign_randomization,immune,seed42_main,target_disjoint,0,12,0.0029980276134121686
H101,derivative_sign_randomization,immune,seed42_main,target_disjoint,0,13,0.00220907297830375
H101,derivative_sign_randomization,immune,seed42_main,target_disjoint,0,14,0.0033925049309665445
H101,derivative_sign_randomization,immune,seed42_main,target_disjoint,0,15,0.0026824457593687123
H101,derivative_sign_randomization,immune,seed42_main,target_disjoint,0,16,0.0031558185404338968
H101,derivative_sign_randomization,immune,seed42_main,target_disjoint,0,17,0.004891518737672462
H101,derivative_sign_randomization,immune,seed42_main,target_disjoint,0,18,-0.004970414201183493
H101,derivative_sign_randomization,immune,seed42_main,target_disjoint,0,19,-0.007968441814595772
H101,derivative_sign_randomization,immune,seed42_main,target_disjoint,3,0,-0.005049309664694301
H101,derivative_sign_randomization,immune,seed42_main,target_disjoint,3,1,-0.011597633136094743
H101,derivative_sign_randomization,immune,seed42_main,target_disjoint,3,2,-0.0021301775147929414
H101,derivative_sign_randomization,immune,seed42_main,target_disjoint,3,3,0.0021301775147928304
H101,derivative_sign_randomization,immune,seed42_main,target_disjoint,3,4,-0.005443786982248677
H101,derivative_sign_randomization,immune,seed42_main,target_disjoint,3,5,-0.005049309664694301
H101,derivative_sign_randomization,immune,seed42_main,target_disjoint,3,6,-0.008599605522682463
H101,derivative_sign_randomization,immune,seed42_main,target_disjoint,3,7,-0.010256410256410331
H101,derivative_sign_randomization,immune,seed42_main,target_disjoint,3,8,-0.010493096646942757
H101,derivative_sign_randomization,immune,seed42_main,target_disjoint,3,9,0.000552268244575993
H101,derivative_sign_randomization,immune,seed42_main,target_disjoint,3,10,-0.001814595660749374
H101,derivative_sign_randomization,immune,seed42_main,target_disjoint,3,11,0.0026824457593688233
H101,derivative_sign_randomization,immune,seed42_main,target_disjoint,3,12,0.002761341222879632
H101,derivative_sign_randomization,immune,seed42_main,target_disjoint,3,13,-0.004891518737672573
H101,derivative_sign_randomization,immune,seed42_main,target_disjoint,3,14,0.001262327416173492
H101,derivative_sign_randomization,immune,seed42_main,target_disjoint,3,15,-0.0012623274161736031
H101,derivative_sign_randomization,immune,seed42_main,target_disjoint,3,16,0.004733727810650845
H101,derivative_sign_randomization,immune,seed42_main,target_disjoint,3,17,-0.013096646942800882
H101,derivative_sign_randomization,immune,seed42_main,target_disjoint,3,18,0.0026035502958579038
H101,derivative_sign_randomization,immune,seed42_main,target_disjoint,3,19,0.001972386587771102
H101,derivative_sign_randomization,immune,seed42_main,target_disjoint,7,0,-0.00031558185404334527
H101,derivative_sign_randomization,immune,seed42_main,target_disjoint,7,1,-0.006469428007889522
H101,derivative_sign_randomization,immune,seed42_main,target_disjoint,7,2,-0.002051282051282022
H101,derivative_sign_randomization,immune,seed42_main,target_disjoint,7,3,-0.009151873767258345
H101,derivative_sign_randomization,immune,seed42_main,target_disjoint,7,4,-0.0021301775147928304
H101,derivative_sign_randomization,immune,seed42_main,target_disjoint,7,5,0.0024457593688363977
H101,derivative_sign_randomization,immune,seed42_main,target_disjoint,7,6,0.003076923076923088
H101,derivative_sign_randomization,immune,seed42_main,target_disjoint,7,7,-0.00591715976331364
H101,derivative_sign_randomization,immune,seed42_main,target_disjoint,7,8,-0.0008678500986193383
H101,derivative_sign_randomization,immune,seed42_main,target_disjoint,7,9,-0.014122287968441727
H101,derivative_sign_randomization,immune,seed42_main,target_disjoint,7,10,-0.005285996055226838
H101,derivative_sign_randomization,immune,seed42_main,target_disjoint,7,11,-0.0057593688362919115
H101,derivative_sign_randomization,immune,seed42_main,target_disjoint,7,12,-0.007495069033530477
H101,derivative_sign_randomization,immune,seed42_main,target_disjoint,7,13,0.0006311637080868016
H101,derivative_sign_randomization,immune,seed42_main,target_disjoint,7,14,-0.004970414201183382
H101,derivative_sign_randomization,immune,seed42_main,target_disjoint,7,15,-0.008599605522682463
H101,derivative_sign_randomization,immune,seed42_main,target_disjoint,7,16,0.002524654832347095
H101,derivative_sign_randomization,immune,seed42_main,target_disjoint,7,17,-0.008362919132149815
H101,derivative_sign_randomization,immune,seed42_main,target_disjoint,7,18,-0.012071005917159705
H101,derivative_sign_randomization,immune,seed42_main,target_disjoint,7,19,0.0032347140039448163
H101,derivative_sign_randomization,immune,seed42_main,target_disjoint,11,0,0.018067061143984153
H101,derivative_sign_randomization,immune,seed42_main,target_disjoint,11,1,0.008362919132149926
H101,derivative_sign_randomization,immune,seed42_main,target_disjoint,11,2,0.02800788954635114
H101,derivative_sign_randomization,immune,seed42_main,target_disjoint,11,3,0.016489151873767316
H101,derivative_sign_randomization,immune,seed42_main,target_disjoint,11,4,0.003865877712031618
H101,derivative_sign_randomization,immune,seed42_main,target_disjoint,11,5,0.006706114398422169
H101,derivative_sign_randomization,immune,seed42_main,target_disjoint,11,6,7.889546351080856e-05
H101,derivative_sign_randomization,immune,seed42_main,target_disjoint,11,7,0.002919132149901471
H101,derivative_sign_randomization,immune,seed42_main,target_disjoint,11,8,0.009151873767258456
H101,derivative_sign_randomization,immune,seed42_main,target_disjoint,11,9,0.016489151873767205
H101,derivative_sign_randomization,immune,seed42_main,target_disjoint,11,10,0.012307692307692353
H101,derivative_sign_randomization,immune,seed42_main,target_disjoint,11,11,0.01759368836291908
H101,derivative_sign_randomization,immune,seed42_main,target_disjoint,11,12,0.009861932938856177
H101,derivative_sign_randomization,immune,seed42_main,target_disjoint,11,13,0.010650887573964485
H101,derivative_sign_randomization,immune,seed42_main,target_disjoint,11,14,0.018698224852071066
H101,derivative_sign_randomization,immune,seed42_main,target_disjoint,11,15,0.00954635108481261
H101,derivative_sign_randomization,immune,seed42_main,target_disjoint,11,16,0.017435897435897463
H101,derivative_sign_randomization,immune,seed42_main,target_disjoint,11,17,0.01254437869822489
H101,derivative_sign_randomization,immune,seed42_main,target_disjoint,11,18,0.019487179487179485
H101,derivative_sign_randomization,immune,seed42_main,target_disjoint,11,19,0.014911242603550368
H101,derivative_sign_randomization,lung,seed42_main,source_disjoint,0,0,0.0018936031717852186
H101,derivative_sign_randomization,lung,seed42_main,source_disjoint,0,1,-0.001005976685011012
H101,derivative_sign_randomization,lung,seed42_main,source_disjoint,0,2,-0.014793774779572777
H101,derivative_sign_randomization,lung,seed42_main,source_disjoint,0,3,-0.0013610272797208722
H101,derivative_sign_randomization,lung,seed42_main,source_disjoint,0,4,-0.005562459317119517
H101,derivative_sign_randomization,lung,seed42_main,source_disjoint,0,5,-0.007633587786259666
H101,derivative_sign_randomization,lung,seed42_main,source_disjoint,0,6,0.0016569027753121635
H101,derivative_sign_randomization,lung,seed42_main,source_disjoint,0,7,-0.010888218237765757
H101,derivative_sign_randomization,lung,seed42_main,source_disjoint,0,8,0.0050890585241729624
H101,derivative_sign_randomization,lung,seed42_main,source_disjoint,0,9,0.0030179300550328136
H101,derivative_sign_randomization,lung,seed42_main,source_disjoint,0,10,-0.0027220545594415224
H101,derivative_sign_randomization,lung,seed42_main,source_disjoint,0,11,-0.010178117048346147
H101,derivative_sign_randomization,lung,seed42_main,source_disjoint,0,12,-0.0030771051541512717
H101,derivative_sign_randomization,lung,seed42_main,source_disjoint,0,13,-0.015858926563702136
H101,derivative_sign_randomization,lung,seed42_main,source_disjoint,0,14,-0.007160186993313111
H101,derivative_sign_randomization,lung,seed42_main,source_disjoint,0,15,-0.005266583821528004
H101,derivative_sign_randomization,lung,seed42_main,source_disjoint,0,16,-0.0039055565418073535
H101,derivative_sign_randomization,lung,seed42_main,source_disjoint,0,17,-0.023196638854370066
H101,derivative_sign_randomization,lung,seed42_main,source_disjoint,0,18,-0.0038463814426890064
H101,derivative_sign_randomization,lung,seed42_main,source_disjoint,0,19,-0.016095626960175302
H101,derivative_sign_randomization,lung,seed42_main,source_disjoint,3,0,0.022900763358778553
H101,derivative_sign_randomization,lung,seed42_main,source_disjoint,3,1,0.026687969702349212
H101,derivative_sign_randomization,lung,seed42_main,source_disjoint,3,2,0.0019527782709033437
H101,derivative_sign_randomization,lung,seed42_main,source_disjoint,3,3,0.027989821882951404
H101,derivative_sign_randomization,lung,seed42_main,source_disjoint,3,4,-0.002367003964731773
H101,derivative_sign_randomization,lung,seed42_main,source_disjoint,3,5,-0.005384934019764698
H101,derivative_sign_randomization,lung,seed42_main,source_disjoint,3,6,0.00426060713651677
H101,derivative_sign_randomization,lung,seed42_main,source_disjoint,3,7,0.006568436002130085
H101,derivative_sign_randomization,lung,seed42_main,source_disjoint,3,8,0.022013136872004013
H101,derivative_sign_randomization,lung,seed42_main,source_disjoint,3,9,0.017515829339014077
H101,derivative_sign_randomization,lung,seed42_main,source_disjoint,3,10,0.016391502455766593
H101,derivative_sign_randomization,lung,seed42_main,source_disjoint,3,11,0.018048405231078646
H101,derivative_sign_randomization,lung,seed42_main,source_disjoint,3,12,0.011006568436002118
H101,derivative_sign_randomization,lung,seed42_main,source_disjoint,3,13,0.003372980649742452
H101,derivative_sign_randomization,lung,seed42_main,source_disjoint,3,14,0.005325758920646018
H101,derivative_sign_randomization,lung,seed42_main,source_disjoint,3,15,0.007278537191549694
H101,derivative_sign_randomization,lung,seed42_main,source_disjoint,3,16,0.015030475176045832
H101,derivative_sign_randomization,lung,seed42_main,source_disjoint,3,17,0.01864015622226156
H101,derivative_sign_randomization,lung,seed42_main,source_disjoint,3,18,0.012012545121012908
H101,derivative_sign_randomization,lung,seed42_main,source_disjoint,3,19,0.008521214273033872
H101,derivative_sign_randomization,lung,seed42_main,source_disjoint,7,0,0.016213977158411774
H101,derivative_sign_randomization,lung,seed42_main,source_disjoint,7,1,0.013077696905142377
H101,derivative_sign_randomization,lung,seed42_main,source_disjoint,7,2,0.014142848689271514
H101,derivative_sign_randomization,lung,seed42_main,source_disjoint,7,3,0.0178117048346057
H101,derivative_sign_randomization,lung,seed42_main,source_disjoint,7,4,0.0017752529735488576
H101,derivative_sign_randomization,lung,seed42_main,source_disjoint,7,5,0.014912124977809471
H101,derivative_sign_randomization,lung,seed42_main,source_disjoint,7,6,0.008580389372152109
H101,derivative_sign_randomization,lung,seed42_main,source_disjoint,7,7,0.016983253446949398
H101,derivative_sign_randomization,lung,seed42_main,source_disjoint,7,8,0.009468015858926537
H101,derivative_sign_randomization,lung,seed42_main,source_disjoint,7,9,0.022190662169359276
H101,derivative_sign_randomization,lung,seed42_main,source_disjoint,7,10,0.015089650275164068
H101,derivative_sign_randomization,lung,seed42_main,source_disjoint,7,11,0.007751937984496027
H101,derivative_sign_randomization,lung,seed42_main,source_disjoint,7,12,0.013077696905142266
H101,derivative_sign_randomization,lung,seed42_main,source_disjoint,7,13,0.01680572814959469
H101,derivative_sign_randomization,lung,seed42_main,source_disjoint,7,14,0.01798923013196041
H101,derivative_sign_randomization,lung,seed42_main,source_disjoint,7,15,0.010592342742174132
H101,derivative_sign_randomization,lung,seed42_main,source_disjoint,7,16,0.01716077874430444
H101,derivative_sign_randomization,lung,seed42_main,source_disjoint,7,17,0.03639268595774903
H101,derivative_sign_randomization,lung,seed42_main,source_disjoint,7,18,0.005858334812710808
H101,derivative_sign_randomization,lung,seed42_main,source_disjoint,7,19,0.005917509911829044
H101,derivative_sign_randomization,lung,seed42_main,source_disjoint,11,0,0.05089058524173029
H101,derivative_sign_randomization,lung,seed42_main,source_disjoint,11,1,0.039351440913663716
H101,derivative_sign_randomization,lung,seed42_main,source_disjoint,11,2,0.029765074856500373
H101,derivative_sign_randomization,lung,seed42_main,source_disjoint,11,3,0.04426297414048164
H101,derivative_sign_randomization,lung,seed42_main,source_disjoint,11,4,0.05396769039588145
H101,derivative_sign_randomization,lung,seed42_main,source_disjoint,11,5,0.04976625835848281
H101,derivative_sign_randomization,lung,seed42_main,source_disjoint,11,6,0.042073495473104905
H101,derivative_sign_randomization,lung,seed42_main,source_disjoint,11,7,0.04390792354577189
H101,derivative_sign_randomization,lung,seed42_main,source_disjoint,11,8,0.022190662169359276
H101,derivative_sign_randomization,lung,seed42_main,source_disjoint,11,9,0.03461743298420039
H101,derivative_sign_randomization,lung,seed42_main,source_disjoint,11,10,0.04100834368897566
H101,derivative_sign_randomization,lung,seed42_main,source_disjoint,11,11,0.037280312444523456
H101,derivative_sign_randomization,lung,seed42_main,source_disjoint,11,12,0.05171903662938637
H101,derivative_sign_randomization,lung,seed42_main,source_disjoint,11,13,0.029587549559145554
H101,derivative_sign_randomization,lung,seed42_main,source_disjoint,11,14,0.04503225042901948
H101,derivative_sign_randomization,lung,seed42_main,source_disjoint,11,15,0.03532753417361989
H101,derivative_sign_randomization,lung,seed42_main,source_disjoint,11,16,0.047221729096396325
H101,derivative_sign_randomization,lung,seed42_main,source_disjoint,11,17,0.02864074797325289
H101,derivative_sign_randomization,lung,seed42_main,source_disjoint,11,18,0.036629386354222304
H101,derivative_sign_randomization,lung,seed42_main,source_disjoint,11,19,0.04509142552813783
H101,derivative_sign_randomization,lung,seed42_main,target_disjoint,0,0,0.014675724173288995
H101,derivative_sign_randomization,lung,seed42_main,target_disjoint,0,1,0.01108690079466823
H101,derivative_sign_randomization,lung,seed42_main,target_disjoint,0,2,0.012624967956934241
H101,derivative_sign_randomization,lung,seed42_main,target_disjoint,0,3,0.014932068700333367
H101,derivative_sign_randomization,lung,seed42_main,target_disjoint,0,4,0.013650346065111618
H101,derivative_sign_randomization,lung,seed42_main,target_disjoint,0,5,0.015572930017944242
H101,derivative_sign_randomization,lung,seed42_main,target_disjoint,0,6,0.012945398615739623
H101,derivative_sign_randomization,lung,seed42_main,target_disjoint,0,7,0.01249679569341211
H101,derivative_sign_randomization,lung,seed42_main,target_disjoint,0,8,0.013970776723917
H101,derivative_sign_randomization,lung,seed42_main,target_disjoint,0,9,0.014996154832094488
H101,derivative_sign_randomization,lung,seed42_main,target_disjoint,0,10,0.006088182517303364
H101,derivative_sign_randomization,lung,seed42_main,target_disjoint,0,11,0.004293770827993093
H101,derivative_sign_randomization,lung,seed42_main,target_disjoint,0,12,0.014739810305050116
H101,derivative_sign_randomization,lung,seed42_main,target_disjoint,0,13,0.015124327095616619
H101,derivative_sign_randomization,lung,seed42_main,target_disjoint,0,14,0.00974109202768536
H101,derivative_sign_randomization,lung,seed42_main,target_disjoint,0,15,0.011663675980517985
H101,derivative_sign_randomization,lung,seed42_main,target_disjoint,0,16,0.015829274544988614
H101,derivative_sign_randomization,lung,seed42_main,target_disjoint,0,17,0.009292489105357737
H101,derivative_sign_randomization,lung,seed42_main,target_disjoint,0,18,0.014419379646244845
H101,derivative_sign_randomization,lung,seed42_main,target_disjoint,0,19,0.01352217380158971
H101,derivative_sign_randomization,lung,seed42_main,target_disjoint,3,0,0.008331197128941259
H101,derivative_sign_randomization,lung,seed42_main,target_disjoint,3,1,0.011471417585234622
H101,derivative_sign_randomization,lung,seed42_main,target_disjoint,3,2,0.010574211740579487
H101,derivative_sign_randomization,lung,seed42_main,target_disjoint,3,3,0.008907972314791124
H101,derivative_sign_randomization,lung,seed42_main,target_disjoint,3,4,0.01409894898743913
H101,derivative_sign_randomization,lung,seed42_main,target_disjoint,3,5,0.0007049474493721064
H101,derivative_sign_randomization,lung,seed42_main,target_disjoint,3,6,0.012304537298128637
H101,derivative_sign_randomization,lung,seed42_main,target_disjoint,3,7,0.011535503716995743
H101,derivative_sign_randomization,lung,seed42_main,target_disjoint,3,8,0.005062804409125876
H101,derivative_sign_randomization,lung,seed42_main,target_disjoint,3,9,0.013009484747500744
H101,derivative_sign_randomization,lung,seed42_main,target_disjoint,3,10,0.012176365034606618
H101,derivative_sign_randomization,lung,seed42_main,target_disjoint,3,11,0.013522173801589377
H101,derivative_sign_randomization,lung,seed42_main,target_disjoint,3,12,0.0031402204562933633
H101,derivative_sign_randomization,lung,seed42_main,target_disjoint,3,13,0.008907972314791124
H101,derivative_sign_randomization,lung,seed42_main,target_disjoint,3,14,0.011279159189951371
H101,derivative_sign_randomization,lung,seed42_main,target_disjoint,3,15,0.014611638041527986
H101,derivative_sign_randomization,lung,seed42_main,target_disjoint,3,16,0.015444757754422
H101,derivative_sign_randomization,lung,seed42_main,target_disjoint,3,17,0.016149705203793996
H101,derivative_sign_randomization,lung,seed42_main,target_disjoint,3,18,0.012176365034606618
H101,derivative_sign_randomization,lung,seed42_main,target_disjoint,3,19,0.013009484747500633
H101,derivative_sign_randomization,lung,seed42_main,target_disjoint,7,0,0.00012817226352213051
H101,derivative_sign_randomization,lung,seed42_main,target_disjoint,7,1,-0.0012176365034607395
H101,derivative_sign_randomization,lung,seed42_main,target_disjoint,7,2,0.007818508074852626
H101,derivative_sign_randomization,lung,seed42_main,target_disjoint,7,3,0.0031402204562932523
H101,derivative_sign_randomization,lung,seed42_main,target_disjoint,7,4,0.0023071007433991264
H101,derivative_sign_randomization,lung,seed42_main,target_disjoint,7,5,0.0006408613176108746
H101,derivative_sign_randomization,lung,seed42_main,target_disjoint,7,6,0.0055114073314533885
H101,derivative_sign_randomization,lung,seed42_main,target_disjoint,7,7,0.00704947449371951
H101,derivative_sign_randomization,lung,seed42_main,target_disjoint,7,8,6.408613176089872e-05
H101,derivative_sign_randomization,lung,seed42_main,target_disjoint,7,9,0.004742373750320383
H101,derivative_sign_randomization,lung,seed42_main,target_disjoint,7,10,0.004678287618559374
H101,derivative_sign_randomization,lung,seed42_main,target_disjoint,7,11,0.004998718277364866
H101,derivative_sign_randomization,lung,seed42_main,target_disjoint,7,12,0.011471417585234511
H101,derivative_sign_randomization,lung,seed42_main,target_disjoint,7,13,0.0016662394257883628
H101,derivative_sign_randomization,lung,seed42_main,target_disjoint,7,14,0.006344527044347514
H101,derivative_sign_randomization,lung,seed42_main,target_disjoint,7,15,0.002435273006921257
H101,derivative_sign_randomization,lung,seed42_main,target_disjoint,7,16,0.007305819020763882
H101,derivative_sign_randomization,lung,seed42_main,target_disjoint,7,17,0.009228402973596506
H101,derivative_sign_randomization,lung,seed42_main,target_disjoint,7,18,0.0033324788515765036
H101,derivative_sign_randomization,lung,seed42_main,target_disjoint,7,19,0.0003845167905666136
H101,derivative_sign_randomization,lung,seed42_main,target_disjoint,11,0,0.003524737246859866
H101,derivative_sign_randomization,lung,seed42_main,target_disjoint,11,1,0.003524737246859755
H101,derivative_sign_randomization,lung,seed42_main,target_disjoint,11,2,-0.0030761343245321315
H101,derivative_sign_randomization,lung,seed42_main,target_disjoint,11,3,-0.00019225839528325128
H101,derivative_sign_randomization,lung,seed42_main,target_disjoint,11,4,-0.0023071007433992374
H101,derivative_sign_randomization,lung,seed42_main,target_disjoint,11,5,0.0007690335811330051
H101,derivative_sign_randomization,lung,seed42_main,target_disjoint,11,6,0.0041655985644707405
H101,derivative_sign_randomization,lung,seed42_main,target_disjoint,11,7,-0.0033965649833375133
H101,derivative_sign_randomization,lung,seed42_main,target_disjoint,11,8,0.0017303255575494836
H101,derivative_sign_randomization,lung,seed42_main,target_disjoint,11,9,0.0006408613176109856
H101,derivative_sign_randomization,lung,seed42_main,target_disjoint,11,10,0.0028838759292488803
H101,derivative_sign_randomization,lung,seed42_main,target_disjoint,11,11,0.0025634452704433874
H101,derivative_sign_randomization,lung,seed42_main,target_disjoint,11,12,0.0033965649833377354
H101,derivative_sign_randomization,lung,seed42_main,target_disjoint,11,13,-0.00429377082799276
H101,derivative_sign_randomization,lung,seed42_main,target_disjoint,11,14,-0.0057677518584978715
H101,derivative_sign_randomization,lung,seed42_main,target_disjoint,11,15,0.005255062804409127
H101,derivative_sign_randomization,lung,seed42_main,target_disjoint,11,16,0.001858497821071614
H101,derivative_sign_randomization,lung,seed42_main,target_disjoint,11,17,-0.00012817226352224154
H101,derivative_sign_randomization,lung,seed42_main,target_disjoint,11,18,-0.0028838759292488803
H101,derivative_sign_randomization,lung,seed42_main,target_disjoint,11,19,-0.003268392719815383
H101,label_permutation,external_lung,seed42_main,source_disjoint,0,0,0.01126660341555974
H101,label_permutation,external_lung,seed42_main,source_disjoint,0,1,0.034096299810246644
H101,label_permutation,external_lung,seed42_main,source_disjoint,0,2,-0.0021347248576849553
H101,label_permutation,external_lung,seed42_main,source_disjoint,0,3,0.008894686907020888
H101,label_permutation,external_lung,seed42_main,source_disjoint,0,4,-0.009902751423149891
H101,label_permutation,external_lung,seed42_main,source_disjoint,0,5,0.013697817836812232
H101,label_permutation,external_lung,seed42_main,source_disjoint,0,6,-0.013282732447817858
H101,label_permutation,external_lung,seed42_main,source_disjoint,0,7,0.020991461100569264
H101,label_permutation,external_lung,seed42_main,source_disjoint,0,8,0.006226280834914721
H101,label_permutation,external_lung,seed42_main,source_disjoint,0,9,0.006937855787476188
H101,label_permutation,external_lung,seed42_main,source_disjoint,0,10,0.009072580645161366
H101,label_permutation,external_lung,seed42_main,source_disjoint,0,11,0.04138994307400379
H101,label_permutation,external_lung,seed42_main,source_disjoint,0,12,0.030182637571157467
H101,label_permutation,external_lung,seed42_main,source_disjoint,0,13,0.008242409867172729
H101,label_permutation,external_lung,seed42_main,source_disjoint,0,14,0.020517077798861583
H101,label_permutation,external_lung,seed42_main,source_disjoint,0,15,0.01755218216318777
H101,label_permutation,external_lung,seed42_main,source_disjoint,0,16,0.024074952561669805
H101,label_permutation,external_lung,seed42_main,source_disjoint,0,17,0.029471062618595778
H101,label_permutation,external_lung,seed42_main,source_disjoint,0,18,0.022236717267552275
H101,label_permutation,external_lung,seed42_main,source_disjoint,0,19,0.03629032258064524
H101,label_permutation,external_lung,seed42_main,source_disjoint,3,0,0.028492647058823595
H101,label_permutation,external_lung,seed42_main,source_disjoint,3,1,0.04874288425047446
H101,label_permutation,external_lung,seed42_main,source_disjoint,3,2,-0.0031131404174571387
H101,label_permutation,external_lung,seed42_main,source_disjoint,3,3,0.03872153700189762
H101,label_permutation,external_lung,seed42_main,source_disjoint,3,4,0.03172438330170768
H101,label_permutation,external_lung,seed42_main,source_disjoint,3,5,0.02259250474383301
H101,label_permutation,external_lung,seed42_main,source_disjoint,3,6,0.03190227703984805
H101,label_permutation,external_lung,seed42_main,source_disjoint,3,7,0.04684535104364329
H101,label_permutation,external_lung,seed42_main,source_disjoint,3,8,0.023422675521821534
H101,label_permutation,external_lung,seed42_main,source_disjoint,3,9,0.010999762808349134
H101,label_permutation,external_lung,seed42_main,source_disjoint,3,10,0.01817481024667933
H101,label_permutation,external_lung,seed42_main,source_disjoint,3,11,0.01571394686907024
H101,label_permutation,external_lung,seed42_main,source_disjoint,3,12,0.01672201138519913
H101,label_permutation,external_lung,seed42_main,source_disjoint,3,13,0.05639231499051234
H101,label_permutation,external_lung,seed42_main,source_disjoint,3,14,0.025942836812144043
H101,label_permutation,external_lung,seed42_main,source_disjoint,3,15,0.0010080645161290036
H101,label_permutation,external_lung,seed42_main,source_disjoint,3,16,0.0180858633776092
H101,label_permutation,external_lung,seed42_main,source_disjoint,3,17,0.030182637571157467
H101,label_permutation,external_lung,seed42_main,source_disjoint,3,18,0.02997509487666039
H101,label_permutation,external_lung,seed42_main,source_disjoint,3,19,0.04358396584440216
H101,label_permutation,external_lung,seed42_main,source_disjoint,7,0,-0.02051707779886147
H101,label_permutation,external_lung,seed42_main,source_disjoint,7,1,-0.004269449715370022
H101,label_permutation,external_lung,seed42_main,source_disjoint,7,2,-0.008953984819734306
H101,label_permutation,external_lung,seed42_main,source_disjoint,7,3,-0.020932163187855624
H101,label_permutation,external_lung,seed42_main,source_disjoint,7,4,-0.010436432637571103
H101,label_permutation,external_lung,seed42_main,source_disjoint,7,5,-0.013342030360531387
H101,label_permutation,external_lung,seed42_main,source_disjoint,7,6,-0.0014824478178369072
H101,label_permutation,external_lung,seed42_main,source_disjoint,7,7,-0.006463472485768396
H101,label_permutation,external_lung,seed42_main,source_disjoint,7,8,0.0033799810246679662
H101,label_permutation,external_lung,seed42_main,source_disjoint,7,9,-0.011029411764705843
H101,label_permutation,external_lung,seed42_main,source_disjoint,7,10,-0.005989089184060825
H101,label_permutation,external_lung,seed42_main,source_disjoint,7,11,-0.01944971537001905
H101,label_permutation,external_lung,seed42_main,source_disjoint,7,12,-0.0007708728652751073
H101,label_permutation,external_lung,seed42_main,source_disjoint,7,13,-0.002609108159392859
H101,label_permutation,external_lung,seed42_main,source_disjoint,7,14,0.006700664136622403
H101,label_permutation,external_lung,seed42_main,source_disjoint,7,15,-0.010910815939279006
H101,label_permutation,external_lung,seed42_main,source_disjoint,7,16,0.05627371916508539
H101,label_permutation,external_lung,seed42_main,source_disjoint,7,17,-0.00438804554079697
H101,label_permutation,external_lung,seed42_main,source_disjoint,7,18,0.014587286527514287
H101,label_permutation,external_lung,seed42_main,source_disjoint,7,19,0.015061669829221969
H101,label_permutation,external_lung,seed42_main,source_disjoint,11,0,-0.01562500000000011
H101,label_permutation,external_lung,seed42_main,source_disjoint,11,1,-0.003439278937381496
H101,label_permutation,external_lung,seed42_main,source_disjoint,11,2,-0.0038247153700190495
H101,label_permutation,external_lung,seed42_main,source_disjoint,11,3,-0.004358396584440261
H101,label_permutation,external_lung,seed42_main,source_disjoint,11,4,0.01191888045540801
H101,label_permutation,external_lung,seed42_main,source_disjoint,11,5,0.0022829696394687238
H101,label_permutation,external_lung,seed42_main,source_disjoint,11,6,0.02069497153700206
H101,label_permutation,external_lung,seed42_main,source_disjoint,11,7,0.02443074003795065
H101,label_permutation,external_lung,seed42_main,source_disjoint,11,8,0.0049810246679318215
H101,label_permutation,external_lung,seed42_main,source_disjoint,11,9,-0.019271821631878572
H101,label_permutation,external_lung,seed42_main,source_disjoint,11,10,-0.02496442125237175
H101,label_permutation,external_lung,seed42_main,source_disjoint,11,11,0.016395872865275107
H101,label_permutation,external_lung,seed42_main,source_disjoint,11,12,-0.003557874762808333
H101,label_permutation,external_lung,seed42_main,source_disjoint,11,13,0.0012156072106260796
H101,label_permutation,external_lung,seed42_main,source_disjoint,11,14,-0.00622628083491461
H101,label_permutation,external_lung,seed42_main,source_disjoint,11,15,-0.027721774193548376
H101,label_permutation,external_lung,seed42_main,source_disjoint,11,16,-0.030894212523719156
H101,label_permutation,external_lung,seed42_main,source_disjoint,11,17,-0.01621797912713463
H101,label_permutation,external_lung,seed42_main,source_disjoint,11,18,-0.0012749051233397202
H101,label_permutation,external_lung,seed42_main,source_disjoint,11,19,-0.007975569259962012
H101,label_permutation,external_lung,seed42_main,target_disjoint,0,0,-0.014072410147991654
H101,label_permutation,external_lung,seed42_main,target_disjoint,0,1,-0.014799154334038
H101,label_permutation,external_lung,seed42_main,target_disjoint,0,2,0.015129492600422845
H101,label_permutation,external_lung,seed42_main,target_disjoint,0,3,0.005615750528541241
H101,label_permutation,external_lung,seed42_main,target_disjoint,0,4,-0.00039640591966183525
H101,label_permutation,external_lung,seed42_main,target_disjoint,0,5,0.008853065539112137
H101,label_permutation,external_lung,seed42_main,target_disjoint,0,6,-0.014534883720930258
H101,label_permutation,external_lung,seed42_main,target_disjoint,0,7,-0.004955073995771886
H101,label_permutation,external_lung,seed42_main,target_disjoint,0,8,-0.0043604651162790775
H101,label_permutation,external_lung,seed42_main,target_disjoint,0,9,-0.009711945031712577
H101,label_permutation,external_lung,seed42_main,target_disjoint,0,10,-0.015525898520084347
H101,label_permutation,external_lung,seed42_main,target_disjoint,0,11,-0.0013213530655391548
H101,label_permutation,external_lung,seed42_main,target_disjoint,0,12,-0.011627906976744096
H101,label_permutation,external_lung,seed42_main,target_disjoint,0,13,-0.010901162790697638
H101,label_permutation,external_lung,seed42_main,target_disjoint,0,14,0.010042283298097199
H101,label_permutation,external_lung,seed42_main,target_disjoint,0,15,-0.012552854122621526
H101,label_permutation,external_lung,seed42_main,target_disjoint,0,16,-0.02034883720930225
H101,label_permutation,external_lung,seed42_main,target_disjoint,0,17,-0.00845665961945019
H101,label_permutation,external_lung,seed42_main,target_disjoint,0,18,-0.007069238900634267
H101,label_permutation,external_lung,seed42_main,target_disjoint,0,19,-0.011099365750528611
H101,label_permutation,external_lung,seed42_main,target_disjoint,3,0,0.043670718816067544
H101,label_permutation,external_lung,seed42_main,target_disjoint,3,1,-0.021670190274841294
H101,label_permutation,external_lung,seed42_main,target_disjoint,3,2,0.014138477801268534
H101,label_permutation,external_lung,seed42_main,target_disjoint,3,3,0.010504756871035914
H101,label_permutation,external_lung,seed42_main,target_disjoint,3,4,0.010240486257928172
H101,label_permutation,external_lung,seed42_main,target_disjoint,3,5,-0.0029069767441860517
H101,label_permutation,external_lung,seed42_main,target_disjoint,3,6,0.0019159619450317411
H101,label_permutation,external_lung,seed42_main,target_disjoint,3,7,-0.003303382663847887
H101,label_permutation,external_lung,seed42_main,target_disjoint,3,8,0.02484143763213542
H101,label_permutation,external_lung,seed42_main,target_disjoint,3,9,0.011363636363636243
H101,label_permutation,external_lung,seed42_main,target_disjoint,3,10,0.03204281183932345
H101,label_permutation,external_lung,seed42_main,target_disjoint,3,11,0.03713002114164887
H101,label_permutation,external_lung,seed42_main,target_disjoint,3,12,0.013874207188160681
H101,label_permutation,external_lung,seed42_main,target_disjoint,3,13,-0.01017441860465107
H101,label_permutation,external_lung,seed42_main,target_disjoint,3,14,0.035610465116278855
H101,label_permutation,external_lung,seed42_main,target_disjoint,3,15,-0.003435517970401647
H101,label_permutation,external_lung,seed42_main,target_disjoint,3,16,0.01638477801268501
H101,label_permutation,external_lung,seed42_main,target_disjoint,3,17,0.02556818181818188
H101,label_permutation,external_lung,seed42_main,target_disjoint,3,18,0.04043340380549698
H101,label_permutation,external_lung,seed42_main,target_disjoint,3,19,0.0012552854122622747
H101,label_permutation,external_lung,seed42_main,target_disjoint,7,0,0.018631078224101594
H101,label_permutation,external_lung,seed42_main,target_disjoint,7,1,-0.010835095137420536
H101,label_permutation,external_lung,seed42_main,target_disjoint,7,2,-0.004756871035940691
H101,label_permutation,external_lung,seed42_main,target_disjoint,7,3,0.03488372093023251
H101,label_permutation,external_lung,seed42_main,target_disjoint,7,4,0.01925872093023262
H101,label_permutation,external_lung,seed42_main,target_disjoint,7,5,-0.00013213530655387107
H101,label_permutation,external_lung,seed42_main,target_disjoint,7,6,-0.02821088794926019
H101,label_permutation,external_lung,seed42_main,target_disjoint,7,7,0.003964059196617464
H101,label_permutation,external_lung,seed42_main,target_disjoint,7,8,0.007135306553911258
H101,label_permutation,external_lung,seed42_main,target_disjoint,7,9,0.026823467230444042
H101,label_permutation,external_lung,seed42_main,target_disjoint,7,10,0.04360465116279055
H101,label_permutation,external_lung,seed42_main,target_disjoint,7,11,0.06375528541226216
H101,label_permutation,external_lung,seed42_main,target_disjoint,7,12,0.02497357293868918
H101,label_permutation,external_lung,seed42_main,target_disjoint,7,13,0.02761627906976749
H101,label_permutation,external_lung,seed42_main,target_disjoint,7,14,0.016913319238900493
H101,label_permutation,external_lung,seed42_main,target_disjoint,7,15,0.020745243128964197
H101,label_permutation,external_lung,seed42_main,target_disjoint,7,16,0.04803118393234662
H101,label_permutation,external_lung,seed42_main,target_disjoint,7,17,-0.01836680761099363
H101,label_permutation,external_lung,seed42_main,target_disjoint,7,18,-0.007069238900634045
H101,label_permutation,external_lung,seed42_main,target_disjoint,7,19,0.05305232558139528
H101,label_permutation,external_lung,seed42_main,target_disjoint,11,0,0.0028409090909090606
H101,label_permutation,external_lung,seed42_main,target_disjoint,11,1,-0.003270348837209336
H101,label_permutation,external_lung,seed42_main,target_disjoint,11,2,0.011429704016913567
H101,label_permutation,external_lung,seed42_main,target_disjoint,11,3,-0.003501585623678638
H101,label_permutation,external_lung,seed42_main,target_disjoint,11,4,0.015459830866807578
H101,label_permutation,external_lung,seed42_main,target_disjoint,11,5,0.004756871035940913
H101,label_permutation,external_lung,seed42_main,target_disjoint,11,6,0.004756871035940913
H101,label_permutation,external_lung,seed42_main,target_disjoint,11,7,-0.0175079281183933
H101,label_permutation,external_lung,seed42_main,target_disjoint,11,8,0.03970665961945019
H101,label_permutation,external_lung,seed42_main,target_disjoint,11,9,0.003171247357293794
H101,label_permutation,external_lung,seed42_main,target_disjoint,11,10,-0.01017441860465107
H101,label_permutation,external_lung,seed42_main,target_disjoint,11,11,0.005285412262156508
H101,label_permutation,external_lung,seed42_main,target_disjoint,11,12,-0.0029730443974628207
H101,label_permutation,external_lung,seed42_main,target_disjoint,11,13,-0.0009249471458775416
H101,label_permutation,external_lung,seed42_main,target_disjoint,11,14,0.008985200845665897
H101,label_permutation,external_lung,seed42_main,target_disjoint,11,15,-0.0077299154334037334
H101,label_permutation,external_lung,seed42_main,target_disjoint,11,16,0.0022463002114164743
H101,label_permutation,external_lung,seed42_main,target_disjoint,11,17,0.0013874207188161458
H101,label_permutation,external_lung,seed42_main,target_disjoint,11,18,0.009513742071881715
H101,label_permutation,external_lung,seed42_main,target_disjoint,11,19,-0.005219344608879628
H101,label_permutation,immune,seed42_main,source_disjoint,0,0,-0.006627218934911139
H101,label_permutation,immune,seed42_main,source_disjoint,0,1,-0.008126232741617279
H101,label_permutation,immune,seed42_main,source_disjoint,0,2,0.015305719921104521
H101,label_permutation,immune,seed42_main,source_disjoint,0,3,-0.0007100591715976101
H101,label_permutation,immune,seed42_main,source_disjoint,0,4,-0.03392504930966478
H101,label_permutation,immune,seed42_main,source_disjoint,0,5,0.008284023668639229
H101,label_permutation,immune,seed42_main,source_disjoint,0,6,-0.026193293885601654
H101,label_permutation,immune,seed42_main,source_disjoint,0,7,0.00954635108481261
H101,label_permutation,immune,seed42_main,source_disjoint,0,8,-0.0019723865877713243
H101,label_permutation,immune,seed42_main,source_disjoint,0,9,-0.017514792899408382
H101,label_permutation,immune,seed42_main,source_disjoint,0,10,0.00725838264299794
H101,label_permutation,immune,seed42_main,source_disjoint,0,11,0.0008678500986193383
H101,label_permutation,immune,seed42_main,source_disjoint,0,12,0.017435897435897352
H101,label_permutation,immune,seed42_main,source_disjoint,0,13,0.004733727810650845
H101,label_permutation,immune,seed42_main,source_disjoint,0,14,0.013727810650887573
H101,label_permutation,immune,seed42_main,source_disjoint,0,15,-0.008520710059171543
H101,label_permutation,immune,seed42_main,source_disjoint,0,16,0.004812623274161765
H101,label_permutation,immune,seed42_main,source_disjoint,0,17,-0.002209072978303528
H101,label_permutation,immune,seed42_main,source_disjoint,0,18,-0.01096646942800783
H101,label_permutation,immune,seed42_main,source_disjoint,0,19,-0.003076923076923088
H101,label_permutation,immune,seed42_main,source_disjoint,3,0,-0.02422090729783033
H101,label_permutation,immune,seed42_main,source_disjoint,3,1,0.006074950690335257
H101,label_permutation,immune,seed42_main,source_disjoint,3,2,-0.014280078895463455
H101,label_permutation,immune,seed42_main,source_disjoint,3,3,0.004733727810650956
H101,label_permutation,immune,seed42_main,source_disjoint,3,4,-0.0015779092702169484
H101,label_permutation,immune,seed42_main,source_disjoint,3,5,-0.006785009861932978
H101,label_permutation,immune,seed42_main,source_disjoint,3,6,-0.003313609467455736
H101,label_permutation,immune,seed42_main,source_disjoint,3,7,-0.014358974358974597
H101,label_permutation,immune,seed42_main,source_disjoint,3,8,-0.01696252465483239
H101,label_permutation,immune,seed42_main,source_disjoint,3,9,-0.013412228796844117
H101,label_permutation,immune,seed42_main,source_disjoint,3,10,-0.01546351084812625
H101,label_permutation,immune,seed42_main,source_disjoint,3,11,0.04781065088757408
H101,label_permutation,immune,seed42_main,source_disjoint,3,12,0.002603550295858015
H101,label_permutation,immune,seed42_main,source_disjoint,3,13,-0.009940828402366986
H101,label_permutation,immune,seed42_main,source_disjoint,3,14,0.007337278106508749
H101,label_permutation,immune,seed42_main,source_disjoint,3,15,0.023905325443787095
H101,label_permutation,immune,seed42_main,source_disjoint,3,16,0.021696252465483123
H101,label_permutation,immune,seed42_main,source_disjoint,3,17,0.00583826429980272
H101,label_permutation,immune,seed42_main,source_disjoint,3,18,0.0012623274161737141
H101,label_permutation,immune,seed42_main,source_disjoint,3,19,0.006390532544378713
H101,label_permutation,immune,seed42_main,source_disjoint,7,0,0.0026035502958579038
H101,label_permutation,immune,seed42_main,source_disjoint,7,1,0.014201183431952757
H101,label_permutation,immune,seed42_main,source_disjoint,7,2,-0.04071005917159776
H101,label_permutation,immune,seed42_main,source_disjoint,7,3,-0.005680473372781103
H101,label_permutation,immune,seed42_main,source_disjoint,7,4,0.012859960552268124
H101,label_permutation,immune,seed42_main,source_disjoint,7,5,0.04268244575936875
H101,label_permutation,immune,seed42_main,source_disjoint,7,6,0.010019723865877572
H101,label_permutation,immune,seed42_main,source_disjoint,7,7,-0.01625246548323478
H101,label_permutation,immune,seed42_main,source_disjoint,7,8,0.04118343195266272
H101,label_permutation,immune,seed42_main,source_disjoint,7,9,-0.006232741617356874
H101,label_permutation,immune,seed42_main,source_disjoint,7,10,0.026074950690335386
H101,label_permutation,immune,seed42_main,source_disjoint,7,11,-0.07037475345167643
H101,label_permutation,immune,seed42_main,source_disjoint,7,12,-0.027455621301775035
H101,label_permutation,immune,seed42_main,source_disjoint,7,13,0.00579881656804726
H101,label_permutation,immune,seed42_main,source_disjoint,7,14,-0.014516765285996103
H101,label_permutation,immune,seed42_main,source_disjoint,7,15,0.015857988165680514
H101,label_permutation,immune,seed42_main,source_disjoint,7,16,-0.001814595660749596
H101,label_permutation,immune,seed42_main,source_disjoint,7,17,-0.01680473372781066
H101,label_permutation,immune,seed42_main,source_disjoint,7,18,-0.016449704142011967
H101,label_permutation,immune,seed42_main,source_disjoint,7,19,0.01104536489151886
H101,label_permutation,immune,seed42_main,source_disjoint,11,0,0.010650887573964485
H101,label_permutation,immune,seed42_main,source_disjoint,11,1,-0.006390532544378824
H101,label_permutation,immune,seed42_main,source_disjoint,11,2,-0.0039447731755424265
H101,label_permutation,immune,seed42_main,source_disjoint,11,3,0.013412228796844117
H101,label_permutation,immune,seed42_main,source_disjoint,11,4,-0.008915187376725808
H101,label_permutation,immune,seed42_main,source_disjoint,11,5,-0.005917159763313751
H101,label_permutation,immune,seed42_main,source_disjoint,11,6,0.009151873767258345
H101,label_permutation,immune,seed42_main,source_disjoint,11,7,-0.0017357001972386765
H101,label_permutation,immune,seed42_main,source_disjoint,11,8,-0.01033530571992125
H101,label_permutation,immune,seed42_main,source_disjoint,11,9,-0.038500986193293896
H101,label_permutation,immune,seed42_main,source_disjoint,11,10,0.007573964497041508
H101,label_permutation,immune,seed42_main,source_disjoint,11,11,-0.022642998027613492
H101,label_permutation,immune,seed42_main,source_disjoint,11,12,-0.012307692307692353
H101,label_permutation,immune,seed42_main,source_disjoint,11,13,-0.022642998027613492
H101,label_permutation,immune,seed42_main,source_disjoint,11,14,-0.01546351084812636
H101,label_permutation,immune,seed42_main,source_disjoint,11,15,-0.02942800788954636
H101,label_permutation,immune,seed42_main,source_disjoint,11,16,0.007337278106508749
H101,label_permutation,immune,seed42_main,source_disjoint,11,17,0.005996055226824448
H101,label_permutation,immune,seed42_main,source_disjoint,11,18,-0.020670611439842168
H101,label_permutation,immune,seed42_main,source_disjoint,11,19,-0.0031558185404338968
H101,label_permutation,immune,seed42_main,target_disjoint,0,0,0.0057593688362920226
H101,label_permutation,immune,seed42_main,target_disjoint,0,1,-0.004339250493096691
H101,label_permutation,immune,seed42_main,target_disjoint,0,2,0.0132544378698225
H101,label_permutation,immune,seed42_main,target_disjoint,0,3,0.02579881656804739
H101,label_permutation,immune,seed42_main,target_disjoint,0,4,0.05451676528599603
H101,label_permutation,immune,seed42_main,target_disjoint,0,5,0.01175542406311636
H101,label_permutation,immune,seed42_main,target_disjoint,0,6,0.023195266272189263
H101,label_permutation,immune,seed42_main,target_disjoint,0,7,0.004970414201183493
H101,label_permutation,immune,seed42_main,target_disjoint,0,8,0.033372781065088786
H101,label_permutation,immune,seed42_main,target_disjoint,0,9,0.01617357001972375
H101,label_permutation,immune,seed42_main,target_disjoint,0,10,0.00047337278106518443
H101,label_permutation,immune,seed42_main,target_disjoint,0,11,0.03684418145956603
H101,label_permutation,immune,seed42_main,target_disjoint,0,12,0.03873767258382632
H101,label_permutation,immune,seed42_main,target_disjoint,0,13,-0.007889546351084742
H101,label_permutation,immune,seed42_main,target_disjoint,0,14,0.0024457593688362866
H101,label_permutation,immune,seed42_main,target_disjoint,0,15,0.00946745562130158
H101,label_permutation,immune,seed42_main,target_disjoint,0,16,0.018934911242603714
H101,label_permutation,immune,seed42_main,target_disjoint,0,17,0.030532544378698234
H101,label_permutation,immune,seed42_main,target_disjoint,0,18,0.034319526627219044
H101,label_permutation,immune,seed42_main,target_disjoint,0,19,0.03250493096646945
H101,label_permutation,immune,seed42_main,target_disjoint,3,0,0.017120315581854006
H101,label_permutation,immune,seed42_main,target_disjoint,3,1,0.002366863905325478
H101,label_permutation,immune,seed42_main,target_disjoint,3,2,0.007652859960552316
H101,label_permutation,immune,seed42_main,target_disjoint,3,3,-0.0046548323471399256
H101,label_permutation,immune,seed42_main,target_disjoint,3,4,-0.0048520710059173355
H101,label_permutation,immune,seed42_main,target_disjoint,3,5,0.0037080867850098898
H101,label_permutation,immune,seed42_main,target_disjoint,3,6,0.006153846153846065
H101,label_permutation,immune,seed42_main,target_disjoint,3,7,-0.006232741617356985
H101,label_permutation,immune,seed42_main,target_disjoint,3,8,0.018500986193293878
H101,label_permutation,immune,seed42_main,target_disjoint,3,9,0.011124260355029558
H101,label_permutation,immune,seed42_main,target_disjoint,3,10,-0.015187376725838364
H101,label_permutation,immune,seed42_main,target_disjoint,3,11,-0.01301775147928974
H101,label_permutation,immune,seed42_main,target_disjoint,3,12,-0.0005917159763312307
H101,label_permutation,immune,seed42_main,target_disjoint,3,13,-0.005285996055226838
H101,label_permutation,immune,seed42_main,target_disjoint,3,14,0.011992110453648896
H101,label_permutation,immune,seed42_main,target_disjoint,3,15,-0.022406311637080845
H101,label_permutation,immune,seed42_main,target_disjoint,3,16,-0.0065088757396449815
H101,label_permutation,immune,seed42_main,target_disjoint,3,17,-0.004733727810650845
H101,label_permutation,immune,seed42_main,target_disjoint,3,18,0.021696252465483234
H101,label_permutation,immune,seed42_main,target_disjoint,3,19,0.0019329388560158645
H101,label_permutation,immune,seed42_main,target_disjoint,7,0,-0.005522682445759486
H101,label_permutation,immune,seed42_main,target_disjoint,7,1,-0.013727810650887573
H101,label_permutation,immune,seed42_main,target_disjoint,7,2,-0.012307692307692353
H101,label_permutation,immune,seed42_main,target_disjoint,7,3,-0.0423668639053254
H101,label_permutation,immune,seed42_main,target_disjoint,7,4,-0.038500986193293896
H101,label_permutation,immune,seed42_main,target_disjoint,7,5,-0.006706114398422169
H101,label_permutation,immune,seed42_main,target_disjoint,7,6,-0.016725838264299853
H101,label_permutation,immune,seed42_main,target_disjoint,7,7,0.01830374753451669
H101,label_permutation,immune,seed42_main,target_disjoint,7,8,-0.014043392504930918
H101,label_permutation,immune,seed42_main,target_disjoint,7,9,-0.005680473372781103
H101,label_permutation,immune,seed42_main,target_disjoint,7,10,0.029743589743589816
H101,label_permutation,immune,seed42_main,target_disjoint,7,11,0.007968441814595772
H101,label_permutation,immune,seed42_main,target_disjoint,7,12,0.019408284023668565
H101,label_permutation,immune,seed42_main,target_disjoint,7,13,0.009388560157790993
H101,label_permutation,immune,seed42_main,target_disjoint,7,14,-0.025877712031558087
H101,label_permutation,immune,seed42_main,target_disjoint,7,15,-0.02130177514792897
H101,label_permutation,immune,seed42_main,target_disjoint,7,16,-0.016725838264299853
H101,label_permutation,immune,seed42_main,target_disjoint,7,17,-0.03147928994082849
H101,label_permutation,immune,seed42_main,target_disjoint,7,18,-0.020197238658777095
H101,label_permutation,immune,seed42_main,target_disjoint,7,19,-0.016410256410256507
H101,label_permutation,immune,seed42_main,target_disjoint,11,0,-0.000552268244575771
H101,label_permutation,immune,seed42_main,target_disjoint,11,1,-0.006469428007889411
H101,label_permutation,immune,seed42_main,target_disjoint,11,2,-0.017751479289940697
H101,label_permutation,immune,seed42_main,target_disjoint,11,3,-0.015424063116370679
H101,label_permutation,immune,seed42_main,target_disjoint,11,4,0.010887573964497022
H101,label_permutation,immune,seed42_main,target_disjoint,11,5,-0.02556213017751474
H101,label_permutation,immune,seed42_main,target_disjoint,11,6,-0.015226824457593935
H101,label_permutation,immune,seed42_main,target_disjoint,11,7,0.025641025641025772
H101,label_permutation,immune,seed42_main,target_disjoint,11,8,-0.015463510848126139
H101,label_permutation,immune,seed42_main,target_disjoint,11,9,-0.026232741617357003
H101,label_permutation,immune,seed42_main,target_disjoint,11,10,-0.020197238658776984
H101,label_permutation,immune,seed42_main,target_disjoint,11,11,-0.007968441814595661
H101,label_permutation,immune,seed42_main,target_disjoint,11,12,-0.010256410256410109
H101,label_permutation,immune,seed42_main,target_disjoint,11,13,-0.0373175542406311
H101,label_permutation,immune,seed42_main,target_disjoint,11,14,-0.004102564102564155
H101,label_permutation,immune,seed42_main,target_disjoint,11,15,-0.002564102564102444
H101,label_permutation,immune,seed42_main,target_disjoint,11,16,-0.01972386587771191
H101,label_permutation,immune,seed42_main,target_disjoint,11,17,-0.003865877712031618
H101,label_permutation,immune,seed42_main,target_disjoint,11,18,-0.018540433925049338
H101,label_permutation,immune,seed42_main,target_disjoint,11,19,0.00295857988165682
H101,label_permutation,lung,seed42_main,source_disjoint,0,0,-0.02106633528611157
H101,label_permutation,lung,seed42_main,source_disjoint,0,1,-0.06207467897508734
H101,label_permutation,lung,seed42_main,source_disjoint,0,2,-0.05657139475708628
H101,label_permutation,lung,seed42_main,source_disjoint,0,3,-0.025445292620865256
H101,label_permutation,lung,seed42_main,source_disjoint,0,4,-0.0256819930173382
H101,label_permutation,lung,seed42_main,source_disjoint,0,5,-0.038167938931297773
H101,label_permutation,lung,seed42_main,source_disjoint,0,6,-0.01301852180602392
H101,label_permutation,lung,seed42_main,source_disjoint,0,7,-0.021806024025090243
H101,label_permutation,lung,seed42_main,source_disjoint,0,8,-0.005917509911829155
H101,label_permutation,lung,seed42_main,source_disjoint,0,9,-0.03408485709213549
H101,label_permutation,lung,seed42_main,source_disjoint,0,10,-0.027457245990886947
H101,label_permutation,lung,seed42_main,source_disjoint,0,11,-0.02686549499970403
H101,label_permutation,lung,seed42_main,source_disjoint,0,12,-0.014586661932658673
H101,label_permutation,lung,seed42_main,source_disjoint,0,13,-0.021835611574649416
H101,label_permutation,lung,seed42_main,source_disjoint,0,14,-0.01065151784129248
H101,label_permutation,lung,seed42_main,source_disjoint,0,15,-0.03319723060536128
H101,label_permutation,lung,seed42_main,source_disjoint,0,16,-0.010355642345700966
H101,label_permutation,lung,seed42_main,source_disjoint,0,17,-0.008639564471270456
H101,label_permutation,lung,seed42_main,source_disjoint,0,18,-0.01230842061660442
H101,label_permutation,lung,seed42_main,source_disjoint,0,19,-0.027102195396177198
H101,label_permutation,lung,seed42_main,source_disjoint,3,0,0.0017160778744305105
H101,label_permutation,lung,seed42_main,source_disjoint,3,1,-0.012012545121013019
H101,label_permutation,lung,seed42_main,source_disjoint,3,2,-0.004260607136516992
H101,label_permutation,lung,seed42_main,source_disjoint,3,3,0.00047340079294611037
H101,label_permutation,lung,seed42_main,source_disjoint,3,4,-0.007219362092431569
H101,label_permutation,lung,seed42_main,source_disjoint,3,5,-0.009823066453636287
H101,label_permutation,lung,seed42_main,source_disjoint,3,6,0.008225338777442692
H101,label_permutation,lung,seed42_main,source_disjoint,3,7,-0.04609740221314862
H101,label_permutation,lung,seed42_main,source_disjoint,3,8,0.013551097698088599
H101,label_permutation,lung,seed42_main,source_disjoint,3,9,-0.013432747499852127
H101,label_permutation,lung,seed42_main,source_disjoint,3,10,-0.02242736256583233
H101,label_permutation,lung,seed42_main,source_disjoint,3,11,-0.029469199360909082
H101,label_permutation,lung,seed42_main,source_disjoint,3,12,-0.04375998579797624
H101,label_permutation,lung,seed42_main,source_disjoint,3,13,-0.021303035682584515
H101,label_permutation,lung,seed42_main,source_disjoint,3,14,-0.013136872004260503
H101,label_permutation,lung,seed42_main,source_disjoint,3,15,-0.01390614829279857
H101,label_permutation,lung,seed42_main,source_disjoint,3,16,-0.014616249482217958
H101,label_permutation,lung,seed42_main,source_disjoint,3,17,-0.0052074087224094345
H101,label_permutation,lung,seed42_main,source_disjoint,3,18,-0.01852180602402509
H101,label_permutation,lung,seed42_main,source_disjoint,3,19,-0.005207408722409768
H101,label_permutation,lung,seed42_main,source_disjoint,7,0,-0.005592046866678579
H101,label_permutation,lung,seed42_main,source_disjoint,7,1,0.003195455352387744
H101,label_permutation,lung,seed42_main,source_disjoint,7,2,-0.013728622995443418
H101,label_permutation,lung,seed42_main,source_disjoint,7,3,-0.018285105627551923
H101,label_permutation,lung,seed42_main,source_disjoint,7,4,-0.010237292147464272
H101,label_permutation,lung,seed42_main,source_disjoint,7,5,0.013728622995443418
H101,label_permutation,lung,seed42_main,source_disjoint,7,6,0.037635363039233205
H101,label_permutation,lung,seed42_main,source_disjoint,7,7,-0.011716669625421616
H101,label_permutation,lung,seed42_main,source_disjoint,7,8,-0.009704716255399704
H101,label_permutation,lung,seed42_main,source_disjoint,7,9,0.016924078347831162
H101,label_permutation,lung,seed42_main,source_disjoint,7,10,-0.009645541156281467
H101,label_permutation,lung,seed42_main,source_disjoint,7,11,0.013728622995443529
H101,label_permutation,lung,seed42_main,source_disjoint,7,12,0.02574116811645666
H101,label_permutation,lung,seed42_main,source_disjoint,7,13,-0.0027220545594414114
H101,label_permutation,lung,seed42_main,source_disjoint,7,14,-0.014379549085744792
H101,label_permutation,lung,seed42_main,source_disjoint,7,15,0.018314693177110986
H101,label_permutation,lung,seed42_main,source_disjoint,7,16,-0.010355642345700855
H101,label_permutation,lung,seed42_main,source_disjoint,7,17,-0.024261790638499314
H101,label_permutation,lung,seed42_main,source_disjoint,7,18,-0.0015385525770755804
H101,label_permutation,lung,seed42_main,source_disjoint,7,19,0.008402864074797511
H101,label_permutation,lung,seed42_main,source_disjoint,11,0,0.0050890585241731845
H101,label_permutation,lung,seed42_main,source_disjoint,11,1,-0.0052074087224095456
H101,label_permutation,lung,seed42_main,source_disjoint,11,2,-0.011775844724539963
H101,label_permutation,lung,seed42_main,source_disjoint,11,3,-0.0038463814426887843
H101,label_permutation,lung,seed42_main,source_disjoint,11,4,-0.015030475176046165
H101,label_permutation,lung,seed42_main,source_disjoint,11,5,0.0027220545594415224
H101,label_permutation,lung,seed42_main,source_disjoint,11,6,-0.0018936031717853297
H101,label_permutation,lung,seed42_main,source_disjoint,11,7,-0.012663471211314281
H101,label_permutation,lung,seed42_main,source_disjoint,11,8,0.007811113083614374
H101,label_permutation,lung,seed42_main,source_disjoint,11,9,0.0005325758920644574
H101,label_permutation,lung,seed42_main,source_disjoint,11,10,-0.009231315462453371
H101,label_permutation,lung,seed42_main,source_disjoint,11,11,-0.019291082312562824
H101,label_permutation,lung,seed42_main,source_disjoint,11,12,-0.01526717557251911
H101,label_permutation,lung,seed42_main,source_disjoint,11,13,-0.00017752529735481914
H101,label_permutation,lung,seed42_main,source_disjoint,11,14,-0.04881945677259014
H101,label_permutation,lung,seed42_main,source_disjoint,11,15,0.028995798567962416
H101,label_permutation,lung,seed42_main,source_disjoint,11,16,-0.012485945913959351
H101,label_permutation,lung,seed42_main,source_disjoint,11,17,-0.009586366057163231
H101,label_permutation,lung,seed42_main,source_disjoint,11,18,0.003550505947097493
H101,label_permutation,lung,seed42_main,source_disjoint,11,19,0.014142848689271625
H101,label_permutation,lung,seed42_main,target_disjoint,0,0,-0.010189694950012873
H101,label_permutation,lung,seed42_main,target_disjoint,0,1,-0.002114842348115986
H101,label_permutation,lung,seed42_main,target_disjoint,0,2,-0.008779800051268882
H101,label_permutation,lung,seed42_main,target_disjoint,0,3,0.00845936939246339
H101,label_permutation,lung,seed42_main,target_disjoint,0,4,-0.0009612919764164785
H101,label_permutation,lung,seed42_main,target_disjoint,0,5,-0.005639579594975741
H101,label_permutation,lung,seed42_main,target_disjoint,0,6,0.011791848244039893
H101,label_permutation,lung,seed42_main,target_disjoint,0,7,-0.0024993591386822667
H101,label_permutation,lung,seed42_main,target_disjoint,0,8,0.013073570879261642
H101,label_permutation,lung,seed42_main,target_disjoint,0,9,-0.004614201486798253
H101,label_permutation,lung,seed42_main,target_disjoint,0,10,0.004389900025634552
H101,label_permutation,lung,seed42_main,target_disjoint,0,11,0.003973340169187378
H101,label_permutation,lung,seed42_main,target_disjoint,0,12,-0.013522173801589377
H101,label_permutation,lung,seed42_main,target_disjoint,0,13,-0.002435273006921257
H101,label_permutation,lung,seed42_main,target_disjoint,0,14,-0.015060240963855498
H101,label_permutation,lung,seed42_main,target_disjoint,0,15,-0.0005767751858498649
H101,label_permutation,lung,seed42_main,target_disjoint,0,16,-0.001089464239938498
H101,label_permutation,lung,seed42_main,target_disjoint,0,17,-0.013650346065111618
H101,label_permutation,lung,seed42_main,target_disjoint,0,18,-0.0012176365034607395
H101,label_permutation,lung,seed42_main,target_disjoint,0,19,0.020187131504742384
H101,label_permutation,lung,seed42_main,target_disjoint,3,0,0.04735965137144316
H101,label_permutation,lung,seed42_main,target_disjoint,3,1,0.0006408613176109856
H101,label_permutation,lung,seed42_main,target_disjoint,3,2,0.011855934375801125
H101,label_permutation,lung,seed42_main,target_disjoint,3,3,0.04325813893873354
H101,label_permutation,lung,seed42_main,target_disjoint,3,4,0.011439374519353951
H101,label_permutation,lung,seed42_main,target_disjoint,3,5,0.033004357856959876
H101,label_permutation,lung,seed42_main,target_disjoint,3,6,0.005543450397333838
H101,label_permutation,lung,seed42_main,target_disjoint,3,7,-6.408613176100975e-05
H101,label_permutation,lung,seed42_main,target_disjoint,3,8,0.014355293514483392
H101,label_permutation,lung,seed42_main,target_disjoint,3,9,0.020091002307100703
H101,label_permutation,lung,seed42_main,target_disjoint,3,10,0.014739810305050005
H101,label_permutation,lung,seed42_main,target_disjoint,3,11,0.0014098948987437687
H101,label_permutation,lung,seed42_main,target_disjoint,3,12,0.03627275057677526
H101,label_permutation,lung,seed42_main,target_disjoint,3,13,0.001858497821071503
H101,label_permutation,lung,seed42_main,target_disjoint,3,14,0.002114842348115875
H101,label_permutation,lung,seed42_main,target_disjoint,3,15,0.015188413227377628
H101,label_permutation,lung,seed42_main,target_disjoint,3,16,-0.03399769289925647
H101,label_permutation,lung,seed42_main,target_disjoint,3,17,0.026916175339656512
H101,label_permutation,lung,seed42_main,target_disjoint,3,18,0.0006408613176106526
H101,label_permutation,lung,seed42_main,target_disjoint,3,19,-0.005255062804408905
H101,label_permutation,lung,seed42_main,target_disjoint,7,0,-0.01570110228146626
H101,label_permutation,lung,seed42_main,target_disjoint,7,1,0.01691873878492678
H101,label_permutation,lung,seed42_main,target_disjoint,7,2,0.026403486285567657
H101,label_permutation,lung,seed42_main,target_disjoint,7,3,0.021853370930530636
H101,label_permutation,lung,seed42_main,target_disjoint,7,4,0.02967187900538326
H101,label_permutation,lung,seed42_main,target_disjoint,7,5,0.013394001538067135
H101,label_permutation,lung,seed42_main,target_disjoint,7,6,0.03499102794155351
H101,label_permutation,lung,seed42_main,target_disjoint,7,7,0.05107664701358616
H101,label_permutation,lung,seed42_main,target_disjoint,7,8,-0.0073699051525250026
H101,label_permutation,lung,seed42_main,target_disjoint,7,9,0.06741861061266341
H101,label_permutation,lung,seed42_main,target_disjoint,7,10,0.0033324788515766146
H101,label_permutation,lung,seed42_main,target_disjoint,7,11,0.014611638041527764
H101,label_permutation,lung,seed42_main,target_disjoint,7,12,0.031081773904127252
H101,label_permutation,lung,seed42_main,target_disjoint,7,13,0.04223276083055638
H101,label_permutation,lung,seed42_main,target_disjoint,7,14,0.014996154832094488
H101,label_permutation,lung,seed42_main,target_disjoint,7,15,-0.0004486029223275123
H101,label_permutation,lung,seed42_main,target_disjoint,7,16,0.05037169956421439
H101,label_permutation,lung,seed42_main,target_disjoint,7,17,0.027557036657267386
H101,label_permutation,lung,seed42_main,target_disjoint,7,18,0.010189694950012762
H101,label_permutation,lung,seed42_main,target_disjoint,7,19,0.026531658549089898
H101,label_permutation,lung,seed42_main,target_disjoint,11,0,-0.024609074596257496
H101,label_permutation,lung,seed42_main,target_disjoint,11,1,-0.00044860292232762333
H101,label_permutation,lung,seed42_main,target_disjoint,11,2,-0.0024993591386823777
H101,label_permutation,lung,seed42_main,target_disjoint,11,3,0.002114842348115875
H101,label_permutation,lung,seed42_main,target_disjoint,11,4,-0.024544988464496265
H101,label_permutation,lung,seed42_main,target_disjoint,11,5,-0.017559600102537765
H101,label_permutation,lung,seed42_main,target_disjoint,11,6,-0.012112278902845386
H101,label_permutation,lung,seed42_main,target_disjoint,11,7,-0.00845936939246339
H101,label_permutation,lung,seed42_main,target_disjoint,11,8,0.010766470135862627
H101,label_permutation,lung,seed42_main,target_disjoint,11,9,-0.0068572160984364805
H101,label_permutation,lung,seed42_main,target_disjoint,11,10,-0.004550115355037243
H101,label_permutation,lung,seed42_main,target_disjoint,11,11,-0.013458087669828256
H101,label_permutation,lung,seed42_main,target_disjoint,11,12,-0.010510125608818255
H101,label_permutation,lung,seed42_main,target_disjoint,11,13,-0.00717764675724164
H101,label_permutation,lung,seed42_main,target_disjoint,11,14,0.017175083311971373
H101,label_permutation,lung,seed42_main,target_disjoint,11,15,-0.0004486029223275123
H101,label_permutation,lung,seed42_main,target_disjoint,11,16,0.012753140220456372
H101,label_permutation,lung,seed42_main,target_disjoint,11,17,0.007241732889002872
H101,label_permutation,lung,seed42_main,target_disjoint,11,18,-0.02524993591386815
H101,label_permutation,lung,seed42_main,target_disjoint,11,19,-0.021276595744680993
H101,quantile_order_permutation,external_lung,seed42_main,source_disjoint,0,0,-0.0012452561669828999
H101,quantile_order_permutation,external_lung,seed42_main,source_disjoint,0,1,0.00029648956356742584
H101,quantile_order_permutation,external_lung,seed42_main,source_disjoint,0,2,0.006582068311195455
H101,quantile_order_permutation,external_lung,seed42_main,source_disjoint,0,3,0.008479601518026514
H101,quantile_order_permutation,external_lung,seed42_main,source_disjoint,0,4,0.003142789373813959
H101,quantile_order_permutation,external_lung,seed42_main,source_disjoint,0,5,-0.00011859582542694813
H101,quantile_order_permutation,external_lung,seed42_main,source_disjoint,0,6,-0.006819259962049351
H101,quantile_order_permutation,external_lung,seed42_main,source_disjoint,0,7,0.0008894686907020555
H101,quantile_order_permutation,external_lung,seed42_main,source_disjoint,0,8,0.007827324478178355
H101,quantile_order_permutation,external_lung,seed42_main,source_disjoint,0,9,0.006226280834914499
H101,quantile_order_permutation,external_lung,seed42_main,source_disjoint,0,10,0.0033799810246679662
H101,quantile_order_permutation,external_lung,seed42_main,source_disjoint,0,11,0.0036171726755218625
H101,quantile_order_permutation,external_lung,seed42_main,source_disjoint,0,12,0.007768026565464825
H101,quantile_order_permutation,external_lung,seed42_main,source_disjoint,0,13,0.005040322580645018
H101,quantile_order_permutation,external_lung,seed42_main,source_disjoint,0,14,0.0032020872865274885
H101,quantile_order_permutation,external_lung,seed42_main,source_disjoint,0,15,0.004803130929791233
H101,quantile_order_permutation,external_lung,seed42_main,source_disjoint,0,16,-0.00504032258064524
H101,quantile_order_permutation,external_lung,seed42_main,source_disjoint,0,17,0.0059297912713472956
H101,quantile_order_permutation,external_lung,seed42_main,source_disjoint,0,18,-0.008301707779886258
H101,quantile_order_permutation,external_lung,seed42_main,source_disjoint,0,19,0.007056451612903136
H101,quantile_order_permutation,external_lung,seed42_main,source_disjoint,3,0,-0.0008894686907020555
H101,quantile_order_permutation,external_lung,seed42_main,source_disjoint,3,1,-0.0020161290322582293
H101,quantile_order_permutation,external_lung,seed42_main,source_disjoint,3,2,-0.005336812144212555
H101,quantile_order_permutation,external_lung,seed42_main,source_disjoint,3,3,-0.0010080645161291146
H101,quantile_order_permutation,external_lung,seed42_main,source_disjoint,3,4,-0.0014231499051233776
H101,quantile_order_permutation,external_lung,seed42_main,source_disjoint,3,5,-0.0036171726755217515
H101,quantile_order_permutation,external_lung,seed42_main,source_disjoint,3,6,-0.004684535104364396
H101,quantile_order_permutation,external_lung,seed42_main,source_disjoint,3,7,-0.003676470588235281
H101,quantile_order_permutation,external_lung,seed42_main,source_disjoint,3,8,-0.0027870018975333366
H101,quantile_order_permutation,external_lung,seed42_main,source_disjoint,3,9,-0.004210151802656603
H101,quantile_order_permutation,external_lung,seed42_main,source_disjoint,3,10,0.0019568311195445887
H101,quantile_order_permutation,external_lung,seed42_main,source_disjoint,3,11,-0.004269449715370133
H101,quantile_order_permutation,external_lung,seed42_main,source_disjoint,3,12,-0.00029648956356742584
H101,quantile_order_permutation,external_lung,seed42_main,source_disjoint,3,13,-0.0011859582542694813
H101,quantile_order_permutation,external_lung,seed42_main,source_disjoint,3,14,-1.1102230246251565e-16
H101,quantile_order_permutation,external_lung,seed42_main,source_disjoint,3,15,-0.006048387096774244
H101,quantile_order_permutation,external_lung,seed42_main,source_disjoint,3,16,-0.0063448766603416695
H101,quantile_order_permutation,external_lung,seed42_main,source_disjoint,3,17,-0.007886622390891884
H101,quantile_order_permutation,external_lung,seed42_main,source_disjoint,3,18,0.0007708728652751073
H101,quantile_order_permutation,external_lung,seed42_main,source_disjoint,3,19,-0.00041508538899437397
H101,quantile_order_permutation,external_lung,seed42_main,source_disjoint,7,0,0.0032020872865274885
H101,quantile_order_permutation,external_lung,seed42_main,source_disjoint,7,1,0.018204459203035928
H101,quantile_order_permutation,external_lung,seed42_main,source_disjoint,7,2,0.01672201138519913
H101,quantile_order_permutation,external_lung,seed42_main,source_disjoint,7,3,0.025083017077798808
H101,quantile_order_permutation,external_lung,seed42_main,source_disjoint,7,4,0.00990275142314978
H101,quantile_order_permutation,external_lung,seed42_main,source_disjoint,7,5,0.012393263757115691
H101,quantile_order_permutation,external_lung,seed42_main,source_disjoint,7,6,0.025438804554079653
H101,quantile_order_permutation,external_lung,seed42_main,source_disjoint,7,7,0.01494307400379491
H101,quantile_order_permutation,external_lung,seed42_main,source_disjoint,7,8,0.012037476280834847
H101,quantile_order_permutation,external_lung,seed42_main,source_disjoint,7,9,0.01624762808349134
H101,quantile_order_permutation,external_lung,seed42_main,source_disjoint,7,10,0.016069734345350972
H101,quantile_order_permutation,external_lung,seed42_main,source_disjoint,7,11,0.02063567362428842
H101,quantile_order_permutation,external_lung,seed42_main,source_disjoint,7,12,-0.0010673624288425332
H101,quantile_order_permutation,external_lung,seed42_main,source_disjoint,7,13,0.01944971537001894
H101,quantile_order_permutation,external_lung,seed42_main,source_disjoint,7,14,0.019509013282732357
H101,quantile_order_permutation,external_lung,seed42_main,source_disjoint,7,15,0.011918880455407788
H101,quantile_order_permutation,external_lung,seed42_main,source_disjoint,7,16,0.005989089184060714
H101,quantile_order_permutation,external_lung,seed42_main,source_disjoint,7,17,0.020398481973434412
H101,quantile_order_permutation,external_lung,seed42_main,source_disjoint,7,18,0.0186195445920303
H101,quantile_order_permutation,external_lung,seed42_main,source_disjoint,7,19,0.00675996204933571
H101,quantile_order_permutation,external_lung,seed42_main,source_disjoint,11,0,-0.005158918406072077
H101,quantile_order_permutation,external_lung,seed42_main,source_disjoint,11,1,-0.011503795066413636
H101,quantile_order_permutation,external_lung,seed42_main,source_disjoint,11,2,-0.0049810246679317105
H101,quantile_order_permutation,external_lung,seed42_main,source_disjoint,11,3,-0.002846299810246644
H101,quantile_order_permutation,external_lung,seed42_main,source_disjoint,11,4,-0.005040322580645129
H101,quantile_order_permutation,external_lung,seed42_main,source_disjoint,11,5,-0.002609108159392859
H101,quantile_order_permutation,external_lung,seed42_main,source_disjoint,11,6,-0.00035578747628073337
H101,quantile_order_permutation,external_lung,seed42_main,source_disjoint,11,7,-0.005218216318785607
H101,quantile_order_permutation,external_lung,seed42_main,source_disjoint,11,8,-0.003439278937381385
H101,quantile_order_permutation,external_lung,seed42_main,source_disjoint,11,9,-0.011978178368121428
H101,quantile_order_permutation,external_lung,seed42_main,source_disjoint,11,10,-0.003676470588235281
H101,quantile_order_permutation,external_lung,seed42_main,source_disjoint,11,11,-0.012808349146110065
H101,quantile_order_permutation,external_lung,seed42_main,source_disjoint,11,12,-0.0036171726755217515
H101,quantile_order_permutation,external_lung,seed42_main,source_disjoint,11,13,-0.004684535104364285
H101,quantile_order_permutation,external_lung,seed42_main,source_disjoint,11,14,-0.003913662239089066
H101,quantile_order_permutation,external_lung,seed42_main,source_disjoint,11,15,0.002194022770398596
H101,quantile_order_permutation,external_lung,seed42_main,source_disjoint,11,16,-0.0037357685009486996
H101,quantile_order_permutation,external_lung,seed42_main,source_disjoint,11,17,-0.002194022770398485
H101,quantile_order_permutation,external_lung,seed42_main,source_disjoint,11,18,-0.010258538899430736
H101,quantile_order_permutation,external_lung,seed42_main,source_disjoint,11,19,0.003439278937381385
H101,quantile_order_permutation,external_lung,seed42_main,target_disjoint,0,0,-0.005087209302325535
H101,quantile_order_permutation,external_lung,seed42_main,target_disjoint,0,1,-0.010702959830866887
H101,quantile_order_permutation,external_lung,seed42_main,target_disjoint,0,2,-0.009315539112050741
H101,quantile_order_permutation,external_lung,seed42_main,target_disjoint,0,3,-0.004162262156448104
H101,quantile_order_permutation,external_lung,seed42_main,target_disjoint,0,4,-0.003237315010570896
H101,quantile_order_permutation,external_lung,seed42_main,target_disjoint,0,5,-0.01281712473572938
H101,quantile_order_permutation,external_lung,seed42_main,target_disjoint,0,6,-0.0011892177589851727
H101,quantile_order_permutation,external_lung,seed42_main,target_disjoint,0,7,-0.005285412262156397
H101,quantile_order_permutation,external_lung,seed42_main,target_disjoint,0,8,-0.006738900634249534
H101,quantile_order_permutation,external_lung,seed42_main,target_disjoint,0,9,-0.009381606765327621
H101,quantile_order_permutation,external_lung,seed42_main,target_disjoint,0,10,-0.008060253699788578
H101,quantile_order_permutation,external_lung,seed42_main,target_disjoint,0,11,-0.004030126849894344
H101,quantile_order_permutation,external_lung,seed42_main,target_disjoint,0,12,-0.003567653276955518
H101,quantile_order_permutation,external_lung,seed42_main,target_disjoint,0,13,-0.006871035940803294
H101,quantile_order_permutation,external_lung,seed42_main,target_disjoint,0,14,-0.003171247357293794
H101,quantile_order_permutation,external_lung,seed42_main,target_disjoint,0,15,-0.006672832980972432
H101,quantile_order_permutation,external_lung,seed42_main,target_disjoint,0,16,-0.0011231501057082927
H101,quantile_order_permutation,external_lung,seed42_main,target_disjoint,0,17,-0.013081395348837233
H101,quantile_order_permutation,external_lung,seed42_main,target_disjoint,0,18,-0.011627906976744207
H101,quantile_order_permutation,external_lung,seed42_main,target_disjoint,0,19,-0.0027748414376321806
H101,quantile_order_permutation,external_lung,seed42_main,target_disjoint,3,0,-0.005681818181818232
H101,quantile_order_permutation,external_lung,seed42_main,target_disjoint,3,1,0.0009249471458773195
H101,quantile_order_permutation,external_lung,seed42_main,target_disjoint,3,2,0.0042283298097252064
H101,quantile_order_permutation,external_lung,seed42_main,target_disjoint,3,3,0.0043604651162789665
H101,quantile_order_permutation,external_lung,seed42_main,target_disjoint,3,4,0.003831923890063371
H101,quantile_order_permutation,external_lung,seed42_main,target_disjoint,3,5,-0.00026427061310774214
H101,quantile_order_permutation,external_lung,seed42_main,target_disjoint,3,6,0.0014534883720930258
H101,quantile_order_permutation,external_lung,seed42_main,target_disjoint,3,7,0.0008588794926004395
H101,quantile_order_permutation,external_lung,seed42_main,target_disjoint,3,8,0.0025766384778013185
H101,quantile_order_permutation,external_lung,seed42_main,target_disjoint,3,9,0.002048097251585612
H101,quantile_order_permutation,external_lung,seed42_main,target_disjoint,3,10,0.0042943974630021975
H101,quantile_order_permutation,external_lung,seed42_main,target_disjoint,3,11,0.003435517970401758
H101,quantile_order_permutation,external_lung,seed42_main,target_disjoint,3,12,-0.005747885835095112
H101,quantile_order_permutation,external_lung,seed42_main,target_disjoint,3,13,-0.004624735729386931
H101,quantile_order_permutation,external_lung,seed42_main,target_disjoint,3,14,-0.0044265327695560686
H101,quantile_order_permutation,external_lung,seed42_main,target_disjoint,3,15,-0.006474630021141681
H101,quantile_order_permutation,external_lung,seed42_main,target_disjoint,3,16,0.005219344608879517
H101,quantile_order_permutation,external_lung,seed42_main,target_disjoint,3,17,0.004030126849894233
H101,quantile_order_permutation,external_lung,seed42_main,target_disjoint,3,18,0.0014534883720931369
H101,quantile_order_permutation,external_lung,seed42_main,target_disjoint,3,19,-0.006540697674418672
H101,quantile_order_permutation,external_lung,seed42_main,target_disjoint,7,0,-0.005681818181818121
H101,quantile_order_permutation,external_lung,seed42_main,target_disjoint,7,1,0.004624735729386931
H101,quantile_order_permutation,external_lung,seed42_main,target_disjoint,7,2,0.0015195560253700169
H101,quantile_order_permutation,external_lung,seed42_main,target_disjoint,7,3,-0.004492600422832949
H101,quantile_order_permutation,external_lung,seed42_main,target_disjoint,7,4,0.0027748414376321806
H101,quantile_order_permutation,external_lung,seed42_main,target_disjoint,7,5,-0.00046247357293860425
H101,quantile_order_permutation,external_lung,seed42_main,target_disjoint,7,6,-0.00013213530655387107
H101,quantile_order_permutation,external_lung,seed42_main,target_disjoint,7,7,0.0027748414376320696
H101,quantile_order_permutation,external_lung,seed42_main,target_disjoint,7,8,0.0013213530655391548
H101,quantile_order_permutation,external_lung,seed42_main,target_disjoint,7,9,0.0027087737843551896
H101,quantile_order_permutation,external_lung,seed42_main,target_disjoint,7,10,0.004030126849894344
H101,quantile_order_permutation,external_lung,seed42_main,target_disjoint,7,11,-0.00046247357293871527
H101,quantile_order_permutation,external_lung,seed42_main,target_disjoint,7,12,0.003567653276955629
H101,quantile_order_permutation,external_lung,seed42_main,target_disjoint,7,13,-0.00184989429175475
H101,quantile_order_permutation,external_lung,seed42_main,target_disjoint,7,14,-0.006276427061310597
H101,quantile_order_permutation,external_lung,seed42_main,target_disjoint,7,15,0.003369450317124656
H101,quantile_order_permutation,external_lung,seed42_main,target_disjoint,7,16,-0.00046247357293860425
H101,quantile_order_permutation,external_lung,seed42_main,target_disjoint,7,17,0.00455866807610994
H101,quantile_order_permutation,external_lung,seed42_main,target_disjoint,7,18,-0.001717758985200768
H101,quantile_order_permutation,external_lung,seed42_main,target_disjoint,7,19,-0.0007267441860465684
H101,quantile_order_permutation,external_lung,seed42_main,target_disjoint,11,0,0.00033033826638462216
H101,quantile_order_permutation,external_lung,seed42_main,target_disjoint,11,1,-0.006738900634249645
H101,quantile_order_permutation,external_lung,seed42_main,target_disjoint,11,2,-0.0025105708245244385
H101,quantile_order_permutation,external_lung,seed42_main,target_disjoint,11,3,-0.008456659619450413
H101,quantile_order_permutation,external_lung,seed42_main,target_disjoint,11,4,0.0001982029598308621
H101,quantile_order_permutation,external_lung,seed42_main,target_disjoint,11,5,-0.006408562367864801
H101,quantile_order_permutation,external_lung,seed42_main,target_disjoint,11,6,-0.005087209302325757
H101,quantile_order_permutation,external_lung,seed42_main,target_disjoint,11,7,-0.001651691331923999
H101,quantile_order_permutation,external_lung,seed42_main,target_disjoint,11,8,-0.005747885835095223
H101,quantile_order_permutation,external_lung,seed42_main,target_disjoint,11,9,-0.00019820295983097314
H101,quantile_order_permutation,external_lung,seed42_main,target_disjoint,11,10,-0.003699788583509611
H101,quantile_order_permutation,external_lung,seed42_main,target_disjoint,11,11,-0.0024445031712475584
H101,quantile_order_permutation,external_lung,seed42_main,target_disjoint,11,12,-0.004955073995771775
H101,quantile_order_permutation,external_lung,seed42_main,target_disjoint,11,13,0.00026427061310774214
H101,quantile_order_permutation,external_lung,seed42_main,target_disjoint,11,14,-0.0007928118393236705
H101,quantile_order_permutation,external_lung,seed42_main,target_disjoint,11,15,0.00046247357293860425
H101,quantile_order_permutation,external_lung,seed42_main,target_disjoint,11,16,-0.0007928118393235595
H101,quantile_order_permutation,external_lung,seed42_main,target_disjoint,11,17,0.00026427061310774214
H101,quantile_order_permutation,external_lung,seed42_main,target_disjoint,11,18,-0.0002642706131080752
H101,quantile_order_permutation,external_lung,seed42_main,target_disjoint,11,19,-0.005021141649048766
H101,quantile_order_permutation,immune,seed42_main,source_disjoint,0,0,0.0009467455621301468
H101,quantile_order_permutation,immune,seed42_main,source_disjoint,0,1,-0.004497041420118308
H101,quantile_order_permutation,immune,seed42_main,source_disjoint,0,2,0.004181459566074963
H101,quantile_order_permutation,immune,seed42_main,source_disjoint,0,3,0.0010256410256409554
H101,quantile_order_permutation,immune,seed42_main,source_disjoint,0,4,0.0010256410256410664
H101,quantile_order_permutation,immune,seed42_main,source_disjoint,0,5,7.889546351091958e-05
H101,quantile_order_permutation,immune,seed42_main,source_disjoint,0,6,0.004733727810650956
H101,quantile_order_permutation,immune,seed42_main,source_disjoint,0,7,0.0007889546351085297
H101,quantile_order_permutation,immune,seed42_main,source_disjoint,0,8,0.0018934911242602936
H101,quantile_order_permutation,immune,seed42_main,source_disjoint,0,9,0.0002366863905325367
H101,quantile_order_permutation,immune,seed42_main,source_disjoint,0,10,0.003076923076923088
H101,quantile_order_permutation,immune,seed42_main,source_disjoint,0,11,0.00015779092702161712
H101,quantile_order_permutation,immune,seed42_main,source_disjoint,0,12,-0.0004733727810650734
H101,quantile_order_permutation,immune,seed42_main,source_disjoint,0,13,0.00039447731755415383
H101,quantile_order_permutation,immune,seed42_main,source_disjoint,0,14,0.0012623274161736031
H101,quantile_order_permutation,immune,seed42_main,source_disjoint,0,15,0.0010256410256410664
H101,quantile_order_permutation,immune,seed42_main,source_disjoint,0,16,-0.001814595660749485
H101,quantile_order_permutation,immune,seed42_main,source_disjoint,0,17,0.002366863905325367
H101,quantile_order_permutation,immune,seed42_main,source_disjoint,0,18,0.0014990138067061398
H101,quantile_order_permutation,immune,seed42_main,source_disjoint,0,19,0.00015779092702161712
H101,quantile_order_permutation,immune,seed42_main,source_disjoint,3,0,-0.008994082840236617
H101,quantile_order_permutation,immune,seed42_main,source_disjoint,3,1,0.0018934911242602936
H101,quantile_order_permutation,immune,seed42_main,source_disjoint,3,2,0.000552268244575993
H101,quantile_order_permutation,immune,seed42_main,source_disjoint,3,3,0.0015779092702169484
H101,quantile_order_permutation,immune,seed42_main,source_disjoint,3,4,-0.00039447731755426485
H101,quantile_order_permutation,immune,seed42_main,source_disjoint,3,5,-0.004181459566074852
H101,quantile_order_permutation,immune,seed42_main,source_disjoint,3,6,-0.010571992110453676
H101,quantile_order_permutation,immune,seed42_main,source_disjoint,3,7,0.005996055226824448
H101,quantile_order_permutation,immune,seed42_main,source_disjoint,3,8,-0.01530571992110441
H101,quantile_order_permutation,immune,seed42_main,source_disjoint,3,9,-0.0010256410256409554
H101,quantile_order_permutation,immune,seed42_main,source_disjoint,3,10,-0.0033925049309664335
H101,quantile_order_permutation,immune,seed42_main,source_disjoint,3,11,-0.01396449704142011
H101,quantile_order_permutation,immune,seed42_main,source_disjoint,3,12,-0.0028402366863904405
H101,quantile_order_permutation,immune,seed42_main,source_disjoint,3,13,-0.0017357001972385655
H101,quantile_order_permutation,immune,seed42_main,source_disjoint,3,14,-0.0028402366863905515
H101,quantile_order_permutation,immune,seed42_main,source_disjoint,3,15,-0.010019723865877683
H101,quantile_order_permutation,immune,seed42_main,source_disjoint,3,16,-0.007573964497041397
H101,quantile_order_permutation,immune,seed42_main,source_disjoint,3,17,-0.004575936883629228
H101,quantile_order_permutation,immune,seed42_main,source_disjoint,3,18,-0.006706114398422058
H101,quantile_order_permutation,immune,seed42_main,source_disjoint,3,19,-0.0007100591715976101
H101,quantile_order_permutation,immune,seed42_main,source_disjoint,7,0,0.017357001972386432
H101,quantile_order_permutation,immune,seed42_main,source_disjoint,7,1,0.030532544378698234
H101,quantile_order_permutation,immune,seed42_main,source_disjoint,7,2,0.029506903353057057
H101,quantile_order_permutation,immune,seed42_main,source_disjoint,7,3,0.029585798816568087
H101,quantile_order_permutation,immune,seed42_main,source_disjoint,7,4,0.018856015779092683
H101,quantile_order_permutation,immune,seed42_main,source_disjoint,7,5,0.0295857988165682
H101,quantile_order_permutation,immune,seed42_main,source_disjoint,7,6,0.02698224852070996
H101,quantile_order_permutation,immune,seed42_main,source_disjoint,7,7,0.03510848126232757
H101,quantile_order_permutation,immune,seed42_main,source_disjoint,7,8,0.02942800788954636
H101,quantile_order_permutation,immune,seed42_main,source_disjoint,7,9,0.0271400394477318
H101,quantile_order_permutation,immune,seed42_main,source_disjoint,7,10,0.029822485207100624
H101,quantile_order_permutation,immune,seed42_main,source_disjoint,7,11,0.03163708086785011
H101,quantile_order_permutation,immune,seed42_main,source_disjoint,7,12,0.030295857988165587
H101,quantile_order_permutation,immune,seed42_main,source_disjoint,7,13,0.01988165680473375
H101,quantile_order_permutation,immune,seed42_main,source_disjoint,7,14,0.028875739644970366
H101,quantile_order_permutation,immune,seed42_main,source_disjoint,7,15,0.025325443786982094
H101,quantile_order_permutation,immune,seed42_main,source_disjoint,7,16,0.033530571992110625
H101,quantile_order_permutation,immune,seed42_main,source_disjoint,7,17,0.0335305719921104
H101,quantile_order_permutation,immune,seed42_main,source_disjoint,7,18,0.02571992110453647
H101,quantile_order_permutation,immune,seed42_main,source_disjoint,7,19,0.03171597633136103
H101,quantile_order_permutation,immune,seed42_main,source_disjoint,11,0,0.004970414201183271
H101,quantile_order_permutation,immune,seed42_main,source_disjoint,11,1,0.00433925049309658
H101,quantile_order_permutation,immune,seed42_main,source_disjoint,11,2,0.006390532544378491
H101,quantile_order_permutation,immune,seed42_main,source_disjoint,11,3,0.0046548323471399256
H101,quantile_order_permutation,immune,seed42_main,source_disjoint,11,4,0.0035502958579881616
H101,quantile_order_permutation,immune,seed42_main,source_disjoint,11,5,0.004497041420118308
H101,quantile_order_permutation,immune,seed42_main,source_disjoint,11,6,0.004023668639053235
H101,quantile_order_permutation,immune,seed42_main,source_disjoint,11,7,0.003471400394477353
H101,quantile_order_permutation,immune,seed42_main,source_disjoint,11,8,0.005443786982248344
H101,quantile_order_permutation,immune,seed42_main,source_disjoint,11,9,-7.889546351091958e-05
H101,quantile_order_permutation,immune,seed42_main,source_disjoint,11,10,0.003944773175542204
H101,quantile_order_permutation,immune,seed42_main,source_disjoint,11,11,0.002524654832346984
H101,quantile_order_permutation,immune,seed42_main,source_disjoint,11,12,-0.0014990138067061398
H101,quantile_order_permutation,immune,seed42_main,source_disjoint,11,13,0.00512820512820511
H101,quantile_order_permutation,immune,seed42_main,source_disjoint,11,14,0.0026824457593687123
H101,quantile_order_permutation,immune,seed42_main,source_disjoint,11,15,0.003076923076922977
H101,quantile_order_permutation,immune,seed42_main,source_disjoint,11,16,0.006706114398421947
H101,quantile_order_permutation,immune,seed42_main,source_disjoint,11,17,0.008441814595660624
H101,quantile_order_permutation,immune,seed42_main,source_disjoint,11,18,0.004575936883629117
H101,quantile_order_permutation,immune,seed42_main,source_disjoint,11,19,0.003629191321498859
H101,quantile_order_permutation,immune,seed42_main,target_disjoint,0,0,0.0037080867850097787
H101,quantile_order_permutation,immune,seed42_main,target_disjoint,0,1,0.00583826429980272
H101,quantile_order_permutation,immune,seed42_main,target_disjoint,0,2,0.0017357001972385655
H101,quantile_order_permutation,immune,seed42_main,target_disjoint,0,3,0.0014201183431952202
H101,quantile_order_permutation,immune,seed42_main,target_disjoint,0,4,0.00220907297830375
H101,quantile_order_permutation,immune,seed42_main,target_disjoint,0,5,0.005443786982248455
H101,quantile_order_permutation,immune,seed42_main,target_disjoint,0,6,0.00015779092702161712
H101,quantile_order_permutation,immune,seed42_main,target_disjoint,0,7,0.0006311637080866905
H101,quantile_order_permutation,immune,seed42_main,target_disjoint,0,8,0.0037080867850097787
H101,quantile_order_permutation,immune,seed42_main,target_disjoint,0,9,0.003076923076922977
H101,quantile_order_permutation,immune,seed42_main,target_disjoint,0,10,0.004260355029585772
H101,quantile_order_permutation,immune,seed42_main,target_disjoint,0,11,0.000552268244575882
H101,quantile_order_permutation,immune,seed42_main,target_disjoint,0,12,-0.0006311637080868016
H101,quantile_order_permutation,immune,seed42_main,target_disjoint,0,13,0.003313609467455514
H101,quantile_order_permutation,immune,seed42_main,target_disjoint,0,14,0.0022879684418145585
H101,quantile_order_permutation,immune,seed42_main,target_disjoint,0,15,0.0033925049309665445
H101,quantile_order_permutation,immune,seed42_main,target_disjoint,0,16,0.0026035502958577927
H101,quantile_order_permutation,immune,seed42_main,target_disjoint,0,17,0.00220907297830375
H101,quantile_order_permutation,immune,seed42_main,target_disjoint,0,18,0.0035502958579881616
H101,quantile_order_permutation,immune,seed42_main,target_disjoint,0,19,-0.004970414201183493
H101,quantile_order_permutation,immune,seed42_main,target_disjoint,3,0,-0.002761341222879743
H101,quantile_order_permutation,immune,seed42_main,target_disjoint,3,1,-0.0050493096646944124
H101,quantile_order_permutation,immune,seed42_main,target_disjoint,3,2,-0.010493096646942757
H101,quantile_order_permutation,immune,seed42_main,target_disjoint,3,3,-0.0010256410256410664
H101,quantile_order_permutation,immune,seed42_main,target_disjoint,3,4,-0.0003155818540434563
H101,quantile_order_permutation,immune,seed42_main,target_disjoint,3,5,-0.0044181459566075
H101,quantile_order_permutation,immune,seed42_main,target_disjoint,3,6,-0.0007100591715976101
H101,quantile_order_permutation,immune,seed42_main,target_disjoint,3,7,0.0009467455621301468
H101,quantile_order_permutation,immune,seed42_main,target_disjoint,3,8,-0.0014990138067061398
H101,quantile_order_permutation,immune,seed42_main,target_disjoint,3,9,-0.0033925049309665445
H101,quantile_order_permutation,immune,seed42_main,target_disjoint,3,10,-0.002366863905325478
H101,quantile_order_permutation,immune,seed42_main,target_disjoint,3,11,-0.0011834319526626835
H101,quantile_order_permutation,immune,seed42_main,target_disjoint,3,12,0.001104536489151764
H101,quantile_order_permutation,immune,seed42_main,target_disjoint,3,13,-0.0017357001972386765
H101,quantile_order_permutation,immune,seed42_main,target_disjoint,3,14,-0.005285996055226727
H101,quantile_order_permutation,immune,seed42_main,target_disjoint,3,15,0.002761341222879743
H101,quantile_order_permutation,immune,seed42_main,target_disjoint,3,16,-0.0024457593688362866
H101,quantile_order_permutation,immune,seed42_main,target_disjoint,3,17,0.0019723865877712132
H101,quantile_order_permutation,immune,seed42_main,target_disjoint,3,18,-0.0008678500986193383
H101,quantile_order_permutation,immune,seed42_main,target_disjoint,3,19,-0.004418145956607611
H101,quantile_order_permutation,immune,seed42_main,target_disjoint,7,0,-0.00362919132149897
H101,quantile_order_permutation,immune,seed42_main,target_disjoint,7,1,0.0012623274161736031
H101,quantile_order_permutation,immune,seed42_main,target_disjoint,7,2,-0.00291913214990136
H101,quantile_order_permutation,immune,seed42_main,target_disjoint,7,3,-0.002051282051282022
H101,quantile_order_permutation,immune,seed42_main,target_disjoint,7,4,-0.00725838264299794
H101,quantile_order_permutation,immune,seed42_main,target_disjoint,7,5,-0.0022879684418145585
H101,quantile_order_permutation,immune,seed42_main,target_disjoint,7,6,0.002761341222879632
H101,quantile_order_permutation,immune,seed42_main,target_disjoint,7,7,0.0032347140039448163
H101,quantile_order_permutation,immune,seed42_main,target_disjoint,7,8,-0.007179487179487132
H101,quantile_order_permutation,immune,seed42_main,target_disjoint,7,9,0.0039447731755425375
H101,quantile_order_permutation,immune,seed42_main,target_disjoint,7,10,-0.0132544378698225
H101,quantile_order_permutation,immune,seed42_main,target_disjoint,7,11,-0.0026035502958579038
H101,quantile_order_permutation,immune,seed42_main,target_disjoint,7,12,-0.0017357001972385655
H101,quantile_order_permutation,immune,seed42_main,target_disjoint,7,13,-0.005364891518737536
H101,quantile_order_permutation,immune,seed42_main,target_disjoint,7,14,0.003076923076923088
H101,quantile_order_permutation,immune,seed42_main,target_disjoint,7,15,-0.007021696252465404
H101,quantile_order_permutation,immune,seed42_main,target_disjoint,7,16,-0.008520710059171543
H101,quantile_order_permutation,immune,seed42_main,target_disjoint,7,17,0.001656804733727868
H101,quantile_order_permutation,immune,seed42_main,target_disjoint,7,18,-0.005917159763313529
H101,quantile_order_permutation,immune,seed42_main,target_disjoint,7,19,-0.011282051282051175
H101,quantile_order_permutation,immune,seed42_main,target_disjoint,11,0,0.009940828402366875
H101,quantile_order_permutation,immune,seed42_main,target_disjoint,11,1,0.01917159763313614
H101,quantile_order_permutation,immune,seed42_main,target_disjoint,11,2,0.01546351084812636
H101,quantile_order_permutation,immune,seed42_main,target_disjoint,11,3,0.02193293885601577
H101,quantile_order_permutation,immune,seed42_main,target_disjoint,11,4,0.01617357001972386
H101,quantile_order_permutation,immune,seed42_main,target_disjoint,11,5,0.004654832347140037
H101,quantile_order_permutation,immune,seed42_main,target_disjoint,11,6,0.006706114398422169
H101,quantile_order_permutation,immune,seed42_main,target_disjoint,11,7,0.008994082840236617
H101,quantile_order_permutation,immune,seed42_main,target_disjoint,11,8,0.007968441814595772
H101,quantile_order_permutation,immune,seed42_main,target_disjoint,11,9,0.00954635108481261
H101,quantile_order_permutation,immune,seed42_main,target_disjoint,11,10,0.01396449704142022
H101,quantile_order_permutation,immune,seed42_main,target_disjoint,11,11,0.012307692307692242
H101,quantile_order_permutation,immune,seed42_main,target_disjoint,11,12,0.0183037475345168
H101,quantile_order_permutation,immune,seed42_main,target_disjoint,11,13,0.02193293885601577
H101,quantile_order_permutation,immune,seed42_main,target_disjoint,11,14,0.014990138067061176
H101,quantile_order_permutation,immune,seed42_main,target_disjoint,11,15,0.018461538461538418
H101,quantile_order_permutation,immune,seed42_main,target_disjoint,11,16,0.010177514792899522
H101,quantile_order_permutation,immune,seed42_main,target_disjoint,11,17,0.018934911242603603
H101,quantile_order_permutation,immune,seed42_main,target_disjoint,11,18,0.01538461538461533
H101,quantile_order_permutation,immune,seed42_main,target_disjoint,11,19,0.023984220907297904
H101,quantile_order_permutation,lung,seed42_main,source_disjoint,0,0,0.004142256938280298
H101,quantile_order_permutation,lung,seed42_main,source_disjoint,0,1,0.004556482632108283
H101,quantile_order_permutation,lung,seed42_main,source_disjoint,0,2,0.0028995798567961195
H101,quantile_order_permutation,lung,seed42_main,source_disjoint,0,3,-0.008817089768625497
H101,quantile_order_permutation,lung,seed42_main,source_disjoint,0,4,-0.004852358127700018
H101,quantile_order_permutation,lung,seed42_main,source_disjoint,0,5,0.0026037043612047173
H101,quantile_order_permutation,lung,seed42_main,source_disjoint,0,6,0.0019527782709034547
H101,quantile_order_permutation,lung,seed42_main,source_disjoint,0,7,0.002485354162968134
H101,quantile_order_permutation,lung,seed42_main,source_disjoint,0,8,-0.00414225693828052
H101,quantile_order_permutation,lung,seed42_main,source_disjoint,0,9,0.005325758920646129
H101,quantile_order_permutation,lung,seed42_main,source_disjoint,0,10,0.0029587549559144666
H101,quantile_order_permutation,lung,seed42_main,source_disjoint,0,11,-0.006509260903012182
H101,quantile_order_permutation,lung,seed42_main,source_disjoint,0,12,0.0039055565418070204
H101,quantile_order_permutation,lung,seed42_main,source_disjoint,0,13,0.00254452926208637
H101,quantile_order_permutation,lung,seed42_main,source_disjoint,0,14,-0.009586366057163342
H101,quantile_order_permutation,lung,seed42_main,source_disjoint,0,15,-0.00858038937215233
H101,quantile_order_permutation,lung,seed42_main,source_disjoint,0,16,0.0014202023788388862
H101,quantile_order_permutation,lung,seed42_main,source_disjoint,0,17,-0.0040239067400438255
H101,quantile_order_permutation,lung,seed42_main,source_disjoint,0,18,-0.005029883425054837
H101,quantile_order_permutation,lung,seed42_main,source_disjoint,0,19,-0.006745961299485348
H101,quantile_order_permutation,lung,seed42_main,source_disjoint,3,0,0.02260488786318704
H101,quantile_order_permutation,lung,seed42_main,source_disjoint,3,1,0.0207112846914016
H101,quantile_order_permutation,lung,seed42_main,source_disjoint,3,2,0.02343333925084301
H101,quantile_order_permutation,lung,seed42_main,source_disjoint,3,3,0.015208000473400651
H101,quantile_order_permutation,lung,seed42_main,source_disjoint,3,4,0.016213977158411552
H101,quantile_order_permutation,lung,seed42_main,source_disjoint,3,5,0.00869873957038858
H101,quantile_order_permutation,lung,seed42_main,source_disjoint,3,6,0.016036451861056622
H101,quantile_order_permutation,lung,seed42_main,source_disjoint,3,7,0.011420794129830103
H101,quantile_order_permutation,lung,seed42_main,source_disjoint,3,8,0.021184685484348043
H101,quantile_order_permutation,lung,seed42_main,source_disjoint,3,9,0.01710160364518587
H101,quantile_order_permutation,lung,seed42_main,source_disjoint,3,10,0.01964613290727235
H101,quantile_order_permutation,lung,seed42_main,source_disjoint,3,11,0.016391502455766593
H101,quantile_order_permutation,lung,seed42_main,source_disjoint,3,12,0.01609562696017508
H101,quantile_order_permutation,lung,seed42_main,source_disjoint,3,13,0.0128409965086691
H101,quantile_order_permutation,lung,seed42_main,source_disjoint,3,14,0.006450085803893613
H101,quantile_order_permutation,lung,seed42_main,source_disjoint,3,15,0.005680809515355767
H101,quantile_order_permutation,lung,seed42_main,source_disjoint,3,16,0.010118941949227578
H101,quantile_order_permutation,lung,seed42_main,source_disjoint,3,17,0.015444700869873818
H101,quantile_order_permutation,lung,seed42_main,source_disjoint,3,18,0.018758506420498255
H101,quantile_order_permutation,lung,seed42_main,source_disjoint,3,19,0.014793774779572555
H101,quantile_order_permutation,lung,seed42_main,source_disjoint,7,0,0.016213977158411774
H101,quantile_order_permutation,lung,seed42_main,source_disjoint,7,1,0.017456654239895952
H101,quantile_order_permutation,lung,seed42_main,source_disjoint,7,2,0.017515829339014077
H101,quantile_order_permutation,lung,seed42_main,source_disjoint,7,3,0.012367595715722768
H101,quantile_order_permutation,lung,seed42_main,source_disjoint,7,4,0.017870879933723938
H101,quantile_order_permutation,lung,seed42_main,source_disjoint,7,5,0.0039055565418071314
H101,quantile_order_permutation,lung,seed42_main,source_disjoint,7,6,0.018640156222261783
H101,quantile_order_permutation,lung,seed42_main,source_disjoint,7,7,0.020711284691401932
H101,quantile_order_permutation,lung,seed42_main,source_disjoint,7,8,0.019586957808154448
H101,quantile_order_permutation,lung,seed42_main,source_disjoint,7,9,0.008521214273033872
H101,quantile_order_permutation,lung,seed42_main,source_disjoint,7,10,0.021835611574649416
H101,quantile_order_permutation,lung,seed42_main,source_disjoint,7,11,0.014142848689271625
H101,quantile_order_permutation,lung,seed42_main,source_disjoint,7,12,0.013787798094561765
H101,quantile_order_permutation,lung,seed42_main,source_disjoint,7,13,0.015208000473400762
H101,quantile_order_permutation,lung,seed42_main,source_disjoint,7,14,0.016864903248713037
H101,quantile_order_permutation,lung,seed42_main,source_disjoint,7,15,0.018758506420498255
H101,quantile_order_permutation,lung,seed42_main,source_disjoint,7,16,0.013728622995443529
H101,quantile_order_permutation,lung,seed42_main,source_disjoint,7,17,0.020001183501982434
H101,quantile_order_permutation,lung,seed42_main,source_disjoint,7,18,0.019468607609917754
H101,quantile_order_permutation,lung,seed42_main,source_disjoint,7,19,0.007574412687141208
H101,quantile_order_permutation,lung,seed42_main,source_disjoint,11,0,0.042487721166933
H101,quantile_order_permutation,lung,seed42_main,source_disjoint,11,1,0.050298834250547375
H101,quantile_order_permutation,lung,seed42_main,source_disjoint,11,2,0.0449139002307829
H101,quantile_order_permutation,lung,seed42_main,source_disjoint,11,3,0.04988460855671939
H101,quantile_order_permutation,lung,seed42_main,source_disjoint,11,4,0.04520977572637441
H101,quantile_order_permutation,lung,seed42_main,source_disjoint,11,5,0.04503225042901948
H101,quantile_order_permutation,lung,seed42_main,source_disjoint,11,6,0.053553464702053355
H101,quantile_order_permutation,lung,seed42_main,source_disjoint,11,7,0.04816853068228899
H101,quantile_order_permutation,lung,seed42_main,source_disjoint,11,8,0.04899698206994507
H101,quantile_order_permutation,lung,seed42_main,source_disjoint,11,9,0.017219953843422786
H101,quantile_order_permutation,lung,seed42_main,source_disjoint,11,10,0.03722113734540511
H101,quantile_order_permutation,lung,seed42_main,source_disjoint,11,11,0.046866678501686465
H101,quantile_order_permutation,lung,seed42_main,source_disjoint,11,12,0.05089058524173029
H101,quantile_order_permutation,lung,seed42_main,source_disjoint,11,13,0.05349428960293523
H101,quantile_order_permutation,lung,seed42_main,source_disjoint,11,14,0.032842180010651534
H101,quantile_order_permutation,lung,seed42_main,source_disjoint,11,15,0.050653884845257124
H101,quantile_order_permutation,lung,seed42_main,source_disjoint,11,16,0.029883425054736956
H101,quantile_order_permutation,lung,seed42_main,source_disjoint,11,17,0.04941120776377317
H101,quantile_order_permutation,lung,seed42_main,source_disjoint,11,18,0.034203207290372295
H101,quantile_order_permutation,lung,seed42_main,source_disjoint,11,19,0.032842180010651645
H101,quantile_order_permutation,lung,seed42_main,target_disjoint,0,0,0.01108690079466823
H101,quantile_order_permutation,lung,seed42_main,target_disjoint,0,1,0.010446039477057467
H101,quantile_order_permutation,lung,seed42_main,target_disjoint,0,2,0.007562163547808365
H101,quantile_order_permutation,lung,seed42_main,target_disjoint,0,3,0.006088182517303253
H101,quantile_order_permutation,lung,seed42_main,target_disjoint,0,4,0.009292489105357737
H101,quantile_order_permutation,lung,seed42_main,target_disjoint,0,5,0.009100230710074597
H101,quantile_order_permutation,lung,seed42_main,target_disjoint,0,6,0.008907972314791346
H101,quantile_order_permutation,lung,seed42_main,target_disjoint,0,7,0.00679312996667536
H101,quantile_order_permutation,lung,seed42_main,target_disjoint,0,8,0.006408613176108746
H101,quantile_order_permutation,lung,seed42_main,target_disjoint,0,9,0.006024096385542355
H101,quantile_order_permutation,lung,seed42_main,target_disjoint,0,10,0.007690335811330606
H101,quantile_order_permutation,lung,seed42_main,target_disjoint,0,11,0.0023071007433993485
H101,quantile_order_permutation,lung,seed42_main,target_disjoint,0,12,0.0014739810305052226
H101,quantile_order_permutation,lung,seed42_main,target_disjoint,0,13,0.010830556267623748
H101,quantile_order_permutation,lung,seed42_main,target_disjoint,0,14,0.015701102281466484
H101,quantile_order_permutation,lung,seed42_main,target_disjoint,0,15,0.00813893873365823
H101,quantile_order_permutation,lung,seed42_main,target_disjoint,0,16,0.010702384004101617
H101,quantile_order_permutation,lung,seed42_main,target_disjoint,0,17,0.00954883363240211
H101,quantile_order_permutation,lung,seed42_main,target_disjoint,0,18,0.002947962061010112
H101,quantile_order_permutation,lung,seed42_main,target_disjoint,0,19,0.009484747500640989
H101,quantile_order_permutation,lung,seed42_main,target_disjoint,3,0,0.0023071007433992374
H101,quantile_order_permutation,lung,seed42_main,target_disjoint,3,1,0.003204306588054484
H101,quantile_order_permutation,lung,seed42_main,target_disjoint,3,2,0.008907972314791124
H101,quantile_order_permutation,lung,seed42_main,target_disjoint,3,3,0.010189694950012873
H101,quantile_order_permutation,lung,seed42_main,target_disjoint,3,4,0.005960010253781123
H101,quantile_order_permutation,lung,seed42_main,target_disjoint,3,5,0.011791848244040115
H101,quantile_order_permutation,lung,seed42_main,target_disjoint,3,6,-0.0017944116893102713
H101,quantile_order_permutation,lung,seed42_main,target_disjoint,3,7,0.00986926429120738
H101,quantile_order_permutation,lung,seed42_main,target_disjoint,3,8,0.008715713919507984
H101,quantile_order_permutation,lung,seed42_main,target_disjoint,3,9,0.003781081773904238
H101,quantile_order_permutation,lung,seed42_main,target_disjoint,3,10,0.015060240963855609
H101,quantile_order_permutation,lung,seed42_main,target_disjoint,3,11,0.010446039477057245
H101,quantile_order_permutation,lung,seed42_main,target_disjoint,3,12,0.009933350422968612
H101,quantile_order_permutation,lung,seed42_main,target_disjoint,3,13,0.0068572160984363695
H101,quantile_order_permutation,lung,seed42_main,target_disjoint,3,14,0.004614201486798253
H101,quantile_order_permutation,lung,seed42_main,target_disjoint,3,15,0.010317867213535004
H101,quantile_order_permutation,lung,seed42_main,target_disjoint,3,16,0.013137657011022874
H101,quantile_order_permutation,lung,seed42_main,target_disjoint,3,17,0.012560881825173231
H101,quantile_order_permutation,lung,seed42_main,target_disjoint,3,18,0.011407331453473502
H101,quantile_order_permutation,lung,seed42_main,target_disjoint,3,19,0.01268905408869525
H101,quantile_order_permutation,lung,seed42_main,target_disjoint,7,0,0.005319148936170248
H101,quantile_order_permutation,lung,seed42_main,target_disjoint,7,1,-0.00025634452704437205
H101,quantile_order_permutation,lung,seed42_main,target_disjoint,7,2,-0.0008972058446552467
H101,quantile_order_permutation,lung,seed42_main,target_disjoint,7,3,0.005447321199692379
H101,quantile_order_permutation,lung,seed42_main,target_disjoint,7,4,0.003524737246859755
H101,quantile_order_permutation,lung,seed42_main,target_disjoint,7,5,0.0022430146116380056
H101,quantile_order_permutation,lung,seed42_main,target_disjoint,7,6,0.0023071007433991264
H101,quantile_order_permutation,lung,seed42_main,target_disjoint,7,7,0.005255062804409127
H101,quantile_order_permutation,lung,seed42_main,target_disjoint,7,8,0.00692130223019749
H101,quantile_order_permutation,lung,seed42_main,target_disjoint,7,9,0.00025634452704426103
H101,quantile_order_permutation,lung,seed42_main,target_disjoint,7,10,0.0023071007433991264
H101,quantile_order_permutation,lung,seed42_main,target_disjoint,7,11,0.0024993591386823777
H101,quantile_order_permutation,lung,seed42_main,target_disjoint,7,12,0.004037426300948499
H101,quantile_order_permutation,lung,seed42_main,target_disjoint,7,13,0.0007049474493721064
H101,quantile_order_permutation,lung,seed42_main,target_disjoint,7,14,0.0005126890540886331
H101,quantile_order_permutation,lung,seed42_main,target_disjoint,7,15,0.0046782876185592626
H101,quantile_order_permutation,lung,seed42_main,target_disjoint,7,16,0.001345808766982759
H101,quantile_order_permutation,lung,seed42_main,target_disjoint,7,17,0.006985388361958389
H101,quantile_order_permutation,lung,seed42_main,target_disjoint,7,18,0.0069853883619585
H101,quantile_order_permutation,lung,seed42_main,target_disjoint,7,19,0.0017944116893103823
H101,quantile_order_permutation,lung,seed42_main,target_disjoint,11,0,0.006664957703153007
H101,quantile_order_permutation,lung,seed42_main,target_disjoint,11,1,0.010574211740579376
H101,quantile_order_permutation,lung,seed42_main,target_disjoint,11,2,0.009356575237118636
H101,quantile_order_permutation,lung,seed42_main,target_disjoint,11,3,-0.00429377082799276
H101,quantile_order_permutation,lung,seed42_main,target_disjoint,11,4,-0.0005767751858496428
H101,quantile_order_permutation,lung,seed42_main,target_disjoint,11,5,0.012881312483978391
H101,quantile_order_permutation,lung,seed42_main,target_disjoint,11,6,0.01121507305819025
H101,quantile_order_permutation,lung,seed42_main,target_disjoint,11,7,0.010958728531145878
H101,quantile_order_permutation,lung,seed42_main,target_disjoint,11,8,0.003973340169187378
H101,quantile_order_permutation,lung,seed42_main,target_disjoint,11,9,0.01409894898743913
H101,quantile_order_permutation,lung,seed42_main,target_disjoint,11,10,0.01390669059215588
H101,quantile_order_permutation,lung,seed42_main,target_disjoint,11,11,0.013009484747500633
H101,quantile_order_permutation,lung,seed42_main,target_disjoint,11,12,0.011022814662906999
H101,quantile_order_permutation,lung,seed42_main,target_disjoint,11,13,0.008651627787746752
H101,quantile_order_permutation,lung,seed42_main,target_disjoint,11,14,0.0019225839528325128
H101,quantile_order_permutation,lung,seed42_main,target_disjoint,11,15,0.008651627787746752
H101,quantile_order_permutation,lung,seed42_main,target_disjoint,11,16,0.007498077416047244
H101,quantile_order_permutation,lung,seed42_main,target_disjoint,11,17,0.011535503716995632
H101,quantile_order_permutation,lung,seed42_main,target_disjoint,11,18,0.009356575237118636
H101,quantile_order_permutation,lung,seed42_main,target_disjoint,11,19,0.011663675980517763
