null_kind,domain,seed_tag,split_regime,layer,perm_idx,null_delta_auc
bio_weight_shuffle_within_edge_degree_bins,external_lung,seed42_main,source_disjoint,7,0,-0.013442767457860216
bio_weight_shuffle_within_edge_degree_bins,external_lung,seed42_main,source_disjoint,7,1,-0.013249269005847886
bio_weight_shuffle_within_edge_degree_bins,external_lung,seed42_main,source_disjoint,7,2,-0.01059941520467833
bio_weight_shuffle_within_edge_degree_bins,external_lung,seed42_main,source_disjoint,7,3,-0.007600189198486373
bio_weight_shuffle_within_edge_degree_bins,external_lung,seed42_main,source_disjoint,7,4,-0.010362917096663038
bio_weight_shuffle_within_edge_degree_bins,external_lung,seed42_main,source_disjoint,7,5,-0.01049729102167185
bio_weight_shuffle_within_edge_degree_bins,external_lung,seed42_main,source_disjoint,7,6,-0.007584064327485263
bio_weight_shuffle_within_edge_degree_bins,external_lung,seed42_main,source_disjoint,7,7,-0.01041666666666663
bio_weight_shuffle_within_edge_degree_bins,external_lung,seed42_main,source_disjoint,7,8,-0.010373667010663778
bio_weight_shuffle_within_edge_degree_bins,external_lung,seed42_main,source_disjoint,7,9,-0.01063703990368059
bio_weight_shuffle_within_edge_degree_bins,external_lung,seed42_main,source_disjoint,7,10,-0.01052954076367385
bio_weight_shuffle_within_edge_degree_bins,external_lung,seed42_main,source_disjoint,7,11,-0.007546439628482893
bio_weight_shuffle_within_edge_degree_bins,external_lung,seed42_main,source_disjoint,7,12,-0.013432017543859587
bio_weight_shuffle_within_edge_degree_bins,external_lung,seed42_main,source_disjoint,7,13,-0.01050804093567237
bio_weight_shuffle_within_edge_degree_bins,external_lung,seed42_main,source_disjoint,7,14,-0.013421267629858846
bio_weight_shuffle_within_edge_degree_bins,external_lung,seed42_main,source_disjoint,7,15,-0.013254643962848145
bio_weight_shuffle_within_edge_degree_bins,external_lung,seed42_main,source_disjoint,7,16,-0.013276143790849626
bio_weight_shuffle_within_edge_degree_bins,external_lung,seed42_main,source_disjoint,7,17,-0.013260018919848626
bio_weight_shuffle_within_edge_degree_bins,external_lung,seed42_main,source_disjoint,7,18,-0.01048654110767111
bio_weight_shuffle_within_edge_degree_bins,external_lung,seed42_main,source_disjoint,7,19,-0.01038979188166489
bio_weight_shuffle_within_edge_degree_bins,external_lung,seed42_main,source_disjoint,7,20,-0.013346018231853995
bio_weight_shuffle_within_edge_degree_bins,external_lung,seed42_main,source_disjoint,7,21,-0.013518016855865067
bio_weight_shuffle_within_edge_degree_bins,external_lung,seed42_main,source_disjoint,7,22,-0.013539516683866326
bio_weight_shuffle_within_edge_degree_bins,external_lung,seed42_main,source_disjoint,7,23,-0.01048654110767111
bio_weight_shuffle_within_edge_degree_bins,external_lung,seed42_main,source_disjoint,7,24,-0.013475017199862327
bio_weight_shuffle_within_edge_degree_bins,external_lung,seed42_main,source_disjoint,7,25,-0.013378267973856106
bio_weight_shuffle_within_edge_degree_bins,external_lung,seed42_main,source_disjoint,7,26,-0.01051341589267285
bio_weight_shuffle_within_edge_degree_bins,external_lung,seed42_main,source_disjoint,7,27,-0.010486541107670999
bio_weight_shuffle_within_edge_degree_bins,external_lung,seed42_main,source_disjoint,7,28,-0.010250042999655928
bio_weight_shuffle_within_edge_degree_bins,external_lung,seed42_main,source_disjoint,7,29,-0.01056179050567585
bio_weight_shuffle_within_edge_degree_bins,external_lung,seed42_main,source_disjoint,7,30,-0.01037366701066389
bio_weight_shuffle_within_edge_degree_bins,external_lung,seed42_main,source_disjoint,7,31,-0.010706914344685181
bio_weight_shuffle_within_edge_degree_bins,external_lung,seed42_main,source_disjoint,11,0,-0.006089826281389654
bio_weight_shuffle_within_edge_degree_bins,external_lung,seed42_main,source_disjoint,11,1,-0.006159700722394135
bio_weight_shuffle_within_edge_degree_bins,external_lung,seed42_main,source_disjoint,11,2,-0.006186575507395764
bio_weight_shuffle_within_edge_degree_bins,external_lung,seed42_main,source_disjoint,11,3,-0.007600189198486262
bio_weight_shuffle_within_edge_degree_bins,external_lung,seed42_main,source_disjoint,11,4,-0.006213450292397615
bio_weight_shuffle_within_edge_degree_bins,external_lung,seed42_main,source_disjoint,11,5,-0.006245700034399615
bio_weight_shuffle_within_edge_degree_bins,external_lung,seed42_main,source_disjoint,11,6,-0.006283324733401985
bio_weight_shuffle_within_edge_degree_bins,external_lung,seed42_main,source_disjoint,11,7,-0.006127450980392135
bio_weight_shuffle_within_edge_degree_bins,external_lung,seed42_main,source_disjoint,11,8,-0.0063155744754040954
bio_weight_shuffle_within_edge_degree_bins,external_lung,seed42_main,source_disjoint,11,9,-0.007637813897488743
bio_weight_shuffle_within_edge_degree_bins,external_lung,seed42_main,source_disjoint,11,10,-0.007428190574475413
bio_weight_shuffle_within_edge_degree_bins,external_lung,seed42_main,source_disjoint,11,11,-0.0076216890264877435
bio_weight_shuffle_within_edge_degree_bins,external_lung,seed42_main,source_disjoint,11,12,-0.007632438940488484
bio_weight_shuffle_within_edge_degree_bins,external_lung,seed42_main,source_disjoint,11,13,-0.006138200894392765
bio_weight_shuffle_within_edge_degree_bins,external_lung,seed42_main,source_disjoint,11,14,-0.0076216890264877435
bio_weight_shuffle_within_edge_degree_bins,external_lung,seed42_main,source_disjoint,11,15,-0.0061973254213965046
bio_weight_shuffle_within_edge_degree_bins,external_lung,seed42_main,source_disjoint,11,16,-0.0063155744754040954
bio_weight_shuffle_within_edge_degree_bins,external_lung,seed42_main,source_disjoint,11,17,-0.006159700722394135
bio_weight_shuffle_within_edge_degree_bins,external_lung,seed42_main,source_disjoint,11,18,-0.0062349501203989854
bio_weight_shuffle_within_edge_degree_bins,external_lung,seed42_main,source_disjoint,11,19,-0.006191950464396245
bio_weight_shuffle_within_edge_degree_bins,external_lung,seed42_main,source_disjoint,11,20,-0.007589439284485633
bio_weight_shuffle_within_edge_degree_bins,external_lung,seed42_main,source_disjoint,11,21,-0.006283324733401985
bio_weight_shuffle_within_edge_degree_bins,external_lung,seed42_main,source_disjoint,11,22,-0.007455065359477042
bio_weight_shuffle_within_edge_degree_bins,external_lung,seed42_main,source_disjoint,11,23,-0.006191950464396134
bio_weight_shuffle_within_edge_degree_bins,external_lung,seed42_main,source_disjoint,11,24,-0.0063370743034054655
bio_weight_shuffle_within_edge_degree_bins,external_lung,seed42_main,source_disjoint,11,25,-0.006138200894392765
bio_weight_shuffle_within_edge_degree_bins,external_lung,seed42_main,source_disjoint,11,26,-0.0076216890264877435
bio_weight_shuffle_within_edge_degree_bins,external_lung,seed42_main,source_disjoint,11,27,-0.006224200206398245
bio_weight_shuffle_within_edge_degree_bins,external_lung,seed42_main,source_disjoint,11,28,-0.0061973254213965046
bio_weight_shuffle_within_edge_degree_bins,external_lung,seed42_main,source_disjoint,11,29,-0.006111326109391024
bio_weight_shuffle_within_edge_degree_bins,external_lung,seed42_main,source_disjoint,11,30,-0.006213450292397615
bio_weight_shuffle_within_edge_degree_bins,external_lung,seed42_main,source_disjoint,11,31,-0.007750687994495964
bio_weight_shuffle_within_edge_degree_bins,external_lung,seed42_main,target_disjoint,7,0,0.0076555478194823
bio_weight_shuffle_within_edge_degree_bins,external_lung,seed42_main,target_disjoint,7,1,0.009120830432305937
bio_weight_shuffle_within_edge_degree_bins,external_lung,seed42_main,target_disjoint,7,2,0.00838977150452569
bio_weight_shuffle_within_edge_degree_bins,external_lung,seed42_main,target_disjoint,7,3,0.00831065257294783
bio_weight_shuffle_within_edge_degree_bins,external_lung,seed42_main,target_disjoint,7,4,0.00917146654851586
bio_weight_shuffle_within_edge_degree_bins,external_lung,seed42_main,target_disjoint,7,5,0.009139818975884673
bio_weight_shuffle_within_edge_degree_bins,external_lung,seed42_main,target_disjoint,7,6,0.008383441989999518
bio_weight_shuffle_within_edge_degree_bins,external_lung,seed42_main,target_disjoint,7,7,0.008361288689157642
bio_weight_shuffle_within_edge_degree_bins,external_lung,seed42_main,target_disjoint,7,8,0.009158807519463297
bio_weight_shuffle_within_edge_degree_bins,external_lung,seed42_main,target_disjoint,7,9,0.008364453446420783
bio_weight_shuffle_within_edge_degree_bins,external_lung,seed42_main,target_disjoint,7,10,0.009117665675042796
bio_weight_shuffle_within_edge_degree_bins,external_lung,seed42_main,target_disjoint,7,11,0.008348629660105078
bio_weight_shuffle_within_edge_degree_bins,external_lung,seed42_main,target_disjoint,7,12,0.008354959174631471
bio_weight_shuffle_within_edge_degree_bins,external_lung,seed42_main,target_disjoint,7,13,0.009101841888727313
bio_weight_shuffle_within_edge_degree_bins,external_lung,seed42_main,target_disjoint,7,14,0.007715678207481647
bio_weight_shuffle_within_edge_degree_bins,external_lung,seed42_main,target_disjoint,7,15,0.009035381986201796
bio_weight_shuffle_within_edge_degree_bins,external_lung,seed42_main,target_disjoint,7,16,0.00769352490663977
bio_weight_shuffle_within_edge_degree_bins,external_lung,seed42_main,target_disjoint,7,17,0.008421419077156878
bio_weight_shuffle_within_edge_degree_bins,external_lung,seed42_main,target_disjoint,7,18,0.008415089562630595
bio_weight_shuffle_within_edge_degree_bins,external_lung,seed42_main,target_disjoint,7,19,0.009044876257991108
bio_weight_shuffle_within_edge_degree_bins,external_lung,seed42_main,target_disjoint,7,20,0.009095512374201031
bio_weight_shuffle_within_edge_degree_bins,external_lung,seed42_main,target_disjoint,7,21,0.009139818975884673
bio_weight_shuffle_within_edge_degree_bins,external_lung,seed42_main,target_disjoint,7,22,0.008367618203683813
bio_weight_shuffle_within_edge_degree_bins,external_lung,seed42_main,target_disjoint,7,23,0.00909234761693789
bio_weight_shuffle_within_edge_degree_bins,external_lung,seed42_main,target_disjoint,7,24,0.009177796063042143
bio_weight_shuffle_within_edge_degree_bins,external_lung,seed42_main,target_disjoint,7,25,0.00838977150452569
bio_weight_shuffle_within_edge_degree_bins,external_lung,seed42_main,target_disjoint,7,26,0.008358123931894501
bio_weight_shuffle_within_edge_degree_bins,external_lung,seed42_main,target_disjoint,7,27,0.00905437052978042
bio_weight_shuffle_within_edge_degree_bins,external_lung,seed42_main,target_disjoint,7,28,0.007585923159693753
bio_weight_shuffle_within_edge_degree_bins,external_lung,seed42_main,target_disjoint,7,29,0.007684030634850347
bio_weight_shuffle_within_edge_degree_bins,external_lung,seed42_main,target_disjoint,7,30,0.009108171403253373
bio_weight_shuffle_within_edge_degree_bins,external_lung,seed42_main,target_disjoint,7,31,0.008411924805367454
bio_weight_shuffle_within_edge_degree_bins,external_lung,seed42_main,target_disjoint,11,0,0.01831128552440031
bio_weight_shuffle_within_edge_degree_bins,external_lung,seed42_main,target_disjoint,11,1,0.019814545224381308
bio_weight_shuffle_within_edge_degree_bins,external_lung,seed42_main,target_disjoint,11,2,0.01702955883283752
bio_weight_shuffle_within_edge_degree_bins,external_lung,seed42_main,target_disjoint,11,3,0.019716437749224602
bio_weight_shuffle_within_edge_degree_bins,external_lung,seed42_main,target_disjoint,11,4,0.01985568706880181
bio_weight_shuffle_within_edge_degree_bins,external_lung,seed42_main,target_disjoint,11,5,0.018516994746502924
bio_weight_shuffle_within_edge_degree_bins,external_lung,seed42_main,target_disjoint,11,6,0.018412557756820047
bio_weight_shuffle_within_edge_degree_bins,external_lung,seed42_main,target_disjoint,11,7,0.019770238622697667
bio_weight_shuffle_within_edge_degree_bins,external_lung,seed42_main,target_disjoint,11,8,0.018336603582505218
bio_weight_shuffle_within_edge_degree_bins,external_lung,seed42_main,target_disjoint,11,9,0.018355592126083953
bio_weight_shuffle_within_edge_degree_bins,external_lung,seed42_main,target_disjoint,11,10,0.019849357554275526
bio_weight_shuffle_within_edge_degree_bins,external_lung,seed42_main,target_disjoint,11,11,0.01846952338755614
bio_weight_shuffle_within_edge_degree_bins,external_lung,seed42_main,target_disjoint,11,12,0.018409392999556906
bio_weight_shuffle_within_edge_degree_bins,external_lung,seed42_main,target_disjoint,11,13,0.01982087473890748
bio_weight_shuffle_within_edge_degree_bins,external_lung,seed42_main,target_disjoint,11,14,0.018475852902082424
bio_weight_shuffle_within_edge_degree_bins,external_lung,seed42_main,target_disjoint,11,15,0.018510665231976753
bio_weight_shuffle_within_edge_degree_bins,external_lung,seed42_main,target_disjoint,11,16,0.019934806000379668
bio_weight_shuffle_within_edge_degree_bins,external_lung,seed42_main,target_disjoint,11,17,0.016956769415785833
bio_weight_shuffle_within_edge_degree_bins,external_lung,seed42_main,target_disjoint,11,18,0.019767073865434415
bio_weight_shuffle_within_edge_degree_bins,external_lung,seed42_main,target_disjoint,11,19,0.018406228242293765
bio_weight_shuffle_within_edge_degree_bins,external_lung,seed42_main,target_disjoint,11,20,0.017010570289258786
bio_weight_shuffle_within_edge_degree_bins,external_lung,seed42_main,target_disjoint,11,21,0.018472688144819283
bio_weight_shuffle_within_edge_degree_bins,external_lung,seed42_main,target_disjoint,11,22,0.019725932021013914
bio_weight_shuffle_within_edge_degree_bins,external_lung,seed42_main,target_disjoint,11,23,0.016994746502943192
bio_weight_shuffle_within_edge_degree_bins,external_lung,seed42_main,target_disjoint,11,24,0.018507500474713612
bio_weight_shuffle_within_edge_degree_bins,external_lung,seed42_main,target_disjoint,11,25,0.019811380467118278
bio_weight_shuffle_within_edge_degree_bins,external_lung,seed42_main,target_disjoint,11,26,0.019884169884169856
bio_weight_shuffle_within_edge_degree_bins,external_lung,seed42_main,target_disjoint,11,27,0.018532818532818518
bio_weight_shuffle_within_edge_degree_bins,external_lung,seed42_main,target_disjoint,11,28,0.019725932021014025
bio_weight_shuffle_within_edge_degree_bins,external_lung,seed42_main,target_disjoint,11,29,0.018365086397873265
bio_weight_shuffle_within_edge_degree_bins,external_lung,seed42_main,target_disjoint,11,30,0.016959934173048863
bio_weight_shuffle_within_edge_degree_bins,external_lung,seed42_main,target_disjoint,11,31,0.01842838154313564
bio_weight_shuffle_within_edge_degree_bins,external_lung,seed43,source_disjoint,7,0,0.007528556593977109
bio_weight_shuffle_within_edge_degree_bins,external_lung,seed43,source_disjoint,7,1,0.007477562676160843
bio_weight_shuffle_within_edge_degree_bins,external_lung,seed43,source_disjoint,7,2,0.007403389704791596
bio_weight_shuffle_within_edge_degree_bins,external_lung,seed43,source_disjoint,7,3,0.007449747811897334
bio_weight_shuffle_within_edge_degree_bins,external_lung,seed43,source_disjoint,7,4,0.008733867378727167
bio_weight_shuffle_within_edge_degree_bins,external_lung,seed43,source_disjoint,7,5,0.007588822133214657
bio_weight_shuffle_within_edge_degree_bins,external_lung,seed43,source_disjoint,7,6,0.007352395786975219
bio_weight_shuffle_within_edge_degree_bins,external_lung,seed43,source_disjoint,7,7,0.007612001186767525
bio_weight_shuffle_within_edge_degree_bins,external_lung,seed43,source_disjoint,7,8,0.007472926865450202
bio_weight_shuffle_within_edge_degree_bins,external_lung,seed43,source_disjoint,7,9,0.007547099836819449
bio_weight_shuffle_within_edge_degree_bins,external_lung,seed43,source_disjoint,7,10,0.007477562676160843
bio_weight_shuffle_within_edge_degree_bins,external_lung,seed43,source_disjoint,7,11,0.00885903426791268
bio_weight_shuffle_within_edge_degree_bins,external_lung,seed43,source_disjoint,7,12,0.007565643079661788
bio_weight_shuffle_within_edge_degree_bins,external_lung,seed43,source_disjoint,7,13,0.008808040350096413
bio_weight_shuffle_within_edge_degree_bins,external_lung,seed43,source_disjoint,7,14,0.008914663996439587
bio_weight_shuffle_within_edge_degree_bins,external_lung,seed43,source_disjoint,7,15,0.008849762646491621
bio_weight_shuffle_within_edge_degree_bins,external_lung,seed43,source_disjoint,7,16,0.007500741729713711
bio_weight_shuffle_within_edge_degree_bins,external_lung,seed43,source_disjoint,7,17,0.007565643079661788
bio_weight_shuffle_within_edge_degree_bins,external_lung,seed43,source_disjoint,7,18,0.007468291054739673
bio_weight_shuffle_within_edge_degree_bins,external_lung,seed43,source_disjoint,7,19,0.007421932947633825
bio_weight_shuffle_within_edge_degree_bins,external_lung,seed43,source_disjoint,7,20,0.007463655244029033
bio_weight_shuffle_within_edge_degree_bins,external_lung,seed43,source_disjoint,7,21,0.007380210651238728
bio_weight_shuffle_within_edge_degree_bins,external_lung,seed43,source_disjoint,7,22,0.00751464916184541
bio_weight_shuffle_within_edge_degree_bins,external_lung,seed43,source_disjoint,7,23,0.00751464916184541
bio_weight_shuffle_within_edge_degree_bins,external_lung,seed43,source_disjoint,7,24,0.008780225485832904
bio_weight_shuffle_within_edge_degree_bins,external_lung,seed43,source_disjoint,7,25,0.007667630915294543
bio_weight_shuffle_within_edge_degree_bins,external_lung,seed43,source_disjoint,7,26,0.008821947782228112
bio_weight_shuffle_within_edge_degree_bins,external_lung,seed43,source_disjoint,7,27,0.008803404539385773
bio_weight_shuffle_within_edge_degree_bins,external_lung,seed43,source_disjoint,7,28,0.007370939029817558
bio_weight_shuffle_within_edge_degree_bins,external_lung,seed43,source_disjoint,7,29,0.008757046432280147
bio_weight_shuffle_within_edge_degree_bins,external_lung,seed43,source_disjoint,7,30,0.007584186322504127
bio_weight_shuffle_within_edge_degree_bins,external_lung,seed43,source_disjoint,7,31,0.007412661326212766
bio_weight_shuffle_within_edge_degree_bins,external_lung,seed43,source_disjoint,11,0,-0.007839155911585904
bio_weight_shuffle_within_edge_degree_bins,external_lung,seed43,source_disjoint,11,1,-0.007941143747218549
bio_weight_shuffle_within_edge_degree_bins,external_lung,seed43,source_disjoint,11,2,-0.007866970775849413
bio_weight_shuffle_within_edge_degree_bins,external_lung,seed43,source_disjoint,11,3,-0.007941143747218549
bio_weight_shuffle_within_edge_degree_bins,external_lung,seed43,source_disjoint,11,4,-0.007885514018691642
bio_weight_shuffle_within_edge_degree_bins,external_lung,seed43,source_disjoint,11,5,-0.007760347129506129
bio_weight_shuffle_within_edge_degree_bins,external_lung,seed43,source_disjoint,11,6,-0.007862334965138773
bio_weight_shuffle_within_edge_degree_bins,external_lung,seed43,source_disjoint,11,7,-0.007904057261533981
bio_weight_shuffle_within_edge_degree_bins,external_lung,seed43,source_disjoint,11,8,-0.007904057261533981
bio_weight_shuffle_within_edge_degree_bins,external_lung,seed43,source_disjoint,11,9,-0.007941143747218549
bio_weight_shuffle_within_edge_degree_bins,external_lung,seed43,source_disjoint,11,10,-0.007950415368639718
bio_weight_shuffle_within_edge_degree_bins,external_lung,seed43,source_disjoint,11,11,-0.00793187212579749
bio_weight_shuffle_within_edge_degree_bins,external_lung,seed43,source_disjoint,11,12,-0.007959686990060888
bio_weight_shuffle_within_edge_degree_bins,external_lung,seed43,source_disjoint,11,13,-0.007894785640112811
bio_weight_shuffle_within_edge_degree_bins,external_lung,seed43,source_disjoint,11,14,-0.0077974336151906964
bio_weight_shuffle_within_edge_degree_bins,external_lung,seed43,source_disjoint,11,15,-0.005141114078030085
bio_weight_shuffle_within_edge_degree_bins,external_lung,seed43,source_disjoint,11,16,-0.00794114374721866
bio_weight_shuffle_within_edge_degree_bins,external_lung,seed43,source_disjoint,11,17,-0.007788161993769527
bio_weight_shuffle_within_edge_degree_bins,external_lung,seed43,source_disjoint,11,18,-0.007843791722296434
bio_weight_shuffle_within_edge_degree_bins,external_lung,seed43,source_disjoint,11,19,-0.007825248479454094
bio_weight_shuffle_within_edge_degree_bins,external_lung,seed43,source_disjoint,11,20,-0.005187472185135822
bio_weight_shuffle_within_edge_degree_bins,external_lung,seed43,source_disjoint,11,21,-0.007996773475745456
bio_weight_shuffle_within_edge_degree_bins,external_lung,seed43,source_disjoint,11,22,-0.007848427533007074
bio_weight_shuffle_within_edge_degree_bins,external_lung,seed43,source_disjoint,11,23,-0.007894785640112811
bio_weight_shuffle_within_edge_degree_bins,external_lung,seed43,source_disjoint,11,24,-0.005150385699451254
bio_weight_shuffle_within_edge_degree_bins,external_lung,seed43,source_disjoint,11,25,-0.007778890372348357
bio_weight_shuffle_within_edge_degree_bins,external_lung,seed43,source_disjoint,11,26,-0.007904057261533981
bio_weight_shuffle_within_edge_degree_bins,external_lung,seed43,source_disjoint,11,27,-0.00793187212579749
bio_weight_shuffle_within_edge_degree_bins,external_lung,seed43,source_disjoint,11,28,-0.007996773475745456
bio_weight_shuffle_within_edge_degree_bins,external_lung,seed43,source_disjoint,11,29,-0.007904057261533981
bio_weight_shuffle_within_edge_degree_bins,external_lung,seed43,source_disjoint,11,30,-0.007894785640112922
bio_weight_shuffle_within_edge_degree_bins,external_lung,seed43,source_disjoint,11,31,-0.007904057261533981
bio_weight_shuffle_within_edge_degree_bins,external_lung,seed43,target_disjoint,7,0,0.03307975629066129
bio_weight_shuffle_within_edge_degree_bins,external_lung,seed43,target_disjoint,7,1,0.0286536321182288
bio_weight_shuffle_within_edge_degree_bins,external_lung,seed43,target_disjoint,7,2,0.0332805525914196
bio_weight_shuffle_within_edge_degree_bins,external_lung,seed43,target_disjoint,7,3,0.033111309995066174
bio_weight_shuffle_within_edge_degree_bins,external_lung,seed43,target_disjoint,7,4,0.030176815485410624
bio_weight_shuffle_within_edge_degree_bins,external_lung,seed43,target_disjoint,7,5,0.031720078482668335
bio_weight_shuffle_within_edge_degree_bins,external_lung,seed43,target_disjoint,7,6,0.028667974711140132
bio_weight_shuffle_within_edge_degree_bins,external_lung,seed43,target_disjoint,7,7,0.0330711507349144
bio_weight_shuffle_within_edge_degree_bins,external_lung,seed43,target_disjoint,7,8,0.0324314710910697
bio_weight_shuffle_within_edge_degree_bins,external_lung,seed43,target_disjoint,7,9,0.03301091184468685
bio_weight_shuffle_within_edge_degree_bins,external_lung,seed43,target_disjoint,7,10,0.02727387468016007
bio_weight_shuffle_within_edge_degree_bins,external_lung,seed43,target_disjoint,7,11,0.030136656225258962
bio_weight_shuffle_within_edge_degree_bins,external_lung,seed43,target_disjoint,7,12,0.02729682282881818
bio_weight_shuffle_within_edge_degree_bins,external_lung,seed43,target_disjoint,7,13,0.03231959886636149
bio_weight_shuffle_within_edge_degree_bins,external_lung,seed43,target_disjoint,7,14,0.03321744518261005
bio_weight_shuffle_within_edge_degree_bins,external_lung,seed43,target_disjoint,7,15,0.03176310626140222
bio_weight_shuffle_within_edge_degree_bins,external_lung,seed43,target_disjoint,7,16,0.03216183034433695
bio_weight_shuffle_within_edge_degree_bins,external_lung,seed43,target_disjoint,7,17,0.03238557479375348
bio_weight_shuffle_within_edge_degree_bins,external_lung,seed43,target_disjoint,7,18,0.03311704703223062
bio_weight_shuffle_within_edge_degree_bins,external_lung,seed43,target_disjoint,7,19,0.02797092469564999
bio_weight_shuffle_within_edge_degree_bins,external_lung,seed43,target_disjoint,7,20,0.030254265487131726
bio_weight_shuffle_within_edge_degree_bins,external_lung,seed43,target_disjoint,7,21,0.03239418034950037
bio_weight_shuffle_within_edge_degree_bins,external_lung,seed43,target_disjoint,7,22,0.031995456266565636
bio_weight_shuffle_within_edge_degree_bins,external_lung,seed43,target_disjoint,7,23,0.029867015478526215
bio_weight_shuffle_within_edge_degree_bins,external_lung,seed43,target_disjoint,7,24,0.031682787741099006
bio_weight_shuffle_within_edge_degree_bins,external_lung,seed43,target_disjoint,7,25,0.030056337704955638
bio_weight_shuffle_within_edge_degree_bins,external_lung,seed43,target_disjoint,7,26,0.033214576664027606
bio_weight_shuffle_within_edge_degree_bins,external_lung,seed43,target_disjoint,7,27,0.02941092102394638
bio_weight_shuffle_within_edge_degree_bins,external_lung,seed43,target_disjoint,7,28,0.031731552556997444
bio_weight_shuffle_within_edge_degree_bins,external_lung,seed43,target_disjoint,7,29,0.03306541369774996
bio_weight_shuffle_within_edge_degree_bins,external_lung,seed43,target_disjoint,7,30,0.03286174887840909
bio_weight_shuffle_within_edge_degree_bins,external_lung,seed43,target_disjoint,7,31,0.028650763599646467
bio_weight_shuffle_within_edge_degree_bins,external_lung,seed43,target_disjoint,11,0,0.020225924523539107
bio_weight_shuffle_within_edge_degree_bins,external_lung,seed43,target_disjoint,11,1,0.018980987458836807
bio_weight_shuffle_within_edge_degree_bins,external_lung,seed43,target_disjoint,11,2,0.020237398597868106
bio_weight_shuffle_within_edge_degree_bins,external_lung,seed43,target_disjoint,11,3,0.01893509116152048
bio_weight_shuffle_within_edge_degree_bins,external_lung,seed43,target_disjoint,11,4,0.020400904157057198
bio_weight_shuffle_within_edge_degree_bins,external_lung,seed43,target_disjoint,11,5,0.020472617121613745
bio_weight_shuffle_within_edge_degree_bins,external_lung,seed43,target_disjoint,11,6,0.018926485605773702
bio_weight_shuffle_within_edge_degree_bins,external_lung,seed43,target_disjoint,11,7,0.020509907863183297
bio_weight_shuffle_within_edge_degree_bins,external_lung,seed43,target_disjoint,11,8,0.02051564490034774
bio_weight_shuffle_within_edge_degree_bins,external_lung,seed43,target_disjoint,11,9,0.020294768969513433
bio_weight_shuffle_within_edge_degree_bins,external_lung,seed43,target_disjoint,11,10,0.02347595607724351
bio_weight_shuffle_within_edge_degree_bins,external_lung,seed43,target_disjoint,11,11,0.02044106341720886
bio_weight_shuffle_within_edge_degree_bins,external_lung,seed43,target_disjoint,11,12,0.020481222677360522
bio_weight_shuffle_within_edge_degree_bins,external_lung,seed43,target_disjoint,11,13,0.02038082452698131
bio_weight_shuffle_within_edge_degree_bins,external_lung,seed43,target_disjoint,11,14,0.020314848599589208
bio_weight_shuffle_within_edge_degree_bins,external_lung,seed43,target_disjoint,11,15,0.018791665232407273
bio_weight_shuffle_within_edge_degree_bins,external_lung,seed43,target_disjoint,11,16,0.02034066526682954
bio_weight_shuffle_within_edge_degree_bins,external_lung,seed43,target_disjoint,11,17,0.02052711897467685
bio_weight_shuffle_within_edge_degree_bins,external_lung,seed43,target_disjoint,11,18,0.020337796748247317
bio_weight_shuffle_within_edge_degree_bins,external_lung,seed43,target_disjoint,11,19,0.020558672679081624
bio_weight_shuffle_within_edge_degree_bins,external_lung,seed43,target_disjoint,11,20,0.020484091195942744
bio_weight_shuffle_within_edge_degree_bins,external_lung,seed43,target_disjoint,11,21,0.02044106341720875
bio_weight_shuffle_within_edge_degree_bins,external_lung,seed43,target_disjoint,11,22,0.018892063382786484
bio_weight_shuffle_within_edge_degree_bins,external_lung,seed43,target_disjoint,11,23,0.02045253749153786
bio_weight_shuffle_within_edge_degree_bins,external_lung,seed43,target_disjoint,11,24,0.018857641159799376
bio_weight_shuffle_within_edge_degree_bins,external_lung,seed43,target_disjoint,11,25,0.020234530079285773
bio_weight_shuffle_within_edge_degree_bins,external_lung,seed43,target_disjoint,11,26,0.020412378231386197
bio_weight_shuffle_within_edge_degree_bins,external_lung,seed43,target_disjoint,11,27,0.020449668972955526
bio_weight_shuffle_within_edge_degree_bins,external_lung,seed43,target_disjoint,11,28,0.020443931935791082
bio_weight_shuffle_within_edge_degree_bins,external_lung,seed43,target_disjoint,11,29,0.02045253749153797
bio_weight_shuffle_within_edge_degree_bins,external_lung,seed43,target_disjoint,11,30,0.020383693045563533
bio_weight_shuffle_within_edge_degree_bins,external_lung,seed43,target_disjoint,11,31,0.020314848599589097
bio_weight_shuffle_within_edge_degree_bins,external_lung,seed44,source_disjoint,7,0,0.006996000940955094
bio_weight_shuffle_within_edge_degree_bins,external_lung,seed44,source_disjoint,7,1,0.006643142789931722
bio_weight_shuffle_within_edge_degree_bins,external_lung,seed44,source_disjoint,7,2,0.007014820042342995
bio_weight_shuffle_within_edge_degree_bins,external_lung,seed44,source_disjoint,7,3,0.0069489531874853405
bio_weight_shuffle_within_edge_degree_bins,external_lung,seed44,source_disjoint,7,4,0.009466007998118031
bio_weight_shuffle_within_edge_degree_bins,external_lung,seed44,source_disjoint,7,5,0.006732533521524253
bio_weight_shuffle_within_edge_degree_bins,external_lung,seed44,source_disjoint,7,6,0.009724770642201785
bio_weight_shuffle_within_edge_degree_bins,external_lung,seed44,source_disjoint,7,7,0.00667607621736066
bio_weight_shuffle_within_edge_degree_bins,external_lung,seed44,source_disjoint,7,8,0.009550693954363587
bio_weight_shuffle_within_edge_degree_bins,external_lung,seed44,source_disjoint,7,9,0.006723123970830414
bio_weight_shuffle_within_edge_degree_bins,external_lung,seed44,source_disjoint,7,10,0.006930134086097439
bio_weight_shuffle_within_edge_degree_bins,external_lung,seed44,source_disjoint,7,11,0.006680780992707636
bio_weight_shuffle_within_edge_degree_bins,external_lung,seed44,source_disjoint,7,12,0.006685485768054611
bio_weight_shuffle_within_edge_degree_bins,external_lung,seed44,source_disjoint,7,13,0.006746647847565179
bio_weight_shuffle_within_edge_degree_bins,external_lung,seed44,source_disjoint,7,14,0.00673723829687134
bio_weight_shuffle_within_edge_degree_bins,external_lung,seed44,source_disjoint,7,15,0.006774876499647142
bio_weight_shuffle_within_edge_degree_bins,external_lung,seed44,source_disjoint,7,16,0.007165372853446206
bio_weight_shuffle_within_edge_degree_bins,external_lung,seed44,source_disjoint,7,17,0.00689720065866839
bio_weight_shuffle_within_edge_degree_bins,external_lung,seed44,source_disjoint,7,18,0.006840743354504797
bio_weight_shuffle_within_edge_degree_bins,external_lung,seed44,source_disjoint,7,19,0.0069630675135261555
bio_weight_shuffle_within_edge_degree_bins,external_lung,seed44,source_disjoint,7,20,0.007108915549282502
bio_weight_shuffle_within_edge_degree_bins,external_lung,seed44,source_disjoint,7,21,0.0069912961656081185
bio_weight_shuffle_within_edge_degree_bins,external_lung,seed44,source_disjoint,7,22,0.0069630675135261555
bio_weight_shuffle_within_edge_degree_bins,external_lung,seed44,source_disjoint,7,23,0.006831333803810846
bio_weight_shuffle_within_edge_degree_bins,external_lung,seed44,source_disjoint,7,24,0.0069066102093624515
bio_weight_shuffle_within_edge_degree_bins,external_lung,seed44,source_disjoint,7,25,0.0069771818395671925
bio_weight_shuffle_within_edge_degree_bins,external_lung,seed44,source_disjoint,7,26,0.00695836273817918
bio_weight_shuffle_within_edge_degree_bins,external_lung,seed44,source_disjoint,7,27,0.006854857680545723
bio_weight_shuffle_within_edge_degree_bins,external_lung,seed44,source_disjoint,7,28,0.006760762173606105
bio_weight_shuffle_within_edge_degree_bins,external_lung,seed44,source_disjoint,7,29,0.00964949423665018
bio_weight_shuffle_within_edge_degree_bins,external_lung,seed44,source_disjoint,7,30,0.006812514702422945
bio_weight_shuffle_within_edge_degree_bins,external_lung,seed44,source_disjoint,7,31,0.006845448129851772
bio_weight_shuffle_within_edge_degree_bins,external_lung,seed44,source_disjoint,11,0,-0.01593507410021161
bio_weight_shuffle_within_edge_degree_bins,external_lung,seed44,source_disjoint,11,1,-0.015897435897435808
bio_weight_shuffle_within_edge_degree_bins,external_lung,seed44,source_disjoint,11,2,-0.017115972712302974
bio_weight_shuffle_within_edge_degree_bins,external_lung,seed44,source_disjoint,11,3,-0.013342742884027259
bio_weight_shuffle_within_edge_degree_bins,external_lung,seed44,source_disjoint,11,4,-0.013206304398964863
bio_weight_shuffle_within_edge_degree_bins,external_lung,seed44,source_disjoint,11,5,-0.01465537520583382
bio_weight_shuffle_within_edge_degree_bins,external_lung,seed44,source_disjoint,11,6,-0.013248647377087641
bio_weight_shuffle_within_edge_degree_bins,external_lung,seed44,source_disjoint,11,7,-0.01577511173841445
bio_weight_shuffle_within_edge_degree_bins,external_lung,seed44,source_disjoint,11,8,-0.014504822394730665
bio_weight_shuffle_within_edge_degree_bins,external_lung,seed44,source_disjoint,11,9,-0.013309809456598432
bio_weight_shuffle_within_edge_degree_bins,external_lung,seed44,source_disjoint,11,10,-0.013121618442719307
bio_weight_shuffle_within_edge_degree_bins,external_lung,seed44,source_disjoint,11,11,-0.013488590919783439
bio_weight_shuffle_within_edge_degree_bins,external_lung,seed44,source_disjoint,11,12,-0.013455657492354667
bio_weight_shuffle_within_edge_degree_bins,external_lung,seed44,source_disjoint,11,13,-0.015817454716537116
bio_weight_shuffle_within_edge_degree_bins,external_lung,seed44,source_disjoint,11,14,-0.014518936720771647
bio_weight_shuffle_within_edge_degree_bins,external_lung,seed44,source_disjoint,11,15,-0.0170030581039754
bio_weight_shuffle_within_edge_degree_bins,external_lung,seed44,source_disjoint,11,16,-0.01174782404140201
bio_weight_shuffle_within_edge_degree_bins,external_lung,seed44,source_disjoint,11,17,-0.013427428840272815
bio_weight_shuffle_within_edge_degree_bins,external_lung,seed44,source_disjoint,11,18,-0.013309809456598376
bio_weight_shuffle_within_edge_degree_bins,external_lung,seed44,source_disjoint,11,19,-0.01574217831098551
bio_weight_shuffle_within_edge_degree_bins,external_lung,seed44,source_disjoint,11,20,-0.013211009174311839
bio_weight_shuffle_within_edge_degree_bins,external_lung,seed44,source_disjoint,11,21,-0.013192190072923937
bio_weight_shuffle_within_edge_degree_bins,external_lung,seed44,source_disjoint,11,22,-0.01336156198541505
bio_weight_shuffle_within_edge_degree_bins,external_lung,seed44,source_disjoint,11,23,-0.01573276876029156
bio_weight_shuffle_within_edge_degree_bins,external_lung,seed44,source_disjoint,11,24,-0.013465067043048562
bio_weight_shuffle_within_edge_degree_bins,external_lung,seed44,source_disjoint,11,25,-0.01574688308633243
bio_weight_shuffle_within_edge_degree_bins,external_lung,seed44,source_disjoint,11,26,-0.011790167019524844
bio_weight_shuffle_within_edge_degree_bins,external_lung,seed44,source_disjoint,11,27,-0.013229828275699795
bio_weight_shuffle_within_edge_degree_bins,external_lung,seed44,source_disjoint,11,28,-0.013267466478475543
bio_weight_shuffle_within_edge_degree_bins,external_lung,seed44,source_disjoint,11,29,-0.017092448835568097
bio_weight_shuffle_within_edge_degree_bins,external_lung,seed44,source_disjoint,11,30,-0.013154551870148135
bio_weight_shuffle_within_edge_degree_bins,external_lung,seed44,source_disjoint,11,31,-0.01568101623147483
bio_weight_shuffle_within_edge_degree_bins,external_lung,seed44,target_disjoint,7,0,0.026566189748576108
bio_weight_shuffle_within_edge_degree_bins,external_lung,seed44,target_disjoint,7,1,0.02682085474834467
bio_weight_shuffle_within_edge_degree_bins,external_lung,seed44,target_disjoint,7,2,0.026858475714219454
bio_weight_shuffle_within_edge_degree_bins,external_lung,seed44,target_disjoint,7,3,0.02582534611288595
bio_weight_shuffle_within_edge_degree_bins,external_lung,seed44,target_disjoint,7,4,0.026739824975690885
bio_weight_shuffle_within_edge_degree_bins,external_lung,seed44,target_disjoint,7,5,0.027538547020419524
bio_weight_shuffle_within_edge_degree_bins,external_lung,seed44,target_disjoint,7,6,0.026626962078066307
bio_weight_shuffle_within_edge_degree_bins,external_lung,seed44,target_disjoint,7,7,0.02601923878316431
bio_weight_shuffle_within_edge_degree_bins,external_lung,seed44,target_disjoint,7,8,0.02750960781590034
bio_weight_shuffle_within_edge_degree_bins,external_lung,seed44,target_disjoint,7,9,0.026812172986988847
bio_weight_shuffle_within_edge_degree_bins,external_lung,seed44,target_disjoint,7,10,0.027495138213640857
bio_weight_shuffle_within_edge_degree_bins,external_lung,seed44,target_disjoint,7,11,0.027532759179515753
bio_weight_shuffle_within_edge_degree_bins,external_lung,seed44,target_disjoint,7,12,0.026679052646200796
bio_weight_shuffle_within_edge_degree_bins,external_lung,seed44,target_disjoint,7,13,0.02752407741815993
bio_weight_shuffle_within_edge_degree_bins,external_lung,seed44,target_disjoint,7,14,0.026598022873547233
bio_weight_shuffle_within_edge_degree_bins,external_lung,seed44,target_disjoint,7,15,0.02751828957725616
bio_weight_shuffle_within_edge_degree_bins,external_lung,seed44,target_disjoint,7,16,0.02676008241885436
bio_weight_shuffle_within_edge_degree_bins,external_lung,seed44,target_disjoint,7,17,0.027466199009121672
bio_weight_shuffle_within_edge_degree_bins,external_lung,seed44,target_disjoint,7,18,0.027506713895448398
bio_weight_shuffle_within_edge_degree_bins,external_lung,seed44,target_disjoint,7,19,0.02664721952122978
bio_weight_shuffle_within_edge_degree_bins,external_lung,seed44,target_disjoint,7,20,0.0268237486687965
bio_weight_shuffle_within_edge_degree_bins,external_lung,seed44,target_disjoint,7,21,0.02594399685141452
bio_weight_shuffle_within_edge_degree_bins,external_lung,seed44,target_disjoint,7,22,0.027483562531833206
bio_weight_shuffle_within_edge_degree_bins,external_lung,seed44,target_disjoint,7,23,0.026595128953095182
bio_weight_shuffle_within_edge_degree_bins,external_lung,seed44,target_disjoint,7,24,0.02665011344168161
bio_weight_shuffle_within_edge_degree_bins,external_lung,seed44,target_disjoint,7,25,0.026378084919201628
bio_weight_shuffle_within_edge_degree_bins,external_lung,seed44,target_disjoint,7,26,0.025987405658193297
bio_weight_shuffle_within_edge_degree_bins,external_lung,seed44,target_disjoint,7,27,0.02671377969162375
bio_weight_shuffle_within_edge_degree_bins,external_lung,seed44,target_disjoint,7,28,0.026606704634902945
bio_weight_shuffle_within_edge_degree_bins,external_lung,seed44,target_disjoint,7,29,0.027500926054544628
bio_weight_shuffle_within_edge_degree_bins,external_lung,seed44,target_disjoint,7,30,0.026661689123489374
bio_weight_shuffle_within_edge_degree_bins,external_lung,seed44,target_disjoint,7,31,0.026609598555354885
bio_weight_shuffle_within_edge_degree_bins,external_lung,seed44,target_disjoint,11,0,0.02159154049173484
bio_weight_shuffle_within_edge_degree_bins,external_lung,seed44,target_disjoint,11,1,0.021438162707783426
bio_weight_shuffle_within_edge_degree_bins,external_lung,seed44,target_disjoint,11,2,0.021455526230494848
bio_weight_shuffle_within_edge_degree_bins,external_lung,seed44,target_disjoint,11,3,0.018373500949205868
bio_weight_shuffle_within_edge_degree_bins,external_lung,seed44,target_disjoint,11,4,0.018607908505810844
bio_weight_shuffle_within_edge_degree_bins,external_lung,seed44,target_disjoint,11,5,0.021380284298745278
bio_weight_shuffle_within_edge_degree_bins,external_lung,seed44,target_disjoint,11,6,0.02152498032134087
bio_weight_shuffle_within_edge_degree_bins,external_lung,seed44,target_disjoint,11,7,0.018605014585359014
bio_weight_shuffle_within_edge_degree_bins,external_lung,seed44,target_disjoint,11,8,0.02171019123026341
bio_weight_shuffle_within_edge_degree_bins,external_lung,seed44,target_disjoint,11,9,0.021533662082696692
bio_weight_shuffle_within_edge_degree_bins,external_lung,seed44,target_disjoint,11,10,0.01837639486965781
bio_weight_shuffle_within_edge_degree_bins,external_lung,seed44,target_disjoint,11,11,0.021380284298745167
bio_weight_shuffle_within_edge_degree_bins,external_lung,seed44,target_disjoint,11,12,0.018356137426494334
bio_weight_shuffle_within_edge_degree_bins,external_lung,seed44,target_disjoint,11,13,0.021348451173774152
bio_weight_shuffle_within_edge_degree_bins,external_lung,seed44,target_disjoint,11,14,0.021226906514793642
bio_weight_shuffle_within_edge_degree_bins,external_lung,seed44,target_disjoint,11,15,0.018359031346946275
bio_weight_shuffle_within_edge_degree_bins,external_lung,seed44,target_disjoint,11,16,0.021238482196601405
bio_weight_shuffle_within_edge_degree_bins,external_lung,seed44,target_disjoint,11,17,0.018304046858359957
bio_weight_shuffle_within_edge_degree_bins,external_lung,seed44,target_disjoint,11,18,0.021374496457841285
bio_weight_shuffle_within_edge_degree_bins,external_lung,seed44,target_disjoint,11,19,0.021481571514562092
bio_weight_shuffle_within_edge_degree_bins,external_lung,seed44,target_disjoint,11,20,0.02146710191230261
bio_weight_shuffle_within_edge_degree_bins,external_lung,seed44,target_disjoint,11,21,0.021484465435014144
bio_weight_shuffle_within_edge_degree_bins,external_lung,seed44,target_disjoint,11,22,0.021290572764735782
bio_weight_shuffle_within_edge_degree_bins,external_lung,seed44,target_disjoint,11,23,0.021302148446543434
bio_weight_shuffle_within_edge_degree_bins,external_lung,seed44,target_disjoint,11,24,0.021597328332638832
bio_weight_shuffle_within_edge_degree_bins,external_lung,seed44,target_disjoint,11,25,0.018306940778811787
bio_weight_shuffle_within_edge_degree_bins,external_lung,seed44,target_disjoint,11,26,0.018440061119599838
bio_weight_shuffle_within_edge_degree_bins,external_lung,seed44,target_disjoint,11,27,0.01832719822197526
bio_weight_shuffle_within_edge_degree_bins,external_lung,seed44,target_disjoint,11,28,0.021383178219197108
bio_weight_shuffle_within_edge_degree_bins,external_lung,seed44,target_disjoint,11,29,0.02133976941241833
bio_weight_shuffle_within_edge_degree_bins,external_lung,seed44,target_disjoint,11,30,0.021478677594110263
bio_weight_shuffle_within_edge_degree_bins,external_lung,seed44,target_disjoint,11,31,0.018547136176320755
bio_weight_shuffle_within_edge_degree_bins,immune,seed42_main,source_disjoint,7,0,-0.00037315595745290864
bio_weight_shuffle_within_edge_degree_bins,immune,seed42_main,source_disjoint,7,1,-0.0003659102107063106
bio_weight_shuffle_within_edge_degree_bins,immune,seed42_main,source_disjoint,7,2,-0.0003514187172128924
bio_weight_shuffle_within_edge_degree_bins,immune,seed42_main,source_disjoint,7,3,-0.0003586644639596015
bio_weight_shuffle_within_edge_degree_bins,immune,seed42_main,source_disjoint,7,4,-0.0003586644639596015
bio_weight_shuffle_within_edge_degree_bins,immune,seed42_main,source_disjoint,7,5,-0.00036591021070619956
bio_weight_shuffle_within_edge_degree_bins,immune,seed42_main,source_disjoint,7,6,-0.0003514187172128924
bio_weight_shuffle_within_edge_degree_bins,immune,seed42_main,source_disjoint,7,7,-0.0003586644639596015
bio_weight_shuffle_within_edge_degree_bins,immune,seed42_main,source_disjoint,7,8,-0.0003296814769729872
bio_weight_shuffle_within_edge_degree_bins,immune,seed42_main,source_disjoint,7,9,-0.0003659102107063106
bio_weight_shuffle_within_edge_degree_bins,immune,seed42_main,source_disjoint,7,10,-0.00037315595745301966
bio_weight_shuffle_within_edge_degree_bins,immune,seed42_main,source_disjoint,7,11,-0.00036591021070619956
bio_weight_shuffle_within_edge_degree_bins,immune,seed42_main,source_disjoint,7,12,-0.0003659102107063106
bio_weight_shuffle_within_edge_degree_bins,immune,seed42_main,source_disjoint,7,13,-0.00035141871721300344
bio_weight_shuffle_within_edge_degree_bins,immune,seed42_main,source_disjoint,7,14,-0.0003659102107063106
bio_weight_shuffle_within_edge_degree_bins,immune,seed42_main,source_disjoint,7,15,-0.00035141871721300344
bio_weight_shuffle_within_edge_degree_bins,immune,seed42_main,source_disjoint,7,16,-0.00035141871721300344
bio_weight_shuffle_within_edge_degree_bins,immune,seed42_main,source_disjoint,7,17,-0.00037315595745301966
bio_weight_shuffle_within_edge_degree_bins,immune,seed42_main,source_disjoint,7,18,-0.0003804017041996177
bio_weight_shuffle_within_edge_degree_bins,immune,seed42_main,source_disjoint,7,19,-0.0003586644639597125
bio_weight_shuffle_within_edge_degree_bins,immune,seed42_main,source_disjoint,7,20,-0.00037315595745301966
bio_weight_shuffle_within_edge_degree_bins,immune,seed42_main,source_disjoint,7,21,-0.00034417297046618334
bio_weight_shuffle_within_edge_degree_bins,immune,seed42_main,source_disjoint,7,22,-0.0003586644639596015
bio_weight_shuffle_within_edge_degree_bins,immune,seed42_main,source_disjoint,7,23,-0.0003659102107063106
bio_weight_shuffle_within_edge_degree_bins,immune,seed42_main,source_disjoint,7,24,-0.00034417297046629436
bio_weight_shuffle_within_edge_degree_bins,immune,seed42_main,source_disjoint,7,25,-0.00037315595745301966
bio_weight_shuffle_within_edge_degree_bins,immune,seed42_main,source_disjoint,7,26,-0.00035141871721300344
bio_weight_shuffle_within_edge_degree_bins,immune,seed42_main,source_disjoint,7,27,-0.0003659102107063106
bio_weight_shuffle_within_edge_degree_bins,immune,seed42_main,source_disjoint,7,28,-0.0003586644639596015
bio_weight_shuffle_within_edge_degree_bins,immune,seed42_main,source_disjoint,7,29,-0.00037315595745301966
bio_weight_shuffle_within_edge_degree_bins,immune,seed42_main,source_disjoint,7,30,-0.00037315595745290864
bio_weight_shuffle_within_edge_degree_bins,immune,seed42_main,source_disjoint,7,31,-0.00037315595745301966
bio_weight_shuffle_within_edge_degree_bins,immune,seed42_main,source_disjoint,11,0,-0.00018114366866650577
bio_weight_shuffle_within_edge_degree_bins,immune,seed42_main,source_disjoint,11,1,-0.00018114366866650577
bio_weight_shuffle_within_edge_degree_bins,immune,seed42_main,source_disjoint,11,2,-0.00018838941541321486
bio_weight_shuffle_within_edge_degree_bins,immune,seed42_main,source_disjoint,11,3,-0.000202880908906522
bio_weight_shuffle_within_edge_degree_bins,immune,seed42_main,source_disjoint,11,4,-0.00019563516215981291
bio_weight_shuffle_within_edge_degree_bins,immune,seed42_main,source_disjoint,11,5,-0.000202880908906522
bio_weight_shuffle_within_edge_degree_bins,immune,seed42_main,source_disjoint,11,6,-0.00017389792191990772
bio_weight_shuffle_within_edge_degree_bins,immune,seed42_main,source_disjoint,11,7,-0.00018114366866650577
bio_weight_shuffle_within_edge_degree_bins,immune,seed42_main,source_disjoint,11,8,-0.00013766918818658436
bio_weight_shuffle_within_edge_degree_bins,immune,seed42_main,source_disjoint,11,9,-0.00018114366866650577
bio_weight_shuffle_within_edge_degree_bins,immune,seed42_main,source_disjoint,11,10,-0.0001811436686666168
bio_weight_shuffle_within_edge_degree_bins,immune,seed42_main,source_disjoint,11,11,-0.00019563516215992394
bio_weight_shuffle_within_edge_degree_bins,immune,seed42_main,source_disjoint,11,12,-0.00018838941541321486
bio_weight_shuffle_within_edge_degree_bins,immune,seed42_main,source_disjoint,11,13,-0.000202880908906522
bio_weight_shuffle_within_edge_degree_bins,immune,seed42_main,source_disjoint,11,14,-0.00018838941541321486
bio_weight_shuffle_within_edge_degree_bins,immune,seed42_main,source_disjoint,11,15,-0.00018838941541321486
bio_weight_shuffle_within_edge_degree_bins,immune,seed42_main,source_disjoint,11,16,-0.00018838941541321486
bio_weight_shuffle_within_edge_degree_bins,immune,seed42_main,source_disjoint,11,17,-0.00018114366866650577
bio_weight_shuffle_within_edge_degree_bins,immune,seed42_main,source_disjoint,11,18,-0.00018114366866650577
bio_weight_shuffle_within_edge_degree_bins,immune,seed42_main,source_disjoint,11,19,-0.0001811436686666168
bio_weight_shuffle_within_edge_degree_bins,immune,seed42_main,source_disjoint,11,20,-0.00018114366866650577
bio_weight_shuffle_within_edge_degree_bins,immune,seed42_main,source_disjoint,11,21,-0.00018838941541321486
bio_weight_shuffle_within_edge_degree_bins,immune,seed42_main,source_disjoint,11,22,-0.00017389792191990772
bio_weight_shuffle_within_edge_degree_bins,immune,seed42_main,source_disjoint,11,23,-0.00018838941541321486
bio_weight_shuffle_within_edge_degree_bins,immune,seed42_main,source_disjoint,11,24,-0.0002463553893864434
bio_weight_shuffle_within_edge_degree_bins,immune,seed42_main,source_disjoint,11,25,-0.00019563516215992394
bio_weight_shuffle_within_edge_degree_bins,immune,seed42_main,source_disjoint,11,26,-0.00024635538938655444
bio_weight_shuffle_within_edge_degree_bins,immune,seed42_main,source_disjoint,11,27,-0.0002536011361331525
bio_weight_shuffle_within_edge_degree_bins,immune,seed42_main,source_disjoint,11,28,-0.00017389792191990772
bio_weight_shuffle_within_edge_degree_bins,immune,seed42_main,source_disjoint,11,29,-0.0001811436686666168
bio_weight_shuffle_within_edge_degree_bins,immune,seed42_main,source_disjoint,11,30,-0.00017389792191990772
bio_weight_shuffle_within_edge_degree_bins,immune,seed42_main,source_disjoint,11,31,-0.00017389792191990772
bio_weight_shuffle_within_edge_degree_bins,immune,seed42_main,target_disjoint,7,0,0.024572420847308374
bio_weight_shuffle_within_edge_degree_bins,immune,seed42_main,target_disjoint,7,1,0.024578367706177495
bio_weight_shuffle_within_edge_degree_bins,immune,seed42_main,target_disjoint,7,2,0.02459026142391596
bio_weight_shuffle_within_edge_degree_bins,immune,seed42_main,target_disjoint,7,3,0.024504031970313256
bio_weight_shuffle_within_edge_degree_bins,immune,seed42_main,target_disjoint,7,4,0.02462594257713069
bio_weight_shuffle_within_edge_degree_bins,immune,seed42_main,target_disjoint,7,5,0.02466757058921476
bio_weight_shuffle_within_edge_degree_bins,immune,seed42_main,target_disjoint,7,6,0.024608102000523324
bio_weight_shuffle_within_edge_degree_bins,immune,seed42_main,target_disjoint,7,7,0.02459620828278497
bio_weight_shuffle_within_edge_degree_bins,immune,seed42_main,target_disjoint,7,8,0.024608102000523435
bio_weight_shuffle_within_edge_degree_bins,immune,seed42_main,target_disjoint,7,9,0.024572420847308485
bio_weight_shuffle_within_edge_degree_bins,immune,seed42_main,target_disjoint,7,10,0.024572420847308485
bio_weight_shuffle_within_edge_degree_bins,immune,seed42_main,target_disjoint,7,11,0.024602155141654203
bio_weight_shuffle_within_edge_degree_bins,immune,seed42_main,target_disjoint,7,12,0.024578367706177606
bio_weight_shuffle_within_edge_degree_bins,immune,seed42_main,target_disjoint,7,13,0.024566473988439363
bio_weight_shuffle_within_edge_degree_bins,immune,seed42_main,target_disjoint,7,14,0.024566473988439252
bio_weight_shuffle_within_edge_degree_bins,immune,seed42_main,target_disjoint,7,15,0.024572420847308485
bio_weight_shuffle_within_edge_degree_bins,immune,seed42_main,target_disjoint,7,16,0.02466757058921476
bio_weight_shuffle_within_edge_degree_bins,immune,seed42_main,target_disjoint,7,17,0.024602155141654092
bio_weight_shuffle_within_edge_degree_bins,immune,seed42_main,target_disjoint,7,18,0.02459620828278497
bio_weight_shuffle_within_edge_degree_bins,immune,seed42_main,target_disjoint,7,19,0.024614048859392446
bio_weight_shuffle_within_edge_degree_bins,immune,seed42_main,target_disjoint,7,20,0.024572420847308485
bio_weight_shuffle_within_edge_degree_bins,immune,seed42_main,target_disjoint,7,21,0.024572420847308374
bio_weight_shuffle_within_edge_degree_bins,immune,seed42_main,target_disjoint,7,22,0.024566473988439252
bio_weight_shuffle_within_edge_degree_bins,immune,seed42_main,target_disjoint,7,23,0.02454863341183189
bio_weight_shuffle_within_edge_degree_bins,immune,seed42_main,target_disjoint,7,24,0.024614048859392557
bio_weight_shuffle_within_edge_degree_bins,immune,seed42_main,target_disjoint,7,25,0.024572420847308374
bio_weight_shuffle_within_edge_degree_bins,immune,seed42_main,target_disjoint,7,26,0.024578367706177606
bio_weight_shuffle_within_edge_degree_bins,immune,seed42_main,target_disjoint,7,27,0.024614048859392446
bio_weight_shuffle_within_edge_degree_bins,immune,seed42_main,target_disjoint,7,28,0.024608102000523324
bio_weight_shuffle_within_edge_degree_bins,immune,seed42_main,target_disjoint,7,29,0.02459026142391585
bio_weight_shuffle_within_edge_degree_bins,immune,seed42_main,target_disjoint,7,30,0.024608102000523324
bio_weight_shuffle_within_edge_degree_bins,immune,seed42_main,target_disjoint,7,31,0.024602155141654203
bio_weight_shuffle_within_edge_degree_bins,immune,seed42_main,target_disjoint,11,0,0.016095173529341866
bio_weight_shuffle_within_edge_degree_bins,immune,seed42_main,target_disjoint,11,1,0.016118960964818352
bio_weight_shuffle_within_edge_degree_bins,immune,seed42_main,target_disjoint,11,2,0.016118960964818352
bio_weight_shuffle_within_edge_degree_bins,immune,seed42_main,target_disjoint,11,3,0.016124907823687584
bio_weight_shuffle_within_edge_degree_bins,immune,seed42_main,target_disjoint,11,4,0.016118960964818463
bio_weight_shuffle_within_edge_degree_bins,immune,seed42_main,target_disjoint,11,5,0.016118960964818463
bio_weight_shuffle_within_edge_degree_bins,immune,seed42_main,target_disjoint,11,6,0.01610706724708022
bio_weight_shuffle_within_edge_degree_bins,immune,seed42_main,target_disjoint,11,7,0.016118960964818463
bio_weight_shuffle_within_edge_degree_bins,immune,seed42_main,target_disjoint,11,8,0.01610706724708022
bio_weight_shuffle_within_edge_degree_bins,immune,seed42_main,target_disjoint,11,9,0.01603570494065043
bio_weight_shuffle_within_edge_degree_bins,immune,seed42_main,target_disjoint,11,10,0.016130854682556706
bio_weight_shuffle_within_edge_degree_bins,immune,seed42_main,target_disjoint,11,11,0.016083279811603512
bio_weight_shuffle_within_edge_degree_bins,immune,seed42_main,target_disjoint,11,12,0.016118960964818352
bio_weight_shuffle_within_edge_degree_bins,immune,seed42_main,target_disjoint,11,13,0.016095173529341866
bio_weight_shuffle_within_edge_degree_bins,immune,seed42_main,target_disjoint,11,14,0.01610706724708011
bio_weight_shuffle_within_edge_degree_bins,immune,seed42_main,target_disjoint,11,15,0.016101120388210988
bio_weight_shuffle_within_edge_degree_bins,immune,seed42_main,target_disjoint,11,16,0.01610706724708022
bio_weight_shuffle_within_edge_degree_bins,immune,seed42_main,target_disjoint,11,17,0.01607733295273439
bio_weight_shuffle_within_edge_degree_bins,immune,seed42_main,target_disjoint,11,18,0.016095173529341866
bio_weight_shuffle_within_edge_degree_bins,immune,seed42_main,target_disjoint,11,19,0.016202216988986495
bio_weight_shuffle_within_edge_degree_bins,immune,seed42_main,target_disjoint,11,20,0.01610706724708011
bio_weight_shuffle_within_edge_degree_bins,immune,seed42_main,target_disjoint,11,21,0.016017864364042955
bio_weight_shuffle_within_edge_degree_bins,immune,seed42_main,target_disjoint,11,22,0.016023811222912077
bio_weight_shuffle_within_edge_degree_bins,immune,seed42_main,target_disjoint,11,23,0.016089226670472745
bio_weight_shuffle_within_edge_degree_bins,immune,seed42_main,target_disjoint,11,24,0.016023811222912077
bio_weight_shuffle_within_edge_degree_bins,immune,seed42_main,target_disjoint,11,25,0.016136801541425827
bio_weight_shuffle_within_edge_degree_bins,immune,seed42_main,target_disjoint,11,26,0.016095173529341866
bio_weight_shuffle_within_edge_degree_bins,immune,seed42_main,target_disjoint,11,27,0.016208163847855617
bio_weight_shuffle_within_edge_degree_bins,immune,seed42_main,target_disjoint,11,28,0.016130854682556706
bio_weight_shuffle_within_edge_degree_bins,immune,seed42_main,target_disjoint,11,29,0.016124907823687584
bio_weight_shuffle_within_edge_degree_bins,immune,seed42_main,target_disjoint,11,30,0.016101120388210988
bio_weight_shuffle_within_edge_degree_bins,immune,seed42_main,target_disjoint,11,31,0.016101120388210988
bio_weight_shuffle_within_edge_degree_bins,immune,seed43,source_disjoint,7,0,0.04209109682808543
bio_weight_shuffle_within_edge_degree_bins,immune,seed43,source_disjoint,7,1,0.04217617622262959
bio_weight_shuffle_within_edge_degree_bins,immune,seed43,source_disjoint,7,2,0.04217617622262959
bio_weight_shuffle_within_edge_degree_bins,immune,seed43,source_disjoint,7,3,0.04209109682808543
bio_weight_shuffle_within_edge_degree_bins,immune,seed43,source_disjoint,7,4,0.04209109682808543
bio_weight_shuffle_within_edge_degree_bins,immune,seed43,source_disjoint,7,5,0.04209109682808543
bio_weight_shuffle_within_edge_degree_bins,immune,seed43,source_disjoint,7,6,0.04209109682808543
bio_weight_shuffle_within_edge_degree_bins,immune,seed43,source_disjoint,7,7,0.04209109682808543
bio_weight_shuffle_within_edge_degree_bins,immune,seed43,source_disjoint,7,8,0.04209109682808543
bio_weight_shuffle_within_edge_degree_bins,immune,seed43,source_disjoint,7,9,0.04208336233767229
bio_weight_shuffle_within_edge_degree_bins,immune,seed43,source_disjoint,7,10,0.0420833623376724
bio_weight_shuffle_within_edge_degree_bins,immune,seed43,source_disjoint,7,11,0.04209109682808543
bio_weight_shuffle_within_edge_degree_bins,immune,seed43,source_disjoint,7,12,0.04207562784725927
bio_weight_shuffle_within_edge_degree_bins,immune,seed43,source_disjoint,7,13,0.04208336233767229
bio_weight_shuffle_within_edge_degree_bins,immune,seed43,source_disjoint,7,14,0.04208336233767229
bio_weight_shuffle_within_edge_degree_bins,immune,seed43,source_disjoint,7,15,0.04209109682808543
bio_weight_shuffle_within_edge_degree_bins,immune,seed43,source_disjoint,7,16,0.04209109682808543
bio_weight_shuffle_within_edge_degree_bins,immune,seed43,source_disjoint,7,17,0.04209109682808543
bio_weight_shuffle_within_edge_degree_bins,immune,seed43,source_disjoint,7,18,0.04209109682808543
bio_weight_shuffle_within_edge_degree_bins,immune,seed43,source_disjoint,7,19,0.04209109682808543
bio_weight_shuffle_within_edge_degree_bins,immune,seed43,source_disjoint,7,20,0.04217617622262959
bio_weight_shuffle_within_edge_degree_bins,immune,seed43,source_disjoint,7,21,0.04209109682808543
bio_weight_shuffle_within_edge_degree_bins,immune,seed43,source_disjoint,7,22,0.04208336233767229
bio_weight_shuffle_within_edge_degree_bins,immune,seed43,source_disjoint,7,23,0.04207562784725927
bio_weight_shuffle_within_edge_degree_bins,immune,seed43,source_disjoint,7,24,0.0420833623376724
bio_weight_shuffle_within_edge_degree_bins,immune,seed43,source_disjoint,7,25,0.04209109682808543
bio_weight_shuffle_within_edge_degree_bins,immune,seed43,source_disjoint,7,26,0.0420833623376724
bio_weight_shuffle_within_edge_degree_bins,immune,seed43,source_disjoint,7,27,0.04209109682808543
bio_weight_shuffle_within_edge_degree_bins,immune,seed43,source_disjoint,7,28,0.04209109682808543
bio_weight_shuffle_within_edge_degree_bins,immune,seed43,source_disjoint,7,29,0.04209109682808543
bio_weight_shuffle_within_edge_degree_bins,immune,seed43,source_disjoint,7,30,0.04209109682808543
bio_weight_shuffle_within_edge_degree_bins,immune,seed43,source_disjoint,7,31,0.04208336233767229
bio_weight_shuffle_within_edge_degree_bins,immune,seed43,source_disjoint,11,0,0.022565375780216668
bio_weight_shuffle_within_edge_degree_bins,immune,seed43,source_disjoint,11,1,0.022565375780216668
bio_weight_shuffle_within_edge_degree_bins,immune,seed43,source_disjoint,11,2,0.02258084476104294
bio_weight_shuffle_within_edge_degree_bins,immune,seed43,source_disjoint,11,3,0.02254217230897748
bio_weight_shuffle_within_edge_degree_bins,immune,seed43,source_disjoint,11,4,0.02254217230897748
bio_weight_shuffle_within_edge_degree_bins,immune,seed43,source_disjoint,11,5,0.022573110270629693
bio_weight_shuffle_within_edge_degree_bins,immune,seed43,source_disjoint,11,6,0.02255764128980353
bio_weight_shuffle_within_edge_degree_bins,immune,seed43,source_disjoint,11,7,0.022565375780216668
bio_weight_shuffle_within_edge_degree_bins,immune,seed43,source_disjoint,11,8,0.022573110270629693
bio_weight_shuffle_within_edge_degree_bins,immune,seed43,source_disjoint,11,9,0.022565375780216668
bio_weight_shuffle_within_edge_degree_bins,immune,seed43,source_disjoint,11,10,0.022573110270629693
bio_weight_shuffle_within_edge_degree_bins,immune,seed43,source_disjoint,11,11,0.022573110270629693
bio_weight_shuffle_within_edge_degree_bins,immune,seed43,source_disjoint,11,12,0.02255764128980353
bio_weight_shuffle_within_edge_degree_bins,immune,seed43,source_disjoint,11,13,0.022565375780216668
bio_weight_shuffle_within_edge_degree_bins,immune,seed43,source_disjoint,11,14,0.02255764128980353
bio_weight_shuffle_within_edge_degree_bins,immune,seed43,source_disjoint,11,15,0.022557641289803643
bio_weight_shuffle_within_edge_degree_bins,immune,seed43,source_disjoint,11,16,0.02255764128980353
bio_weight_shuffle_within_edge_degree_bins,immune,seed43,source_disjoint,11,17,0.02255764128980353
bio_weight_shuffle_within_edge_degree_bins,immune,seed43,source_disjoint,11,18,0.022565375780216668
bio_weight_shuffle_within_edge_degree_bins,immune,seed43,source_disjoint,11,19,0.02255764128980353
bio_weight_shuffle_within_edge_degree_bins,immune,seed43,source_disjoint,11,20,0.02255764128980353
bio_weight_shuffle_within_edge_degree_bins,immune,seed43,source_disjoint,11,21,0.02261178272269526
bio_weight_shuffle_within_edge_degree_bins,immune,seed43,source_disjoint,11,22,0.02255764128980353
bio_weight_shuffle_within_edge_degree_bins,immune,seed43,source_disjoint,11,23,0.02255764128980353
bio_weight_shuffle_within_edge_degree_bins,immune,seed43,source_disjoint,11,24,0.022573110270629693
bio_weight_shuffle_within_edge_degree_bins,immune,seed43,source_disjoint,11,25,0.02255764128980353
bio_weight_shuffle_within_edge_degree_bins,immune,seed43,source_disjoint,11,26,0.022573110270629693
bio_weight_shuffle_within_edge_degree_bins,immune,seed43,source_disjoint,11,27,0.02255764128980353
bio_weight_shuffle_within_edge_degree_bins,immune,seed43,source_disjoint,11,28,0.02254217230897748
bio_weight_shuffle_within_edge_degree_bins,immune,seed43,source_disjoint,11,29,0.02258084476104283
bio_weight_shuffle_within_edge_degree_bins,immune,seed43,source_disjoint,11,30,0.022573110270629693
bio_weight_shuffle_within_edge_degree_bins,immune,seed43,source_disjoint,11,31,0.0225963137418691
bio_weight_shuffle_within_edge_degree_bins,immune,seed43,target_disjoint,7,0,0.028877218844051367
bio_weight_shuffle_within_edge_degree_bins,immune,seed43,target_disjoint,7,1,0.028978563970272098
bio_weight_shuffle_within_edge_degree_bins,immune,seed43,target_disjoint,7,2,0.02888950310177496
bio_weight_shuffle_within_edge_degree_bins,immune,seed43,target_disjoint,7,3,0.028966279712548393
bio_weight_shuffle_within_edge_degree_bins,immune,seed43,target_disjoint,7,4,0.028969350776979264
bio_weight_shuffle_within_edge_degree_bins,immune,seed43,target_disjoint,7,5,0.029076838032061847
bio_weight_shuffle_within_edge_degree_bins,immune,seed43,target_disjoint,7,6,0.029138259320680482
bio_weight_shuffle_within_edge_degree_bins,immune,seed43,target_disjoint,7,7,0.028966279712548393
bio_weight_shuffle_within_edge_degree_bins,immune,seed43,target_disjoint,7,8,0.02898470609913395
bio_weight_shuffle_within_edge_degree_bins,immune,seed43,target_disjoint,7,9,0.028895645230636924
bio_weight_shuffle_within_edge_degree_bins,immune,seed43,target_disjoint,7,10,0.02896013758368632
bio_weight_shuffle_within_edge_degree_bins,immune,seed43,target_disjoint,7,11,0.029076838032061847
bio_weight_shuffle_within_edge_degree_bins,immune,seed43,target_disjoint,7,12,0.02898470609913395
bio_weight_shuffle_within_edge_degree_bins,immune,seed43,target_disjoint,7,13,0.02898470609913395
bio_weight_shuffle_within_edge_degree_bins,immune,seed43,target_disjoint,7,14,0.028978563970272098
bio_weight_shuffle_within_edge_degree_bins,immune,seed43,target_disjoint,7,15,0.028966279712548282
bio_weight_shuffle_within_edge_degree_bins,immune,seed43,target_disjoint,7,16,0.02896013758368654
bio_weight_shuffle_within_edge_degree_bins,immune,seed43,target_disjoint,7,17,0.028947853325962725
bio_weight_shuffle_within_edge_degree_bins,immune,seed43,target_disjoint,7,18,0.028966279712548393
bio_weight_shuffle_within_edge_degree_bins,immune,seed43,target_disjoint,7,19,0.028972421841410134
bio_weight_shuffle_within_edge_degree_bins,immune,seed43,target_disjoint,7,20,0.028972421841410134
bio_weight_shuffle_within_edge_degree_bins,immune,seed43,target_disjoint,7,21,0.028966279712548393
bio_weight_shuffle_within_edge_degree_bins,immune,seed43,target_disjoint,7,22,0.028972421841410134
bio_weight_shuffle_within_edge_degree_bins,immune,seed43,target_disjoint,7,23,0.029076838032061847
bio_weight_shuffle_within_edge_degree_bins,immune,seed43,target_disjoint,7,24,0.029119832934094814
bio_weight_shuffle_within_edge_degree_bins,immune,seed43,target_disjoint,7,25,0.028966279712548393
bio_weight_shuffle_within_edge_degree_bins,immune,seed43,target_disjoint,7,26,0.028895645230636924
bio_weight_shuffle_within_edge_degree_bins,immune,seed43,target_disjoint,7,27,0.028858792457465587
bio_weight_shuffle_within_edge_degree_bins,immune,seed43,target_disjoint,7,28,0.02905841164547629
bio_weight_shuffle_within_edge_degree_bins,immune,seed43,target_disjoint,7,29,0.028895645230636813
bio_weight_shuffle_within_edge_degree_bins,immune,seed43,target_disjoint,7,30,0.02903998525889062
bio_weight_shuffle_within_edge_degree_bins,immune,seed43,target_disjoint,7,31,0.029070695903199995
bio_weight_shuffle_within_edge_degree_bins,immune,seed43,target_disjoint,11,0,0.017750752410785497
bio_weight_shuffle_within_edge_degree_bins,immune,seed43,target_disjoint,11,1,0.017723112830907106
bio_weight_shuffle_within_edge_degree_bins,immune,seed43,target_disjoint,11,2,0.017720041766476236
bio_weight_shuffle_within_edge_degree_bins,immune,seed43,target_disjoint,11,3,0.017796818377249446
bio_weight_shuffle_within_edge_degree_bins,immune,seed43,target_disjoint,11,4,0.01778453411952574
bio_weight_shuffle_within_edge_degree_bins,immune,seed43,target_disjoint,11,5,0.017839813279282524
bio_weight_shuffle_within_edge_degree_bins,immune,seed43,target_disjoint,11,6,0.017750752410785497
bio_weight_shuffle_within_edge_degree_bins,immune,seed43,target_disjoint,11,7,0.0165499662182913
bio_weight_shuffle_within_edge_degree_bins,immune,seed43,target_disjoint,11,8,0.01780603157054228
bio_weight_shuffle_within_edge_degree_bins,immune,seed43,target_disjoint,11,9,0.0179749401142435
bio_weight_shuffle_within_edge_degree_bins,immune,seed43,target_disjoint,11,10,0.01787666605245375
bio_weight_shuffle_within_edge_degree_bins,immune,seed43,target_disjoint,11,11,0.01778146305509487
bio_weight_shuffle_within_edge_degree_bins,immune,seed43,target_disjoint,11,12,0.017677046864443158
bio_weight_shuffle_within_edge_degree_bins,immune,seed43,target_disjoint,11,13,0.01785209753700634
bio_weight_shuffle_within_edge_degree_bins,immune,seed43,target_disjoint,11,14,0.017864381794730044
bio_weight_shuffle_within_edge_degree_bins,immune,seed43,target_disjoint,11,15,0.017775320926232907
bio_weight_shuffle_within_edge_degree_bins,immune,seed43,target_disjoint,11,16,0.016734230084147206
bio_weight_shuffle_within_edge_degree_bins,immune,seed43,target_disjoint,11,17,0.017747681346354627
bio_weight_shuffle_within_edge_degree_bins,immune,seed43,target_disjoint,11,18,0.01772925495976907
bio_weight_shuffle_within_edge_degree_bins,immune,seed43,target_disjoint,11,19,0.017845955408144376
bio_weight_shuffle_within_edge_degree_bins,immune,seed43,target_disjoint,11,20,0.016602174313617102
bio_weight_shuffle_within_edge_degree_bins,immune,seed43,target_disjoint,11,21,0.017701615379890567
bio_weight_shuffle_within_edge_degree_bins,immune,seed43,target_disjoint,11,22,0.01674344327743993
bio_weight_shuffle_within_edge_degree_bins,immune,seed43,target_disjoint,11,23,0.017812173699404243
bio_weight_shuffle_within_edge_degree_bins,immune,seed43,target_disjoint,11,24,0.016629813893495493
bio_weight_shuffle_within_edge_degree_bins,immune,seed43,target_disjoint,11,25,0.017842884343713505
bio_weight_shuffle_within_edge_degree_bins,immune,seed43,target_disjoint,11,26,0.017849026472575358
bio_weight_shuffle_within_edge_degree_bins,immune,seed43,target_disjoint,11,27,0.017750752410785497
bio_weight_shuffle_within_edge_degree_bins,immune,seed43,target_disjoint,11,28,0.01773539708863081
bio_weight_shuffle_within_edge_degree_bins,immune,seed43,target_disjoint,11,29,0.01790430563233214
bio_weight_shuffle_within_edge_degree_bins,immune,seed43,target_disjoint,11,30,0.017766107732940184
bio_weight_shuffle_within_edge_degree_bins,immune,seed43,target_disjoint,11,31,0.017775320926233018
bio_weight_shuffle_within_edge_degree_bins,immune,seed44,source_disjoint,7,0,0.010584488572499273
bio_weight_shuffle_within_edge_degree_bins,immune,seed44,source_disjoint,7,1,0.010591693806381142
bio_weight_shuffle_within_edge_degree_bins,immune,seed44,source_disjoint,7,2,0.010584488572499384
bio_weight_shuffle_within_edge_degree_bins,immune,seed44,source_disjoint,7,3,0.010584488572499384
bio_weight_shuffle_within_edge_degree_bins,immune,seed44,source_disjoint,7,4,0.010591693806381253
bio_weight_shuffle_within_edge_degree_bins,immune,seed44,source_disjoint,7,5,0.010512436233680367
bio_weight_shuffle_within_edge_degree_bins,immune,seed44,source_disjoint,7,6,0.010598899040263121
bio_weight_shuffle_within_edge_degree_bins,immune,seed44,source_disjoint,7,7,0.010577283338617516
bio_weight_shuffle_within_edge_degree_bins,immune,seed44,source_disjoint,7,8,0.010584488572499273
bio_weight_shuffle_within_edge_degree_bins,immune,seed44,source_disjoint,7,9,0.010577283338617405
bio_weight_shuffle_within_edge_degree_bins,immune,seed44,source_disjoint,7,10,0.010577283338617405
bio_weight_shuffle_within_edge_degree_bins,immune,seed44,source_disjoint,7,11,0.010584488572499273
bio_weight_shuffle_within_edge_degree_bins,immune,seed44,source_disjoint,7,12,0.010584488572499273
bio_weight_shuffle_within_edge_degree_bins,immune,seed44,source_disjoint,7,13,0.010591693806381142
bio_weight_shuffle_within_edge_degree_bins,immune,seed44,source_disjoint,7,14,0.010591693806381253
bio_weight_shuffle_within_edge_degree_bins,immune,seed44,source_disjoint,7,15,0.010584488572499273
bio_weight_shuffle_within_edge_degree_bins,immune,seed44,source_disjoint,7,16,0.010570078104735425
bio_weight_shuffle_within_edge_degree_bins,immune,seed44,source_disjoint,7,17,0.010584488572499273
bio_weight_shuffle_within_edge_degree_bins,immune,seed44,source_disjoint,7,18,0.010598899040263121
bio_weight_shuffle_within_edge_degree_bins,immune,seed44,source_disjoint,7,19,0.010584488572499273
bio_weight_shuffle_within_edge_degree_bins,immune,seed44,source_disjoint,7,20,0.010570078104735425
bio_weight_shuffle_within_edge_degree_bins,immune,seed44,source_disjoint,7,21,0.010591693806381253
bio_weight_shuffle_within_edge_degree_bins,immune,seed44,source_disjoint,7,22,0.010591693806381253
bio_weight_shuffle_within_edge_degree_bins,immune,seed44,source_disjoint,7,23,0.010570078104735425
bio_weight_shuffle_within_edge_degree_bins,immune,seed44,source_disjoint,7,24,0.010598899040263121
bio_weight_shuffle_within_edge_degree_bins,immune,seed44,source_disjoint,7,25,0.010584488572499273
bio_weight_shuffle_within_edge_degree_bins,immune,seed44,source_disjoint,7,26,0.010598899040263121
bio_weight_shuffle_within_edge_degree_bins,immune,seed44,source_disjoint,7,27,0.010584488572499384
bio_weight_shuffle_within_edge_degree_bins,immune,seed44,source_disjoint,7,28,0.010519641467562346
bio_weight_shuffle_within_edge_degree_bins,immune,seed44,source_disjoint,7,29,0.010591693806381142
bio_weight_shuffle_within_edge_degree_bins,immune,seed44,source_disjoint,7,30,0.010577283338617405
bio_weight_shuffle_within_edge_degree_bins,immune,seed44,source_disjoint,7,31,0.010598899040263121
bio_weight_shuffle_within_edge_degree_bins,immune,seed44,source_disjoint,11,0,0.022073233997175645
bio_weight_shuffle_within_edge_degree_bins,immune,seed44,source_disjoint,11,1,0.022080439231057625
bio_weight_shuffle_within_edge_degree_bins,immune,seed44,source_disjoint,11,2,0.022080439231057625
bio_weight_shuffle_within_edge_degree_bins,immune,seed44,source_disjoint,11,3,0.022073233997175645
bio_weight_shuffle_within_edge_degree_bins,immune,seed44,source_disjoint,11,4,0.022073233997175645
bio_weight_shuffle_within_edge_degree_bins,immune,seed44,source_disjoint,11,5,0.022073233997175645
bio_weight_shuffle_within_edge_degree_bins,immune,seed44,source_disjoint,11,6,0.022087644464939493
bio_weight_shuffle_within_edge_degree_bins,immune,seed44,source_disjoint,11,7,0.022073233997175645
bio_weight_shuffle_within_edge_degree_bins,immune,seed44,source_disjoint,11,8,0.022080439231057625
bio_weight_shuffle_within_edge_degree_bins,immune,seed44,source_disjoint,11,9,0.022073233997175645
bio_weight_shuffle_within_edge_degree_bins,immune,seed44,source_disjoint,11,10,0.022073233997175645
bio_weight_shuffle_within_edge_degree_bins,immune,seed44,source_disjoint,11,11,0.022087644464939382
bio_weight_shuffle_within_edge_degree_bins,immune,seed44,source_disjoint,11,12,0.022073233997175645
bio_weight_shuffle_within_edge_degree_bins,immune,seed44,source_disjoint,11,13,0.022080439231057625
bio_weight_shuffle_within_edge_degree_bins,immune,seed44,source_disjoint,11,14,0.022087644464939382
bio_weight_shuffle_within_edge_degree_bins,immune,seed44,source_disjoint,11,15,0.022073233997175645
bio_weight_shuffle_within_edge_degree_bins,immune,seed44,source_disjoint,11,16,0.022073233997175645
bio_weight_shuffle_within_edge_degree_bins,immune,seed44,source_disjoint,11,17,0.022080439231057514
bio_weight_shuffle_within_edge_degree_bins,immune,seed44,source_disjoint,11,18,0.022145286335994663
bio_weight_shuffle_within_edge_degree_bins,immune,seed44,source_disjoint,11,19,0.022073233997175645
bio_weight_shuffle_within_edge_degree_bins,immune,seed44,source_disjoint,11,20,0.02215249156987653
bio_weight_shuffle_within_edge_degree_bins,immune,seed44,source_disjoint,11,21,0.022087644464939382
bio_weight_shuffle_within_edge_degree_bins,immune,seed44,source_disjoint,11,22,0.022073233997175645
bio_weight_shuffle_within_edge_degree_bins,immune,seed44,source_disjoint,11,23,0.022073233997175645
bio_weight_shuffle_within_edge_degree_bins,immune,seed44,source_disjoint,11,24,0.022073233997175645
bio_weight_shuffle_within_edge_degree_bins,immune,seed44,source_disjoint,11,25,0.02209484969882136
bio_weight_shuffle_within_edge_degree_bins,immune,seed44,source_disjoint,11,26,0.022073233997175645
bio_weight_shuffle_within_edge_degree_bins,immune,seed44,source_disjoint,11,27,0.022073233997175645
bio_weight_shuffle_within_edge_degree_bins,immune,seed44,source_disjoint,11,28,0.022080439231057625
bio_weight_shuffle_within_edge_degree_bins,immune,seed44,source_disjoint,11,29,0.022080439231057625
bio_weight_shuffle_within_edge_degree_bins,immune,seed44,source_disjoint,11,30,0.022080439231057625
bio_weight_shuffle_within_edge_degree_bins,immune,seed44,source_disjoint,11,31,0.022073233997175645
bio_weight_shuffle_within_edge_degree_bins,immune,seed44,target_disjoint,7,0,0.012861539537649125
bio_weight_shuffle_within_edge_degree_bins,immune,seed44,target_disjoint,7,1,0.012779934482798905
bio_weight_shuffle_within_edge_degree_bins,immune,seed44,target_disjoint,7,2,0.012779934482798905
bio_weight_shuffle_within_edge_degree_bins,immune,seed44,target_disjoint,7,3,0.012791592347777492
bio_weight_shuffle_within_edge_degree_bins,immune,seed44,target_disjoint,7,4,0.012791592347777492
bio_weight_shuffle_within_edge_degree_bins,immune,seed44,target_disjoint,7,5,0.012791592347777492
bio_weight_shuffle_within_edge_degree_bins,immune,seed44,target_disjoint,7,6,0.012791592347777492
bio_weight_shuffle_within_edge_degree_bins,immune,seed44,target_disjoint,7,7,0.012791592347777492
bio_weight_shuffle_within_edge_degree_bins,immune,seed44,target_disjoint,7,8,0.012791592347777492
bio_weight_shuffle_within_edge_degree_bins,immune,seed44,target_disjoint,7,9,0.012791592347777492
bio_weight_shuffle_within_edge_degree_bins,immune,seed44,target_disjoint,7,10,0.012791592347777492
bio_weight_shuffle_within_edge_degree_bins,immune,seed44,target_disjoint,7,11,0.012791592347777492
bio_weight_shuffle_within_edge_degree_bins,immune,seed44,target_disjoint,7,12,0.012779934482798905
bio_weight_shuffle_within_edge_degree_bins,immune,seed44,target_disjoint,7,13,0.012791592347777492
bio_weight_shuffle_within_edge_degree_bins,immune,seed44,target_disjoint,7,14,0.012779934482798905
bio_weight_shuffle_within_edge_degree_bins,immune,seed44,target_disjoint,7,15,0.012791592347777492
bio_weight_shuffle_within_edge_degree_bins,immune,seed44,target_disjoint,7,16,0.012791592347777492
bio_weight_shuffle_within_edge_degree_bins,immune,seed44,target_disjoint,7,17,0.012791592347777492
bio_weight_shuffle_within_edge_degree_bins,immune,seed44,target_disjoint,7,18,0.012791592347777492
bio_weight_shuffle_within_edge_degree_bins,immune,seed44,target_disjoint,7,19,0.011689924107299077
bio_weight_shuffle_within_edge_degree_bins,immune,seed44,target_disjoint,7,20,0.012791592347777492
bio_weight_shuffle_within_edge_degree_bins,immune,seed44,target_disjoint,7,21,0.012849881672670538
bio_weight_shuffle_within_edge_degree_bins,immune,seed44,target_disjoint,7,22,0.012779934482798905
bio_weight_shuffle_within_edge_degree_bins,immune,seed44,target_disjoint,7,23,0.012791592347777492
bio_weight_shuffle_within_edge_degree_bins,immune,seed44,target_disjoint,7,24,0.012779934482798905
bio_weight_shuffle_within_edge_degree_bins,immune,seed44,target_disjoint,7,25,0.012791592347777492
bio_weight_shuffle_within_edge_degree_bins,immune,seed44,target_disjoint,7,26,0.012779934482798905
bio_weight_shuffle_within_edge_degree_bins,immune,seed44,target_disjoint,7,27,0.012791592347777492
bio_weight_shuffle_within_edge_degree_bins,immune,seed44,target_disjoint,7,28,0.012791592347777492
bio_weight_shuffle_within_edge_degree_bins,immune,seed44,target_disjoint,7,29,0.012779934482798905
bio_weight_shuffle_within_edge_degree_bins,immune,seed44,target_disjoint,7,30,0.012791592347777492
bio_weight_shuffle_within_edge_degree_bins,immune,seed44,target_disjoint,7,31,0.012791592347777492
bio_weight_shuffle_within_edge_degree_bins,immune,seed44,target_disjoint,11,0,-0.004497021415498015
bio_weight_shuffle_within_edge_degree_bins,immune,seed44,target_disjoint,11,1,-0.004502850347987253
bio_weight_shuffle_within_edge_degree_bins,immune,seed44,target_disjoint,11,2,-0.004491192483008666
bio_weight_shuffle_within_edge_degree_bins,immune,seed44,target_disjoint,11,3,-0.004508679280476713
bio_weight_shuffle_within_edge_degree_bins,immune,seed44,target_disjoint,11,4,-0.004508679280476713
bio_weight_shuffle_within_edge_degree_bins,immune,seed44,target_disjoint,11,5,-0.004502850347987364
bio_weight_shuffle_within_edge_degree_bins,immune,seed44,target_disjoint,11,6,-0.004502850347987364
bio_weight_shuffle_within_edge_degree_bins,immune,seed44,target_disjoint,11,7,-0.004502850347987364
bio_weight_shuffle_within_edge_degree_bins,immune,seed44,target_disjoint,11,8,-0.004502850347987253
bio_weight_shuffle_within_edge_degree_bins,immune,seed44,target_disjoint,11,9,-0.004497021415498015
bio_weight_shuffle_within_edge_degree_bins,immune,seed44,target_disjoint,11,10,-0.0010462933818300435
bio_weight_shuffle_within_edge_degree_bins,immune,seed44,target_disjoint,11,11,-0.0010579512468087415
bio_weight_shuffle_within_edge_degree_bins,immune,seed44,target_disjoint,11,12,-0.004508679280476713
bio_weight_shuffle_within_edge_degree_bins,immune,seed44,target_disjoint,11,13,-0.004636915795241281
bio_weight_shuffle_within_edge_degree_bins,immune,seed44,target_disjoint,11,14,-0.004368784900733336
bio_weight_shuffle_within_edge_degree_bins,immune,seed44,target_disjoint,11,15,-0.004502850347987364
bio_weight_shuffle_within_edge_degree_bins,immune,seed44,target_disjoint,11,16,-0.00464274472773063
bio_weight_shuffle_within_edge_degree_bins,immune,seed44,target_disjoint,11,17,-0.004502850347987364
bio_weight_shuffle_within_edge_degree_bins,immune,seed44,target_disjoint,11,18,-0.004497021415498015
bio_weight_shuffle_within_edge_degree_bins,immune,seed44,target_disjoint,11,19,-0.00464274472773063
bio_weight_shuffle_within_edge_degree_bins,immune,seed44,target_disjoint,11,20,-0.004491192483008666
bio_weight_shuffle_within_edge_degree_bins,immune,seed44,target_disjoint,11,21,-0.004631086862752043
bio_weight_shuffle_within_edge_degree_bins,immune,seed44,target_disjoint,11,22,-0.004502850347987364
bio_weight_shuffle_within_edge_degree_bins,immune,seed44,target_disjoint,11,23,-0.004502850347987364
bio_weight_shuffle_within_edge_degree_bins,immune,seed44,target_disjoint,11,24,-0.004497021415498015
bio_weight_shuffle_within_edge_degree_bins,immune,seed44,target_disjoint,11,25,-0.004636915795241281
bio_weight_shuffle_within_edge_degree_bins,immune,seed44,target_disjoint,11,26,-0.004636915795241281
bio_weight_shuffle_within_edge_degree_bins,immune,seed44,target_disjoint,11,27,-0.004631086862752043
bio_weight_shuffle_within_edge_degree_bins,immune,seed44,target_disjoint,11,28,-0.0010462933818300435
bio_weight_shuffle_within_edge_degree_bins,immune,seed44,target_disjoint,11,29,-0.00449410694925334
bio_weight_shuffle_within_edge_degree_bins,immune,seed44,target_disjoint,11,30,-0.004631086862752043
bio_weight_shuffle_within_edge_degree_bins,immune,seed44,target_disjoint,11,31,-0.004491192483008666
bio_weight_shuffle_within_edge_degree_bins,lung,seed42_main,source_disjoint,7,0,0.017730536874501324
bio_weight_shuffle_within_edge_degree_bins,lung,seed42_main,source_disjoint,7,1,0.01770773965576211
bio_weight_shuffle_within_edge_degree_bins,lung,seed42_main,source_disjoint,7,2,0.017730536874501324
bio_weight_shuffle_within_edge_degree_bins,lung,seed42_main,source_disjoint,7,3,0.01771913826513183
bio_weight_shuffle_within_edge_degree_bins,lung,seed42_main,source_disjoint,7,4,0.01771913826513183
bio_weight_shuffle_within_edge_degree_bins,lung,seed42_main,source_disjoint,7,5,0.017730536874501324
bio_weight_shuffle_within_edge_degree_bins,lung,seed42_main,source_disjoint,7,6,0.017741935483871152
bio_weight_shuffle_within_edge_degree_bins,lung,seed42_main,source_disjoint,7,7,0.01767354382765307
bio_weight_shuffle_within_edge_degree_bins,lung,seed42_main,source_disjoint,7,8,0.017730536874501435
bio_weight_shuffle_within_edge_degree_bins,lung,seed42_main,source_disjoint,7,9,0.017741935483871152
bio_weight_shuffle_within_edge_degree_bins,lung,seed42_main,source_disjoint,7,10,0.017764732702610475
bio_weight_shuffle_within_edge_degree_bins,lung,seed42_main,source_disjoint,7,11,0.01771343896044686
bio_weight_shuffle_within_edge_degree_bins,lung,seed42_main,source_disjoint,7,12,0.01767354382765307
bio_weight_shuffle_within_edge_degree_bins,lung,seed42_main,source_disjoint,7,13,0.01763934799954414
bio_weight_shuffle_within_edge_degree_bins,lung,seed42_main,source_disjoint,7,14,0.017696341046392394
bio_weight_shuffle_within_edge_degree_bins,lung,seed42_main,source_disjoint,7,15,0.017787529921349687
bio_weight_shuffle_within_edge_degree_bins,lung,seed42_main,source_disjoint,7,16,0.017684942437022788
bio_weight_shuffle_within_edge_degree_bins,lung,seed42_main,source_disjoint,7,17,0.01767354382765307
bio_weight_shuffle_within_edge_degree_bins,lung,seed42_main,source_disjoint,7,18,0.017719138265131718
bio_weight_shuffle_within_edge_degree_bins,lung,seed42_main,source_disjoint,7,19,0.017707739655762
bio_weight_shuffle_within_edge_degree_bins,lung,seed42_main,source_disjoint,7,20,0.017753334093240758
bio_weight_shuffle_within_edge_degree_bins,lung,seed42_main,source_disjoint,7,21,0.017787529921349576
bio_weight_shuffle_within_edge_degree_bins,lung,seed42_main,source_disjoint,7,22,0.017684942437022788
bio_weight_shuffle_within_edge_degree_bins,lung,seed42_main,source_disjoint,7,23,0.017696341046392394
bio_weight_shuffle_within_edge_degree_bins,lung,seed42_main,source_disjoint,7,24,0.017673543827653182
bio_weight_shuffle_within_edge_degree_bins,lung,seed42_main,source_disjoint,7,25,0.017719138265131718
bio_weight_shuffle_within_edge_degree_bins,lung,seed42_main,source_disjoint,7,26,0.017707739655762222
bio_weight_shuffle_within_edge_degree_bins,lung,seed42_main,source_disjoint,7,27,0.017696341046392394
bio_weight_shuffle_within_edge_degree_bins,lung,seed42_main,source_disjoint,7,28,0.017684942437022788
bio_weight_shuffle_within_edge_degree_bins,lung,seed42_main,source_disjoint,7,29,0.017730536874501546
bio_weight_shuffle_within_edge_degree_bins,lung,seed42_main,source_disjoint,7,30,0.01774763478855579
bio_weight_shuffle_within_edge_degree_bins,lung,seed42_main,source_disjoint,7,31,0.017696341046392394
bio_weight_shuffle_within_edge_degree_bins,lung,seed42_main,source_disjoint,11,0,0.016516584976632998
bio_weight_shuffle_within_edge_degree_bins,lung,seed42_main,source_disjoint,11,1,0.016482389148523957
bio_weight_shuffle_within_edge_degree_bins,lung,seed42_main,source_disjoint,11,2,0.01643679471104531
bio_weight_shuffle_within_edge_degree_bins,lung,seed42_main,source_disjoint,11,3,0.016493787757893674
bio_weight_shuffle_within_edge_degree_bins,lung,seed42_main,source_disjoint,11,4,0.0163741023595122
bio_weight_shuffle_within_edge_degree_bins,lung,seed42_main,source_disjoint,11,5,0.01643679471104531
bio_weight_shuffle_within_edge_degree_bins,lung,seed42_main,source_disjoint,11,6,0.016425396101675704
bio_weight_shuffle_within_edge_degree_bins,lung,seed42_main,source_disjoint,11,7,0.01647099053915435
bio_weight_shuffle_within_edge_degree_bins,lung,seed42_main,source_disjoint,11,8,0.01647099053915435
bio_weight_shuffle_within_edge_degree_bins,lung,seed42_main,source_disjoint,11,9,0.016379801664197058
bio_weight_shuffle_within_edge_degree_bins,lung,seed42_main,source_disjoint,11,10,0.01643679471104531
bio_weight_shuffle_within_edge_degree_bins,lung,seed42_main,source_disjoint,11,11,0.016419696796990846
bio_weight_shuffle_within_edge_degree_bins,lung,seed42_main,source_disjoint,11,12,0.01643679471104531
bio_weight_shuffle_within_edge_degree_bins,lung,seed42_main,source_disjoint,11,13,0.016499487062578533
bio_weight_shuffle_within_edge_degree_bins,lung,seed42_main,source_disjoint,11,14,0.016351305140772876
bio_weight_shuffle_within_edge_degree_bins,lung,seed42_main,source_disjoint,11,15,0.013723925681067062
bio_weight_shuffle_within_edge_degree_bins,lung,seed42_main,source_disjoint,11,16,0.016425396101675704
bio_weight_shuffle_within_edge_degree_bins,lung,seed42_main,source_disjoint,11,17,0.016425396101675704
bio_weight_shuffle_within_edge_degree_bins,lung,seed42_main,source_disjoint,11,18,0.016379801664197058
bio_weight_shuffle_within_edge_degree_bins,lung,seed42_main,source_disjoint,11,19,0.01650518636726328
bio_weight_shuffle_within_edge_degree_bins,lung,seed42_main,source_disjoint,11,20,0.013632736806109658
bio_weight_shuffle_within_edge_degree_bins,lung,seed42_main,source_disjoint,11,21,0.013701128462327627
bio_weight_shuffle_within_edge_degree_bins,lung,seed42_main,source_disjoint,11,22,0.016391200273566775
bio_weight_shuffle_within_edge_degree_bins,lung,seed42_main,source_disjoint,11,23,0.013701128462327627
bio_weight_shuffle_within_edge_degree_bins,lung,seed42_main,source_disjoint,11,24,0.01643679471104531
bio_weight_shuffle_within_edge_degree_bins,lung,seed42_main,source_disjoint,11,25,0.013666932634218698
bio_weight_shuffle_within_edge_degree_bins,lung,seed42_main,source_disjoint,11,26,0.013746722899806274
bio_weight_shuffle_within_edge_degree_bins,lung,seed42_main,source_disjoint,11,27,0.016482389148523957
bio_weight_shuffle_within_edge_degree_bins,lung,seed42_main,source_disjoint,11,28,0.016294312093924734
bio_weight_shuffle_within_edge_degree_bins,lung,seed42_main,source_disjoint,11,29,0.01647099053915435
bio_weight_shuffle_within_edge_degree_bins,lung,seed42_main,source_disjoint,11,30,0.019195258178502317
bio_weight_shuffle_within_edge_degree_bins,lung,seed42_main,source_disjoint,11,31,0.013632736806109658
bio_weight_shuffle_within_edge_degree_bins,lung,seed42_main,target_disjoint,7,0,0.03137074219570957
bio_weight_shuffle_within_edge_degree_bins,lung,seed42_main,target_disjoint,7,1,0.029766235025946997
bio_weight_shuffle_within_edge_degree_bins,lung,seed42_main,target_disjoint,7,2,0.02870734112549922
bio_weight_shuffle_within_edge_degree_bins,lung,seed42_main,target_disjoint,7,3,0.02696137866369208
bio_weight_shuffle_within_edge_degree_bins,lung,seed42_main,target_disjoint,7,4,0.029782401345037846
bio_weight_shuffle_within_edge_degree_bins,lung,seed42_main,target_disjoint,7,5,0.027939440968685836
bio_weight_shuffle_within_edge_degree_bins,lung,seed42_main,target_disjoint,7,6,0.029810692403446692
bio_weight_shuffle_within_edge_degree_bins,lung,seed42_main,target_disjoint,7,7,0.02986323294049187
bio_weight_shuffle_within_edge_degree_bins,lung,seed42_main,target_disjoint,7,8,0.027830318314822966
bio_weight_shuffle_within_edge_degree_bins,lung,seed42_main,target_disjoint,7,9,0.02711495869505476
bio_weight_shuffle_within_edge_degree_bins,lung,seed42_main,target_disjoint,7,10,0.02903470908708805
bio_weight_shuffle_within_edge_degree_bins,lung,seed42_main,target_disjoint,7,11,0.03136265903616409
bio_weight_shuffle_within_edge_degree_bins,lung,seed42_main,target_disjoint,7,12,0.029697528169811083
bio_weight_shuffle_within_edge_degree_bins,lung,seed42_main,target_disjoint,7,13,0.029632862893447798
bio_weight_shuffle_within_edge_degree_bins,lung,seed42_main,target_disjoint,7,14,0.03145157379116359
bio_weight_shuffle_within_edge_degree_bins,lung,seed42_main,target_disjoint,7,15,0.027127083434372867
bio_weight_shuffle_within_edge_degree_bins,lung,seed42_main,target_disjoint,7,16,0.029075124884815007
bio_weight_shuffle_within_edge_degree_bins,lung,seed42_main,target_disjoint,7,17,0.026933087605283235
bio_weight_shuffle_within_edge_degree_bins,lung,seed42_main,target_disjoint,7,18,0.028497178977318738
bio_weight_shuffle_within_edge_degree_bins,lung,seed42_main,target_disjoint,7,19,0.026945212344601233
bio_weight_shuffle_within_edge_degree_bins,lung,seed42_main,target_disjoint,7,20,0.03043309568844277
bio_weight_shuffle_within_edge_degree_bins,lung,seed42_main,target_disjoint,7,21,0.027191748710736152
bio_weight_shuffle_within_edge_degree_bins,lung,seed42_main,target_disjoint,7,22,0.027127083434372756
bio_weight_shuffle_within_edge_degree_bins,lung,seed42_main,target_disjoint,7,23,0.03133436797775524
bio_weight_shuffle_within_edge_degree_bins,lung,seed42_main,target_disjoint,7,24,0.026912879706419646
bio_weight_shuffle_within_edge_degree_bins,lung,seed42_main,target_disjoint,7,25,0.028666925327772264
bio_weight_shuffle_within_edge_degree_bins,lung,seed42_main,target_disjoint,7,26,0.02868309164686289
bio_weight_shuffle_within_edge_degree_bins,lung,seed42_main,target_disjoint,7,27,0.031483906429345176
bio_weight_shuffle_within_edge_degree_bins,lung,seed42_main,target_disjoint,7,28,0.02880433904004398
bio_weight_shuffle_within_edge_degree_bins,lung,seed42_main,target_disjoint,7,29,0.029794526084355955
bio_weight_shuffle_within_edge_degree_bins,lung,seed42_main,target_disjoint,7,30,0.02846888791890978
bio_weight_shuffle_within_edge_degree_bins,lung,seed42_main,target_disjoint,7,31,0.02868713322663563
bio_weight_shuffle_within_edge_degree_bins,lung,seed42_main,target_disjoint,11,0,0.04157977270155344
bio_weight_shuffle_within_edge_degree_bins,lung,seed42_main,target_disjoint,11,1,0.041422151090418136
bio_weight_shuffle_within_edge_degree_bins,lung,seed42_main,target_disjoint,11,2,0.04157573112178081
bio_weight_shuffle_within_edge_degree_bins,lung,seed42_main,target_disjoint,11,3,0.03966810546906574
bio_weight_shuffle_within_edge_degree_bins,lung,seed42_main,target_disjoint,11,4,0.04300645036131723
bio_weight_shuffle_within_edge_degree_bins,lung,seed42_main,target_disjoint,11,5,0.04150298268587227
bio_weight_shuffle_within_edge_degree_bins,lung,seed42_main,target_disjoint,11,6,0.04158785586109892
bio_weight_shuffle_within_edge_degree_bins,lung,seed42_main,target_disjoint,11,7,0.04161210533973514
bio_weight_shuffle_within_edge_degree_bins,lung,seed42_main,target_disjoint,11,8,0.041430234249963616
bio_weight_shuffle_within_edge_degree_bins,lung,seed42_main,target_disjoint,11,9,0.04162423007905325
bio_weight_shuffle_within_edge_degree_bins,lung,seed42_main,target_disjoint,11,10,0.04147873320723605
bio_weight_shuffle_within_edge_degree_bins,lung,seed42_main,target_disjoint,11,11,0.04159593902064429
bio_weight_shuffle_within_edge_degree_bins,lung,seed42_main,target_disjoint,11,12,0.041224113681555874
bio_weight_shuffle_within_edge_degree_bins,lung,seed42_main,target_disjoint,11,13,0.04168081219587105
bio_weight_shuffle_within_edge_degree_bins,lung,seed42_main,target_disjoint,11,14,0.04160402218018966
bio_weight_shuffle_within_edge_degree_bins,lung,seed42_main,target_disjoint,11,15,0.043252986727451925
bio_weight_shuffle_within_edge_degree_bins,lung,seed42_main,target_disjoint,11,16,0.04162827165882599
bio_weight_shuffle_within_edge_degree_bins,lung,seed42_main,target_disjoint,11,17,0.041547440063371965
bio_weight_shuffle_within_edge_degree_bins,lung,seed42_main,target_disjoint,11,18,0.03986210129815537
bio_weight_shuffle_within_edge_degree_bins,lung,seed42_main,target_disjoint,11,19,0.039724687585883545
bio_weight_shuffle_within_edge_degree_bins,lung,seed42_main,target_disjoint,11,20,0.04138173529269107
bio_weight_shuffle_within_edge_degree_bins,lung,seed42_main,target_disjoint,11,21,0.039510483857930434
bio_weight_shuffle_within_edge_degree_bins,lung,seed42_main,target_disjoint,11,22,0.041430234249963505
bio_weight_shuffle_within_edge_degree_bins,lung,seed42_main,target_disjoint,11,23,0.04148681636678142
bio_weight_shuffle_within_edge_degree_bins,lung,seed42_main,target_disjoint,11,24,0.041648479557689466
bio_weight_shuffle_within_edge_degree_bins,lung,seed42_main,target_disjoint,11,25,0.03943369384224904
bio_weight_shuffle_within_edge_degree_bins,lung,seed42_main,target_disjoint,11,26,0.043244903567906556
bio_weight_shuffle_within_edge_degree_bins,lung,seed42_main,target_disjoint,11,27,0.0394296522624763
bio_weight_shuffle_within_edge_degree_bins,lung,seed42_main,target_disjoint,11,28,0.03968023020838374
bio_weight_shuffle_within_edge_degree_bins,lung,seed42_main,target_disjoint,11,29,0.04305494931858955
bio_weight_shuffle_within_edge_degree_bins,lung,seed42_main,target_disjoint,11,30,0.04306707405790766
bio_weight_shuffle_within_edge_degree_bins,lung,seed42_main,target_disjoint,11,31,0.04330956884426995
bio_weight_shuffle_within_edge_degree_bins,lung,seed43,source_disjoint,7,0,-0.004418431170023718
bio_weight_shuffle_within_edge_degree_bins,lung,seed43,source_disjoint,7,1,-0.0043897400585299895
bio_weight_shuffle_within_edge_degree_bins,lung,seed43,source_disjoint,7,2,-0.004399303762361195
bio_weight_shuffle_within_edge_degree_bins,lung,seed43,source_disjoint,7,3,-0.004399303762361195
bio_weight_shuffle_within_edge_degree_bins,lung,seed43,source_disjoint,7,4,-0.004399303762361195
bio_weight_shuffle_within_edge_degree_bins,lung,seed43,source_disjoint,7,5,-0.004418431170023607
bio_weight_shuffle_within_edge_degree_bins,lung,seed43,source_disjoint,7,6,-0.004408867466192401
bio_weight_shuffle_within_edge_degree_bins,lung,seed43,source_disjoint,7,7,-0.004408867466192401
bio_weight_shuffle_within_edge_degree_bins,lung,seed43,source_disjoint,7,8,-0.004408867466192401
bio_weight_shuffle_within_edge_degree_bins,lung,seed43,source_disjoint,7,9,-0.004408867466192401
bio_weight_shuffle_within_edge_degree_bins,lung,seed43,source_disjoint,7,10,-0.004408867466192401
bio_weight_shuffle_within_edge_degree_bins,lung,seed43,source_disjoint,7,11,-0.004418431170023718
bio_weight_shuffle_within_edge_degree_bins,lung,seed43,source_disjoint,7,12,-0.004399303762361195
bio_weight_shuffle_within_edge_degree_bins,lung,seed43,source_disjoint,7,13,-0.004399303762361195
bio_weight_shuffle_within_edge_degree_bins,lung,seed43,source_disjoint,7,14,-0.004408867466192401
bio_weight_shuffle_within_edge_degree_bins,lung,seed43,source_disjoint,7,15,-0.004408867466192401
bio_weight_shuffle_within_edge_degree_bins,lung,seed43,source_disjoint,7,16,-0.004418431170023718
bio_weight_shuffle_within_edge_degree_bins,lung,seed43,source_disjoint,7,17,-0.004399303762361195
bio_weight_shuffle_within_edge_degree_bins,lung,seed43,source_disjoint,7,18,-0.004418431170023718
bio_weight_shuffle_within_edge_degree_bins,lung,seed43,source_disjoint,7,19,-0.004399303762361195
bio_weight_shuffle_within_edge_degree_bins,lung,seed43,source_disjoint,7,20,-0.004408867466192401
bio_weight_shuffle_within_edge_degree_bins,lung,seed43,source_disjoint,7,21,-0.004418431170023718
bio_weight_shuffle_within_edge_degree_bins,lung,seed43,source_disjoint,7,22,-0.004399303762361195
bio_weight_shuffle_within_edge_degree_bins,lung,seed43,source_disjoint,7,23,-0.004418431170023718
bio_weight_shuffle_within_edge_degree_bins,lung,seed43,source_disjoint,7,24,-0.004408867466192401
bio_weight_shuffle_within_edge_degree_bins,lung,seed43,source_disjoint,7,25,-0.004408867466192401
bio_weight_shuffle_within_edge_degree_bins,lung,seed43,source_disjoint,7,26,-0.004418431170023718
bio_weight_shuffle_within_edge_degree_bins,lung,seed43,source_disjoint,7,27,-0.004370612650867578
bio_weight_shuffle_within_edge_degree_bins,lung,seed43,source_disjoint,7,28,-0.004418431170023718
bio_weight_shuffle_within_edge_degree_bins,lung,seed43,source_disjoint,7,29,-0.004399303762361195
bio_weight_shuffle_within_edge_degree_bins,lung,seed43,source_disjoint,7,30,-0.004418431170023718
bio_weight_shuffle_within_edge_degree_bins,lung,seed43,source_disjoint,7,31,-0.004418431170023607
bio_weight_shuffle_within_edge_degree_bins,lung,seed43,source_disjoint,11,0,-0.01808496394483672
bio_weight_shuffle_within_edge_degree_bins,lung,seed43,source_disjoint,11,1,-0.018075400241005513
bio_weight_shuffle_within_edge_degree_bins,lung,seed43,source_disjoint,11,2,-0.01806583653717425
bio_weight_shuffle_within_edge_degree_bins,lung,seed43,source_disjoint,11,3,-0.018075400241005513
bio_weight_shuffle_within_edge_degree_bins,lung,seed43,source_disjoint,11,4,-0.01806583653717425
bio_weight_shuffle_within_edge_degree_bins,lung,seed43,source_disjoint,11,5,-0.01808496394483672
bio_weight_shuffle_within_edge_degree_bins,lung,seed43,source_disjoint,11,6,-0.01806583653717425
bio_weight_shuffle_within_edge_degree_bins,lung,seed43,source_disjoint,11,7,-0.0179988906103557
bio_weight_shuffle_within_edge_degree_bins,lung,seed43,source_disjoint,11,8,-0.018056272833343046
bio_weight_shuffle_within_edge_degree_bins,lung,seed43,source_disjoint,11,9,-0.01806583653717425
bio_weight_shuffle_within_edge_degree_bins,lung,seed43,source_disjoint,11,10,-0.01806583653717425
bio_weight_shuffle_within_edge_degree_bins,lung,seed43,source_disjoint,11,11,-0.01806583653717425
bio_weight_shuffle_within_edge_degree_bins,lung,seed43,source_disjoint,11,12,-0.018056272833343046
bio_weight_shuffle_within_edge_degree_bins,lung,seed43,source_disjoint,11,13,-0.018056272833343046
bio_weight_shuffle_within_edge_degree_bins,lung,seed43,source_disjoint,11,14,-0.01806583653717425
bio_weight_shuffle_within_edge_degree_bins,lung,seed43,source_disjoint,11,15,-0.018075400241005513
bio_weight_shuffle_within_edge_degree_bins,lung,seed43,source_disjoint,11,16,-0.018056272833343046
bio_weight_shuffle_within_edge_degree_bins,lung,seed43,source_disjoint,11,17,-0.01806583653717425
bio_weight_shuffle_within_edge_degree_bins,lung,seed43,source_disjoint,11,18,-0.018075400241005513
bio_weight_shuffle_within_edge_degree_bins,lung,seed43,source_disjoint,11,19,-0.018075400241005513
bio_weight_shuffle_within_edge_degree_bins,lung,seed43,source_disjoint,11,20,-0.01806583653717425
bio_weight_shuffle_within_edge_degree_bins,lung,seed43,source_disjoint,11,21,-0.01808496394483672
bio_weight_shuffle_within_edge_degree_bins,lung,seed43,source_disjoint,11,22,-0.018075400241005513
bio_weight_shuffle_within_edge_degree_bins,lung,seed43,source_disjoint,11,23,-0.01806583653717425
bio_weight_shuffle_within_edge_degree_bins,lung,seed43,source_disjoint,11,24,-0.01806583653717425
bio_weight_shuffle_within_edge_degree_bins,lung,seed43,source_disjoint,11,25,-0.018075400241005513
bio_weight_shuffle_within_edge_degree_bins,lung,seed43,source_disjoint,11,26,-0.018046709129511784
bio_weight_shuffle_within_edge_degree_bins,lung,seed43,source_disjoint,11,27,-0.018075400241005513
bio_weight_shuffle_within_edge_degree_bins,lung,seed43,source_disjoint,11,28,-0.01806583653717425
bio_weight_shuffle_within_edge_degree_bins,lung,seed43,source_disjoint,11,29,-0.018056272833343046
bio_weight_shuffle_within_edge_degree_bins,lung,seed43,source_disjoint,11,30,-0.018075400241005513
bio_weight_shuffle_within_edge_degree_bins,lung,seed43,source_disjoint,11,31,-0.01808496394483672
bio_weight_shuffle_within_edge_degree_bins,lung,seed43,target_disjoint,7,0,0.013127910844976887
bio_weight_shuffle_within_edge_degree_bins,lung,seed43,target_disjoint,7,1,0.01681636726546909
bio_weight_shuffle_within_edge_degree_bins,lung,seed43,target_disjoint,7,2,0.016604291417165684
bio_weight_shuffle_within_edge_degree_bins,lung,seed43,target_disjoint,7,3,0.011447937458416435
bio_weight_shuffle_within_edge_degree_bins,lung,seed43,target_disjoint,7,4,0.016766467065868262
bio_weight_shuffle_within_edge_degree_bins,lung,seed43,target_disjoint,7,5,0.020080671989354593
bio_weight_shuffle_within_edge_degree_bins,lung,seed43,target_disjoint,7,6,0.013127910844976776
bio_weight_shuffle_within_edge_degree_bins,lung,seed43,target_disjoint,7,7,0.020147205588822437
bio_weight_shuffle_within_edge_degree_bins,lung,seed43,target_disjoint,7,8,0.018600299401197562
bio_weight_shuffle_within_edge_degree_bins,lung,seed43,target_disjoint,7,9,0.01845475715236189
bio_weight_shuffle_within_edge_degree_bins,lung,seed43,target_disjoint,7,10,0.014949268130405868
bio_weight_shuffle_within_edge_degree_bins,lung,seed43,target_disjoint,7,11,0.012974051896207706
bio_weight_shuffle_within_edge_degree_bins,lung,seed43,target_disjoint,7,12,0.020217897538256868
bio_weight_shuffle_within_edge_degree_bins,lung,seed43,target_disjoint,7,13,0.014774617431803083
bio_weight_shuffle_within_edge_degree_bins,lung,seed43,target_disjoint,7,14,0.018554557551563544
bio_weight_shuffle_within_edge_degree_bins,lung,seed43,target_disjoint,7,15,0.011306553559547572
bio_weight_shuffle_within_edge_degree_bins,lung,seed43,target_disjoint,7,16,0.020380073186959335
bio_weight_shuffle_within_edge_degree_bins,lung,seed43,target_disjoint,7,17,0.018575349301397148
bio_weight_shuffle_within_edge_degree_bins,lung,seed43,target_disjoint,7,18,0.01674567531603466
bio_weight_shuffle_within_edge_degree_bins,lung,seed43,target_disjoint,7,19,0.0202885894876913
bio_weight_shuffle_within_edge_degree_bins,lung,seed43,target_disjoint,7,20,0.014891051230871533
bio_weight_shuffle_within_edge_degree_bins,lung,seed43,target_disjoint,7,21,0.013061377245509043
bio_weight_shuffle_within_edge_degree_bins,lung,seed43,target_disjoint,7,22,0.023781603459747114
bio_weight_shuffle_within_edge_degree_bins,lung,seed43,target_disjoint,7,23,0.014861942781104531
bio_weight_shuffle_within_edge_degree_bins,lung,seed43,target_disjoint,7,24,0.01127744510978046
bio_weight_shuffle_within_edge_degree_bins,lung,seed43,target_disjoint,7,25,0.014953426480372567
bio_weight_shuffle_within_edge_degree_bins,lung,seed43,target_disjoint,7,26,0.016753992015968056
bio_weight_shuffle_within_edge_degree_bins,lung,seed43,target_disjoint,7,27,0.01856703260146364
bio_weight_shuffle_within_edge_degree_bins,lung,seed43,target_disjoint,7,28,0.01673320026613434
bio_weight_shuffle_within_edge_degree_bins,lung,seed43,target_disjoint,7,29,0.018392381902860966
bio_weight_shuffle_within_edge_degree_bins,lung,seed43,target_disjoint,7,30,0.01131487025948097
bio_weight_shuffle_within_edge_degree_bins,lung,seed43,target_disjoint,7,31,0.014936793080505772
bio_weight_shuffle_within_edge_degree_bins,lung,seed43,target_disjoint,11,0,0.01806803060545581
bio_weight_shuffle_within_edge_degree_bins,lung,seed43,target_disjoint,11,1,0.01794743845642066
bio_weight_shuffle_within_edge_degree_bins,lung,seed43,target_disjoint,11,2,0.019831170991350677
bio_weight_shuffle_within_edge_degree_bins,lung,seed43,target_disjoint,11,3,0.017955755156353947
bio_weight_shuffle_within_edge_degree_bins,lung,seed43,target_disjoint,11,4,0.014325515635395969
bio_weight_shuffle_within_edge_degree_bins,lung,seed43,target_disjoint,11,5,0.02165252827677977
bio_weight_shuffle_within_edge_degree_bins,lung,seed43,target_disjoint,11,6,0.014254823685961537
bio_weight_shuffle_within_edge_degree_bins,lung,seed43,target_disjoint,11,7,0.017939121756487153
bio_weight_shuffle_within_edge_degree_bins,lung,seed43,target_disjoint,11,8,0.019802062541583565
bio_weight_shuffle_within_edge_degree_bins,lung,seed43,target_disjoint,11,9,0.018043080505655507
bio_weight_shuffle_within_edge_degree_bins,lung,seed43,target_disjoint,11,10,0.019872754491017997
bio_weight_shuffle_within_edge_degree_bins,lung,seed43,target_disjoint,11,11,0.018051397205588904
bio_weight_shuffle_within_edge_degree_bins,lung,seed43,target_disjoint,11,12,0.01787258815701931
bio_weight_shuffle_within_edge_degree_bins,lung,seed43,target_disjoint,11,13,0.021602628077179054
bio_weight_shuffle_within_edge_degree_bins,lung,seed43,target_disjoint,11,14,0.016225881570193
bio_weight_shuffle_within_edge_degree_bins,lung,seed43,target_disjoint,11,15,0.014479374584164928
bio_weight_shuffle_within_edge_degree_bins,lung,seed43,target_disjoint,11,16,0.019814537591483772
bio_weight_shuffle_within_edge_degree_bins,lung,seed43,target_disjoint,11,17,0.014475216234198451
bio_weight_shuffle_within_edge_degree_bins,lung,seed43,target_disjoint,11,18,0.016213406520292684
bio_weight_shuffle_within_edge_degree_bins,lung,seed43,target_disjoint,11,19,0.01986027944111779
bio_weight_shuffle_within_edge_degree_bins,lung,seed43,target_disjoint,11,20,0.014504324683965453
bio_weight_shuffle_within_edge_degree_bins,lung,seed43,target_disjoint,11,21,0.01958582834331335
bio_weight_shuffle_within_edge_degree_bins,lung,seed43,target_disjoint,11,22,0.014200765136394011
bio_weight_shuffle_within_edge_degree_bins,lung,seed43,target_disjoint,11,23,0.014392049234863702
bio_weight_shuffle_within_edge_degree_bins,lung,seed43,target_disjoint,11,24,0.021631736526946166
bio_weight_shuffle_within_edge_degree_bins,lung,seed43,target_disjoint,11,25,0.016105289421157742
bio_weight_shuffle_within_edge_degree_bins,lung,seed43,target_disjoint,11,26,0.014441949434464307
bio_weight_shuffle_within_edge_degree_bins,lung,seed43,target_disjoint,11,27,0.016213406520292795
bio_weight_shuffle_within_edge_degree_bins,lung,seed43,target_disjoint,11,28,0.01978542914171655
bio_weight_shuffle_within_edge_degree_bins,lung,seed43,target_disjoint,11,29,0.021673320026613485
bio_weight_shuffle_within_edge_degree_bins,lung,seed43,target_disjoint,11,30,0.01794743845642055
bio_weight_shuffle_within_edge_degree_bins,lung,seed43,target_disjoint,11,31,0.021673320026613485
bio_weight_shuffle_within_edge_degree_bins,lung,seed44,source_disjoint,7,0,-0.015397425510846996
bio_weight_shuffle_within_edge_degree_bins,lung,seed44,source_disjoint,7,1,-0.014263210009901828
bio_weight_shuffle_within_edge_degree_bins,lung,seed44,source_disjoint,7,2,-0.018066432622198203
bio_weight_shuffle_within_edge_degree_bins,lung,seed44,source_disjoint,7,3,-0.015464938338284218
bio_weight_shuffle_within_edge_degree_bins,lung,seed44,source_disjoint,7,4,-0.017994418939598522
bio_weight_shuffle_within_edge_degree_bins,lung,seed44,source_disjoint,7,5,-0.015410928076334374
bio_weight_shuffle_within_edge_degree_bins,lung,seed44,source_disjoint,7,6,-0.015514447745071491
bio_weight_shuffle_within_edge_degree_bins,lung,seed44,source_disjoint,7,7,-0.016837699162840947
bio_weight_shuffle_within_edge_degree_bins,lung,seed44,source_disjoint,7,8,-0.015626969124133527
bio_weight_shuffle_within_edge_degree_bins,lung,seed44,source_disjoint,7,9,-0.01929966693671792
bio_weight_shuffle_within_edge_degree_bins,lung,seed44,source_disjoint,7,10,-0.015518948600234062
bio_weight_shuffle_within_edge_degree_bins,lung,seed44,source_disjoint,7,11,-0.015487442614096625
bio_weight_shuffle_within_edge_degree_bins,lung,seed44,source_disjoint,7,12,-0.015473940048609136
bio_weight_shuffle_within_edge_degree_bins,lung,seed44,source_disjoint,7,13,-0.017985417229273604
bio_weight_shuffle_within_edge_degree_bins,lung,seed44,source_disjoint,7,14,-0.015410928076334485
bio_weight_shuffle_within_edge_degree_bins,lung,seed44,source_disjoint,7,15,-0.014141686920514762
bio_weight_shuffle_within_edge_degree_bins,lung,seed44,source_disjoint,7,16,-0.014276712575389316
bio_weight_shuffle_within_edge_degree_bins,lung,seed44,source_disjoint,7,17,-0.01423620487892685
bio_weight_shuffle_within_edge_degree_bins,lung,seed44,source_disjoint,7,18,-0.018070933477360662
bio_weight_shuffle_within_edge_degree_bins,lung,seed44,source_disjoint,7,19,-0.017971914663786115
bio_weight_shuffle_within_edge_degree_bins,lung,seed44,source_disjoint,7,20,-0.014294715996039153
bio_weight_shuffle_within_edge_degree_bins,lung,seed44,source_disjoint,7,21,-0.0154424340624717
bio_weight_shuffle_within_edge_degree_bins,lung,seed44,source_disjoint,7,22,-0.014272211720226857
bio_weight_shuffle_within_edge_degree_bins,lung,seed44,source_disjoint,7,23,-0.0192096498334684
bio_weight_shuffle_within_edge_degree_bins,lung,seed44,source_disjoint,7,24,-0.01672517778377891
bio_weight_shuffle_within_edge_degree_bins,lung,seed44,source_disjoint,7,25,-0.015401926366009455
bio_weight_shuffle_within_edge_degree_bins,lung,seed44,source_disjoint,7,26,-0.014024664686290378
bio_weight_shuffle_within_edge_degree_bins,lung,seed44,source_disjoint,7,27,-0.015509946889909032
bio_weight_shuffle_within_edge_degree_bins,lung,seed44,source_disjoint,7,28,-0.015478440903771706
bio_weight_shuffle_within_edge_degree_bins,lung,seed44,source_disjoint,7,29,-0.01928616437123054
bio_weight_shuffle_within_edge_degree_bins,lung,seed44,source_disjoint,7,30,-0.019268160950580593
bio_weight_shuffle_within_edge_degree_bins,lung,seed44,source_disjoint,7,31,-0.014285714285714235
bio_weight_shuffle_within_edge_degree_bins,lung,seed44,source_disjoint,11,0,-0.005238995409127756
bio_weight_shuffle_within_edge_degree_bins,lung,seed44,source_disjoint,11,1,-0.004248807273381838
bio_weight_shuffle_within_edge_degree_bins,lung,seed44,source_disjoint,11,2,-0.0014942839139435726
bio_weight_shuffle_within_edge_degree_bins,lung,seed44,source_disjoint,11,3,-0.006751282743721276
bio_weight_shuffle_within_edge_degree_bins,lung,seed44,source_disjoint,11,4,-0.007885498244666445
bio_weight_shuffle_within_edge_degree_bins,lung,seed44,source_disjoint,11,5,-0.006566747682059448
bio_weight_shuffle_within_edge_degree_bins,lung,seed44,source_disjoint,11,6,-0.005121973174903149
bio_weight_shuffle_within_edge_degree_bins,lung,seed44,source_disjoint,11,7,-0.005193986857502941
bio_weight_shuffle_within_edge_degree_bins,lung,seed44,source_disjoint,11,8,-0.006607255378521915
bio_weight_shuffle_within_edge_degree_bins,lung,seed44,source_disjoint,11,9,-0.004172292735619809
bio_weight_shuffle_within_edge_degree_bins,lung,seed44,source_disjoint,11,10,-0.005225492843640267
bio_weight_shuffle_within_edge_degree_bins,lung,seed44,source_disjoint,11,11,-0.004298316680169112
bio_weight_shuffle_within_edge_degree_bins,lung,seed44,source_disjoint,11,12,-0.005477540732739206
bio_weight_shuffle_within_edge_degree_bins,lung,seed44,source_disjoint,11,13,-0.004118282473669854
bio_weight_shuffle_within_edge_degree_bins,lung,seed44,source_disjoint,11,14,-0.006832298136645876
bio_weight_shuffle_within_edge_degree_bins,lung,seed44,source_disjoint,11,15,-0.0038122243226212937
bio_weight_shuffle_within_edge_degree_bins,lung,seed44,source_disjoint,11,16,-0.006485732289134849
bio_weight_shuffle_within_edge_degree_bins,lung,seed44,source_disjoint,11,17,-0.006611756233684374
bio_weight_shuffle_within_edge_degree_bins,lung,seed44,source_disjoint,11,18,-0.005275002250427541
bio_weight_shuffle_within_edge_degree_bins,lung,seed44,source_disjoint,11,19,-0.007953011072103666
bio_weight_shuffle_within_edge_degree_bins,lung,seed44,source_disjoint,11,20,-0.0029795661175622268
bio_weight_shuffle_within_edge_degree_bins,lung,seed44,source_disjoint,11,21,-0.006427221172022768
bio_weight_shuffle_within_edge_degree_bins,lung,seed44,source_disjoint,11,22,-0.004208299576919594
bio_weight_shuffle_within_edge_degree_bins,lung,seed44,source_disjoint,11,23,-0.006728778467908869
bio_weight_shuffle_within_edge_degree_bins,lung,seed44,source_disjoint,11,24,-0.005207489422990319
bio_weight_shuffle_within_edge_degree_bins,lung,seed44,source_disjoint,11,25,-0.006764785309208765
bio_weight_shuffle_within_edge_degree_bins,lung,seed44,source_disjoint,11,26,-0.005297506526239948
bio_weight_shuffle_within_edge_degree_bins,lung,seed44,source_disjoint,11,27,-0.005225492843640267
bio_weight_shuffle_within_edge_degree_bins,lung,seed44,source_disjoint,11,28,-0.006580250247547048
bio_weight_shuffle_within_edge_degree_bins,lung,seed44,source_disjoint,11,29,-0.0018048429201548144
bio_weight_shuffle_within_edge_degree_bins,lung,seed44,source_disjoint,11,30,-0.005414528760464443
bio_weight_shuffle_within_edge_degree_bins,lung,seed44,source_disjoint,11,31,-0.007894499954991363
bio_weight_shuffle_within_edge_degree_bins,lung,seed44,target_disjoint,7,0,0.025411337696852776
bio_weight_shuffle_within_edge_degree_bins,lung,seed44,target_disjoint,7,1,0.023544943965183585
bio_weight_shuffle_within_edge_degree_bins,lung,seed44,target_disjoint,7,2,0.02520921671669507
bio_weight_shuffle_within_edge_degree_bins,lung,seed44,target_disjoint,7,3,0.023605150214592308
bio_weight_shuffle_within_edge_degree_bins,lung,seed44,target_disjoint,7,4,0.025437140375170753
bio_weight_shuffle_within_edge_degree_bins,lung,seed44,target_disjoint,7,5,0.023630952892910173
bio_weight_shuffle_within_edge_degree_bins,lung,seed44,target_disjoint,7,6,0.02365675557122815
bio_weight_shuffle_within_edge_degree_bins,lung,seed44,target_disjoint,7,7,0.025402736804080228
bio_weight_shuffle_within_edge_degree_bins,lung,seed44,target_disjoint,7,8,0.023562145750728902
bio_weight_shuffle_within_edge_degree_bins,lung,seed44,target_disjoint,7,9,0.02531672787635353
bio_weight_shuffle_within_edge_degree_bins,lung,seed44,target_disjoint,7,10,0.023699760035091666
bio_weight_shuffle_within_edge_degree_bins,lung,seed44,target_disjoint,7,11,0.023544943965183585
bio_weight_shuffle_within_edge_degree_bins,lung,seed44,target_disjoint,7,12,0.023562145750728902
bio_weight_shuffle_within_edge_degree_bins,lung,seed44,target_disjoint,7,13,0.025325328769126187
bio_weight_shuffle_within_edge_degree_bins,lung,seed44,target_disjoint,7,14,0.023489038162161302
bio_weight_shuffle_within_edge_degree_bins,lung,seed44,target_disjoint,7,15,0.023673957356773467
bio_weight_shuffle_within_edge_degree_bins,lung,seed44,target_disjoint,7,16,0.023544943965183585
bio_weight_shuffle_within_edge_degree_bins,lung,seed44,target_disjoint,7,17,0.02536833323298948
bio_weight_shuffle_within_edge_degree_bins,lung,seed44,target_disjoint,7,18,0.023622352000137514
bio_weight_shuffle_within_edge_degree_bins,lung,seed44,target_disjoint,7,19,0.025235019395013047
bio_weight_shuffle_within_edge_degree_bins,lung,seed44,target_disjoint,7,20,0.025183414038377094
bio_weight_shuffle_within_edge_degree_bins,lung,seed44,target_disjoint,7,21,0.02528662475164911
bio_weight_shuffle_within_edge_degree_bins,lung,seed44,target_disjoint,7,22,0.025273723412490123
bio_weight_shuffle_within_edge_degree_bins,lung,seed44,target_disjoint,7,23,0.025265122519717464
bio_weight_shuffle_within_edge_degree_bins,lung,seed44,target_disjoint,7,24,0.02530812698358087
bio_weight_shuffle_within_edge_degree_bins,lung,seed44,target_disjoint,7,25,0.023489038162161302
bio_weight_shuffle_within_edge_degree_bins,lung,seed44,target_disjoint,7,26,0.023446033698297897
bio_weight_shuffle_within_edge_degree_bins,lung,seed44,target_disjoint,7,27,0.025351131447444164
bio_weight_shuffle_within_edge_degree_bins,lung,seed44,target_disjoint,7,28,0.02374276449895485
bio_weight_shuffle_within_edge_degree_bins,lung,seed44,target_disjoint,7,29,0.02529092519803544
bio_weight_shuffle_within_edge_degree_bins,lung,seed44,target_disjoint,7,30,0.02358794842904688
bio_weight_shuffle_within_edge_degree_bins,lung,seed44,target_disjoint,7,31,0.025342530554671505
bio_weight_shuffle_within_edge_degree_bins,lung,seed44,target_disjoint,11,0,0.004248841029698913
bio_weight_shuffle_within_edge_degree_bins,lung,seed44,target_disjoint,11,1,0.007779507512879924
bio_weight_shuffle_within_edge_degree_bins,lung,seed44,target_disjoint,11,2,0.00788271822615183
bio_weight_shuffle_within_edge_degree_bins,lung,seed44,target_disjoint,11,3,0.009568493209595186
bio_weight_shuffle_within_edge_degree_bins,lung,seed44,target_disjoint,11,4,0.004132728977267797
bio_weight_shuffle_within_edge_degree_bins,lung,seed44,target_disjoint,11,5,0.0058830106565060936
bio_weight_shuffle_within_edge_degree_bins,lung,seed44,target_disjoint,11,6,0.005874409763733435
bio_weight_shuffle_within_edge_degree_bins,lung,seed44,target_disjoint,11,7,0.0044122579923796534
bio_weight_shuffle_within_edge_degree_bins,lung,seed44,target_disjoint,11,8,0.007852615101447524
bio_weight_shuffle_within_edge_degree_bins,lung,seed44,target_disjoint,11,9,0.00418863478029019
bio_weight_shuffle_within_edge_degree_bins,lung,seed44,target_disjoint,11,10,0.004180033887517531
bio_weight_shuffle_within_edge_degree_bins,lung,seed44,target_disjoint,11,11,0.003995114692905144
bio_weight_shuffle_within_edge_degree_bins,lung,seed44,target_disjoint,11,12,0.00411552719172259
bio_weight_shuffle_within_edge_degree_bins,lung,seed44,target_disjoint,11,13,0.004149930762813225
bio_weight_shuffle_within_edge_degree_bins,lung,seed44,target_disjoint,11,14,0.009460982049936839
bio_weight_shuffle_within_edge_degree_bins,lung,seed44,target_disjoint,11,15,0.004089724513404502
bio_weight_shuffle_within_edge_degree_bins,lung,seed44,target_disjoint,11,16,0.007560184747176679
bio_weight_shuffle_within_edge_degree_bins,lung,seed44,target_disjoint,11,17,0.004240240136926254
bio_weight_shuffle_within_edge_degree_bins,lung,seed44,target_disjoint,11,18,0.004283244600789549
bio_weight_shuffle_within_edge_degree_bins,lung,seed44,target_disjoint,11,19,0.0041714329947448725
bio_weight_shuffle_within_edge_degree_bins,lung,seed44,target_disjoint,11,20,0.004214437458608167
bio_weight_shuffle_within_edge_degree_bins,lung,seed44,target_disjoint,11,21,0.004167132548358543
bio_weight_shuffle_within_edge_degree_bins,lung,seed44,target_disjoint,11,22,0.00945668160355051
bio_weight_shuffle_within_edge_degree_bins,lung,seed44,target_disjoint,11,23,0.004003715585677803
bio_weight_shuffle_within_edge_degree_bins,lung,seed44,target_disjoint,11,24,0.007882718226151941
bio_weight_shuffle_within_edge_degree_bins,lung,seed44,target_disjoint,11,25,0.004240240136926254
bio_weight_shuffle_within_edge_degree_bins,lung,seed44,target_disjoint,11,26,0.005964719137846464
bio_weight_shuffle_within_edge_degree_bins,lung,seed44,target_disjoint,11,27,0.005827104853483811
bio_weight_shuffle_within_edge_degree_bins,lung,seed44,target_disjoint,11,28,0.009602896780685821
bio_weight_shuffle_within_edge_degree_bins,lung,seed44,target_disjoint,11,29,0.003977912907359715
bio_weight_shuffle_within_edge_degree_bins,lung,seed44,target_disjoint,11,30,0.009572793655981515
bio_weight_shuffle_within_edge_degree_bins,lung,seed44,target_disjoint,11,31,0.005818503960711041
label_permutation,external_lung,seed42_main,source_disjoint,7,0,0.04047880116959052
label_permutation,external_lung,seed42_main,source_disjoint,7,1,-0.004547213622291046
label_permutation,external_lung,seed42_main,source_disjoint,7,2,0.007772187822497445
label_permutation,external_lung,seed42_main,source_disjoint,7,3,-0.019892715858273124
label_permutation,external_lung,seed42_main,source_disjoint,7,4,-0.01074453904368744
label_permutation,external_lung,seed42_main,source_disjoint,7,5,0.01579162366701059
label_permutation,external_lung,seed42_main,source_disjoint,7,6,0.009497549019607865
label_permutation,external_lung,seed42_main,source_disjoint,7,7,0.003531346749226061
label_permutation,external_lung,seed42_main,source_disjoint,7,8,-0.011717406260750074
label_permutation,external_lung,seed42_main,source_disjoint,7,9,0.003859219126246982
label_permutation,external_lung,seed42_main,source_disjoint,7,10,-0.01008879428964582
label_permutation,external_lung,seed42_main,source_disjoint,7,11,0.023972308221534178
label_permutation,external_lung,seed42_main,source_disjoint,7,12,0.041854790161678646
label_permutation,external_lung,seed42_main,source_disjoint,7,13,0.02763802889576894
label_permutation,external_lung,seed42_main,source_disjoint,7,14,0.008374183006536029
label_permutation,external_lung,seed42_main,source_disjoint,7,15,-0.0009352425180598201
label_permutation,external_lung,seed42_main,source_disjoint,7,16,-0.018145854833161446
label_permutation,external_lung,seed42_main,source_disjoint,7,17,0.0019511093911248611
label_permutation,external_lung,seed42_main,source_disjoint,7,18,0.0518522101823185
label_permutation,external_lung,seed42_main,source_disjoint,7,19,0.008605306157550896
label_permutation,external_lung,seed42_main,source_disjoint,7,20,0.012647273821809524
label_permutation,external_lung,seed42_main,source_disjoint,7,21,0.023510061919504666
label_permutation,external_lung,seed42_main,source_disjoint,7,22,0.022080323357413223
label_permutation,external_lung,seed42_main,source_disjoint,7,23,0.021811575507395875
label_permutation,external_lung,seed42_main,source_disjoint,7,24,-0.004928835569315504
label_permutation,external_lung,seed42_main,source_disjoint,7,25,-0.01810823013415902
label_permutation,external_lung,seed42_main,source_disjoint,7,26,-0.02574066907464745
label_permutation,external_lung,seed42_main,source_disjoint,7,27,0.029374140006879934
label_permutation,external_lung,seed42_main,source_disjoint,7,28,0.0012684898520810561
label_permutation,external_lung,seed42_main,source_disjoint,7,29,-0.002854102167182626
label_permutation,external_lung,seed42_main,source_disjoint,7,30,-0.02266081871345038
label_permutation,external_lung,seed42_main,source_disjoint,7,31,-0.028766769865841146
label_permutation,external_lung,seed42_main,source_disjoint,11,0,-0.0021446078431371918
label_permutation,external_lung,seed42_main,source_disjoint,11,1,-0.0018167354661162705
label_permutation,external_lung,seed42_main,source_disjoint,11,2,0.025547170622634896
label_permutation,external_lung,seed42_main,source_disjoint,11,3,0.010465041279669796
label_permutation,external_lung,seed42_main,source_disjoint,11,4,-0.013829764361885155
label_permutation,external_lung,seed42_main,source_disjoint,11,5,-0.01738798589611279
label_permutation,external_lung,seed42_main,source_disjoint,11,6,0.03186274509803916
label_permutation,external_lung,seed42_main,source_disjoint,11,7,-0.0023219814241486336
label_permutation,external_lung,seed42_main,source_disjoint,11,8,-0.000532120743034159
label_permutation,external_lung,seed42_main,source_disjoint,11,9,-0.01021779325765404
label_permutation,external_lung,seed42_main,source_disjoint,11,10,-0.014974630202958417
label_permutation,external_lung,seed42_main,source_disjoint,11,11,0.008540806673546508
label_permutation,external_lung,seed42_main,source_disjoint,11,12,0.020242088063295527
label_permutation,external_lung,seed42_main,source_disjoint,11,13,-0.0009459924320606161
label_permutation,external_lung,seed42_main,source_disjoint,11,14,0.003912968696250574
label_permutation,external_lung,seed42_main,source_disjoint,11,15,0.004563338493291991
label_permutation,external_lung,seed42_main,source_disjoint,11,16,0.011792655658754592
label_permutation,external_lung,seed42_main,source_disjoint,11,17,0.032056243550051544
label_permutation,external_lung,seed42_main,source_disjoint,11,18,0.006611197110423073
label_permutation,external_lung,seed42_main,source_disjoint,11,19,0.03174449604403168
label_permutation,external_lung,seed42_main,source_disjoint,11,20,0.026401788785689495
label_permutation,external_lung,seed42_main,source_disjoint,11,21,0.0016393618851048286
label_permutation,external_lung,seed42_main,source_disjoint,11,22,0.017914731682146467
label_permutation,external_lung,seed42_main,source_disjoint,11,23,-0.019177846577227375
label_permutation,external_lung,seed42_main,source_disjoint,11,24,-0.0041172170622635895
label_permutation,external_lung,seed42_main,source_disjoint,11,25,0.01109391124871012
label_permutation,external_lung,seed42_main,source_disjoint,11,26,0.01547987616099078
label_permutation,external_lung,seed42_main,source_disjoint,11,27,0.02949238906088758
label_permutation,external_lung,seed42_main,source_disjoint,11,28,0.0012308651530786863
label_permutation,external_lung,seed42_main,source_disjoint,11,29,-0.0026606037151701845
label_permutation,external_lung,seed42_main,source_disjoint,11,30,-0.00873968008255921
label_permutation,external_lung,seed42_main,source_disjoint,11,31,-0.004617088063295527
label_permutation,external_lung,seed42_main,target_disjoint,7,0,0.015114880688651244
label_permutation,external_lung,seed42_main,target_disjoint,7,1,-0.0018830305715550333
label_permutation,external_lung,seed42_main,target_disjoint,7,2,-0.0029084119248052875
label_permutation,external_lung,seed42_main,target_disjoint,7,3,-0.025694664219254426
label_permutation,external_lung,seed42_main,target_disjoint,7,4,-0.0036109880372174885
label_permutation,external_lung,seed42_main,target_disjoint,7,5,0.01107665042091277
label_permutation,external_lung,seed42_main,target_disjoint,7,6,-0.002126716880815227
label_permutation,external_lung,seed42_main,target_disjoint,7,7,0.016415595923792714
label_permutation,external_lung,seed42_main,target_disjoint,7,8,0.0035983290081651464
label_permutation,external_lung,seed42_main,target_disjoint,7,9,0.028425849737325204
label_permutation,external_lung,seed42_main,target_disjoint,7,10,-0.007095385783910335
label_permutation,external_lung,seed42_main,target_disjoint,7,11,-0.010950060130388017
label_permutation,external_lung,seed42_main,target_disjoint,7,12,0.005266156085828255
label_permutation,external_lung,seed42_main,target_disjoint,7,13,0.009472118488511871
label_permutation,external_lung,seed42_main,target_disjoint,7,14,0.012196974492056423
label_permutation,external_lung,seed42_main,target_disjoint,7,15,0.0025982657130197984
label_permutation,external_lung,seed42_main,target_disjoint,7,16,0.00017406164947142422
label_permutation,external_lung,seed42_main,target_disjoint,7,17,-0.002547629596809986
label_permutation,external_lung,seed42_main,target_disjoint,7,18,-0.0052440027849863236
label_permutation,external_lung,seed42_main,target_disjoint,7,19,0.013355275650357656
label_permutation,external_lung,seed42_main,target_disjoint,7,20,-0.008111272865371222
label_permutation,external_lung,seed42_main,target_disjoint,7,21,-0.004386353566681378
label_permutation,external_lung,seed42_main,target_disjoint,7,22,-0.012450155073105873
label_permutation,external_lung,seed42_main,target_disjoint,7,23,0.0008639787328311721
label_permutation,external_lung,seed42_main,target_disjoint,7,24,0.004354705994050412
label_permutation,external_lung,seed42_main,target_disjoint,7,25,-0.007127033356541523
label_permutation,external_lung,seed42_main,target_disjoint,7,26,0.012915374390784218
label_permutation,external_lung,seed42_main,target_disjoint,7,27,0.008930944996518753
label_permutation,external_lung,seed42_main,target_disjoint,7,28,0.00162035571871616
label_permutation,external_lung,seed42_main,target_disjoint,7,29,-0.004930691815937749
label_permutation,external_lung,seed42_main,target_disjoint,7,30,0.003797708715741366
label_permutation,external_lung,seed42_main,target_disjoint,7,31,0.025558579656940195
label_permutation,external_lung,seed42_main,target_disjoint,11,0,0.007665042091271668
label_permutation,external_lung,seed42_main,target_disjoint,11,1,-0.019972783087537138
label_permutation,external_lung,seed42_main,target_disjoint,11,2,-0.0006867523260965513
label_permutation,external_lung,seed42_main,target_disjoint,11,3,0.005285144629406879
label_permutation,external_lung,seed42_main,target_disjoint,11,4,-0.011734919931641163
label_permutation,external_lung,seed42_main,target_disjoint,11,5,-0.012079878473321037
label_permutation,external_lung,seed42_main,target_disjoint,11,6,-0.012326729539844261
label_permutation,external_lung,seed42_main,target_disjoint,11,7,0.021824166086461205
label_permutation,external_lung,seed42_main,target_disjoint,11,8,0.017092853978099953
label_permutation,external_lung,seed42_main,target_disjoint,11,9,0.011807709348692907
label_permutation,external_lung,seed42_main,target_disjoint,11,10,0.014618013798341656
label_permutation,external_lung,seed42_main,target_disjoint,11,11,2.2153300841765144e-05
label_permutation,external_lung,seed42_main,target_disjoint,11,12,0.007927716944110541
label_permutation,external_lung,seed42_main,target_disjoint,11,13,0.0006899170833597479
label_permutation,external_lung,seed42_main,target_disjoint,11,14,-0.005633267928349783
label_permutation,external_lung,seed42_main,target_disjoint,11,15,-0.004247104247104172
label_permutation,external_lung,seed42_main,target_disjoint,11,16,-0.0029147414393315696
label_permutation,external_lung,seed42_main,target_disjoint,11,17,-0.0041806443445787655
label_permutation,external_lung,seed42_main,target_disjoint,11,18,-0.0017532755237672504
label_permutation,external_lung,seed42_main,target_disjoint,11,19,0.000281663396417664
label_permutation,external_lung,seed42_main,target_disjoint,11,20,0.0033419836698526106
label_permutation,external_lung,seed42_main,target_disjoint,11,21,-0.007247294132539994
label_permutation,external_lung,seed42_main,target_disjoint,11,22,0.008734730046205397
label_permutation,external_lung,seed42_main,target_disjoint,11,23,-0.015067409329704518
label_permutation,external_lung,seed42_main,target_disjoint,11,24,-7.595417431482954e-05
label_permutation,external_lung,seed42_main,target_disjoint,11,25,0.004481296284575054
label_permutation,external_lung,seed42_main,target_disjoint,11,26,0.005373757832774162
label_permutation,external_lung,seed42_main,target_disjoint,11,27,0.015624406608013008
label_permutation,external_lung,seed42_main,target_disjoint,11,28,0.002978036584594057
label_permutation,external_lung,seed42_main,target_disjoint,11,29,0.01651053864168628
label_permutation,external_lung,seed42_main,target_disjoint,11,30,0.013089436040255698
label_permutation,external_lung,seed42_main,target_disjoint,11,31,-0.007794797139059451
label_permutation,external_lung,seed43,source_disjoint,7,0,0.029627466251298085
label_permutation,external_lung,seed43,source_disjoint,7,1,-0.024073765020026505
label_permutation,external_lung,seed43,source_disjoint,7,2,-0.03521361815754348
label_permutation,external_lung,seed43,source_disjoint,7,3,0.003342419522326001
label_permutation,external_lung,seed43,source_disjoint,7,4,-0.021167111704494812
label_permutation,external_lung,seed43,source_disjoint,7,5,0.02047174009790831
label_permutation,external_lung,seed43,source_disjoint,7,6,0.009897455867082017
label_permutation,external_lung,seed43,source_disjoint,7,7,-0.0047331627354991745
label_permutation,external_lung,seed43,source_disjoint,7,8,-0.002948375611927012
label_permutation,external_lung,seed43,source_disjoint,7,9,-0.016253152351283218
label_permutation,external_lung,seed43,source_disjoint,7,10,0.02538569945112007
label_permutation,external_lung,seed43,source_disjoint,7,11,-0.013434579439252303
label_permutation,external_lung,seed43,source_disjoint,7,12,-0.007505377540424296
label_permutation,external_lung,seed43,source_disjoint,7,13,0.013963061860258197
label_permutation,external_lung,seed43,source_disjoint,7,14,-0.00857624981456756
label_permutation,external_lung,seed43,source_disjoint,7,15,0.0011589526776443204
label_permutation,external_lung,seed43,source_disjoint,7,16,-0.001988762794837562
label_permutation,external_lung,seed43,source_disjoint,7,17,-0.021116117786678545
label_permutation,external_lung,seed43,source_disjoint,7,18,0.00849744103248784
label_permutation,external_lung,seed43,source_disjoint,7,19,0.040730232903130104
label_permutation,external_lung,seed43,source_disjoint,7,20,0.012586226079216667
label_permutation,external_lung,seed43,source_disjoint,7,21,0.012618676754190816
label_permutation,external_lung,seed43,source_disjoint,7,22,0.013833259160362044
label_permutation,external_lung,seed43,source_disjoint,7,23,0.03711893635959057
label_permutation,external_lung,seed43,source_disjoint,7,24,0.00567886812045687
label_permutation,external_lung,seed43,source_disjoint,7,25,-0.01213191662958013
label_permutation,external_lung,seed43,source_disjoint,7,26,0.016763091529446883
label_permutation,external_lung,seed43,source_disjoint,7,27,0.021950563714582483
label_permutation,external_lung,seed43,source_disjoint,7,28,-0.011645156504969556
label_permutation,external_lung,seed43,source_disjoint,7,29,0.010463024773772422
label_permutation,external_lung,seed43,source_disjoint,7,30,-0.0003430499925826669
label_permutation,external_lung,seed43,source_disjoint,7,31,-0.014129951045838807
label_permutation,external_lung,seed43,source_disjoint,11,0,0.02553868120456909
label_permutation,external_lung,seed43,source_disjoint,11,1,0.020708166444147746
label_permutation,external_lung,seed43,source_disjoint,11,2,0.0010940513276961328
label_permutation,external_lung,seed43,source_disjoint,11,3,-0.011547804480047497
label_permutation,external_lung,seed43,source_disjoint,11,4,-0.013842530781783047
label_permutation,external_lung,seed43,source_disjoint,11,5,0.004009976264649107
label_permutation,external_lung,seed43,source_disjoint,11,6,0.037332183652277084
label_permutation,external_lung,seed43,source_disjoint,11,7,0.0324321317311973
label_permutation,external_lung,seed43,source_disjoint,11,8,-0.02423138258418628
label_permutation,external_lung,seed43,source_disjoint,11,9,-0.004932502596053989
label_permutation,external_lung,seed43,source_disjoint,11,10,0.006355696484201201
label_permutation,external_lung,seed43,source_disjoint,11,11,-0.012600133511348421
label_permutation,external_lung,seed43,source_disjoint,11,12,-0.0030642708796914664
label_permutation,external_lung,seed43,source_disjoint,11,13,0.010935877466251354
label_permutation,external_lung,seed43,source_disjoint,11,14,0.014681612520397513
label_permutation,external_lung,seed43,source_disjoint,11,15,0.008928571428571508
label_permutation,external_lung,seed43,source_disjoint,11,16,0.015886923305147627
label_permutation,external_lung,seed43,source_disjoint,11,17,0.014009419967363879
label_permutation,external_lung,seed43,source_disjoint,11,18,-0.0030179127725856736
label_permutation,external_lung,seed43,source_disjoint,11,19,0.017871050289274604
label_permutation,external_lung,seed43,source_disjoint,11,20,0.00579012757751074
label_permutation,external_lung,seed43,source_disjoint,11,21,0.026002262275626797
label_permutation,external_lung,seed43,source_disjoint,11,22,0.025228081886960407
label_permutation,external_lung,seed43,source_disjoint,11,23,0.008525255896751127
label_permutation,external_lung,seed43,source_disjoint,11,24,0.004153686396676959
label_permutation,external_lung,seed43,source_disjoint,11,25,-0.006675567423230944
label_permutation,external_lung,seed43,source_disjoint,11,26,0.002035120901943299
label_permutation,external_lung,seed43,source_disjoint,11,27,0.03573282895712798
label_permutation,external_lung,seed43,source_disjoint,11,28,0.025394971072541184
label_permutation,external_lung,seed43,source_disjoint,11,29,-0.0010430574098796996
label_permutation,external_lung,seed43,source_disjoint,11,30,0.002670226969292422
label_permutation,external_lung,seed43,source_disjoint,11,31,0.027230752113929613
label_permutation,external_lung,seed43,target_disjoint,7,0,0.020154211558982504
label_permutation,external_lung,seed43,target_disjoint,7,1,-0.010036946519339507
label_permutation,external_lung,seed43,target_disjoint,7,2,-0.012059252119835107
label_permutation,external_lung,seed43,target_disjoint,7,3,-0.017627046688008463
label_permutation,external_lung,seed43,target_disjoint,7,4,-0.0030434982157813706
label_permutation,external_lung,seed43,target_disjoint,7,5,0.010564753938475835
label_permutation,external_lung,seed43,target_disjoint,7,6,0.006359505696878043
label_permutation,external_lung,seed43,target_disjoint,7,7,-0.0006970500154900305
label_permutation,external_lung,seed43,target_disjoint,7,8,-0.007874083508312812
label_permutation,external_lung,seed43,target_disjoint,7,9,-0.02266703383704516
label_permutation,external_lung,seed43,target_disjoint,7,10,0.0058632519821463225
label_permutation,external_lung,seed43,target_disjoint,7,11,-0.02276456346884209
label_permutation,external_lung,seed43,target_disjoint,7,12,-0.004331463059217666
label_permutation,external_lung,seed43,target_disjoint,7,13,0.0004819111218202776
label_permutation,external_lung,seed43,target_disjoint,7,14,-0.00958658910192417
label_permutation,external_lung,seed43,target_disjoint,7,15,-0.0023952130161900564
label_permutation,external_lung,seed43,target_disjoint,7,16,0.015097013298452144
label_permutation,external_lung,seed43,target_disjoint,7,17,-0.037428430461372675
label_permutation,external_lung,seed43,target_disjoint,7,18,0.0019391185616100537
label_permutation,external_lung,seed43,target_disjoint,7,19,-0.00118182965589253
label_permutation,external_lung,seed43,target_disjoint,7,20,-0.013221002145651972
label_permutation,external_lung,seed43,target_disjoint,7,21,0.05026505111700125
label_permutation,external_lung,seed43,target_disjoint,7,22,0.006517274218902358
label_permutation,external_lung,seed43,target_disjoint,7,23,-0.03182908218879449
label_permutation,external_lung,seed43,target_disjoint,7,24,-0.004179431574357628
label_permutation,external_lung,seed43,target_disjoint,7,25,0.006703727926749559
label_permutation,external_lung,seed43,target_disjoint,7,26,0.010464355788096846
label_permutation,external_lung,seed43,target_disjoint,7,27,0.022078987527681282
label_permutation,external_lung,seed43,target_disjoint,7,28,0.003215609330717295
label_permutation,external_lung,seed43,target_disjoint,7,29,0.030515300678117918
label_permutation,external_lung,seed43,target_disjoint,7,30,0.005140385299415795
label_permutation,external_lung,seed43,target_disjoint,7,31,-0.01664888185145663
label_permutation,external_lung,seed43,target_disjoint,11,0,-0.0003212740812134629
label_permutation,external_lung,seed43,target_disjoint,11,1,0.007027870526545188
label_permutation,external_lung,seed43,target_disjoint,11,2,0.00869447982284044
label_permutation,external_lung,seed43,target_disjoint,11,3,0.020056681927185627
label_permutation,external_lung,seed43,target_disjoint,11,4,0.0014686815141187193
label_permutation,external_lung,seed43,target_disjoint,11,5,0.0030922630316799204
label_permutation,external_lung,seed43,target_disjoint,11,6,0.00044175186166850455
label_permutation,external_lung,seed43,target_disjoint,11,7,0.028320883962686172
label_permutation,external_lung,seed43,target_disjoint,11,8,-0.040403084231179665
label_permutation,external_lung,seed43,target_disjoint,11,9,0.0025070852408980993
label_permutation,external_lung,seed43,target_disjoint,11,10,-0.0030377611786168712
label_permutation,external_lung,seed43,target_disjoint,11,11,0.002334974125962397
label_permutation,external_lung,seed43,target_disjoint,11,12,-0.018599474487395795
label_permutation,external_lung,seed43,target_disjoint,11,13,0.03632691932578336
label_permutation,external_lung,seed43,target_disjoint,11,14,0.014184824389292305
label_permutation,external_lung,seed43,target_disjoint,11,15,-0.013932394754053223
label_permutation,external_lung,seed43,target_disjoint,11,16,-0.010814315055132917
label_permutation,external_lung,seed43,target_disjoint,11,17,-0.010016866889263787
label_permutation,external_lung,seed43,target_disjoint,11,18,0.015444104046906104
label_permutation,external_lung,seed43,target_disjoint,11,19,-0.006870102004520762
label_permutation,external_lung,seed43,target_disjoint,11,20,0.0027652519133019027
label_permutation,external_lung,seed43,target_disjoint,11,21,-0.0036286760065631918
label_permutation,external_lung,seed43,target_disjoint,11,22,-0.021470861588241352
label_permutation,external_lung,seed43,target_disjoint,11,23,0.01571661331222096
label_permutation,external_lung,seed43,target_disjoint,11,24,-0.01132777988135808
label_permutation,external_lung,seed43,target_disjoint,11,25,-0.0006138629766043735
label_permutation,external_lung,seed43,target_disjoint,11,26,0.0008347389074385703
label_permutation,external_lung,seed43,target_disjoint,11,27,-0.015487131825640044
label_permutation,external_lung,seed43,target_disjoint,11,28,0.011677739148394317
label_permutation,external_lung,seed43,target_disjoint,11,29,-0.0049338519614930965
label_permutation,external_lung,seed43,target_disjoint,11,30,0.015469920714146324
label_permutation,external_lung,seed43,target_disjoint,11,31,0.006815600151457768
label_permutation,external_lung,seed44,source_disjoint,7,0,0.013460362267701864
label_permutation,external_lung,seed44,source_disjoint,7,1,-0.004643613267466484
label_permutation,external_lung,seed44,source_disjoint,7,2,0.012726417313573268
label_permutation,external_lung,seed44,source_disjoint,7,3,0.007584097859327232
label_permutation,external_lung,seed44,source_disjoint,7,4,-0.004361326746647964
label_permutation,external_lung,seed44,source_disjoint,7,5,0.015822159491884202
label_permutation,external_lung,seed44,source_disjoint,7,6,0.009673018113385057
label_permutation,external_lung,seed44,source_disjoint,7,7,0.01961420842154782
label_permutation,external_lung,seed44,source_disjoint,7,8,-0.008581510232886502
label_permutation,external_lung,seed44,source_disjoint,7,9,0.012368854387203088
label_permutation,external_lung,seed44,source_disjoint,7,10,-0.004361326746647853
label_permutation,external_lung,seed44,source_disjoint,7,11,-0.0032651140908022125
label_permutation,external_lung,seed44,source_disjoint,7,12,0.004850623382733343
label_permutation,external_lung,seed44,source_disjoint,7,13,0.005462244177840581
label_permutation,external_lung,seed44,source_disjoint,7,14,-0.011564337802869806
label_permutation,external_lung,seed44,source_disjoint,7,15,0.00810162314749463
label_permutation,external_lung,seed44,source_disjoint,7,16,0.013705010585744581
label_permutation,external_lung,seed44,source_disjoint,7,17,-0.013719124911785452
label_permutation,external_lung,seed44,source_disjoint,7,18,0.02125147024229601
label_permutation,external_lung,seed44,source_disjoint,7,19,0.011578452128910732
label_permutation,external_lung,seed44,source_disjoint,7,20,0.004751823100447028
label_permutation,external_lung,seed44,source_disjoint,7,21,-0.003970830392848901
label_permutation,external_lung,seed44,source_disjoint,7,22,0.005692778169842261
label_permutation,external_lung,seed44,source_disjoint,7,23,-0.023773229828275566
label_permutation,external_lung,seed44,source_disjoint,7,24,-0.0026440837450011356
label_permutation,external_lung,seed44,source_disjoint,7,25,-0.0031521994824745825
label_permutation,external_lung,seed44,source_disjoint,7,26,0.004135497529992871
label_permutation,external_lung,seed44,source_disjoint,7,27,-0.026520818630910437
label_permutation,external_lung,seed44,source_disjoint,7,28,-0.025339920018819018
label_permutation,external_lung,seed44,source_disjoint,7,29,0.025937426487885273
label_permutation,external_lung,seed44,source_disjoint,7,30,-0.0003904963537992856
label_permutation,external_lung,seed44,source_disjoint,7,31,0.012862855798635442
label_permutation,external_lung,seed44,source_disjoint,11,0,2.822865208185199e-05
label_permutation,external_lung,seed44,source_disjoint,11,1,-0.014330745706892578
label_permutation,external_lung,seed44,source_disjoint,11,2,-0.030736297341802055
label_permutation,external_lung,seed44,source_disjoint,11,3,0.005005880969183696
label_permutation,external_lung,seed44,source_disjoint,11,4,-0.03451893672077161
label_permutation,external_lung,seed44,source_disjoint,11,5,-0.020936250294048442
label_permutation,external_lung,seed44,source_disjoint,11,6,0.013131027993413369
label_permutation,external_lung,seed44,source_disjoint,11,7,-0.0026958362738179753
label_permutation,external_lung,seed44,source_disjoint,11,8,-0.013667372382968779
label_permutation,external_lung,seed44,source_disjoint,11,9,-0.026087979298988484
label_permutation,external_lung,seed44,source_disjoint,11,10,-0.01133850858621499
label_permutation,external_lung,seed44,source_disjoint,11,11,-0.036015055281110264
label_permutation,external_lung,seed44,source_disjoint,11,12,0.008369795342272501
label_permutation,external_lung,seed44,source_disjoint,11,13,-0.019454246059750713
label_permutation,external_lung,seed44,source_disjoint,11,14,-0.025212891084450684
label_permutation,external_lung,seed44,source_disjoint,11,15,-0.032331216184427136
label_permutation,external_lung,seed44,source_disjoint,11,16,0.021863091037403026
label_permutation,external_lung,seed44,source_disjoint,11,17,0.01787344154316639
label_permutation,external_lung,seed44,source_disjoint,11,18,-0.018583862620559888
label_permutation,external_lung,seed44,source_disjoint,11,19,0.011837214772994598
label_permutation,external_lung,seed44,source_disjoint,11,20,0.008167490002352285
label_permutation,external_lung,seed44,source_disjoint,11,21,0.009931780757468811
label_permutation,external_lung,seed44,source_disjoint,11,22,-0.007668783815572844
label_permutation,external_lung,seed44,source_disjoint,11,23,-0.02772053634438959
label_permutation,external_lung,seed44,source_disjoint,11,24,-0.014471888967301783
label_permutation,external_lung,seed44,source_disjoint,11,25,0.007367678193366367
label_permutation,external_lung,seed44,source_disjoint,11,26,-0.012138320395201185
label_permutation,external_lung,seed44,source_disjoint,11,27,0.020851564337802775
label_permutation,external_lung,seed44,source_disjoint,11,28,0.005424605975064778
label_permutation,external_lung,seed44,source_disjoint,11,29,-0.00849682427664089
label_permutation,external_lung,seed44,source_disjoint,11,30,-4.704775346986434e-05
label_permutation,external_lung,seed44,source_disjoint,11,31,0.005335215243472136
label_permutation,external_lung,seed44,target_disjoint,7,0,0.01920984395980907
label_permutation,external_lung,seed44,target_disjoint,7,1,0.0032903875538268235
label_permutation,external_lung,seed44,target_disjoint,7,2,0.0019968051118209873
label_permutation,external_lung,seed44,target_disjoint,7,3,-0.007095892948094762
label_permutation,external_lung,seed44,target_disjoint,7,4,0.019131708107607726
label_permutation,external_lung,seed44,target_disjoint,7,5,-0.00039067926100844197
label_permutation,external_lung,seed44,target_disjoint,7,6,0.005434782608695621
label_permutation,external_lung,seed44,target_disjoint,7,7,-0.004207760337083866
label_permutation,external_lung,seed44,target_disjoint,7,8,0.011633560216696703
label_permutation,external_lung,seed44,target_disjoint,7,9,0.015213339815715043
label_permutation,external_lung,seed44,target_disjoint,7,10,-0.002103880168541905
label_permutation,external_lung,seed44,target_disjoint,7,11,-0.002456938463675562
label_permutation,external_lung,seed44,target_disjoint,7,12,-0.005055679029494942
label_permutation,external_lung,seed44,target_disjoint,7,13,-0.00222542482752236
label_permutation,external_lung,seed44,target_disjoint,7,14,0.009066652775848505
label_permutation,external_lung,seed44,target_disjoint,7,15,0.010687248228920643
label_permutation,external_lung,seed44,target_disjoint,7,16,0.014822660554706546
label_permutation,external_lung,seed44,target_disjoint,7,17,0.003313538917442238
label_permutation,external_lung,seed44,target_disjoint,7,18,0.004569500393573178
label_permutation,external_lung,seed44,target_disjoint,7,19,-0.007799115617909913
label_permutation,external_lung,seed44,target_disjoint,7,20,0.007281103857017079
label_permutation,external_lung,seed44,target_disjoint,7,21,0.003848914201046494
label_permutation,external_lung,seed44,target_disjoint,7,22,0.012536463397694098
label_permutation,external_lung,seed44,target_disjoint,7,23,-0.004060170394036222
label_permutation,external_lung,seed44,target_disjoint,7,24,-0.026739824975690996
label_permutation,external_lung,seed44,target_disjoint,7,25,0.012788234477010552
label_permutation,external_lung,seed44,target_disjoint,7,26,-0.018981224244107864
label_permutation,external_lung,seed44,target_disjoint,7,27,-0.017962564245034007
label_permutation,external_lung,seed44,target_disjoint,7,28,0.0018723665323888694
label_permutation,external_lung,seed44,target_disjoint,7,29,-0.010276311524748838
label_permutation,external_lung,seed44,target_disjoint,7,30,0.015224915497522584
label_permutation,external_lung,seed44,target_disjoint,7,31,-0.00047749687456594136
label_permutation,external_lung,seed44,target_disjoint,11,0,0.010429689308700363
label_permutation,external_lung,seed44,target_disjoint,11,1,-0.01578922998564619
label_permutation,external_lung,seed44,target_disjoint,11,2,0.011529379080427893
label_permutation,external_lung,seed44,target_disjoint,11,3,0.013815576237440397
label_permutation,external_lung,seed44,target_disjoint,11,4,-0.005281404824744151
label_permutation,external_lung,seed44,target_disjoint,11,5,0.02206614344584895
label_permutation,external_lung,seed44,target_disjoint,11,6,0.024456521739130377
label_permutation,external_lung,seed44,target_disjoint,11,7,0.0063087465851737745
label_permutation,external_lung,seed44,target_disjoint,11,8,0.014672176691207073
label_permutation,external_lung,seed44,target_disjoint,11,9,-0.022673866740750892
label_permutation,external_lung,seed44,target_disjoint,11,10,0.0005585266472195594
label_permutation,external_lung,seed44,target_disjoint,11,11,-0.004346668518775798
label_permutation,external_lung,seed44,target_disjoint,11,12,-0.0012530675556789994
label_permutation,external_lung,seed44,target_disjoint,11,13,-0.02093172662869841
label_permutation,external_lung,seed44,target_disjoint,11,14,0.005883340278742377
label_permutation,external_lung,seed44,target_disjoint,11,15,-0.011095291012640618
label_permutation,external_lung,seed44,target_disjoint,11,16,-0.015482474417743142
label_permutation,external_lung,seed44,target_disjoint,11,17,0.006450548687317703
label_permutation,external_lung,seed44,target_disjoint,11,18,0.030944691392323143
label_permutation,external_lung,seed44,target_disjoint,11,19,-0.004540561189054104
label_permutation,external_lung,seed44,target_disjoint,11,20,0.0019591841459461468
label_permutation,external_lung,seed44,target_disjoint,11,21,-0.008311339537898754
label_permutation,external_lung,seed44,target_disjoint,11,22,0.007382391072834227
label_permutation,external_lung,seed44,target_disjoint,11,23,-0.011057670046765666
label_permutation,external_lung,seed44,target_disjoint,11,24,0.011474394591841519
label_permutation,external_lung,seed44,target_disjoint,11,25,-0.009544149650414446
label_permutation,external_lung,seed44,target_disjoint,11,26,0.025269713386118386
label_permutation,external_lung,seed44,target_disjoint,11,27,-0.002870769088299363
label_permutation,external_lung,seed44,target_disjoint,11,28,0.010201069592998935
label_permutation,external_lung,seed44,target_disjoint,11,29,0.013630365328517802
label_permutation,external_lung,seed44,target_disjoint,11,30,0.012215238227531566
label_permutation,external_lung,seed44,target_disjoint,11,31,-0.0006742834652961327
label_permutation,immune,seed42_main,source_disjoint,7,0,-0.02349071095267069
label_permutation,immune,seed42_main,source_disjoint,7,1,-0.008499260933831743
label_permutation,immune,seed42_main,source_disjoint,7,2,-0.0019454830014781765
label_permutation,immune,seed42_main,source_disjoint,7,3,0.0016194243978784328
label_permutation,immune,seed42_main,source_disjoint,7,4,-0.007434136162072835
label_permutation,immune,seed42_main,source_disjoint,7,5,-0.0033982552241833552
label_permutation,immune,seed42_main,source_disjoint,7,6,0.003941686230182928
label_permutation,immune,seed42_main,source_disjoint,7,7,0.010922963220589443
label_permutation,immune,seed42_main,source_disjoint,7,8,-0.00012317769469311068
label_permutation,immune,seed42_main,source_disjoint,7,9,-0.00906805205344452
label_permutation,immune,seed42_main,source_disjoint,7,10,0.01078529403240297
label_permutation,immune,seed42_main,source_disjoint,7,11,0.010009999130510427
label_permutation,immune,seed42_main,source_disjoint,7,12,0.01390096513346667
label_permutation,immune,seed42_main,source_disjoint,7,13,-0.0042967278207691195
label_permutation,immune,seed42_main,source_disjoint,7,14,9.05718343333084e-05
label_permutation,immune,seed42_main,source_disjoint,7,15,-0.0022244442512244222
label_permutation,immune,seed42_main,source_disjoint,7,16,-0.016444222241544182
label_permutation,immune,seed42_main,source_disjoint,7,17,-0.025635451989682145
label_permutation,immune,seed42_main,source_disjoint,7,18,0.00846665507347183
label_permutation,immune,seed42_main,source_disjoint,7,19,-0.004822044459902086
label_permutation,immune,seed42_main,source_disjoint,7,20,-0.008803582297191692
label_permutation,immune,seed42_main,source_disjoint,7,21,-0.009249195722111136
label_permutation,immune,seed42_main,source_disjoint,7,22,0.0006484943338260774
label_permutation,immune,seed42_main,source_disjoint,7,23,0.005506767527461265
label_permutation,immune,seed42_main,source_disjoint,7,24,0.0019744659884648463
label_permutation,immune,seed42_main,source_disjoint,7,25,0.008734747703098233
label_permutation,immune,seed42_main,source_disjoint,7,26,0.004271367707155749
label_permutation,immune,seed42_main,source_disjoint,7,27,0.013002492536880905
label_permutation,immune,seed42_main,source_disjoint,7,28,0.0061480161145408
label_permutation,immune,seed42_main,source_disjoint,7,29,0.001025273164652396
label_permutation,immune,seed42_main,source_disjoint,7,30,-0.015984117323131097
label_permutation,immune,seed42_main,source_disjoint,7,31,-0.02229516273947202
label_permutation,immune,seed42_main,source_disjoint,11,0,0.015139987827145485
label_permutation,immune,seed42_main,source_disjoint,11,1,0.01596600295626477
label_permutation,immune,seed42_main,source_disjoint,11,2,0.009140509520911166
label_permutation,immune,seed42_main,source_disjoint,11,3,0.012343129582934764
label_permutation,immune,seed42_main,source_disjoint,11,4,-0.014466133379706037
label_permutation,immune,seed42_main,source_disjoint,11,5,-0.013451728835173649
label_permutation,immune,seed42_main,source_disjoint,11,6,0.0015034924499319202
label_permutation,immune,seed42_main,source_disjoint,11,7,-0.011357708025389046
label_permutation,immune,seed42_main,source_disjoint,11,8,0.035083905747326394
label_permutation,immune,seed42_main,source_disjoint,11,9,-0.03525055792249954
label_permutation,immune,seed42_main,source_disjoint,11,10,0.014042257195026608
label_permutation,immune,seed42_main,source_disjoint,11,11,-0.01239747268353475
label_permutation,immune,seed42_main,source_disjoint,11,12,0.02117207199373966
label_permutation,immune,seed42_main,source_disjoint,11,13,-0.011111352636002492
label_permutation,immune,seed42_main,source_disjoint,11,14,0.01462916268150588
label_permutation,immune,seed42_main,source_disjoint,11,15,0.016103672144451298
label_permutation,immune,seed42_main,source_disjoint,11,16,-3.622873373321234e-05
label_permutation,immune,seed42_main,source_disjoint,11,17,0.040213894443961395
label_permutation,immune,seed42_main,source_disjoint,11,18,-0.005032171115555206
label_permutation,immune,seed42_main,source_disjoint,11,19,0.009075297800191229
label_permutation,immune,seed42_main,source_disjoint,11,20,-0.022617598469698297
label_permutation,immune,seed42_main,source_disjoint,11,21,0.00142378923571862
label_permutation,immune,seed42_main,source_disjoint,11,22,-0.02256687824247161
label_permutation,immune,seed42_main,source_disjoint,11,23,-0.015513143784598338
label_permutation,immune,seed42_main,source_disjoint,11,24,-0.012752514274121163
label_permutation,immune,seed42_main,source_disjoint,11,25,0.017813668376662872
label_permutation,immune,seed42_main,source_disjoint,11,26,0.0008513752427324883
label_permutation,immune,seed42_main,source_disjoint,11,27,-0.011524360200562245
label_permutation,immune,seed42_main,source_disjoint,11,28,0.002981624786250414
label_permutation,immune,seed42_main,source_disjoint,11,29,-0.0021918383908645644
label_permutation,immune,seed42_main,source_disjoint,11,30,0.001025273164652396
label_permutation,immune,seed42_main,source_disjoint,11,31,0.016654348897197357
label_permutation,immune,seed42_main,target_disjoint,7,0,-0.01674338114607865
label_permutation,immune,seed42_main,target_disjoint,7,1,0.001073408025880851
label_permutation,immune,seed42_main,target_disjoint,7,2,-0.009651751944622922
label_permutation,immune,seed42_main,target_disjoint,7,3,0.009574442779323955
label_permutation,immune,seed42_main,target_disjoint,7,4,0.01115630723851646
label_permutation,immune,seed42_main,target_disjoint,7,5,-0.0014718475701134826
label_permutation,immune,seed42_main,target_disjoint,7,6,0.006309617260163214
label_permutation,immune,seed42_main,target_disjoint,7,7,-0.006767525393087337
label_permutation,immune,seed42_main,target_disjoint,7,8,-0.00826018696924291
label_permutation,immune,seed42_main,target_disjoint,7,9,-0.011221722686077185
label_permutation,immune,seed42_main,target_disjoint,7,10,0.022803230333737712
label_permutation,immune,seed42_main,target_disjoint,7,11,-0.0078052522657531265
label_permutation,immune,seed42_main,target_disjoint,7,12,-0.00838804443492952
label_permutation,immune,seed42_main,target_disjoint,7,13,0.004721805942101365
label_permutation,immune,seed42_main,target_disjoint,7,14,-0.005581127048692847
label_permutation,immune,seed42_main,target_disjoint,7,15,0.0006273936106948597
label_permutation,immune,seed42_main,target_disjoint,7,16,-0.00988665286995416
label_permutation,immune,seed42_main,target_disjoint,7,17,-0.007044054330502703
label_permutation,immune,seed42_main,target_disjoint,7,18,0.001076381455315245
label_permutation,immune,seed42_main,target_disjoint,7,19,-0.004971574014605462
label_permutation,immune,seed42_main,target_disjoint,7,20,0.008628892219129825
label_permutation,immune,seed42_main,target_disjoint,7,21,0.0008979756892407709
label_permutation,immune,seed42_main,target_disjoint,7,22,-0.005361093270534523
label_permutation,immune,seed42_main,target_disjoint,7,23,0.009015438045624546
label_permutation,immune,seed42_main,target_disjoint,7,24,0.005468136730179263
label_permutation,immune,seed42_main,target_disjoint,7,25,0.0015759176003234954
label_permutation,immune,seed42_main,target_disjoint,7,26,-0.010160208377934687
label_permutation,immune,seed42_main,target_disjoint,7,27,0.0027325816503722677
label_permutation,immune,seed42_main,target_disjoint,7,28,0.00398142201289281
label_permutation,immune,seed42_main,target_disjoint,7,29,-0.0019178619852995293
label_permutation,immune,seed42_main,target_disjoint,7,30,0.008379124146625727
label_permutation,immune,seed42_main,target_disjoint,7,31,0.02071290944123305
label_permutation,immune,seed42_main,target_disjoint,11,0,0.006832940840647894
label_permutation,immune,seed42_main,target_disjoint,11,1,-0.003267798948595302
label_permutation,immune,seed42_main,target_disjoint,11,2,-0.01011560693641611
label_permutation,immune,seed42_main,target_disjoint,11,3,0.022803230333737712
label_permutation,immune,seed42_main,target_disjoint,11,4,-0.007466281310211931
label_permutation,immune,seed42_main,target_disjoint,11,5,0.019618687409310498
label_permutation,immune,seed42_main,target_disjoint,11,6,0.007079735483717542
label_permutation,immune,seed42_main,target_disjoint,11,7,0.019104284117129333
label_permutation,immune,seed42_main,target_disjoint,11,8,-0.011052237208306448
label_permutation,immune,seed42_main,target_disjoint,11,9,0.011022502913961008
label_permutation,immune,seed42_main,target_disjoint,11,10,-0.0012756012274316442
label_permutation,immune,seed42_main,target_disjoint,11,11,0.015235852422750384
label_permutation,immune,seed42_main,target_disjoint,11,12,0.029790789504983428
label_permutation,immune,seed42_main,target_disjoint,11,13,0.006601013344751383
label_permutation,immune,seed42_main,target_disjoint,11,14,0.01981196032255761
label_permutation,immune,seed42_main,target_disjoint,11,15,0.009250338970955507
label_permutation,immune,seed42_main,target_disjoint,11,16,0.01623195128333227
label_permutation,immune,seed42_main,target_disjoint,11,17,0.008420752158709854
label_permutation,immune,seed42_main,target_disjoint,11,18,0.026784652346630633
label_permutation,immune,seed42_main,target_disjoint,11,19,-0.0009931254311474902
label_permutation,immune,seed42_main,target_disjoint,11,20,0.013766978282071407
label_permutation,immune,seed42_main,target_disjoint,11,21,-0.014715502271700043
label_permutation,immune,seed42_main,target_disjoint,11,22,0.02172387544898785
label_permutation,immune,seed42_main,target_disjoint,11,23,0.0138918623183234
label_permutation,immune,seed42_main,target_disjoint,11,24,-0.003791122529080093
label_permutation,immune,seed42_main,target_disjoint,11,25,-0.012738171697709244
label_permutation,immune,seed42_main,target_disjoint,11,26,0.017659197411927063
label_permutation,immune,seed42_main,target_disjoint,11,27,7.433573586435038e-05
label_permutation,immune,seed42_main,target_disjoint,11,28,-0.010103713218677812
label_permutation,immune,seed42_main,target_disjoint,11,29,0.003035871452698624
label_permutation,immune,seed42_main,target_disjoint,11,30,0.00926520611812831
label_permutation,immune,seed42_main,target_disjoint,11,31,0.015396417612217106
label_permutation,immune,seed43,source_disjoint,7,0,0.01008190825347477
label_permutation,immune,seed43,source_disjoint,7,1,-0.007529526417152099
label_permutation,immune,seed43,source_disjoint,7,2,-0.0017209241169145462
label_permutation,immune,seed43,source_disjoint,7,3,-0.0011098993742797436
label_permutation,immune,seed43,source_disjoint,7,4,-0.019537322783488242
label_permutation,immune,seed43,source_disjoint,7,5,0.012672962541862953
label_permutation,immune,seed43,source_disjoint,7,6,0.030145176385053873
label_permutation,immune,seed43,source_disjoint,7,7,0.029886070956214983
label_permutation,immune,seed43,source_disjoint,7,8,-0.0024750369321917542
label_permutation,immune,seed43,source_disjoint,7,9,0.016381650694943906
label_permutation,immune,seed43,source_disjoint,7,10,0.0014811549141084401
label_permutation,immune,seed43,source_disjoint,7,11,-0.008600753339366163
label_permutation,immune,seed43,source_disjoint,7,12,-0.009923351200005981
label_permutation,immune,seed43,source_disjoint,7,13,0.008612355074985922
label_permutation,immune,seed43,source_disjoint,7,14,0.013933684479198072
label_permutation,immune,seed43,source_disjoint,7,15,-1.933622603289553e-05
label_permutation,immune,seed43,source_disjoint,7,16,-0.02227919963493208
label_permutation,immune,seed43,source_disjoint,7,17,0.015666210331732267
label_permutation,immune,seed43,source_disjoint,7,18,-0.007216279555421479
label_permutation,immune,seed43,source_disjoint,7,19,0.004354518102574811
label_permutation,immune,seed43,source_disjoint,7,20,-0.005332931139831798
label_permutation,immune,seed43,source_disjoint,7,21,-0.002212064258146351
label_permutation,immune,seed43,source_disjoint,7,22,0.00029004339049121253
label_permutation,immune,seed43,source_disjoint,7,23,0.020948867283878958
label_permutation,immune,seed43,source_disjoint,7,24,-0.0022623384458314577
label_permutation,immune,seed43,source_disjoint,7,25,-0.016049067607180778
label_permutation,immune,seed43,source_disjoint,7,26,0.00018949501512099953
label_permutation,immune,seed43,source_disjoint,7,27,-0.010677464015283467
label_permutation,immune,seed43,source_disjoint,7,28,-0.007935587163839686
label_permutation,immune,seed43,source_disjoint,7,29,-0.014827018121911062
label_permutation,immune,seed43,source_disjoint,7,30,0.027093919917086318
label_permutation,immune,seed43,source_disjoint,7,31,0.0011756425427911221
label_permutation,immune,seed43,source_disjoint,11,0,-0.0051124981630584765
label_permutation,immune,seed43,source_disjoint,11,1,0.020187019978188836
label_permutation,immune,seed43,source_disjoint,11,2,0.006183725085272707
label_permutation,immune,seed43,source_disjoint,11,3,-0.0033799723105243373
label_permutation,immune,seed43,source_disjoint,11,4,0.015264016830251081
label_permutation,immune,seed43,source_disjoint,11,5,-0.021579228252546545
label_permutation,immune,seed43,source_disjoint,11,6,-0.005731257396106415
label_permutation,immune,seed43,source_disjoint,11,7,0.0026413284760734013
label_permutation,immune,seed43,source_disjoint,11,8,0.0021501883348417072
label_permutation,immune,seed43,source_disjoint,11,9,0.02893859588061054
label_permutation,immune,seed43,source_disjoint,11,10,-0.006833422279973134
label_permutation,immune,seed43,source_disjoint,11,11,0.02806459846393028
label_permutation,immune,seed43,source_disjoint,11,12,0.03983649287266716
label_permutation,immune,seed43,source_disjoint,11,13,0.011814434106008964
label_permutation,immune,seed43,source_disjoint,11,14,-0.0024943731582245388
label_permutation,immune,seed43,source_disjoint,11,15,-0.0047025701711642665
label_permutation,immune,seed43,source_disjoint,11,16,0.0017595965689800597
label_permutation,immune,seed43,source_disjoint,11,17,0.009567564641003612
label_permutation,immune,seed43,source_disjoint,11,18,-0.05105537121686732
label_permutation,immune,seed43,source_disjoint,11,19,-0.0013651375579121217
label_permutation,immune,seed43,source_disjoint,11,20,0.0050428877493405855
label_permutation,immune,seed43,source_disjoint,11,21,-0.0005143436124709355
label_permutation,immune,seed43,source_disjoint,11,22,-0.012100610251293442
label_permutation,immune,seed43,source_disjoint,11,23,0.021513485084035278
label_permutation,immune,seed43,source_disjoint,11,24,-0.00863942579143162
label_permutation,immune,seed43,source_disjoint,11,25,-0.013133164721442325
label_permutation,immune,seed43,source_disjoint,11,26,0.009822802824636045
label_permutation,immune,seed43,source_disjoint,11,27,-0.011679080523779806
label_permutation,immune,seed43,source_disjoint,11,28,-0.012131548212946042
label_permutation,immune,seed43,source_disjoint,11,29,0.018083238585825723
label_permutation,immune,seed43,source_disjoint,11,30,-0.012761909181613573
label_permutation,immune,seed43,source_disjoint,11,31,-0.02350898361061493
label_permutation,immune,seed43,target_disjoint,7,0,0.02149745101652223
label_permutation,immune,seed43,target_disjoint,7,1,0.00981205085682707
label_permutation,immune,seed43,target_disjoint,7,2,-0.004041520791106257
label_permutation,immune,seed43,target_disjoint,7,3,0.0035747189976044758
label_permutation,immune,seed43,target_disjoint,7,4,-0.010865425956636476
label_permutation,immune,seed43,target_disjoint,7,5,-0.003712916896996543
label_permutation,immune,seed43,target_disjoint,7,6,0.010248142006019312
label_permutation,immune,seed43,target_disjoint,7,7,0.015002149745101612
label_permutation,immune,seed43,target_disjoint,7,8,0.00015048215711560564
label_permutation,immune,seed43,target_disjoint,7,9,0.0037129168969962656
label_permutation,immune,seed43,target_disjoint,7,10,0.016660524537804755
label_permutation,immune,seed43,target_disjoint,7,11,-0.0049352005405073895
label_permutation,immune,seed43,target_disjoint,7,12,-0.013954916774153947
label_permutation,immune,seed43,target_disjoint,7,13,-0.005896443707388954
label_permutation,immune,seed43,target_disjoint,7,14,0.003528653031140583
label_permutation,immune,seed43,target_disjoint,7,15,0.012339536883483992
label_permutation,immune,seed43,target_disjoint,7,16,-0.021432958663472723
label_permutation,immune,seed43,target_disjoint,7,17,0.00046373072907063273
label_permutation,immune,seed43,target_disjoint,7,18,-0.002361648547386408
label_permutation,immune,seed43,target_disjoint,7,19,-0.010487685031632
label_permutation,immune,seed43,target_disjoint,7,20,0.00727842270130824
label_permutation,immune,seed43,target_disjoint,7,21,-0.0030434248510534667
label_permutation,immune,seed43,target_disjoint,7,22,-0.0063386769854432146
label_permutation,immune,seed43,target_disjoint,7,23,-0.004806215834408101
label_permutation,immune,seed43,target_disjoint,7,24,0.011151034948713279
label_permutation,immune,seed43,target_disjoint,7,25,-0.0047478656102206696
label_permutation,immune,seed43,target_disjoint,7,26,0.014430931760948229
label_permutation,immune,seed43,target_disjoint,7,27,0.007963270069406114
label_permutation,immune,seed43,target_disjoint,7,28,-0.007993980713715432
label_permutation,immune,seed43,target_disjoint,7,29,-0.012419384558688074
label_permutation,immune,seed43,target_disjoint,7,30,-0.009289969903568562
label_permutation,immune,seed43,target_disjoint,7,31,0.007115656286469041
label_permutation,immune,seed43,target_disjoint,11,0,3.6852773171280884e-05
label_permutation,immune,seed43,target_disjoint,11,1,-0.0012591364166819052
label_permutation,immune,seed43,target_disjoint,11,2,-0.0062987531478410075
label_permutation,immune,seed43,target_disjoint,11,3,-0.006633499170812518
label_permutation,immune,seed43,target_disjoint,11,4,0.005110251213070627
label_permutation,immune,seed43,target_disjoint,11,5,0.0020361157177077316
label_permutation,immune,seed43,target_disjoint,11,6,0.02132854247282112
label_permutation,immune,seed43,target_disjoint,11,7,0.006314108469995694
label_permutation,immune,seed43,target_disjoint,11,8,-0.006955960936060546
label_permutation,immune,seed43,target_disjoint,11,9,0.012505374362754118
label_permutation,immune,seed43,target_disjoint,11,10,8.906086849691519e-05
label_permutation,immune,seed43,target_disjoint,11,11,0.007349057183219654
label_permutation,immune,seed43,target_disjoint,11,12,0.008638904244210877
label_permutation,immune,seed43,target_disjoint,11,13,0.008503777409250013
label_permutation,immune,seed43,target_disjoint,11,14,0.015840550334746073
label_permutation,immune,seed43,target_disjoint,11,15,-0.00958172102450705
label_permutation,immune,seed43,target_disjoint,11,16,0.011961795958479182
label_permutation,immune,seed43,target_disjoint,11,17,0.020057121798415456
label_permutation,immune,seed43,target_disjoint,11,18,-0.016728087955285187
label_permutation,immune,seed43,target_disjoint,11,19,0.010555248449112542
label_permutation,immune,seed43,target_disjoint,11,20,0.0015416743443277259
label_permutation,immune,seed43,target_disjoint,11,21,0.01792580308334868
label_permutation,immune,seed43,target_disjoint,11,22,0.009078066457834377
label_permutation,immune,seed43,target_disjoint,11,23,0.0021190344573429054
label_permutation,immune,seed43,target_disjoint,11,24,-0.003866470118542964
label_permutation,immune,seed43,target_disjoint,11,25,0.021113567962656066
label_permutation,immune,seed43,target_disjoint,11,26,-0.003491800257969413
label_permutation,immune,seed43,target_disjoint,11,27,0.004812357963270064
label_permutation,immune,seed43,target_disjoint,11,28,0.007517965726920872
label_permutation,immune,seed43,target_disjoint,11,29,0.012833978256863887
label_permutation,immune,seed43,target_disjoint,11,30,0.017695473251028937
label_permutation,immune,seed43,target_disjoint,11,31,0.00032553282967873187
label_permutation,immune,seed44,source_disjoint,7,0,0.0027776176614693338
label_permutation,immune,seed44,source_disjoint,7,1,-0.009064184223419758
label_permutation,immune,seed44,source_disjoint,7,2,0.006048793843848266
label_permutation,immune,seed44,source_disjoint,7,3,0.016712539989048092
label_permutation,immune,seed44,source_disjoint,7,4,0.009961235841715432
label_permutation,immune,seed44,source_disjoint,7,5,0.0021111335273942267
label_permutation,immune,seed44,source_disjoint,7,6,0.00317750814191442
label_permutation,immune,seed44,source_disjoint,7,7,-0.01225610283309797
label_permutation,immune,seed44,source_disjoint,7,8,-0.012738853503184766
label_permutation,immune,seed44,source_disjoint,7,9,0.010843876992247203
label_permutation,immune,seed44,source_disjoint,7,10,-0.002856875234170053
label_permutation,immune,seed44,source_disjoint,7,11,-0.025106637461451864
label_permutation,immune,seed44,source_disjoint,7,12,-0.010440383894861183
label_permutation,immune,seed44,source_disjoint,7,13,0.014442891316252204
label_permutation,immune,seed44,source_disjoint,7,14,0.012616364527192503
label_permutation,immune,seed44,source_disjoint,7,15,-0.029498227512465003
label_permutation,immune,seed44,source_disjoint,7,16,0.01398175634781107
label_permutation,immune,seed44,source_disjoint,7,17,0.03849756463094789
label_permutation,immune,seed44,source_disjoint,7,18,0.0002629910366889199
label_permutation,immune,seed44,source_disjoint,7,19,0.011978701328645203
label_permutation,immune,seed44,source_disjoint,7,20,-0.0318939677781942
label_permutation,immune,seed44,source_disjoint,7,21,0.006794535550623926
label_permutation,immune,seed44,source_disjoint,7,22,0.01058809118943993
label_permutation,immune,seed44,source_disjoint,7,23,0.006203706372308826
label_permutation,immune,seed44,source_disjoint,7,24,0.025301178776263034
label_permutation,immune,seed44,source_disjoint,7,25,0.006621609937458528
label_permutation,immune,seed44,source_disjoint,7,26,0.0023813297979654036
label_permutation,immune,seed44,source_disjoint,7,27,0.00045392973455926633
label_permutation,immune,seed44,source_disjoint,7,28,0.00041430094820887886
label_permutation,immune,seed44,source_disjoint,7,29,0.02467792604547936
label_permutation,immune,seed44,source_disjoint,7,30,0.009633397700089419
label_permutation,immune,seed44,source_disjoint,7,31,0.006953050696025642
label_permutation,immune,seed44,source_disjoint,11,0,-0.0070142951840215795
label_permutation,immune,seed44,source_disjoint,11,1,0.015916361645099075
label_permutation,immune,seed44,source_disjoint,11,2,-0.02145718650027373
label_permutation,immune,seed44,source_disjoint,11,3,0.010083724817707473
label_permutation,immune,seed44,source_disjoint,11,4,-0.03776983600887679
label_permutation,immune,seed44,source_disjoint,11,5,0.023741245640833464
label_permutation,immune,seed44,source_disjoint,11,6,0.017213303743839448
label_permutation,immune,seed44,source_disjoint,11,7,0.00580741850880484
label_permutation,immune,seed44,source_disjoint,11,8,-0.03299636856212346
label_permutation,immune,seed44,source_disjoint,11,9,-0.005245410266017214
label_permutation,immune,seed44,source_disjoint,11,10,-0.007518661555754147
label_permutation,immune,seed44,source_disjoint,11,11,0.002651526068536192
label_permutation,immune,seed44,source_disjoint,11,12,0.0011348243363980548
label_permutation,immune,seed44,source_disjoint,11,13,-0.008613857105801648
label_permutation,immune,seed44,source_disjoint,11,14,0.0009042568521773209
label_permutation,immune,seed44,source_disjoint,11,15,0.00018373346398825596
label_permutation,immune,seed44,source_disjoint,11,16,-0.0014698677119059367
label_permutation,immune,seed44,source_disjoint,11,17,-0.02585598178516879
label_permutation,immune,seed44,source_disjoint,11,18,-0.01287935556388159
label_permutation,immune,seed44,source_disjoint,11,19,0.026562094705594064
label_permutation,immune,seed44,source_disjoint,11,20,0.011546387295731764
label_permutation,immune,seed44,source_disjoint,11,21,0.019900855981785315
label_permutation,immune,seed44,source_disjoint,11,22,-0.007324120240943033
label_permutation,immune,seed44,source_disjoint,11,23,-0.008721935614029952
label_permutation,immune,seed44,source_disjoint,11,24,0.011045623540940186
label_permutation,immune,seed44,source_disjoint,11,25,-0.01316396230221617
label_permutation,immune,seed44,source_disjoint,11,26,0.0015599331354296253
label_permutation,immune,seed44,source_disjoint,11,27,-0.0022588408219731404
label_permutation,immune,seed44,source_disjoint,11,28,0.0038908262962215057
label_permutation,immune,seed44,source_disjoint,11,29,0.022404674755742704
label_permutation,immune,seed44,source_disjoint,11,30,0.035172349194454944
label_permutation,immune,seed44,source_disjoint,11,31,0.0012609159293310856
label_permutation,immune,seed44,target_disjoint,7,0,0.01498035649751106
label_permutation,immune,seed44,target_disjoint,7,1,-0.006988890054675345
label_permutation,immune,seed44,target_disjoint,7,2,-0.013228762284475226
label_permutation,immune,seed44,target_disjoint,7,3,-0.009501159957565342
label_permutation,immune,seed44,target_disjoint,7,4,-0.0009355436645332449
label_permutation,immune,seed44,target_disjoint,7,5,0.006545891185488262
label_permutation,immune,seed44,target_disjoint,7,6,0.0018973175252684493
label_permutation,immune,seed44,target_disjoint,7,7,-0.010981708809848612
label_permutation,immune,seed44,target_disjoint,7,8,-0.010209375255015862
label_permutation,immune,seed44,target_disjoint,7,9,0.010072395341517049
label_permutation,immune,seed44,target_disjoint,7,10,0.004179344594830714
label_permutation,immune,seed44,target_disjoint,7,11,-0.020156448548012906
label_permutation,immune,seed44,target_disjoint,7,12,-0.013697991349864158
label_permutation,immune,seed44,target_disjoint,7,13,0.009192226535632286
label_permutation,immune,seed44,target_disjoint,7,14,-0.018002657993215043
label_permutation,immune,seed44,target_disjoint,7,15,0.019427831986849997
label_permutation,immune,seed44,target_disjoint,7,16,-0.024099721377026873
label_permutation,immune,seed44,target_disjoint,7,17,-0.002966926637055667
label_permutation,immune,seed44,target_disjoint,7,18,-0.02070728266825228
label_permutation,immune,seed44,target_disjoint,7,19,-0.00046048566665507495
label_permutation,immune,seed44,target_disjoint,7,20,0.03503479872696108
label_permutation,immune,seed44,target_disjoint,7,21,-0.005187749915480433
label_permutation,immune,seed44,target_disjoint,7,22,-0.004121055269938001
label_permutation,immune,seed44,target_disjoint,7,23,0.02423961575677025
label_permutation,immune,seed44,target_disjoint,7,24,-0.015263059723242212
label_permutation,immune,seed44,target_disjoint,7,25,-0.00940498257149186
label_permutation,immune,seed44,target_disjoint,7,26,0.006222385432331945
label_permutation,immune,seed44,target_disjoint,7,27,-0.013141328297135657
label_permutation,immune,seed44,target_disjoint,7,28,-0.010556196738129409
label_permutation,immune,seed44,target_disjoint,7,29,0.007379428531458787
label_permutation,immune,seed44,target_disjoint,7,30,-0.0078020261369333155
label_permutation,immune,seed44,target_disjoint,7,31,0.0017545086792805087
label_permutation,immune,seed44,target_disjoint,11,0,0.01946863451427494
label_permutation,immune,seed44,target_disjoint,11,1,0.00441250189440312
label_permutation,immune,seed44,target_disjoint,11,2,-0.0019060609240023063
label_permutation,immune,seed44,target_disjoint,11,3,-0.0006907284999825847
label_permutation,immune,seed44,target_disjoint,11,4,0.015927558027023003
label_permutation,immune,seed44,target_disjoint,11,5,0.0020517842362349215
label_permutation,immune,seed44,target_disjoint,11,6,0.0012124179577752692
label_permutation,immune,seed44,target_disjoint,11,7,-0.000533347322771327
label_permutation,immune,seed44,target_disjoint,11,8,0.016930134415183207
label_permutation,immune,seed44,target_disjoint,11,9,-0.0012415626202217367
label_permutation,immune,seed44,target_disjoint,11,10,0.041120204245794434
label_permutation,immune,seed44,target_disjoint,11,11,0.021191084064864363
label_permutation,immune,seed44,target_disjoint,11,12,0.008702596206530744
label_permutation,immune,seed44,target_disjoint,11,13,0.02581051306263793
label_permutation,immune,seed44,target_disjoint,11,14,0.006542976719243698
label_permutation,immune,seed44,target_disjoint,11,15,0.006102892316301345
label_permutation,immune,seed44,target_disjoint,11,16,0.005654064514624801
label_permutation,immune,seed44,target_disjoint,11,17,-0.005388848086361531
label_permutation,immune,seed44,target_disjoint,11,18,0.015330092446869226
label_permutation,immune,seed44,target_disjoint,11,19,0.011515056132619883
label_permutation,immune,seed44,target_disjoint,11,20,-0.0010754380442765665
label_permutation,immune,seed44,target_disjoint,11,21,0.02718905559635809
label_permutation,immune,seed44,target_disjoint,11,22,-0.003179682672915296
label_permutation,immune,seed44,target_disjoint,11,23,0.00015155224472196416
label_permutation,immune,seed44,target_disjoint,11,24,0.009262173725503864
label_permutation,immune,seed44,target_disjoint,11,25,-0.02120565639608757
label_permutation,immune,seed44,target_disjoint,11,26,0.025865887921286024
label_permutation,immune,seed44,target_disjoint,11,27,-0.009384581307779305
label_permutation,immune,seed44,target_disjoint,11,28,0.014656850744354744
label_permutation,immune,seed44,target_disjoint,11,29,0.010250177782440972
label_permutation,immune,seed44,target_disjoint,11,30,-0.002657993215122667
label_permutation,immune,seed44,target_disjoint,11,31,0.0007402744261415517
label_permutation,lung,seed42_main,source_disjoint,7,0,0.02003305596717203
label_permutation,lung,seed42_main,source_disjoint,7,1,0.0155648010942665
label_permutation,lung,seed42_main,source_disjoint,7,2,-0.02390858315285549
label_permutation,lung,seed42_main,source_disjoint,7,3,-0.0004559443747863545
label_permutation,lung,seed42_main,source_disjoint,7,4,-0.009637524222045057
label_permutation,lung,seed42_main,source_disjoint,7,5,-0.009933888065655871
label_permutation,lung,seed42_main,source_disjoint,7,6,0.0036247577795509023
label_permutation,lung,seed42_main,source_disjoint,7,7,-0.021304000911888832
label_permutation,lung,seed42_main,source_disjoint,7,8,-0.010936965690185929
label_permutation,lung,seed42_main,source_disjoint,7,9,0.006468710817280288
label_permutation,lung,seed42_main,source_disjoint,7,10,0.006115353926820943
label_permutation,lung,seed42_main,source_disjoint,7,11,-0.011609483642995522
label_permutation,lung,seed42_main,source_disjoint,7,12,-0.021201413427561933
label_permutation,lung,seed42_main,source_disjoint,7,13,-0.024176450473042288
label_permutation,lung,seed42_main,source_disjoint,7,14,0.009569132565826866
label_permutation,lung,seed42_main,source_disjoint,7,15,0.0005186367263193548
label_permutation,lung,seed42_main,source_disjoint,7,16,0.02031232189672849
label_permutation,lung,seed42_main,source_disjoint,7,17,-0.007961928644705407
label_permutation,lung,seed42_main,source_disjoint,7,18,0.020870853755841856
label_permutation,lung,seed42_main,source_disjoint,7,19,0.01958281089707059
label_permutation,lung,seed42_main,source_disjoint,7,20,0.02789809643223523
label_permutation,lung,seed42_main,source_disjoint,7,21,-0.0007694061324516888
label_permutation,lung,seed42_main,source_disjoint,7,22,-0.004377065997948348
label_permutation,lung,seed42_main,source_disjoint,7,23,-0.0037615410919866754
label_permutation,lung,seed42_main,source_disjoint,7,24,-0.0016072039211215694
label_permutation,lung,seed42_main,source_disjoint,7,25,-0.00452524791975395
label_permutation,lung,seed42_main,source_disjoint,7,26,-0.001025874843269159
label_permutation,lung,seed42_main,source_disjoint,7,27,0.008320984839849666
label_permutation,lung,seed42_main,source_disjoint,7,28,-0.007027242676393319
label_permutation,lung,seed42_main,source_disjoint,7,29,-0.014846688703978261
label_permutation,lung,seed42_main,source_disjoint,7,30,0.008680041034993813
label_permutation,lung,seed42_main,source_disjoint,7,31,-0.004701926364983455
label_permutation,lung,seed42_main,source_disjoint,11,0,-0.022956799270489048
label_permutation,lung,seed42_main,source_disjoint,11,1,-0.015080360196055964
label_permutation,lung,seed42_main,source_disjoint,11,2,-0.02169155363045705
label_permutation,lung,seed42_main,source_disjoint,11,3,0.026433375128234404
label_permutation,lung,seed42_main,source_disjoint,11,4,0.01333067365781393
label_permutation,lung,seed42_main,source_disjoint,11,5,-0.03317565257038635
label_permutation,lung,seed42_main,source_disjoint,11,6,0.041764504730422924
label_permutation,lung,seed42_main,source_disjoint,11,7,-0.00030206314829595016
label_permutation,lung,seed42_main,source_disjoint,11,8,0.0005186367263193548
label_permutation,lung,seed42_main,source_disjoint,11,9,0.017029522398267438
label_permutation,lung,seed42_main,source_disjoint,11,10,0.017770432007295056
label_permutation,lung,seed42_main,source_disjoint,11,11,-0.027208480565371118
label_permutation,lung,seed42_main,source_disjoint,11,12,0.005801892169155276
label_permutation,lung,seed42_main,source_disjoint,11,13,-0.0006896158668642793
label_permutation,lung,seed42_main,source_disjoint,11,14,0.01087997264333751
label_permutation,lung,seed42_main,source_disjoint,11,15,-0.016442494015730058
label_permutation,lung,seed42_main,source_disjoint,11,16,0.0229681978798586
label_permutation,lung,seed42_main,source_disjoint,11,17,0.0172460959762909
label_permutation,lung,seed42_main,source_disjoint,11,18,-0.012430183517610827
label_permutation,lung,seed42_main,source_disjoint,11,19,-0.010674797674683767
label_permutation,lung,seed42_main,source_disjoint,11,20,-0.033261142140658895
label_permutation,lung,seed42_main,source_disjoint,11,21,0.018243474296135875
label_permutation,lung,seed42_main,source_disjoint,11,22,0.0034366807249515685
label_permutation,lung,seed42_main,source_disjoint,11,23,-0.008936509745811116
label_permutation,lung,seed42_main,source_disjoint,11,24,0.003391086287472922
label_permutation,lung,seed42_main,source_disjoint,11,25,0.018385956913256674
label_permutation,lung,seed42_main,source_disjoint,11,26,-0.01950302063148296
label_permutation,lung,seed42_main,source_disjoint,11,27,0.008759831300581222
label_permutation,lung,seed42_main,source_disjoint,11,28,-0.02612561267525365
label_permutation,lung,seed42_main,source_disjoint,11,29,0.03039439188419013
label_permutation,lung,seed42_main,source_disjoint,11,30,-0.00989399293286225
label_permutation,lung,seed42_main,source_disjoint,11,31,0.02605722101903568
label_permutation,lung,seed42_main,target_disjoint,7,0,0.03271658826001911
label_permutation,lung,seed42_main,target_disjoint,7,1,0.0006021953861324869
label_permutation,lung,seed42_main,target_disjoint,7,2,-0.00502368365746797
label_permutation,lung,seed42_main,target_disjoint,7,3,0.0029099374363450448
label_permutation,lung,seed42_main,target_disjoint,7,4,0.012864348416509075
label_permutation,lung,seed42_main,target_disjoint,7,5,0.0069798082674554784
label_permutation,lung,seed42_main,target_disjoint,7,6,-0.009388589811985648
label_permutation,lung,seed42_main,target_disjoint,7,7,-0.018999466511469998
label_permutation,lung,seed42_main,target_disjoint,7,8,0.00480543834974223
label_permutation,lung,seed42_main,target_disjoint,7,9,-0.008155907981311716
label_permutation,lung,seed42_main,target_disjoint,7,10,0.016958468726255838
label_permutation,lung,seed42_main,target_disjoint,7,11,-0.009202677142441384
label_permutation,lung,seed42_main,target_disjoint,7,12,0.02756357404982468
label_permutation,lung,seed42_main,target_disjoint,7,13,0.02788690043164077
label_permutation,lung,seed42_main,target_disjoint,7,14,0.004393197212926692
label_permutation,lung,seed42_main,target_disjoint,7,15,-0.018680181709426535
label_permutation,lung,seed42_main,target_disjoint,7,16,0.010378776856297622
label_permutation,lung,seed42_main,target_disjoint,7,17,-0.027749486719368777
label_permutation,lung,seed42_main,target_disjoint,7,18,0.04662770583765774
label_permutation,lung,seed42_main,target_disjoint,7,19,0.001341804484536968
label_permutation,lung,seed42_main,target_disjoint,7,20,-0.02595906688006211
label_permutation,lung,seed42_main,target_disjoint,7,21,-0.007084889341545775
label_permutation,lung,seed42_main,target_disjoint,7,22,-0.02127487592350097
label_permutation,lung,seed42_main,target_disjoint,7,23,0.014646685096270318
label_permutation,lung,seed42_main,target_disjoint,7,24,0.01620673488853308
label_permutation,lung,seed42_main,target_disjoint,7,25,0.02205894239940509
label_permutation,lung,seed42_main,target_disjoint,7,26,0.012124739318104538
label_permutation,lung,seed42_main,target_disjoint,7,27,-0.0056097127245098855
label_permutation,lung,seed42_main,target_disjoint,7,28,0.010673812179704756
label_permutation,lung,seed42_main,target_disjoint,7,29,0.007327384127907899
label_permutation,lung,seed42_main,target_disjoint,7,30,-0.011627625006062403
label_permutation,lung,seed42_main,target_disjoint,7,31,-0.012128780897877445
label_permutation,lung,seed42_main,target_disjoint,11,0,-0.008830851803352968
label_permutation,lung,seed42_main,target_disjoint,11,1,0.025983316358698327
label_permutation,lung,seed42_main,target_disjoint,11,2,-0.01835685532761061
label_permutation,lung,seed42_main,target_disjoint,11,3,-0.0026270268522561313
label_permutation,lung,seed42_main,target_disjoint,11,4,0.010455566871979016
label_permutation,lung,seed42_main,target_disjoint,11,5,0.009732124092665217
label_permutation,lung,seed42_main,target_disjoint,11,6,0.01576216111353601
label_permutation,lung,seed42_main,target_disjoint,11,7,-0.00046074009408797467
label_permutation,lung,seed42_main,target_disjoint,11,8,0.0017580872011251358
label_permutation,lung,seed42_main,target_disjoint,11,9,0.011680165543107579
label_permutation,lung,seed42_main,target_disjoint,11,10,0.013523125919459367
label_permutation,lung,seed42_main,target_disjoint,11,11,1.6166319090737957e-05
label_permutation,lung,seed42_main,target_disjoint,11,12,0.017196921932845166
label_permutation,lung,seed42_main,target_disjoint,11,13,-0.003370677530433186
label_permutation,lung,seed42_main,target_disjoint,11,14,0.0052944695022391075
label_permutation,lung,seed42_main,target_disjoint,11,15,-0.002784648463391437
label_permutation,lung,seed42_main,target_disjoint,11,16,0.024556638698934652
label_permutation,lung,seed42_main,target_disjoint,11,17,0.003156473802479909
label_permutation,lung,seed42_main,target_disjoint,11,18,0.002146078859304512
label_permutation,lung,seed42_main,target_disjoint,11,19,-0.013203841117416015
label_permutation,lung,seed42_main,target_disjoint,11,20,0.004077953990655803
label_permutation,lung,seed42_main,target_disjoint,11,21,0.026185395347333384
label_permutation,lung,seed42_main,target_disjoint,11,22,0.004433613010653592
label_permutation,lung,seed42_main,target_disjoint,11,23,0.0053146774011024744
label_permutation,lung,seed42_main,target_disjoint,11,24,0.02339670530416943
label_permutation,lung,seed42_main,target_disjoint,11,25,-0.012678435746964867
label_permutation,lung,seed42_main,target_disjoint,11,26,0.0036293386358858815
label_permutation,lung,seed42_main,target_disjoint,11,27,0.024936547197568715
label_permutation,lung,seed42_main,target_disjoint,11,28,-0.008551982799036517
label_permutation,lung,seed42_main,target_disjoint,11,29,-0.00924309294016834
label_permutation,lung,seed42_main,target_disjoint,11,30,-2.0207898863477958e-05
label_permutation,lung,seed42_main,target_disjoint,11,31,0.0044336130106535365
label_permutation,lung,seed43,source_disjoint,7,0,0.02888238557028372
label_permutation,lung,seed43,source_disjoint,7,1,-0.022689887339569004
label_permutation,lung,seed43,source_disjoint,7,2,0.017214666896195663
label_permutation,lung,seed43,source_disjoint,7,3,-0.005025726363305949
label_permutation,lung,seed43,source_disjoint,7,4,0.004002410053365546
label_permutation,lung,seed43,source_disjoint,7,5,0.002630018553585467
label_permutation,lung,seed43,source_disjoint,7,6,-0.012595397945716458
label_permutation,lung,seed43,source_disjoint,7,7,0.025563780340850384
label_permutation,lung,seed43,source_disjoint,7,8,0.016129186511352145
label_permutation,lung,seed43,source_disjoint,7,9,0.004117174499340126
label_permutation,lung,seed43,source_disjoint,7,10,-0.03211013561332032
label_permutation,lung,seed43,source_disjoint,7,11,0.010955222738662118
label_permutation,lung,seed43,source_disjoint,7,12,-0.006948030833381025
label_permutation,lung,seed43,source_disjoint,7,13,-0.004499722652588911
label_permutation,lung,seed43,source_disjoint,7,14,-0.04901876398691685
label_permutation,lung,seed43,source_disjoint,7,15,-0.0017931944683536871
label_permutation,lung,seed43,source_disjoint,7,16,-0.01269581683594423
label_permutation,lung,seed43,source_disjoint,7,17,-0.0007890055660755291
label_permutation,lung,seed43,source_disjoint,7,18,-0.004298884872133257
label_permutation,lung,seed43,source_disjoint,7,19,0.03211013561332032
label_permutation,lung,seed43,source_disjoint,7,20,0.012251104607792662
label_permutation,lung,seed43,source_disjoint,7,21,0.019868594709358978
label_permutation,lung,seed43,source_disjoint,7,22,-0.027466957403263048
label_permutation,lung,seed43,source_disjoint,7,23,-0.01158164533960715
label_permutation,lung,seed43,source_disjoint,7,24,-0.01657868059141948
label_permutation,lung,seed43,source_disjoint,7,25,0.010314454581970556
label_permutation,lung,seed43,source_disjoint,7,26,0.012341959794189061
label_permutation,lung,seed43,source_disjoint,7,27,-0.027132227769170403
label_permutation,lung,seed43,source_disjoint,7,28,-0.0007842237141600372
label_permutation,lung,seed43,source_disjoint,7,29,0.004944434880740589
label_permutation,lung,seed43,source_disjoint,7,30,0.009252883456705052
label_permutation,lung,seed43,source_disjoint,7,31,-0.009410684569920225
label_permutation,lung,seed43,source_disjoint,11,0,0.010008416059371472
label_permutation,lung,seed43,source_disjoint,11,1,-0.021934354736902528
label_permutation,lung,seed43,source_disjoint,11,2,0.03672462271188387
label_permutation,lung,seed43,source_disjoint,11,3,-0.02074845546183124
label_permutation,lung,seed43,source_disjoint,11,4,-0.004552323023660709
label_permutation,lung,seed43,source_disjoint,11,5,-0.01037183680495779
label_permutation,lung,seed43,source_disjoint,11,6,-0.013174002027505294
label_permutation,lung,seed43,source_disjoint,11,7,-0.00832042233316127
label_permutation,lung,seed43,source_disjoint,11,8,0.02868632964174378
label_permutation,lung,seed43,source_disjoint,11,9,-0.022493831411028842
label_permutation,lung,seed43,source_disjoint,11,10,-0.0020801055832901927
label_permutation,lung,seed43,source_disjoint,11,11,-0.025276869225913934
label_permutation,lung,seed43,source_disjoint,11,12,0.006187716378799113
label_permutation,lung,seed43,source_disjoint,11,13,0.003098640041315215
label_permutation,lung,seed43,source_disjoint,11,14,-0.006254662305617775
label_permutation,lung,seed43,source_disjoint,11,15,0.0062403167498708
label_permutation,lung,seed43,source_disjoint,11,16,-0.009807578278915874
label_permutation,lung,seed43,source_disjoint,11,17,-0.004093265239762167
label_permutation,lung,seed43,source_disjoint,11,18,-0.010218817543658276
label_permutation,lung,seed43,source_disjoint,11,19,0.008301294925498637
label_permutation,lung,seed43,source_disjoint,11,20,0.016884719114018565
label_permutation,lung,seed43,source_disjoint,11,21,0.0022426885484210235
label_permutation,lung,seed43,source_disjoint,11,22,-0.0048344522866815565
label_permutation,lung,seed43,source_disjoint,11,23,0.007201468984908532
label_permutation,lung,seed43,source_disjoint,11,24,0.024315716990876313
label_permutation,lung,seed43,source_disjoint,11,25,-0.02222126585183909
label_permutation,lung,seed43,source_disjoint,11,26,-0.001879267802834761
label_permutation,lung,seed43,source_disjoint,11,27,-0.025912855530689893
label_permutation,lung,seed43,source_disjoint,11,28,0.01447944760046671
label_permutation,lung,seed43,source_disjoint,11,29,-0.007588798990072809
label_permutation,lung,seed43,source_disjoint,11,30,0.0042319389453146505
label_permutation,lung,seed43,source_disjoint,11,31,-0.0011093896444215323
label_permutation,lung,seed43,target_disjoint,7,0,0.02865518962075847
label_permutation,lung,seed43,target_disjoint,7,1,-0.020683632734530832
label_permutation,lung,seed43,target_disjoint,7,2,-0.011614271457085767
label_permutation,lung,seed43,target_disjoint,7,3,-0.0016009647371921787
label_permutation,lung,seed43,target_disjoint,7,4,-0.00382152361942778
label_permutation,lung,seed43,target_disjoint,7,5,0.000948103792415278
label_permutation,lung,seed43,target_disjoint,7,6,-0.0029066866267464797
label_permutation,lung,seed43,target_disjoint,7,7,0.005326846307385225
label_permutation,lung,seed43,target_disjoint,7,8,0.00050731869594145
label_permutation,lung,seed43,target_disjoint,7,9,0.00331836327345314
label_permutation,lung,seed43,target_disjoint,7,10,-0.003992015968063922
label_permutation,lung,seed43,target_disjoint,7,11,-0.009140053226879552
label_permutation,lung,seed43,target_disjoint,7,12,-0.0035179640718562277
label_permutation,lung,seed43,target_disjoint,7,13,0.006719893546240807
label_permutation,lung,seed43,target_disjoint,7,14,-0.018450598802395135
label_permutation,lung,seed43,target_disjoint,7,15,-0.01990186294078511
label_permutation,lung,seed43,target_disjoint,7,16,0.01435462408516297
label_permutation,lung,seed43,target_disjoint,7,17,-0.0023868928809048784
label_permutation,lung,seed43,target_disjoint,7,18,0.003663506320691956
label_permutation,lung,seed43,target_disjoint,7,19,0.006104457751164527
label_permutation,lung,seed43,target_disjoint,7,20,0.008661842980705214
label_permutation,lung,seed43,target_disjoint,7,21,-0.0019918496340651792
label_permutation,lung,seed43,target_disjoint,7,22,0.00842481703260134
label_permutation,lung,seed43,target_disjoint,7,23,0.004935961410512446
label_permutation,lung,seed43,target_disjoint,7,24,-0.004199933466400463
label_permutation,lung,seed43,target_disjoint,7,25,0.0013888888888888284
label_permutation,lung,seed43,target_disjoint,7,26,0.009788755821690143
label_permutation,lung,seed43,target_disjoint,7,27,0.02557385229540937
label_permutation,lung,seed43,target_disjoint,7,28,-0.018546240851630147
label_permutation,lung,seed43,target_disjoint,7,29,0.02354041916167654
label_permutation,lung,seed43,target_disjoint,7,30,-0.015007485029940093
label_permutation,lung,seed43,target_disjoint,7,31,-0.015019960079840411
label_permutation,lung,seed43,target_disjoint,11,0,-0.005651197604790381
label_permutation,lung,seed43,target_disjoint,11,1,0.012213073852295364
label_permutation,lung,seed43,target_disjoint,11,2,0.006740685296074633
label_permutation,lung,seed43,target_disjoint,11,3,-0.005821689953426246
label_permutation,lung,seed43,target_disjoint,11,4,-0.0028567864271456522
label_permutation,lung,seed43,target_disjoint,11,5,-0.004769627411843003
label_permutation,lung,seed43,target_disjoint,11,6,0.009002827677977332
label_permutation,lung,seed43,target_disjoint,11,7,0.016358948769128467
label_permutation,lung,seed43,target_disjoint,11,8,0.01115685296074509
label_permutation,lung,seed43,target_disjoint,11,9,-0.004100133067198974
label_permutation,lung,seed43,target_disjoint,11,10,0.005202095808383267
label_permutation,lung,seed43,target_disjoint,11,11,-0.013315036593479768
label_permutation,lung,seed43,target_disjoint,11,12,0.010412508316699876
label_permutation,lung,seed43,target_disjoint,11,13,0.0023661011310712743
label_permutation,lung,seed43,target_disjoint,11,14,0.01732368596141043
label_permutation,lung,seed43,target_disjoint,11,15,0.012466733200266145
label_permutation,lung,seed43,target_disjoint,11,16,-0.00377994011976035
label_permutation,lung,seed43,target_disjoint,11,17,0.008757485029940115
label_permutation,lung,seed43,target_disjoint,11,18,-0.010229540918163693
label_permutation,lung,seed43,target_disjoint,11,19,-0.003538755821689943
label_permutation,lung,seed43,target_disjoint,11,20,-0.02589404524284772
label_permutation,lung,seed43,target_disjoint,11,21,-0.007713739188290103
label_permutation,lung,seed43,target_disjoint,11,22,0.00437458416500347
label_permutation,lung,seed43,target_disjoint,11,23,-0.012716234198270115
label_permutation,lung,seed43,target_disjoint,11,24,-0.000253659347970725
label_permutation,lung,seed43,target_disjoint,11,25,-0.0049692282102462015
label_permutation,lung,seed43,target_disjoint,11,26,0.010395874916833026
label_permutation,lung,seed43,target_disjoint,11,27,0.0011601796407185172
label_permutation,lung,seed43,target_disjoint,11,28,-0.01094061876247504
label_permutation,lung,seed43,target_disjoint,11,29,-0.006229208250166263
label_permutation,lung,seed43,target_disjoint,11,30,-0.02445525615435795
label_permutation,lung,seed43,target_disjoint,11,31,-0.0015261144377910485
label_permutation,lung,seed44,source_disjoint,7,0,0.007520928976505525
label_permutation,lung,seed44,source_disjoint,7,1,-0.019290665226392945
label_permutation,lung,seed44,source_disjoint,7,2,0.016783688900890992
label_permutation,lung,seed44,source_disjoint,7,3,0.011153119092627617
label_permutation,lung,seed44,source_disjoint,7,4,-0.015379422090197159
label_permutation,lung,seed44,source_disjoint,7,5,-0.018561526690070995
label_permutation,lung,seed44,source_disjoint,7,6,0.021896660365469334
label_permutation,lung,seed44,source_disjoint,7,7,0.004028265370420336
label_permutation,lung,seed44,source_disjoint,7,8,-0.021208029525609795
label_permutation,lung,seed44,source_disjoint,7,9,-0.009312269331172907
label_permutation,lung,seed44,source_disjoint,7,10,-0.006539742551084637
label_permutation,lung,seed44,source_disjoint,7,11,-0.00010802052389957684
label_permutation,lung,seed44,source_disjoint,7,12,0.0356782788729858
label_permutation,lung,seed44,source_disjoint,7,13,0.006499234854622393
label_permutation,lung,seed44,source_disjoint,7,14,0.008799171842650111
label_permutation,lung,seed44,source_disjoint,7,15,-0.0071068503015573325
label_permutation,lung,seed44,source_disjoint,7,16,0.014051669817265133
label_permutation,lung,seed44,source_disjoint,7,17,0.0028040327662256503
label_permutation,lung,seed44,source_disjoint,7,18,6.30119722747624e-05
label_permutation,lung,seed44,source_disjoint,7,19,-0.0039202448465207596
label_permutation,lung,seed44,source_disjoint,7,20,0.004523359438293184
label_permutation,lung,seed44,source_disjoint,7,21,0.014641281843550236
label_permutation,lung,seed44,source_disjoint,7,22,-0.015667476820595938
label_permutation,lung,seed44,source_disjoint,7,23,0.00039607525429813384
label_permutation,lung,seed44,source_disjoint,7,24,-0.01558196057250888
label_permutation,lung,seed44,source_disjoint,7,25,-0.0026600054010263996
label_permutation,lung,seed44,source_disjoint,7,26,0.009780358268071221
label_permutation,lung,seed44,source_disjoint,7,27,0.013408047529030576
label_permutation,lung,seed44,source_disjoint,7,28,-0.009384283013772698
label_permutation,lung,seed44,source_disjoint,7,29,-0.023048879287064616
label_permutation,lung,seed44,source_disjoint,7,30,0.000657124853722213
label_permutation,lung,seed44,source_disjoint,7,31,0.012831938068232851
label_permutation,lung,seed44,source_disjoint,11,0,-0.013403546673867894
label_permutation,lung,seed44,source_disjoint,11,1,-0.036326402016382986
label_permutation,lung,seed44,source_disjoint,11,2,0.009456296696372268
label_permutation,lung,seed44,source_disjoint,11,3,-0.02146007741470879
label_permutation,lung,seed44,source_disjoint,11,4,0.032041587901701196
label_permutation,lung,seed44,source_disjoint,11,5,-0.007187865694481932
label_permutation,lung,seed44,source_disjoint,11,6,-0.005810604014762688
label_permutation,lung,seed44,source_disjoint,11,7,-0.019587721667116698
label_permutation,lung,seed44,source_disjoint,11,8,0.014830317760374467
label_permutation,lung,seed44,source_disjoint,11,9,0.011832748222162182
label_permutation,lung,seed44,source_disjoint,11,10,-0.014159690341164877
label_permutation,lung,seed44,source_disjoint,11,11,0.010653524169592254
label_permutation,lung,seed44,source_disjoint,11,12,-0.004239805563056975
label_permutation,lung,seed44,source_disjoint,11,13,-0.0011702223422451197
label_permutation,lung,seed44,source_disjoint,11,14,0.0215275902421459
label_permutation,lung,seed44,source_disjoint,11,15,0.004991448375191276
label_permutation,lung,seed44,source_disjoint,11,16,-0.008173552975065335
label_permutation,lung,seed44,source_disjoint,11,17,-0.008196057250877686
label_permutation,lung,seed44,source_disjoint,11,18,-0.03396795391124313
label_permutation,lung,seed44,source_disjoint,11,19,0.010671527590242036
label_permutation,lung,seed44,source_disjoint,11,20,-0.007268881087406531
label_permutation,lung,seed44,source_disjoint,11,21,-0.024619677738770496
label_permutation,lung,seed44,source_disjoint,11,22,-0.021910162930956933
label_permutation,lung,seed44,source_disjoint,11,23,0.018052930056710825
label_permutation,lung,seed44,source_disjoint,11,24,-0.016311099108830718
label_permutation,lung,seed44,source_disjoint,11,25,-0.00328112341344855
label_permutation,lung,seed44,source_disjoint,11,26,-0.008974705193986687
label_permutation,lung,seed44,source_disjoint,11,27,0.017103249617427485
label_permutation,lung,seed44,source_disjoint,11,28,-0.011337654154289334
label_permutation,lung,seed44,source_disjoint,11,29,-0.005851111711225154
label_permutation,lung,seed44,source_disjoint,11,30,0.030155729588621782
label_permutation,lung,seed44,source_disjoint,11,31,0.010324961742731176
label_permutation,lung,seed44,target_disjoint,7,0,0.0075730860863357785
label_permutation,lung,seed44,target_disjoint,7,1,-0.004227338797767266
label_permutation,lung,seed44,target_disjoint,7,2,0.011529496761763791
label_permutation,lung,seed44,target_disjoint,7,3,0.009370672675823755
label_permutation,lung,seed44,target_disjoint,7,4,0.01421297530683685
label_permutation,lung,seed44,target_disjoint,7,5,0.011378981138242095
label_permutation,lung,seed44,target_disjoint,7,6,-0.0060937325294365685
label_permutation,lung,seed44,target_disjoint,7,7,0.024744768506970938
label_permutation,lung,seed44,target_disjoint,7,8,-0.008282659740080967
label_permutation,lung,seed44,target_disjoint,7,9,-0.0006579682971092349
label_permutation,lung,seed44,target_disjoint,7,10,0.015670826631804358
label_permutation,lung,seed44,target_disjoint,7,11,-0.0035392673759536697
label_permutation,lung,seed44,target_disjoint,7,12,-0.022659052009598557
label_permutation,lung,seed44,target_disjoint,7,13,0.006721597701841331
label_permutation,lung,seed44,target_disjoint,7,14,0.019627237307232426
label_permutation,lung,seed44,target_disjoint,7,15,-0.021037783721950476
label_permutation,lung,seed44,target_disjoint,7,16,-0.025415638143239327
label_permutation,lung,seed44,target_disjoint,7,17,0.014187172628518818
label_permutation,lung,seed44,target_disjoint,7,18,-0.013133563263866777
label_permutation,lung,seed44,target_disjoint,7,19,-0.005444365125100048
label_permutation,lung,seed44,target_disjoint,7,20,0.0006278651724048734
label_permutation,lung,seed44,target_disjoint,7,21,-0.012157361934168942
label_permutation,lung,seed44,target_disjoint,7,22,0.00043434508501982716
label_permutation,lung,seed44,target_disjoint,7,23,0.011813326223261977
label_permutation,lung,seed44,target_disjoint,7,24,0.020250802033251025
label_permutation,lung,seed44,target_disjoint,7,25,0.008884722234167752
label_permutation,lung,seed44,target_disjoint,7,26,-0.009108345446257216
label_permutation,lung,seed44,target_disjoint,7,27,0.013602311919977295
label_permutation,lung,seed44,target_disjoint,7,28,0.022491334600531487
label_permutation,lung,seed44,target_disjoint,7,29,0.014019455219451693
label_permutation,lung,seed44,target_disjoint,7,30,-0.001999707569645792
label_permutation,lung,seed44,target_disjoint,7,31,-0.012316478450463242
label_permutation,lung,seed44,target_disjoint,11,0,0.0003139325862024367
label_permutation,lung,seed44,target_disjoint,11,1,-0.0021287209612358415
label_permutation,lung,seed44,target_disjoint,11,2,-0.0022018285498033308
label_permutation,lung,seed44,target_disjoint,11,3,-0.019438017666233764
label_permutation,lung,seed44,target_disjoint,11,4,-0.013219572191593476
label_permutation,lung,seed44,target_disjoint,11,5,-0.00487670620210362
label_permutation,lung,seed44,target_disjoint,11,6,0.0072505526073606275
label_permutation,lung,seed44,target_disjoint,11,7,-0.010953236945995037
label_permutation,lung,seed44,target_disjoint,11,8,-0.014058159236928824
label_permutation,lung,seed44,target_disjoint,11,9,0.012793827999346197
label_permutation,lung,seed44,target_disjoint,11,10,0.009873824903024964
label_permutation,lung,seed44,target_disjoint,11,11,0.020504528370044794
label_permutation,lung,seed44,target_disjoint,11,12,-0.004721890132195761
label_permutation,lung,seed44,target_disjoint,11,13,-0.028176524723266316
label_permutation,lung,seed44,target_disjoint,11,14,0.009714708386730497
label_permutation,lung,seed44,target_disjoint,11,15,0.005366957090145896
label_permutation,lung,seed44,target_disjoint,11,16,0.0034145544307500053
label_permutation,lung,seed44,target_disjoint,11,17,-0.025333929661898846
label_permutation,lung,seed44,target_disjoint,11,18,0.03237376039632894
label_permutation,lung,seed44,target_disjoint,11,19,0.025290925198035386
label_permutation,lung,seed44,target_disjoint,11,20,-0.01364101593745426
label_permutation,lung,seed44,target_disjoint,11,21,0.014604315927993272
label_permutation,lung,seed44,target_disjoint,11,22,-0.018190888214196677
label_permutation,lung,seed44,target_disjoint,11,23,-0.0052895490551917446
label_permutation,lung,seed44,target_disjoint,11,24,-0.012811029784891681
label_permutation,lung,seed44,target_disjoint,11,25,-0.021472128806970192
label_permutation,lung,seed44,target_disjoint,11,26,-0.012406787824576104
label_permutation,lung,seed44,target_disjoint,11,27,0.005465867357031584
label_permutation,lung,seed44,target_disjoint,11,28,-0.013946347630883982
label_permutation,lung,seed44,target_disjoint,11,29,-0.001986806230486693
label_permutation,lung,seed44,target_disjoint,11,30,-0.023222410486208545
label_permutation,lung,seed44,target_disjoint,11,31,-0.0024684562257563103
random_strata_weight_placebo,external_lung,seed42_main,source_disjoint,7,0,-0.013389017887856736
random_strata_weight_placebo,external_lung,seed42_main,source_disjoint,7,1,-0.013335268317853366
random_strata_weight_placebo,external_lung,seed42_main,source_disjoint,7,2,-0.010438166494668
random_strata_weight_placebo,external_lung,seed42_main,source_disjoint,7,3,-0.010282292741657928
random_strata_weight_placebo,external_lung,seed42_main,source_disjoint,7,4,-0.01034141726866189
random_strata_weight_placebo,external_lung,seed42_main,source_disjoint,7,5,-0.01056716546267622
random_strata_weight_placebo,external_lung,seed42_main,source_disjoint,7,6,-0.01041666666666663
random_strata_weight_placebo,external_lung,seed42_main,source_disjoint,7,7,-0.01061554007567933
random_strata_weight_placebo,external_lung,seed42_main,source_disjoint,7,8,-0.013313768489851996
random_strata_weight_placebo,external_lung,seed42_main,source_disjoint,7,9,-0.013555641554867437
random_strata_weight_placebo,external_lung,seed42_main,source_disjoint,7,10,-0.01044891640866874
random_strata_weight_placebo,external_lung,seed42_main,source_disjoint,7,11,-0.01052416580667348
random_strata_weight_placebo,external_lung,seed42_main,source_disjoint,7,12,-0.013367518059855477
random_strata_weight_placebo,external_lung,seed42_main,source_disjoint,7,13,-0.007594814241486003
random_strata_weight_placebo,external_lung,seed42_main,source_disjoint,7,14,-0.013571766425868548
random_strata_weight_placebo,external_lung,seed42_main,source_disjoint,7,15,-0.01052954076367385
random_strata_weight_placebo,external_lung,seed42_main,source_disjoint,7,16,-0.01038979188166489
random_strata_weight_placebo,external_lung,seed42_main,source_disjoint,7,17,-0.01044354145166837
random_strata_weight_placebo,external_lung,seed42_main,source_disjoint,7,18,-0.013206269349845146
random_strata_weight_placebo,external_lung,seed42_main,source_disjoint,7,19,-0.013480392156862697
random_strata_weight_placebo,external_lung,seed42_main,source_disjoint,7,20,-0.013426642586859217
random_strata_weight_placebo,external_lung,seed42_main,source_disjoint,7,21,-0.01056179050567585
random_strata_weight_placebo,external_lung,seed42_main,source_disjoint,7,22,-0.013249269005847886
random_strata_weight_placebo,external_lung,seed42_main,source_disjoint,7,23,-0.013292268661850626
random_strata_weight_placebo,external_lung,seed42_main,source_disjoint,7,24,-0.013432017543859587
random_strata_weight_placebo,external_lung,seed42_main,source_disjoint,7,25,-0.01058866529067759
random_strata_weight_placebo,external_lung,seed42_main,source_disjoint,7,26,-0.013270768833849256
random_strata_weight_placebo,external_lung,seed42_main,source_disjoint,7,27,-0.010438166494668
random_strata_weight_placebo,external_lung,seed42_main,source_disjoint,7,28,-0.010223168214654188
random_strata_weight_placebo,external_lung,seed42_main,source_disjoint,7,29,-0.01041129170966626
random_strata_weight_placebo,external_lung,seed42_main,source_disjoint,7,30,-0.01054566563467485
random_strata_weight_placebo,external_lung,seed42_main,source_disjoint,7,31,-0.010465041279669629
random_strata_weight_placebo,external_lung,seed42_main,source_disjoint,11,0,-0.006304824561403466
random_strata_weight_placebo,external_lung,seed42_main,source_disjoint,11,1,-0.006229575163398615
random_strata_weight_placebo,external_lung,seed42_main,source_disjoint,11,2,-0.006261824905400726
random_strata_weight_placebo,external_lung,seed42_main,source_disjoint,11,3,-0.006105951152390654
random_strata_weight_placebo,external_lung,seed42_main,source_disjoint,11,4,-0.006181200550395505
random_strata_weight_placebo,external_lung,seed42_main,source_disjoint,11,5,-0.0074604403164774125
random_strata_weight_placebo,external_lung,seed42_main,source_disjoint,11,6,-0.006132825937392394
random_strata_weight_placebo,external_lung,seed42_main,source_disjoint,11,7,-0.007422815617474932
random_strata_weight_placebo,external_lung,seed42_main,source_disjoint,11,8,-0.006073701410388654
random_strata_weight_placebo,external_lung,seed42_main,source_disjoint,11,9,-0.007557189542483633
random_strata_weight_placebo,external_lung,seed42_main,source_disjoint,11,10,-0.007487315101479153
random_strata_weight_placebo,external_lung,seed42_main,source_disjoint,11,11,-0.006208075335397245
random_strata_weight_placebo,external_lung,seed42_main,source_disjoint,11,12,-0.006331699346405206
random_strata_weight_placebo,external_lung,seed42_main,source_disjoint,11,13,-0.007632438940488373
random_strata_weight_placebo,external_lung,seed42_main,source_disjoint,11,14,-0.006320949432404577
random_strata_weight_placebo,external_lung,seed42_main,source_disjoint,11,15,-0.006218825249397875
random_strata_weight_placebo,external_lung,seed42_main,source_disjoint,11,16,-0.006267199862400985
random_strata_weight_placebo,external_lung,seed42_main,source_disjoint,11,17,-0.006019951840385174
random_strata_weight_placebo,external_lung,seed42_main,source_disjoint,11,18,-0.007584064327485374
random_strata_weight_placebo,external_lung,seed42_main,source_disjoint,11,19,-0.006251074991399985
random_strata_weight_placebo,external_lung,seed42_main,source_disjoint,11,20,-0.006084451324389284
random_strata_weight_placebo,external_lung,seed42_main,source_disjoint,11,21,-0.006208075335397245
random_strata_weight_placebo,external_lung,seed42_main,source_disjoint,11,22,-0.007648563811489373
random_strata_weight_placebo,external_lung,seed42_main,source_disjoint,11,23,-0.0062349501203989854
random_strata_weight_placebo,external_lung,seed42_main,source_disjoint,11,24,-0.006245700034399615
random_strata_weight_placebo,external_lung,seed42_main,source_disjoint,11,25,-0.006202700378396875
random_strata_weight_placebo,external_lung,seed42_main,source_disjoint,11,26,-0.0061973254213965046
random_strata_weight_placebo,external_lung,seed42_main,source_disjoint,11,27,-0.007600189198486373
random_strata_weight_placebo,external_lung,seed42_main,source_disjoint,11,28,-0.006143575851393135
random_strata_weight_placebo,external_lung,seed42_main,source_disjoint,11,29,-0.006213450292397615
random_strata_weight_placebo,external_lung,seed42_main,source_disjoint,11,30,-0.006165075679394505
random_strata_weight_placebo,external_lung,seed42_main,source_disjoint,11,31,-0.007670063639490854
random_strata_weight_placebo,external_lung,seed42_main,target_disjoint,7,0,0.007642888790429958
random_strata_weight_placebo,external_lung,seed42_main,target_disjoint,7,1,0.009136654218621532
random_strata_weight_placebo,external_lung,seed42_main,target_disjoint,7,2,0.008373947718210206
random_strata_weight_placebo,external_lung,seed42_main,target_disjoint,7,3,0.0068548642319135045
random_strata_weight_placebo,external_lung,seed42_main,target_disjoint,7,4,0.007576428887904441
random_strata_weight_placebo,external_lung,seed42_main,target_disjoint,7,5,0.007642888790429847
random_strata_weight_placebo,external_lung,seed42_main,target_disjoint,7,6,0.008408760048104424
random_strata_weight_placebo,external_lung,seed42_main,target_disjoint,7,7,0.009272738780935597
random_strata_weight_placebo,external_lung,seed42_main,target_disjoint,7,8,0.008380277232736266
random_strata_weight_placebo,external_lung,seed42_main,target_disjoint,7,9,0.00835179441736833
random_strata_weight_placebo,external_lung,seed42_main,target_disjoint,7,10,0.009101841888727313
random_strata_weight_placebo,external_lung,seed42_main,target_disjoint,7,11,0.008377112475473347
random_strata_weight_placebo,external_lung,seed42_main,target_disjoint,7,12,0.007582758402430612
random_strata_weight_placebo,external_lung,seed42_main,target_disjoint,7,13,0.00843407810620933
random_strata_weight_placebo,external_lung,seed42_main,target_disjoint,7,14,0.008481549465156113
random_strata_weight_placebo,external_lung,seed42_main,target_disjoint,7,15,0.008383441989999407
random_strata_weight_placebo,external_lung,seed42_main,target_disjoint,7,16,0.009180960820305173
random_strata_weight_placebo,external_lung,seed42_main,target_disjoint,7,17,0.008411924805367454
random_strata_weight_placebo,external_lung,seed42_main,target_disjoint,7,18,0.00843407810620933
random_strata_weight_placebo,external_lung,seed42_main,target_disjoint,7,19,0.00839293626178883
random_strata_weight_placebo,external_lung,seed42_main,target_disjoint,7,20,0.009108171403253484
random_strata_weight_placebo,external_lung,seed42_main,target_disjoint,7,21,0.0077030191784290825
random_strata_weight_placebo,external_lung,seed42_main,target_disjoint,7,22,0.008373947718210095
random_strata_weight_placebo,external_lung,seed42_main,target_disjoint,7,23,0.009044876257991108
random_strata_weight_placebo,external_lung,seed42_main,target_disjoint,7,24,0.009149313247673985
random_strata_weight_placebo,external_lung,seed42_main,target_disjoint,7,25,0.008437242863472472
random_strata_weight_placebo,external_lung,seed42_main,target_disjoint,7,26,0.008316982087474
random_strata_weight_placebo,external_lung,seed42_main,target_disjoint,7,27,0.006971960250648834
random_strata_weight_placebo,external_lung,seed42_main,target_disjoint,7,28,0.008348629660105189
random_strata_weight_placebo,external_lung,seed42_main,target_disjoint,7,29,0.008339135388315766
random_strata_weight_placebo,external_lung,seed42_main,target_disjoint,7,30,0.006899170833597035
random_strata_weight_placebo,external_lung,seed42_main,target_disjoint,7,31,0.009177796063042032
random_strata_weight_placebo,external_lung,seed42_main,target_disjoint,11,0,0.018289132223558435
random_strata_weight_placebo,external_lung,seed42_main,target_disjoint,11,1,0.01830495600987403
random_strata_weight_placebo,external_lung,seed42_main,target_disjoint,11,2,0.016956769415785833
random_strata_weight_placebo,external_lung,seed42_main,target_disjoint,11,3,0.018472688144819283
random_strata_weight_placebo,external_lung,seed42_main,target_disjoint,11,4,0.01702639407557438
random_strata_weight_placebo,external_lung,seed42_main,target_disjoint,11,5,0.019817709981644338
random_strata_weight_placebo,external_lung,seed42_main,target_disjoint,11,6,0.018292296980821576
random_strata_weight_placebo,external_lung,seed42_main,target_disjoint,11,7,0.018301791252611
random_strata_weight_placebo,external_lung,seed42_main,target_disjoint,11,8,0.018333438825242077
random_strata_weight_placebo,external_lung,seed42_main,target_disjoint,11,9,0.016890309513260426
random_strata_weight_placebo,external_lung,seed42_main,target_disjoint,11,10,0.01989999367048545
random_strata_weight_placebo,external_lung,seed42_main,target_disjoint,11,11,0.01831445028166334
random_strata_weight_placebo,external_lung,seed42_main,target_disjoint,11,12,0.018472688144819283
random_strata_weight_placebo,external_lung,seed42_main,target_disjoint,11,13,0.01845686435850369
random_strata_weight_placebo,external_lung,seed42_main,target_disjoint,11,14,0.018513829989239783
random_strata_weight_placebo,external_lung,seed42_main,target_disjoint,11,15,0.017039053104626833
random_strata_weight_placebo,external_lung,seed42_main,target_disjoint,11,16,0.01846319387302997
random_strata_weight_placebo,external_lung,seed42_main,target_disjoint,11,17,0.019700613962909008
random_strata_weight_placebo,external_lung,seed42_main,target_disjoint,11,18,0.01974175580732951
random_strata_weight_placebo,external_lung,seed42_main,target_disjoint,11,19,0.01849800620292419
random_strata_weight_placebo,external_lung,seed42_main,target_disjoint,11,20,0.01838723969871514
random_strata_weight_placebo,external_lung,seed42_main,target_disjoint,11,21,0.01835242736882081
random_strata_weight_placebo,external_lung,seed42_main,target_disjoint,11,22,0.018520159503766065
random_strata_weight_placebo,external_lung,seed42_main,target_disjoint,11,23,0.018488511931134877
random_strata_weight_placebo,external_lung,seed42_main,target_disjoint,11,24,0.018374580669662577
random_strata_weight_placebo,external_lung,seed42_main,target_disjoint,11,25,0.01986201658332798
random_strata_weight_placebo,external_lung,seed42_main,target_disjoint,11,26,0.018431546300398782
random_strata_weight_placebo,external_lung,seed42_main,target_disjoint,11,27,0.018482182416608595
random_strata_weight_placebo,external_lung,seed42_main,target_disjoint,11,28,0.018323944553452765
random_strata_weight_placebo,external_lung,seed42_main,target_disjoint,11,29,0.019767073865434526
random_strata_weight_placebo,external_lung,seed42_main,target_disjoint,11,30,0.018355592126083953
random_strata_weight_placebo,external_lung,seed42_main,target_disjoint,11,31,0.018377745426925718
random_strata_weight_placebo,external_lung,seed43,source_disjoint,7,0,0.007449747811897334
random_strata_weight_placebo,external_lung,seed43,source_disjoint,7,1,0.008808040350096413
random_strata_weight_placebo,external_lung,seed43,source_disjoint,7,2,0.00752392078326658
random_strata_weight_placebo,external_lung,seed43,source_disjoint,7,3,0.007412661326212766
random_strata_weight_placebo,external_lung,seed43,source_disjoint,7,4,0.008821947782228112
random_strata_weight_placebo,external_lung,seed43,source_disjoint,7,5,0.007556371458240618
random_strata_weight_placebo,external_lung,seed43,source_disjoint,7,6,0.00885903426791268
random_strata_weight_placebo,external_lung,seed43,source_disjoint,7,7,0.007389482272659786
random_strata_weight_placebo,external_lung,seed43,source_disjoint,7,8,0.007542464026108919
random_strata_weight_placebo,external_lung,seed43,source_disjoint,7,9,0.00887757751075502
random_strata_weight_placebo,external_lung,seed43,source_disjoint,7,10,0.007398753894080956
random_strata_weight_placebo,external_lung,seed43,source_disjoint,7,11,0.008826583592938753
random_strata_weight_placebo,external_lung,seed43,source_disjoint,7,12,0.008784861296543545
random_strata_weight_placebo,external_lung,seed43,source_disjoint,7,13,0.008826583592938642
random_strata_weight_placebo,external_lung,seed43,source_disjoint,7,14,0.008738503189437696
random_strata_weight_placebo,external_lung,seed43,source_disjoint,7,15,0.007556371458240618
random_strata_weight_placebo,external_lung,seed43,source_disjoint,7,16,0.00752855659397722
random_strata_weight_placebo,external_lung,seed43,source_disjoint,7,17,0.008752410621569506
random_strata_weight_placebo,external_lung,seed43,source_disjoint,7,18,0.007486834297581901
random_strata_weight_placebo,external_lung,seed43,source_disjoint,7,19,0.007574914701082847
random_strata_weight_placebo,external_lung,seed43,source_disjoint,7,20,0.007505377540424241
random_strata_weight_placebo,external_lung,seed43,source_disjoint,7,21,0.007440476190476164
random_strata_weight_placebo,external_lung,seed43,source_disjoint,7,22,0.007542464026108808
random_strata_weight_placebo,external_lung,seed43,source_disjoint,7,23,0.008886849132176189
random_strata_weight_placebo,external_lung,seed43,source_disjoint,7,24,0.007412661326212655
random_strata_weight_placebo,external_lung,seed43,source_disjoint,7,25,0.007477562676160843
random_strata_weight_placebo,external_lung,seed43,source_disjoint,7,26,0.00887294170004449
random_strata_weight_placebo,external_lung,seed43,source_disjoint,7,27,0.008803404539385884
random_strata_weight_placebo,external_lung,seed43,source_disjoint,7,28,0.008798768728675244
random_strata_weight_placebo,external_lung,seed43,source_disjoint,7,29,0.008808040350096413
random_strata_weight_placebo,external_lung,seed43,source_disjoint,7,30,0.007412661326212766
random_strata_weight_placebo,external_lung,seed43,source_disjoint,7,31,0.007421932947633936
random_strata_weight_placebo,external_lung,seed43,source_disjoint,11,0,-0.007815976858033036
random_strata_weight_placebo,external_lung,seed43,source_disjoint,11,1,-0.007866970775849413
random_strata_weight_placebo,external_lung,seed43,source_disjoint,11,2,-0.007885514018691642
random_strata_weight_placebo,external_lung,seed43,source_disjoint,11,3,-0.007885514018691642
random_strata_weight_placebo,external_lung,seed43,source_disjoint,11,4,-0.007987501854324397
random_strata_weight_placebo,external_lung,seed43,source_disjoint,11,5,-0.0077974336151906964
random_strata_weight_placebo,external_lung,seed43,source_disjoint,11,6,-0.007876242397270472
random_strata_weight_placebo,external_lung,seed43,source_disjoint,11,7,-0.007987501854324397
random_strata_weight_placebo,external_lung,seed43,source_disjoint,11,8,-0.007987501854324397
random_strata_weight_placebo,external_lung,seed43,source_disjoint,11,9,-0.007866970775849413
random_strata_weight_placebo,external_lung,seed43,source_disjoint,11,10,-0.007931872125797379
random_strata_weight_placebo,external_lung,seed43,source_disjoint,11,11,-0.007839155911585904
random_strata_weight_placebo,external_lung,seed43,source_disjoint,11,12,-0.007764982940216658
random_strata_weight_placebo,external_lung,seed43,source_disjoint,11,13,-0.007904057261533981
random_strata_weight_placebo,external_lung,seed43,source_disjoint,11,14,-0.007904057261534092
random_strata_weight_placebo,external_lung,seed43,source_disjoint,11,15,-0.007778890372348357
random_strata_weight_placebo,external_lung,seed43,source_disjoint,11,16,-0.007764982940216658
random_strata_weight_placebo,external_lung,seed43,source_disjoint,11,17,-0.007894785640112811
random_strata_weight_placebo,external_lung,seed43,source_disjoint,11,18,-0.007760347129506018
random_strata_weight_placebo,external_lung,seed43,source_disjoint,11,19,-0.007908693072244621
random_strata_weight_placebo,external_lung,seed43,source_disjoint,11,20,-0.007968958611482058
random_strata_weight_placebo,external_lung,seed43,source_disjoint,11,21,-0.007904057261533981
random_strata_weight_placebo,external_lung,seed43,source_disjoint,11,22,-0.00792260050437621
random_strata_weight_placebo,external_lung,seed43,source_disjoint,11,23,-0.007885514018691753
random_strata_weight_placebo,external_lung,seed43,source_disjoint,11,24,-0.0077418038866637895
random_strata_weight_placebo,external_lung,seed43,source_disjoint,11,25,-0.007866970775849413
random_strata_weight_placebo,external_lung,seed43,source_disjoint,11,26,-0.007904057261533981
random_strata_weight_placebo,external_lung,seed43,source_disjoint,11,27,-0.007959686990060888
random_strata_weight_placebo,external_lung,seed43,source_disjoint,11,28,-0.007968958611482058
random_strata_weight_placebo,external_lung,seed43,source_disjoint,11,29,-0.00791332888295515
random_strata_weight_placebo,external_lung,seed43,source_disjoint,11,30,-0.007853063343717603
random_strata_weight_placebo,external_lung,seed43,source_disjoint,11,31,-0.0052245586708205005
random_strata_weight_placebo,external_lung,seed43,target_disjoint,7,0,0.033162943329546946
random_strata_weight_placebo,external_lung,seed43,target_disjoint,7,1,0.030925498835381426
random_strata_weight_placebo,external_lung,seed43,target_disjoint,7,2,0.0296002432503758
random_strata_weight_placebo,external_lung,seed43,target_disjoint,7,3,0.03165123403669401
random_strata_weight_placebo,external_lung,seed43,target_disjoint,7,4,0.033088361846408065
random_strata_weight_placebo,external_lung,seed43,target_disjoint,7,5,0.02805698025311809
random_strata_weight_placebo,external_lung,seed43,target_disjoint,7,6,0.032506052574208466
random_strata_weight_placebo,external_lung,seed43,target_disjoint,7,7,0.02952566176723692
random_strata_weight_placebo,external_lung,seed43,target_disjoint,7,8,0.03310844147648395
random_strata_weight_placebo,external_lung,seed43,target_disjoint,7,9,0.030865259945153878
random_strata_weight_placebo,external_lung,seed43,target_disjoint,7,10,0.02674893577960591
random_strata_weight_placebo,external_lung,seed43,target_disjoint,7,11,0.02954860991589503
random_strata_weight_placebo,external_lung,seed43,target_disjoint,7,12,0.026665748740720363
random_strata_weight_placebo,external_lung,seed43,target_disjoint,7,13,0.03110334698748174
random_strata_weight_placebo,external_lung,seed43,target_disjoint,7,14,0.030403428453409598
random_strata_weight_placebo,external_lung,seed43,target_disjoint,7,15,0.02647642651429083
random_strata_weight_placebo,external_lung,seed43,target_disjoint,7,16,0.030211237708397842
random_strata_weight_placebo,external_lung,seed43,target_disjoint,7,17,0.03158812662788435
random_strata_weight_placebo,external_lung,seed43,target_disjoint,7,18,0.03013091918809463
random_strata_weight_placebo,external_lung,seed43,target_disjoint,7,19,0.03288182850848509
random_strata_weight_placebo,external_lung,seed43,target_disjoint,7,20,0.03012231363234774
random_strata_weight_placebo,external_lung,seed43,target_disjoint,7,21,0.029981756221816758
random_strata_weight_placebo,external_lung,seed43,target_disjoint,7,22,0.030475141417965923
random_strata_weight_placebo,external_lung,seed43,target_disjoint,7,23,0.027207898752767967
random_strata_weight_placebo,external_lung,seed43,target_disjoint,7,24,0.030566934012598246
random_strata_weight_placebo,external_lung,seed43,target_disjoint,7,25,0.02960884880612258
random_strata_weight_placebo,external_lung,seed43,target_disjoint,7,26,0.03044645623214337
random_strata_weight_placebo,external_lung,seed43,target_disjoint,7,27,0.030268608080043058
random_strata_weight_placebo,external_lung,seed43,target_disjoint,7,28,0.03017394696682829
random_strata_weight_placebo,external_lung,seed43,target_disjoint,7,29,0.033091230364990176
random_strata_weight_placebo,external_lung,seed43,target_disjoint,7,30,0.03015960437391718
random_strata_weight_placebo,external_lung,seed43,target_disjoint,7,31,0.028622078413823915
random_strata_weight_placebo,external_lung,seed43,target_disjoint,11,0,0.02039229860131031
random_strata_weight_placebo,external_lung,seed43,target_disjoint,11,1,0.020484091195942744
random_strata_weight_placebo,external_lung,seed43,target_disjoint,11,2,0.023450139410003068
random_strata_weight_placebo,external_lung,seed43,target_disjoint,11,3,0.02055293564191718
random_strata_weight_placebo,external_lung,seed43,target_disjoint,11,4,0.019107202276456348
random_strata_weight_placebo,external_lung,seed43,target_disjoint,11,5,0.020418115268550863
random_strata_weight_placebo,external_lung,seed43,target_disjoint,11,6,0.0203033745252601
random_strata_weight_placebo,external_lung,seed43,target_disjoint,11,7,0.020246004153614883
random_strata_weight_placebo,external_lung,seed43,target_disjoint,11,8,0.020532856011841294
random_strata_weight_placebo,external_lung,seed43,target_disjoint,11,9,0.020400904157057087
random_strata_weight_placebo,external_lung,seed43,target_disjoint,11,10,0.020458274528702303
random_strata_weight_placebo,external_lung,seed43,target_disjoint,11,11,0.019032620793317467
random_strata_weight_placebo,external_lung,seed43,target_disjoint,11,12,0.02019150230055189
random_strata_weight_placebo,external_lung,seed43,target_disjoint,11,13,0.023430059779927292
random_strata_weight_placebo,external_lung,seed43,target_disjoint,11,14,0.02016568563331156
random_strata_weight_placebo,external_lung,seed43,target_disjoint,11,15,0.020271820820855213
random_strata_weight_placebo,external_lung,seed43,target_disjoint,11,16,0.020475485640195967
random_strata_weight_placebo,external_lung,seed43,target_disjoint,11,17,0.020137000447488895
random_strata_weight_placebo,external_lung,seed43,target_disjoint,11,18,0.020535724530423516
random_strata_weight_placebo,external_lung,seed43,target_disjoint,11,19,0.022018748637453567
random_strata_weight_placebo,external_lung,seed43,target_disjoint,11,20,0.020211581930627776
random_strata_weight_placebo,external_lung,seed43,target_disjoint,11,21,0.020409509712803864
random_strata_weight_placebo,external_lung,seed43,target_disjoint,11,22,0.02044106341720875
random_strata_weight_placebo,external_lung,seed43,target_disjoint,11,23,0.02204743382327623
random_strata_weight_placebo,external_lung,seed43,target_disjoint,11,24,0.019003935607494804
random_strata_weight_placebo,external_lung,seed43,target_disjoint,11,25,0.02039229860131042
random_strata_weight_placebo,external_lung,seed43,target_disjoint,11,26,0.020498433788854187
random_strata_weight_placebo,external_lung,seed43,target_disjoint,11,27,0.02056440971624618
random_strata_weight_placebo,external_lung,seed43,target_disjoint,11,28,0.02009110415017268
random_strata_weight_placebo,external_lung,seed43,target_disjoint,11,29,0.0203033745252601
random_strata_weight_placebo,external_lung,seed43,target_disjoint,11,30,0.01898385597741903
random_strata_weight_placebo,external_lung,seed43,target_disjoint,11,31,0.018883457827039707
random_strata_weight_placebo,external_lung,seed44,source_disjoint,7,0,0.00943777934603618
random_strata_weight_placebo,external_lung,seed44,source_disjoint,7,1,0.0067936956010350436
random_strata_weight_placebo,external_lung,seed44,source_disjoint,7,2,0.0069489531874852295
random_strata_weight_placebo,external_lung,seed44,source_disjoint,7,3,0.00708068689720065
random_strata_weight_placebo,external_lung,seed44,source_disjoint,7,4,0.009569513055751488
random_strata_weight_placebo,external_lung,seed44,source_disjoint,7,5,0.0068219242531168955
random_strata_weight_placebo,external_lung,seed44,source_disjoint,7,6,0.006788990825687957
random_strata_weight_placebo,external_lung,seed44,source_disjoint,7,7,0.009630675135262279
random_strata_weight_placebo,external_lung,seed44,source_disjoint,7,8,0.00688779110797455
random_strata_weight_placebo,external_lung,seed44,source_disjoint,7,9,0.0069489531874853405
random_strata_weight_placebo,external_lung,seed44,source_disjoint,7,10,0.006897200658668501
random_strata_weight_placebo,external_lung,seed44,source_disjoint,7,11,0.009767113620324563
random_strata_weight_placebo,external_lung,seed44,source_disjoint,7,12,0.009983533286285429
random_strata_weight_placebo,external_lung,seed44,source_disjoint,7,13,0.0068501529051987475
random_strata_weight_placebo,external_lung,seed44,source_disjoint,7,14,0.006831333803810846
random_strata_weight_placebo,external_lung,seed44,source_disjoint,7,15,0.0067372382968712285
random_strata_weight_placebo,external_lung,seed44,source_disjoint,7,16,0.006911314984709427
random_strata_weight_placebo,external_lung,seed44,source_disjoint,7,17,0.006826629028463871
random_strata_weight_placebo,external_lung,seed44,source_disjoint,7,18,0.0067090096447893766
random_strata_weight_placebo,external_lung,seed44,source_disjoint,7,19,0.00701011526699602
random_strata_weight_placebo,external_lung,seed44,source_disjoint,7,20,0.009583627381792414
random_strata_weight_placebo,external_lung,seed44,source_disjoint,7,21,0.007127734650670403
random_strata_weight_placebo,external_lung,seed44,source_disjoint,7,22,0.007038343919077872
random_strata_weight_placebo,external_lung,seed44,source_disjoint,7,23,0.0068642672312396735
random_strata_weight_placebo,external_lung,seed44,source_disjoint,7,24,0.006788990825688068
random_strata_weight_placebo,external_lung,seed44,source_disjoint,7,25,0.0068783815572805995
random_strata_weight_placebo,external_lung,seed44,source_disjoint,7,26,0.009371912491178525
random_strata_weight_placebo,external_lung,seed44,source_disjoint,7,27,0.006873676781933624
random_strata_weight_placebo,external_lung,seed44,source_disjoint,7,28,0.006930134086097328
random_strata_weight_placebo,external_lung,seed44,source_disjoint,7,29,0.006887791107974439
random_strata_weight_placebo,external_lung,seed44,source_disjoint,7,30,0.006911314984709427
random_strata_weight_placebo,external_lung,seed44,source_disjoint,7,31,0.0069912961656081185
random_strata_weight_placebo,external_lung,seed44,source_disjoint,11,0,-0.013225123500352709
random_strata_weight_placebo,external_lung,seed44,source_disjoint,11,1,-0.014363679134321294
random_strata_weight_placebo,external_lung,seed44,source_disjoint,11,2,-0.01471653728534461
random_strata_weight_placebo,external_lung,seed44,source_disjoint,11,3,-0.013192190072923993
random_strata_weight_placebo,external_lung,seed44,source_disjoint,11,4,-0.013126323218066283
random_strata_weight_placebo,external_lung,seed44,source_disjoint,11,5,-0.01179957657021874
random_strata_weight_placebo,external_lung,seed44,source_disjoint,11,6,-0.014565984474241345
random_strata_weight_placebo,external_lung,seed44,source_disjoint,11,7,-0.014664784756527882
random_strata_weight_placebo,external_lung,seed44,source_disjoint,11,8,-0.013366266760762024
random_strata_weight_placebo,external_lung,seed44,source_disjoint,11,9,-0.01315925664549511
random_strata_weight_placebo,external_lung,seed44,source_disjoint,11,10,-0.01580804516584322
random_strata_weight_placebo,external_lung,seed44,source_disjoint,11,11,-0.014500117619383635
random_strata_weight_placebo,external_lung,seed44,source_disjoint,11,12,-0.01693248647377088
random_strata_weight_placebo,external_lung,seed44,source_disjoint,11,13,-0.01336156198541516
random_strata_weight_placebo,external_lung,seed44,source_disjoint,11,14,-0.013328628557986333
random_strata_weight_placebo,external_lung,seed44,source_disjoint,11,15,-0.01329569513055745
random_strata_weight_placebo,external_lung,seed44,source_disjoint,11,16,-0.013182780522229987
random_strata_weight_placebo,external_lung,seed44,source_disjoint,11,17,-0.013211009174311783
random_strata_weight_placebo,external_lung,seed44,source_disjoint,11,18,-0.015808045165843165
random_strata_weight_placebo,external_lung,seed44,source_disjoint,11,19,-0.014801223241590167
random_strata_weight_placebo,external_lung,seed44,source_disjoint,11,20,-0.013192190072923882
random_strata_weight_placebo,external_lung,seed44,source_disjoint,11,21,-0.017153610915078776
random_strata_weight_placebo,external_lung,seed44,source_disjoint,11,22,-0.014716537285344555
random_strata_weight_placebo,external_lung,seed44,source_disjoint,11,23,-0.01722418254528335
random_strata_weight_placebo,external_lung,seed44,source_disjoint,11,24,-0.013178075746883011
random_strata_weight_placebo,external_lung,seed44,source_disjoint,11,25,-0.01457539402493524
random_strata_weight_placebo,external_lung,seed44,source_disjoint,11,26,-0.014758880263467389
random_strata_weight_placebo,external_lung,seed44,source_disjoint,11,27,-0.016965419901199708
random_strata_weight_placebo,external_lung,seed44,source_disjoint,11,28,-0.015789226064455264
random_strata_weight_placebo,external_lung,seed44,source_disjoint,11,29,-0.014363679134321294
random_strata_weight_placebo,external_lung,seed44,source_disjoint,11,30,-0.01464126087979295
random_strata_weight_placebo,external_lung,seed44,source_disjoint,11,31,-0.014551870148200363
random_strata_weight_placebo,external_lung,seed44,target_disjoint,7,0,0.027312821225170147
random_strata_weight_placebo,external_lung,seed44,target_disjoint,7,1,0.02665011344168161
random_strata_weight_placebo,external_lung,seed44,target_disjoint,7,2,0.02688741491873864
random_strata_weight_placebo,external_lung,seed44,target_disjoint,7,3,0.026815066907440788
random_strata_weight_placebo,external_lung,seed44,target_disjoint,7,4,0.027353336111496984
random_strata_weight_placebo,external_lung,seed44,target_disjoint,7,5,0.026624068157614367
random_strata_weight_placebo,external_lung,seed44,target_disjoint,7,6,0.026872945316479047
random_strata_weight_placebo,external_lung,seed44,target_disjoint,7,7,0.026748506737046707
random_strata_weight_placebo,external_lung,seed44,target_disjoint,7,8,0.02601923878316431
random_strata_weight_placebo,external_lung,seed44,target_disjoint,7,9,0.02752407741815993
random_strata_weight_placebo,external_lung,seed44,target_disjoint,7,10,0.026820854748344558
random_strata_weight_placebo,external_lung,seed44,target_disjoint,7,11,0.026777445941566003
random_strata_weight_placebo,external_lung,seed44,target_disjoint,7,12,0.02618998008982726
random_strata_weight_placebo,external_lung,seed44,target_disjoint,7,13,0.025987405658193186
random_strata_weight_placebo,external_lung,seed44,target_disjoint,7,14,0.026534356623604982
random_strata_weight_placebo,external_lung,seed44,target_disjoint,7,15,0.026600916793999063
random_strata_weight_placebo,external_lung,seed44,target_disjoint,7,16,0.02744883548641025
random_strata_weight_placebo,external_lung,seed44,target_disjoint,7,17,0.027286775941103014
random_strata_weight_placebo,external_lung,seed44,target_disjoint,7,18,0.026172616567115836
random_strata_weight_placebo,external_lung,seed44,target_disjoint,7,19,0.026736931055239055
random_strata_weight_placebo,external_lung,seed44,target_disjoint,7,20,0.02676587025975824
random_strata_weight_placebo,external_lung,seed44,target_disjoint,7,21,0.02739385099782382
random_strata_weight_placebo,external_lung,seed44,target_disjoint,7,22,0.027402532759179532
random_strata_weight_placebo,external_lung,seed44,target_disjoint,7,23,0.026036602305875844
random_strata_weight_placebo,external_lung,seed44,target_disjoint,7,24,0.025990299578645126
random_strata_weight_placebo,external_lung,seed44,target_disjoint,7,25,0.02733886650923739
random_strata_weight_placebo,external_lung,seed44,target_disjoint,7,26,0.02594689077186646
random_strata_weight_placebo,external_lung,seed44,target_disjoint,7,27,0.027425684122794836
random_strata_weight_placebo,external_lung,seed44,target_disjoint,7,28,0.026621174237162537
random_strata_weight_placebo,external_lung,seed44,target_disjoint,7,29,0.02657197758947999
random_strata_weight_placebo,external_lung,seed44,target_disjoint,7,30,0.027292563782006785
random_strata_weight_placebo,external_lung,seed44,target_disjoint,7,31,0.027405426679631473
random_strata_weight_placebo,external_lung,seed44,target_disjoint,11,0,0.021316618048803027
random_strata_weight_placebo,external_lung,seed44,target_disjoint,11,1,0.02152787424179281
random_strata_weight_placebo,external_lung,seed44,target_disjoint,11,2,0.018292471176552083
random_strata_weight_placebo,external_lung,seed44,target_disjoint,11,3,0.01845453072185943
random_strata_weight_placebo,external_lung,seed44,target_disjoint,11,4,0.01846031856276331
random_strata_weight_placebo,external_lung,seed44,target_disjoint,11,5,0.0214584201509469
random_strata_weight_placebo,external_lung,seed44,target_disjoint,11,6,0.021507616798629448
random_strata_weight_placebo,external_lung,seed44,target_disjoint,11,7,0.02139185998055282
random_strata_weight_placebo,external_lung,seed44,target_disjoint,11,8,0.021247163957957005
random_strata_weight_placebo,external_lung,seed44,target_disjoint,11,9,0.021446844469139137
random_strata_weight_placebo,external_lung,seed44,target_disjoint,11,10,0.018315622540167498
random_strata_weight_placebo,external_lung,seed44,target_disjoint,11,11,0.02133398157151456
random_strata_weight_placebo,external_lung,seed44,target_disjoint,11,12,0.02140054174190853
random_strata_weight_placebo,external_lung,seed44,target_disjoint,11,13,0.021556813446311995
random_strata_weight_placebo,external_lung,seed44,target_disjoint,11,14,0.021189285548918746
random_strata_weight_placebo,external_lung,seed44,target_disjoint,11,15,0.018223017085706283
random_strata_weight_placebo,external_lung,seed44,target_disjoint,11,16,0.021412117423716293
random_strata_weight_placebo,external_lung,seed44,target_disjoint,11,17,0.021235588276149464
random_strata_weight_placebo,external_lung,seed44,target_disjoint,11,18,0.01820854748344669
random_strata_weight_placebo,external_lung,seed44,target_disjoint,11,19,0.018431379358244238
random_strata_weight_placebo,external_lung,seed44,target_disjoint,11,20,0.02145552623049496
random_strata_weight_placebo,external_lung,seed44,target_disjoint,11,21,0.021545237764504233
random_strata_weight_placebo,external_lung,seed44,target_disjoint,11,22,0.018431379358244127
random_strata_weight_placebo,external_lung,seed44,target_disjoint,11,23,0.02128767884428384
random_strata_weight_placebo,external_lung,seed44,target_disjoint,11,24,0.021507616798629337
random_strata_weight_placebo,external_lung,seed44,target_disjoint,11,25,0.021481571514562203
random_strata_weight_placebo,external_lung,seed44,target_disjoint,11,26,0.021432374866879655
random_strata_weight_placebo,external_lung,seed44,target_disjoint,11,27,0.02158575265083118
random_strata_weight_placebo,external_lung,seed44,target_disjoint,11,28,0.021435268787331596
random_strata_weight_placebo,external_lung,seed44,target_disjoint,11,29,0.01820854748344669
random_strata_weight_placebo,external_lung,seed44,target_disjoint,11,30,0.01838797055146546
random_strata_weight_placebo,external_lung,seed44,target_disjoint,11,31,0.021551025605408225
random_strata_weight_placebo,immune,seed42_main,source_disjoint,7,0,-0.00037315595745301966
random_strata_weight_placebo,immune,seed42_main,source_disjoint,7,1,-0.0003514187172128924
random_strata_weight_placebo,immune,seed42_main,source_disjoint,7,2,-0.0003659102107063106
random_strata_weight_placebo,immune,seed42_main,source_disjoint,7,3,-0.0003586644639596015
random_strata_weight_placebo,immune,seed42_main,source_disjoint,7,4,-0.0003659102107063106
random_strata_weight_placebo,immune,seed42_main,source_disjoint,7,5,-0.0003586644639596015
random_strata_weight_placebo,immune,seed42_main,source_disjoint,7,6,-0.0003804017041996177
random_strata_weight_placebo,immune,seed42_main,source_disjoint,7,7,-0.0003586644639596015
random_strata_weight_placebo,immune,seed42_main,source_disjoint,7,8,-0.0003659102107063106
random_strata_weight_placebo,immune,seed42_main,source_disjoint,7,9,-0.00036591021070619956
random_strata_weight_placebo,immune,seed42_main,source_disjoint,7,10,-0.00035141871721300344
random_strata_weight_placebo,immune,seed42_main,source_disjoint,7,11,-0.00037315595745301966
random_strata_weight_placebo,immune,seed42_main,source_disjoint,7,12,-0.00037315595745290864
random_strata_weight_placebo,immune,seed42_main,source_disjoint,7,13,-0.0003586644639596015
random_strata_weight_placebo,immune,seed42_main,source_disjoint,7,14,-0.0003586644639596015
random_strata_weight_placebo,immune,seed42_main,source_disjoint,7,15,-0.00035141871721300344
random_strata_weight_placebo,immune,seed42_main,source_disjoint,7,16,-0.0003659102107063106
random_strata_weight_placebo,immune,seed42_main,source_disjoint,7,17,-0.00037315595745290864
random_strata_weight_placebo,immune,seed42_main,source_disjoint,7,18,-0.0003876474509464378
random_strata_weight_placebo,immune,seed42_main,source_disjoint,7,19,-0.0003586644639596015
random_strata_weight_placebo,immune,seed42_main,source_disjoint,7,20,-0.0003659102107063106
random_strata_weight_placebo,immune,seed42_main,source_disjoint,7,21,-0.0003804017041996177
random_strata_weight_placebo,immune,seed42_main,source_disjoint,7,22,-0.0003586644639594905
random_strata_weight_placebo,immune,seed42_main,source_disjoint,7,23,-0.00037315595745301966
random_strata_weight_placebo,immune,seed42_main,source_disjoint,7,24,-0.0003659102107063106
random_strata_weight_placebo,immune,seed42_main,source_disjoint,7,25,-0.0003659102107063106
random_strata_weight_placebo,immune,seed42_main,source_disjoint,7,26,-0.0003369272237195853
random_strata_weight_placebo,immune,seed42_main,source_disjoint,7,27,-0.0003804017041996177
random_strata_weight_placebo,immune,seed42_main,source_disjoint,7,28,-0.0003586644639596015
random_strata_weight_placebo,immune,seed42_main,source_disjoint,7,29,-0.00037315595745290864
random_strata_weight_placebo,immune,seed42_main,source_disjoint,7,30,-0.00037315595745301966
random_strata_weight_placebo,immune,seed42_main,source_disjoint,7,31,-0.00037315595745290864
random_strata_weight_placebo,immune,seed42_main,source_disjoint,11,0,-0.00017389792191990772
random_strata_weight_placebo,immune,seed42_main,source_disjoint,11,1,-0.00018838941541321486
random_strata_weight_placebo,immune,seed42_main,source_disjoint,11,2,-0.00018838941541321486
random_strata_weight_placebo,immune,seed42_main,source_disjoint,11,3,-0.00019563516215981291
random_strata_weight_placebo,immune,seed42_main,source_disjoint,11,4,-0.00019563516215992394
random_strata_weight_placebo,immune,seed42_main,source_disjoint,11,5,-0.00018114366866650577
random_strata_weight_placebo,immune,seed42_main,source_disjoint,11,6,-0.00018114366866650577
random_strata_weight_placebo,immune,seed42_main,source_disjoint,11,7,-0.00018838941541321486
random_strata_weight_placebo,immune,seed42_main,source_disjoint,11,8,-0.0001811436686666168
random_strata_weight_placebo,immune,seed42_main,source_disjoint,11,9,-0.000202880908906522
random_strata_weight_placebo,immune,seed42_main,source_disjoint,11,10,-0.00019563516215981291
random_strata_weight_placebo,immune,seed42_main,source_disjoint,11,11,-0.00018838941541321486
random_strata_weight_placebo,immune,seed42_main,source_disjoint,11,12,-0.00021012665565323108
random_strata_weight_placebo,immune,seed42_main,source_disjoint,11,13,-0.00018838941541321486
random_strata_weight_placebo,immune,seed42_main,source_disjoint,11,14,-0.00018838941541321486
random_strata_weight_placebo,immune,seed42_main,source_disjoint,11,15,-0.000202880908906522
random_strata_weight_placebo,immune,seed42_main,source_disjoint,11,16,-0.00018114366866650577
random_strata_weight_placebo,immune,seed42_main,source_disjoint,11,17,-0.00018114366866650577
random_strata_weight_placebo,immune,seed42_main,source_disjoint,11,18,-0.00018838941541321486
random_strata_weight_placebo,immune,seed42_main,source_disjoint,11,19,-0.00017389792191990772
random_strata_weight_placebo,immune,seed42_main,source_disjoint,11,20,-0.0002536011361331525
random_strata_weight_placebo,immune,seed42_main,source_disjoint,11,21,-0.00018838941541321486
random_strata_weight_placebo,immune,seed42_main,source_disjoint,11,22,-0.0001521606816798915
random_strata_weight_placebo,immune,seed42_main,source_disjoint,11,23,-0.00018838941541321486
random_strata_weight_placebo,immune,seed42_main,source_disjoint,11,24,-0.0001521606816798915
random_strata_weight_placebo,immune,seed42_main,source_disjoint,11,25,-0.00018838941541321486
random_strata_weight_placebo,immune,seed42_main,source_disjoint,11,26,-0.00018114366866650577
random_strata_weight_placebo,immune,seed42_main,source_disjoint,11,27,-0.00017389792191990772
random_strata_weight_placebo,immune,seed42_main,source_disjoint,11,28,-0.00014491493493318242
random_strata_weight_placebo,immune,seed42_main,source_disjoint,11,29,-0.00018114366866650577
random_strata_weight_placebo,immune,seed42_main,source_disjoint,11,30,-0.00017389792191990772
random_strata_weight_placebo,immune,seed42_main,source_disjoint,11,31,-0.00018838941541321486
random_strata_weight_placebo,immune,seed42_main,target_disjoint,7,0,0.024581341135612167
random_strata_weight_placebo,immune,seed42_main,target_disjoint,7,1,0.024527819405789852
random_strata_weight_placebo,immune,seed42_main,target_disjoint,7,2,0.024614048859392446
random_strata_weight_placebo,immune,seed42_main,target_disjoint,7,3,0.024545659982397217
random_strata_weight_placebo,immune,seed42_main,target_disjoint,7,4,0.02459620828278497
random_strata_weight_placebo,immune,seed42_main,target_disjoint,7,5,0.02452187254692073
random_strata_weight_placebo,immune,seed42_main,target_disjoint,7,6,0.024655676871476406
random_strata_weight_placebo,immune,seed42_main,target_disjoint,7,7,0.024596208282785192
random_strata_weight_placebo,immune,seed42_main,target_disjoint,7,8,0.024643783153738275
random_strata_weight_placebo,immune,seed42_main,target_disjoint,7,9,0.024643783153738164
random_strata_weight_placebo,immune,seed42_main,target_disjoint,7,10,0.02462594257713069
random_strata_weight_placebo,immune,seed42_main,target_disjoint,7,11,0.024584314565046728
random_strata_weight_placebo,immune,seed42_main,target_disjoint,7,12,0.024637836294869042
random_strata_weight_placebo,immune,seed42_main,target_disjoint,7,13,0.02466162373034564
random_strata_weight_placebo,immune,seed42_main,target_disjoint,7,14,0.024608102000523324
random_strata_weight_placebo,immune,seed42_main,target_disjoint,7,15,0.024602155141654092
random_strata_weight_placebo,immune,seed42_main,target_disjoint,7,16,0.024584314565046617
random_strata_weight_placebo,immune,seed42_main,target_disjoint,7,17,0.024602155141654203
random_strata_weight_placebo,immune,seed42_main,target_disjoint,7,18,0.02459620828278497
random_strata_weight_placebo,immune,seed42_main,target_disjoint,7,19,0.02469730488356059
random_strata_weight_placebo,immune,seed42_main,target_disjoint,7,20,0.024655676871476406
random_strata_weight_placebo,immune,seed42_main,target_disjoint,7,21,0.024619995718261678
random_strata_weight_placebo,immune,seed42_main,target_disjoint,7,22,0.02458431456504684
random_strata_weight_placebo,immune,seed42_main,target_disjoint,7,23,0.0245872879944814
random_strata_weight_placebo,immune,seed42_main,target_disjoint,7,24,0.02459026142391596
random_strata_weight_placebo,immune,seed42_main,target_disjoint,7,25,0.024533766264658974
random_strata_weight_placebo,immune,seed42_main,target_disjoint,7,26,0.024614048859392446
random_strata_weight_placebo,immune,seed42_main,target_disjoint,7,27,0.024536739694093535
random_strata_weight_placebo,immune,seed42_main,target_disjoint,7,28,0.024619995718261678
random_strata_weight_placebo,immune,seed42_main,target_disjoint,7,29,0.024584314565046728
random_strata_weight_placebo,immune,seed42_main,target_disjoint,7,30,0.024572420847308485
random_strata_weight_placebo,immune,seed42_main,target_disjoint,7,31,0.024578367706177606
random_strata_weight_placebo,immune,seed42_main,target_disjoint,11,0,0.01610706724708011
random_strata_weight_placebo,immune,seed42_main,target_disjoint,11,1,0.016214110706724738
random_strata_weight_placebo,immune,seed42_main,target_disjoint,11,2,0.016124907823687584
random_strata_weight_placebo,immune,seed42_main,target_disjoint,11,3,0.01610706724708011
random_strata_weight_placebo,immune,seed42_main,target_disjoint,11,4,0.01611301410594923
random_strata_weight_placebo,immune,seed42_main,target_disjoint,11,5,0.016202216988986495
random_strata_weight_placebo,immune,seed42_main,target_disjoint,11,6,0.01610706724708011
random_strata_weight_placebo,immune,seed42_main,target_disjoint,11,7,0.016101120388210988
random_strata_weight_placebo,immune,seed42_main,target_disjoint,11,8,0.016095173529341866
random_strata_weight_placebo,immune,seed42_main,target_disjoint,11,9,0.01610706724708011
random_strata_weight_placebo,immune,seed42_main,target_disjoint,11,10,0.01611301410594923
random_strata_weight_placebo,immune,seed42_main,target_disjoint,11,11,0.016101120388210988
random_strata_weight_placebo,immune,seed42_main,target_disjoint,11,12,0.01610706724708022
random_strata_weight_placebo,immune,seed42_main,target_disjoint,11,13,0.016130854682556706
random_strata_weight_placebo,immune,seed42_main,target_disjoint,11,14,0.01610706724708011
random_strata_weight_placebo,immune,seed42_main,target_disjoint,11,15,0.016023811222912077
random_strata_weight_placebo,immune,seed42_main,target_disjoint,11,16,0.016124907823687584
random_strata_weight_placebo,immune,seed42_main,target_disjoint,11,17,0.01610706724708011
random_strata_weight_placebo,immune,seed42_main,target_disjoint,11,18,0.016136801541425827
random_strata_weight_placebo,immune,seed42_main,target_disjoint,11,19,0.016118960964818463
random_strata_weight_placebo,immune,seed42_main,target_disjoint,11,20,0.016077332952734502
random_strata_weight_placebo,immune,seed42_main,target_disjoint,11,21,0.016214110706724738
random_strata_weight_placebo,immune,seed42_main,target_disjoint,11,22,0.01599407692856636
random_strata_weight_placebo,immune,seed42_main,target_disjoint,11,23,0.01611301410594923
random_strata_weight_placebo,immune,seed42_main,target_disjoint,11,24,0.01614869525916418
random_strata_weight_placebo,immune,seed42_main,target_disjoint,11,25,0.016124907823687473
random_strata_weight_placebo,immune,seed42_main,target_disjoint,11,26,0.016083279811603512
random_strata_weight_placebo,immune,seed42_main,target_disjoint,11,27,0.016124907823687584
random_strata_weight_placebo,immune,seed42_main,target_disjoint,11,28,0.016124907823687584
random_strata_weight_placebo,immune,seed42_main,target_disjoint,11,29,0.01611301410594923
random_strata_weight_placebo,immune,seed42_main,target_disjoint,11,30,0.016202216988986495
random_strata_weight_placebo,immune,seed42_main,target_disjoint,11,31,0.01610706724708022
random_strata_weight_placebo,immune,seed43,source_disjoint,7,0,0.04209109682808543
random_strata_weight_placebo,immune,seed43,source_disjoint,7,1,0.04214523826097716
random_strata_weight_placebo,immune,seed43,source_disjoint,7,2,0.04209109682808543
random_strata_weight_placebo,immune,seed43,source_disjoint,7,3,0.04209109682808543
random_strata_weight_placebo,immune,seed43,source_disjoint,7,4,0.04209109682808543
random_strata_weight_placebo,immune,seed43,source_disjoint,7,5,0.04209109682808543
random_strata_weight_placebo,immune,seed43,source_disjoint,7,6,0.04208336233767229
random_strata_weight_placebo,immune,seed43,source_disjoint,7,7,0.04208336233767229
random_strata_weight_placebo,immune,seed43,source_disjoint,7,8,0.042129769280151
random_strata_weight_placebo,immune,seed43,source_disjoint,7,9,0.04209109682808543
random_strata_weight_placebo,immune,seed43,source_disjoint,7,10,0.0420833623376724
random_strata_weight_placebo,immune,seed43,source_disjoint,7,11,0.04209109682808543
random_strata_weight_placebo,immune,seed43,source_disjoint,7,12,0.04209109682808543
random_strata_weight_placebo,immune,seed43,source_disjoint,7,13,0.04209109682808543
random_strata_weight_placebo,immune,seed43,source_disjoint,7,14,0.04209109682808543
random_strata_weight_placebo,immune,seed43,source_disjoint,7,15,0.04209109682808543
random_strata_weight_placebo,immune,seed43,source_disjoint,7,16,0.04209109682808543
random_strata_weight_placebo,immune,seed43,source_disjoint,7,17,0.04209109682808543
random_strata_weight_placebo,immune,seed43,source_disjoint,7,18,0.04208336233767229
random_strata_weight_placebo,immune,seed43,source_disjoint,7,19,0.0420833623376724
random_strata_weight_placebo,immune,seed43,source_disjoint,7,20,0.042098831318498675
random_strata_weight_placebo,immune,seed43,source_disjoint,7,21,0.04208336233767229
random_strata_weight_placebo,immune,seed43,source_disjoint,7,22,0.04209109682808543
random_strata_weight_placebo,immune,seed43,source_disjoint,7,23,0.04208336233767229
random_strata_weight_placebo,immune,seed43,source_disjoint,7,24,0.04207562784725927
random_strata_weight_placebo,immune,seed43,source_disjoint,7,25,0.04207562784725927
random_strata_weight_placebo,immune,seed43,source_disjoint,7,26,0.04208336233767229
random_strata_weight_placebo,immune,seed43,source_disjoint,7,27,0.04209109682808543
random_strata_weight_placebo,immune,seed43,source_disjoint,7,28,0.04209109682808543
random_strata_weight_placebo,immune,seed43,source_disjoint,7,29,0.04208336233767229
random_strata_weight_placebo,immune,seed43,source_disjoint,7,30,0.04209109682808543
random_strata_weight_placebo,immune,seed43,source_disjoint,7,31,0.0420833623376724
random_strata_weight_placebo,immune,seed43,source_disjoint,11,0,0.022549906799390507
random_strata_weight_placebo,immune,seed43,source_disjoint,11,1,0.022573110270629693
random_strata_weight_placebo,immune,seed43,source_disjoint,11,2,0.022565375780216668
random_strata_weight_placebo,immune,seed43,source_disjoint,11,3,0.02255764128980353
random_strata_weight_placebo,immune,seed43,source_disjoint,11,4,0.022588579251455965
random_strata_weight_placebo,immune,seed43,source_disjoint,11,5,0.022565375780216668
random_strata_weight_placebo,immune,seed43,source_disjoint,11,6,0.022573110270629693
random_strata_weight_placebo,immune,seed43,source_disjoint,11,7,0.022565375780216668
random_strata_weight_placebo,immune,seed43,source_disjoint,11,8,0.022573110270629693
random_strata_weight_placebo,immune,seed43,source_disjoint,11,9,0.022565375780216668
random_strata_weight_placebo,immune,seed43,source_disjoint,11,10,0.022565375780216668
random_strata_weight_placebo,immune,seed43,source_disjoint,11,11,0.022557641289803643
random_strata_weight_placebo,immune,seed43,source_disjoint,11,12,0.022557641289803643
random_strata_weight_placebo,immune,seed43,source_disjoint,11,13,0.02258084476104294
random_strata_weight_placebo,immune,seed43,source_disjoint,11,14,0.02255764128980353
random_strata_weight_placebo,immune,seed43,source_disjoint,11,15,0.022604048232282126
random_strata_weight_placebo,immune,seed43,source_disjoint,11,16,0.022573110270629804
random_strata_weight_placebo,immune,seed43,source_disjoint,11,17,0.022565375780216668
random_strata_weight_placebo,immune,seed43,source_disjoint,11,18,0.022573110270629693
random_strata_weight_placebo,immune,seed43,source_disjoint,11,19,0.022565375780216668
random_strata_weight_placebo,immune,seed43,source_disjoint,11,20,0.022549906799390507
random_strata_weight_placebo,immune,seed43,source_disjoint,11,21,0.022565375780216668
random_strata_weight_placebo,immune,seed43,source_disjoint,11,22,0.02255764128980353
random_strata_weight_placebo,immune,seed43,source_disjoint,11,23,0.022549906799390507
random_strata_weight_placebo,immune,seed43,source_disjoint,11,24,0.022565375780216668
random_strata_weight_placebo,immune,seed43,source_disjoint,11,25,0.022549906799390507
random_strata_weight_placebo,immune,seed43,source_disjoint,11,26,0.022565375780216668
random_strata_weight_placebo,immune,seed43,source_disjoint,11,27,0.022573110270629693
random_strata_weight_placebo,immune,seed43,source_disjoint,11,28,0.022565375780216668
random_strata_weight_placebo,immune,seed43,source_disjoint,11,29,0.022565375780216668
random_strata_weight_placebo,immune,seed43,source_disjoint,11,30,0.02254217230897737
random_strata_weight_placebo,immune,seed43,source_disjoint,11,31,0.022557641289803643
random_strata_weight_placebo,immune,seed43,target_disjoint,7,0,0.028990848227995913
random_strata_weight_placebo,immune,seed43,target_disjoint,7,1,0.029000061421288637
random_strata_weight_placebo,immune,seed43,target_disjoint,7,2,0.02908912228978555
random_strata_weight_placebo,immune,seed43,target_disjoint,7,3,0.0290829801609237
random_strata_weight_placebo,immune,seed43,target_disjoint,7,4,0.029187396351575412
random_strata_weight_placebo,immune,seed43,target_disjoint,7,5,0.028920213746084333
random_strata_weight_placebo,immune,seed43,target_disjoint,7,6,0.028978563970272098
random_strata_weight_placebo,immune,seed43,target_disjoint,7,7,0.028966279712548393
random_strata_weight_placebo,immune,seed43,target_disjoint,7,8,0.028895645230636924
random_strata_weight_placebo,immune,seed43,target_disjoint,7,9,0.028966279712548282
random_strata_weight_placebo,immune,seed43,target_disjoint,7,10,0.029144401449542445
random_strata_weight_placebo,immune,seed43,target_disjoint,7,11,0.028966279712548393
random_strata_weight_placebo,immune,seed43,target_disjoint,7,12,0.02900620355015049
random_strata_weight_placebo,immune,seed43,target_disjoint,7,13,0.028990848227995802
random_strata_weight_placebo,immune,seed43,target_disjoint,7,14,0.028966279712548282
random_strata_weight_placebo,immune,seed43,target_disjoint,7,15,0.02903384313002877
random_strata_weight_placebo,immune,seed43,target_disjoint,7,16,0.02888950310177507
random_strata_weight_placebo,immune,seed43,target_disjoint,7,17,0.029101406547509368
random_strata_weight_placebo,immune,seed43,target_disjoint,7,18,0.029089122289785663
random_strata_weight_placebo,immune,seed43,target_disjoint,7,19,0.028966279712548393
random_strata_weight_placebo,immune,seed43,target_disjoint,7,20,0.028929426939377167
random_strata_weight_placebo,immune,seed43,target_disjoint,7,21,0.028978563970272098
random_strata_weight_placebo,immune,seed43,target_disjoint,7,22,0.029297954671088866
random_strata_weight_placebo,immune,seed43,target_disjoint,7,23,0.02901234567901234
random_strata_weight_placebo,immune,seed43,target_disjoint,7,24,0.029064553774338142
random_strata_weight_placebo,immune,seed43,target_disjoint,7,25,0.02896013758368643
random_strata_weight_placebo,immune,seed43,target_disjoint,7,26,0.028966279712548393
random_strata_weight_placebo,immune,seed43,target_disjoint,7,27,0.029027701001167028
random_strata_weight_placebo,immune,seed43,target_disjoint,7,28,0.028947853325962725
random_strata_weight_placebo,immune,seed43,target_disjoint,7,29,0.028953995454824466
random_strata_weight_placebo,immune,seed43,target_disjoint,7,30,0.028966279712548282
random_strata_weight_placebo,immune,seed43,target_disjoint,7,31,0.029027701001167028
random_strata_weight_placebo,immune,seed43,target_disjoint,11,0,0.017677046864443158
random_strata_weight_placebo,immune,seed43,target_disjoint,11,1,0.017821386892696967
random_strata_weight_placebo,immune,seed43,target_disjoint,11,2,0.017766107732940184
random_strata_weight_placebo,immune,seed43,target_disjoint,11,3,0.01778146305509487
random_strata_weight_placebo,immune,seed43,target_disjoint,11,4,0.017849026472575358
random_strata_weight_placebo,immune,seed43,target_disjoint,11,5,0.01790737669676301
random_strata_weight_placebo,immune,seed43,target_disjoint,11,6,0.017720041766476236
random_strata_weight_placebo,immune,seed43,target_disjoint,11,7,0.017839813279282635
random_strata_weight_placebo,immune,seed43,target_disjoint,11,8,0.017738468153061793
random_strata_weight_placebo,immune,seed43,target_disjoint,11,9,0.01787666605245375
random_strata_weight_placebo,immune,seed43,target_disjoint,11,10,0.017815244763835003
random_strata_weight_placebo,immune,seed43,target_disjoint,11,11,0.017541920029482183
random_strata_weight_placebo,immune,seed43,target_disjoint,11,12,0.017935016276641513
random_strata_weight_placebo,immune,seed43,target_disjoint,11,13,0.01782752902155882
random_strata_weight_placebo,immune,seed43,target_disjoint,11,14,0.017766107732940184
random_strata_weight_placebo,immune,seed43,target_disjoint,11,15,0.017790676248387705
random_strata_weight_placebo,immune,seed43,target_disjoint,11,16,0.01765554941342673
random_strata_weight_placebo,immune,seed43,target_disjoint,11,17,0.017968797985381757
random_strata_weight_placebo,immune,seed43,target_disjoint,11,18,0.01778146305509487
random_strata_weight_placebo,immune,seed43,target_disjoint,11,19,0.017842884343713505
random_strata_weight_placebo,immune,seed43,target_disjoint,11,20,0.01662060070020266
random_strata_weight_placebo,immune,seed43,target_disjoint,11,21,0.017796818377249446
random_strata_weight_placebo,immune,seed43,target_disjoint,11,22,0.01790737669676301
random_strata_weight_placebo,immune,seed43,target_disjoint,11,23,0.017689331122166863
random_strata_weight_placebo,immune,seed43,target_disjoint,11,24,0.017713899637614383
random_strata_weight_placebo,immune,seed43,target_disjoint,11,25,0.017720041766476236
random_strata_weight_placebo,immune,seed43,target_disjoint,11,26,0.017864381794729933
random_strata_weight_placebo,immune,seed43,target_disjoint,11,27,0.0177108285731834
random_strata_weight_placebo,immune,seed43,target_disjoint,11,28,0.016709661568699685
random_strata_weight_placebo,immune,seed43,target_disjoint,11,29,0.017793747312818575
random_strata_weight_placebo,immune,seed43,target_disjoint,11,30,0.017720041766476236
random_strata_weight_placebo,immune,seed43,target_disjoint,11,31,0.01780603157054228
random_strata_weight_placebo,immune,seed44,source_disjoint,7,0,0.010584488572499273
random_strata_weight_placebo,immune,seed44,source_disjoint,7,1,0.010584488572499273
random_strata_weight_placebo,immune,seed44,source_disjoint,7,2,0.010570078104735425
random_strata_weight_placebo,immune,seed44,source_disjoint,7,3,0.010577283338617516
random_strata_weight_placebo,immune,seed44,source_disjoint,7,4,0.010570078104735425
random_strata_weight_placebo,immune,seed44,source_disjoint,7,5,0.010584488572499384
random_strata_weight_placebo,immune,seed44,source_disjoint,7,6,0.010570078104735425
random_strata_weight_placebo,immune,seed44,source_disjoint,7,7,0.010584488572499273
random_strata_weight_placebo,immune,seed44,source_disjoint,7,8,0.010570078104735425
random_strata_weight_placebo,immune,seed44,source_disjoint,7,9,0.010584488572499273
random_strata_weight_placebo,immune,seed44,source_disjoint,7,10,0.010598899040263121
random_strata_weight_placebo,immune,seed44,source_disjoint,7,11,0.010570078104735536
random_strata_weight_placebo,immune,seed44,source_disjoint,7,12,0.010584488572499273
random_strata_weight_placebo,immune,seed44,source_disjoint,7,13,0.010591693806381142
random_strata_weight_placebo,immune,seed44,source_disjoint,7,14,0.010591693806381253
random_strata_weight_placebo,immune,seed44,source_disjoint,7,15,0.010584488572499273
random_strata_weight_placebo,immune,seed44,source_disjoint,7,16,0.010570078104735425
random_strata_weight_placebo,immune,seed44,source_disjoint,7,17,0.010577283338617405
random_strata_weight_placebo,immune,seed44,source_disjoint,7,18,0.010591693806381253
random_strata_weight_placebo,immune,seed44,source_disjoint,7,19,0.010584488572499273
random_strata_weight_placebo,immune,seed44,source_disjoint,7,20,0.010584488572499384
random_strata_weight_placebo,immune,seed44,source_disjoint,7,21,0.010577283338617405
random_strata_weight_placebo,immune,seed44,source_disjoint,7,22,0.010584488572499384
random_strata_weight_placebo,immune,seed44,source_disjoint,7,23,0.010591693806381253
random_strata_weight_placebo,immune,seed44,source_disjoint,7,24,0.010678156612963785
random_strata_weight_placebo,immune,seed44,source_disjoint,7,25,0.010584488572499384
random_strata_weight_placebo,immune,seed44,source_disjoint,7,26,0.010584488572499384
random_strata_weight_placebo,immune,seed44,source_disjoint,7,27,0.010584488572499273
random_strata_weight_placebo,immune,seed44,source_disjoint,7,28,0.010570078104735425
random_strata_weight_placebo,immune,seed44,source_disjoint,7,29,0.010526846701444104
random_strata_weight_placebo,immune,seed44,source_disjoint,7,30,0.010577283338617405
random_strata_weight_placebo,immune,seed44,source_disjoint,7,31,0.010591693806381142
random_strata_weight_placebo,immune,seed44,source_disjoint,11,0,0.022073233997175645
random_strata_weight_placebo,immune,seed44,source_disjoint,11,1,0.022080439231057625
random_strata_weight_placebo,immune,seed44,source_disjoint,11,2,0.022073233997175645
random_strata_weight_placebo,immune,seed44,source_disjoint,11,3,0.022080439231057625
random_strata_weight_placebo,immune,seed44,source_disjoint,11,4,0.022073233997175645
random_strata_weight_placebo,immune,seed44,source_disjoint,11,5,0.02209484969882136
random_strata_weight_placebo,immune,seed44,source_disjoint,11,6,0.02216690203764038
random_strata_weight_placebo,immune,seed44,source_disjoint,11,7,0.022080439231057625
random_strata_weight_placebo,immune,seed44,source_disjoint,11,8,0.022080439231057625
random_strata_weight_placebo,immune,seed44,source_disjoint,11,9,0.022080439231057625
random_strata_weight_placebo,immune,seed44,source_disjoint,11,10,0.022073233997175645
random_strata_weight_placebo,immune,seed44,source_disjoint,11,11,0.022174107271522137
random_strata_weight_placebo,immune,seed44,source_disjoint,11,12,0.022080439231057625
random_strata_weight_placebo,immune,seed44,source_disjoint,11,13,0.022073233997175645
random_strata_weight_placebo,immune,seed44,source_disjoint,11,14,0.022087644464939382
random_strata_weight_placebo,immune,seed44,source_disjoint,11,15,0.022073233997175645
random_strata_weight_placebo,immune,seed44,source_disjoint,11,16,0.022073233997175645
random_strata_weight_placebo,immune,seed44,source_disjoint,11,17,0.022073233997175645
random_strata_weight_placebo,immune,seed44,source_disjoint,11,18,0.022138081102112683
random_strata_weight_placebo,immune,seed44,source_disjoint,11,19,0.022080439231057625
random_strata_weight_placebo,immune,seed44,source_disjoint,11,20,0.022145286335994663
random_strata_weight_placebo,immune,seed44,source_disjoint,11,21,0.022080439231057625
random_strata_weight_placebo,immune,seed44,source_disjoint,11,22,0.022080439231057625
random_strata_weight_placebo,immune,seed44,source_disjoint,11,23,0.022073233997175645
random_strata_weight_placebo,immune,seed44,source_disjoint,11,24,0.022073233997175645
random_strata_weight_placebo,immune,seed44,source_disjoint,11,25,0.022080439231057625
random_strata_weight_placebo,immune,seed44,source_disjoint,11,26,0.022073233997175645
random_strata_weight_placebo,immune,seed44,source_disjoint,11,27,0.022073233997175645
random_strata_weight_placebo,immune,seed44,source_disjoint,11,28,0.022080439231057514
random_strata_weight_placebo,immune,seed44,source_disjoint,11,29,0.022073233997175645
random_strata_weight_placebo,immune,seed44,source_disjoint,11,30,0.022080439231057625
random_strata_weight_placebo,immune,seed44,source_disjoint,11,31,0.022080439231057625
random_strata_weight_placebo,immune,seed44,target_disjoint,7,0,0.012779934482798905
random_strata_weight_placebo,immune,seed44,target_disjoint,7,1,0.012779934482798905
random_strata_weight_placebo,immune,seed44,target_disjoint,7,2,0.012791592347777492
random_strata_weight_placebo,immune,seed44,target_disjoint,7,3,0.012791592347777492
random_strata_weight_placebo,immune,seed44,target_disjoint,7,4,0.012791592347777492
random_strata_weight_placebo,immune,seed44,target_disjoint,7,5,0.012779934482798905
random_strata_weight_placebo,immune,seed44,target_disjoint,7,6,0.012791592347777492
random_strata_weight_placebo,immune,seed44,target_disjoint,7,7,0.012791592347777492
random_strata_weight_placebo,immune,seed44,target_disjoint,7,8,0.012779934482798905
random_strata_weight_placebo,immune,seed44,target_disjoint,7,9,0.012791592347777492
random_strata_weight_placebo,immune,seed44,target_disjoint,7,10,0.01167826624232049
random_strata_weight_placebo,immune,seed44,target_disjoint,7,11,0.012861539537649125
random_strata_weight_placebo,immune,seed44,target_disjoint,7,12,0.012791592347777492
random_strata_weight_placebo,immune,seed44,target_disjoint,7,13,0.012779934482798905
random_strata_weight_placebo,immune,seed44,target_disjoint,7,14,0.012779934482798905
random_strata_weight_placebo,immune,seed44,target_disjoint,7,15,0.012779934482798905
random_strata_weight_placebo,immune,seed44,target_disjoint,7,16,0.012861539537649125
random_strata_weight_placebo,immune,seed44,target_disjoint,7,17,0.012791592347777492
random_strata_weight_placebo,immune,seed44,target_disjoint,7,18,0.012779934482798905
random_strata_weight_placebo,immune,seed44,target_disjoint,7,19,0.012791592347777492
random_strata_weight_placebo,immune,seed44,target_disjoint,7,20,0.012791592347777492
random_strata_weight_placebo,immune,seed44,target_disjoint,7,21,0.011748213432192123
random_strata_weight_placebo,immune,seed44,target_disjoint,7,22,0.012779934482798905
random_strata_weight_placebo,immune,seed44,target_disjoint,7,23,0.012791592347777492
random_strata_weight_placebo,immune,seed44,target_disjoint,7,24,0.012779934482798905
random_strata_weight_placebo,immune,seed44,target_disjoint,7,25,0.012791592347777492
random_strata_weight_placebo,immune,seed44,target_disjoint,7,26,0.012791592347777492
random_strata_weight_placebo,immune,seed44,target_disjoint,7,27,0.012779934482798905
random_strata_weight_placebo,immune,seed44,target_disjoint,7,28,0.012791592347777492
random_strata_weight_placebo,immune,seed44,target_disjoint,7,29,0.012791592347777492
random_strata_weight_placebo,immune,seed44,target_disjoint,7,30,0.012779934482798905
random_strata_weight_placebo,immune,seed44,target_disjoint,7,31,0.011689924107299077
random_strata_weight_placebo,immune,seed44,target_disjoint,11,0,-0.004508679280476602
random_strata_weight_placebo,immune,seed44,target_disjoint,11,1,-0.004502850347987364
random_strata_weight_placebo,immune,seed44,target_disjoint,11,2,-0.004497021415498015
random_strata_weight_placebo,immune,seed44,target_disjoint,11,3,-0.004497021415498015
random_strata_weight_placebo,immune,seed44,target_disjoint,11,4,-0.004636915795241281
random_strata_weight_placebo,immune,seed44,target_disjoint,11,5,-0.004631086862752043
random_strata_weight_placebo,immune,seed44,target_disjoint,11,6,-0.004497021415498015
random_strata_weight_placebo,immune,seed44,target_disjoint,11,7,-0.004491192483008666
random_strata_weight_placebo,immune,seed44,target_disjoint,11,8,-0.004497021415498015
random_strata_weight_placebo,immune,seed44,target_disjoint,11,9,-0.00464274472773063
random_strata_weight_placebo,immune,seed44,target_disjoint,11,10,-0.004497021415498015
random_strata_weight_placebo,immune,seed44,target_disjoint,11,11,-0.004631086862752043
random_strata_weight_placebo,immune,seed44,target_disjoint,11,12,-0.004491192483008666
random_strata_weight_placebo,immune,seed44,target_disjoint,11,13,-0.004497021415498015
random_strata_weight_placebo,immune,seed44,target_disjoint,11,14,-0.004631086862752043
random_strata_weight_placebo,immune,seed44,target_disjoint,11,15,-0.004497021415498015
random_strata_weight_placebo,immune,seed44,target_disjoint,11,16,-0.0010404644493406945
random_strata_weight_placebo,immune,seed44,target_disjoint,11,17,-0.004514508212965951
random_strata_weight_placebo,immune,seed44,target_disjoint,11,18,-0.004648573660219979
random_strata_weight_placebo,immune,seed44,target_disjoint,11,19,-0.0011861877615734207
random_strata_weight_placebo,immune,seed44,target_disjoint,11,20,-0.004497021415498015
random_strata_weight_placebo,immune,seed44,target_disjoint,11,21,-0.00464274472773063
random_strata_weight_placebo,immune,seed44,target_disjoint,11,22,-0.004631086862752043
random_strata_weight_placebo,immune,seed44,target_disjoint,11,23,-0.0011803588290840716
random_strata_weight_placebo,immune,seed44,target_disjoint,11,24,-0.004508679280476713
random_strata_weight_placebo,immune,seed44,target_disjoint,11,25,-0.004636915795241281
random_strata_weight_placebo,immune,seed44,target_disjoint,11,26,-0.00464274472773063
random_strata_weight_placebo,immune,seed44,target_disjoint,11,27,-0.004502850347987364
random_strata_weight_placebo,immune,seed44,target_disjoint,11,28,-0.004491192483008666
random_strata_weight_placebo,immune,seed44,target_disjoint,11,29,-0.004368784900733336
random_strata_weight_placebo,immune,seed44,target_disjoint,11,30,-0.004497021415498015
random_strata_weight_placebo,immune,seed44,target_disjoint,11,31,-0.004631086862752043
random_strata_weight_placebo,lung,seed42_main,source_disjoint,7,0,0.017764732702610364
random_strata_weight_placebo,lung,seed42_main,source_disjoint,7,1,0.017696341046392394
random_strata_weight_placebo,lung,seed42_main,source_disjoint,7,2,0.017741935483871152
random_strata_weight_placebo,lung,seed42_main,source_disjoint,7,3,0.017741935483871152
random_strata_weight_placebo,lung,seed42_main,source_disjoint,7,4,0.01777613131198008
random_strata_weight_placebo,lung,seed42_main,source_disjoint,7,5,0.017719138265131718
random_strata_weight_placebo,lung,seed42_main,source_disjoint,7,6,0.017696341046392394
random_strata_weight_placebo,lung,seed42_main,source_disjoint,7,7,0.01767354382765307
random_strata_weight_placebo,lung,seed42_main,source_disjoint,7,8,0.017696341046392394
random_strata_weight_placebo,lung,seed42_main,source_disjoint,7,9,0.017730536874501546
random_strata_weight_placebo,lung,seed42_main,source_disjoint,7,10,0.017798928530719405
random_strata_weight_placebo,lung,seed42_main,source_disjoint,7,11,0.017793229226034546
random_strata_weight_placebo,lung,seed42_main,source_disjoint,7,12,0.017730536874501324
random_strata_weight_placebo,lung,seed42_main,source_disjoint,7,13,0.017719138265131718
random_strata_weight_placebo,lung,seed42_main,source_disjoint,7,14,0.017821725749458617
random_strata_weight_placebo,lung,seed42_main,source_disjoint,7,15,0.017730536874501324
random_strata_weight_placebo,lung,seed42_main,source_disjoint,7,16,0.01771913826513183
random_strata_weight_placebo,lung,seed42_main,source_disjoint,7,17,0.01787871879630687
random_strata_weight_placebo,lung,seed42_main,source_disjoint,7,18,0.017696341046392394
random_strata_weight_placebo,lung,seed42_main,source_disjoint,7,19,0.017764732702610475
random_strata_weight_placebo,lung,seed42_main,source_disjoint,7,20,0.017821725749458728
random_strata_weight_placebo,lung,seed42_main,source_disjoint,7,21,0.017707739655762
random_strata_weight_placebo,lung,seed42_main,source_disjoint,7,22,0.017696341046392394
random_strata_weight_placebo,lung,seed42_main,source_disjoint,7,23,0.01777613131198008
random_strata_weight_placebo,lung,seed42_main,source_disjoint,7,24,0.017707739655762222
random_strata_weight_placebo,lung,seed42_main,source_disjoint,7,25,0.01784452296819805
random_strata_weight_placebo,lung,seed42_main,source_disjoint,7,26,0.017798928530719405
random_strata_weight_placebo,lung,seed42_main,source_disjoint,7,27,0.017741935483871152
random_strata_weight_placebo,lung,seed42_main,source_disjoint,7,28,0.017764732702610475
random_strata_weight_placebo,lung,seed42_main,source_disjoint,7,29,0.017730536874501546
random_strata_weight_placebo,lung,seed42_main,source_disjoint,7,30,0.017662145218283576
random_strata_weight_placebo,lung,seed42_main,source_disjoint,7,31,0.017764732702610475
random_strata_weight_placebo,lung,seed42_main,source_disjoint,11,0,0.01914966374102367
random_strata_weight_placebo,lung,seed42_main,source_disjoint,11,1,0.0164139974923061
random_strata_weight_placebo,lung,seed42_main,source_disjoint,11,2,0.016425396101675704
random_strata_weight_placebo,lung,seed42_main,source_disjoint,11,3,0.01640259888293638
random_strata_weight_placebo,lung,seed42_main,source_disjoint,11,4,0.01653938219537232
random_strata_weight_placebo,lung,seed42_main,source_disjoint,11,5,0.016425396101675704
random_strata_weight_placebo,lung,seed42_main,source_disjoint,11,6,0.01634560583608813
random_strata_weight_placebo,lung,seed42_main,source_disjoint,11,7,0.016379801664197058
random_strata_weight_placebo,lung,seed42_main,source_disjoint,11,8,0.016425396101675704
random_strata_weight_placebo,lung,seed42_main,source_disjoint,11,9,0.016459591929784634
random_strata_weight_placebo,lung,seed42_main,source_disjoint,11,10,0.016431095406360563
random_strata_weight_placebo,lung,seed42_main,source_disjoint,11,11,0.016499487062578533
random_strata_weight_placebo,lung,seed42_main,source_disjoint,11,12,0.016493787757893674
random_strata_weight_placebo,lung,seed42_main,source_disjoint,11,13,0.01637410235951231
random_strata_weight_placebo,lung,seed42_main,source_disjoint,11,14,0.016362703750142593
random_strata_weight_placebo,lung,seed42_main,source_disjoint,11,15,0.016533682890687462
random_strata_weight_placebo,lung,seed42_main,source_disjoint,11,16,0.016465291234469492
random_strata_weight_placebo,lung,seed42_main,source_disjoint,11,17,0.01653938219537232
random_strata_weight_placebo,lung,seed42_main,source_disjoint,11,18,0.016482389148523957
random_strata_weight_placebo,lung,seed42_main,source_disjoint,11,19,0.013535848626467617
random_strata_weight_placebo,lung,seed42_main,source_disjoint,11,20,0.016453892625099775
random_strata_weight_placebo,lung,seed42_main,source_disjoint,11,21,0.016362703750142593
random_strata_weight_placebo,lung,seed42_main,source_disjoint,11,22,0.016425396101675704
random_strata_weight_placebo,lung,seed42_main,source_disjoint,11,23,0.016351305140772987
random_strata_weight_placebo,lung,seed42_main,source_disjoint,11,24,0.0164139974923061
random_strata_weight_placebo,lung,seed42_main,source_disjoint,11,25,0.01630571070329434
random_strata_weight_placebo,lung,seed42_main,source_disjoint,11,26,0.016362703750142593
random_strata_weight_placebo,lung,seed42_main,source_disjoint,11,27,0.01637410235951231
random_strata_weight_placebo,lung,seed42_main,source_disjoint,11,28,0.016317109312663947
random_strata_weight_placebo,lung,seed42_main,source_disjoint,11,29,0.01643679471104531
random_strata_weight_placebo,lung,seed42_main,source_disjoint,11,30,0.016425396101675704
random_strata_weight_placebo,lung,seed42_main,source_disjoint,11,31,0.0164139974923061
random_strata_weight_placebo,lung,seed42_main,target_disjoint,7,0,0.026941170764828604
random_strata_weight_placebo,lung,seed42_main,target_disjoint,7,1,0.027353411901644087
random_strata_weight_placebo,lung,seed42_main,target_disjoint,7,2,0.029818775562992172
random_strata_weight_placebo,lung,seed42_main,target_disjoint,7,3,0.02709879237596391
random_strata_weight_placebo,lung,seed42_main,target_disjoint,7,4,0.02825064261118393
random_strata_weight_placebo,lung,seed42_main,target_disjoint,7,5,0.029596488675493582
random_strata_weight_placebo,lung,seed42_main,target_disjoint,7,6,0.029746027127083408
random_strata_weight_placebo,lung,seed42_main,target_disjoint,7,7,0.0269856281423283
random_strata_weight_placebo,lung,seed42_main,target_disjoint,7,8,0.02961669657435695
random_strata_weight_placebo,lung,seed42_main,target_disjoint,7,9,0.02983090030231028
random_strata_weight_placebo,lung,seed42_main,target_disjoint,7,10,0.027159416072554454
random_strata_weight_placebo,lung,seed42_main,target_disjoint,7,11,0.02697754498278293
random_strata_weight_placebo,lung,seed42_main,target_disjoint,7,12,0.030093602987535828
random_strata_weight_placebo,lung,seed42_main,target_disjoint,7,13,0.029891523998900715
random_strata_weight_placebo,lung,seed42_main,target_disjoint,7,14,0.027034127099600735
random_strata_weight_placebo,lung,seed42_main,target_disjoint,7,15,0.028618426370499717
random_strata_weight_placebo,lung,seed42_main,target_disjoint,7,16,0.02698158656255556
random_strata_weight_placebo,lung,seed42_main,target_disjoint,7,17,0.030012771392081916
random_strata_weight_placebo,lung,seed42_main,target_disjoint,7,18,0.02800006466527638
random_strata_weight_placebo,lung,seed42_main,target_disjoint,7,19,0.027163457652327194
random_strata_weight_placebo,lung,seed42_main,target_disjoint,7,20,0.029665195531629385
random_strata_weight_placebo,lung,seed42_main,target_disjoint,7,21,0.026807798632329405
random_strata_weight_placebo,lung,seed42_main,target_disjoint,7,22,0.028626509530045086
random_strata_weight_placebo,lung,seed42_main,target_disjoint,7,23,0.027171540811872563
random_strata_weight_placebo,lung,seed42_main,target_disjoint,7,24,0.027939440968685836
random_strata_weight_placebo,lung,seed42_main,target_disjoint,7,25,0.028723507444589957
random_strata_weight_placebo,lung,seed42_main,target_disjoint,7,26,0.027050293418691695
random_strata_weight_placebo,lung,seed42_main,target_disjoint,7,27,0.029919815057309673
random_strata_weight_placebo,lung,seed42_main,target_disjoint,7,28,0.028497178977318627
random_strata_weight_placebo,lung,seed42_main,target_disjoint,7,29,0.031241411642983108
random_strata_weight_placebo,lung,seed42_main,target_disjoint,7,30,0.02711495869505476
random_strata_weight_placebo,lung,seed42_main,target_disjoint,7,31,0.02856992741322728
random_strata_weight_placebo,lung,seed42_main,target_disjoint,11,0,0.03965598072974763
random_strata_weight_placebo,lung,seed42_main,target_disjoint,11,1,0.043034741419726075
random_strata_weight_placebo,lung,seed42_main,target_disjoint,11,2,0.041555523222917334
random_strata_weight_placebo,lung,seed42_main,target_disjoint,11,3,0.04311153143540747
random_strata_weight_placebo,lung,seed42_main,target_disjoint,11,4,0.04162423007905325
random_strata_weight_placebo,lung,seed42_main,target_disjoint,11,5,0.04145448372859972
random_strata_weight_placebo,lung,seed42_main,target_disjoint,11,6,0.039748937064519874
random_strata_weight_placebo,lung,seed42_main,target_disjoint,11,7,0.04149489952632679
random_strata_weight_placebo,lung,seed42_main,target_disjoint,11,8,0.041321111596100635
random_strata_weight_placebo,lung,seed42_main,target_disjoint,11,9,0.041127115767011
random_strata_weight_placebo,lung,seed42_main,target_disjoint,11,10,0.04323682040836119
random_strata_weight_placebo,lung,seed42_main,target_disjoint,11,11,0.041102866288374784
random_strata_weight_placebo,lung,seed42_main,target_disjoint,11,12,0.04309132353654388
random_strata_weight_placebo,lung,seed42_main,target_disjoint,11,13,0.03944581858156715
random_strata_weight_placebo,lung,seed42_main,target_disjoint,11,14,0.043127697754498207
random_strata_weight_placebo,lung,seed42_main,target_disjoint,11,15,0.043151947233134424
random_strata_weight_placebo,lung,seed42_main,target_disjoint,11,16,0.04150298268587216
random_strata_weight_placebo,lung,seed42_main,target_disjoint,11,17,0.041543398483599225
random_strata_weight_placebo,lung,seed42_main,target_disjoint,11,18,0.041438317409508874
random_strata_weight_placebo,lung,seed42_main,target_disjoint,11,19,0.04168081219587105
random_strata_weight_placebo,lung,seed42_main,target_disjoint,11,20,0.04158785586109892
random_strata_weight_placebo,lung,seed42_main,target_disjoint,11,21,0.04141406793087277
random_strata_weight_placebo,lung,seed42_main,target_disjoint,11,22,0.039664063889293
random_strata_weight_placebo,lung,seed42_main,target_disjoint,11,23,0.04135748581405496
random_strata_weight_placebo,lung,seed42_main,target_disjoint,11,24,0.04139790161178192
random_strata_weight_placebo,lung,seed42_main,target_disjoint,11,25,0.04170506167450727
random_strata_weight_placebo,lung,seed42_main,target_disjoint,11,26,0.041535315324053745
random_strata_weight_placebo,lung,seed42_main,target_disjoint,11,27,0.041648479557689466
random_strata_weight_placebo,lung,seed42_main,target_disjoint,11,28,0.03964385599042952
random_strata_weight_placebo,lung,seed42_main,target_disjoint,11,29,0.03963173125111141
random_strata_weight_placebo,lung,seed42_main,target_disjoint,11,30,0.043265111466770034
random_strata_weight_placebo,lung,seed42_main,target_disjoint,11,31,0.04138981845223666
random_strata_weight_placebo,lung,seed43,source_disjoint,7,0,-0.004399303762361195
random_strata_weight_placebo,lung,seed43,source_disjoint,7,1,-0.004418431170023718
random_strata_weight_placebo,lung,seed43,source_disjoint,7,2,-0.004399303762361195
random_strata_weight_placebo,lung,seed43,source_disjoint,7,3,-0.004399303762361195
random_strata_weight_placebo,lung,seed43,source_disjoint,7,4,-0.004408867466192401
random_strata_weight_placebo,lung,seed43,source_disjoint,7,5,-0.004399303762361195
random_strata_weight_placebo,lung,seed43,source_disjoint,7,6,-0.004418431170023718
random_strata_weight_placebo,lung,seed43,source_disjoint,7,7,-0.004332357835542644
random_strata_weight_placebo,lung,seed43,source_disjoint,7,8,-0.004418431170023718
random_strata_weight_placebo,lung,seed43,source_disjoint,7,9,-0.004408867466192401
random_strata_weight_placebo,lung,seed43,source_disjoint,7,10,-0.004408867466192401
random_strata_weight_placebo,lung,seed43,source_disjoint,7,11,-0.004408867466192401
random_strata_weight_placebo,lung,seed43,source_disjoint,7,12,-0.004418431170023718
random_strata_weight_placebo,lung,seed43,source_disjoint,7,13,-0.004408867466192401
random_strata_weight_placebo,lung,seed43,source_disjoint,7,14,-0.004399303762361195
random_strata_weight_placebo,lung,seed43,source_disjoint,7,15,-0.004418431170023718
random_strata_weight_placebo,lung,seed43,source_disjoint,7,16,-0.0043897400585299895
random_strata_weight_placebo,lung,seed43,source_disjoint,7,17,-0.004408867466192401
random_strata_weight_placebo,lung,seed43,source_disjoint,7,18,-0.004399303762361195
random_strata_weight_placebo,lung,seed43,source_disjoint,7,19,-0.004370612650867578
random_strata_weight_placebo,lung,seed43,source_disjoint,7,20,-0.004399303762361195
random_strata_weight_placebo,lung,seed43,source_disjoint,7,21,-0.004408867466192401
random_strata_weight_placebo,lung,seed43,source_disjoint,7,22,-0.004408867466192401
random_strata_weight_placebo,lung,seed43,source_disjoint,7,23,-0.004399303762361195
random_strata_weight_placebo,lung,seed43,source_disjoint,7,24,-0.004418431170023718
random_strata_weight_placebo,lung,seed43,source_disjoint,7,25,-0.004418431170023718
random_strata_weight_placebo,lung,seed43,source_disjoint,7,26,-0.004408867466192401
random_strata_weight_placebo,lung,seed43,source_disjoint,7,27,-0.004399303762361195
random_strata_weight_placebo,lung,seed43,source_disjoint,7,28,-0.004408867466192401
random_strata_weight_placebo,lung,seed43,source_disjoint,7,29,-0.004408867466192401
random_strata_weight_placebo,lung,seed43,source_disjoint,7,30,-0.004399303762361195
random_strata_weight_placebo,lung,seed43,source_disjoint,7,31,-0.004408867466192401
random_strata_weight_placebo,lung,seed43,source_disjoint,11,0,-0.01806583653717425
random_strata_weight_placebo,lung,seed43,source_disjoint,11,1,-0.018056272833343046
random_strata_weight_placebo,lung,seed43,source_disjoint,11,2,-0.01550276391040728
random_strata_weight_placebo,lung,seed43,source_disjoint,11,3,-0.018075400241005513
random_strata_weight_placebo,lung,seed43,source_disjoint,11,4,-0.018056272833343046
random_strata_weight_placebo,lung,seed43,source_disjoint,11,5,-0.01806583653717425
random_strata_weight_placebo,lung,seed43,source_disjoint,11,6,-0.01808496394483672
random_strata_weight_placebo,lung,seed43,source_disjoint,11,7,-0.01808496394483672
random_strata_weight_placebo,lung,seed43,source_disjoint,11,8,-0.018075400241005513
random_strata_weight_placebo,lung,seed43,source_disjoint,11,9,-0.018075400241005513
random_strata_weight_placebo,lung,seed43,source_disjoint,11,10,-0.01806583653717425
random_strata_weight_placebo,lung,seed43,source_disjoint,11,11,-0.01808496394483672
random_strata_weight_placebo,lung,seed43,source_disjoint,11,12,-0.01806583653717425
random_strata_weight_placebo,lung,seed43,source_disjoint,11,13,-0.01808496394483672
random_strata_weight_placebo,lung,seed43,source_disjoint,11,14,-0.018075400241005513
random_strata_weight_placebo,lung,seed43,source_disjoint,11,15,-0.01804670912951184
random_strata_weight_placebo,lung,seed43,source_disjoint,11,16,-0.01805627283334299
random_strata_weight_placebo,lung,seed43,source_disjoint,11,17,-0.018056272833343046
random_strata_weight_placebo,lung,seed43,source_disjoint,11,18,-0.01808496394483672
random_strata_weight_placebo,lung,seed43,source_disjoint,11,19,-0.018056272833343046
random_strata_weight_placebo,lung,seed43,source_disjoint,11,20,-0.018056272833343046
random_strata_weight_placebo,lung,seed43,source_disjoint,11,21,-0.018075400241005513
random_strata_weight_placebo,lung,seed43,source_disjoint,11,22,-0.01806583653717425
random_strata_weight_placebo,lung,seed43,source_disjoint,11,23,-0.01808496394483672
random_strata_weight_placebo,lung,seed43,source_disjoint,11,24,-0.01804670912951184
random_strata_weight_placebo,lung,seed43,source_disjoint,11,25,-0.018046709129511784
random_strata_weight_placebo,lung,seed43,source_disjoint,11,26,-0.01805627283334299
random_strata_weight_placebo,lung,seed43,source_disjoint,11,27,-0.018056272833343046
random_strata_weight_placebo,lung,seed43,source_disjoint,11,28,-0.01806583653717425
random_strata_weight_placebo,lung,seed43,source_disjoint,11,29,-0.01806583653717425
random_strata_weight_placebo,lung,seed43,source_disjoint,11,30,-0.01806583653717425
random_strata_weight_placebo,lung,seed43,source_disjoint,11,31,-0.018075400241005513
random_strata_weight_placebo,lung,seed43,target_disjoint,7,0,0.023927145708582787
random_strata_weight_placebo,lung,seed43,target_disjoint,7,1,0.01314870259481049
random_strata_weight_placebo,lung,seed43,target_disjoint,7,2,0.009547571523619514
random_strata_weight_placebo,lung,seed43,target_disjoint,7,3,0.01677478376580177
random_strata_weight_placebo,lung,seed43,target_disjoint,7,4,0.01669161676646702
random_strata_weight_placebo,lung,seed43,target_disjoint,7,5,0.016791417165668676
random_strata_weight_placebo,lung,seed43,target_disjoint,7,6,0.013078010645375948
random_strata_weight_placebo,lung,seed43,target_disjoint,7,7,0.01494095143047236
random_strata_weight_placebo,lung,seed43,target_disjoint,7,8,0.01837574850299406
random_strata_weight_placebo,lung,seed43,target_disjoint,7,9,0.01486194278110442
random_strata_weight_placebo,lung,seed43,target_disjoint,7,10,0.016724883566200943
random_strata_weight_placebo,lung,seed43,target_disjoint,7,11,0.014807884231536894
random_strata_weight_placebo,lung,seed43,target_disjoint,7,12,0.020338489687292016
random_strata_weight_placebo,lung,seed43,target_disjoint,7,13,0.01861277445109777
random_strata_weight_placebo,lung,seed43,target_disjoint,7,14,0.014995009980039886
random_strata_weight_placebo,lung,seed43,target_disjoint,7,15,0.018433965402528396
random_strata_weight_placebo,lung,seed43,target_disjoint,7,16,0.014845309381237404
random_strata_weight_placebo,lung,seed43,target_disjoint,7,17,0.016641716566866305
random_strata_weight_placebo,lung,seed43,target_disjoint,7,18,0.014936793080505661
random_strata_weight_placebo,lung,seed43,target_disjoint,7,19,0.020309381237524904
random_strata_weight_placebo,lung,seed43,target_disjoint,7,20,0.018396540252827553
random_strata_weight_placebo,lung,seed43,target_disjoint,7,21,0.01845475715236189
random_strata_weight_placebo,lung,seed43,target_disjoint,7,22,0.02025532268795749
random_strata_weight_placebo,lung,seed43,target_disjoint,7,23,0.018438123752495095
random_strata_weight_placebo,lung,seed43,target_disjoint,7,24,0.0202844311377246
random_strata_weight_placebo,lung,seed43,target_disjoint,7,25,0.022097471723220186
random_strata_weight_placebo,lung,seed43,target_disjoint,7,26,0.014841151031270816
random_strata_weight_placebo,lung,seed43,target_disjoint,7,27,0.022151530272787823
random_strata_weight_placebo,lung,seed43,target_disjoint,7,28,0.014816200931470402
random_strata_weight_placebo,lung,seed43,target_disjoint,7,29,0.020155522288755834
random_strata_weight_placebo,lung,seed43,target_disjoint,7,30,0.014932634730538963
random_strata_weight_placebo,lung,seed43,target_disjoint,7,31,0.020217897538256757
random_strata_weight_placebo,lung,seed43,target_disjoint,11,0,0.017964071856287567
random_strata_weight_placebo,lung,seed43,target_disjoint,11,1,0.019831170991350677
random_strata_weight_placebo,lung,seed43,target_disjoint,11,2,0.018113772455089827
random_strata_weight_placebo,lung,seed43,target_disjoint,11,3,0.015947272122421974
random_strata_weight_placebo,lung,seed43,target_disjoint,11,4,0.014076014637391943
random_strata_weight_placebo,lung,seed43,target_disjoint,11,5,0.019947604790419238
random_strata_weight_placebo,lung,seed43,target_disjoint,11,6,0.01815119760479056
random_strata_weight_placebo,lung,seed43,target_disjoint,11,7,0.01794743845642055
random_strata_weight_placebo,lung,seed43,target_disjoint,11,8,0.01977295409181634
random_strata_weight_placebo,lung,seed43,target_disjoint,11,9,0.019723053892215736
random_strata_weight_placebo,lung,seed43,target_disjoint,11,10,0.018063872255489
random_strata_weight_placebo,lung,seed43,target_disjoint,11,11,0.019951763140385936
random_strata_weight_placebo,lung,seed43,target_disjoint,11,12,0.014371257485030098
random_strata_weight_placebo,lung,seed43,target_disjoint,11,13,0.01615934797072527
random_strata_weight_placebo,lung,seed43,target_disjoint,11,14,0.014450266134397927
random_strata_weight_placebo,lung,seed43,target_disjoint,11,15,0.018051397205588904
random_strata_weight_placebo,lung,seed43,target_disjoint,11,16,0.019685628742515004
random_strata_weight_placebo,lung,seed43,target_disjoint,11,17,0.019885229540918314
random_strata_weight_placebo,lung,seed43,target_disjoint,11,18,0.016013805721889596
random_strata_weight_placebo,lung,seed43,target_disjoint,11,19,0.017810212907518497
random_strata_weight_placebo,lung,seed43,target_disjoint,11,20,0.01990186294078522
random_strata_weight_placebo,lung,seed43,target_disjoint,11,21,0.015889055222887638
random_strata_weight_placebo,lung,seed43,target_disjoint,11,22,0.017897538256819723
random_strata_weight_placebo,lung,seed43,target_disjoint,11,23,0.02157351962741194
random_strata_weight_placebo,lung,seed43,target_disjoint,11,24,0.016284098469727337
random_strata_weight_placebo,lung,seed43,target_disjoint,11,25,0.01813872255489024
random_strata_weight_placebo,lung,seed43,target_disjoint,11,26,0.019660678642714702
random_strata_weight_placebo,lung,seed43,target_disjoint,11,27,0.01623835662009321
random_strata_weight_placebo,lung,seed43,target_disjoint,11,28,0.018038922155688697
random_strata_weight_placebo,lung,seed43,target_disjoint,11,29,0.018092980705256223
random_strata_weight_placebo,lung,seed43,target_disjoint,11,30,0.01810545575515643
random_strata_weight_placebo,lung,seed43,target_disjoint,11,31,0.016130239520958156
random_strata_weight_placebo,lung,seed44,source_disjoint,7,0,-0.015415428931496944
random_strata_weight_placebo,lung,seed44,source_disjoint,7,1,-0.015640471689620905
random_strata_weight_placebo,lung,seed44,source_disjoint,7,2,-0.014290215140876805
random_strata_weight_placebo,lung,seed44,source_disjoint,7,3,-0.014191196327302147
random_strata_weight_placebo,lung,seed44,source_disjoint,7,4,-0.015433432352146781
random_strata_weight_placebo,lung,seed44,source_disjoint,7,5,-0.01560896570348358
random_strata_weight_placebo,lung,seed44,source_disjoint,7,6,-0.014258709154739369
random_strata_weight_placebo,lung,seed44,source_disjoint,7,7,-0.014218201458277013
random_strata_weight_placebo,lung,seed44,source_disjoint,7,8,-0.015698982806733208
random_strata_weight_placebo,lung,seed44,source_disjoint,7,9,-0.01561346655864615
random_strata_weight_placebo,lung,seed44,source_disjoint,7,10,-0.015635970834458446
random_strata_weight_placebo,lung,seed44,source_disjoint,7,11,-0.014272211720226746
random_strata_weight_placebo,lung,seed44,source_disjoint,7,12,-0.01417319290665231
random_strata_weight_placebo,lung,seed44,source_disjoint,7,13,-0.016770186335403725
random_strata_weight_placebo,lung,seed44,source_disjoint,7,14,-0.017989918084436063
random_strata_weight_placebo,lung,seed44,source_disjoint,7,15,-0.015563957151858765
random_strata_weight_placebo,lung,seed44,source_disjoint,7,16,-0.014267710865064287
random_strata_weight_placebo,lung,seed44,source_disjoint,7,17,-0.014105680079214977
random_strata_weight_placebo,lung,seed44,source_disjoint,7,18,-0.015590962282833631
random_strata_weight_placebo,lung,seed44,source_disjoint,7,19,-0.019263660095418134
random_strata_weight_placebo,lung,seed44,source_disjoint,7,20,-0.014123683499864925
random_strata_weight_placebo,lung,seed44,source_disjoint,7,21,-0.015532451165721328
random_strata_weight_placebo,lung,seed44,source_disjoint,7,22,-0.019254658385093215
random_strata_weight_placebo,lung,seed44,source_disjoint,7,23,-0.014362228823476375
random_strata_weight_placebo,lung,seed44,source_disjoint,7,24,-0.018021424070573278
random_strata_weight_placebo,lung,seed44,source_disjoint,7,25,-0.01432622198217659
random_strata_weight_placebo,lung,seed44,source_disjoint,7,26,-0.014285714285714124
random_strata_weight_placebo,lung,seed44,source_disjoint,7,27,-0.015311909262759937
random_strata_weight_placebo,lung,seed44,source_disjoint,7,28,-0.015415428931496833
random_strata_weight_placebo,lung,seed44,source_disjoint,7,29,-0.015487442614096625
random_strata_weight_placebo,lung,seed44,source_disjoint,7,30,-0.01808443604284815
random_strata_weight_placebo,lung,seed44,source_disjoint,7,31,-0.015518948600234062
random_strata_weight_placebo,lung,seed44,source_disjoint,11,0,-0.005536051849851509
random_strata_weight_placebo,lung,seed44,source_disjoint,11,1,-0.007750472589792112
random_strata_weight_placebo,lung,seed44,source_disjoint,11,2,-0.007714465748492105
random_strata_weight_placebo,lung,seed44,source_disjoint,11,3,-0.00423980556305692
random_strata_weight_placebo,lung,seed44,source_disjoint,11,4,-0.005099468899090742
random_strata_weight_placebo,lung,seed44,source_disjoint,11,5,-0.005266000540102622
random_strata_weight_placebo,lung,seed44,source_disjoint,11,6,-0.006575749392384478
random_strata_weight_placebo,lung,seed44,source_disjoint,11,7,-0.004181294445944728
random_strata_weight_placebo,lung,seed44,source_disjoint,11,8,-0.007723467458817135
random_strata_weight_placebo,lung,seed44,source_disjoint,11,9,-0.006571248537222019
random_strata_weight_placebo,lung,seed44,source_disjoint,11,10,-0.006602754523359566
random_strata_weight_placebo,lung,seed44,source_disjoint,11,11,-0.0029030515798000867
random_strata_weight_placebo,lung,seed44,source_disjoint,11,12,-0.0066612656404717585
random_strata_weight_placebo,lung,seed44,source_disjoint,11,13,-0.004194797011432216
random_strata_weight_placebo,lung,seed44,source_disjoint,11,14,-0.004266810694031786
random_strata_weight_placebo,lung,seed44,source_disjoint,11,15,-0.0052524979746151335
random_strata_weight_placebo,lung,seed44,source_disjoint,11,16,-0.0052164911333153485
random_strata_weight_placebo,lung,seed44,source_disjoint,11,17,-0.00416329102529478
random_strata_weight_placebo,lung,seed44,source_disjoint,11,18,-0.006656764785309188
random_strata_weight_placebo,lung,seed44,source_disjoint,11,19,-0.006602754523359344
random_strata_weight_placebo,lung,seed44,source_disjoint,11,20,-0.006652263930146618
random_strata_weight_placebo,lung,seed44,source_disjoint,11,21,-0.005311009091727437
random_strata_weight_placebo,lung,seed44,source_disjoint,11,22,-0.006584751102709507
random_strata_weight_placebo,lung,seed44,source_disjoint,11,23,-0.005432532181114391
random_strata_weight_placebo,lung,seed44,source_disjoint,11,24,-0.0068277972814834165
random_strata_weight_placebo,lung,seed44,source_disjoint,11,25,-0.0065127374201098265
random_strata_weight_placebo,lung,seed44,source_disjoint,11,26,-0.006728778467908869
random_strata_weight_placebo,lung,seed44,source_disjoint,11,27,-0.0054190296156270135
random_strata_weight_placebo,lung,seed44,source_disjoint,11,28,-0.006629759654334322
random_strata_weight_placebo,lung,seed44,source_disjoint,11,29,-0.005450535601764339
random_strata_weight_placebo,lung,seed44,source_disjoint,11,30,-0.005356017643352251
random_strata_weight_placebo,lung,seed44,source_disjoint,11,31,-0.005171482581690534
random_strata_weight_placebo,lung,seed44,target_disjoint,7,0,0.023622352000137514
random_strata_weight_placebo,lung,seed44,target_disjoint,7,1,0.025428539482398094
random_strata_weight_placebo,lung,seed44,target_disjoint,7,2,0.023613751107364966
random_strata_weight_placebo,lung,seed44,target_disjoint,7,3,0.023527742179638156
random_strata_weight_placebo,lung,seed44,target_disjoint,7,4,0.02530812698358087
random_strata_weight_placebo,lung,seed44,target_disjoint,7,5,0.02365675557122837
random_strata_weight_placebo,lung,seed44,target_disjoint,7,6,0.023553544857956243
random_strata_weight_placebo,lung,seed44,target_disjoint,7,7,0.02374276449895496
random_strata_weight_placebo,lung,seed44,target_disjoint,7,8,0.02544574126794341
random_strata_weight_placebo,lung,seed44,target_disjoint,7,9,0.025437140375170753
random_strata_weight_placebo,lung,seed44,target_disjoint,7,10,0.023553544857956243
random_strata_weight_placebo,lung,seed44,target_disjoint,7,11,0.023682558249546126
random_strata_weight_placebo,lung,seed44,target_disjoint,7,12,0.025351131447444275
random_strata_weight_placebo,lung,seed44,target_disjoint,7,13,0.023794369855590913
random_strata_weight_placebo,lung,seed44,target_disjoint,7,14,0.023532042626024596
random_strata_weight_placebo,lung,seed44,target_disjoint,7,15,0.023544943965183585
random_strata_weight_placebo,lung,seed44,target_disjoint,7,16,0.02539413591130746
random_strata_weight_placebo,lung,seed44,target_disjoint,7,17,0.023553544857956132
random_strata_weight_placebo,lung,seed44,target_disjoint,7,18,0.02358364798266055
random_strata_weight_placebo,lung,seed44,target_disjoint,7,19,0.023553544857956243
random_strata_weight_placebo,lung,seed44,target_disjoint,7,20,0.02357934753627433
random_strata_weight_placebo,lung,seed44,target_disjoint,7,21,0.023673957356773467
random_strata_weight_placebo,lung,seed44,target_disjoint,7,22,0.025338230108285065
random_strata_weight_placebo,lung,seed44,target_disjoint,7,23,0.02367395735677369
random_strata_weight_placebo,lung,seed44,target_disjoint,7,24,0.023622352000137514
random_strata_weight_placebo,lung,seed44,target_disjoint,7,25,0.02357934753627422
random_strata_weight_placebo,lung,seed44,target_disjoint,7,26,0.025256521626944806
random_strata_weight_placebo,lung,seed44,target_disjoint,7,27,0.02358794842904688
random_strata_weight_placebo,lung,seed44,target_disjoint,7,28,0.023785768962818366
random_strata_weight_placebo,lung,seed44,target_disjoint,7,29,0.0252135171630814
random_strata_weight_placebo,lung,seed44,target_disjoint,7,30,0.025325328769126076
random_strata_weight_placebo,lung,seed44,target_disjoint,7,31,0.023639553785682943
random_strata_weight_placebo,lung,seed44,target_disjoint,11,0,0.007624691442971843
random_strata_weight_placebo,lung,seed44,target_disjoint,11,1,0.004145630316426785
random_strata_weight_placebo,lung,seed44,target_disjoint,11,2,0.007796709298425242
random_strata_weight_placebo,lung,seed44,target_disjoint,11,3,0.009680304815639862
random_strata_weight_placebo,lung,seed44,target_disjoint,11,4,0.004214437458608167
random_strata_weight_placebo,lung,seed44,target_disjoint,11,5,0.006016324494482528
random_strata_weight_placebo,lung,seed44,target_disjoint,11,6,0.006024925387255187
random_strata_weight_placebo,lung,seed44,target_disjoint,11,7,0.0042617423688579015
random_strata_weight_placebo,lung,seed44,target_disjoint,11,8,0.0041413298700405665
random_strata_weight_placebo,lung,seed44,target_disjoint,11,9,0.003995114692905144
random_strata_weight_placebo,lung,seed44,target_disjoint,11,10,0.007960126261105982
random_strata_weight_placebo,lung,seed44,target_disjoint,11,11,0.00427464370801689
random_strata_weight_placebo,lung,seed44,target_disjoint,11,12,0.005870109317347105
random_strata_weight_placebo,lung,seed44,target_disjoint,11,13,0.007697799031539554
random_strata_weight_placebo,lung,seed44,target_disjoint,11,14,0.007770906620107265
random_strata_weight_placebo,lung,seed44,target_disjoint,11,15,0.004257441922471572
random_strata_weight_placebo,lung,seed44,target_disjoint,11,16,0.009598596334299603
random_strata_weight_placebo,lung,seed44,target_disjoint,11,17,0.0078913191189246
random_strata_weight_placebo,lung,seed44,target_disjoint,11,18,0.009611497673458591
random_strata_weight_placebo,lung,seed44,target_disjoint,11,19,0.007745103941789178
random_strata_weight_placebo,lung,seed44,target_disjoint,11,20,0.007766606173720825
random_strata_weight_placebo,lung,seed44,target_disjoint,11,21,0.007796709298425242
random_strata_weight_placebo,lung,seed44,target_disjoint,11,22,0.008033233849673582
random_strata_weight_placebo,lung,seed44,target_disjoint,11,23,0.004218737904994496
random_strata_weight_placebo,lung,seed44,target_disjoint,11,24,0.004210137012221837
random_strata_weight_placebo,lung,seed44,target_disjoint,11,25,0.0040811236206318435
random_strata_weight_placebo,lung,seed44,target_disjoint,11,26,0.004012316478450462
random_strata_weight_placebo,lung,seed44,target_disjoint,11,27,0.005874409763733435
random_strata_weight_placebo,lung,seed44,target_disjoint,11,28,0.007917121797242688
random_strata_weight_placebo,lung,seed44,target_disjoint,11,29,0.005947517352301146
random_strata_weight_placebo,lung,seed44,target_disjoint,11,30,0.0040811236206318435
random_strata_weight_placebo,lung,seed44,target_disjoint,11,31,0.0058314052998701404
